# WaveFront *.obj file (generated by Autodesk ATF)

mtllib Dipstick.mtl

g Body60

v -0.158434 4.203700 -9.194800
v -0.158445 4.203700 -9.194882
v -0.158476 4.203700 -9.194958
v -0.158527 4.203700 -9.195024
v -0.158592 4.203700 -9.195074
v -0.158668 4.203700 -9.195105
v -0.158750 4.203700 -9.195116
v -0.158832 4.203700 -9.195105
v -0.158908 4.203700 -9.195074
v -0.158973 4.203700 -9.195024
v -0.159024 4.203700 -9.194958
v -0.159055 4.203700 -9.194882
v -0.159066 4.203700 -9.194800
v -0.159055 4.203700 -9.194718
v -0.159024 4.203700 -9.194642
v -0.158973 4.203700 -9.194577
v -0.158908 4.203700 -9.194527
v -0.158832 4.203700 -9.194495
v -0.158750 4.203700 -9.194484
v -0.158668 4.203700 -9.194495
v -0.158592 4.203700 -9.194527
v -0.158527 4.203700 -9.194577
v -0.158476 4.203700 -9.194642
v -0.158445 4.203700 -9.194718
v -0.155147 4.204041 -9.194800
v -0.151841 4.205084 -9.194800
v -0.148572 4.206841 -9.194800
v -0.145397 4.209300 -9.194800
v -0.139547 4.216157 -9.194800
v -0.134659 4.225114 -9.194800
v -0.135480 4.225114 -9.188565
v -0.137887 4.225114 -9.182755
v -0.141715 4.225114 -9.177765
v -0.146705 4.225114 -9.173937
v -0.152515 4.225114 -9.171530
v -0.158750 4.225114 -9.170709
v -0.164985 4.225114 -9.171530
v -0.170796 4.225114 -9.173937
v -0.175785 4.225114 -9.177765
v -0.179613 4.225114 -9.182755
v -0.182020 4.225114 -9.188565
v -0.182841 4.225114 -9.194800
v -0.182020 4.225114 -9.201035
v -0.179613 4.225114 -9.206846
v -0.175785 4.225114 -9.211835
v -0.170796 4.225114 -9.215664
v -0.164985 4.225114 -9.218070
v -0.158750 4.225114 -9.218891
v -0.152515 4.225114 -9.218070
v -0.146705 4.225114 -9.215664
v -0.141715 4.225114 -9.211835
v -0.137887 4.225114 -9.206846
v -0.135480 4.225114 -9.201035
v -0.141270 4.216157 -9.202750
v -0.155471 4.204041 -9.196292
v -0.142677 4.216157 -9.205308
v -0.155735 4.204041 -9.196772
v -0.146646 4.216157 -9.209708
v -0.156479 4.204041 -9.197597
v -0.171360 4.216157 -9.180318
v -0.161116 4.204041 -9.192083
v -0.159895 4.216157 -9.175631
v -0.158965 4.204041 -9.191204
v -0.157025 4.216157 -9.175675
v -0.158426 4.204041 -9.191212
v -0.148242 4.216157 -9.178727
v -0.156779 4.204041 -9.191785
v -0.140470 4.216157 -9.188919
v -0.155320 4.204041 -9.193697
v -0.155286 4.204041 -9.195791
v -0.152108 4.205084 -9.196701
v -0.148965 4.206841 -9.197601
v -0.145912 4.209300 -9.198474
v -0.143004 4.212426 -9.199307
v -0.140288 4.216157 -9.200084
v -0.152967 4.205084 -9.198581
v -0.150231 4.206841 -9.200370
v -0.147573 4.209300 -9.202107
v -0.145041 4.212426 -9.203763
v -0.143841 4.212426 -9.201581
v -0.146595 4.209300 -9.200328
v -0.149485 4.206841 -9.199014
v -0.152461 4.205084 -9.197660
v -0.154395 4.205084 -9.200164
v -0.152335 4.206841 -9.202702
v -0.150334 4.209300 -9.205167
v -0.148427 4.212426 -9.207516
v -0.144487 4.216157 -9.207658
v -0.146585 4.212426 -9.205767
v -0.148832 4.209300 -9.203741
v -0.151190 4.206841 -9.201615
v -0.153619 4.205084 -9.199426
v -0.156074 4.204041 -9.197212
v -0.157424 4.204041 -9.198150
v -0.156207 4.205084 -9.201224
v -0.155004 4.206841 -9.204264
v -0.153835 4.209300 -9.207216
v -0.152721 4.212426 -9.210029
v -0.151682 4.216157 -9.212655
v -0.149076 4.216157 -9.211389
v -0.150499 4.212426 -9.208948
v -0.152023 4.209300 -9.206335
v -0.153623 4.206841 -9.203593
v -0.155270 4.205084 -9.200768
v -0.156935 4.204041 -9.197912
v -0.158095 4.204041 -9.198343
v -0.157493 4.205084 -9.201594
v -0.156898 4.206841 -9.204808
v -0.156320 4.209300 -9.207930
v -0.155770 4.212426 -9.210905
v -0.155256 4.216157 -9.213683
v -0.159406 4.204041 -9.198343
v -0.160007 4.205084 -9.201594
v -0.160602 4.206841 -9.204808
v -0.161180 4.209300 -9.207930
v -0.161730 4.212426 -9.210905
v -0.162244 4.216157 -9.213683
v -0.158750 4.216157 -9.214003
v -0.158750 4.212426 -9.211178
v -0.158750 4.209300 -9.208153
v -0.158750 4.206841 -9.204978
v -0.158750 4.205084 -9.201709
v -0.158750 4.204041 -9.198403
v -0.160076 4.204041 -9.198150
v -0.161293 4.205084 -9.201224
v -0.162497 4.206841 -9.204264
v -0.163665 4.209300 -9.207216
v -0.164779 4.212426 -9.210029
v -0.165819 4.216157 -9.212655
v -0.160722 4.204041 -9.197816
v -0.162531 4.205084 -9.200583
v -0.164320 4.206841 -9.203319
v -0.166057 4.209300 -9.205977
v -0.167712 4.212426 -9.208509
v -0.169258 4.216157 -9.210873
v -0.161766 4.204041 -9.196772
v -0.164533 4.205084 -9.198581
v -0.167269 4.206841 -9.200370
v -0.169927 4.209300 -9.202107
v -0.172459 4.212426 -9.203763
v -0.174823 4.216157 -9.205308
v -0.172329 4.216157 -9.208379
v -0.170331 4.212426 -9.206381
v -0.168192 4.209300 -9.204242
v -0.165947 4.206841 -9.201997
v -0.163635 4.205084 -9.199685
v -0.161298 4.204041 -9.197348
v -0.162100 4.204041 -9.196126
v -0.165174 4.205084 -9.197343
v -0.168214 4.206841 -9.198547
v -0.171166 4.209300 -9.199715
v -0.173978 4.212426 -9.200829
v -0.176605 4.216157 -9.201869
v -0.162293 4.204041 -9.195456
v -0.165544 4.205084 -9.196057
v -0.168758 4.206841 -9.196652
v -0.171880 4.209300 -9.197230
v -0.174855 4.212426 -9.197780
v -0.177633 4.216157 -9.198294
v -0.162244 4.204041 -9.193921
v -0.165450 4.205084 -9.193114
v -0.168621 4.206841 -9.192316
v -0.171700 4.209300 -9.191541
v -0.174633 4.212426 -9.190803
v -0.177372 4.216157 -9.190114
v -0.177953 4.216157 -9.194800
v -0.175128 4.212426 -9.194800
v -0.172103 4.209300 -9.194800
v -0.168928 4.206841 -9.194800
v -0.165659 4.205084 -9.194800
v -0.162353 4.204041 -9.194800
v -0.161893 4.204041 -9.193038
v -0.164776 4.205084 -9.191421
v -0.167628 4.206841 -9.189823
v -0.170398 4.209300 -9.188270
v -0.173036 4.212426 -9.186790
v -0.175500 4.216157 -9.185409
v -0.161547 4.204041 -9.192529
v -0.164114 4.205084 -9.190445
v -0.166652 4.206841 -9.188385
v -0.169117 4.209300 -9.186384
v -0.171465 4.212426 -9.184477
v -0.173658 4.216157 -9.182696
v -0.163287 4.205084 -9.189590
v -0.165434 4.206841 -9.187124
v -0.167519 4.209300 -9.184729
v -0.169505 4.212426 -9.182448
v -0.160076 4.204041 -9.191450
v -0.161293 4.205084 -9.188376
v -0.162497 4.206841 -9.185336
v -0.163665 4.209300 -9.182384
v -0.164779 4.212426 -9.179572
v -0.165819 4.216157 -9.176945
v -0.168704 4.216157 -9.178378
v -0.167240 4.212426 -9.180794
v -0.165672 4.209300 -9.183381
v -0.164026 4.206841 -9.186096
v -0.162331 4.205084 -9.188892
v -0.160618 4.204041 -9.191719
v -0.159517 4.204041 -9.191280
v -0.160221 4.205084 -9.188050
v -0.160918 4.206841 -9.184855
v -0.161594 4.209300 -9.181753
v -0.162238 4.212426 -9.178798
v -0.162840 4.216157 -9.176038
v -0.158129 4.205084 -9.187919
v -0.157836 4.206841 -9.184663
v -0.157550 4.209300 -9.181501
v -0.157278 4.212426 -9.178488
v -0.159726 4.212426 -9.178451
v -0.159546 4.209300 -9.181471
v -0.159357 4.206841 -9.184640
v -0.159162 4.205084 -9.187903
v -0.157313 4.204041 -9.191496
v -0.155995 4.205084 -9.188464
v -0.154691 4.206841 -9.185466
v -0.153425 4.209300 -9.182554
v -0.152219 4.212426 -9.179780
v -0.151093 4.216157 -9.177190
v -0.154064 4.216157 -9.176178
v -0.154753 4.212426 -9.178917
v -0.155491 4.209300 -9.181851
v -0.156266 4.206841 -9.184930
v -0.157064 4.205084 -9.188100
v -0.157871 4.204041 -9.191306
v -0.154969 4.205084 -9.189017
v -0.153180 4.206841 -9.186281
v -0.151443 4.209300 -9.183623
v -0.149788 4.212426 -9.181092
v -0.155877 4.204041 -9.192627
v -0.153240 4.205084 -9.190632
v -0.150632 4.206841 -9.188660
v -0.148100 4.209300 -9.186745
v -0.145687 4.212426 -9.184920
v -0.143434 4.216157 -9.183216
v -0.145648 4.216157 -9.180761
v -0.147575 4.212426 -9.182826
v -0.149639 4.209300 -9.185038
v -0.151806 4.206841 -9.187359
v -0.154036 4.205084 -9.189749
v -0.156292 4.204041 -9.192166
v -0.155550 4.204041 -9.193145
v -0.152613 4.205084 -9.191627
v -0.149709 4.206841 -9.190125
v -0.146889 4.209300 -9.188667
v -0.144201 4.212426 -9.187278
v -0.141692 4.216157 -9.185980
v -0.155189 4.204041 -9.194256
v -0.151920 4.205084 -9.193756
v -0.148689 4.206841 -9.193262
v -0.145550 4.209300 -9.192783
v -0.142560 4.212426 -9.192326
v -0.139767 4.216157 -9.191899
v -0.143159 4.212426 -9.189784
v -0.146038 4.209300 -9.190711
v -0.149061 4.206841 -9.191683
v -0.152173 4.205084 -9.192684
v -0.158434 4.711700 -9.194800
v -0.158445 4.711700 -9.194718
v -0.158476 4.711700 -9.194642
v -0.158527 4.711700 -9.194577
v -0.158592 4.711700 -9.194527
v -0.158668 4.711700 -9.194495
v -0.158750 4.711700 -9.194484
v -0.158832 4.711700 -9.194495
v -0.158908 4.711700 -9.194527
v -0.158973 4.711700 -9.194577
v -0.159024 4.711700 -9.194642
v -0.159055 4.711700 -9.194718
v -0.159066 4.711700 -9.194800
v -0.159055 4.711700 -9.194882
v -0.159024 4.711700 -9.194958
v -0.158973 4.711700 -9.195024
v -0.158908 4.711700 -9.195074
v -0.158832 4.711700 -9.195105
v -0.158750 4.711700 -9.195116
v -0.158668 4.711700 -9.195105
v -0.158592 4.711700 -9.195074
v -0.158527 4.711700 -9.195024
v -0.158476 4.711700 -9.194958
v -0.158445 4.711700 -9.194882
v -0.155147 4.711359 -9.194800
v -0.151841 4.710316 -9.194800
v -0.148572 4.708559 -9.194800
v -0.145397 4.706100 -9.194800
v -0.139547 4.699243 -9.194800
v -0.134659 4.690286 -9.194800
v -0.135480 4.690286 -9.201035
v -0.137887 4.690286 -9.206846
v -0.141715 4.690286 -9.211835
v -0.146705 4.690286 -9.215664
v -0.152515 4.690286 -9.218070
v -0.158750 4.690286 -9.218891
v -0.164985 4.690286 -9.218070
v -0.170796 4.690286 -9.215664
v -0.175785 4.690286 -9.211835
v -0.179613 4.690286 -9.206846
v -0.182020 4.690286 -9.201035
v -0.182841 4.690286 -9.194800
v -0.182020 4.690286 -9.188565
v -0.179613 4.690286 -9.182755
v -0.175785 4.690286 -9.177765
v -0.170796 4.690286 -9.173937
v -0.164985 4.690286 -9.171530
v -0.158750 4.690286 -9.170709
v -0.152515 4.690286 -9.171530
v -0.146705 4.690286 -9.173937
v -0.141715 4.690286 -9.177765
v -0.137887 4.690286 -9.182755
v -0.135480 4.690286 -9.188565
v -0.141270 4.699243 -9.186850
v -0.155471 4.711359 -9.193309
v -0.142677 4.699243 -9.184292
v -0.155735 4.711359 -9.192829
v -0.146646 4.699243 -9.179892
v -0.156479 4.711359 -9.192003
v -0.157025 4.699243 -9.175675
v -0.158426 4.711359 -9.191212
v -0.164929 4.699243 -9.176618
v -0.159909 4.711359 -9.191389
v -0.148242 4.699243 -9.210873
v -0.156779 4.711359 -9.197816
v -0.140470 4.699243 -9.200681
v -0.155320 4.711359 -9.195903
v -0.155286 4.711359 -9.193809
v -0.152108 4.710316 -9.192899
v -0.148965 4.708559 -9.191999
v -0.145912 4.706100 -9.191126
v -0.143004 4.702974 -9.190293
v -0.140288 4.699243 -9.189516
v -0.152967 4.710316 -9.191019
v -0.150231 4.708559 -9.189230
v -0.147573 4.706100 -9.187493
v -0.145041 4.702974 -9.185838
v -0.143841 4.702974 -9.188019
v -0.146595 4.706100 -9.189272
v -0.149485 4.708559 -9.190586
v -0.152461 4.710316 -9.191940
v -0.154395 4.710316 -9.189436
v -0.152335 4.708559 -9.186898
v -0.150334 4.706100 -9.184433
v -0.148427 4.702974 -9.182085
v -0.144487 4.699243 -9.181942
v -0.146585 4.702974 -9.183834
v -0.148832 4.706100 -9.185859
v -0.151190 4.708559 -9.187985
v -0.153619 4.710316 -9.190174
v -0.156074 4.711359 -9.192388
v -0.157424 4.711359 -9.191450
v -0.156207 4.710316 -9.188376
v -0.155004 4.708559 -9.185336
v -0.153835 4.706100 -9.182384
v -0.152721 4.702974 -9.179572
v -0.151682 4.699243 -9.176945
v -0.149076 4.699243 -9.178212
v -0.150499 4.702974 -9.180652
v -0.152023 4.706100 -9.183265
v -0.153623 4.708559 -9.186008
v -0.155270 4.710316 -9.188832
v -0.156935 4.711359 -9.191688
v -0.157927 4.711359 -9.191293
v -0.157171 4.710316 -9.188074
v -0.156424 4.708559 -9.184891
v -0.155699 4.706100 -9.181800
v -0.155008 4.702974 -9.178855
v -0.154362 4.699243 -9.176105
v -0.159406 4.711359 -9.191258
v -0.160007 4.710316 -9.188007
v -0.160602 4.708559 -9.184792
v -0.161180 4.706100 -9.181670
v -0.161730 4.702974 -9.178695
v -0.162244 4.699243 -9.175918
v -0.157278 4.702974 -9.178488
v -0.157550 4.706100 -9.181501
v -0.157836 4.708559 -9.184663
v -0.158129 4.710316 -9.187919
v -0.160973 4.710316 -9.188259
v -0.162025 4.708559 -9.185163
v -0.163046 4.706100 -9.182157
v -0.164020 4.702974 -9.179293
v -0.160874 4.711359 -9.191890
v -0.162823 4.710316 -9.189219
v -0.164750 4.708559 -9.186578
v -0.166621 4.706100 -9.184013
v -0.168404 4.702974 -9.181570
v -0.170069 4.699243 -9.179288
v -0.167570 4.699243 -9.177742
v -0.166273 4.702974 -9.180251
v -0.164883 4.706100 -9.182939
v -0.163425 4.708559 -9.185759
v -0.161923 4.710316 -9.188663
v -0.160405 4.711359 -9.191600
v -0.161766 4.711359 -9.192829
v -0.164533 4.710316 -9.191019
v -0.167269 4.708559 -9.189230
v -0.169927 4.706100 -9.187493
v -0.172459 4.702974 -9.185838
v -0.174823 4.699243 -9.184292
v -0.172329 4.699243 -9.181222
v -0.170331 4.702974 -9.183219
v -0.168192 4.706100 -9.185358
v -0.165947 4.708559 -9.187603
v -0.163635 4.710316 -9.189915
v -0.161298 4.711359 -9.192253
v -0.162100 4.711359 -9.193474
v -0.165174 4.710316 -9.192257
v -0.168214 4.708559 -9.191054
v -0.171166 4.706100 -9.189885
v -0.173978 4.702974 -9.188771
v -0.176605 4.699243 -9.187732
v -0.162293 4.711359 -9.194145
v -0.165544 4.710316 -9.193543
v -0.168758 4.708559 -9.192948
v -0.171880 4.706100 -9.192370
v -0.174855 4.702974 -9.191820
v -0.177633 4.699243 -9.191306
v -0.162244 4.711359 -9.195679
v -0.165450 4.710316 -9.196486
v -0.168621 4.708559 -9.197284
v -0.171700 4.706100 -9.198059
v -0.174633 4.702974 -9.198797
v -0.177372 4.699243 -9.199487
v -0.177953 4.699243 -9.194800
v -0.175128 4.702974 -9.194800
v -0.172103 4.706100 -9.194800
v -0.168928 4.708559 -9.194800
v -0.165659 4.710316 -9.194800
v -0.162353 4.711359 -9.194800
v -0.161893 4.711359 -9.196562
v -0.164776 4.710316 -9.198179
v -0.167628 4.708559 -9.199778
v -0.170398 4.706100 -9.201330
v -0.173036 4.702974 -9.202810
v -0.175500 4.699243 -9.204191
v -0.161298 4.711359 -9.197348
v -0.163635 4.710316 -9.199685
v -0.165947 4.708559 -9.201997
v -0.168192 4.706100 -9.204242
v -0.170331 4.702974 -9.206381
v -0.172329 4.699243 -9.208379
v -0.160512 4.711359 -9.197943
v -0.162129 4.710316 -9.200826
v -0.163728 4.708559 -9.203678
v -0.165280 4.706100 -9.206448
v -0.166760 4.702974 -9.209086
v -0.168141 4.699243 -9.211550
v -0.159629 4.711359 -9.198294
v -0.160436 4.710316 -9.201500
v -0.161234 4.708559 -9.204671
v -0.162009 4.706100 -9.207750
v -0.162747 4.702974 -9.210683
v -0.163437 4.699243 -9.213423
v -0.157871 4.711359 -9.198294
v -0.157064 4.710316 -9.201500
v -0.156266 4.708559 -9.204671
v -0.155491 4.706100 -9.207750
v -0.154753 4.702974 -9.210683
v -0.154064 4.699243 -9.213423
v -0.158750 4.699243 -9.214003
v -0.158750 4.702974 -9.211178
v -0.158750 4.706100 -9.208153
v -0.158750 4.708559 -9.204978
v -0.158750 4.710316 -9.201709
v -0.158750 4.711359 -9.198403
v -0.157313 4.711359 -9.198104
v -0.155995 4.710316 -9.201136
v -0.154691 4.708559 -9.204134
v -0.153425 4.706100 -9.207046
v -0.152219 4.702974 -9.209820
v -0.151093 4.699243 -9.212410
v -0.154969 4.710316 -9.200583
v -0.153180 4.708559 -9.203319
v -0.151443 4.706100 -9.205977
v -0.149788 4.702974 -9.208509
v -0.155877 4.711359 -9.196973
v -0.153240 4.710316 -9.198968
v -0.150632 4.708559 -9.200940
v -0.148100 4.706100 -9.202855
v -0.145687 4.702974 -9.204680
v -0.143434 4.699243 -9.206384
v -0.145648 4.699243 -9.208839
v -0.147575 4.702974 -9.206774
v -0.149639 4.706100 -9.204563
v -0.151806 4.708559 -9.202241
v -0.154036 4.710316 -9.199851
v -0.156292 4.711359 -9.197434
v -0.155550 4.711359 -9.196455
v -0.152613 4.710316 -9.197973
v -0.149709 4.708559 -9.199475
v -0.146889 4.706100 -9.200933
v -0.144201 4.702974 -9.202323
v -0.141692 4.699243 -9.203620
v -0.155189 4.711359 -9.195344
v -0.151920 4.710316 -9.195844
v -0.148689 4.708559 -9.196338
v -0.145550 4.706100 -9.196818
v -0.142560 4.702974 -9.197275
v -0.139767 4.699243 -9.197701
v -0.143159 4.702974 -9.199816
v -0.146038 4.706100 -9.198889
v -0.149061 4.708559 -9.197917
v -0.152173 4.710316 -9.196916
v -0.190500 4.311987 -9.194800
v -0.189418 4.311987 -9.203018
v -0.186246 4.311987 -9.210675
v -0.181201 4.311987 -9.217251
v -0.174625 4.311987 -9.222296
v -0.166968 4.311987 -9.225468
v -0.158750 4.311987 -9.226550
v -0.158750 4.267545 -9.224591
v -0.158750 4.245961 -9.222184
v -0.150533 4.311987 -9.225468
v -0.142875 4.311987 -9.222296
v -0.136299 4.311987 -9.217251
v -0.131254 4.311987 -9.210675
v -0.128082 4.311987 -9.203018
v -0.127000 4.311987 -9.194800
v -0.128082 4.311987 -9.186583
v -0.131254 4.311987 -9.178925
v -0.136299 4.311987 -9.172349
v -0.142875 4.311987 -9.167304
v -0.150533 4.311987 -9.164132
v -0.158750 4.311987 -9.163050
v -0.166968 4.311987 -9.164132
v -0.174625 4.311987 -9.167304
v -0.181201 4.311987 -9.172349
v -0.186246 4.311987 -9.178925
v -0.189418 4.311987 -9.186583
v -0.172543 4.289637 -9.222850
v -0.170834 4.245961 -9.219374
v -0.186800 4.289637 -9.208593
v -0.183324 4.245961 -9.206884
v -0.186800 4.289637 -9.181007
v -0.183324 4.245961 -9.182716
v -0.172543 4.289637 -9.166751
v -0.170834 4.245961 -9.170226
v -0.144957 4.289637 -9.166751
v -0.146666 4.245961 -9.170226
v -0.130700 4.289637 -9.181007
v -0.134176 4.245961 -9.182716
v -0.130700 4.289637 -9.208593
v -0.134176 4.245961 -9.206884
v -0.144957 4.289637 -9.222850
v -0.146666 4.245961 -9.219374
v -0.189677 4.289637 -9.199330
v -0.188227 4.267545 -9.199117
v -0.185845 4.245961 -9.198769
v -0.186134 4.245961 -9.194800
v -0.188541 4.267545 -9.194800
v -0.190007 4.289637 -9.194800
v -0.188628 4.289637 -9.203984
v -0.187226 4.267545 -9.203553
v -0.184926 4.245961 -9.202846
v -0.184188 4.289637 -9.212964
v -0.182995 4.267545 -9.212112
v -0.181036 4.245961 -9.210713
v -0.185484 4.267545 -9.207946
v -0.176914 4.289637 -9.220238
v -0.176062 4.267545 -9.219045
v -0.174663 4.245961 -9.217086
v -0.178114 4.245961 -9.214164
v -0.179815 4.267545 -9.215865
v -0.180852 4.289637 -9.216902
v -0.171896 4.267545 -9.221534
v -0.163280 4.289637 -9.225728
v -0.163067 4.267545 -9.224277
v -0.162719 4.245961 -9.221895
v -0.166796 4.245961 -9.220976
v -0.167503 4.267545 -9.223276
v -0.167934 4.289637 -9.224678
v -0.185845 4.245961 -9.190832
v -0.188227 4.267545 -9.190483
v -0.189677 4.289637 -9.190270
v -0.184926 4.245961 -9.186754
v -0.187226 4.267545 -9.186047
v -0.188628 4.289637 -9.185616
v -0.181036 4.245961 -9.178887
v -0.182995 4.267545 -9.177488
v -0.184188 4.289637 -9.176636
v -0.185484 4.267545 -9.181654
v -0.174663 4.245961 -9.172514
v -0.176062 4.267545 -9.170555
v -0.176914 4.289637 -9.169362
v -0.180852 4.289637 -9.172698
v -0.179815 4.267545 -9.173735
v -0.178114 4.245961 -9.175437
v -0.171896 4.267545 -9.168066
v -0.162719 4.245961 -9.167705
v -0.163067 4.267545 -9.165324
v -0.163280 4.289637 -9.163873
v -0.167934 4.289637 -9.164922
v -0.167503 4.267545 -9.166324
v -0.166796 4.245961 -9.168625
v -0.154782 4.245961 -9.167705
v -0.154433 4.267545 -9.165324
v -0.154220 4.289637 -9.163873
v -0.158750 4.289637 -9.163543
v -0.158750 4.267545 -9.165009
v -0.158750 4.245961 -9.167416
v -0.150704 4.245961 -9.168625
v -0.149997 4.267545 -9.166324
v -0.149566 4.289637 -9.164922
v -0.142837 4.245961 -9.172514
v -0.141438 4.267545 -9.170555
v -0.140586 4.289637 -9.169362
v -0.145604 4.267545 -9.168066
v -0.136464 4.245961 -9.178887
v -0.134505 4.267545 -9.177488
v -0.133312 4.289637 -9.176636
v -0.136648 4.289637 -9.172698
v -0.137685 4.267545 -9.173735
v -0.139387 4.245961 -9.175437
v -0.132016 4.267545 -9.181654
v -0.131655 4.245961 -9.190832
v -0.129274 4.267545 -9.190483
v -0.127823 4.289637 -9.190270
v -0.128872 4.289637 -9.185616
v -0.130274 4.267545 -9.186047
v -0.132575 4.245961 -9.186754
v -0.131655 4.245961 -9.198769
v -0.129274 4.267545 -9.199117
v -0.127823 4.289637 -9.199330
v -0.127493 4.289637 -9.194800
v -0.128959 4.267545 -9.194800
v -0.131366 4.245961 -9.194800
v -0.132575 4.245961 -9.202846
v -0.130274 4.267545 -9.203553
v -0.128872 4.289637 -9.203984
v -0.136464 4.245961 -9.210713
v -0.134505 4.267545 -9.212112
v -0.133312 4.289637 -9.212964
v -0.132016 4.267545 -9.207946
v -0.142837 4.245961 -9.217086
v -0.141438 4.267545 -9.219045
v -0.140586 4.289637 -9.220238
v -0.136648 4.289637 -9.216902
v -0.137685 4.267545 -9.215865
v -0.139387 4.245961 -9.214164
v -0.145604 4.267545 -9.221534
v -0.154782 4.245961 -9.221895
v -0.154433 4.267545 -9.224277
v -0.154220 4.289637 -9.225728
v -0.149566 4.289637 -9.224678
v -0.149997 4.267545 -9.223276
v -0.150704 4.245961 -9.220976
v -0.158750 4.603413 -9.163050
v -0.166968 4.603413 -9.164132
v -0.174625 4.603413 -9.167304
v -0.181201 4.603413 -9.172349
v -0.186246 4.603413 -9.178925
v -0.189418 4.603413 -9.186583
v -0.190500 4.603413 -9.194800
v -0.189418 4.603413 -9.203018
v -0.186246 4.603413 -9.210675
v -0.181201 4.603413 -9.217251
v -0.174625 4.603413 -9.222296
v -0.166968 4.603413 -9.225468
v -0.158750 4.603413 -9.226550
v -0.150533 4.603413 -9.225468
v -0.142875 4.603413 -9.222296
v -0.136299 4.603413 -9.217251
v -0.131254 4.603413 -9.210675
v -0.128082 4.603413 -9.203018
v -0.127000 4.603413 -9.194800
v -0.128082 4.603413 -9.186583
v -0.131254 4.603413 -9.178925
v -0.136299 4.603413 -9.172349
v -0.142875 4.603413 -9.167304
v -0.150533 4.603413 -9.164132
v -0.190500 4.457700 -9.194800
v -0.166968 4.457700 -9.164132
v -0.158750 4.457700 -9.163050
v -0.174625 4.457700 -9.167304
v -0.181201 4.457700 -9.172349
v -0.186246 4.457700 -9.178925
v -0.189418 4.457700 -9.186583
v -0.189418 4.457700 -9.203018
v -0.186246 4.457700 -9.210675
v -0.181201 4.457700 -9.217251
v -0.174625 4.457700 -9.222296
v -0.166968 4.457700 -9.225468
v -0.158750 4.457700 -9.226550
v -0.150533 4.457700 -9.225468
v -0.142875 4.457700 -9.222296
v -0.136299 4.457700 -9.217251
v -0.131254 4.457700 -9.210675
v -0.128082 4.457700 -9.203018
v -0.127000 4.457700 -9.194800
v -0.128082 4.457700 -9.186583
v -0.131254 4.457700 -9.178925
v -0.136299 4.457700 -9.172349
v -0.142875 4.457700 -9.167304
v -0.150533 4.457700 -9.164132
v -0.158750 4.647855 -9.165009
v -0.158750 4.669439 -9.167416
v -0.172543 4.625763 -9.166751
v -0.170834 4.669439 -9.170226
v -0.186800 4.625763 -9.181007
v -0.183324 4.669439 -9.182716
v -0.186800 4.625763 -9.208593
v -0.183324 4.669439 -9.206884
v -0.172543 4.625763 -9.222850
v -0.170834 4.669439 -9.219374
v -0.144957 4.625763 -9.222850
v -0.146666 4.669439 -9.219374
v -0.130700 4.625763 -9.208593
v -0.134176 4.669439 -9.206884
v -0.130700 4.625763 -9.181007
v -0.134176 4.669439 -9.182716
v -0.144957 4.625763 -9.166751
v -0.146666 4.669439 -9.170226
v -0.189677 4.625763 -9.190270
v -0.188227 4.647855 -9.190483
v -0.185845 4.669439 -9.190832
v -0.186134 4.669439 -9.194800
v -0.188541 4.647855 -9.194800
v -0.190007 4.625763 -9.194800
v -0.188628 4.625763 -9.185616
v -0.187226 4.647855 -9.186047
v -0.184926 4.669439 -9.186754
v -0.184188 4.625763 -9.176636
v -0.182995 4.647855 -9.177488
v -0.181036 4.669439 -9.178887
v -0.185484 4.647855 -9.181654
v -0.176914 4.625763 -9.169362
v -0.176062 4.647855 -9.170555
v -0.174663 4.669439 -9.172514
v -0.178114 4.669439 -9.175437
v -0.179815 4.647855 -9.173735
v -0.180852 4.625763 -9.172698
v -0.171896 4.647855 -9.168066
v -0.163280 4.625763 -9.163873
v -0.163067 4.647855 -9.165324
v -0.162719 4.669439 -9.167705
v -0.166796 4.669439 -9.168625
v -0.167503 4.647855 -9.166324
v -0.167934 4.625763 -9.164922
v -0.185845 4.669439 -9.198769
v -0.188227 4.647855 -9.199117
v -0.189677 4.625763 -9.199330
v -0.184926 4.669439 -9.202846
v -0.187226 4.647855 -9.203553
v -0.188628 4.625763 -9.203984
v -0.181036 4.669439 -9.210713
v -0.182995 4.647855 -9.212112
v -0.184188 4.625763 -9.212964
v -0.185484 4.647855 -9.207946
v -0.174663 4.669439 -9.217086
v -0.176062 4.647855 -9.219045
v -0.176914 4.625763 -9.220238
v -0.180852 4.625763 -9.216902
v -0.179815 4.647855 -9.215865
v -0.178114 4.669439 -9.214164
v -0.171896 4.647855 -9.221534
v -0.162719 4.669439 -9.221895
v -0.163067 4.647855 -9.224277
v -0.163280 4.625763 -9.225728
v -0.167934 4.625763 -9.224678
v -0.167503 4.647855 -9.223276
v -0.166796 4.669439 -9.220976
v -0.154782 4.669439 -9.221895
v -0.154433 4.647855 -9.224277
v -0.154220 4.625763 -9.225728
v -0.158750 4.625763 -9.226058
v -0.158750 4.647855 -9.224591
v -0.158750 4.669439 -9.222184
v -0.150704 4.669439 -9.220976
v -0.149997 4.647855 -9.223276
v -0.149566 4.625763 -9.224678
v -0.142837 4.669439 -9.217086
v -0.141438 4.647855 -9.219045
v -0.140586 4.625763 -9.220238
v -0.145604 4.647855 -9.221534
v -0.136464 4.669439 -9.210713
v -0.134505 4.647855 -9.212112
v -0.133312 4.625763 -9.212964
v -0.136648 4.625763 -9.216902
v -0.137685 4.647855 -9.215865
v -0.139387 4.669439 -9.214164
v -0.132016 4.647855 -9.207946
v -0.131655 4.669439 -9.198769
v -0.129274 4.647855 -9.199117
v -0.127823 4.625763 -9.199330
v -0.128872 4.625763 -9.203984
v -0.130274 4.647855 -9.203553
v -0.132575 4.669439 -9.202846
v -0.131655 4.669439 -9.190832
v -0.129274 4.647855 -9.190483
v -0.127823 4.625763 -9.190270
v -0.127493 4.625763 -9.194800
v -0.128959 4.647855 -9.194800
v -0.131366 4.669439 -9.194800
v -0.132575 4.669439 -9.186754
v -0.130274 4.647855 -9.186047
v -0.128872 4.625763 -9.185616
v -0.136464 4.669439 -9.178887
v -0.134505 4.647855 -9.177488
v -0.133312 4.625763 -9.176636
v -0.132016 4.647855 -9.181654
v -0.142837 4.669439 -9.172514
v -0.141438 4.647855 -9.170555
v -0.140586 4.625763 -9.169362
v -0.136648 4.625763 -9.172698
v -0.137685 4.647855 -9.173735
v -0.139387 4.669439 -9.175437
v -0.145604 4.647855 -9.168066
v -0.154782 4.669439 -9.167705
v -0.154433 4.647855 -9.165324
v -0.154220 4.625763 -9.163873
v -0.149566 4.625763 -9.164922
v -0.149997 4.647855 -9.166324
v -0.150704 4.669439 -9.168625
vt 0.062128 0.000000 0.000000
vt 0.062128 0.003334 0.000000
vt 0.057944 0.000000 0.000000
vt 0.057944 0.003541 0.000000
vt 0.053760 0.003541 0.000000
vt 0.053760 0.005311 0.000000
vt 0.049576 0.005311 0.000000
vt 0.049576 0.007082 0.000000
vt 0.045392 0.007082 0.000000
vt 0.045392 0.008852 0.000000
vt 0.041208 0.008852 0.000000
vt 0.041208 0.010623 0.000000
vt 0.037024 0.010623 0.000000
vt 0.037024 0.012393 0.000000
vt 0.028656 0.012444 0.000000
vt 0.037024 0.014164 0.000000
vt 0.028656 0.015551 0.000000
vt 0.037024 0.016524 0.000000
vt 0.028656 0.018885 0.000000
vt 0.037024 0.018885 0.000000
vt 0.037024 0.021245 0.000000
vt 0.041208 0.018885 0.000000
vt 0.041208 0.021245 0.000000
vt 0.045392 0.018885 0.000000
vt 0.045392 0.021245 0.000000
vt 0.049576 0.018885 0.000000
vt 0.049576 0.021245 0.000000
vt 0.053760 0.018885 0.000000
vt 0.053760 0.021245 0.000000
vt 0.057944 0.018885 0.000000
vt 0.057944 0.021245 0.000000
vt 0.062128 0.018885 0.000000
vt 0.062128 0.022219 0.000000
vt 0.057944 0.005311 0.000000
vt 0.062128 0.006441 0.000000
vt 0.057944 0.007082 0.000000
vt 0.062128 0.009442 0.000000
vt 0.057944 0.008852 0.000000
vt 0.057944 0.010623 0.000000
vt 0.053760 0.010623 0.000000
vt 0.053760 0.012393 0.000000
vt 0.049576 0.012393 0.000000
vt 0.049576 0.014164 0.000000
vt 0.045392 0.014164 0.000000
vt 0.045392 0.016524 0.000000
vt 0.041208 0.016524 0.000000
vt 0.062128 0.012444 0.000000
vt 0.057944 0.012393 0.000000
vt 0.053760 0.014164 0.000000
vt 0.049576 0.016524 0.000000
vt 0.057944 0.014164 0.000000
vt 0.062128 0.015551 0.000000
vt 0.057944 0.016524 0.000000
vt 0.057944 0.023606 0.000000
vt 0.062128 0.025326 0.000000
vt 0.057944 0.025967 0.000000
vt 0.062128 0.028327 0.000000
vt 0.057944 0.028327 0.000000
vt 0.057944 0.030688 0.000000
vt 0.053760 0.030688 0.000000
vt 0.053760 0.033048 0.000000
vt 0.049576 0.033048 0.000000
vt 0.049576 0.035409 0.000000
vt 0.045392 0.035409 0.000000
vt 0.045392 0.037769 0.000000
vt 0.041208 0.037769 0.000000
vt 0.041208 0.040917 0.000000
vt 0.037024 0.040917 0.000000
vt 0.037024 0.044064 0.000000
vt 0.028656 0.041104 0.000000
vt 0.028656 0.044211 0.000000
vt 0.037024 0.046032 0.000000
vt 0.028656 0.047212 0.000000
vt 0.037024 0.047999 0.000000
vt 0.028656 0.050213 0.000000
vt 0.037024 0.049966 0.000000
vt 0.037024 0.051933 0.000000
vt 0.041208 0.049966 0.000000
vt 0.041208 0.051933 0.000000
vt 0.045392 0.049966 0.000000
vt 0.045392 0.051933 0.000000
vt 0.049576 0.049966 0.000000
vt 0.049576 0.051933 0.000000
vt 0.053760 0.049966 0.000000
vt 0.053760 0.051933 0.000000
vt 0.057944 0.049966 0.000000
vt 0.057944 0.051933 0.000000
vt 0.062128 0.050213 0.000000
vt 0.062128 0.053320 0.000000
vt 0.062128 0.031328 0.000000
vt 0.057944 0.033048 0.000000
vt 0.053760 0.035409 0.000000
vt 0.049576 0.037769 0.000000
vt 0.045392 0.040917 0.000000
vt 0.041208 0.044064 0.000000
vt 0.062128 0.034435 0.000000
vt 0.057944 0.035409 0.000000
vt 0.053760 0.037769 0.000000
vt 0.049576 0.040917 0.000000
vt 0.045392 0.044064 0.000000
vt 0.041208 0.046032 0.000000
vt 0.062128 0.037769 0.000000
vt 0.057944 0.037769 0.000000
vt 0.053760 0.040917 0.000000
vt 0.049576 0.044064 0.000000
vt 0.045392 0.046032 0.000000
vt 0.041208 0.047999 0.000000
vt 0.057944 0.040917 0.000000
vt 0.062128 0.041104 0.000000
vt 0.057944 0.044064 0.000000
vt 0.062128 0.044211 0.000000
vt 0.057944 0.046032 0.000000
vt 0.062128 0.047212 0.000000
vt 0.057944 0.047999 0.000000
vt 0.062128 0.056654 0.000000
vt 0.057944 0.055867 0.000000
vt 0.057944 0.053900 0.000000
vt 0.053760 0.053900 0.000000
vt 0.049576 0.053900 0.000000
vt 0.045392 0.053900 0.000000
vt 0.041208 0.053900 0.000000
vt 0.037024 0.053900 0.000000
vt 0.028656 0.053320 0.000000
vt 0.057944 0.057835 0.000000
vt 0.062128 0.059988 0.000000
vt 0.057944 0.059802 0.000000
vt 0.057944 0.061769 0.000000
vt 0.053760 0.061769 0.000000
vt 0.053760 0.063736 0.000000
vt 0.049576 0.063736 0.000000
vt 0.049576 0.065703 0.000000
vt 0.045392 0.065703 0.000000
vt 0.045392 0.067670 0.000000
vt 0.041208 0.067670 0.000000
vt 0.041208 0.069637 0.000000
vt 0.037024 0.069637 0.000000
vt 0.037024 0.071605 0.000000
vt 0.028656 0.069098 0.000000
vt 0.028656 0.072205 0.000000
vt 0.037024 0.073572 0.000000
vt 0.028656 0.075539 0.000000
vt 0.037024 0.075539 0.000000
vt 0.041208 0.073572 0.000000
vt 0.045392 0.075539 0.000000
vt 0.045392 0.073572 0.000000
vt 0.049576 0.073572 0.000000
vt 0.049576 0.071605 0.000000
vt 0.053760 0.071605 0.000000
vt 0.053760 0.069637 0.000000
vt 0.057944 0.069637 0.000000
vt 0.057944 0.067670 0.000000
vt 0.062128 0.069098 0.000000
vt 0.062128 0.066097 0.000000
vt 0.057944 0.065703 0.000000
vt 0.057944 0.063736 0.000000
vt 0.053760 0.065703 0.000000
vt 0.062128 0.063095 0.000000
vt 0.057944 0.071605 0.000000
vt 0.062128 0.072205 0.000000
vt 0.057944 0.073572 0.000000
vt 0.062128 0.075539 0.000000
vt 0.057944 0.075539 0.000000
vt 0.053760 0.075539 0.000000
vt 0.053760 0.073572 0.000000
vt 0.049576 0.075539 0.000000
vt 0.037024 0.067670 0.000000
vt 0.028656 0.066097 0.000000
vt 0.037024 0.065703 0.000000
vt 0.037024 0.063736 0.000000
vt 0.041208 0.063736 0.000000
vt 0.041208 0.061769 0.000000
vt 0.045392 0.061769 0.000000
vt 0.045392 0.059802 0.000000
vt 0.049576 0.059802 0.000000
vt 0.049576 0.057835 0.000000
vt 0.053760 0.057835 0.000000
vt 0.053760 0.055867 0.000000
vt 0.028656 0.063095 0.000000
vt 0.037024 0.061769 0.000000
vt 0.041208 0.059802 0.000000
vt 0.045392 0.057835 0.000000
vt 0.049576 0.055867 0.000000
vt 0.028656 0.059988 0.000000
vt 0.037024 0.059802 0.000000
vt 0.041208 0.057835 0.000000
vt 0.045392 0.055867 0.000000
vt 0.037024 0.057835 0.000000
vt 0.028656 0.056654 0.000000
vt 0.037024 0.055867 0.000000
vt 0.028656 0.037769 0.000000
vt 0.037024 0.037769 0.000000
vt 0.041208 0.035409 0.000000
vt 0.045392 0.033048 0.000000
vt 0.049576 0.030688 0.000000
vt 0.053760 0.028327 0.000000
vt 0.037024 0.035409 0.000000
vt 0.028656 0.034435 0.000000
vt 0.037024 0.033048 0.000000
vt 0.028656 0.031328 0.000000
vt 0.037024 0.030688 0.000000
vt 0.028656 0.028327 0.000000
vt 0.037024 0.028327 0.000000
vt 0.037024 0.025967 0.000000
vt 0.041208 0.025967 0.000000
vt 0.041208 0.023606 0.000000
vt 0.045392 0.023606 0.000000
vt 0.028656 0.025326 0.000000
vt 0.037024 0.023606 0.000000
vt 0.028656 0.022219 0.000000
vt 0.028656 0.009442 0.000000
vt 0.037024 0.008852 0.000000
vt 0.041208 0.007082 0.000000
vt 0.045392 0.005311 0.000000
vt 0.049576 0.003541 0.000000
vt 0.053760 0.000000 0.000000
vt 0.037024 0.007082 0.000000
vt 0.028656 0.006441 0.000000
vt 0.037024 0.005311 0.000000
vt 0.028656 0.003334 0.000000
vt 0.037024 0.003541 0.000000
vt 0.037024 0.000000 0.000000
vt 0.041208 0.003541 0.000000
vt 0.045392 0.000000 0.000000
vt 0.045392 0.003541 0.000000
vt 0.049576 0.000000 0.000000
vt 0.028656 0.000000 0.000000
vt 0.041208 0.005311 0.000000
vt 0.053760 0.007082 0.000000
vt 0.049576 0.008852 0.000000
vt 0.045392 0.010623 0.000000
vt 0.041208 0.012393 0.000000
vt 0.053760 0.008852 0.000000
vt 0.049576 0.010623 0.000000
vt 0.045392 0.012393 0.000000
vt 0.041208 0.014164 0.000000
vt 0.053760 0.016524 0.000000
vt 0.053760 0.023606 0.000000
vt 0.053760 0.025967 0.000000
vt 0.049576 0.023606 0.000000
vt 0.049576 0.025967 0.000000
vt 0.049576 0.028327 0.000000
vt 0.045392 0.025967 0.000000
vt 0.041208 0.028327 0.000000
vt 0.045392 0.028327 0.000000
vt 0.045392 0.030688 0.000000
vt 0.041208 0.030688 0.000000
vt 0.041208 0.033048 0.000000
vt 0.053760 0.044064 0.000000
vt 0.049576 0.046032 0.000000
vt 0.045392 0.047999 0.000000
vt 0.053760 0.046032 0.000000
vt 0.049576 0.047999 0.000000
vt 0.053760 0.047999 0.000000
vt 0.041208 0.055867 0.000000
vt 0.053760 0.059802 0.000000
vt 0.049576 0.061769 0.000000
vt 0.045392 0.063736 0.000000
vt 0.041208 0.065703 0.000000
vt 0.053760 0.067670 0.000000
vt 0.049576 0.067670 0.000000
vt 0.049576 0.069637 0.000000
vt 0.045392 0.069637 0.000000
vt 0.041208 0.071605 0.000000
vt 0.045392 0.071605 0.000000
vt -0.000000 0.000316 0.000000
vt -0.000082 0.000305 0.000000
vt 0.000082 0.000305 0.000000
vt 0.000158 0.000274 0.000000
vt -0.000158 0.000274 0.000000
vt 0.000223 0.000223 0.000000
vt -0.000223 0.000223 0.000000
vt 0.000274 0.000158 0.000000
vt -0.000274 0.000158 0.000000
vt 0.000305 0.000082 0.000000
vt -0.000305 0.000082 0.000000
vt 0.000316 0.000000 0.000000
vt -0.000316 0.000000 0.000000
vt 0.000305 -0.000082 0.000000
vt -0.000305 -0.000082 0.000000
vt 0.000274 -0.000158 0.000000
vt -0.000274 -0.000158 0.000000
vt 0.000223 -0.000223 0.000000
vt -0.000223 -0.000223 0.000000
vt 0.000158 -0.000274 0.000000
vt -0.000158 -0.000274 0.000000
vt 0.000082 -0.000305 0.000000
vt -0.000082 -0.000305 0.000000
vt -0.000000 -0.000316 0.000000
vt 0.062128 0.000000 0.000000
vt 0.062128 0.003334 0.000000
vt 0.057944 0.000000 0.000000
vt 0.057944 0.003541 0.000000
vt 0.053760 0.003541 0.000000
vt 0.053760 0.005311 0.000000
vt 0.049576 0.005311 0.000000
vt 0.049576 0.007082 0.000000
vt 0.045392 0.007082 0.000000
vt 0.045392 0.008852 0.000000
vt 0.041208 0.008852 0.000000
vt 0.041208 0.010623 0.000000
vt 0.037024 0.010623 0.000000
vt 0.037024 0.012393 0.000000
vt 0.028656 0.012444 0.000000
vt 0.037024 0.014164 0.000000
vt 0.028656 0.015551 0.000000
vt 0.037024 0.015934 0.000000
vt 0.037024 0.017704 0.000000
vt 0.041208 0.015934 0.000000
vt 0.041208 0.017704 0.000000
vt 0.045392 0.015934 0.000000
vt 0.045392 0.017704 0.000000
vt 0.049576 0.015934 0.000000
vt 0.049576 0.017704 0.000000
vt 0.053760 0.015934 0.000000
vt 0.053760 0.017704 0.000000
vt 0.057944 0.015934 0.000000
vt 0.057944 0.017704 0.000000
vt 0.062128 0.015551 0.000000
vt 0.062128 0.018885 0.000000
vt 0.057944 0.005311 0.000000
vt 0.062128 0.006441 0.000000
vt 0.057944 0.007082 0.000000
vt 0.062128 0.009442 0.000000
vt 0.057944 0.008852 0.000000
vt 0.057944 0.010623 0.000000
vt 0.053760 0.010623 0.000000
vt 0.053760 0.012393 0.000000
vt 0.049576 0.012393 0.000000
vt 0.049576 0.014164 0.000000
vt 0.045392 0.014164 0.000000
vt 0.062128 0.012444 0.000000
vt 0.057944 0.012393 0.000000
vt 0.053760 0.014164 0.000000
vt 0.057944 0.014164 0.000000
vt 0.057944 0.021245 0.000000
vt 0.062128 0.022219 0.000000
vt 0.057944 0.023016 0.000000
vt 0.062128 0.025326 0.000000
vt 0.057944 0.024786 0.000000
vt 0.057944 0.026557 0.000000
vt 0.053760 0.026557 0.000000
vt 0.053760 0.028327 0.000000
vt 0.049576 0.028327 0.000000
vt 0.049576 0.030688 0.000000
vt 0.045392 0.030688 0.000000
vt 0.045392 0.033048 0.000000
vt 0.041208 0.033048 0.000000
vt 0.041208 0.035409 0.000000
vt 0.037024 0.035409 0.000000
vt 0.037024 0.037769 0.000000
vt 0.028656 0.037769 0.000000
vt 0.037024 0.040917 0.000000
vt 0.028656 0.041104 0.000000
vt 0.037024 0.044064 0.000000
vt 0.028656 0.044211 0.000000
vt 0.037024 0.047212 0.000000
vt 0.028656 0.047212 0.000000
vt 0.028656 0.050213 0.000000
vt 0.037024 0.050359 0.000000
vt 0.028656 0.053320 0.000000
vt 0.037024 0.053507 0.000000
vt 0.028656 0.056654 0.000000
vt 0.037024 0.056654 0.000000
vt 0.037024 0.059802 0.000000
vt 0.041208 0.056654 0.000000
vt 0.041208 0.059802 0.000000
vt 0.045392 0.056654 0.000000
vt 0.045392 0.059802 0.000000
vt 0.049576 0.056654 0.000000
vt 0.049576 0.059802 0.000000
vt 0.053760 0.056654 0.000000
vt 0.053760 0.059802 0.000000
vt 0.057944 0.056654 0.000000
vt 0.057944 0.059802 0.000000
vt 0.062128 0.056654 0.000000
vt 0.062128 0.059988 0.000000
vt 0.062128 0.028327 0.000000
vt 0.057944 0.028327 0.000000
vt 0.053760 0.030688 0.000000
vt 0.049576 0.033048 0.000000
vt 0.045392 0.035409 0.000000
vt 0.041208 0.037769 0.000000
vt 0.057944 0.030688 0.000000
vt 0.062128 0.031328 0.000000
vt 0.057944 0.033048 0.000000
vt 0.062128 0.034435 0.000000
vt 0.057944 0.035409 0.000000
vt 0.062128 0.037769 0.000000
vt 0.057944 0.037769 0.000000
vt 0.057944 0.040917 0.000000
vt 0.053760 0.040917 0.000000
vt 0.053760 0.044064 0.000000
vt 0.049576 0.044064 0.000000
vt 0.049576 0.047212 0.000000
vt 0.045392 0.047212 0.000000
vt 0.045392 0.050359 0.000000
vt 0.041208 0.050359 0.000000
vt 0.041208 0.053507 0.000000
vt 0.062128 0.041104 0.000000
vt 0.057944 0.044064 0.000000
vt 0.053760 0.047212 0.000000
vt 0.049576 0.050359 0.000000
vt 0.045392 0.053507 0.000000
vt 0.062128 0.044211 0.000000
vt 0.057944 0.047212 0.000000
vt 0.053760 0.050359 0.000000
vt 0.049576 0.053507 0.000000
vt 0.062128 0.047212 0.000000
vt 0.062128 0.050213 0.000000
vt 0.057944 0.050359 0.000000
vt 0.062128 0.053320 0.000000
vt 0.057944 0.053507 0.000000
vt 0.057944 0.061769 0.000000
vt 0.062128 0.063095 0.000000
vt 0.057944 0.063736 0.000000
vt 0.062128 0.066097 0.000000
vt 0.057944 0.065703 0.000000
vt 0.057944 0.067670 0.000000
vt 0.053760 0.067670 0.000000
vt 0.053760 0.069637 0.000000
vt 0.049576 0.069637 0.000000
vt 0.049576 0.071605 0.000000
vt 0.045392 0.071605 0.000000
vt 0.045392 0.073572 0.000000
vt 0.041208 0.073572 0.000000
vt 0.045392 0.075539 0.000000
vt 0.037024 0.075539 0.000000
vt 0.062128 0.069098 0.000000
vt 0.057944 0.069637 0.000000
vt 0.053760 0.071605 0.000000
vt 0.049576 0.073572 0.000000
vt 0.057944 0.071605 0.000000
vt 0.062128 0.072205 0.000000
vt 0.057944 0.073572 0.000000
vt 0.062128 0.075539 0.000000
vt 0.057944 0.075539 0.000000
vt 0.053760 0.075539 0.000000
vt 0.053760 0.073572 0.000000
vt 0.049576 0.075539 0.000000
vt 0.037024 0.073572 0.000000
vt 0.028656 0.075539 0.000000
vt 0.028656 0.072205 0.000000
vt 0.037024 0.071605 0.000000
vt 0.028656 0.069098 0.000000
vt 0.037024 0.069637 0.000000
vt 0.037024 0.067670 0.000000
vt 0.041208 0.067670 0.000000
vt 0.041208 0.065703 0.000000
vt 0.045392 0.065703 0.000000
vt 0.045392 0.063736 0.000000
vt 0.049576 0.063736 0.000000
vt 0.049576 0.061769 0.000000
vt 0.053760 0.061769 0.000000
vt 0.028656 0.066097 0.000000
vt 0.037024 0.065703 0.000000
vt 0.041208 0.063736 0.000000
vt 0.045392 0.061769 0.000000
vt 0.037024 0.063736 0.000000
vt 0.028656 0.063095 0.000000
vt 0.037024 0.061769 0.000000
vt 0.028656 0.059988 0.000000
vt 0.028656 0.034435 0.000000
vt 0.037024 0.033048 0.000000
vt 0.041208 0.030688 0.000000
vt 0.045392 0.028327 0.000000
vt 0.049576 0.026557 0.000000
vt 0.053760 0.024786 0.000000
vt 0.028656 0.031328 0.000000
vt 0.037024 0.030688 0.000000
vt 0.041208 0.028327 0.000000
vt 0.045392 0.026557 0.000000
vt 0.049576 0.024786 0.000000
vt 0.053760 0.023016 0.000000
vt 0.028656 0.028327 0.000000
vt 0.037024 0.028327 0.000000
vt 0.041208 0.026557 0.000000
vt 0.045392 0.024786 0.000000
vt 0.049576 0.023016 0.000000
vt 0.053760 0.021245 0.000000
vt 0.037024 0.026557 0.000000
vt 0.028656 0.025326 0.000000
vt 0.037024 0.024786 0.000000
vt 0.037024 0.023016 0.000000
vt 0.041208 0.023016 0.000000
vt 0.041208 0.021245 0.000000
vt 0.045392 0.021245 0.000000
vt 0.028656 0.022219 0.000000
vt 0.037024 0.021245 0.000000
vt 0.028656 0.018885 0.000000
vt 0.028656 0.009442 0.000000
vt 0.037024 0.008852 0.000000
vt 0.041208 0.007082 0.000000
vt 0.045392 0.005311 0.000000
vt 0.049576 0.003541 0.000000
vt 0.053760 0.000000 0.000000
vt 0.037024 0.007082 0.000000
vt 0.028656 0.006441 0.000000
vt 0.037024 0.005311 0.000000
vt 0.028656 0.003334 0.000000
vt 0.037024 0.003541 0.000000
vt 0.037024 0.000000 0.000000
vt 0.041208 0.003541 0.000000
vt 0.045392 0.000000 0.000000
vt 0.045392 0.003541 0.000000
vt 0.049576 0.000000 0.000000
vt 0.028656 0.000000 0.000000
vt 0.041208 0.005311 0.000000
vt 0.053760 0.007082 0.000000
vt 0.049576 0.008852 0.000000
vt 0.045392 0.010623 0.000000
vt 0.041208 0.012393 0.000000
vt 0.053760 0.008852 0.000000
vt 0.049576 0.010623 0.000000
vt 0.045392 0.012393 0.000000
vt 0.041208 0.014164 0.000000
vt 0.049576 0.021245 0.000000
vt 0.045392 0.023016 0.000000
vt 0.041208 0.024786 0.000000
vt 0.053760 0.033048 0.000000
vt 0.049576 0.035409 0.000000
vt 0.045392 0.037769 0.000000
vt 0.041208 0.040917 0.000000
vt 0.053760 0.035409 0.000000
vt 0.049576 0.037769 0.000000
vt 0.045392 0.040917 0.000000
vt 0.041208 0.044064 0.000000
vt 0.053760 0.037769 0.000000
vt 0.049576 0.040917 0.000000
vt 0.045392 0.044064 0.000000
vt 0.041208 0.047212 0.000000
vt 0.053760 0.053507 0.000000
vt 0.041208 0.061769 0.000000
vt 0.053760 0.063736 0.000000
vt 0.049576 0.065703 0.000000
vt 0.045392 0.067670 0.000000
vt 0.041208 0.069637 0.000000
vt 0.053760 0.065703 0.000000
vt 0.049576 0.067670 0.000000
vt 0.045392 0.069637 0.000000
vt 0.041208 0.071605 0.000000
vt 0.000000 0.000316 0.000000
vt -0.000082 0.000305 0.000000
vt 0.000082 0.000305 0.000000
vt 0.000158 0.000274 0.000000
vt -0.000158 0.000274 0.000000
vt 0.000223 0.000223 0.000000
vt -0.000223 0.000223 0.000000
vt 0.000274 0.000158 0.000000
vt -0.000274 0.000158 0.000000
vt 0.000305 0.000082 0.000000
vt -0.000305 0.000082 0.000000
vt 0.000316 0.000000 0.000000
vt -0.000316 0.000000 0.000000
vt 0.000305 -0.000082 0.000000
vt -0.000305 -0.000082 0.000000
vt 0.000274 -0.000158 0.000000
vt -0.000274 -0.000158 0.000000
vt 0.000223 -0.000223 0.000000
vt -0.000223 -0.000223 0.000000
vt 0.000158 -0.000274 0.000000
vt -0.000158 -0.000274 0.000000
vt 0.000082 -0.000305 0.000000
vt -0.000082 -0.000305 0.000000
vt 0.000000 -0.000316 0.000000
vt -0.000000 0.034693 0.000000
vt 0.021964 0.037918 0.000000
vt -0.000000 0.042132 0.000000
vt 0.021964 0.042132 0.000000
vt 0.021964 0.046345 0.000000
vt 0.043929 0.042132 0.000000
vt 0.043929 0.046345 0.000000
vt 0.065893 0.042132 0.000000
vt 0.065893 0.046345 0.000000
vt 0.087858 0.042132 0.000000
vt 0.087858 0.049570 0.000000
vt 0.000000 0.027761 0.000000
vt 0.021964 0.029492 0.000000
vt 0.021964 0.033705 0.000000
vt 0.043929 0.033705 0.000000
vt 0.043929 0.037918 0.000000
vt 0.065893 0.033705 0.000000
vt 0.065893 0.037918 0.000000
vt 0.087858 0.034693 0.000000
vt 0.021964 0.025279 0.000000
vt -0.000000 0.021066 0.000000
vt 0.021964 0.021066 0.000000
vt 0.021964 0.016853 0.000000
vt 0.043929 0.016853 0.000000
vt 0.043929 0.012639 0.000000
vt 0.065893 0.012639 0.000000
vt 0.065893 0.008426 0.000000
vt 0.087858 0.007439 0.000000
vt 0.065893 0.004213 0.000000
vt 0.087858 0.000000 0.000000
vt 0.065893 0.000000 0.000000
vt 0.043929 0.004213 0.000000
vt 0.043929 0.000000 0.000000
vt 0.021964 0.004213 0.000000
vt 0.000000 0.000000 0.000000
vt -0.000000 0.007439 0.000000
vt 0.021964 0.008426 0.000000
vt 0.021964 0.012639 0.000000
vt 0.043929 0.008426 0.000000
vt 0.000000 0.014370 0.000000
vt 0.087858 0.014370 0.000000
vt 0.065893 0.016853 0.000000
vt 0.043929 0.021066 0.000000
vt 0.087858 0.021066 0.000000
vt 0.065893 0.021066 0.000000
vt 0.043929 0.025279 0.000000
vt 0.065893 0.025279 0.000000
vt 0.087858 0.027761 0.000000
vt 0.065893 0.029492 0.000000
vt 0.087858 0.056502 0.000000
vt 0.065893 0.054771 0.000000
vt 0.065893 0.050558 0.000000
vt 0.043929 0.050558 0.000000
vt 0.021964 0.050558 0.000000
vt 0.000000 0.049570 0.000000
vt 0.065893 0.058984 0.000000
vt 0.087858 0.063197 0.000000
vt 0.065893 0.063197 0.000000
vt 0.065893 0.067410 0.000000
vt 0.043929 0.067410 0.000000
vt 0.043929 0.071624 0.000000
vt 0.021964 0.071624 0.000000
vt 0.021964 0.075837 0.000000
vt 0.000000 0.076824 0.000000
vt 0.021964 0.080050 0.000000
vt -0.000000 0.084263 0.000000
vt 0.021964 0.084263 0.000000
vt 0.021964 0.088476 0.000000
vt 0.043929 0.084263 0.000000
vt 0.043929 0.088476 0.000000
vt 0.065893 0.084263 0.000000
vt 0.065893 0.088476 0.000000
vt 0.087858 0.084263 0.000000
vt 0.087858 0.091702 0.000000
vt 0.087858 0.069893 0.000000
vt 0.065893 0.071624 0.000000
vt 0.043929 0.075837 0.000000
vt 0.087858 0.076824 0.000000
vt 0.065893 0.075837 0.000000
vt 0.043929 0.080050 0.000000
vt 0.065893 0.080050 0.000000
vt 0.087858 0.098633 0.000000
vt 0.065893 0.096903 0.000000
vt 0.065893 0.092689 0.000000
vt 0.043929 0.092689 0.000000
vt 0.021964 0.092689 0.000000
vt 0.000000 0.091702 0.000000
vt 0.065893 0.101116 0.000000
vt 0.087858 0.105329 0.000000
vt 0.065893 0.105329 0.000000
vt 0.065893 0.109542 0.000000
vt 0.043929 0.109542 0.000000
vt 0.043929 0.113755 0.000000
vt 0.021964 0.113755 0.000000
vt 0.021964 0.117968 0.000000
vt 0.000000 0.118956 0.000000
vt 0.021964 0.122181 0.000000
vt -0.000000 0.126395 0.000000
vt 0.021964 0.126395 0.000000
vt 0.021964 0.130608 0.000000
vt 0.043929 0.126395 0.000000
vt 0.043929 0.130608 0.000000
vt 0.065893 0.126395 0.000000
vt 0.065893 0.130608 0.000000
vt 0.087858 0.126395 0.000000
vt 0.087858 0.133833 0.000000
vt 0.087858 0.112024 0.000000
vt 0.065893 0.113755 0.000000
vt 0.043929 0.117968 0.000000
vt 0.087858 0.118956 0.000000
vt 0.065893 0.117968 0.000000
vt 0.043929 0.122181 0.000000
vt 0.065893 0.122181 0.000000
vt 0.087858 0.140765 0.000000
vt 0.065893 0.139034 0.000000
vt 0.065893 0.134821 0.000000
vt 0.043929 0.134821 0.000000
vt 0.021964 0.134821 0.000000
vt 0.000000 0.133833 0.000000
vt 0.065893 0.143247 0.000000
vt 0.087858 0.147460 0.000000
vt 0.065893 0.147460 0.000000
vt 0.065893 0.151674 0.000000
vt 0.043929 0.151674 0.000000
vt 0.043929 0.155887 0.000000
vt 0.021964 0.155887 0.000000
vt 0.021964 0.160100 0.000000
vt -0.000000 0.161088 0.000000
vt 0.021964 0.164313 0.000000
vt -0.000000 0.168526 0.000000
vt 0.043929 0.168526 0.000000
vt 0.043929 0.164313 0.000000
vt 0.065893 0.164313 0.000000
vt 0.065893 0.160100 0.000000
vt 0.087858 0.161088 0.000000
vt 0.065893 0.155887 0.000000
vt 0.087858 0.154156 0.000000
vt 0.087858 0.168526 0.000000
vt 0.065893 0.168526 0.000000
vt 0.000000 0.154156 0.000000
vt 0.021964 0.151674 0.000000
vt 0.043929 0.147460 0.000000
vt -0.000000 0.147460 0.000000
vt 0.021964 0.147460 0.000000
vt 0.043929 0.143247 0.000000
vt 0.021964 0.143247 0.000000
vt -0.000000 0.140765 0.000000
vt 0.021964 0.139034 0.000000
vt -0.000000 0.112024 0.000000
vt 0.021964 0.109542 0.000000
vt 0.043929 0.105329 0.000000
vt -0.000000 0.105329 0.000000
vt 0.021964 0.105329 0.000000
vt 0.043929 0.101116 0.000000
vt 0.021964 0.101116 0.000000
vt 0.000000 0.098633 0.000000
vt 0.021964 0.096903 0.000000
vt 0.000000 0.069893 0.000000
vt 0.021964 0.067410 0.000000
vt 0.043929 0.063197 0.000000
vt -0.000000 0.063197 0.000000
vt 0.021964 0.063197 0.000000
vt 0.043929 0.058984 0.000000
vt 0.021964 0.058984 0.000000
vt -0.000000 0.056502 0.000000
vt 0.021964 0.054771 0.000000
vt 0.043929 0.029492 0.000000
vt 0.043929 0.054771 0.000000
vt 0.043929 0.096903 0.000000
vt 0.043929 0.139034 0.000000
vt 0.043929 0.160100 0.000000
vt -0.463213 -0.058185 0.000000
vt -0.317500 -0.058185 0.000000
vt -0.463213 -0.049873 0.000000
vt -0.317500 -0.049873 0.000000
vt -0.463213 -0.041561 0.000000
vt -0.317500 -0.041561 0.000000
vt -0.463213 -0.033249 0.000000
vt -0.317500 -0.033249 0.000000
vt -0.463213 -0.024936 0.000000
vt -0.317500 -0.024936 0.000000
vt -0.463213 -0.016624 0.000000
vt -0.317500 -0.016624 0.000000
vt -0.463213 -0.008312 0.000000
vt -0.317500 -0.008312 0.000000
vt -0.463213 0.000000 0.000000
vt -0.317500 0.000000 0.000000
vt -0.463213 0.008312 0.000000
vt -0.317500 0.008312 0.000000
vt -0.463213 0.016624 0.000000
vt -0.317500 0.016624 0.000000
vt -0.463213 0.024936 0.000000
vt -0.317500 0.024936 0.000000
vt -0.463213 0.033249 0.000000
vt -0.317500 0.033249 0.000000
vt -0.463213 0.041561 0.000000
vt -0.317500 0.041561 0.000000
vt -0.463213 0.049873 0.000000
vt -0.317500 0.049873 0.000000
vt -0.463213 0.058185 0.000000
vt -0.317500 0.058185 0.000000
vt -0.463213 0.066497 0.000000
vt -0.317500 0.066497 0.000000
vt -0.463213 0.074809 0.000000
vt -0.317500 0.074809 0.000000
vt -0.463213 0.083121 0.000000
vt -0.317500 0.083121 0.000000
vt -0.463213 0.091433 0.000000
vt -0.317500 0.091433 0.000000
vt -0.463213 0.099746 0.000000
vt -0.317500 0.099746 0.000000
vt -0.463213 -0.099746 0.000000
vt -0.317500 -0.099746 0.000000
vt -0.463213 -0.091433 0.000000
vt -0.317500 -0.091433 0.000000
vt -0.463213 -0.083121 0.000000
vt -0.317500 -0.083121 0.000000
vt -0.463213 -0.074809 0.000000
vt -0.317500 -0.074809 0.000000
vt -0.463213 -0.066497 0.000000
vt -0.317500 -0.066497 0.000000
vt -0.171787 0.058185 0.000000
vt -0.171787 0.049873 0.000000
vt -0.171787 0.041561 0.000000
vt -0.171787 0.033249 0.000000
vt -0.171787 0.024936 0.000000
vt -0.171787 0.016624 0.000000
vt -0.171787 0.008312 0.000000
vt -0.171787 0.000000 0.000000
vt -0.171787 -0.008312 0.000000
vt -0.171787 -0.016624 0.000000
vt -0.171787 -0.024936 0.000000
vt -0.171787 -0.033249 0.000000
vt -0.171787 -0.041561 0.000000
vt -0.171787 -0.049873 0.000000
vt -0.171787 -0.058185 0.000000
vt -0.171787 -0.066497 0.000000
vt -0.171787 -0.074809 0.000000
vt -0.171787 -0.083121 0.000000
vt -0.171787 -0.091433 0.000000
vt -0.171787 -0.099746 0.000000
vt -0.171787 0.099746 0.000000
vt -0.171787 0.091433 0.000000
vt -0.171787 0.083121 0.000000
vt -0.171787 0.074809 0.000000
vt -0.171787 0.066497 0.000000
vt 0.000000 0.034693 0.000000
vt 0.021964 0.037918 0.000000
vt -0.000000 0.042132 0.000000
vt 0.021964 0.042132 0.000000
vt 0.021964 0.046345 0.000000
vt 0.043929 0.042132 0.000000
vt 0.043929 0.046345 0.000000
vt 0.065893 0.042132 0.000000
vt 0.065893 0.046345 0.000000
vt 0.087858 0.042132 0.000000
vt 0.087858 0.049570 0.000000
vt 0.000000 0.027761 0.000000
vt 0.021964 0.029492 0.000000
vt 0.021964 0.033705 0.000000
vt 0.043929 0.033705 0.000000
vt 0.043929 0.037918 0.000000
vt 0.065893 0.033705 0.000000
vt 0.065893 0.037918 0.000000
vt 0.087858 0.034693 0.000000
vt 0.021964 0.025279 0.000000
vt -0.000000 0.021066 0.000000
vt 0.021964 0.021066 0.000000
vt 0.021964 0.016853 0.000000
vt 0.043929 0.016853 0.000000
vt 0.043929 0.012639 0.000000
vt 0.065893 0.012639 0.000000
vt 0.065893 0.008426 0.000000
vt 0.087858 0.007439 0.000000
vt 0.065893 0.004213 0.000000
vt 0.087858 0.000000 0.000000
vt 0.065893 0.000000 0.000000
vt 0.043929 0.004213 0.000000
vt 0.043929 0.000000 0.000000
vt 0.021964 0.004213 0.000000
vt 0.000000 0.000000 0.000000
vt 0.000000 0.007439 0.000000
vt 0.021964 0.008426 0.000000
vt 0.021964 0.012639 0.000000
vt 0.043929 0.008426 0.000000
vt -0.000000 0.014370 0.000000
vt 0.087858 0.014370 0.000000
vt 0.065893 0.016853 0.000000
vt 0.043929 0.021066 0.000000
vt 0.087858 0.021066 0.000000
vt 0.065893 0.021066 0.000000
vt 0.043929 0.025279 0.000000
vt 0.065893 0.025279 0.000000
vt 0.087858 0.027761 0.000000
vt 0.065893 0.029492 0.000000
vt 0.087858 0.056502 0.000000
vt 0.065893 0.054771 0.000000
vt 0.065893 0.050558 0.000000
vt 0.043929 0.050558 0.000000
vt 0.021964 0.050558 0.000000
vt 0.000000 0.049570 0.000000
vt 0.065893 0.058984 0.000000
vt 0.087858 0.063197 0.000000
vt 0.065893 0.063197 0.000000
vt 0.065893 0.067410 0.000000
vt 0.043929 0.067410 0.000000
vt 0.043929 0.071624 0.000000
vt 0.021964 0.071624 0.000000
vt 0.021964 0.075837 0.000000
vt -0.000000 0.076824 0.000000
vt 0.021964 0.080050 0.000000
vt -0.000000 0.084263 0.000000
vt 0.021964 0.084263 0.000000
vt 0.021964 0.088476 0.000000
vt 0.043929 0.084263 0.000000
vt 0.043929 0.088476 0.000000
vt 0.065893 0.084263 0.000000
vt 0.065893 0.088476 0.000000
vt 0.087858 0.084263 0.000000
vt 0.087858 0.091702 0.000000
vt 0.087858 0.069893 0.000000
vt 0.065893 0.071624 0.000000
vt 0.043929 0.075837 0.000000
vt 0.087858 0.076824 0.000000
vt 0.065893 0.075837 0.000000
vt 0.043929 0.080050 0.000000
vt 0.065893 0.080050 0.000000
vt 0.087858 0.098633 0.000000
vt 0.065893 0.096903 0.000000
vt 0.065893 0.092689 0.000000
vt 0.043929 0.092689 0.000000
vt 0.021964 0.092689 0.000000
vt 0.000000 0.091702 0.000000
vt 0.065893 0.101116 0.000000
vt 0.087858 0.105329 0.000000
vt 0.065893 0.105329 0.000000
vt 0.065893 0.109542 0.000000
vt 0.043929 0.109542 0.000000
vt 0.043929 0.113755 0.000000
vt 0.021964 0.113755 0.000000
vt 0.021964 0.117968 0.000000
vt -0.000000 0.118956 0.000000
vt 0.021964 0.122181 0.000000
vt -0.000000 0.126395 0.000000
vt 0.021964 0.126395 0.000000
vt 0.021964 0.130608 0.000000
vt 0.043929 0.126395 0.000000
vt 0.043929 0.130608 0.000000
vt 0.065893 0.126395 0.000000
vt 0.065893 0.130608 0.000000
vt 0.087858 0.126395 0.000000
vt 0.087858 0.133833 0.000000
vt 0.087858 0.112024 0.000000
vt 0.065893 0.113755 0.000000
vt 0.043929 0.117968 0.000000
vt 0.087858 0.118956 0.000000
vt 0.065893 0.117968 0.000000
vt 0.043929 0.122181 0.000000
vt 0.065893 0.122181 0.000000
vt 0.087858 0.140765 0.000000
vt 0.065893 0.139034 0.000000
vt 0.065893 0.134821 0.000000
vt 0.043929 0.134821 0.000000
vt 0.021964 0.134821 0.000000
vt -0.000000 0.133833 0.000000
vt 0.065893 0.143247 0.000000
vt 0.087858 0.147460 0.000000
vt 0.065893 0.147460 0.000000
vt 0.065893 0.151674 0.000000
vt 0.043929 0.151674 0.000000
vt 0.043929 0.155887 0.000000
vt 0.021964 0.155887 0.000000
vt 0.021964 0.160100 0.000000
vt -0.000000 0.161088 0.000000
vt 0.021964 0.164313 0.000000
vt -0.000000 0.168526 0.000000
vt 0.043929 0.168526 0.000000
vt 0.043929 0.164313 0.000000
vt 0.065893 0.164313 0.000000
vt 0.065893 0.160100 0.000000
vt 0.087858 0.161088 0.000000
vt 0.065893 0.155887 0.000000
vt 0.087858 0.154156 0.000000
vt 0.087858 0.168526 0.000000
vt 0.065893 0.168526 0.000000
vt -0.000000 0.154156 0.000000
vt 0.021964 0.151674 0.000000
vt 0.043929 0.147460 0.000000
vt -0.000000 0.147460 0.000000
vt 0.021964 0.147460 0.000000
vt 0.043929 0.143247 0.000000
vt 0.021964 0.143247 0.000000
vt 0.000000 0.140765 0.000000
vt 0.021964 0.139034 0.000000
vt -0.000000 0.112024 0.000000
vt 0.021964 0.109542 0.000000
vt 0.043929 0.105329 0.000000
vt -0.000000 0.105329 0.000000
vt 0.021964 0.105329 0.000000
vt 0.043929 0.101116 0.000000
vt 0.021964 0.101116 0.000000
vt -0.000000 0.098633 0.000000
vt 0.021964 0.096903 0.000000
vt 0.000000 0.069893 0.000000
vt 0.021964 0.067410 0.000000
vt 0.043929 0.063197 0.000000
vt -0.000000 0.063197 0.000000
vt 0.021964 0.063197 0.000000
vt 0.043929 0.058984 0.000000
vt 0.021964 0.058984 0.000000
vt -0.000000 0.056502 0.000000
vt 0.021964 0.054771 0.000000
vt 0.043929 0.029492 0.000000
vt 0.043929 0.054771 0.000000
vt 0.043929 0.096903 0.000000
vt 0.043929 0.139034 0.000000
vt 0.043929 0.160100 0.000000
vn -0.000000 -1.000000 0.000000
vn 0.000000 -1.000000 0.000000
vn 0.203794 -0.979014 -0.000000
vn 0.195927 -0.979014 -0.056076
vn 0.375714 -0.920476 -0.107532
vn 0.355734 -0.920476 -0.161794
vn 0.498006 -0.837071 -0.226501
vn 0.457916 -0.837071 -0.299376
vn 0.560157 -0.743039 -0.366219
vn 0.497081 -0.743039 -0.448110
vn 0.565224 -0.648762 -0.509539
vn 0.479651 -0.648762 -0.590798
vn 0.522270 -0.559830 -0.643292
vn 0.417420 -0.559830 -0.715787
vn 0.457228 -0.404687 -0.791942
vn 0.305006 -0.559830 -0.770430
vn 0.236678 -0.404687 -0.883296
vn 0.150776 -0.559830 -0.814774
vn -0.000000 -0.404687 -0.914455
vn 0.000000 -0.559830 -0.828608
vn -0.150776 -0.559830 -0.814774
vn -0.000000 -0.648762 -0.760991
vn -0.138472 -0.648762 -0.748287
vn -0.000000 -0.743039 -0.669248
vn -0.121778 -0.743039 -0.658075
vn 0.000000 -0.837071 -0.547095
vn -0.099551 -0.837071 -0.537961
vn 0.000000 -0.920476 -0.390799
vn -0.071111 -0.920476 -0.384275
vn -0.000000 -0.979014 -0.203794
vn -0.037083 -0.979014 -0.200392
vn -0.000000 -1.000000 0.000000
vn 0.000000 -1.000000 0.000000
vn 0.185508 -0.979014 -0.084372
vn 0.000000 -1.000000 0.000000
vn 0.170575 -0.979014 -0.111518
vn 0.000000 -1.000000 -0.000000
vn 0.151367 -0.979014 -0.136455
vn 0.128451 -0.979014 -0.158216
vn 0.246320 -0.920476 -0.303398
vn 0.196869 -0.920476 -0.337589
vn 0.275605 -0.837071 -0.472604
vn 0.201383 -0.837071 -0.508682
vn 0.246347 -0.743039 -0.622259
vn 0.121778 -0.743039 -0.658075
vn 0.138472 -0.648762 -0.748287
vn -0.000000 -1.000000 -0.000000
vn 0.102663 -0.979014 -0.176046
vn 0.143851 -0.920476 -0.363361
vn 0.099551 -0.837071 -0.537961
vn 0.075015 -0.979014 -0.189485
vn -0.000000 -1.000000 -0.000000
vn 0.037083 -0.979014 -0.200392
vn -0.075015 -0.979014 -0.189485
vn 0.000000 -1.000000 0.000000
vn -0.111518 -0.979014 -0.170575
vn -0.000000 -1.000000 -0.000000
vn -0.144104 -0.979014 -0.144104
vn -0.170575 -0.979014 -0.111518
vn -0.327097 -0.920476 -0.213849
vn -0.363361 -0.920476 -0.143851
vn -0.508682 -0.837071 -0.201383
vn -0.537961 -0.837071 -0.099551
vn -0.658075 -0.743039 -0.121778
vn -0.669248 -0.743039 -0.000000
vn -0.760991 -0.648762 -0.000000
vn -0.737980 -0.648762 0.185722
vn -0.803552 -0.559830 0.202224
vn -0.722762 -0.559830 0.405224
vn -0.883296 -0.404687 0.236678
vn -0.791942 -0.404687 0.457228
vn -0.643292 -0.559830 0.522270
vn -0.646618 -0.404687 0.646618
vn -0.544119 -0.559830 0.624920
vn -0.457228 -0.404687 0.791942
vn -0.429522 -0.559830 0.708591
vn -0.305006 -0.559830 0.770430
vn -0.394472 -0.648762 0.650768
vn -0.280117 -0.648762 0.707561
vn -0.346915 -0.743039 0.572313
vn -0.246347 -0.743039 0.622259
vn -0.283595 -0.837071 0.467853
vn -0.201383 -0.837071 0.508682
vn -0.202577 -0.920476 0.334196
vn -0.143851 -0.920476 0.363361
vn -0.105640 -0.979014 0.174276
vn -0.075015 -0.979014 0.189485
vn 0.000000 -1.000000 0.000000
vn -0.000000 -1.000000 -0.000000
vn -0.000000 -1.000000 0.000000
vn -0.189485 -0.979014 -0.075015
vn -0.384275 -0.920476 -0.071111
vn -0.547095 -0.837071 0.000000
vn -0.649011 -0.743039 0.163331
vn -0.663782 -0.648762 0.372156
vn 0.000000 -1.000000 0.000000
vn -0.200392 -0.979014 -0.037083
vn -0.390799 -0.920476 0.000000
vn -0.530552 -0.837071 0.133520
vn -0.583758 -0.743039 0.327290
vn -0.590798 -0.648762 0.479651
vn 0.000000 -1.000000 0.000000
vn -0.203794 -0.979014 -0.000000
vn -0.378982 -0.920476 0.095375
vn -0.477209 -0.837071 0.267552
vn -0.519573 -0.743039 0.421826
vn -0.499717 -0.648762 0.573925
vn -0.197632 -0.979014 0.049736
vn 0.000000 -1.000000 0.000000
vn -0.177761 -0.979014 0.099664
vn -0.000000 -1.000000 -0.000000
vn -0.158216 -0.979014 0.128451
vn -0.000000 -1.000000 0.000000
vn -0.133825 -0.979014 0.153698
vn 0.000000 -1.000000 -0.000000
vn -0.012146 -0.979014 0.203432
vn -0.043402 -0.979014 0.199119
vn -0.083229 -0.920476 0.381834
vn -0.116515 -0.837071 0.534544
vn -0.142530 -0.743039 0.653894
vn -0.162069 -0.648762 0.743533
vn -0.176469 -0.559830 0.809598
vn -0.236678 -0.404687 0.883296
vn 0.018312 -0.979014 0.202970
vn -0.000000 -1.000000 0.000000
vn 0.049736 -0.979014 0.197632
vn 0.081266 -0.979014 0.186890
vn 0.155836 -0.920476 0.358384
vn 0.213849 -0.920476 0.327097
vn 0.299376 -0.837071 0.457916
vn 0.373275 -0.837071 0.399973
vn 0.456618 -0.743039 0.489278
vn 0.533770 -0.743039 0.403711
vn 0.606941 -0.648762 0.459053
vn 0.675976 -0.648762 0.349519
vn 0.736039 -0.559830 0.380575
vn 0.788798 -0.559830 0.253750
vn 0.791942 -0.404687 0.457228
vn 0.883296 -0.404687 0.236678
vn 0.819097 -0.559830 0.125184
vn 0.914455 -0.404687 0.000000
vn 0.828608 -0.559830 0.000000
vn 0.752256 -0.648762 0.114969
vn 0.669248 -0.743039 -0.000000
vn 0.661566 -0.743039 0.101108
vn 0.540815 -0.837071 0.082654
vn 0.520810 -0.837071 0.167540
vn 0.372024 -0.920476 0.119677
vn 0.347141 -0.920476 0.179492
vn 0.181027 -0.979014 0.093601
vn 0.162539 -0.979014 0.122935
vn 0.000000 -1.000000 -0.000000
vn 0.000000 -1.000000 0.000000
vn 0.139046 -0.979014 0.148991
vn 0.111518 -0.979014 0.170575
vn 0.266637 -0.920476 0.285708
vn 0.000000 -1.000000 -0.000000
vn 0.194003 -0.979014 0.062409
vn -0.000000 -1.000000 0.000000
vn 0.201455 -0.979014 0.030789
vn 0.390799 -0.920476 -0.000000
vn 0.386314 -0.920476 0.059041
vn 0.547095 -0.837071 0.000000
vn 0.660870 -0.559830 0.499842
vn 0.646618 -0.404687 0.646618
vn 0.565347 -0.559830 0.605784
vn 0.453422 -0.559830 0.693541
vn 0.416422 -0.648762 0.636946
vn 0.303455 -0.648762 0.697870
vn 0.266871 -0.743039 0.613736
vn 0.163331 -0.743039 0.649011
vn 0.133520 -0.837071 0.530552
vn 0.049159 -0.837071 0.544882
vn 0.035115 -0.920476 0.389218
vn -0.023292 -0.920476 0.390105
vn 0.457228 -0.404687 0.791942
vn 0.330418 -0.559830 0.759878
vn 0.185722 -0.648762 0.737980
vn 0.060135 -0.743039 0.666540
vn -0.032607 -0.837071 0.546122
vn 0.236678 -0.404687 0.883296
vn 0.202224 -0.559830 0.803552
vn 0.068378 -0.648762 0.757913
vn -0.039888 -0.743039 0.668058
vn 0.074454 -0.559830 0.825256
vn 0.000000 -0.404687 0.914455
vn -0.049385 -0.559830 0.827135
vn -0.914455 -0.404687 -0.000000
vn -0.828608 -0.559830 -0.000000
vn -0.748287 -0.648762 -0.138472
vn -0.622259 -0.743039 -0.246347
vn -0.457916 -0.837071 -0.299376
vn -0.276337 -0.920476 -0.276337
vn -0.814774 -0.559830 -0.150776
vn -0.883296 -0.404687 -0.236678
vn -0.770430 -0.559830 -0.305006
vn -0.791942 -0.404687 -0.457228
vn -0.693541 -0.559830 -0.453422
vn -0.646618 -0.404687 -0.646618
vn -0.585914 -0.559830 -0.585914
vn -0.453422 -0.559830 -0.693541
vn -0.416422 -0.648762 -0.636946
vn -0.280117 -0.648762 -0.707561
vn -0.246347 -0.743039 -0.622259
vn -0.457228 -0.404687 -0.791942
vn -0.305006 -0.559830 -0.770430
vn -0.236678 -0.404687 -0.883296
vn 0.646618 -0.404687 -0.646618
vn 0.615446 -0.559830 -0.554813
vn 0.636946 -0.648762 -0.416422
vn 0.609198 -0.743039 -0.277074
vn 0.525976 -0.837071 -0.150538
vn 0.693541 -0.559830 -0.453422
vn 0.791942 -0.404687 -0.457228
vn 0.754260 -0.559830 -0.343050
vn 0.883296 -0.404687 -0.236678
vn 0.796623 -0.559830 -0.227998
vn 0.731616 -0.648762 -0.209393
vn 0.643414 -0.743039 -0.184149
vn 0.692710 -0.648762 -0.315056
vn 0.327097 -0.920476 -0.213849
vn 0.406353 -0.837071 -0.366320
vn 0.421826 -0.743039 -0.519573
vn 0.383357 -0.648762 -0.657377
vn 0.290265 -0.920476 -0.261668
vn 0.344833 -0.837071 -0.424739
vn 0.337140 -0.743039 -0.578125
vn 0.280117 -0.648762 -0.707561
vn 0.071111 -0.920476 -0.384275
vn -0.143851 -0.920476 -0.363361
vn -0.213849 -0.920476 -0.327097
vn -0.201383 -0.837071 -0.508682
vn -0.299376 -0.837071 -0.457916
vn -0.386854 -0.837071 -0.386854
vn -0.366219 -0.743039 -0.560157
vn -0.538102 -0.648762 -0.538102
vn -0.473230 -0.743039 -0.473230
vn -0.560157 -0.743039 -0.366219
vn -0.636946 -0.648762 -0.416422
vn -0.707561 -0.648762 -0.280117
vn -0.340879 -0.920476 0.191117
vn -0.424739 -0.837071 0.344833
vn -0.439472 -0.743039 0.504734
vn -0.303398 -0.920476 0.246320
vn -0.359259 -0.837071 0.412609
vn -0.256625 -0.920476 0.294733
vn -0.045355 -0.648762 0.759638
vn 0.095375 -0.920476 0.378982
vn 0.218161 -0.837071 0.501715
vn 0.366219 -0.743039 0.560157
vn 0.519213 -0.648762 0.556350
vn 0.311688 -0.920476 0.235742
vn 0.436345 -0.837071 0.330024
vn 0.485976 -0.837071 0.251278
vn 0.594482 -0.743039 0.307382
vn 0.724430 -0.648762 0.233043
vn 0.637094 -0.743039 0.204948
vn -0.000000 -1.000000 -0.000000
vn -0.000000 -1.000000 -0.000000
vn -0.000000 -1.000000 -0.000000
vn -0.000000 -1.000000 -0.000000
vn -0.000000 -1.000000 -0.000000
vn -0.000000 -1.000000 -0.000000
vn -0.000000 -1.000000 -0.000000
vn -0.000000 -1.000000 -0.000000
vn -0.000000 -1.000000 -0.000000
vn -0.000000 -1.000000 -0.000000
vn -0.000000 -1.000000 -0.000000
vn -0.000000 -1.000000 -0.000000
vn -0.000000 -1.000000 -0.000000
vn -0.000000 -1.000000 -0.000000
vn -0.000000 -1.000000 -0.000000
vn -0.000000 -1.000000 -0.000000
vn -0.000000 -1.000000 -0.000000
vn 0.000000 1.000000 -0.000000
vn -0.000000 1.000000 0.000000
vn 0.203794 0.979014 -0.000000
vn 0.195927 0.979014 0.056076
vn 0.375714 0.920476 0.107532
vn 0.355734 0.920476 0.161794
vn 0.498006 0.837071 0.226501
vn 0.457916 0.837071 0.299376
vn 0.560157 0.743039 0.366219
vn 0.497081 0.743039 0.448110
vn 0.565224 0.648762 0.509539
vn 0.479651 0.648762 0.590798
vn 0.522270 0.559830 0.643292
vn 0.417420 0.559830 0.715787
vn 0.457228 0.404687 0.791942
vn 0.305006 0.559830 0.770430
vn 0.236678 0.404687 0.883296
vn 0.189341 0.559830 0.806685
vn 0.074454 0.559830 0.825256
vn 0.173890 0.648762 0.740857
vn 0.068378 0.648762 0.757913
vn 0.152927 0.743039 0.651541
vn 0.060135 0.743039 0.666540
vn 0.125014 0.837071 0.532620
vn 0.049159 0.837071 0.544882
vn 0.089300 0.920476 0.380460
vn 0.035115 0.920476 0.389218
vn 0.046568 0.979014 0.198402
vn 0.018312 0.979014 0.202970
vn 0.000000 1.000000 0.000000
vn 0.000000 1.000000 0.000000
vn 0.185508 0.979014 0.084372
vn 0.000000 1.000000 -0.000000
vn 0.170575 0.979014 0.111518
vn 0.000000 1.000000 0.000000
vn 0.151367 0.979014 0.136455
vn 0.128451 0.979014 0.158216
vn 0.246320 0.920476 0.303398
vn 0.196869 0.920476 0.337589
vn 0.275605 0.837071 0.472604
vn 0.201383 0.837071 0.508682
vn 0.246347 0.743039 0.622259
vn -0.000000 1.000000 0.000000
vn 0.102663 0.979014 0.176046
vn 0.143851 0.920476 0.363361
vn 0.075015 0.979014 0.189485
vn -0.037083 0.979014 0.200392
vn -0.000000 1.000000 -0.000000
vn -0.065570 0.979014 0.192957
vn -0.000000 1.000000 -0.000000
vn -0.093601 0.979014 0.181027
vn -0.120127 0.979014 0.164626
vn -0.230357 0.920476 0.315689
vn -0.276337 0.920476 0.276337
vn -0.386854 0.837071 0.386854
vn -0.457916 0.837071 0.299376
vn -0.560157 0.743039 0.366219
vn -0.622259 0.743039 0.246347
vn -0.707561 0.648762 0.280117
vn -0.748287 0.648762 0.138472
vn -0.814774 0.559830 0.150776
vn -0.828608 0.559830 0.000000
vn -0.914455 0.404687 0.000000
vn -0.803552 0.559830 -0.202224
vn -0.883296 0.404687 -0.236678
vn -0.722762 0.559830 -0.405224
vn -0.791942 0.404687 -0.457228
vn -0.585914 0.559830 -0.585914
vn -0.646618 0.404687 -0.646618
vn -0.457228 0.404687 -0.791942
vn -0.405224 0.559830 -0.722762
vn -0.236678 0.404687 -0.883296
vn -0.202224 0.559830 -0.803552
vn -0.000000 0.404687 -0.914455
vn -0.000000 0.559830 -0.828608
vn 0.202224 0.559830 -0.803552
vn -0.000000 0.648762 -0.760991
vn 0.185722 0.648762 -0.737980
vn 0.000000 0.743039 -0.669248
vn 0.163331 0.743039 -0.649011
vn -0.000000 0.837071 -0.547095
vn 0.133520 0.837071 -0.530552
vn -0.000000 0.920476 -0.390799
vn 0.095375 0.920476 -0.378982
vn 0.000000 0.979014 -0.203794
vn 0.049736 0.979014 -0.197632
vn 0.000000 1.000000 -0.000000
vn 0.000000 1.000000 0.000000
vn -0.000000 1.000000 0.000000
vn -0.144104 0.979014 0.144104
vn -0.327097 0.920476 0.213849
vn -0.508682 0.837071 0.201383
vn -0.658075 0.743039 0.121778
vn -0.760991 0.648762 0.000000
vn -0.170575 0.979014 0.111518
vn -0.000000 1.000000 0.000000
vn -0.189485 0.979014 0.075015
vn -0.000000 1.000000 0.000000
vn -0.200392 0.979014 0.037083
vn -0.000000 1.000000 0.000000
vn -0.203794 0.979014 -0.000000
vn -0.197632 0.979014 -0.049736
vn -0.378982 0.920476 -0.095375
vn -0.340879 0.920476 -0.191117
vn -0.477209 0.837071 -0.267552
vn -0.386854 0.837071 -0.386854
vn -0.473230 0.743039 -0.473230
vn -0.327290 0.743039 -0.583758
vn -0.372156 0.648762 -0.663782
vn -0.185722 0.648762 -0.737980
vn 0.000000 1.000000 -0.000000
vn -0.177761 0.979014 -0.099664
vn -0.276337 0.920476 -0.276337
vn -0.267552 0.837071 -0.477209
vn -0.163331 0.743039 -0.649011
vn -0.000000 1.000000 -0.000000
vn -0.144104 0.979014 -0.144104
vn -0.191117 0.920476 -0.340879
vn -0.133520 0.837071 -0.530552
vn -0.000000 1.000000 -0.000000
vn 0.000000 1.000000 -0.000000
vn -0.099664 0.979014 -0.177761
vn 0.000000 1.000000 -0.000000
vn -0.049736 0.979014 -0.197632
vn 0.081266 0.979014 -0.186890
vn -0.000000 1.000000 -0.000000
vn 0.111518 0.979014 -0.170575
vn 0.000000 1.000000 -0.000000
vn 0.139046 0.979014 -0.148991
vn 0.162539 0.979014 -0.122935
vn 0.311688 0.920476 -0.235742
vn 0.347141 0.920476 -0.179492
vn 0.485976 0.837071 -0.251278
vn 0.520810 0.837071 -0.167540
vn 0.637094 0.743039 -0.204948
vn 0.661566 0.743039 -0.101108
vn 0.752256 0.648762 -0.114969
vn 0.669248 0.743039 0.000000
vn 0.828608 0.559830 0.000000
vn 0.000000 1.000000 -0.000000
vn 0.181027 0.979014 -0.093601
vn 0.372024 0.920476 -0.119677
vn 0.540815 0.837071 -0.082654
vn 0.194003 0.979014 -0.062409
vn 0.000000 1.000000 -0.000000
vn 0.201455 0.979014 -0.030789
vn 0.390799 0.920476 0.000000
vn 0.386314 0.920476 -0.059041
vn 0.547095 0.837071 0.000000
vn 0.819097 0.559830 -0.125184
vn 0.914455 0.404687 0.000000
vn 0.883296 0.404687 -0.236678
vn 0.788798 0.559830 -0.253750
vn 0.791942 0.404687 -0.457228
vn 0.736039 0.559830 -0.380575
vn 0.660870 0.559830 -0.499842
vn 0.606941 0.648762 -0.459053
vn 0.519213 0.648762 -0.556350
vn 0.456618 0.743039 -0.489278
vn 0.366219 0.743039 -0.560157
vn 0.299376 0.837071 -0.457916
vn 0.218161 0.837071 -0.501715
vn 0.155836 0.920476 -0.358384
vn 0.646618 0.404687 -0.646618
vn 0.565347 0.559830 -0.605784
vn 0.416422 0.648762 -0.636946
vn 0.266871 0.743039 -0.613736
vn 0.453422 0.559830 -0.693541
vn 0.457228 0.404687 -0.791942
vn 0.330418 0.559830 -0.759878
vn 0.236678 0.404687 -0.883296
vn -0.883296 0.404687 0.236678
vn -0.770430 0.559830 0.305006
vn -0.636946 0.648762 0.416422
vn -0.473230 0.743039 0.473230
vn -0.322486 0.837071 0.441945
vn -0.179492 0.920476 0.347141
vn -0.791942 0.404687 0.457228
vn -0.693541 0.559830 0.453422
vn -0.538102 0.648762 0.538102
vn -0.394489 0.743039 0.540621
vn -0.251278 0.837071 0.485976
vn -0.125739 0.920476 0.370019
vn -0.646618 0.404687 0.646618
vn -0.585914 0.559830 0.585914
vn -0.448567 0.648762 0.614732
vn -0.307382 0.743039 0.594482
vn -0.176027 0.837071 0.518003
vn -0.071111 0.920476 0.384275
vn -0.488424 0.559830 0.669353
vn -0.457228 0.404687 0.791942
vn -0.380575 0.559830 0.736039
vn -0.266603 0.559830 0.784547
vn -0.244848 0.648762 0.720525
vn -0.138472 0.648762 0.748287
vn -0.121778 0.743039 0.658075
vn -0.236678 0.404687 0.883296
vn -0.150776 0.559830 0.814774
vn 0.000000 0.404687 0.914455
vn 0.646618 0.404687 0.646618
vn 0.615446 0.559830 0.554813
vn 0.636946 0.648762 0.416422
vn 0.609198 0.743039 0.277074
vn 0.525976 0.837071 0.150538
vn 0.693541 0.559830 0.453422
vn 0.791942 0.404687 0.457228
vn 0.754260 0.559830 0.343050
vn 0.883296 0.404687 0.236678
vn 0.796623 0.559830 0.227998
vn 0.731616 0.648762 0.209393
vn 0.643414 0.743039 0.184149
vn 0.692710 0.648762 0.315056
vn 0.327097 0.920476 0.213849
vn 0.406353 0.837071 0.366320
vn 0.421826 0.743039 0.519573
vn 0.383357 0.648762 0.657377
vn 0.290265 0.920476 0.261668
vn 0.344833 0.837071 0.424739
vn 0.337140 0.743039 0.578125
vn 0.280117 0.648762 0.707561
vn -0.099551 0.837071 0.537961
vn -0.215330 0.743039 0.633660
vn -0.349519 0.648762 0.675976
vn -0.363361 0.920476 0.143851
vn -0.537961 0.837071 0.099551
vn -0.669248 0.743039 0.000000
vn -0.737980 0.648762 -0.185722
vn -0.384275 0.920476 0.071111
vn -0.547095 0.837071 0.000000
vn -0.649011 0.743039 -0.163331
vn -0.663782 0.648762 -0.372156
vn -0.390799 0.920476 0.000000
vn -0.530552 0.837071 -0.133520
vn -0.583758 0.743039 -0.327290
vn -0.538102 0.648762 -0.538102
vn -0.095375 0.920476 -0.378982
vn 0.303455 0.648762 -0.697870
vn 0.213849 0.920476 -0.327097
vn 0.373275 0.837071 -0.399973
vn 0.533770 0.743039 -0.403711
vn 0.675976 0.648762 -0.349519
vn 0.266637 0.920476 -0.285708
vn 0.436345 0.837071 -0.330024
vn 0.594482 0.743039 -0.307382
vn 0.724430 0.648762 -0.233043
vn 0.000000 1.000000 0.000000
vn 0.000000 1.000000 0.000000
vn 0.000000 1.000000 0.000000
vn 0.000000 1.000000 0.000000
vn 0.000000 1.000000 0.000000
vn 0.000000 1.000000 0.000000
vn 0.000000 1.000000 0.000000
vn 0.000000 1.000000 0.000000
vn 0.000000 1.000000 0.000000
vn 0.000000 1.000000 0.000000
vn -0.965926 0.000000 -0.258819
vn -0.988480 -0.044125 -0.144778
vn -1.000000 0.000000 -0.000000
vn -0.999026 -0.044125 -0.000000
vn -0.988480 -0.044125 0.144778
vn -0.996076 -0.088505 -0.000000
vn -0.985561 -0.088505 0.144351
vn -0.991063 -0.133396 -0.000000
vn -0.980601 -0.133396 0.143624
vn -0.983841 -0.179044 -0.000000
vn -0.950317 -0.179044 0.254637
vn -0.866025 -0.000000 -0.500000
vn -0.896502 -0.044125 -0.440838
vn -0.954932 -0.044125 -0.293526
vn -0.952112 -0.088505 -0.292659
vn -0.985561 -0.088505 -0.144351
vn -0.947320 -0.133396 -0.291186
vn -0.980601 -0.133396 -0.143624
vn -0.950317 -0.179044 -0.254637
vn -0.813033 -0.044125 -0.580543
vn -0.707107 0.000000 -0.707107
vn -0.706418 -0.044125 -0.706418
vn -0.580543 -0.044125 -0.813033
vn -0.578828 -0.088505 -0.810632
vn -0.439536 -0.088505 -0.893854
vn -0.437324 -0.133396 -0.889356
vn -0.291186 -0.133396 -0.947320
vn -0.254637 -0.179044 -0.950317
vn -0.143624 -0.133396 -0.980601
vn 0.000000 -0.179044 -0.983841
vn -0.000000 -0.133396 -0.991063
vn -0.144351 -0.088505 -0.985561
vn -0.000000 -0.088505 -0.996076
vn -0.144778 -0.044125 -0.988480
vn 0.000000 -0.000000 -1.000000
vn -0.258819 0.000000 -0.965926
vn -0.293526 -0.044125 -0.954932
vn -0.440838 -0.044125 -0.896502
vn -0.292659 -0.088505 -0.952112
vn -0.500000 -0.000000 -0.866025
vn -0.491920 -0.179044 -0.852031
vn -0.575915 -0.133396 -0.806553
vn -0.704332 -0.088505 -0.704332
vn -0.695681 -0.179044 -0.695681
vn -0.700787 -0.133396 -0.700787
vn -0.810632 -0.088505 -0.578828
vn -0.806553 -0.133396 -0.575915
vn -0.852031 -0.179044 -0.491920
vn -0.889356 -0.133396 -0.437324
vn -0.852031 -0.179044 0.491920
vn -0.889356 -0.133396 0.437324
vn -0.947320 -0.133396 0.291186
vn -0.952112 -0.088505 0.292659
vn -0.954932 -0.044125 0.293526
vn -0.965926 -0.000000 0.258819
vn -0.806553 -0.133396 0.575915
vn -0.695681 -0.179044 0.695681
vn -0.700787 -0.133396 0.700787
vn -0.575915 -0.133396 0.806553
vn -0.578828 -0.088505 0.810632
vn -0.439536 -0.088505 0.893854
vn -0.440838 -0.044125 0.896502
vn -0.293526 -0.044125 0.954932
vn -0.258819 -0.000000 0.965926
vn -0.144778 -0.044125 0.988480
vn 0.000000 0.000000 1.000000
vn 0.000000 -0.044125 0.999026
vn 0.144778 -0.044125 0.988480
vn 0.000000 -0.088505 0.996076
vn 0.144351 -0.088505 0.985561
vn -0.000000 -0.133396 0.991063
vn 0.143624 -0.133396 0.980601
vn -0.000000 -0.179044 0.983841
vn 0.254637 -0.179044 0.950317
vn -0.491920 -0.179044 0.852031
vn -0.437324 -0.133396 0.889356
vn -0.292659 -0.088505 0.952112
vn -0.254637 -0.179044 0.950317
vn -0.291186 -0.133396 0.947320
vn -0.144351 -0.088505 0.985561
vn -0.143624 -0.133396 0.980601
vn 0.491920 -0.179044 0.852031
vn 0.437324 -0.133396 0.889356
vn 0.291186 -0.133396 0.947320
vn 0.292659 -0.088505 0.952112
vn 0.293526 -0.044125 0.954932
vn 0.258819 -0.000000 0.965926
vn 0.575915 -0.133396 0.806553
vn 0.695681 -0.179044 0.695681
vn 0.700787 -0.133396 0.700787
vn 0.806553 -0.133396 0.575915
vn 0.810632 -0.088505 0.578828
vn 0.893854 -0.088505 0.439536
vn 0.896502 -0.044125 0.440838
vn 0.954932 -0.044125 0.293526
vn 0.965926 -0.000000 0.258819
vn 0.988480 -0.044125 0.144778
vn 1.000000 0.000000 0.000000
vn 0.999026 -0.044125 0.000000
vn 0.988480 -0.044125 -0.144778
vn 0.996076 -0.088505 0.000000
vn 0.985561 -0.088505 -0.144351
vn 0.991063 -0.133396 0.000000
vn 0.980601 -0.133396 -0.143624
vn 0.983841 -0.179044 0.000000
vn 0.950317 -0.179044 -0.254637
vn 0.852031 -0.179044 0.491920
vn 0.889356 -0.133396 0.437324
vn 0.952112 -0.088505 0.292659
vn 0.950317 -0.179044 0.254637
vn 0.947320 -0.133396 0.291186
vn 0.985561 -0.088505 0.144351
vn 0.980601 -0.133396 0.143624
vn 0.852031 -0.179044 -0.491920
vn 0.889356 -0.133396 -0.437324
vn 0.947320 -0.133396 -0.291186
vn 0.952112 -0.088505 -0.292659
vn 0.954932 -0.044125 -0.293526
vn 0.965926 -0.000000 -0.258819
vn 0.806553 -0.133396 -0.575915
vn 0.695681 -0.179044 -0.695681
vn 0.700787 -0.133396 -0.700787
vn 0.575915 -0.133396 -0.806553
vn 0.578828 -0.088505 -0.810632
vn 0.439536 -0.088505 -0.893854
vn 0.440838 -0.044125 -0.896502
vn 0.293526 -0.044125 -0.954932
vn 0.258819 0.000000 -0.965926
vn 0.144778 -0.044125 -0.988480
vn 0.144351 -0.088505 -0.985561
vn 0.143624 -0.133396 -0.980601
vn 0.291186 -0.133396 -0.947320
vn 0.254637 -0.179044 -0.950317
vn 0.437324 -0.133396 -0.889356
vn 0.491920 -0.179044 -0.852031
vn 0.500000 -0.000000 -0.866025
vn 0.580543 -0.044125 -0.813033
vn 0.704332 -0.088505 -0.704332
vn 0.707107 0.000000 -0.707107
vn 0.706418 -0.044125 -0.706418
vn 0.810632 -0.088505 -0.578828
vn 0.813033 -0.044125 -0.580543
vn 0.866025 0.000000 -0.500000
vn 0.896502 -0.044125 -0.440838
vn 0.866025 0.000000 0.500000
vn 0.813033 -0.044125 0.580543
vn 0.704332 -0.088505 0.704332
vn 0.707107 0.000000 0.707107
vn 0.706418 -0.044125 0.706418
vn 0.578828 -0.088505 0.810632
vn 0.580543 -0.044125 0.813033
vn 0.500000 0.000000 0.866025
vn 0.440838 -0.044125 0.896502
vn -0.500000 -0.000000 0.866025
vn -0.580543 -0.044125 0.813033
vn -0.704332 -0.088505 0.704332
vn -0.707107 0.000000 0.707107
vn -0.706418 -0.044125 0.706418
vn -0.810632 -0.088505 0.578828
vn -0.813033 -0.044125 0.580543
vn -0.866025 0.000000 0.500000
vn -0.896502 -0.044125 0.440838
vn -0.893854 -0.088505 -0.439536
vn -0.893854 -0.088505 0.439536
vn 0.439536 -0.088505 0.893854
vn 0.893854 -0.088505 -0.439536
vn 0.292659 -0.088505 -0.952112
vn -0.258819 -0.000000 0.965926
vn -0.258819 -0.000000 0.965926
vn 0.000000 -0.000000 1.000000
vn 0.000000 -0.000000 1.000000
vn 0.258819 -0.000000 0.965926
vn 0.258819 -0.000000 0.965926
vn 0.500000 -0.000000 0.866025
vn 0.500000 -0.000000 0.866025
vn 0.707107 -0.000000 0.707107
vn 0.707107 -0.000000 0.707107
vn 0.866025 -0.000000 0.500000
vn 0.866025 -0.000000 0.500000
vn 0.965926 -0.000000 0.258819
vn 0.965926 -0.000000 0.258819
vn 1.000000 -0.000000 -0.000000
vn 1.000000 -0.000000 -0.000000
vn 0.965926 -0.000000 -0.258819
vn 0.965926 -0.000000 -0.258819
vn 0.866025 -0.000000 -0.500000
vn 0.866025 -0.000000 -0.500000
vn 0.707107 -0.000000 -0.707107
vn 0.707107 -0.000000 -0.707107
vn 0.500000 -0.000000 -0.866025
vn 0.500000 -0.000000 -0.866025
vn 0.258819 -0.000000 -0.965926
vn 0.258819 -0.000000 -0.965926
vn 0.000000 -0.000000 -1.000000
vn 0.000000 -0.000000 -1.000000
vn -0.258819 0.000000 -0.965926
vn -0.258819 0.000000 -0.965926
vn -0.500000 0.000000 -0.866025
vn -0.500000 0.000000 -0.866025
vn -0.707107 0.000000 -0.707107
vn -0.707107 0.000000 -0.707107
vn -0.866025 0.000000 -0.500000
vn -0.866025 0.000000 -0.500000
vn -0.965926 0.000000 -0.258819
vn -0.965926 0.000000 -0.258819
vn -1.000000 0.000000 -0.000000
vn -1.000000 0.000000 -0.000000
vn -0.965926 -0.000000 0.258819
vn -0.965926 -0.000000 0.258819
vn -0.866025 -0.000000 0.500000
vn -0.866025 -0.000000 0.500000
vn -0.707107 -0.000000 0.707107
vn -0.707107 -0.000000 0.707107
vn -0.500000 -0.000000 0.866025
vn -0.500000 -0.000000 0.866025
vn -0.258819 0.000000 -0.965926
vn 0.258819 -0.000000 -0.965926
vn 0.500000 -0.000000 -0.866025
vn 0.866025 -0.000000 -0.500000
vn 0.965926 -0.000000 -0.258819
vn 0.965926 -0.000000 0.258819
vn 0.866025 -0.000000 0.500000
vn 0.500000 -0.000000 0.866025
vn 0.258819 -0.000000 0.965926
vn -0.258819 -0.000000 0.965926
vn -0.500000 -0.000000 0.866025
vn -0.866025 -0.000000 0.500000
vn -0.965926 -0.000000 0.258819
vn -0.965926 0.000000 -0.258819
vn -0.866025 0.000000 -0.500000
vn -0.500000 0.000000 -0.866025
vn -0.965926 0.000000 0.258819
vn -0.988480 0.044125 0.144778
vn -0.999026 0.044125 0.000000
vn -0.988480 0.044125 -0.144778
vn -0.996076 0.088505 0.000000
vn -0.985561 0.088505 -0.144351
vn -0.991063 0.133396 0.000000
vn -0.980601 0.133396 -0.143624
vn -0.983841 0.179044 0.000000
vn -0.950317 0.179044 -0.254637
vn -0.866025 0.000000 0.500000
vn -0.896502 0.044125 0.440838
vn -0.954932 0.044125 0.293526
vn -0.952112 0.088505 0.292659
vn -0.985561 0.088505 0.144351
vn -0.947320 0.133396 0.291186
vn -0.980601 0.133396 0.143624
vn -0.950317 0.179044 0.254637
vn -0.813033 0.044125 0.580543
vn -0.706418 0.044125 0.706418
vn -0.580543 0.044125 0.813033
vn -0.578828 0.088505 0.810632
vn -0.439536 0.088505 0.893854
vn -0.437324 0.133396 0.889356
vn -0.291186 0.133396 0.947320
vn -0.254637 0.179044 0.950317
vn -0.143624 0.133396 0.980601
vn 0.000000 0.179044 0.983841
vn 0.000000 0.133396 0.991063
vn -0.144351 0.088505 0.985561
vn 0.000000 0.088505 0.996076
vn -0.144778 0.044125 0.988480
vn -0.258819 0.000000 0.965926
vn -0.293526 0.044125 0.954932
vn -0.440838 0.044125 0.896502
vn -0.292659 0.088505 0.952112
vn -0.500000 -0.000000 0.866025
vn -0.491920 0.179044 0.852031
vn -0.575915 0.133396 0.806553
vn -0.704332 0.088505 0.704332
vn -0.695681 0.179044 0.695681
vn -0.700787 0.133396 0.700787
vn -0.810632 0.088505 0.578828
vn -0.806553 0.133396 0.575915
vn -0.852031 0.179044 0.491920
vn -0.889356 0.133396 0.437324
vn -0.852031 0.179044 -0.491920
vn -0.889356 0.133396 -0.437324
vn -0.947320 0.133396 -0.291186
vn -0.952112 0.088505 -0.292659
vn -0.954932 0.044125 -0.293526
vn -0.965926 0.000000 -0.258819
vn -0.806553 0.133396 -0.575915
vn -0.695681 0.179044 -0.695681
vn -0.700787 0.133396 -0.700787
vn -0.575915 0.133396 -0.806553
vn -0.578828 0.088505 -0.810632
vn -0.439536 0.088505 -0.893854
vn -0.440838 0.044125 -0.896502
vn -0.293526 0.044125 -0.954932
vn -0.258819 -0.000000 -0.965926
vn -0.144778 0.044125 -0.988480
vn 0.000000 0.044125 -0.999026
vn 0.144778 0.044125 -0.988480
vn -0.000000 0.088505 -0.996076
vn 0.144351 0.088505 -0.985561
vn 0.000000 0.133396 -0.991063
vn 0.143624 0.133396 -0.980601
vn -0.000000 0.179044 -0.983841
vn 0.254637 0.179044 -0.950317
vn -0.491920 0.179044 -0.852031
vn -0.437324 0.133396 -0.889356
vn -0.292659 0.088505 -0.952112
vn -0.254637 0.179044 -0.950317
vn -0.291186 0.133396 -0.947320
vn -0.144351 0.088505 -0.985561
vn -0.143624 0.133396 -0.980601
vn 0.491920 0.179044 -0.852031
vn 0.437324 0.133396 -0.889356
vn 0.291186 0.133396 -0.947320
vn 0.292659 0.088505 -0.952112
vn 0.293526 0.044125 -0.954932
vn 0.258819 0.000000 -0.965926
vn 0.575915 0.133396 -0.806553
vn 0.695681 0.179044 -0.695681
vn 0.700787 0.133396 -0.700787
vn 0.806553 0.133396 -0.575915
vn 0.810632 0.088505 -0.578828
vn 0.893854 0.088505 -0.439536
vn 0.896502 0.044125 -0.440838
vn 0.954932 0.044125 -0.293526
vn 0.965926 -0.000000 -0.258819
vn 0.988480 0.044125 -0.144778
vn 0.999026 0.044125 -0.000000
vn 0.988480 0.044125 0.144778
vn 0.996076 0.088505 -0.000000
vn 0.985561 0.088505 0.144351
vn 0.991063 0.133396 -0.000000
vn 0.980601 0.133396 0.143624
vn 0.983841 0.179044 -0.000000
vn 0.950317 0.179044 0.254637
vn 0.852031 0.179044 -0.491920
vn 0.889356 0.133396 -0.437324
vn 0.952112 0.088505 -0.292659
vn 0.950317 0.179044 -0.254637
vn 0.947320 0.133396 -0.291186
vn 0.985561 0.088505 -0.144351
vn 0.980601 0.133396 -0.143624
vn 0.852031 0.179044 0.491920
vn 0.889356 0.133396 0.437324
vn 0.947320 0.133396 0.291186
vn 0.952112 0.088505 0.292659
vn 0.954932 0.044125 0.293526
vn 0.965926 -0.000000 0.258819
vn 0.806553 0.133396 0.575915
vn 0.695681 0.179044 0.695681
vn 0.700787 0.133396 0.700787
vn 0.575915 0.133396 0.806553
vn 0.578828 0.088505 0.810632
vn 0.439536 0.088505 0.893854
vn 0.440838 0.044125 0.896502
vn 0.293526 0.044125 0.954932
vn 0.258819 -0.000000 0.965926
vn 0.144778 0.044125 0.988480
vn 0.144351 0.088505 0.985561
vn 0.143624 0.133396 0.980601
vn 0.291186 0.133396 0.947320
vn 0.254637 0.179044 0.950317
vn 0.437324 0.133396 0.889356
vn 0.491920 0.179044 0.852031
vn 0.500000 -0.000000 0.866025
vn 0.580543 0.044125 0.813033
vn 0.704332 0.088505 0.704332
vn 0.706418 0.044125 0.706418
vn 0.810632 0.088505 0.578828
vn 0.813033 0.044125 0.580543
vn 0.866025 0.000000 0.500000
vn 0.896502 0.044125 0.440838
vn 0.866025 -0.000000 -0.500000
vn 0.813033 0.044125 -0.580543
vn 0.704332 0.088505 -0.704332
vn 0.706418 0.044125 -0.706418
vn 0.578828 0.088505 -0.810632
vn 0.580543 0.044125 -0.813033
vn 0.500000 0.000000 -0.866025
vn 0.440838 0.044125 -0.896502
vn -0.500000 0.000000 -0.866025
vn -0.580543 0.044125 -0.813033
vn -0.704332 0.088505 -0.704332
vn -0.706418 0.044125 -0.706418
vn -0.810632 0.088505 -0.578828
vn -0.813033 0.044125 -0.580543
vn -0.866025 -0.000000 -0.500000
vn -0.896502 0.044125 -0.440838
vn -0.893854 0.088505 0.439536
vn -0.893854 0.088505 -0.439536
vn 0.439536 0.088505 -0.893854
vn 0.893854 0.088505 0.439536
vn 0.292659 0.088505 0.952112
usemtl Steel_-_Satin
f 1/1/1 2/2/2 25/3/3
f 25/3/3 2/2/2 70/4/4
f 25/3/3 70/4/4 71/5/5
f 71/5/5 70/4/4 83/6/6
f 71/5/5 83/6/6 82/7/7
f 82/7/7 83/6/6 77/8/8
f 82/7/7 77/8/8 78/9/9
f 78/9/9 77/8/8 90/10/10
f 78/9/9 90/10/10 89/11/11
f 89/11/11 90/10/10 87/12/12
f 89/11/11 87/12/12 58/13/13
f 58/13/13 87/12/12 100/14/14
f 58/13/13 100/14/14 50/15/15
f 50/15/15 100/14/14 99/16/16
f 50/15/15 99/16/16 49/17/17
f 49/17/17 99/16/16 111/18/18
f 49/17/17 111/18/18 48/19/19
f 48/19/19 111/18/18 118/20/20
f 48/19/19 118/20/20 117/21/21
f 117/21/21 118/20/20 119/22/22
f 117/21/21 119/22/22 116/23/23
f 116/23/23 119/22/22 120/24/24
f 116/23/23 120/24/24 115/25/25
f 115/25/25 120/24/24 121/26/26
f 115/25/25 121/26/26 114/27/27
f 114/27/27 121/26/26 122/28/28
f 114/27/27 122/28/28 113/29/29
f 113/29/29 122/28/28 123/30/30
f 113/29/29 123/30/30 112/31/31
f 112/31/31 123/30/30 7/32/32
f 112/31/31 7/32/32 8/33/33
f 70/4/4 2/2/2 55/34/34
f 55/34/34 2/2/2 3/35/35
f 55/34/34 3/35/35 57/36/36
f 57/36/36 3/35/35 4/37/37
f 57/36/36 4/37/37 93/38/38
f 93/38/38 4/37/37 59/39/39
f 93/38/38 59/39/39 84/40/40
f 84/40/40 59/39/39 104/41/41
f 84/40/40 104/41/41 103/42/42
f 103/42/42 104/41/41 96/43/43
f 103/42/42 96/43/43 97/44/44
f 97/44/44 96/43/43 109/45/45
f 97/44/44 109/45/45 110/46/46
f 110/46/46 109/45/45 119/22/22
f 110/46/46 119/22/22 118/20/20
f 4/37/37 5/47/47 59/39/39
f 59/39/39 5/47/47 105/48/48
f 59/39/39 105/48/48 104/41/41
f 104/41/41 105/48/48 95/49/49
f 104/41/41 95/49/49 96/43/43
f 96/43/43 95/49/49 108/50/50
f 96/43/43 108/50/50 109/45/45
f 109/45/45 108/50/50 120/24/24
f 109/45/45 120/24/24 119/22/22
f 105/48/48 5/47/47 94/51/51
f 94/51/51 5/47/47 6/52/52
f 94/51/51 6/52/52 106/53/53
f 106/53/53 6/52/52 7/32/32
f 106/53/53 7/32/32 123/30/30
f 112/31/31 8/33/33 124/54/54
f 124/54/54 8/33/33 9/55/55
f 124/54/54 9/55/55 130/56/56
f 130/56/56 9/55/55 10/57/57
f 130/56/56 10/57/57 147/58/58
f 147/58/58 10/57/57 136/59/59
f 147/58/58 136/59/59 137/60/60
f 137/60/60 136/59/59 149/61/61
f 137/60/60 149/61/61 150/62/62
f 150/62/62 149/61/61 156/63/63
f 150/62/62 156/63/63 157/64/64
f 157/64/64 156/63/63 168/65/65
f 157/64/64 168/65/65 167/66/66
f 167/66/66 168/65/65 164/67/67
f 167/66/66 164/67/67 165/68/68
f 165/68/68 164/67/67 177/69/69
f 165/68/68 177/69/69 41/70/70
f 41/70/70 177/69/69 40/71/71
f 40/71/71 177/69/69 183/72/72
f 40/71/71 183/72/72 39/73/73
f 39/73/73 183/72/72 60/74/74
f 39/73/73 60/74/74 38/75/75
f 38/75/75 60/74/74 194/76/76
f 38/75/75 194/76/76 193/77/77
f 193/77/77 194/76/76 195/78/78
f 193/77/77 195/78/78 192/79/79
f 192/79/79 195/78/78 196/80/80
f 192/79/79 196/80/80 191/81/81
f 191/81/81 196/80/80 197/82/82
f 191/81/81 197/82/82 190/83/83
f 190/83/83 197/82/82 198/84/84
f 190/83/83 198/84/84 189/85/85
f 189/85/85 198/84/84 199/86/86
f 189/85/85 199/86/86 188/87/87
f 188/87/87 199/86/86 17/88/88
f 188/87/87 17/88/88 18/89/89
f 10/57/57 11/90/90 136/59/59
f 136/59/59 11/90/90 148/91/91
f 136/59/59 148/91/91 149/61/61
f 149/61/61 148/91/91 155/92/92
f 149/61/61 155/92/92 156/63/63
f 156/63/63 155/92/92 169/93/93
f 156/63/63 169/93/93 168/65/65
f 168/65/65 169/93/93 163/94/94
f 168/65/65 163/94/94 164/67/67
f 164/67/67 163/94/94 176/95/95
f 164/67/67 176/95/95 177/69/69
f 177/69/69 176/95/95 183/72/72
f 11/90/90 12/96/96 148/91/91
f 148/91/91 12/96/96 154/97/97
f 148/91/91 154/97/97 155/92/92
f 155/92/92 154/97/97 170/98/98
f 155/92/92 170/98/98 169/93/93
f 169/93/93 170/98/98 162/99/99
f 169/93/93 162/99/99 163/94/94
f 163/94/94 162/99/99 175/100/100
f 163/94/94 175/100/100 176/95/95
f 176/95/95 175/100/100 182/101/101
f 176/95/95 182/101/101 183/72/72
f 183/72/72 182/101/101 60/74/74
f 12/96/96 13/102/102 154/97/97
f 154/97/97 13/102/102 171/103/103
f 154/97/97 171/103/103 170/98/98
f 170/98/98 171/103/103 161/104/104
f 170/98/98 161/104/104 162/99/99
f 162/99/99 161/104/104 174/105/105
f 162/99/99 174/105/105 175/100/100
f 175/100/100 174/105/105 181/106/106
f 175/100/100 181/106/106 182/101/101
f 182/101/101 181/106/106 187/107/107
f 182/101/101 187/107/107 60/74/74
f 60/74/74 187/107/107 194/76/76
f 171/103/103 13/102/102 160/108/108
f 160/108/108 13/102/102 14/109/109
f 160/108/108 14/109/109 172/110/110
f 172/110/110 14/109/109 15/111/111
f 172/110/110 15/111/111 178/112/112
f 178/112/112 15/111/111 16/113/113
f 178/112/112 16/113/113 61/114/114
f 61/114/114 16/113/113 17/88/88
f 61/114/114 17/88/88 199/86/86
f 19/115/115 63/116/116 18/89/89
f 18/89/89 63/116/116 200/117/117
f 18/89/89 200/117/117 188/87/87
f 188/87/87 200/117/117 201/118/118
f 188/87/87 201/118/118 189/85/85
f 189/85/85 201/118/118 202/119/119
f 189/85/85 202/119/119 190/83/83
f 190/83/83 202/119/119 203/120/120
f 190/83/83 203/120/120 191/81/81
f 191/81/81 203/120/120 204/121/121
f 191/81/81 204/121/121 192/79/79
f 192/79/79 204/121/121 205/122/122
f 192/79/79 205/122/122 193/77/77
f 193/77/77 205/122/122 37/123/123
f 193/77/77 37/123/123 38/75/75
f 63/116/116 19/115/115 65/124/124
f 65/124/124 19/115/115 20/125/125
f 65/124/124 20/125/125 225/126/126
f 225/126/126 20/125/125 214/127/127
f 225/126/126 214/127/127 215/128/128
f 215/128/128 214/127/127 226/129/129
f 215/128/128 226/129/129 227/130/130
f 227/130/130 226/129/129 239/131/131
f 227/130/130 239/131/131 238/132/132
f 238/132/132 239/131/131 233/133/133
f 238/132/132 233/133/133 234/134/134
f 234/134/134 233/133/133 246/135/135
f 234/134/134 246/135/135 247/136/136
f 247/136/136 246/135/135 68/137/137
f 247/136/136 68/137/137 32/138/138
f 32/138/138 68/137/137 31/139/139
f 31/139/139 68/137/137 253/140/140
f 31/139/139 253/140/140 30/141/141
f 30/141/141 253/140/140 29/142/142
f 29/142/142 253/140/140 252/143/143
f 29/142/142 252/143/143 28/144/144
f 28/144/144 252/143/143 251/145/145
f 28/144/144 251/145/145 250/146/146
f 250/146/146 251/145/145 256/147/147
f 250/146/146 256/147/147 257/148/148
f 257/148/148 256/147/147 243/149/149
f 257/148/148 243/149/149 242/150/150
f 242/150/150 243/149/149 230/151/151
f 242/150/150 230/151/151 23/152/152
f 23/152/152 230/151/151 22/153/153
f 22/153/153 230/151/151 241/154/154
f 22/153/153 241/154/154 67/155/155
f 67/155/155 241/154/154 240/156/156
f 67/155/155 240/156/156 226/129/129
f 226/129/129 240/156/156 239/131/131
f 20/125/125 21/157/157 214/127/127
f 214/127/127 21/157/157 67/155/155
f 214/127/127 67/155/155 226/129/129
f 21/157/157 22/153/153 67/155/155
f 242/150/150 23/152/152 69/158/158
f 69/158/158 23/152/152 24/159/159
f 69/158/158 24/159/159 248/160/160
f 248/160/160 24/159/159 1/161/1
f 248/160/160 1/161/1 25/162/3
f 25/162/3 26/163/161 248/160/160
f 248/160/160 26/163/161 249/164/162
f 248/160/160 249/164/162 69/158/158
f 69/158/158 249/164/162 257/148/148
f 69/158/158 257/148/148 242/150/150
f 26/163/161 27/165/163 249/164/162
f 249/164/162 27/165/163 250/146/146
f 249/164/162 250/146/146 257/148/148
f 27/165/163 28/144/144 250/146/146
f 247/136/136 32/138/138 235/166/164
f 235/166/164 32/138/138 33/167/165
f 235/166/164 33/167/165 236/168/166
f 236/168/166 33/167/165 66/169/167
f 236/168/166 66/169/167 229/170/168
f 229/170/168 66/169/167 218/171/169
f 229/170/168 218/171/169 217/172/170
f 217/172/170 218/171/169 222/173/171
f 217/172/170 222/173/171 223/174/172
f 223/174/172 222/173/171 207/175/173
f 223/174/172 207/175/173 206/176/174
f 206/176/174 207/175/173 213/177/175
f 206/176/174 213/177/175 63/116/116
f 63/116/116 213/177/175 200/117/117
f 33/167/165 34/178/176 66/169/167
f 66/169/167 34/178/176 219/179/177
f 66/169/167 219/179/177 218/171/169
f 218/171/169 219/179/177 221/180/178
f 218/171/169 221/180/178 222/173/171
f 222/173/171 221/180/178 208/181/179
f 222/173/171 208/181/179 207/175/173
f 207/175/173 208/181/179 212/182/180
f 207/175/173 212/182/180 213/177/175
f 213/177/175 212/182/180 201/118/118
f 213/177/175 201/118/118 200/117/117
f 34/178/176 35/183/181 219/179/177
f 219/179/177 35/183/181 220/184/182
f 219/179/177 220/184/182 221/180/178
f 221/180/178 220/184/182 209/185/183
f 221/180/178 209/185/183 208/181/179
f 208/181/179 209/185/183 211/186/184
f 208/181/179 211/186/184 212/182/180
f 212/182/180 211/186/184 202/119/119
f 212/182/180 202/119/119 201/118/118
f 220/184/182 35/183/181 64/187/185
f 64/187/185 35/183/181 36/188/186
f 64/187/185 36/188/186 62/189/187
f 62/189/187 36/188/186 37/123/123
f 62/189/187 37/123/123 205/122/122
f 41/70/70 42/190/188 165/68/68
f 165/68/68 42/190/188 166/191/189
f 165/68/68 166/191/189 167/66/66
f 167/66/66 166/191/189 158/192/190
f 167/66/66 158/192/190 157/64/64
f 157/64/64 158/192/190 151/193/191
f 157/64/64 151/193/191 150/62/62
f 150/62/62 151/193/191 138/194/192
f 150/62/62 138/194/192 137/60/60
f 137/60/60 138/194/192 146/195/193
f 137/60/60 146/195/193 147/58/58
f 147/58/58 146/195/193 130/56/56
f 166/191/189 42/190/188 159/196/194
f 159/196/194 42/190/188 43/197/195
f 159/196/194 43/197/195 153/198/196
f 153/198/196 43/197/195 44/199/197
f 153/198/196 44/199/197 141/200/198
f 141/200/198 44/199/197 45/201/199
f 141/200/198 45/201/199 142/202/200
f 142/202/200 45/201/199 135/203/201
f 142/202/200 135/203/201 134/204/202
f 134/204/202 135/203/201 128/205/203
f 134/204/202 128/205/203 127/206/204
f 127/206/204 128/205/203 115/25/25
f 127/206/204 115/25/25 114/27/27
f 45/201/199 46/207/205 135/203/201
f 135/203/201 46/207/205 129/208/206
f 135/203/201 129/208/206 128/205/203
f 128/205/203 129/208/206 116/23/23
f 128/205/203 116/23/23 115/25/25
f 46/207/205 47/209/207 129/208/206
f 129/208/206 47/209/207 117/21/21
f 129/208/206 117/21/21 116/23/23
f 47/209/207 48/19/19 117/21/21
f 50/15/15 51/210/208 58/13/13
f 58/13/13 51/210/208 88/211/209
f 58/13/13 88/211/209 89/11/11
f 89/11/11 88/211/209 79/212/210
f 89/11/11 79/212/210 78/9/9
f 78/9/9 79/212/210 81/213/211
f 78/9/9 81/213/211 82/7/7
f 82/7/7 81/213/211 72/214/212
f 82/7/7 72/214/212 71/5/5
f 71/5/5 72/214/212 26/215/161
f 71/5/5 26/215/161 25/3/3
f 88/211/209 51/210/208 56/216/213
f 56/216/213 51/210/208 52/217/214
f 56/216/213 52/217/214 54/218/215
f 54/218/215 52/217/214 53/219/216
f 54/218/215 53/219/216 75/220/217
f 75/220/217 53/219/216 29/221/142
f 75/220/217 29/221/142 74/222/218
f 74/222/218 29/221/142 28/223/144
f 74/222/218 28/223/144 73/224/219
f 73/224/219 28/223/144 27/225/163
f 73/224/219 27/225/163 72/214/212
f 72/214/212 27/225/163 26/215/161
f 53/219/216 30/226/141 29/221/142
f 72/214/212 81/213/211 73/224/219
f 73/224/219 81/213/211 80/227/220
f 73/224/219 80/227/220 74/222/218
f 74/222/218 80/227/220 54/218/215
f 74/222/218 54/218/215 75/220/217
f 57/36/36 76/228/221 55/34/34
f 55/34/34 76/228/221 83/6/6
f 55/34/34 83/6/6 70/4/4
f 83/6/6 76/228/221 77/8/8
f 77/8/8 76/228/221 91/229/222
f 77/8/8 91/229/222 90/10/10
f 90/10/10 91/229/222 86/230/223
f 90/10/10 86/230/223 87/12/12
f 87/12/12 86/230/223 101/231/224
f 87/12/12 101/231/224 100/14/14
f 100/14/14 101/231/224 99/16/16
f 76/228/221 57/36/36 92/232/225
f 92/232/225 57/36/36 93/38/38
f 92/232/225 93/38/38 84/40/40
f 80/227/220 81/213/211 79/212/210
f 54/218/215 80/227/220 56/216/213
f 56/216/213 80/227/220 79/212/210
f 56/216/213 79/212/210 88/211/209
f 84/40/40 85/233/226 92/232/225
f 92/232/225 85/233/226 91/229/222
f 92/232/225 91/229/222 76/228/221
f 91/229/222 85/233/226 86/230/223
f 86/230/223 85/233/226 102/234/227
f 86/230/223 102/234/227 101/231/224
f 101/231/224 102/234/227 98/235/228
f 101/231/224 98/235/228 99/16/16
f 99/16/16 98/235/228 111/18/18
f 102/234/227 85/233/226 103/42/42
f 103/42/42 85/233/226 84/40/40
f 105/48/48 94/51/51 95/49/49
f 95/49/49 94/51/51 107/236/229
f 95/49/49 107/236/229 108/50/50
f 108/50/50 107/236/229 121/26/26
f 108/50/50 121/26/26 120/24/24
f 102/234/227 103/42/42 97/44/44
f 102/234/227 97/44/44 98/235/228
f 98/235/228 97/44/44 110/46/46
f 98/235/228 110/46/46 111/18/18
f 111/18/18 110/46/46 118/20/20
f 94/51/51 106/53/53 107/236/229
f 107/236/229 106/53/53 122/28/28
f 107/236/229 122/28/28 121/26/26
f 123/30/30 122/28/28 106/53/53
f 113/29/29 112/31/31 125/237/230
f 125/237/230 112/31/31 124/54/54
f 125/237/230 124/54/54 131/238/231
f 131/238/231 124/54/54 130/56/56
f 131/238/231 130/56/56 146/195/193
f 114/27/27 113/29/29 126/239/232
f 126/239/232 113/29/29 125/237/230
f 126/239/232 125/237/230 132/240/233
f 132/240/233 125/237/230 131/238/231
f 132/240/233 131/238/231 145/241/234
f 145/241/234 131/238/231 146/195/193
f 145/241/234 146/195/193 138/194/192
f 114/27/27 126/239/232 127/206/204
f 127/206/204 126/239/232 133/242/235
f 127/206/204 133/242/235 134/204/202
f 134/204/202 133/242/235 143/243/236
f 134/204/202 143/243/236 142/202/200
f 142/202/200 143/243/236 141/200/198
f 133/242/235 126/239/232 132/240/233
f 133/242/235 132/240/233 144/244/237
f 144/244/237 132/240/233 145/241/234
f 144/244/237 145/241/234 139/245/238
f 139/245/238 145/241/234 138/194/192
f 139/245/238 138/194/192 151/193/191
f 139/245/238 140/246/239 144/244/237
f 144/244/237 140/246/239 143/243/236
f 144/244/237 143/243/236 133/242/235
f 153/198/196 141/200/198 140/246/239
f 140/246/239 141/200/198 143/243/236
f 140/246/239 139/245/238 152/247/240
f 152/247/240 139/245/238 151/193/191
f 152/247/240 151/193/191 158/192/190
f 159/196/194 153/198/196 152/247/240
f 152/247/240 153/198/196 140/246/239
f 159/196/194 152/247/240 158/192/190
f 166/191/189 159/196/194 158/192/190
f 171/103/103 160/108/108 161/104/104
f 161/104/104 160/108/108 173/248/241
f 161/104/104 173/248/241 174/105/105
f 174/105/105 173/248/241 180/249/242
f 174/105/105 180/249/242 181/106/106
f 181/106/106 180/249/242 186/250/243
f 181/106/106 186/250/243 187/107/107
f 187/107/107 186/250/243 195/78/78
f 187/107/107 195/78/78 194/76/76
f 160/108/108 172/110/110 173/248/241
f 173/248/241 172/110/110 179/251/244
f 173/248/241 179/251/244 180/249/242
f 180/249/242 179/251/244 185/252/245
f 180/249/242 185/252/245 186/250/243
f 186/250/243 185/252/245 196/80/80
f 186/250/243 196/80/80 195/78/78
f 172/110/110 178/112/112 179/251/244
f 179/251/244 178/112/112 184/253/246
f 179/251/244 184/253/246 185/252/245
f 185/252/245 184/253/246 197/82/82
f 185/252/245 197/82/82 196/80/80
f 178/112/112 61/114/114 184/253/246
f 184/253/246 61/114/114 198/84/84
f 184/253/246 198/84/84 197/82/82
f 199/86/86 198/84/84 61/114/114
f 202/119/119 211/186/184 203/120/120
f 203/120/120 211/186/184 210/254/247
f 203/120/120 210/254/247 204/121/121
f 204/121/121 210/254/247 62/189/187
f 204/121/121 62/189/187 205/122/122
f 63/116/116 65/124/124 206/176/174
f 206/176/174 65/124/124 224/255/248
f 206/176/174 224/255/248 223/174/172
f 223/174/172 224/255/248 216/256/249
f 223/174/172 216/256/249 217/172/170
f 217/172/170 216/256/249 228/257/250
f 217/172/170 228/257/250 229/170/168
f 229/170/168 228/257/250 237/258/251
f 229/170/168 237/258/251 236/168/166
f 236/168/166 237/258/251 235/166/164
f 210/254/247 211/186/184 209/185/183
f 62/189/187 210/254/247 64/187/185
f 64/187/185 210/254/247 209/185/183
f 64/187/185 209/185/183 220/184/182
f 225/126/126 215/128/128 224/255/248
f 224/255/248 215/128/128 216/256/249
f 228/257/250 216/256/249 227/130/130
f 227/130/130 216/256/249 215/128/128
f 65/124/124 225/126/126 224/255/248
f 237/258/251 228/257/250 238/132/132
f 238/132/132 228/257/250 227/130/130
f 240/156/156 241/154/154 231/259/252
f 231/259/252 241/154/154 230/151/151
f 231/259/252 230/151/151 243/149/149
f 239/131/131 240/156/156 232/260/253
f 232/260/253 240/156/156 231/259/252
f 232/260/253 231/259/252 244/261/254
f 244/261/254 231/259/252 243/149/149
f 244/261/254 243/149/149 256/147/147
f 239/131/131 232/260/253 233/133/133
f 233/133/133 232/260/253 245/262/255
f 233/133/133 245/262/255 246/135/135
f 246/135/135 245/262/255 254/263/256
f 246/135/135 254/263/256 68/137/137
f 68/137/137 254/263/256 253/140/140
f 245/262/255 232/260/253 244/261/254
f 237/258/251 238/132/132 234/134/134
f 247/136/136 235/166/164 234/134/134
f 234/134/134 235/166/164 237/258/251
f 245/262/255 244/261/254 255/264/257
f 255/264/257 244/261/254 256/147/147
f 255/264/257 256/147/147 251/145/145
f 251/145/145 252/143/143 255/264/257
f 255/264/257 252/143/143 254/263/256
f 255/264/257 254/263/256 245/262/255
f 252/143/143 253/140/140 254/263/256
f 1/265/258 24/266/259 2/267/260
f 2/267/260 24/266/259 3/268/261
f 3/268/261 24/266/259 23/269/262
f 3/268/261 23/269/262 4/270/37
f 4/270/37 23/269/262 22/271/153
f 4/270/37 22/271/153 5/272/263
f 5/272/263 22/271/153 21/273/264
f 5/272/263 21/273/264 6/274/265
f 6/274/265 21/273/264 20/275/266
f 6/274/265 20/275/266 7/276/267
f 7/276/267 20/275/266 19/277/268
f 7/276/267 19/277/268 8/278/33
f 8/278/33 19/277/268 18/279/269
f 8/278/33 18/279/269 9/280/55
f 9/280/55 18/279/269 17/281/270
f 9/280/55 17/281/270 10/282/57
f 10/282/57 17/281/270 16/283/113
f 10/282/57 16/283/113 11/284/271
f 11/284/271 16/283/113 15/285/272
f 11/284/271 15/285/272 12/286/96
f 12/286/96 15/285/272 14/287/273
f 12/286/96 14/287/273 13/288/274
f 258/289/275 259/290/276 282/291/277
f 282/291/277 259/290/276 325/292/278
f 282/291/277 325/292/278 326/293/279
f 326/293/279 325/292/278 338/294/280
f 326/293/279 338/294/280 337/295/281
f 337/295/281 338/294/280 332/296/282
f 337/295/281 332/296/282 333/297/283
f 333/297/283 332/296/282 345/298/284
f 333/297/283 345/298/284 344/299/285
f 344/299/285 345/298/284 342/300/286
f 344/299/285 342/300/286 315/301/287
f 315/301/287 342/300/286 355/302/288
f 315/301/287 355/302/288 307/303/289
f 307/303/289 355/302/288 354/304/290
f 307/303/289 354/304/290 306/305/291
f 306/305/291 354/304/290 366/306/292
f 306/305/291 366/306/292 317/307/293
f 317/307/293 366/306/292 365/308/294
f 317/307/293 365/308/294 373/309/295
f 373/309/295 365/308/294 364/310/296
f 373/309/295 364/310/296 374/311/297
f 374/311/297 364/310/296 363/312/298
f 374/311/297 363/312/298 375/313/299
f 375/313/299 363/312/298 362/314/300
f 375/313/299 362/314/300 376/315/301
f 376/315/301 362/314/300 361/316/302
f 376/315/301 361/316/302 318/317/303
f 318/317/303 361/316/302 263/318/304
f 318/317/303 263/318/304 264/319/305
f 325/292/278 259/290/276 312/320/306
f 312/320/306 259/290/276 260/321/307
f 312/320/306 260/321/307 314/322/308
f 314/322/308 260/321/307 261/323/309
f 314/322/308 261/323/309 348/324/310
f 348/324/310 261/323/309 316/325/311
f 348/324/310 316/325/311 339/326/312
f 339/326/312 316/325/311 359/327/313
f 339/326/312 359/327/313 358/328/314
f 358/328/314 359/327/313 351/329/315
f 358/328/314 351/329/315 352/330/316
f 352/330/316 351/329/315 364/310/296
f 352/330/316 364/310/296 365/308/294
f 261/323/309 262/331/317 316/325/311
f 316/325/311 262/331/317 360/332/318
f 316/325/311 360/332/318 359/327/313
f 359/327/313 360/332/318 350/333/319
f 359/327/313 350/333/319 351/329/315
f 351/329/315 350/333/319 363/312/298
f 351/329/315 363/312/298 364/310/296
f 360/332/318 262/331/317 349/334/320
f 349/334/320 262/331/317 263/318/304
f 349/334/320 263/318/304 361/316/302
f 318/317/303 264/319/305 367/335/321
f 367/335/321 264/319/305 265/336/322
f 367/335/321 265/336/322 320/337/323
f 320/337/323 265/336/322 266/338/324
f 320/337/323 266/338/324 392/339/325
f 392/339/325 266/338/324 381/340/326
f 392/339/325 381/340/326 382/341/327
f 382/341/327 381/340/326 403/342/328
f 382/341/327 403/342/328 402/343/329
f 402/343/329 403/342/328 395/344/330
f 402/343/329 395/344/330 396/345/331
f 396/345/331 395/344/330 408/346/332
f 396/345/331 408/346/332 409/347/333
f 409/347/333 408/346/332 415/348/334
f 409/347/333 415/348/334 416/349/335
f 416/349/335 415/348/334 423/350/336
f 416/349/335 423/350/336 299/351/337
f 299/351/337 423/350/336 422/352/338
f 299/351/337 422/352/338 298/353/339
f 298/353/339 422/352/338 434/354/340
f 298/353/339 434/354/340 297/355/341
f 297/355/341 434/354/340 440/356/342
f 297/355/341 440/356/342 296/357/343
f 296/357/343 440/356/342 295/358/344
f 295/358/344 440/356/342 446/359/345
f 295/358/344 446/359/345 294/360/346
f 294/360/346 446/359/345 452/361/347
f 294/360/346 452/361/347 293/362/348
f 293/362/348 452/361/347 459/363/349
f 293/362/348 459/363/349 458/364/350
f 458/364/350 459/363/349 460/365/351
f 458/364/350 460/365/351 457/366/352
f 457/366/352 460/365/351 461/367/353
f 457/366/352 461/367/353 456/368/354
f 456/368/354 461/367/353 462/369/355
f 456/368/354 462/369/355 455/370/356
f 455/370/356 462/369/355 463/371/357
f 455/370/356 463/371/357 454/372/358
f 454/372/358 463/371/357 464/373/359
f 454/372/358 464/373/359 453/374/360
f 453/374/360 464/373/359 276/375/361
f 453/374/360 276/375/361 277/376/362
f 266/338/324 267/377/363 381/340/326
f 381/340/326 267/377/363 404/378/364
f 381/340/326 404/378/364 403/342/328
f 403/342/328 404/378/364 394/379/365
f 403/342/328 394/379/365 395/344/330
f 395/344/330 394/379/365 407/380/366
f 395/344/330 407/380/366 408/346/332
f 408/346/332 407/380/366 414/381/367
f 408/346/332 414/381/367 415/348/334
f 415/348/334 414/381/367 424/382/368
f 415/348/334 424/382/368 423/350/336
f 423/350/336 424/382/368 422/352/338
f 404/378/364 267/377/363 393/383/369
f 393/383/369 267/377/363 268/384/370
f 393/383/369 268/384/370 405/385/371
f 405/385/371 268/384/370 269/386/372
f 405/385/371 269/386/372 411/387/373
f 411/387/373 269/386/372 270/388/374
f 411/387/373 270/388/374 428/389/375
f 428/389/375 270/388/374 417/390/376
f 428/389/375 417/390/376 418/391/377
f 418/391/377 417/390/376 430/392/378
f 418/391/377 430/392/378 431/393/379
f 431/393/379 430/392/378 437/394/380
f 431/393/379 437/394/380 438/395/381
f 438/395/381 437/394/380 444/396/382
f 438/395/381 444/396/382 445/397/383
f 445/397/383 444/396/382 451/398/384
f 445/397/383 451/398/384 452/361/347
f 452/361/347 451/398/384 459/363/349
f 270/388/374 271/399/385 417/390/376
f 417/390/376 271/399/385 429/400/386
f 417/390/376 429/400/386 430/392/378
f 430/392/378 429/400/386 436/401/387
f 430/392/378 436/401/387 437/394/380
f 437/394/380 436/401/387 443/402/388
f 437/394/380 443/402/388 444/396/382
f 444/396/382 443/402/388 450/403/389
f 444/396/382 450/403/389 451/398/384
f 451/398/384 450/403/389 460/365/351
f 451/398/384 460/365/351 459/363/349
f 271/399/385 272/404/390 429/400/386
f 429/400/386 272/404/390 435/405/391
f 429/400/386 435/405/391 436/401/387
f 436/401/387 435/405/391 442/406/392
f 436/401/387 442/406/392 443/402/388
f 443/402/388 442/406/392 449/407/393
f 443/402/388 449/407/393 450/403/389
f 450/403/389 449/407/393 461/367/353
f 450/403/389 461/367/353 460/365/351
f 272/404/390 273/408/394 435/405/391
f 435/405/391 273/408/394 274/409/395
f 435/405/391 274/409/395 441/410/396
f 441/410/396 274/409/395 275/411/397
f 441/410/396 275/411/397 447/412/398
f 447/412/398 275/411/397 276/375/361
f 447/412/398 276/375/361 464/373/359
f 453/374/360 277/376/362 465/413/399
f 465/413/399 277/376/362 278/414/400
f 465/413/399 278/414/400 322/415/401
f 322/415/401 278/414/400 279/416/402
f 322/415/401 279/416/402 486/417/403
f 486/417/403 279/416/402 475/418/404
f 486/417/403 475/418/404 476/419/405
f 476/419/405 475/418/404 488/420/406
f 476/419/405 488/420/406 489/421/407
f 489/421/407 488/420/406 501/422/408
f 489/421/407 501/422/408 500/423/409
f 500/423/409 501/422/408 496/424/410
f 500/423/409 496/424/410 497/425/411
f 497/425/411 496/424/410 285/426/412
f 497/425/411 285/426/412 286/427/413
f 279/416/402 280/428/414 475/418/404
f 475/418/404 280/428/414 487/429/415
f 475/418/404 487/429/415 488/420/406
f 488/420/406 487/429/415 502/430/416
f 488/420/406 502/430/416 501/422/408
f 501/422/408 502/430/416 495/431/417
f 501/422/408 495/431/417 496/424/410
f 496/424/410 495/431/417 285/426/412
f 487/429/415 280/428/414 324/432/418
f 324/432/418 280/428/414 281/433/419
f 324/432/418 281/433/419 493/434/420
f 493/434/420 281/433/419 258/435/275
f 493/434/420 258/435/275 282/436/277
f 282/436/277 283/437/421 493/434/420
f 493/434/420 283/437/421 494/438/422
f 493/434/420 494/438/422 324/432/418
f 324/432/418 494/438/422 502/430/416
f 324/432/418 502/430/416 487/429/415
f 283/437/421 284/439/423 494/438/422
f 494/438/422 284/439/423 495/431/417
f 494/438/422 495/431/417 502/430/416
f 284/439/423 285/426/412 495/431/417
f 497/425/411 286/427/413 498/440/424
f 498/440/424 286/427/413 287/441/425
f 498/440/424 287/441/425 288/442/426
f 498/440/424 288/442/426 323/443/427
f 323/443/427 288/442/426 289/444/428
f 323/443/427 289/444/428 492/445/429
f 492/445/429 289/444/428 480/446/430
f 492/445/429 480/446/430 479/447/431
f 479/447/431 480/446/430 482/448/432
f 479/447/431 482/448/432 483/449/433
f 483/449/433 482/448/432 473/450/434
f 483/449/433 473/450/434 472/451/435
f 472/451/435 473/450/434 467/452/436
f 472/451/435 467/452/436 466/453/437
f 466/453/437 467/452/436 454/372/358
f 466/453/437 454/372/358 453/374/360
f 289/444/428 290/454/438 480/446/430
f 480/446/430 290/454/438 481/455/439
f 480/446/430 481/455/439 482/448/432
f 482/448/432 481/455/439 474/456/440
f 482/448/432 474/456/440 473/450/434
f 473/450/434 474/456/440 468/457/441
f 473/450/434 468/457/441 467/452/436
f 467/452/436 468/457/441 455/370/356
f 467/452/436 455/370/356 454/372/358
f 481/455/439 290/454/438 321/458/442
f 321/458/442 290/454/438 291/459/443
f 321/458/442 291/459/443 470/460/444
f 470/460/444 291/459/443 292/461/445
f 470/460/444 292/461/445 458/364/350
f 458/364/350 292/461/445 293/362/348
f 299/351/337 300/462/446 416/349/335
f 416/349/335 300/462/446 410/463/447
f 416/349/335 410/463/447 409/347/333
f 409/347/333 410/463/447 397/464/448
f 409/347/333 397/464/448 396/345/331
f 396/345/331 397/464/448 401/465/449
f 396/345/331 401/465/449 402/343/329
f 402/343/329 401/465/449 383/466/450
f 402/343/329 383/466/450 382/341/327
f 382/341/327 383/466/450 391/467/451
f 382/341/327 391/467/451 392/339/325
f 392/339/325 391/467/451 320/337/323
f 300/462/446 301/468/452 410/463/447
f 410/463/447 301/468/452 398/469/453
f 410/463/447 398/469/453 397/464/448
f 397/464/448 398/469/453 400/470/454
f 397/464/448 400/470/454 401/465/449
f 401/465/449 400/470/454 384/471/455
f 401/465/449 384/471/455 383/466/450
f 383/466/450 384/471/455 390/472/456
f 383/466/450 390/472/456 391/467/451
f 391/467/451 390/472/456 377/473/457
f 391/467/451 377/473/457 320/337/323
f 320/337/323 377/473/457 367/335/321
f 301/468/452 302/474/458 398/469/453
f 398/469/453 302/474/458 399/475/459
f 398/469/453 399/475/459 400/470/454
f 400/470/454 399/475/459 385/476/460
f 400/470/454 385/476/460 384/471/455
f 384/471/455 385/476/460 389/477/461
f 384/471/455 389/477/461 390/472/456
f 390/472/456 389/477/461 378/478/462
f 390/472/456 378/478/462 377/473/457
f 377/473/457 378/478/462 368/479/463
f 377/473/457 368/479/463 367/335/321
f 367/335/321 368/479/463 318/317/303
f 399/475/459 302/474/458 386/480/464
f 386/480/464 302/474/458 303/481/465
f 386/480/464 303/481/465 387/482/466
f 387/482/466 303/481/465 319/483/467
f 387/482/466 319/483/467 380/484/468
f 380/484/468 319/483/467 371/485/469
f 380/484/468 371/485/469 370/486/470
f 370/486/470 371/485/469 374/311/297
f 370/486/470 374/311/297 375/313/299
f 303/481/465 304/487/471 319/483/467
f 319/483/467 304/487/471 372/488/472
f 319/483/467 372/488/472 371/485/469
f 371/485/469 372/488/472 373/309/295
f 371/485/469 373/309/295 374/311/297
f 304/487/471 305/489/473 372/488/472
f 372/488/472 305/489/473 317/307/293
f 372/488/472 317/307/293 373/309/295
f 305/489/473 306/305/291 317/307/293
f 307/303/289 308/490/474 315/301/287
f 315/301/287 308/490/474 343/491/475
f 315/301/287 343/491/475 344/299/285
f 344/299/285 343/491/475 334/492/476
f 344/299/285 334/492/476 333/297/283
f 333/297/283 334/492/476 336/493/477
f 333/297/283 336/493/477 337/295/281
f 337/295/281 336/493/477 327/494/478
f 337/295/281 327/494/478 326/293/279
f 326/293/279 327/494/478 283/495/421
f 326/293/279 283/495/421 282/291/277
f 343/491/475 308/490/474 313/496/479
f 313/496/479 308/490/474 309/497/480
f 313/496/479 309/497/480 311/498/481
f 311/498/481 309/497/480 310/499/482
f 311/498/481 310/499/482 330/500/483
f 330/500/483 310/499/482 286/501/413
f 330/500/483 286/501/413 329/502/484
f 329/502/484 286/501/413 285/503/412
f 329/502/484 285/503/412 328/504/485
f 328/504/485 285/503/412 284/505/423
f 328/504/485 284/505/423 327/494/478
f 327/494/478 284/505/423 283/495/421
f 310/499/482 287/506/425 286/501/413
f 327/494/478 336/493/477 328/504/485
f 328/504/485 336/493/477 335/507/486
f 328/504/485 335/507/486 329/502/484
f 329/502/484 335/507/486 311/498/481
f 329/502/484 311/498/481 330/500/483
f 314/322/308 331/508/487 312/320/306
f 312/320/306 331/508/487 338/294/280
f 312/320/306 338/294/280 325/292/278
f 338/294/280 331/508/487 332/296/282
f 332/296/282 331/508/487 346/509/488
f 332/296/282 346/509/488 345/298/284
f 345/298/284 346/509/488 341/510/489
f 345/298/284 341/510/489 342/300/286
f 342/300/286 341/510/489 356/511/490
f 342/300/286 356/511/490 355/302/288
f 355/302/288 356/511/490 354/304/290
f 331/508/487 314/322/308 347/512/491
f 347/512/491 314/322/308 348/324/310
f 347/512/491 348/324/310 339/326/312
f 335/507/486 336/493/477 334/492/476
f 311/498/481 335/507/486 313/496/479
f 313/496/479 335/507/486 334/492/476
f 313/496/479 334/492/476 343/491/475
f 339/326/312 340/513/492 347/512/491
f 347/512/491 340/513/492 346/509/488
f 347/512/491 346/509/488 331/508/487
f 346/509/488 340/513/492 341/510/489
f 341/510/489 340/513/492 357/514/493
f 341/510/489 357/514/493 356/511/490
f 356/511/490 357/514/493 353/515/494
f 356/511/490 353/515/494 354/304/290
f 354/304/290 353/515/494 366/306/292
f 357/514/493 340/513/492 358/328/314
f 358/328/314 340/513/492 339/326/312
f 360/332/318 349/334/320 350/333/319
f 350/333/319 349/334/320 362/314/300
f 350/333/319 362/314/300 363/312/298
f 361/316/302 362/314/300 349/334/320
f 357/514/493 358/328/314 352/330/316
f 357/514/493 352/330/316 353/515/494
f 353/515/494 352/330/316 365/308/294
f 353/515/494 365/308/294 366/306/292
f 376/315/301 318/317/303 368/479/463
f 375/313/299 376/315/301 369/516/495
f 369/516/495 376/315/301 368/479/463
f 369/516/495 368/479/463 378/478/462
f 375/313/299 369/516/495 370/486/470
f 370/486/470 369/516/495 379/517/496
f 370/486/470 379/517/496 380/484/468
f 380/484/468 379/517/496 388/518/497
f 380/484/468 388/518/497 387/482/466
f 387/482/466 388/518/497 386/480/464
f 379/517/496 369/516/495 378/478/462
f 388/518/497 379/517/496 389/477/461
f 389/477/461 379/517/496 378/478/462
f 388/518/497 389/477/461 385/476/460
f 399/475/459 386/480/464 385/476/460
f 385/476/460 386/480/464 388/518/497
f 404/378/364 393/383/369 394/379/365
f 394/379/365 393/383/369 406/519/498
f 394/379/365 406/519/498 407/380/366
f 407/380/366 406/519/498 413/520/499
f 407/380/366 413/520/499 414/381/367
f 414/381/367 413/520/499 425/521/500
f 414/381/367 425/521/500 424/382/368
f 424/382/368 425/521/500 421/522/501
f 424/382/368 421/522/501 422/352/338
f 422/352/338 421/522/501 434/354/340
f 393/383/369 405/385/371 406/519/498
f 406/519/498 405/385/371 412/523/502
f 406/519/498 412/523/502 413/520/499
f 413/520/499 412/523/502 426/524/503
f 413/520/499 426/524/503 425/521/500
f 425/521/500 426/524/503 420/525/504
f 425/521/500 420/525/504 421/522/501
f 421/522/501 420/525/504 433/526/505
f 421/522/501 433/526/505 434/354/340
f 434/354/340 433/526/505 440/356/342
f 405/385/371 411/387/373 412/523/502
f 412/523/502 411/387/373 427/527/506
f 412/523/502 427/527/506 426/524/503
f 426/524/503 427/527/506 419/528/507
f 426/524/503 419/528/507 420/525/504
f 420/525/504 419/528/507 432/529/508
f 420/525/504 432/529/508 433/526/505
f 433/526/505 432/529/508 439/530/509
f 433/526/505 439/530/509 440/356/342
f 440/356/342 439/530/509 446/359/345
f 428/389/375 418/391/377 427/527/506
f 427/527/506 418/391/377 419/528/507
f 432/529/508 419/528/507 431/393/379
f 431/393/379 419/528/507 418/391/377
f 411/387/373 428/389/375 427/527/506
f 439/530/509 432/529/508 438/395/381
f 438/395/381 432/529/508 431/393/379
f 446/359/345 439/530/509 445/397/383
f 445/397/383 439/530/509 438/395/381
f 435/405/391 441/410/396 442/406/392
f 442/406/392 441/410/396 448/531/510
f 442/406/392 448/531/510 449/407/393
f 449/407/393 448/531/510 462/369/355
f 449/407/393 462/369/355 461/367/353
f 452/361/347 446/359/345 445/397/383
f 441/410/396 447/412/398 448/531/510
f 448/531/510 447/412/398 463/371/357
f 448/531/510 463/371/357 462/369/355
f 464/373/359 463/371/357 447/412/398
f 455/370/356 468/457/441 456/368/354
f 456/368/354 468/457/441 469/532/511
f 456/368/354 469/532/511 457/366/352
f 457/366/352 469/532/511 470/460/444
f 457/366/352 470/460/444 458/364/350
f 453/374/360 465/413/399 466/453/437
f 466/453/437 465/413/399 471/533/512
f 466/453/437 471/533/512 472/451/435
f 472/451/435 471/533/512 484/534/513
f 472/451/435 484/534/513 483/449/433
f 483/449/433 484/534/513 478/535/514
f 483/449/433 478/535/514 479/447/431
f 479/447/431 478/535/514 491/536/515
f 479/447/431 491/536/515 492/445/429
f 492/445/429 491/536/515 323/443/427
f 321/458/442 470/460/444 469/532/511
f 321/458/442 469/532/511 474/456/440
f 474/456/440 469/532/511 468/457/441
f 465/413/399 322/415/401 471/533/512
f 471/533/512 322/415/401 485/537/516
f 471/533/512 485/537/516 484/534/513
f 484/534/513 485/537/516 477/538/517
f 484/534/513 477/538/517 478/535/514
f 478/535/514 477/538/517 490/539/518
f 478/535/514 490/539/518 491/536/515
f 491/536/515 490/539/518 499/540/519
f 491/536/515 499/540/519 323/443/427
f 323/443/427 499/540/519 498/440/424
f 481/455/439 321/458/442 474/456/440
f 486/417/403 476/419/405 485/537/516
f 485/537/516 476/419/405 477/538/517
f 490/539/518 477/538/517 489/421/407
f 489/421/407 477/538/517 476/419/405
f 322/415/401 486/417/403 485/537/516
f 499/540/519 490/539/518 500/423/409
f 500/423/409 490/539/518 489/421/407
f 499/540/519 500/423/409 497/425/411
f 497/425/411 498/440/424 499/540/519
f 258/541/275 281/542/419 259/543/520
f 259/543/520 281/542/419 260/544/521
f 260/544/521 281/542/419 280/545/414
f 260/544/521 280/545/414 261/546/309
f 261/546/309 280/545/414 279/547/402
f 261/546/309 279/547/402 262/548/522
f 262/548/522 279/547/402 278/549/523
f 262/548/522 278/549/523 263/550/304
f 263/550/304 278/549/523 277/551/524
f 263/550/304 277/551/524 264/552/305
f 264/552/305 277/551/524 276/553/361
f 264/552/305 276/553/361 265/554/525
f 265/554/525 276/553/361 275/555/526
f 265/554/525 275/555/526 266/556/527
f 266/556/527 275/555/526 274/557/528
f 266/556/527 274/557/528 267/558/363
f 267/558/363 274/557/528 273/559/394
f 267/558/363 273/559/394 268/560/370
f 268/560/370 273/559/394 272/561/390
f 268/560/370 272/561/390 269/562/372
f 269/562/372 272/561/390 271/563/529
f 269/562/372 271/563/529 270/564/374
f 504/565/530 545/566/531 503/567/532
f 503/567/532 545/566/531 550/568/533
f 503/567/532 550/568/533 573/569/534
f 573/569/534 550/568/533 549/570/535
f 573/569/534 549/570/535 572/571/536
f 572/571/536 549/570/535 548/572/537
f 572/571/536 548/572/537 571/573/538
f 571/573/538 548/572/537 42/574/539
f 571/573/538 42/574/539 41/575/540
f 505/576/541 531/577/542 504/565/530
f 504/565/530 531/577/542 551/578/543
f 504/565/530 551/578/543 545/566/531
f 545/566/531 551/578/543 552/579/544
f 545/566/531 552/579/544 546/580/545
f 546/580/545 552/579/544 553/581/546
f 546/580/545 553/581/546 547/582/547
f 547/582/547 553/581/546 43/583/548
f 547/582/547 43/583/548 42/574/539
f 531/577/542 505/576/541 554/584/549
f 554/584/549 505/576/541 506/585/550
f 554/584/549 506/585/550 563/586/551
f 563/586/551 506/585/550 558/587/552
f 563/586/551 558/587/552 559/588/553
f 559/588/553 558/587/552 564/589/554
f 559/588/553 564/589/554 530/590/555
f 530/590/555 564/589/554 568/591/556
f 530/590/555 568/591/556 47/592/557
f 47/592/557 568/591/556 567/593/558
f 47/592/557 567/593/558 48/594/559
f 48/594/559 567/593/558 511/595/560
f 511/595/560 567/593/558 566/596/561
f 511/595/560 566/596/561 510/597/562
f 510/597/562 566/596/561 565/598/563
f 510/597/562 565/598/563 509/599/564
f 509/599/564 565/598/563 508/600/565
f 508/600/565 565/598/563 570/601/566
f 508/600/565 570/601/566 529/602/567
f 529/602/567 570/601/566 569/603/568
f 529/602/567 569/603/568 564/589/554
f 564/589/554 569/603/568 568/591/556
f 506/585/550 507/604/569 558/587/552
f 558/587/552 507/604/569 529/602/567
f 558/587/552 529/602/567 564/589/554
f 507/604/569 508/600/565 529/602/567
f 47/592/557 46/605/570 530/590/555
f 530/590/555 46/605/570 560/606/571
f 530/590/555 560/606/571 559/588/553
f 559/588/553 560/606/571 562/607/572
f 559/588/553 562/607/572 563/586/551
f 563/586/551 562/607/572 554/584/549
f 46/605/570 45/608/573 560/606/571
f 560/606/571 45/608/573 561/609/574
f 560/606/571 561/609/574 562/607/572
f 562/607/572 561/609/574 555/610/575
f 562/607/572 555/610/575 554/584/549
f 554/584/549 555/610/575 531/577/542
f 561/609/574 45/608/573 556/611/576
f 556/611/576 45/608/573 44/612/577
f 556/611/576 44/612/577 532/613/578
f 532/613/578 44/612/577 43/583/548
f 532/613/578 43/583/548 553/581/546
f 40/614/579 534/615/580 41/575/540
f 41/575/540 534/615/580 574/616/581
f 41/575/540 574/616/581 571/573/538
f 571/573/538 574/616/581 575/617/582
f 571/573/538 575/617/582 572/571/536
f 572/571/536 575/617/582 576/618/583
f 572/571/536 576/618/583 573/569/534
f 573/569/534 576/618/583 528/619/584
f 573/569/534 528/619/584 503/567/532
f 534/615/580 40/614/579 577/620/585
f 577/620/585 40/614/579 39/621/586
f 577/620/585 39/621/586 586/622/587
f 586/622/587 39/621/586 581/623/588
f 586/622/587 581/623/588 582/624/589
f 582/624/589 581/623/588 587/625/590
f 582/624/589 587/625/590 535/626/591
f 535/626/591 587/625/590 591/627/592
f 535/626/591 591/627/592 524/628/593
f 524/628/593 591/627/592 590/629/594
f 524/628/593 590/629/594 523/630/595
f 523/630/595 590/629/594 597/631/596
f 523/630/595 597/631/596 596/632/597
f 596/632/597 597/631/596 598/633/598
f 596/632/597 598/633/598 595/634/599
f 595/634/599 598/633/598 599/635/600
f 595/634/599 599/635/600 594/636/601
f 594/636/601 599/635/600 36/637/602
f 594/636/601 36/637/602 35/638/603
f 39/621/586 38/639/604 581/623/588
f 581/623/588 38/639/604 536/640/605
f 581/623/588 536/640/605 587/625/590
f 587/625/590 536/640/605 592/641/606
f 587/625/590 592/641/606 591/627/592
f 591/627/592 592/641/606 590/629/594
f 38/639/604 37/642/607 536/640/605
f 536/640/605 37/642/607 593/643/608
f 536/640/605 593/643/608 592/641/606
f 592/641/606 593/643/608 589/644/609
f 592/641/606 589/644/609 590/629/594
f 590/629/594 589/644/609 597/631/596
f 593/643/608 37/642/607 588/645/610
f 588/645/610 37/642/607 36/637/602
f 588/645/610 36/637/602 599/635/600
f 34/646/611 538/647/612 35/638/603
f 35/638/603 538/647/612 600/648/613
f 35/638/603 600/648/613 594/636/601
f 594/636/601 600/648/613 601/649/614
f 594/636/601 601/649/614 595/634/599
f 595/634/599 601/649/614 602/650/615
f 595/634/599 602/650/615 596/632/597
f 596/632/597 602/650/615 522/651/616
f 596/632/597 522/651/616 523/630/595
f 538/647/612 34/646/611 603/652/617
f 603/652/617 34/646/611 33/653/618
f 603/652/617 33/653/618 612/654/619
f 612/654/619 33/653/618 607/655/620
f 612/654/619 607/655/620 608/656/621
f 608/656/621 607/655/620 613/657/622
f 608/656/621 613/657/622 539/658/623
f 539/658/623 613/657/622 617/659/624
f 539/658/623 617/659/624 518/660/625
f 518/660/625 617/659/624 616/661/626
f 518/660/625 616/661/626 517/662/627
f 517/662/627 616/661/626 623/663/628
f 517/662/627 623/663/628 622/664/629
f 622/664/629 623/663/628 624/665/630
f 622/664/629 624/665/630 621/666/631
f 621/666/631 624/665/630 625/667/632
f 621/666/631 625/667/632 620/668/633
f 620/668/633 625/667/632 30/669/634
f 620/668/633 30/669/634 53/670/635
f 33/653/618 32/671/636 607/655/620
f 607/655/620 32/671/636 540/672/637
f 607/655/620 540/672/637 613/657/622
f 613/657/622 540/672/637 618/673/638
f 613/657/622 618/673/638 617/659/624
f 617/659/624 618/673/638 616/661/626
f 32/671/636 31/674/639 540/672/637
f 540/672/637 31/674/639 619/675/640
f 540/672/637 619/675/640 618/673/638
f 618/673/638 619/675/640 615/676/641
f 618/673/638 615/676/641 616/661/626
f 616/661/626 615/676/641 623/663/628
f 619/675/640 31/674/639 614/677/642
f 614/677/642 31/674/639 30/669/634
f 614/677/642 30/669/634 625/667/632
f 52/678/643 542/679/644 53/670/635
f 53/670/635 542/679/644 626/680/645
f 53/670/635 626/680/645 620/668/633
f 620/668/633 626/680/645 627/681/646
f 620/668/633 627/681/646 621/666/631
f 621/666/631 627/681/646 628/682/647
f 621/666/631 628/682/647 622/664/629
f 622/664/629 628/682/647 516/683/648
f 622/664/629 516/683/648 517/662/627
f 542/679/644 52/678/643 629/684/649
f 629/684/649 52/678/643 51/685/650
f 629/684/649 51/685/650 638/686/651
f 638/686/651 51/685/650 633/687/652
f 638/686/651 633/687/652 634/688/653
f 634/688/653 633/687/652 639/689/654
f 634/688/653 639/689/654 543/690/655
f 543/690/655 639/689/654 643/691/656
f 543/690/655 643/691/656 512/692/657
f 512/692/657 643/691/656 642/693/658
f 512/692/657 642/693/658 509/694/564
f 509/694/564 642/693/658 510/695/562
f 510/695/562 642/693/658 641/696/659
f 510/695/562 641/696/659 640/697/660
f 640/697/660 641/696/659 645/698/661
f 640/697/660 645/698/661 49/699/662
f 49/699/662 645/698/661 544/700/663
f 49/699/662 544/700/663 50/701/664
f 50/701/664 544/700/663 633/687/652
f 50/701/664 633/687/652 51/685/650
f 49/699/662 48/702/559 640/697/660
f 640/697/660 48/702/559 511/703/560
f 640/697/660 511/703/560 510/695/562
f 512/692/657 513/704/665 543/690/655
f 543/690/655 513/704/665 635/705/666
f 543/690/655 635/705/666 634/688/653
f 634/688/653 635/705/666 637/706/667
f 634/688/653 637/706/667 638/686/651
f 638/686/651 637/706/667 629/684/649
f 513/704/665 514/707/668 635/705/666
f 635/705/666 514/707/668 636/708/669
f 635/705/666 636/708/669 637/706/667
f 637/706/667 636/708/669 630/709/670
f 637/706/667 630/709/670 629/684/649
f 629/684/649 630/709/670 542/679/644
f 636/708/669 514/707/668 631/710/671
f 631/710/671 514/707/668 515/711/672
f 631/710/671 515/711/672 541/712/673
f 541/712/673 515/711/672 516/683/648
f 541/712/673 516/683/648 628/682/647
f 518/660/625 519/713/674 539/658/623
f 539/658/623 519/713/674 609/714/675
f 539/658/623 609/714/675 608/656/621
f 608/656/621 609/714/675 611/715/676
f 608/656/621 611/715/676 612/654/619
f 612/654/619 611/715/676 603/652/617
f 519/713/674 520/716/677 609/714/675
f 609/714/675 520/716/677 610/717/678
f 609/714/675 610/717/678 611/715/676
f 611/715/676 610/717/678 604/718/679
f 611/715/676 604/718/679 603/652/617
f 603/652/617 604/718/679 538/647/612
f 610/717/678 520/716/677 605/719/680
f 605/719/680 520/716/677 521/720/681
f 605/719/680 521/720/681 537/721/682
f 537/721/682 521/720/681 522/651/616
f 537/721/682 522/651/616 602/650/615
f 524/628/593 525/722/683 535/626/591
f 535/626/591 525/722/683 583/723/684
f 535/626/591 583/723/684 582/624/589
f 582/624/589 583/723/684 585/724/685
f 582/624/589 585/724/685 586/622/587
f 586/622/587 585/724/685 577/620/585
f 525/722/683 526/725/686 583/723/684
f 583/723/684 526/725/686 584/726/687
f 583/723/684 584/726/687 585/724/685
f 585/724/685 584/726/687 578/727/688
f 585/724/685 578/727/688 577/620/585
f 577/620/585 578/727/688 534/615/580
f 584/726/687 526/725/686 579/728/689
f 579/728/689 526/725/686 527/729/690
f 579/728/689 527/729/690 533/730/691
f 533/730/691 527/729/690 528/619/584
f 533/730/691 528/619/584 576/618/583
f 42/574/539 548/572/537 547/582/547
f 547/582/547 548/572/537 549/570/535
f 547/582/547 549/570/535 546/580/545
f 546/580/545 549/570/535 550/568/533
f 546/580/545 550/568/533 545/566/531
f 532/613/578 553/581/546 552/579/544
f 552/579/544 551/578/543 557/731/692
f 557/731/692 551/578/543 531/577/542
f 557/731/692 531/577/542 555/610/575
f 555/610/575 556/611/576 557/731/692
f 557/731/692 556/611/576 532/613/578
f 557/731/692 532/613/578 552/579/544
f 556/611/576 555/610/575 561/609/574
f 569/603/568 570/601/566 566/596/561
f 566/596/561 570/601/566 565/598/563
f 568/591/556 569/603/568 567/593/558
f 567/593/558 569/603/568 566/596/561
f 533/730/691 576/618/583 575/617/582
f 575/617/582 574/616/581 580/732/693
f 580/732/693 574/616/581 534/615/580
f 580/732/693 534/615/580 578/727/688
f 578/727/688 579/728/689 580/732/693
f 580/732/693 579/728/689 533/730/691
f 580/732/693 533/730/691 575/617/582
f 579/728/689 578/727/688 584/726/687
f 593/643/608 588/645/610 589/644/609
f 589/644/609 588/645/610 598/633/598
f 589/644/609 598/633/598 597/631/596
f 599/635/600 598/633/598 588/645/610
f 537/721/682 602/650/615 601/649/614
f 601/649/614 600/648/613 606/733/694
f 606/733/694 600/648/613 538/647/612
f 606/733/694 538/647/612 604/718/679
f 604/718/679 605/719/680 606/733/694
f 606/733/694 605/719/680 537/721/682
f 606/733/694 537/721/682 601/649/614
f 605/719/680 604/718/679 610/717/678
f 619/675/640 614/677/642 615/676/641
f 615/676/641 614/677/642 624/665/630
f 615/676/641 624/665/630 623/663/628
f 625/667/632 624/665/630 614/677/642
f 541/712/673 628/682/647 627/681/646
f 627/681/646 626/680/645 632/734/695
f 632/734/695 626/680/645 542/679/644
f 632/734/695 542/679/644 630/709/670
f 630/709/670 631/710/671 632/734/695
f 632/734/695 631/710/671 541/712/673
f 632/734/695 541/712/673 627/681/646
f 631/710/671 630/709/670 636/708/669
f 633/687/652 544/700/663 639/689/654
f 639/689/654 544/700/663 644/735/696
f 639/689/654 644/735/696 643/691/656
f 643/691/656 644/735/696 642/693/658
f 645/698/661 641/696/659 644/735/696
f 644/735/696 641/696/659 642/693/658
f 544/700/663 645/698/661 644/735/696
f 647/736/697 671/737/698 646/738/699
f 646/738/699 671/737/698 672/739/700
f 646/738/699 672/739/700 669/740/701
f 669/740/701 672/739/700 693/741/702
f 669/740/701 693/741/702 668/742/703
f 668/742/703 693/741/702 692/743/704
f 668/742/703 692/743/704 667/744/705
f 667/744/705 692/743/704 691/745/706
f 667/744/705 691/745/706 666/746/707
f 666/746/707 691/745/706 690/747/708
f 666/746/707 690/747/708 665/748/709
f 665/748/709 690/747/708 689/749/710
f 665/748/709 689/749/710 664/750/711
f 664/750/711 689/749/710 688/751/712
f 664/750/711 688/751/712 663/752/713
f 663/752/713 688/751/712 687/753/714
f 663/752/713 687/753/714 662/754/715
f 662/754/715 687/753/714 686/755/716
f 662/754/715 686/755/716 661/756/717
f 661/756/717 686/755/716 685/757/718
f 661/756/717 685/757/718 660/758/719
f 660/758/719 685/757/718 684/759/720
f 660/758/719 684/759/720 659/760/721
f 659/760/721 684/759/720 683/761/722
f 659/760/721 683/761/722 658/762/723
f 658/762/723 683/761/722 682/763/724
f 658/762/723 682/763/724 657/764/725
f 657/764/725 682/763/724 681/765/726
f 657/764/725 681/765/726 656/766/727
f 656/766/727 681/765/726 680/767/728
f 656/766/727 680/767/728 655/768/729
f 655/768/729 680/767/728 679/769/730
f 655/768/729 679/769/730 654/770/731
f 654/770/731 679/769/730 678/771/732
f 654/770/731 678/771/732 653/772/733
f 653/772/733 678/771/732 677/773/734
f 653/772/733 677/773/734 652/774/735
f 652/774/735 677/773/734 670/775/736
f 652/776/735 670/777/736 651/778/737
f 651/778/737 670/777/736 676/779/738
f 651/778/737 676/779/738 650/780/739
f 650/780/739 676/779/738 675/781/740
f 650/780/739 675/781/740 649/782/741
f 649/782/741 675/781/740 674/783/742
f 649/782/741 674/783/742 648/784/743
f 648/784/743 674/783/742 673/785/744
f 648/784/743 673/785/744 647/736/697
f 647/736/697 673/785/744 671/737/698
f 508/786/745 681/765/726 509/787/564
f 509/787/564 681/765/726 682/763/724
f 509/787/564 682/763/724 512/788/746
f 512/788/746 682/763/724 683/761/722
f 512/788/746 683/761/722 513/789/747
f 513/789/747 683/761/722 684/759/720
f 513/789/747 684/759/720 514/790/668
f 514/790/668 684/759/720 685/757/718
f 514/790/668 685/757/718 515/791/748
f 515/791/748 685/757/718 686/755/716
f 515/791/748 686/755/716 516/792/749
f 516/792/749 686/755/716 687/753/714
f 516/792/749 687/753/714 517/793/627
f 517/793/627 687/753/714 688/751/712
f 517/793/627 688/751/712 518/794/750
f 518/794/750 688/751/712 689/749/710
f 518/794/750 689/749/710 519/795/751
f 519/795/751 689/749/710 690/747/708
f 519/795/751 690/747/708 520/796/677
f 520/796/677 690/747/708 691/745/706
f 520/796/677 691/745/706 521/797/752
f 521/797/752 691/745/706 692/743/704
f 521/797/752 692/743/704 522/798/753
f 522/798/753 692/743/704 693/741/702
f 522/798/753 693/741/702 523/799/595
f 523/799/595 693/741/702 672/739/700
f 523/799/595 672/739/700 524/800/754
f 524/800/754 672/739/700 671/737/698
f 524/800/754 671/737/698 525/801/755
f 525/801/755 671/737/698 673/785/744
f 525/801/755 673/785/744 526/802/686
f 526/802/686 673/785/744 674/783/742
f 526/802/686 674/783/742 527/803/756
f 527/803/756 674/783/742 675/781/740
f 527/803/756 675/781/740 528/804/757
f 528/804/757 675/781/740 676/779/738
f 528/804/757 676/779/738 503/805/532
f 503/805/532 676/779/738 670/777/736
f 503/806/532 670/775/736 504/807/758
f 504/807/758 670/775/736 677/773/734
f 504/807/758 677/773/734 505/808/759
f 505/808/759 677/773/734 678/771/732
f 505/808/759 678/771/732 506/809/550
f 506/809/550 678/771/732 679/769/730
f 506/809/550 679/769/730 507/810/760
f 507/810/760 679/769/730 680/767/728
f 507/810/760 680/767/728 508/786/745
f 508/786/745 680/767/728 681/765/726
f 651/811/761 712/812/762 652/813/735
f 652/813/735 712/812/762 717/814/763
f 652/813/735 717/814/763 740/815/764
f 740/815/764 717/814/763 716/816/765
f 740/815/764 716/816/765 739/817/766
f 739/817/766 716/816/765 715/818/767
f 739/817/766 715/818/767 738/819/768
f 738/819/768 715/818/767 299/820/769
f 738/819/768 299/820/769 298/821/770
f 650/822/771 698/823/772 651/811/761
f 651/811/761 698/823/772 718/824/773
f 651/811/761 718/824/773 712/812/762
f 712/812/762 718/824/773 719/825/774
f 712/812/762 719/825/774 713/826/775
f 713/826/775 719/825/774 720/827/776
f 713/826/775 720/827/776 714/828/777
f 714/828/777 720/827/776 300/829/778
f 714/828/777 300/829/778 299/820/769
f 698/823/772 650/822/771 721/830/779
f 721/830/779 650/822/771 649/831/741
f 721/830/779 649/831/741 730/832/780
f 730/832/780 649/831/741 725/833/781
f 730/832/780 725/833/781 726/834/782
f 726/834/782 725/833/781 731/835/783
f 726/834/782 731/835/783 697/836/784
f 697/836/784 731/835/783 735/837/785
f 697/836/784 735/837/785 304/838/786
f 304/838/786 735/837/785 734/839/787
f 304/838/786 734/839/787 305/840/788
f 305/840/788 734/839/787 695/841/789
f 695/841/789 734/839/787 733/842/790
f 695/841/789 733/842/790 694/843/791
f 694/843/791 733/842/790 732/844/792
f 694/843/791 732/844/792 646/845/699
f 646/845/699 732/844/792 647/846/793
f 647/846/793 732/844/792 737/847/794
f 647/846/793 737/847/794 696/848/795
f 696/848/795 737/847/794 736/849/796
f 696/848/795 736/849/796 731/835/783
f 731/835/783 736/849/796 735/837/785
f 649/831/741 648/850/797 725/833/781
f 725/833/781 648/850/797 696/848/795
f 725/833/781 696/848/795 731/835/783
f 648/850/797 647/846/793 696/848/795
f 304/838/786 303/851/798 697/836/784
f 697/836/784 303/851/798 727/852/799
f 697/836/784 727/852/799 726/834/782
f 726/834/782 727/852/799 729/853/800
f 726/834/782 729/853/800 730/832/780
f 730/832/780 729/853/800 721/830/779
f 303/851/798 302/854/801 727/852/799
f 727/852/799 302/854/801 728/855/802
f 727/852/799 728/855/802 729/853/800
f 729/853/800 728/855/802 722/856/803
f 729/853/800 722/856/803 721/830/779
f 721/830/779 722/856/803 698/823/772
f 728/855/802 302/854/801 723/857/804
f 723/857/804 302/854/801 301/858/805
f 723/857/804 301/858/805 699/859/806
f 699/859/806 301/858/805 300/829/778
f 699/859/806 300/829/778 720/827/776
f 297/860/807 701/861/808 298/821/770
f 298/821/770 701/861/808 741/862/809
f 298/821/770 741/862/809 738/819/768
f 738/819/768 741/862/809 742/863/810
f 738/819/768 742/863/810 739/817/766
f 739/817/766 742/863/810 743/864/811
f 739/817/766 743/864/811 740/815/764
f 740/815/764 743/864/811 653/865/812
f 740/815/764 653/865/812 652/813/735
f 701/861/808 297/860/807 744/866/813
f 744/866/813 297/860/807 296/867/814
f 744/866/813 296/867/814 753/868/815
f 753/868/815 296/867/814 748/869/816
f 753/868/815 748/869/816 749/870/817
f 749/870/817 748/869/816 754/871/818
f 749/870/817 754/871/818 702/872/819
f 702/872/819 754/871/818 758/873/820
f 702/872/819 758/873/820 657/874/821
f 657/874/821 758/873/820 757/875/822
f 657/874/821 757/875/822 658/876/723
f 658/876/723 757/875/822 764/877/823
f 658/876/723 764/877/823 763/878/824
f 763/878/824 764/877/823 765/879/825
f 763/878/824 765/879/825 762/880/826
f 762/880/826 765/879/825 766/881/827
f 762/880/826 766/881/827 761/882/828
f 761/882/828 766/881/827 293/883/829
f 761/882/828 293/883/829 292/884/830
f 296/867/814 295/885/831 748/869/816
f 748/869/816 295/885/831 703/886/832
f 748/869/816 703/886/832 754/871/818
f 754/871/818 703/886/832 759/887/833
f 754/871/818 759/887/833 758/873/820
f 758/873/820 759/887/833 757/875/822
f 295/885/831 294/888/834 703/886/832
f 703/886/832 294/888/834 760/889/835
f 703/886/832 760/889/835 759/887/833
f 759/887/833 760/889/835 756/890/836
f 759/887/833 756/890/836 757/875/822
f 757/875/822 756/890/836 764/877/823
f 760/889/835 294/888/834 755/891/837
f 755/891/837 294/888/834 293/883/829
f 755/891/837 293/883/829 766/881/827
f 291/892/838 705/893/839 292/884/830
f 292/884/830 705/893/839 767/894/840
f 292/884/830 767/894/840 761/882/828
f 761/882/828 767/894/840 768/895/841
f 761/882/828 768/895/841 762/880/826
f 762/880/826 768/895/841 769/896/842
f 762/880/826 769/896/842 763/878/824
f 763/878/824 769/896/842 659/897/843
f 763/878/824 659/897/843 658/876/723
f 705/893/839 291/892/838 770/898/844
f 770/898/844 291/892/838 290/899/845
f 770/898/844 290/899/845 779/900/846
f 779/900/846 290/899/845 774/901/847
f 779/900/846 774/901/847 775/902/848
f 775/902/848 774/901/847 780/903/849
f 775/902/848 780/903/849 706/904/850
f 706/904/850 780/903/849 784/905/851
f 706/904/850 784/905/851 663/906/852
f 663/906/852 784/905/851 783/907/853
f 663/906/852 783/907/853 664/908/711
f 664/908/711 783/907/853 790/909/854
f 664/908/711 790/909/854 789/910/855
f 789/910/855 790/909/854 791/911/856
f 789/910/855 791/911/856 788/912/857
f 788/912/857 791/911/856 792/913/858
f 788/912/857 792/913/858 787/914/859
f 787/914/859 792/913/858 287/915/860
f 787/914/859 287/915/860 310/916/861
f 290/899/845 289/917/862 774/901/847
f 774/901/847 289/917/862 707/918/863
f 774/901/847 707/918/863 780/903/849
f 780/903/849 707/918/863 785/919/864
f 780/903/849 785/919/864 784/905/851
f 784/905/851 785/919/864 783/907/853
f 289/917/862 288/920/865 707/918/863
f 707/918/863 288/920/865 786/921/866
f 707/918/863 786/921/866 785/919/864
f 785/919/864 786/921/866 782/922/867
f 785/919/864 782/922/867 783/907/853
f 783/907/853 782/922/867 790/909/854
f 786/921/866 288/920/865 781/923/868
f 781/923/868 288/920/865 287/915/860
f 781/923/868 287/915/860 792/913/858
f 309/924/869 709/925/870 310/916/861
f 310/916/861 709/925/870 793/926/871
f 310/916/861 793/926/871 787/914/859
f 787/914/859 793/926/871 794/927/872
f 787/914/859 794/927/872 788/912/857
f 788/912/857 794/927/872 795/928/873
f 788/912/857 795/928/873 789/910/855
f 789/910/855 795/928/873 665/929/874
f 789/910/855 665/929/874 664/908/711
f 709/925/870 309/924/869 796/930/875
f 796/930/875 309/924/869 308/931/876
f 796/930/875 308/931/876 805/932/877
f 805/932/877 308/931/876 800/933/878
f 805/932/877 800/933/878 801/934/879
f 801/934/879 800/933/878 806/935/880
f 801/934/879 806/935/880 710/936/881
f 710/936/881 806/935/880 810/937/882
f 710/936/881 810/937/882 669/938/883
f 669/938/883 810/937/882 809/939/884
f 669/938/883 809/939/884 646/940/699
f 646/940/699 809/939/884 694/941/791
f 694/941/791 809/939/884 808/942/885
f 694/941/791 808/942/885 807/943/886
f 807/943/886 808/942/885 812/944/887
f 807/943/886 812/944/887 306/945/888
f 306/945/888 812/944/887 711/946/889
f 306/945/888 711/946/889 307/947/890
f 307/947/890 711/946/889 800/933/878
f 307/947/890 800/933/878 308/931/876
f 306/945/888 305/948/788 807/943/886
f 807/943/886 305/948/788 695/949/789
f 807/943/886 695/949/789 694/941/791
f 669/938/883 668/950/891 710/936/881
f 710/936/881 668/950/891 802/951/892
f 710/936/881 802/951/892 801/934/879
f 801/934/879 802/951/892 804/952/893
f 801/934/879 804/952/893 805/932/877
f 805/932/877 804/952/893 796/930/875
f 668/950/891 667/953/705 802/951/892
f 802/951/892 667/953/705 803/954/894
f 802/951/892 803/954/894 804/952/893
f 804/952/893 803/954/894 797/955/895
f 804/952/893 797/955/895 796/930/875
f 796/930/875 797/955/895 709/925/870
f 803/954/894 667/953/705 798/956/896
f 798/956/896 667/953/705 666/957/897
f 798/956/896 666/957/897 708/958/898
f 708/958/898 666/957/897 665/929/874
f 708/958/898 665/929/874 795/928/873
f 663/906/852 662/959/899 706/904/850
f 706/904/850 662/959/899 776/960/900
f 706/904/850 776/960/900 775/902/848
f 775/902/848 776/960/900 778/961/901
f 775/902/848 778/961/901 779/900/846
f 779/900/846 778/961/901 770/898/844
f 662/959/899 661/962/717 776/960/900
f 776/960/900 661/962/717 777/963/902
f 776/960/900 777/963/902 778/961/901
f 778/961/901 777/963/902 771/964/903
f 778/961/901 771/964/903 770/898/844
f 770/898/844 771/964/903 705/893/839
f 777/963/902 661/962/717 772/965/904
f 772/965/904 661/962/717 660/966/905
f 772/965/904 660/966/905 704/967/906
f 704/967/906 660/966/905 659/897/843
f 704/967/906 659/897/843 769/896/842
f 657/874/821 656/968/907 702/872/819
f 702/872/819 656/968/907 750/969/908
f 702/872/819 750/969/908 749/870/817
f 749/870/817 750/969/908 752/970/909
f 749/870/817 752/970/909 753/868/815
f 753/868/815 752/970/909 744/866/813
f 656/968/907 655/971/729 750/969/908
f 750/969/908 655/971/729 751/972/910
f 750/969/908 751/972/910 752/970/909
f 752/970/909 751/972/910 745/973/911
f 752/970/909 745/973/911 744/866/813
f 744/866/813 745/973/911 701/861/808
f 751/972/910 655/971/729 746/974/912
f 746/974/912 655/971/729 654/975/913
f 746/974/912 654/975/913 700/976/914
f 700/976/914 654/975/913 653/865/812
f 700/976/914 653/865/812 743/864/811
f 299/820/769 715/818/767 714/828/777
f 714/828/777 715/818/767 716/816/765
f 714/828/777 716/816/765 713/826/775
f 713/826/775 716/816/765 717/814/763
f 713/826/775 717/814/763 712/812/762
f 699/859/806 720/827/776 719/825/774
f 719/825/774 718/824/773 724/977/915
f 724/977/915 718/824/773 698/823/772
f 724/977/915 698/823/772 722/856/803
f 722/856/803 723/857/804 724/977/915
f 724/977/915 723/857/804 699/859/806
f 724/977/915 699/859/806 719/825/774
f 723/857/804 722/856/803 728/855/802
f 736/849/796 737/847/794 733/842/790
f 733/842/790 737/847/794 732/844/792
f 735/837/785 736/849/796 734/839/787
f 734/839/787 736/849/796 733/842/790
f 700/976/914 743/864/811 742/863/810
f 742/863/810 741/862/809 747/978/916
f 747/978/916 741/862/809 701/861/808
f 747/978/916 701/861/808 745/973/911
f 745/973/911 746/974/912 747/978/916
f 747/978/916 746/974/912 700/976/914
f 747/978/916 700/976/914 742/863/810
f 746/974/912 745/973/911 751/972/910
f 760/889/835 755/891/837 756/890/836
f 756/890/836 755/891/837 765/879/825
f 756/890/836 765/879/825 764/877/823
f 766/881/827 765/879/825 755/891/837
f 704/967/906 769/896/842 768/895/841
f 768/895/841 767/894/840 773/979/917
f 773/979/917 767/894/840 705/893/839
f 773/979/917 705/893/839 771/964/903
f 771/964/903 772/965/904 773/979/917
f 773/979/917 772/965/904 704/967/906
f 773/979/917 704/967/906 768/895/841
f 772/965/904 771/964/903 777/963/902
f 786/921/866 781/923/868 782/922/867
f 782/922/867 781/923/868 791/911/856
f 782/922/867 791/911/856 790/909/854
f 792/913/858 791/911/856 781/923/868
f 708/958/898 795/928/873 794/927/872
f 794/927/872 793/926/871 799/980/918
f 799/980/918 793/926/871 709/925/870
f 799/980/918 709/925/870 797/955/895
f 797/955/895 798/956/896 799/980/918
f 799/980/918 798/956/896 708/958/898
f 799/980/918 708/958/898 794/927/872
f 798/956/896 797/955/895 803/954/894
f 800/933/878 711/946/889 806/935/880
f 806/935/880 711/946/889 811/981/919
f 806/935/880 811/981/919 810/937/882
f 810/937/882 811/981/919 809/939/884
f 812/944/887 808/942/885 811/981/919
f 811/981/919 808/942/885 809/939/884
f 711/946/889 812/944/887 811/981/919
# 812 vertices
# 981 texture params
# 919 normals
# 1620 facets

# 1 groups
