# WaveFront *.obj file (generated by Autodesk ATF)

mtllib Dirt Debris.mtl

g Body1

v -9.540864 2.673108 0.903314
v -9.540864 2.629051 0.789592
v -9.536632 2.629734 0.788594
v -9.532541 2.630744 0.787120
v -9.524994 2.633684 0.782828
v -9.518615 2.637718 0.776939
v -9.513734 2.642637 0.769759
v -9.510484 2.653737 0.774660
v -9.509380 2.665520 0.779862
v -9.509380 2.669959 0.791320
v -9.511677 2.671052 0.830215
v -9.518293 2.672014 0.864419
v -9.528430 2.672728 0.889806
v -9.534449 2.672963 0.898183
v -9.537619 2.673047 0.901166
v -9.509380 2.674713 0.776650
v -9.511677 2.692154 0.765099
v -9.514484 2.700054 0.760246
v -9.518293 2.707080 0.756210
v -9.522989 2.713020 0.753116
v -9.528430 2.717692 0.751055
v -9.531378 2.719506 0.750434
v -9.534449 2.720954 0.750092
v -9.537619 2.722024 0.750033
v -9.540864 2.722708 0.750256
v -9.509832 2.624713 0.757924
v -9.513421 2.564677 0.769147
v -9.520267 2.513378 0.778737
v -9.524718 2.492584 0.782624
v -9.529716 2.475721 0.785776
v -9.535141 2.463196 0.788118
v -9.537974 2.458659 0.788966
v -9.540864 2.455310 0.789592
v -9.540864 2.577670 0.742188
v -9.538321 2.579507 0.742054
v -9.535820 2.581932 0.741877
v -9.530993 2.588496 0.741397
v -9.522344 2.607999 0.739971
v -9.515556 2.634736 0.738017
v -9.511131 2.666727 0.735678
v -9.845664 2.677618 1.063731
v -9.845664 2.592235 0.843336
v -9.845664 2.768224 0.784140
v -9.515177 2.629186 0.772273
v -9.520080 2.676528 0.747206
v -9.526180 2.715144 0.726759
v -9.529598 2.730636 0.718556
v -9.533211 2.743349 0.711825
v -9.536980 2.753142 0.706639
v -9.540864 2.759910 0.703056
v -9.540864 2.830891 0.675557
v -9.534449 2.820273 0.681514
v -9.528430 2.806086 0.690020
v -9.522989 2.788761 0.700817
v -9.518293 2.768824 0.713577
v -9.511677 2.723598 0.743387
v -9.509380 2.675864 0.775855
v -9.518293 2.731617 0.727991
v -9.513432 2.734287 0.734883
v -9.524728 2.729424 0.722331
v -9.512754 2.627774 0.767746
v -9.510961 2.626274 0.762934
v -9.510162 2.665954 0.731666
v -9.509576 2.665165 0.727570
v -9.509380 2.664367 0.723430
v -9.509380 2.757403 0.659190
v -9.511677 2.799210 0.646159
v -9.518293 2.835973 0.634700
v -9.522989 2.851039 0.630004
v -9.528430 2.863260 0.626194
v -9.534449 2.872265 0.623388
v -9.537619 2.875471 0.622388
v -9.540864 2.877779 0.621669
v -9.518293 2.750998 0.693374
v -9.513432 2.746799 0.687292
v -9.510407 2.742076 0.680451
v -9.524728 2.754448 0.698369
v -9.532389 2.756961 0.702009
v -9.540864 2.721809 0.621669
v -9.509380 2.696107 0.659190
v -9.509958 2.700639 0.652574
v -9.511677 2.705033 0.646159
v -9.514484 2.709157 0.640140
v -9.518293 2.712883 0.634700
v -9.522989 2.716100 0.630004
v -9.528430 2.718709 0.626194
v -9.534449 2.720632 0.623388
v -9.540864 2.661264 0.465386
v -9.509380 2.672607 0.598531
v -9.511677 2.668667 0.552290
v -9.518293 2.665203 0.511626
v -9.522989 2.663783 0.494962
v -9.528430 2.662632 0.481445
v -9.534449 2.661783 0.471485
v -9.537619 2.661481 0.467938
v -9.509380 2.648087 0.719727
v -9.510815 2.635927 0.727585
v -9.515013 2.624684 0.734851
v -9.519919 2.623865 0.706790
v -9.526052 2.623196 0.683890
v -9.533139 2.622707 0.667169
v -9.536942 2.622538 0.661370
v -9.540864 2.622421 0.657372
v -9.513432 2.654373 0.602424
v -9.510407 2.662521 0.604073
v -9.518293 2.647129 0.600959
v -9.524728 2.641179 0.599755
v -9.532389 2.636844 0.598878
v -9.540864 2.589038 0.530890
v -9.510815 2.611387 0.722002
v -9.509380 2.597005 0.708107
v -9.509380 2.584764 0.661728
v -9.511677 2.586249 0.616288
v -9.518293 2.587554 0.576329
v -9.522989 2.588089 0.559954
v -9.528430 2.588523 0.546671
v -9.534449 2.588843 0.536884
v -9.537619 2.588956 0.533398
v -9.509380 2.571190 0.702234
v -9.509491 2.567413 0.704356
v -9.512482 2.562485 0.680818
v -9.519249 2.558215 0.660427
v -9.523835 2.556476 0.652119
v -9.529063 2.555065 0.645383
v -9.534791 2.554022 0.640402
v -9.537794 2.553648 0.638613
v -9.540864 2.553375 0.637310
v -9.540864 2.461447 0.535853
v -9.509380 2.559070 0.699477
v -9.509380 2.498968 0.633145
v -9.511677 2.485937 0.599356
v -9.518293 2.474478 0.569642
v -9.522989 2.469782 0.557465
v -9.528430 2.465973 0.547588
v -9.534449 2.463166 0.540310
v -9.537619 2.462166 0.537718
v -9.509380 2.498968 0.685805
v -9.509434 2.496929 0.687433
v -9.512229 2.484510 0.676788
v -9.515140 2.478825 0.671915
v -9.518960 2.473705 0.667527
v -9.523580 2.469296 0.663747
v -9.528873 2.465721 0.660682
v -9.534689 2.463079 0.658419
v -9.540864 2.461447 0.657019
v -9.845664 3.236560 0.460760
v -9.694892 2.964912 0.594509
v -9.845664 2.959943 0.567924
v -9.845664 2.758625 0.567924
v -9.845664 2.645016 0.274672
v -9.845664 2.615501 0.420550
v -9.845664 2.595160 0.343481
v -9.845664 2.531578 0.533212
v -9.845664 2.407703 0.396495
v -9.845664 2.407703 0.610952
v -9.540864 2.307793 0.680796
v -9.537742 2.311453 0.680925
v -9.534689 2.316495 0.681101
v -9.528873 2.330573 0.681595
v -9.523580 2.349632 0.682264
v -9.518960 2.373136 0.683089
v -9.515140 2.400425 0.684046
v -9.512229 2.430731 0.685110
v -9.510407 2.490739 0.692944
v -9.513432 2.488895 0.701050
v -9.518293 2.487256 0.708257
v -9.524728 2.485909 0.714176
v -9.532389 2.484928 0.718489
v -9.845664 2.394298 0.755592
v -9.845664 2.021308 0.670744
v -9.845664 2.167809 0.843336
v -9.890380 2.960983 0.605446
v -9.890339 2.966628 0.603686
v -9.888800 2.964927 0.594590
v -9.885120 2.963346 0.586130
v -9.879515 2.961976 0.578803
v -9.872313 2.960898 0.573038
v -9.863936 2.960176 0.569172
v -9.854876 2.959851 0.567434
v -9.849788 2.758966 0.567427
v -9.853942 2.758997 0.567382
v -9.862141 2.758132 0.568644
v -9.869872 2.756073 0.571650
v -9.876770 2.752915 0.576259
v -9.882506 2.748811 0.582252
v -9.886810 2.743952 0.589344
v -9.889477 2.738571 0.597199
v -9.890380 2.732923 0.605446
v -9.889201 2.849775 0.596044
v -9.885740 2.849775 0.587224
v -9.880209 2.849775 0.579531
v -9.872951 2.849775 0.573441
v -9.864414 2.849775 0.569329
v -9.855127 2.849775 0.567452
v -9.890380 2.736447 0.760484
v -9.889201 2.744409 0.766411
v -9.885740 2.751879 0.771972
v -9.880209 2.758394 0.776822
v -9.872951 2.763552 0.780662
v -9.864414 2.767034 0.783254
v -9.855127 2.768624 0.784437
v -9.847664 3.238812 0.459568
v -9.848670 3.239636 0.459131
v -9.849678 3.240258 0.458802
v -9.850688 3.240678 0.458579
v -9.851699 3.240896 0.458464
v -9.852711 3.240911 0.458456
v -9.853722 3.240723 0.458555
v -9.854732 3.240333 0.458762
v -9.855740 3.239741 0.459076
v -9.857749 3.237951 0.460023
v -9.861715 3.231971 0.463189
v -9.865574 3.222853 0.468017
v -9.869284 3.210698 0.474453
v -9.872802 3.195643 0.482425
v -9.876089 3.177859 0.491841
v -9.881824 3.134930 0.514572
v -9.886231 3.083840 0.541623
v -9.889113 3.026887 0.571780
v -9.889201 2.902728 0.657094
v -9.885740 2.907740 0.664352
v -9.885740 3.068679 0.553226
v -9.880209 2.912111 0.670683
v -9.880209 3.073050 0.559557
v -9.872951 2.915571 0.675695
v -9.872951 3.076510 0.564568
v -9.864414 2.917907 0.679078
v -9.864414 3.078846 0.567951
v -9.855127 2.918974 0.680622
v -9.855127 3.079913 0.569496
v -9.890380 2.674469 0.951737
v -9.886810 2.675821 0.999798
v -9.882506 2.676416 1.020966
v -9.876770 2.676919 1.038853
v -9.869872 2.677306 1.052609
v -9.866089 2.677450 1.057726
v -9.862141 2.677558 1.061584
v -9.858076 2.677630 1.064135
v -9.856014 2.677652 1.064911
v -9.853942 2.677664 1.065350
v -9.851864 2.677667 1.065452
v -9.849788 2.677660 1.065215
v -9.847719 2.677644 1.064641
v -9.855127 2.725079 0.918808
v -9.864414 2.723293 0.918229
v -9.872951 2.719382 0.916962
v -9.880209 2.713588 0.915085
v -9.885740 2.706270 0.912713
v -9.889201 2.697880 0.909994
v -9.890380 2.617937 0.805815
v -9.889477 2.612289 0.814062
v -9.886810 2.606908 0.821917
v -9.882506 2.602049 0.829009
v -9.876770 2.597945 0.835002
v -9.869872 2.594787 0.839610
v -9.862141 2.592728 0.842617
v -9.853942 2.591863 0.843879
v -9.849788 2.591894 0.843834
v -9.855127 2.630137 0.942477
v -9.864414 2.631888 0.941799
v -9.872951 2.635721 0.940314
v -9.880209 2.641400 0.938114
v -9.885740 2.648574 0.935335
v -9.889201 2.656798 0.932148
v -9.890380 2.368525 0.805815
v -9.886810 2.282390 0.821917
v -9.882506 2.244451 0.829009
v -9.876770 2.212395 0.835002
v -9.869872 2.187741 0.839610
v -9.862141 2.171657 0.842617
v -9.860120 2.169074 0.843100
v -9.858076 2.167084 0.843472
v -9.856014 2.165694 0.843732
v -9.853942 2.164906 0.843879
v -9.852903 2.164739 0.843910
v -9.851864 2.164724 0.843913
v -9.850825 2.164861 0.843887
v -9.849788 2.165149 0.843834
v -9.847719 2.166178 0.843641
v -9.855127 2.466866 0.843809
v -9.855127 2.315795 0.843809
v -9.864414 2.466866 0.841931
v -9.864414 2.315795 0.841931
v -9.872951 2.466866 0.837820
v -9.872951 2.315795 0.837820
v -9.880209 2.466866 0.831730
v -9.880209 2.315795 0.831730
v -9.885740 2.466866 0.824037
v -9.885740 2.315795 0.824037
v -9.889201 2.466866 0.815217
v -9.890380 2.522318 0.746234
v -9.886810 2.467380 0.750250
v -9.882506 2.443182 0.752019
v -9.876770 2.422736 0.753513
v -9.869872 2.407011 0.754663
v -9.866089 2.401162 0.755090
v -9.862141 2.396753 0.755412
v -9.858076 2.393836 0.755626
v -9.856014 2.392949 0.755690
v -9.853942 2.392447 0.755727
v -9.851864 2.392331 0.755736
v -9.849788 2.392601 0.755716
v -9.847719 2.393258 0.755668
v -9.889201 2.347006 0.804069
v -9.855127 2.336677 0.777408
v -9.864414 2.337355 0.779159
v -9.872951 2.338841 0.782992
v -9.880209 2.341041 0.788671
v -9.885740 2.343820 0.795845
v -9.890380 2.221315 0.677762
v -9.886810 2.135484 0.674750
v -9.882506 2.097680 0.673423
v -9.876770 2.065737 0.672303
v -9.869872 2.041170 0.671441
v -9.866089 2.032031 0.671120
v -9.862141 2.025143 0.670878
v -9.860120 2.022569 0.670788
v -9.858076 2.020586 0.670718
v -9.856014 2.019201 0.670670
v -9.853942 2.018416 0.670642
v -9.852903 2.018250 0.670636
v -9.851864 2.018235 0.670636
v -9.850825 2.018371 0.670641
v -9.849788 2.018657 0.670651
v -9.847719 2.019683 0.670687
v -9.855127 2.348679 0.745699
v -9.855127 2.183469 0.708116
v -9.864414 2.349096 0.743868
v -9.864414 2.183885 0.706286
v -9.872951 2.350008 0.739859
v -9.872951 2.184797 0.702277
v -9.880209 2.351359 0.733921
v -9.880209 2.186148 0.696338
v -9.885740 2.353065 0.726419
v -9.885740 2.187854 0.688837
v -9.889201 2.355021 0.717819
v -9.889201 2.189811 0.680237
v -9.890380 2.445224 0.643113
v -9.889477 2.436977 0.636045
v -9.886810 2.429122 0.629312
v -9.882506 2.422030 0.623233
v -9.876770 2.416037 0.618096
v -9.869872 2.411429 0.614146
v -9.862141 2.408422 0.611568
v -9.858076 2.407567 0.610836
v -9.853942 2.407160 0.610487
v -9.849788 2.407205 0.610525
v -9.855127 2.228832 0.638153
v -9.864414 2.229119 0.640008
v -9.872951 2.229748 0.644071
v -9.880209 2.230679 0.650090
v -9.885740 2.231856 0.657692
v -9.889201 2.233205 0.666408
v -9.890380 2.445224 0.493786
v -9.886810 2.429122 0.452035
v -9.882506 2.422030 0.433645
v -9.876770 2.416037 0.418107
v -9.869872 2.411429 0.406156
v -9.866089 2.409714 0.401711
v -9.862141 2.408422 0.398360
v -9.858076 2.407567 0.396143
v -9.856014 2.407307 0.395469
v -9.853942 2.407160 0.395088
v -9.851864 2.407126 0.395000
v -9.849788 2.407205 0.395205
v -9.847719 2.407398 0.395704
v -9.855127 2.407230 0.519056
v -9.864414 2.409108 0.519056
v -9.872951 2.413219 0.519056
v -9.880209 2.419309 0.519056
v -9.885740 2.427002 0.519056
v -9.889201 2.435822 0.519056
v -9.890380 2.546795 0.605887
v -9.886810 2.540265 0.574699
v -9.882506 2.537389 0.560963
v -9.876770 2.534958 0.549356
v -9.869872 2.533089 0.540429
v -9.866089 2.532394 0.537108
v -9.862141 2.531870 0.534605
v -9.858076 2.531523 0.532949
v -9.853942 2.531358 0.532161
v -9.849788 2.531377 0.532248
v -9.855127 2.491000 0.487723
v -9.864414 2.489608 0.488984
v -9.872951 2.486562 0.491744
v -9.880209 2.482048 0.495833
v -9.885740 2.476347 0.500999
v -9.889201 2.469811 0.506921
v -9.890380 2.590886 0.474318
v -9.886810 2.592721 0.418171
v -9.882506 2.593528 0.393441
v -9.876770 2.594211 0.372545
v -9.869872 2.594736 0.356474
v -9.866089 2.594931 0.350495
v -9.862141 2.595079 0.345989
v -9.858076 2.595176 0.343009
v -9.856014 2.595206 0.342102
v -9.853942 2.595222 0.341589
v -9.851864 2.595226 0.341470
v -9.849788 2.595217 0.341747
v -9.847719 2.595195 0.342418
v -9.855127 2.553048 0.467659
v -9.864414 2.554828 0.468256
v -9.872951 2.558726 0.469562
v -9.880209 2.564501 0.471497
v -9.885740 2.571795 0.473942
v -9.889201 2.580158 0.476744
v -9.890380 2.620332 0.585885
v -9.886810 2.618259 0.514934
v -9.882506 2.617346 0.483683
v -9.876770 2.616574 0.457277
v -9.869872 2.615981 0.436969
v -9.866089 2.615760 0.429414
v -9.862141 2.615594 0.423720
v -9.860120 2.615532 0.421592
v -9.858076 2.615484 0.419953
v -9.856014 2.615450 0.418808
v -9.853942 2.615431 0.418159
v -9.851864 2.615427 0.418009
v -9.849788 2.615437 0.418359
v -9.847719 2.615462 0.419207
v -9.889201 2.598451 0.466140
v -9.885740 2.606979 0.463889
v -9.880209 2.614417 0.461926
v -9.890380 2.656359 0.407817
v -9.886810 2.651491 0.350679
v -9.882506 2.649347 0.325513
v -9.876770 2.647535 0.304248
v -9.869872 2.646142 0.287894
v -9.866089 2.645624 0.281810
v -9.862141 2.645233 0.277224
v -9.858076 2.644975 0.274191
v -9.856014 2.644896 0.273269
v -9.853942 2.644851 0.272746
v -9.851864 2.644841 0.272626
v -9.849788 2.644865 0.272907
v -9.847719 2.644923 0.273590
v -9.872951 2.619888 0.426686
v -9.885740 2.633398 0.429419
v -9.880209 2.625857 0.427894
v -9.889201 2.642042 0.431168
v -9.855127 2.706547 0.432192
v -9.864414 2.704797 0.432870
v -9.872951 2.700963 0.434355
v -9.880209 2.695284 0.436555
v -9.885740 2.688110 0.439334
v -9.889201 2.679886 0.442521
v -9.879515 3.101344 0.524810
v -9.872313 3.099261 0.519434
v -9.863936 3.097865 0.515830
v -9.854876 3.097237 0.514209
vt 0.122613 0.026599 0.000000
vt 0.000655 0.026599 0.000000
vt 0.120589 0.023274 0.000000
vt -0.000029 0.022248 0.000000
vt 0.117777 0.019949 0.000000
vt -0.001038 0.017898 0.000000
vt 0.109880 0.013299 0.000000
vt -0.003978 0.009197 0.000000
vt 0.085949 0.000000 0.000000
vt -0.008012 0.000496 0.000000
vt -0.012931 -0.008205 0.000000
vt 0.053708 -0.013299 0.000000
vt -0.004351 -0.017402 0.000000
vt 0.017044 -0.026599 0.000000
vt 0.004757 -0.026599 0.000000
vt -0.052330 -0.026599 0.000000
vt -0.035966 -0.013299 0.000000
vt -0.067752 -0.026599 0.000000
vt -0.104415 -0.013299 0.000000
vt -0.028913 -0.006650 0.000000
vt -0.136656 -0.000000 0.000000
vt -0.022908 -0.000000 0.000000
vt -0.018133 0.006650 0.000000
vt -0.160587 0.013299 0.000000
vt -0.014733 0.013299 0.000000
vt -0.013582 0.016624 0.000000
vt -0.168484 0.019949 0.000000
vt -0.012811 0.019949 0.000000
vt -0.012424 0.023274 0.000000
vt -0.171296 0.023274 0.000000
vt -0.012426 0.026599 0.000000
vt -0.173320 0.026599 0.000000
vt -0.068985 -0.020722 0.000000
vt -0.008949 -0.008892 0.000000
vt -0.116198 -0.015001 0.000000
vt -0.085523 -0.004601 0.000000
vt 0.042350 0.002938 0.000000
vt -0.059885 0.005799 0.000000
vt 0.063144 0.008853 0.000000
vt -0.041184 0.016199 0.000000
vt 0.080006 0.014769 0.000000
vt 0.092532 0.020684 0.000000
vt -0.034890 0.021399 0.000000
vt 0.097069 0.023641 0.000000
vt -0.032566 0.023999 0.000000
vt -0.030804 0.026599 0.000000
vt 0.100418 0.026599 0.000000
vt -0.106338 0.031970 0.000000
vt 0.015619 0.031970 0.000000
vt -0.069523 0.341472 0.000000
vt 0.166833 0.341472 0.000000
vt -0.001880 0.031970 0.000000
vt -0.020082 0.341472 0.000000
vt -0.162774 0.031970 0.000000
vt -0.313988 0.341472 0.000000
vt 0.051281 -0.005305 0.000000
vt -0.060231 -0.008866 0.000000
vt 0.037830 -0.008205 0.000000
vt -0.047191 -0.013299 0.000000
vt 0.029250 -0.017402 0.000000
vt 0.009048 -0.026599 0.000000
vt 0.020142 -0.026599 0.000000
vt -0.060231 -0.000000 0.000000
vt -0.001920 0.002671 0.000000
vt -0.060231 0.008866 0.000000
vt -0.045315 0.010647 0.000000
vt -0.062724 0.014635 0.000000
vt -0.143388 0.013299 0.000000
vt -0.077010 0.018623 0.000000
vt -0.159690 0.019949 0.000000
vt -0.088015 0.022611 0.000000
vt -0.171742 0.026599 0.000000
vt -0.095620 0.026599 0.000000
vt -0.123332 0.006650 0.000000
vt -0.100132 0.000000 0.000000
vt -0.146735 -0.010444 0.000000
vt -0.003077 -0.008866 0.000000
vt -0.148146 -0.005305 0.000000
vt -0.003077 -0.000000 0.000000
vt -0.094946 0.002671 0.000000
vt -0.003077 0.008866 0.000000
vt -0.051551 0.010647 0.000000
vt -0.034141 0.014635 0.000000
vt 0.127474 0.013299 0.000000
vt -0.003077 0.017733 0.000000
vt 0.136478 0.019949 0.000000
vt -0.008850 0.022611 0.000000
vt 0.139685 0.023274 0.000000
vt -0.001245 0.026599 0.000000
vt 0.141993 0.026599 0.000000
vt -0.096461 -0.015001 0.000000
vt -0.145235 -0.015583 0.000000
vt -0.143674 -0.020722 0.000000
vt -0.003077 -0.017733 0.000000
vt -0.094817 -0.018867 0.000000
vt -0.093139 -0.022733 0.000000
vt -0.091443 -0.026599 0.000000
vt 0.021617 -0.026599 0.000000
vt 0.063423 -0.013299 0.000000
vt 0.100187 -0.000000 0.000000
vt 0.115253 0.006650 0.000000
vt -0.019856 0.018623 0.000000
vt -0.219437 0.026599 0.000000
vt -0.217129 0.023274 0.000000
vt -0.063468 0.026599 0.000000
vt -0.062290 0.019949 0.000000
vt -0.213923 0.019949 0.000000
vt -0.204918 0.013299 0.000000
vt -0.060367 0.013299 0.000000
vt -0.192697 0.006650 0.000000
vt -0.057758 0.006650 0.000000
vt -0.177631 -0.000000 0.000000
vt -0.054541 -0.000000 0.000000
vt -0.050815 -0.006650 0.000000
vt -0.140868 -0.013299 0.000000
vt -0.046692 -0.013299 0.000000
vt -0.042297 -0.019949 0.000000
vt -0.099062 -0.026599 0.000000
vt -0.037765 -0.026599 0.000000
vt 0.101001 0.026599 0.000000
vt -0.066600 0.026599 0.000000
vt 0.098542 0.023274 0.000000
vt -0.067778 0.019949 0.000000
vt 0.095126 0.019949 0.000000
vt 0.085532 0.013299 0.000000
vt -0.069700 0.013299 0.000000
vt 0.072512 0.006650 0.000000
vt -0.072310 0.006650 0.000000
vt 0.056460 0.000000 0.000000
vt -0.075526 0.000000 0.000000
vt -0.079253 -0.006650 0.000000
vt 0.017291 -0.013299 0.000000
vt -0.083376 -0.013299 0.000000
vt -0.087771 -0.019949 0.000000
vt -0.092303 -0.026599 0.000000
vt -0.027250 -0.026599 0.000000
vt -0.095884 -0.026599 0.000000
vt 0.027767 -0.026599 0.000000
vt -0.088452 -0.017733 0.000000
vt 0.037881 -0.016107 0.000000
vt -0.088452 -0.008866 0.000000
vt 0.047232 -0.005616 0.000000
vt -0.088452 -0.000000 0.000000
vt 0.019891 0.002438 0.000000
vt -0.088452 0.008866 0.000000
vt -0.002422 0.010491 0.000000
vt -0.088452 0.017733 0.000000
vt -0.018714 0.018545 0.000000
vt -0.024364 0.022572 0.000000
vt -0.221677 0.023274 0.000000
vt -0.028259 0.026599 0.000000
vt -0.224136 0.026599 0.000000
vt -0.218260 0.019949 0.000000
vt -0.208667 0.013299 0.000000
vt -0.195646 0.006650 0.000000
vt -0.179595 -0.000000 0.000000
vt -0.140426 -0.013299 0.000000
vt 0.085454 0.026599 0.000000
vt -0.045360 0.026599 0.000000
vt 0.083049 0.023274 0.000000
vt -0.049255 0.022572 0.000000
vt 0.079708 0.019949 0.000000
vt -0.054905 0.018545 0.000000
vt 0.070327 0.013299 0.000000
vt -0.071197 0.010491 0.000000
vt 0.057594 0.006650 0.000000
vt -0.093510 0.002438 0.000000
vt 0.041898 -0.000000 0.000000
vt -0.120851 -0.005616 0.000000
vt 0.003595 -0.013299 0.000000
vt -0.105034 -0.016107 0.000000
vt -0.039961 -0.026599 0.000000
vt -0.087929 -0.026599 0.000000
vt 0.035313 -0.026599 0.000000
vt 0.038525 -0.023689 0.000000
vt -0.007407 -0.026599 0.000000
vt -0.050964 -0.013299 0.000000
vt 0.017773 -0.011117 0.000000
vt -0.089266 -0.000000 0.000000
vt -0.000205 0.001455 0.000000
vt -0.104963 0.006650 0.000000
vt -0.007529 0.007741 0.000000
vt -0.117696 0.013299 0.000000
vt -0.013468 0.014027 0.000000
vt -0.127077 0.019949 0.000000
vt -0.017859 0.020313 0.000000
vt -0.130418 0.023274 0.000000
vt -0.019436 0.023456 0.000000
vt -0.132823 0.026599 0.000000
vt -0.020585 0.026599 0.000000
vt 0.108871 0.026599 0.000000
vt -0.028039 0.026599 0.000000
vt 0.107005 0.023274 0.000000
vt -0.029188 0.023456 0.000000
vt -0.030765 0.020313 0.000000
vt 0.104413 0.019949 0.000000
vt -0.035157 0.014027 0.000000
vt 0.097136 0.013299 0.000000
vt -0.041096 0.007741 0.000000
vt 0.087258 0.006650 0.000000
vt -0.048420 0.001455 0.000000
vt 0.075081 -0.000000 0.000000
vt -0.066397 -0.011117 0.000000
vt 0.045368 -0.013299 0.000000
vt -0.087150 -0.023689 0.000000
vt 0.011579 -0.026599 0.000000
vt -0.077932 -0.026599 0.000000
vt 0.011959 -0.026599 0.000000
vt 0.013587 -0.024558 0.000000
vt -0.040701 -0.026599 0.000000
vt -0.074490 -0.013299 0.000000
vt 0.002942 -0.011769 0.000000
vt -0.001931 -0.005374 0.000000
vt -0.104204 -0.000000 0.000000
vt -0.006320 0.001020 0.000000
vt -0.116381 0.006650 0.000000
vt -0.010099 0.007415 0.000000
vt -0.126258 0.013299 0.000000
vt -0.013164 0.013810 0.000000
vt -0.133536 0.019949 0.000000
vt -0.015428 0.020204 0.000000
vt -0.136128 0.023274 0.000000
vt -0.016827 0.026599 0.000000
vt -0.137993 0.026599 0.000000
vt -0.138870 -0.000000 0.000000
vt -0.137471 -0.000000 0.000000
vt -0.117955 0.002333 0.000000
vt -0.079743 0.002333 0.000000
vt -0.108696 0.005183 0.000000
vt -0.100621 0.009051 0.000000
vt -0.093975 0.013820 0.000000
vt -0.088960 0.019344 0.000000
vt -0.025589 0.009051 0.000000
vt -0.087114 0.022338 0.000000
vt -0.085728 0.025456 0.000000
vt -0.084814 0.028675 0.000000
vt -0.084378 0.031970 0.000000
vt -0.001933 0.013820 0.000000
vt 0.018459 0.019344 0.000000
vt 0.034967 0.025456 0.000000
vt 0.047089 0.031970 0.000000
vt -0.066176 0.341472 0.000000
vt 0.502958 0.341472 0.000000
vt -0.047089 0.031970 0.000000
vt -0.277460 0.188375 0.000000
vt -0.123210 0.031970 0.000000
vt -0.579080 0.341472 0.000000
vt -0.282429 0.341472 0.000000
vt -0.125427 0.031970 0.000000
vt 0.017810 0.031970 0.000000
vt 0.104943 0.188375 0.000000
vt -0.003803 0.031970 0.000000
vt -0.040618 0.341472 0.000000
vt -0.159773 0.031970 0.000000
vt -0.246906 0.188375 0.000000
vt -0.241936 0.341472 0.000000
vt -0.148626 0.031970 0.000000
vt 0.018976 0.031970 0.000000
vt -0.111810 0.341472 0.000000
vt 0.202680 0.341472 0.000000
vt -0.023835 0.031970 0.000000
vt -0.254582 0.341472 0.000000
vt -0.219711 0.031970 0.000000
vt -0.403416 0.341472 0.000000
vt -0.112258 0.031970 0.000000
vt 0.018556 0.031970 0.000000
vt 0.118489 0.341472 0.000000
vt 0.198198 0.341472 0.000000
vt -0.009480 0.031970 0.000000
vt -0.101258 0.341472 0.000000
vt -0.121718 0.031970 0.000000
vt -0.301359 0.341472 0.000000
vt -0.122515 0.031970 0.000000
vt 0.014395 0.031970 0.000000
vt -0.030737 0.341472 0.000000
vt 0.153753 0.341472 0.000000
vt 0.099709 0.052770 0.000000
vt 0.039607 -0.013563 0.000000
vt 0.099709 0.000109 0.000000
vt 0.013913 0.024187 0.000000
vt 0.001672 -0.022192 0.000000
vt 0.027487 -0.016320 0.000000
vt -0.158726 0.026724 0.000000
vt -0.065690 -0.037516 0.000000
vt -0.097430 0.026724 0.000000
vt -0.049409 -0.033812 0.000000
vt -0.073930 0.087384 0.000000
vt -0.071281 -0.105406 0.000000
vt -0.066843 -0.093948 0.000000
vt -0.076035 -0.090735 0.000000
vt -0.077187 -0.089940 0.000000
vt -0.004758 0.031970 0.000000
vt -0.050826 0.341472 0.000000
vt -0.125925 0.031970 0.000000
vt -0.265283 0.341472 0.000000
vt -0.067295 0.026599 0.000000
vt -0.068990 0.022733 0.000000
vt -0.050598 0.026599 0.000000
vt -0.040485 0.016107 0.000000
vt -0.070669 0.018867 0.000000
vt -0.072312 0.015001 0.000000
vt -0.031134 0.005616 0.000000
vt -0.041637 0.004601 0.000000
vt 0.108771 -0.000000 0.000000
vt -0.015999 -0.005799 0.000000
vt 0.108771 -0.008866 0.000000
vt 0.002702 -0.016199 0.000000
vt 0.108771 -0.017733 0.000000
vt 0.008995 -0.021399 0.000000
vt 0.286256 -0.023401 0.000000
vt 0.011320 -0.023999 0.000000
vt 0.289853 -0.026599 0.000000
vt 0.013082 -0.026599 0.000000
vt 0.281301 -0.020204 0.000000
vt 0.267464 -0.013810 0.000000
vt 0.248731 -0.007415 0.000000
vt 0.225630 -0.001020 0.000000
vt 0.198809 0.005374 0.000000
vt 0.108771 0.008866 0.000000
vt 0.169021 0.011769 0.000000
vt -0.015317 0.016107 0.000000
vt 0.108771 0.017733 0.000000
vt 0.031475 0.023689 0.000000
vt 0.103958 0.024558 0.000000
vt 0.040693 0.026599 0.000000
vt 0.102330 0.026599 0.000000
vt 0.028263 0.026599 0.000000
vt 0.001788 0.026599 0.000000
vt -0.028013 -0.024558 0.000000
vt 0.037050 -0.011769 0.000000
vt -0.017369 -0.011769 0.000000
vt -0.012495 -0.005374 0.000000
vt 0.066838 -0.005374 0.000000
vt -0.008107 0.001020 0.000000
vt 0.093659 0.001020 0.000000
vt -0.004328 0.007415 0.000000
vt 0.116760 0.007415 0.000000
vt -0.001263 0.013810 0.000000
vt 0.135493 0.013810 0.000000
vt 0.001001 0.020204 0.000000
vt 0.149330 0.020204 0.000000
vt 0.154285 0.023401 0.000000
vt 0.157883 0.026599 0.000000
vt 0.002400 0.026599 0.000000
vt -0.018162 0.031970 0.000000
vt -0.193993 0.341472 0.000000
vt -0.294934 0.031970 0.000000
vt -0.576512 0.341472 0.000000
vt -0.101525 0.031970 0.000000
vt 0.029697 0.031970 0.000000
vt 0.074306 0.341472 0.000000
vt 0.317198 0.341472 0.000000
vt -0.160456 0.026599 0.000000
vt -0.157107 0.023641 0.000000
vt 0.013285 0.026599 0.000000
vt 0.013969 0.022248 0.000000
vt -0.152569 0.020684 0.000000
vt 0.014979 0.017898 0.000000
vt -0.140044 0.014769 0.000000
vt 0.017919 0.009197 0.000000
vt -0.123181 0.008853 0.000000
vt -0.102388 0.002938 0.000000
vt -0.051088 -0.008892 0.000000
vt 0.013420 -0.005305 0.000000
vt 0.021953 0.000496 0.000000
vt 0.008948 -0.020722 0.000000
vt 0.010509 -0.015583 0.000000
vt 0.012009 -0.010444 0.000000
vt 0.026871 -0.008205 0.000000
vt -0.003803 0.031970 0.000000
vt -0.040618 0.341472 0.000000
vt -0.177544 0.031970 0.000000
vt -0.465045 0.341472 0.000000
vt -0.308286 0.031488 0.000000
vt -0.191433 0.023749 0.000000
vt -0.302641 0.033249 0.000000
vt -0.080229 0.024936 0.000000
vt -0.074581 0.033249 0.000000
vt -0.306585 0.022240 0.000000
vt -0.191433 0.014249 0.000000
vt -0.085611 0.016624 0.000000
vt -0.090469 0.008312 0.000000
vt -0.191433 0.004750 0.000000
vt -0.094574 0.000000 0.000000
vt -0.191433 -0.004750 0.000000
vt -0.097731 -0.008312 0.000000
vt -0.191433 -0.014249 0.000000
vt -0.099790 -0.016624 0.000000
vt -0.191433 -0.023749 0.000000
vt -0.100655 -0.024936 0.000000
vt -0.100624 -0.029092 0.000000
vt -0.301509 -0.024000 0.000000
vt -0.301601 -0.033249 0.000000
vt -0.305004 0.012992 0.000000
vt -0.303634 0.003744 0.000000
vt -0.302557 -0.005504 0.000000
vt -0.301834 -0.014752 0.000000
vt -0.100283 -0.033249 0.000000
vt 0.268919 0.033249 0.000000
vt -0.003942 0.033249 0.000000
vt 0.274564 0.031488 0.000000
vt 0.191635 0.023749 0.000000
vt 0.342280 0.023396 0.000000
vt 0.191635 0.014249 0.000000
vt 0.387212 0.014249 0.000000
vt 0.387212 0.004750 0.000000
vt 0.463693 0.007212 0.000000
vt 0.511934 -0.000880 0.000000
vt 0.387212 -0.004750 0.000000
vt 0.531920 -0.004926 0.000000
vt 0.548837 -0.008972 0.000000
vt 0.387212 -0.014249 0.000000
vt 0.562496 -0.013018 0.000000
vt 0.572743 -0.017064 0.000000
vt 0.387212 -0.023749 0.000000
vt 0.579462 -0.021110 0.000000
vt 0.581474 -0.023133 0.000000
vt 0.582140 -0.024145 0.000000
vt 0.582578 -0.025156 0.000000
vt 0.582789 -0.026168 0.000000
vt 0.582772 -0.027179 0.000000
vt 0.582528 -0.028191 0.000000
vt 0.577900 -0.033249 0.000000
vt 0.582055 -0.029202 0.000000
vt 0.581356 -0.030214 0.000000
vt 0.580430 -0.031225 0.000000
vt -0.000758 0.023749 0.000000
vt 0.002229 0.014249 0.000000
vt 0.004835 0.004750 0.000000
vt 0.191635 0.004750 0.000000
vt 0.006898 -0.004750 0.000000
vt 0.191635 -0.004750 0.000000
vt 0.008290 -0.014249 0.000000
vt 0.191635 -0.014249 0.000000
vt 0.008926 -0.023749 0.000000
vt 0.191635 -0.023749 0.000000
vt 0.008766 -0.033249 0.000000
vt 0.406282 0.015304 0.000000
vt -0.324534 -0.033249 0.000000
vt -0.030628 -0.033249 0.000000
vt -0.325391 -0.031170 0.000000
vt -0.325933 -0.029092 0.000000
vt -0.172038 -0.023749 0.000000
vt -0.326156 -0.027014 0.000000
vt -0.326060 -0.024936 0.000000
vt -0.325646 -0.022858 0.000000
vt -0.324914 -0.020780 0.000000
vt -0.172038 -0.014249 0.000000
vt -0.322509 -0.016624 0.000000
vt -0.318874 -0.012468 0.000000
vt -0.314050 -0.008312 0.000000
vt -0.172038 -0.004750 0.000000
vt -0.301083 0.000000 0.000000
vt -0.172038 0.004750 0.000000
vt -0.284223 0.008312 0.000000
vt -0.172038 0.014249 0.000000
vt -0.264269 0.016624 0.000000
vt -0.172038 0.023749 0.000000
vt -0.218965 0.033249 0.000000
vt -0.017920 0.033249 0.000000
vt -0.021104 0.023749 0.000000
vt -0.024091 0.014249 0.000000
vt -0.026697 0.004750 0.000000
vt -0.028760 -0.004750 0.000000
vt -0.030152 -0.014249 0.000000
vt -0.030788 -0.023749 0.000000
vt 0.037471 -0.033249 0.000000
vt 0.273826 -0.033249 0.000000
vt 0.037811 -0.029092 0.000000
vt 0.143608 -0.023749 0.000000
vt 0.037842 -0.024936 0.000000
vt 0.036978 -0.016624 0.000000
vt 0.143608 -0.014249 0.000000
vt 0.034918 -0.008312 0.000000
vt 0.143608 -0.004750 0.000000
vt 0.031761 -0.000000 0.000000
vt 0.143608 0.004750 0.000000
vt 0.027656 0.008312 0.000000
vt 0.143608 0.014249 0.000000
vt 0.022798 0.016624 0.000000
vt 0.143608 0.023749 0.000000
vt 0.017417 0.024936 0.000000
vt 0.168258 0.033249 0.000000
vt 0.011768 0.033249 0.000000
vt 0.274684 -0.031170 0.000000
vt 0.275225 -0.029092 0.000000
vt 0.275449 -0.027014 0.000000
vt 0.275353 -0.024936 0.000000
vt 0.274939 -0.022858 0.000000
vt 0.274207 -0.020780 0.000000
vt 0.271802 -0.016624 0.000000
vt 0.268166 -0.012468 0.000000
vt 0.263343 -0.008312 0.000000
vt 0.250376 -0.000000 0.000000
vt 0.233515 0.008312 0.000000
vt 0.213561 0.016624 0.000000
vt -0.447957 -0.033249 0.000000
vt -0.023530 -0.033249 0.000000
vt -0.449588 -0.031170 0.000000
vt -0.023871 -0.029092 0.000000
vt -0.450617 -0.029092 0.000000
vt -0.450905 -0.028053 0.000000
vt -0.451041 -0.027014 0.000000
vt -0.451026 -0.025975 0.000000
vt -0.299970 -0.023749 0.000000
vt -0.450859 -0.024936 0.000000
vt -0.450072 -0.022858 0.000000
vt -0.448681 -0.020780 0.000000
vt -0.446691 -0.018702 0.000000
vt -0.299970 -0.014249 0.000000
vt -0.444108 -0.016624 0.000000
vt -0.428025 -0.008312 0.000000
vt -0.299970 -0.004750 0.000000
vt -0.403370 -0.000000 0.000000
vt -0.299970 0.004750 0.000000
vt -0.371314 0.008312 0.000000
vt -0.299970 0.014249 0.000000
vt -0.333376 0.016624 0.000000
vt -0.148899 0.014249 0.000000
vt -0.148899 0.023749 0.000000
vt -0.008858 0.016624 0.000000
vt -0.003477 0.024936 0.000000
vt -0.148899 -0.023749 0.000000
vt -0.023902 -0.024936 0.000000
vt -0.023037 -0.016624 0.000000
vt -0.148899 -0.014249 0.000000
vt -0.020978 -0.008312 0.000000
vt -0.148899 -0.004750 0.000000
vt -0.017821 -0.000000 0.000000
vt -0.148899 0.004750 0.000000
vt -0.013716 0.008312 0.000000
vt 0.002172 0.033249 0.000000
vt -0.247241 0.033249 0.000000
vt 0.145027 -0.033249 0.000000
vt 0.387919 -0.033249 0.000000
vt 0.146025 -0.031170 0.000000
vt 0.389550 -0.031170 0.000000
vt 0.146654 -0.029092 0.000000
vt 0.390579 -0.029092 0.000000
vt 0.390867 -0.028053 0.000000
vt 0.206638 -0.023749 0.000000
vt 0.391004 -0.027014 0.000000
vt 0.390988 -0.025975 0.000000
vt 0.390822 -0.024936 0.000000
vt 0.390034 -0.022858 0.000000
vt 0.388644 -0.020780 0.000000
vt 0.386654 -0.018702 0.000000
vt 0.206638 -0.014249 0.000000
vt 0.145470 -0.020780 0.000000
vt 0.142674 -0.016624 0.000000
vt 0.138446 -0.012468 0.000000
vt 0.132837 -0.008312 0.000000
vt 0.206638 -0.004750 0.000000
vt 0.117759 -0.000000 0.000000
vt 0.206638 0.004750 0.000000
vt 0.098154 0.008312 0.000000
vt 0.206638 0.014249 0.000000
vt 0.074951 0.016624 0.000000
vt 0.206638 0.023749 0.000000
vt 0.022272 0.033249 0.000000
vt 0.187203 0.033249 0.000000
vt 0.273338 0.016624 0.000000
vt 0.311276 0.008312 0.000000
vt 0.343333 -0.000000 0.000000
vt 0.367987 -0.008312 0.000000
vt 0.384071 -0.016624 0.000000
vt 0.146321 -0.022858 0.000000
vt 0.146802 -0.024936 0.000000
vt 0.146913 -0.027014 0.000000
vt -0.188913 -0.033249 0.000000
vt -0.189910 -0.031170 0.000000
vt -0.571432 -0.033249 0.000000
vt -0.573029 -0.031170 0.000000
vt -0.190540 -0.029092 0.000000
vt -0.574037 -0.029092 0.000000
vt -0.574319 -0.028053 0.000000
vt -0.190799 -0.027014 0.000000
vt -0.574452 -0.027014 0.000000
vt -0.574438 -0.025975 0.000000
vt -0.574274 -0.024936 0.000000
vt -0.405021 -0.023749 0.000000
vt -0.573503 -0.022858 0.000000
vt -0.572141 -0.020780 0.000000
vt -0.570192 -0.018702 0.000000
vt -0.405021 -0.014249 0.000000
vt -0.567663 -0.016624 0.000000
vt -0.560892 -0.012468 0.000000
vt -0.551910 -0.008312 0.000000
vt -0.405021 -0.004750 0.000000
vt -0.527764 0.000000 0.000000
vt -0.405021 0.004750 0.000000
vt -0.496368 0.008312 0.000000
vt -0.405021 0.014249 0.000000
vt -0.459211 0.016624 0.000000
vt -0.405021 0.023749 0.000000
vt -0.374851 0.033249 0.000000
vt -0.235590 0.023749 0.000000
vt -0.066158 0.033249 0.000000
vt -0.118837 0.016624 0.000000
vt -0.235590 0.014249 0.000000
vt -0.142039 0.008312 0.000000
vt -0.235590 0.004750 0.000000
vt -0.161644 -0.000000 0.000000
vt -0.235590 -0.004750 0.000000
vt -0.176723 -0.008312 0.000000
vt -0.235590 -0.014249 0.000000
vt -0.182331 -0.012468 0.000000
vt -0.186559 -0.016624 0.000000
vt -0.189356 -0.020780 0.000000
vt -0.235590 -0.023749 0.000000
vt -0.190206 -0.022858 0.000000
vt -0.190688 -0.024936 0.000000
vt 0.048468 -0.033249 0.000000
vt 0.439461 -0.033249 0.000000
vt 0.048894 -0.029092 0.000000
vt 0.229394 -0.023749 0.000000
vt 0.048933 -0.024936 0.000000
vt 0.048584 -0.020780 0.000000
vt 0.229394 -0.014249 0.000000
vt 0.047851 -0.016624 0.000000
vt 0.045274 -0.008312 0.000000
vt 0.229394 -0.004750 0.000000
vt 0.041323 0.000000 0.000000
vt 0.229394 0.004750 0.000000
vt 0.036187 0.008312 0.000000
vt 0.229394 0.014249 0.000000
vt 0.030108 0.016624 0.000000
vt 0.229394 0.023749 0.000000
vt 0.023374 0.024936 0.000000
vt 0.242880 0.033249 0.000000
vt 0.016306 0.033249 0.000000
vt 0.441058 -0.031170 0.000000
vt 0.442066 -0.029092 0.000000
vt 0.442348 -0.028053 0.000000
vt 0.442482 -0.027014 0.000000
vt 0.442467 -0.025975 0.000000
vt 0.442304 -0.024936 0.000000
vt 0.441532 -0.022858 0.000000
vt 0.440170 -0.020780 0.000000
vt 0.438222 -0.018702 0.000000
vt 0.435692 -0.016624 0.000000
vt 0.428921 -0.012468 0.000000
vt 0.419939 -0.008312 0.000000
vt 0.395793 -0.000000 0.000000
vt 0.364397 0.008312 0.000000
vt 0.327240 0.016624 0.000000
vt -0.277352 -0.033249 0.000000
vt -0.062894 -0.033249 0.000000
vt -0.278142 -0.031170 0.000000
vt -0.063321 -0.029092 0.000000
vt -0.278641 -0.029092 0.000000
vt -0.278847 -0.027014 0.000000
vt -0.154790 -0.023749 0.000000
vt -0.278758 -0.024936 0.000000
vt -0.278377 -0.022858 0.000000
vt -0.277703 -0.020780 0.000000
vt -0.154790 -0.014249 0.000000
vt -0.275486 -0.016624 0.000000
vt -0.272135 -0.012468 0.000000
vt -0.267690 -0.008312 0.000000
vt -0.154790 -0.004750 0.000000
vt -0.255739 0.000000 0.000000
vt -0.154790 0.004750 0.000000
vt -0.240201 0.008312 0.000000
vt -0.154790 0.014249 0.000000
vt -0.221811 0.016624 0.000000
vt -0.154790 0.023749 0.000000
vt -0.180060 0.033249 0.000000
vt -0.037801 0.024936 0.000000
vt -0.030733 0.033249 0.000000
vt -0.063359 -0.024936 0.000000
vt -0.063010 -0.020780 0.000000
vt -0.062278 -0.016624 0.000000
vt -0.059701 -0.008312 0.000000
vt -0.055750 0.000000 0.000000
vt -0.050614 0.008312 0.000000
vt -0.044535 0.016624 0.000000
vt 0.248229 -0.033249 0.000000
vt 0.249020 -0.031170 0.000000
vt 0.063739 -0.033249 0.000000
vt 0.064588 -0.029092 0.000000
vt 0.249518 -0.029092 0.000000
vt 0.124694 -0.023749 0.000000
vt 0.249724 -0.027014 0.000000
vt 0.249636 -0.024936 0.000000
vt 0.249254 -0.022858 0.000000
vt 0.248580 -0.020780 0.000000
vt 0.124694 -0.014249 0.000000
vt 0.246364 -0.016624 0.000000
vt 0.243013 -0.012468 0.000000
vt 0.238567 -0.008312 0.000000
vt 0.124694 -0.004750 0.000000
vt 0.057376 -0.008312 0.000000
vt 0.049505 -0.000000 0.000000
vt 0.124694 0.004750 0.000000
vt 0.039272 0.008312 0.000000
vt 0.124694 0.014249 0.000000
vt 0.027161 0.016624 0.000000
vt 0.124694 0.023749 0.000000
vt -0.000335 0.033249 0.000000
vt 0.150937 0.033249 0.000000
vt 0.192689 0.016624 0.000000
vt 0.211078 0.008312 0.000000
vt 0.226617 -0.000000 0.000000
vt 0.060303 -0.012468 0.000000
vt 0.062510 -0.016624 0.000000
vt 0.063970 -0.020780 0.000000
vt 0.064665 -0.024936 0.000000
vt -0.312464 -0.033249 0.000000
vt -0.112363 -0.033249 0.000000
vt -0.313483 -0.031170 0.000000
vt -0.113212 -0.029092 0.000000
vt -0.314126 -0.029092 0.000000
vt -0.314392 -0.027014 0.000000
vt -0.181340 -0.023749 0.000000
vt -0.314278 -0.024936 0.000000
vt -0.313786 -0.022858 0.000000
vt -0.312917 -0.020780 0.000000
vt -0.310060 -0.016624 0.000000
vt -0.181340 -0.014249 0.000000
vt -0.305740 -0.012468 0.000000
vt -0.300010 -0.008312 0.000000
vt -0.181340 -0.004750 0.000000
vt -0.284605 0.000000 0.000000
vt -0.181340 0.004750 0.000000
vt -0.264575 0.008312 0.000000
vt -0.181340 0.014249 0.000000
vt -0.240870 0.016624 0.000000
vt -0.181340 0.023749 0.000000
vt -0.187049 0.033249 0.000000
vt -0.048289 0.033249 0.000000
vt -0.075786 0.016624 0.000000
vt -0.087897 0.008312 0.000000
vt -0.098130 0.000000 0.000000
vt -0.106000 -0.008312 0.000000
vt -0.108928 -0.012468 0.000000
vt -0.111135 -0.016624 0.000000
vt -0.112594 -0.020780 0.000000
vt -0.113290 -0.024936 0.000000
vt 0.185387 -0.033249 0.000000
vt 0.265096 -0.033249 0.000000
vt 0.186696 -0.031170 0.000000
vt 0.266115 -0.031170 0.000000
vt 0.187522 -0.029092 0.000000
vt 0.266758 -0.029092 0.000000
vt 0.187863 -0.027014 0.000000
vt 0.267023 -0.027014 0.000000
vt 0.266909 -0.024936 0.000000
vt 0.187717 -0.024936 0.000000
vt 0.266417 -0.022858 0.000000
vt 0.187085 -0.022858 0.000000
vt 0.265548 -0.020780 0.000000
vt 0.185968 -0.020780 0.000000
vt 0.184372 -0.018702 0.000000
vt 0.262691 -0.016624 0.000000
vt 0.182298 -0.016624 0.000000
vt 0.258372 -0.012468 0.000000
vt 0.176750 -0.012468 0.000000
vt 0.252641 -0.008312 0.000000
vt 0.169390 -0.008312 0.000000
vt 0.237236 -0.000000 0.000000
vt 0.149602 -0.000000 0.000000
vt 0.145658 0.004750 0.000000
vt 0.123874 0.008312 0.000000
vt 0.217206 0.008312 0.000000
vt 0.145658 0.014249 0.000000
vt 0.193501 0.016624 0.000000
vt 0.145658 0.023749 0.000000
vt 0.139680 0.033249 0.000000
vt 0.024293 0.033249 0.000000
vt 0.093425 0.016624 0.000000
vt -0.259006 -0.033249 0.000000
vt -0.260315 -0.031170 0.000000
vt -0.407840 -0.033249 0.000000
vt -0.408882 -0.031170 0.000000
vt -0.261141 -0.029092 0.000000
vt -0.409540 -0.029092 0.000000
vt -0.261482 -0.027014 0.000000
vt -0.409811 -0.027014 0.000000
vt -0.409695 -0.024936 0.000000
vt -0.261336 -0.024936 0.000000
vt -0.409192 -0.022858 0.000000
vt -0.260704 -0.022858 0.000000
vt -0.408303 -0.020780 0.000000
vt -0.259588 -0.020780 0.000000
vt -0.257991 -0.018702 0.000000
vt -0.405381 -0.016624 0.000000
vt -0.255918 -0.016624 0.000000
vt -0.400964 -0.012468 0.000000
vt -0.250369 -0.012468 0.000000
vt -0.395104 -0.008312 0.000000
vt -0.243009 -0.008312 0.000000
vt -0.253862 -0.004750 0.000000
vt -0.223221 0.000000 0.000000
vt -0.379351 0.000000 0.000000
vt -0.253862 0.004750 0.000000
vt -0.358868 0.008312 0.000000
vt -0.253862 0.014249 0.000000
vt -0.334626 0.016624 0.000000
vt -0.253862 0.023749 0.000000
vt -0.279589 0.033249 0.000000
vt -0.097912 0.033249 0.000000
vt -0.167044 0.016624 0.000000
vt -0.197493 0.008312 0.000000
vt -0.029785 -0.033249 0.000000
vt 0.284706 -0.033249 0.000000
vt -0.029444 -0.029092 0.000000
vt 0.115595 -0.023749 0.000000
vt -0.029413 -0.024936 0.000000
vt -0.030277 -0.016624 0.000000
vt 0.115595 -0.014249 0.000000
vt -0.032337 -0.008312 0.000000
vt 0.115595 -0.004750 0.000000
vt -0.035494 -0.000000 0.000000
vt 0.115595 0.004750 0.000000
vt -0.039599 0.008312 0.000000
vt 0.115595 0.014249 0.000000
vt -0.044457 0.016624 0.000000
vt 0.115595 0.023749 0.000000
vt -0.049838 0.024936 0.000000
vt 0.156454 0.033249 0.000000
vt -0.055487 0.033249 0.000000
vt 0.285748 -0.031170 0.000000
vt 0.286406 -0.029092 0.000000
vt 0.286677 -0.027014 0.000000
vt 0.286560 -0.024936 0.000000
vt 0.286057 -0.022858 0.000000
vt 0.285169 -0.020780 0.000000
vt 0.282247 -0.016624 0.000000
vt 0.277830 -0.012468 0.000000
vt 0.271970 -0.008312 0.000000
vt 0.256216 -0.000000 0.000000
vt 0.235733 0.008312 0.000000
vt 0.211492 0.016624 0.000000
vt -0.126397 0.031970 0.000000
vt 0.029085 0.031970 0.000000
vt -0.080330 0.341472 0.000000
vt 0.310664 0.341472 0.000000
vt 0.362305 0.080469 0.000000
vt 0.134245 0.080469 0.000000
vt 0.137770 -0.074570 0.000000
vt 0.021655 0.100029 0.000000
vt -0.076360 -0.060320 0.000000
vt -0.051882 0.080027 0.000000
vt -0.153453 0.042801 0.000000
vt -0.153453 0.192128 0.000000
vt 0.057682 0.278098 0.000000
vt -0.007791 0.211596 0.000000
vt -0.377362 0.008153 0.000000
vt -0.230153 -0.119901 0.000000
vt 0.019260 -0.119901 0.000000
vt 0.075792 -0.265823 0.000000
vt -0.324276 0.031488 0.000000
vt -0.391992 0.023396 0.000000
vt -0.325976 0.022240 0.000000
vt -0.455993 0.015304 0.000000
vt -0.327558 0.012992 0.000000
vt -0.513405 0.007212 0.000000
vt -0.328927 0.003744 0.000000
vt -0.478388 0.003744 0.000000
vt -0.330005 -0.005504 0.000000
vt -0.478388 -0.005504 0.000000
vt -0.330728 -0.014752 0.000000
vt -0.478388 -0.014752 0.000000
vt -0.331053 -0.024000 0.000000
vt -0.478388 -0.024000 0.000000
vt -0.330961 -0.033249 0.000000
vt -0.632239 -0.028191 0.000000
vt -0.631767 -0.029202 0.000000
vt -0.561646 -0.000880 0.000000
vt -0.581631 -0.004926 0.000000
vt -0.598549 -0.008972 0.000000
vt -0.612208 -0.013018 0.000000
vt -0.622455 -0.017064 0.000000
vt -0.629174 -0.021110 0.000000
vt -0.631186 -0.023133 0.000000
vt -0.631851 -0.024145 0.000000
vt -0.632290 -0.025156 0.000000
vt -0.632501 -0.026168 0.000000
vt -0.632484 -0.027179 0.000000
vt -0.631068 -0.030214 0.000000
vt -0.630142 -0.031225 0.000000
vt -0.627612 -0.033249 0.000000
vn 0.173648 -0.918303 0.355761
vn 0.173648 -0.918303 0.355761
vn 0.258819 -0.900696 0.348940
vn 0.284723 -0.893874 0.346297
vn 0.342020 -0.876235 0.339463
vn 0.392090 -0.857804 0.332323
vn 0.500000 -0.807542 0.312851
vn 0.590172 -0.752762 0.291628
vn 0.766044 -0.599380 0.232206
vn 0.757608 -0.608632 0.235791
vn 0.885705 -0.432898 0.167709
vn 0.939693 -0.318923 0.123554
vn 0.971006 -0.222912 0.086359
vn 1.000000 -0.000000 0.000000
vn 1.000000 -0.000000 0.000000
vn 1.000000 -0.000000 -0.000000
vn 0.939693 0.325362 0.105438
vn 0.939693 0.325362 0.105438
vn 0.866025 0.475648 0.154140
vn 0.766044 0.611481 0.198159
vn 0.766044 0.611481 0.198159
vn 0.642788 0.728735 0.236156
vn 0.500000 0.823846 0.266978
vn 0.500000 0.823846 0.266978
vn 0.422618 0.862167 0.279397
vn 0.342020 0.893925 0.289689
vn 0.342020 0.893925 0.289689
vn 0.258819 0.918881 0.297776
vn 0.258819 0.918881 0.297776
vn 0.173648 0.936843 0.303597
vn 0.173648 0.936843 0.303597
vn 0.988128 -0.055501 -0.143260
vn 0.893933 -0.161912 -0.417933
vn 0.954025 -0.108277 -0.279487
vn 0.837900 -0.197178 -0.508964
vn 0.714243 -0.252838 -0.652634
vn 0.659731 -0.271479 -0.700752
vn 0.597428 -0.289694 -0.747769
vn 0.432710 -0.325678 -0.840652
vn 0.466241 -0.319582 -0.824916
vn 0.323840 -0.341782 -0.882220
vn 0.306025 -0.343918 -0.887733
vn 0.249495 -0.349825 -0.902981
vn 0.240396 -0.350655 -0.905125
vn 0.173648 -0.355761 -0.918303
vn 0.173648 -0.355761 -0.918303
vn 0.173648 -0.918303 0.355761
vn 0.173648 -0.918303 0.355761
vn 0.173648 0.936843 0.303597
vn 0.173648 0.936843 0.303597
vn 0.847844 -0.191551 -0.494438
vn 0.893633 -0.162128 -0.418491
vn 0.885705 -0.167709 -0.432898
vn 0.939693 -0.123554 -0.318923
vn 0.971006 -0.086359 -0.222912
vn 1.000000 0.000000 0.000000
vn 0.766044 -0.232206 -0.599380
vn 0.719139 -0.251020 -0.647941
vn 0.597159 -0.289766 -0.747955
vn 0.559033 -0.299528 -0.773153
vn 0.469344 -0.318989 -0.823385
vn 0.500000 -0.312851 -0.807542
vn 0.374517 -0.334957 -0.864604
vn 0.342020 -0.339463 -0.876235
vn 0.275591 -0.347260 -0.896359
vn 0.173648 -0.355761 -0.918303
vn 0.173648 -0.355761 -0.918303
vn 0.642788 -0.276733 -0.714313
vn 0.766044 -0.232206 -0.599380
vn 0.911447 0.233766 0.338553
vn 0.893633 0.255006 0.369314
vn 0.847844 0.301284 0.436336
vn 0.766044 0.365230 0.528945
vn 0.719139 0.394820 0.571801
vn 0.597159 0.455764 0.660062
vn 0.559033 0.471117 0.682298
vn 0.469344 0.501726 0.726627
vn 0.500000 0.492073 0.712646
vn 0.396080 0.521727 0.755594
vn 0.342020 0.533930 0.773266
vn 0.275591 0.546193 0.791026
vn 0.258819 0.548836 0.794854
vn 0.173648 0.559564 0.810391
vn 0.173648 0.559564 0.810391
vn 0.954025 0.170304 0.246644
vn 0.958493 0.162002 0.234620
vn 0.988128 0.087295 0.126425
vn 0.973045 0.131035 0.189772
vn 0.979479 0.114519 0.165853
vn 0.994856 0.057556 0.083355
vn 1.000000 -0.000000 0.000000
vn 1.000000 -0.000000 -0.000000
vn 0.939693 0.194335 0.281446
vn 0.766044 0.365230 0.528945
vn 0.642788 0.435264 0.630373
vn 0.374517 0.526843 0.763003
vn 0.173648 -0.000000 -0.984808
vn 0.258819 -0.000000 -0.965926
vn 0.173648 -0.000000 -0.984808
vn 0.342020 -0.000000 -0.939693
vn 0.342020 -0.000000 -0.939693
vn 0.500000 -0.000000 -0.866025
vn 0.500000 -0.000000 -0.866025
vn 0.642788 -0.000000 -0.766044
vn 0.642788 -0.000000 -0.766044
vn 0.766044 -0.000000 -0.642788
vn 0.766044 -0.000000 -0.642788
vn 0.866025 -0.000000 -0.500000
vn 0.939693 -0.000000 -0.342020
vn 0.939693 -0.000000 -0.342020
vn 0.984808 -0.000000 -0.173648
vn 1.000000 -0.000000 0.000000
vn 0.173648 0.918303 -0.355761
vn 0.173648 0.918303 -0.355761
vn 0.258819 0.900696 -0.348940
vn 0.342020 0.876235 -0.339463
vn 0.342020 0.876235 -0.339463
vn 0.500000 0.807542 -0.312851
vn 0.500000 0.807542 -0.312851
vn 0.642788 0.714313 -0.276733
vn 0.642788 0.714313 -0.276733
vn 0.766044 0.599380 -0.232206
vn 0.766044 0.599380 -0.232206
vn 0.866025 0.466235 -0.180625
vn 0.939693 0.318923 -0.123554
vn 0.939693 0.318923 -0.123554
vn 0.984808 0.161922 -0.062730
vn 1.000000 0.000000 -0.000000
vn 1.000000 0.000000 0.000000
vn 0.973045 -0.226036 -0.045732
vn 0.962326 -0.266500 -0.053918
vn 0.893633 -0.439886 -0.088998
vn 0.852141 -0.512919 -0.103774
vn 0.766044 -0.630022 -0.127466
vn 0.723377 -0.676741 -0.136919
vn 0.597159 -0.786194 -0.159063
vn 0.562411 -0.810437 -0.163968
vn 0.396080 -0.899981 -0.182085
vn 0.376408 -0.908056 -0.183718
vn 0.276571 -0.941909 -0.190568
vn 0.258819 -0.946743 -0.191546
vn 0.173648 -0.965250 -0.195290
vn 0.173648 -0.965250 -0.195290
vn 0.342020 -0.921031 -0.186344
vn 0.500000 -0.848827 -0.171735
vn 0.642788 -0.750831 -0.151909
vn 0.766044 -0.630022 -0.127466
vn 0.939693 -0.335228 -0.067824
vn 0.173648 0.952202 -0.251314
vn 0.173648 0.952202 -0.251314
vn 0.258819 0.933945 -0.246495
vn 0.276571 0.929176 -0.245236
vn 0.342020 0.908580 -0.239801
vn 0.376408 0.895780 -0.236422
vn 0.500000 0.837352 -0.221001
vn 0.562411 0.799482 -0.211006
vn 0.642788 0.740681 -0.195487
vn 0.723377 0.667593 -0.176197
vn 0.766044 0.621505 -0.164033
vn 0.852141 0.505985 -0.133544
vn 0.939693 0.330696 -0.087280
vn 0.962326 0.262897 -0.069386
vn 1.000000 0.000000 -0.000000
vn 1.000000 0.000000 -0.000000
vn 1.000000 -0.000000 -0.000000
vn 0.997086 -0.072338 -0.024242
vn 0.939693 -0.324295 -0.108677
vn 0.918574 -0.374766 -0.125591
vn 0.766044 -0.609475 -0.204246
vn 0.740949 -0.636758 -0.213389
vn 0.642788 -0.726344 -0.243411
vn 0.620590 -0.743497 -0.249159
vn 0.500000 -0.821143 -0.275180
vn 0.483376 -0.830044 -0.278163
vn 0.342020 -0.890992 -0.298588
vn 0.333035 -0.894047 -0.299612
vn 0.258819 -0.915866 -0.306923
vn 0.254206 -0.917027 -0.307312
vn 0.173648 -0.933769 -0.312923
vn 0.173648 -0.933769 -0.312923
vn 0.173648 0.729794 -0.661247
vn 0.173648 0.729794 -0.661247
vn 0.258819 0.715801 -0.648568
vn 0.254206 0.716709 -0.649390
vn 0.333035 0.698749 -0.633118
vn 0.342020 0.696361 -0.630954
vn 0.483376 0.648726 -0.587794
vn 0.500000 0.641770 -0.581491
vn 0.620590 0.581085 -0.526506
vn 0.642788 0.567679 -0.514359
vn 0.740949 0.497662 -0.450918
vn 0.766044 0.476339 -0.431598
vn 0.918574 0.292901 -0.265390
vn 0.939693 0.253455 -0.229649
vn 0.997086 0.056536 -0.051226
vn 1.000000 -0.000000 0.000000
vn 1.000000 -0.000000 0.000000
vn 1.000000 -0.000000 -0.000000
vn 0.998566 -0.053529 -0.000000
vn 0.939693 -0.342020 -0.000000
vn 0.925201 -0.379478 -0.000000
vn 0.848808 -0.528702 -0.000000
vn 0.766044 -0.642788 -0.000000
vn 0.748560 -0.663067 -0.000000
vn 0.642788 -0.766044 -0.000000
vn 0.627274 -0.778798 -0.000000
vn 0.500000 -0.866025 -0.000000
vn 0.488361 -0.872642 -0.000000
vn 0.342020 -0.939693 -0.000000
vn 0.335722 -0.941961 -0.000000
vn 0.258819 -0.965926 -0.000000
vn 0.173648 -0.984808 -0.000000
vn 0.173648 -0.984808 -0.000000
vn 0.173648 0.559564 0.810391
vn 0.173648 0.559564 0.810391
vn 0.173648 0.559564 0.810391
vn 0.173648 0.559564 0.810391
vn 0.173648 0.559564 0.810391
vn 0.173648 0.559564 0.810391
vn 0.173648 0.559564 0.810391
vn 0.173648 0.559564 0.810391
vn 0.173648 0.559564 0.810391
vn 0.173648 0.559564 0.810391
vn 0.173648 0.559564 0.810391
vn 0.173648 0.559564 0.810391
vn 0.173648 0.559564 0.810391
vn 0.173648 0.559564 0.810391
vn 0.173648 0.559564 0.810391
vn 0.173648 0.559564 0.810391
vn 0.173648 0.559564 0.810391
vn 0.173648 0.559564 0.810391
vn 0.173648 0.559564 0.810391
vn 0.173648 -0.355761 -0.918303
vn 0.173648 -0.355761 -0.918303
vn 0.173648 -0.355761 -0.918303
vn 0.173648 0.559564 0.810391
vn 0.173648 -0.000000 -0.984808
vn 0.173648 -0.000000 -0.984808
vn 0.173648 -0.000000 -0.984808
vn 0.173648 0.918303 -0.355761
vn 0.173648 0.918303 -0.355761
vn 0.173648 -0.965250 -0.195290
vn 0.173648 -0.965250 -0.195290
vn 0.173648 0.952202 -0.251314
vn 0.173648 0.952202 -0.251314
vn 0.173648 -0.933769 -0.312923
vn 0.173648 -0.933769 -0.312923
vn 0.173648 0.729794 -0.661247
vn 0.173648 0.729794 -0.661247
vn 0.173648 -0.984808 0.000000
vn 0.173648 -0.984808 0.000000
vn 0.994856 -0.022469 0.098772
vn 0.962326 -0.060311 0.265126
vn 0.979479 -0.044706 0.196528
vn 0.954025 -0.066484 0.292262
vn 0.852141 -0.116078 0.510276
vn 0.837900 -0.121072 0.532226
vn 0.766044 -0.142580 0.626775
vn 0.659731 -0.166694 0.732781
vn 0.597159 -0.177922 0.782141
vn 0.432710 -0.199973 0.879075
vn 0.396080 -0.203674 0.895342
vn 0.306025 -0.211173 0.928308
vn 0.255584 -0.214447 0.942703
vn 0.240396 -0.215310 0.946494
vn 0.173648 -0.218445 0.960275
vn 0.173648 -0.218445 0.960275
vn 0.335722 -0.208941 0.918496
vn 0.488361 -0.193565 0.850903
vn 0.627274 -0.172749 0.759398
vn 0.748560 -0.147078 0.646550
vn 0.848808 -0.117274 0.515531
vn 0.893633 -0.099550 0.437619
vn 0.925201 -0.084174 0.370025
vn 0.962326 -0.060311 0.265126
vn 0.973045 -0.051154 0.224871
vn 0.997086 -0.016923 0.074391
vn 0.998566 -0.011874 0.052196
vn 0.998566 -0.008186 -0.052900
vn 0.925201 -0.058031 -0.375015
vn 0.925201 -0.058031 -0.375015
vn 0.848808 -0.080851 -0.522483
vn 0.848808 -0.080851 -0.522483
vn 0.748560 -0.101398 -0.655269
vn 0.748560 -0.101398 -0.655269
vn 0.627274 -0.119096 -0.769638
vn 0.627274 -0.119096 -0.769638
vn 0.488361 -0.133447 -0.862378
vn 0.488361 -0.133447 -0.862378
vn 0.335722 -0.144048 -0.930882
vn 0.335722 -0.144048 -0.930882
vn 0.255584 -0.147844 -0.955415
vn 0.173648 -0.150600 -0.973225
vn 0.173648 -0.150600 -0.973225
vn 0.173648 -0.218445 0.960275
vn 0.173648 -0.218445 0.960275
vn 0.173648 -0.355761 -0.918303
vn 0.173648 -0.355761 -0.918303
vn 0.173648 -0.000000 0.984808
vn 0.249495 -0.000000 0.968376
vn 0.173648 -0.000000 0.984808
vn 0.284723 -0.000000 0.958610
vn 0.323840 -0.000000 0.946112
vn 0.392090 -0.000000 0.919927
vn 0.466241 -0.000000 0.884658
vn 0.590172 -0.000000 0.807278
vn 0.597428 -0.000000 0.801923
vn 0.714243 -0.000000 0.699898
vn 0.893933 -0.000000 0.448200
vn 0.847844 -0.000000 0.530246
vn 0.757608 -0.000000 0.652710
vn 0.988128 -0.000000 0.153635
vn 0.958493 -0.000000 0.285116
vn 0.911447 -0.000000 0.411418
vn 0.885705 -0.000000 0.464249
vn 0.173648 -0.000000 0.984808
vn 0.173648 -0.000000 0.984808
vn -0.998933 0.000000 -0.046183
vn -0.969077 0.000000 -0.246757
vn -1.000000 0.000000 -0.000000
vn -0.976296 0.000000 -0.216440
vn -1.000000 0.000000 -0.000000
vn -0.958549 0.000000 -0.284929
vn -0.878222 0.000000 -0.478254
vn -0.906308 0.000000 -0.422618
vn -0.793353 0.000000 -0.608761
vn -0.733052 0.000000 -0.680173
vn -0.642788 0.000000 -0.766044
vn -0.542546 0.000000 -0.840026
vn -0.461749 0.000000 -0.887011
vn -0.318487 0.000000 -0.947927
vn -0.258819 0.000000 -0.965926
vn -0.074730 0.000000 -0.997204
vn -0.043619 0.000000 -0.999048
vn 0.065403 -0.000000 -0.997859
vn -0.068147 0.000000 -0.997675
vn -0.861964 0.000000 -0.506969
vn -0.714842 0.000000 -0.699286
vn -0.525809 0.000000 -0.850603
vn -0.305947 0.000000 -0.952049
vn -1.000000 0.000000 0.000000
vn -0.998933 0.026241 0.038004
vn -0.969077 0.140207 0.203055
vn -0.966751 0.145298 0.210429
vn -0.878222 0.271742 0.393552
vn -0.878222 0.271742 0.393552
vn -0.733052 0.386472 0.559709
vn -0.775447 0.358766 0.519585
vn -0.624922 0.443584 0.642422
vn -0.542546 0.477300 0.691251
vn -0.538652 0.478722 0.693311
vn -0.446313 0.508466 0.736388
vn -0.318487 0.538609 0.780043
vn -0.348945 0.532481 0.771169
vn -0.247646 0.550497 0.797260
vn -0.074730 0.566608 0.820592
vn -0.143556 0.562311 0.814370
vn -0.090831 0.565848 0.819491
vn -0.064363 0.567018 0.821187
vn -0.037849 0.567789 0.822303
vn -0.011309 0.568160 0.822840
vn 0.015239 0.568130 0.822797
vn 0.041776 0.567700 0.822175
vn 0.068284 0.566870 0.820972
vn 0.094744 0.565640 0.819191
vn 0.121137 0.564012 0.816833
vn -0.969077 0.140207 0.203055
vn -0.878222 0.271742 0.393552
vn -0.733052 0.386472 0.559709
vn -0.733052 0.386472 0.559709
vn -0.542546 0.477300 0.691251
vn -0.542546 0.477300 0.691251
vn -0.318487 0.538609 0.780043
vn -0.318487 0.538609 0.780043
vn -0.074730 0.566608 0.820592
vn -0.074730 0.566608 0.820592
vn -0.891123 0.257826 0.373397
vn 0.119704 0.944456 0.306063
vn 0.065403 0.949259 0.307620
vn -0.074730 0.948636 0.307418
vn 0.010908 0.951239 0.308262
vn -0.043619 0.950390 0.307987
vn -0.098017 0.946715 0.306796
vn -0.152123 0.940224 0.304692
vn -0.318487 0.901759 0.292227
vn -0.258819 0.918881 0.297776
vn -0.362438 0.886615 0.287319
vn -0.461749 0.843810 0.273448
vn -0.542546 0.799113 0.258963
vn -0.642788 0.728735 0.236156
vn -0.733052 0.647045 0.209684
vn -0.793353 0.579112 0.187669
vn -0.878222 0.454961 0.147436
vn -0.906308 0.402035 0.130285
vn -0.969077 0.234739 0.076070
vn -1.000000 -0.000000 -0.000000
vn -0.969077 0.234739 0.076070
vn -0.878222 0.454961 0.147436
vn -0.733052 0.647045 0.209684
vn -0.542546 0.799113 0.258963
vn -0.318487 0.901759 0.292227
vn -0.074730 0.948636 0.307418
vn 0.065403 -0.930473 0.360476
vn -0.074730 -0.929862 0.360239
vn -0.043619 -0.931582 0.360905
vn -0.258819 -0.900696 0.348940
vn -0.318487 -0.883913 0.342438
vn -0.461749 -0.827110 0.320432
vn -0.542546 -0.783298 0.303459
vn -0.642788 -0.714313 0.276733
vn -0.733052 -0.634240 0.245712
vn -0.793353 -0.567651 0.219915
vn -0.878222 -0.445957 0.172769
vn -0.906308 -0.394079 0.152670
vn -0.969077 -0.230094 0.089141
vn -0.976296 -0.201823 0.078189
vn -1.000000 -0.000000 0.000000
vn 0.119704 -0.925765 0.358652
vn 0.065403 -0.930473 0.360476
vn 0.010908 -0.932414 0.361228
vn -0.043619 -0.931582 0.360905
vn -0.098017 -0.927979 0.359510
vn -0.152123 -0.921617 0.357045
vn -0.258819 -0.900696 0.348940
vn -0.362438 -0.869069 0.336687
vn -0.461749 -0.827110 0.320432
vn -0.642788 -0.714313 0.276733
vn -0.793353 -0.567651 0.219915
vn -0.906308 -0.394079 0.152670
vn 0.119704 -0.000000 0.992810
vn 0.065403 -0.000000 0.997859
vn 0.065403 -0.000000 0.997859
vn 0.038170 -0.000000 0.999271
vn 0.010908 -0.000000 0.999941
vn -0.016362 0.000000 0.999866
vn -0.074730 0.000000 0.997204
vn -0.043619 0.000000 0.999048
vn -0.098017 0.000000 0.995185
vn -0.152123 0.000000 0.988362
vn -0.205777 0.000000 0.978599
vn -0.318487 0.000000 0.947927
vn -0.258819 0.000000 0.965926
vn -0.461749 0.000000 0.887011
vn -0.542546 0.000000 0.840026
vn -0.642788 0.000000 0.766044
vn -0.733052 0.000000 0.680173
vn -0.793353 0.000000 0.608761
vn -0.878222 0.000000 0.478254
vn -0.906308 0.000000 0.422618
vn -0.878222 0.000000 0.478254
vn -0.969077 0.000000 0.246757
vn -0.906308 0.000000 0.422618
vn -0.976296 0.000000 0.216440
vn -0.074730 0.000000 0.997204
vn -0.043619 0.000000 0.999048
vn -0.258819 0.000000 0.965926
vn -0.318487 0.000000 0.947927
vn -0.461749 0.000000 0.887011
vn -0.542546 0.000000 0.840026
vn -0.642788 0.000000 0.766044
vn -0.733052 0.000000 0.680173
vn -0.793353 0.000000 0.608761
vn -1.000000 0.000000 -0.000000
vn 0.119704 -0.358652 -0.925765
vn 0.119704 -0.358652 -0.925765
vn 0.065403 -0.360476 -0.930473
vn 0.065403 -0.360476 -0.930473
vn 0.038170 -0.360986 -0.931790
vn -0.074730 -0.360239 -0.929862
vn 0.010908 -0.361228 -0.932414
vn -0.016362 -0.361201 -0.932345
vn -0.043619 -0.360905 -0.931582
vn -0.098017 -0.359510 -0.927979
vn -0.152123 -0.357045 -0.921617
vn -0.205777 -0.353518 -0.912513
vn -0.318487 -0.342438 -0.883913
vn -0.152123 -0.357045 -0.921617
vn -0.258819 -0.348940 -0.900696
vn -0.362438 -0.336687 -0.869069
vn -0.461749 -0.320432 -0.827110
vn -0.542546 -0.303459 -0.783298
vn -0.642788 -0.276733 -0.714313
vn -0.733052 -0.245712 -0.634240
vn -0.793353 -0.219915 -0.567651
vn -0.878222 -0.172769 -0.445957
vn -0.906308 -0.152670 -0.394079
vn -0.969077 -0.089141 -0.230094
vn -1.000000 -0.000000 -0.000000
vn -0.906308 -0.152670 -0.394079
vn -0.793353 -0.219915 -0.567651
vn -0.642788 -0.276733 -0.714313
vn -0.461749 -0.320432 -0.827110
vn -0.258819 -0.348940 -0.900696
vn -0.098017 -0.359510 -0.927979
vn -0.043619 -0.360905 -0.931582
vn 0.010908 -0.361228 -0.932414
vn 0.119704 -0.220219 0.968078
vn 0.119704 -0.220219 0.968078
vn 0.065403 -0.221339 0.973001
vn 0.065403 -0.221339 0.973001
vn 0.038170 -0.221653 0.974378
vn 0.010908 -0.221801 0.975031
vn 0.010908 -0.221801 0.975031
vn -0.016362 -0.221785 0.974958
vn -0.043619 -0.221603 0.974161
vn -0.074730 -0.221194 0.972362
vn -0.098017 -0.220746 0.970394
vn -0.152123 -0.219233 0.963740
vn -0.205777 -0.217067 0.954221
vn -0.318487 -0.210264 0.924313
vn -0.258819 -0.214256 0.941864
vn -0.362438 -0.206733 0.908791
vn -0.461749 -0.196752 0.864914
vn -0.542546 -0.186330 0.819100
vn -0.642788 -0.169920 0.746961
vn -0.733052 -0.150872 0.663229
vn -0.793353 -0.135032 0.593597
vn -0.878222 -0.106084 0.466340
vn -0.906308 -0.093743 0.412090
vn -0.969077 -0.054734 0.240610
vn -1.000000 0.000000 -0.000000
vn -0.969077 -0.054734 0.240610
vn -0.906308 -0.093743 0.412090
vn -0.878222 -0.106084 0.466340
vn -0.793353 -0.135032 0.593597
vn -0.733052 -0.150872 0.663229
vn -0.642788 -0.169920 0.746961
vn -0.542546 -0.186330 0.819100
vn -0.461749 -0.196752 0.864914
vn -0.318487 -0.210264 0.924313
vn -0.362438 -0.206733 0.908791
vn -0.258819 -0.214256 0.941864
vn -0.152123 -0.219233 0.963740
vn -0.074730 -0.221194 0.972362
vn -0.098017 -0.220746 0.970394
vn -0.043619 -0.221603 0.974161
vn 0.173648 -0.150600 -0.973225
vn 0.173648 -0.150600 -0.973225
vn 0.065403 -0.152596 -0.986122
vn -0.074730 -0.152496 -0.985475
vn -0.043619 -0.152778 -0.987298
vn -0.152123 -0.151143 -0.976736
vn -0.318487 -0.144960 -0.936778
vn -0.258819 -0.147712 -0.954565
vn -0.461749 -0.135644 -0.876578
vn -0.542546 -0.128459 -0.830146
vn -0.642788 -0.117146 -0.757034
vn -0.733052 -0.104014 -0.672173
vn -0.793353 -0.093094 -0.601601
vn -0.878222 -0.073136 -0.472629
vn -0.906308 -0.064628 -0.417647
vn -0.969077 -0.037735 -0.243855
vn -0.976296 -0.033099 -0.213894
vn -1.000000 -0.000000 -0.000000
vn 0.119704 -0.151824 -0.981132
vn 0.065403 -0.152596 -0.986122
vn 0.038170 -0.152812 -0.987518
vn 0.010908 -0.152914 -0.988179
vn -0.016362 -0.152903 -0.988106
vn -0.043619 -0.152778 -0.987298
vn -0.098017 -0.152187 -0.983479
vn -0.152123 -0.151143 -0.976736
vn -0.205777 -0.149650 -0.967089
vn -0.258819 -0.147712 -0.954565
vn -0.362438 -0.142526 -0.921046
vn -0.461749 -0.135644 -0.876578
vn -0.642788 -0.117146 -0.757034
vn -0.793353 -0.093094 -0.601601
vn -0.906308 -0.064628 -0.417647
vn 0.119704 -0.992810 -0.000000
vn 0.065403 -0.997859 -0.000000
vn 0.065403 -0.997859 -0.000000
vn 0.010908 -0.999941 -0.000000
vn -0.074730 -0.997204 -0.000000
vn -0.043619 -0.999048 -0.000000
vn -0.098017 -0.995185 -0.000000
vn -0.152123 -0.988362 -0.000000
vn -0.318487 -0.947927 -0.000000
vn -0.258819 -0.965926 -0.000000
vn -0.362438 -0.932008 -0.000000
vn -0.461749 -0.887011 -0.000000
vn -0.542546 -0.840026 -0.000000
vn -0.642788 -0.766044 -0.000000
vn -0.733052 -0.680173 -0.000000
vn -0.793353 -0.608761 -0.000000
vn -0.878222 -0.478254 -0.000000
vn -0.906308 -0.422618 -0.000000
vn -0.969077 -0.246757 -0.000000
vn -1.000000 -0.000000 -0.000000
vn -0.976296 -0.216440 -0.000000
vn -0.043619 -0.999048 -0.000000
vn -0.152123 -0.988362 -0.000000
vn -0.258819 -0.965926 -0.000000
vn -0.461749 -0.887011 -0.000000
vn -0.642788 -0.766044 -0.000000
vn -0.793353 -0.608761 -0.000000
vn -0.906308 -0.422618 -0.000000
vn 0.119704 0.735724 -0.666620
vn 0.065403 0.739466 -0.670010
vn 0.065403 0.739466 -0.670010
vn -0.074730 0.738980 -0.669570
vn 0.010908 0.741008 -0.671407
vn -0.043619 0.740347 -0.670808
vn -0.098017 0.737484 -0.668214
vn -0.152123 0.732427 -0.663633
vn -0.318487 0.702464 -0.636483
vn -0.258819 0.715801 -0.648568
vn -0.362438 0.690666 -0.625794
vn -0.461749 0.657321 -0.595581
vn -0.542546 0.622503 -0.564033
vn -0.461749 0.657321 -0.595581
vn -0.642788 0.567679 -0.514359
vn -0.733052 0.504043 -0.456700
vn -0.793353 0.451124 -0.408751
vn -0.878222 0.354411 -0.321122
vn -0.906308 0.313182 -0.283766
vn -0.969077 0.182860 -0.165685
vn -1.000000 0.000000 -0.000000
vn -0.906308 0.313182 -0.283766
vn -0.793353 0.451124 -0.408751
vn -0.642788 0.567679 -0.514359
vn -0.362438 0.690666 -0.625794
vn -0.258819 0.715801 -0.648568
vn -0.152123 0.732427 -0.663633
vn -0.043619 0.740347 -0.670808
vn 0.119704 -0.941357 -0.315466
vn 0.065403 -0.946144 -0.317070
vn 0.065403 -0.946144 -0.317070
vn 0.010908 -0.948118 -0.317732
vn -0.074730 -0.945523 -0.316862
vn -0.043619 -0.947272 -0.317448
vn -0.098017 -0.943609 -0.316221
vn -0.152123 -0.937139 -0.314052
vn -0.258819 -0.915866 -0.306923
vn -0.318487 -0.898800 -0.301204
vn -0.362438 -0.883706 -0.296146
vn -0.461749 -0.841041 -0.281848
vn -0.542546 -0.796491 -0.266919
vn -0.642788 -0.726344 -0.243411
vn -0.733052 -0.644922 -0.216125
vn -0.793353 -0.577212 -0.193434
vn -0.878222 -0.453468 -0.151965
vn -0.906308 -0.400716 -0.134287
vn -0.969077 -0.233969 -0.078407
vn -1.000000 0.000000 0.000000
vn -0.906308 -0.400716 -0.134287
vn -0.793353 -0.577212 -0.193434
vn -0.642788 -0.726344 -0.243411
vn -0.461749 -0.841041 -0.281848
vn -0.362438 -0.883706 -0.296146
vn -0.258819 -0.915866 -0.306923
vn -0.152123 -0.937139 -0.314052
vn -0.043619 -0.947272 -0.317448
vn 0.119704 0.959939 -0.253356
vn 0.119704 0.959939 -0.253356
vn 0.065403 0.964821 -0.254644
vn 0.065403 0.964821 -0.254644
vn 0.010908 0.966833 -0.255175
vn 0.010908 0.966833 -0.255175
vn -0.043619 0.965971 -0.254948
vn -0.043619 0.965971 -0.254948
vn -0.098017 0.962235 -0.253962
vn -0.098017 0.962235 -0.253962
vn -0.152123 0.955638 -0.252220
vn -0.152123 0.955638 -0.252220
vn -0.205777 0.946198 -0.249729
vn -0.258819 0.933945 -0.246495
vn -0.258819 0.933945 -0.246495
vn -0.362438 0.901150 -0.237840
vn -0.362438 0.901150 -0.237840
vn -0.461749 0.857643 -0.226357
vn -0.461749 0.857643 -0.226357
vn -0.642788 0.740681 -0.195487
vn -0.642788 0.740681 -0.195487
vn -0.733052 0.657653 -0.173574
vn -0.793353 0.588606 -0.155350
vn -0.793353 0.588606 -0.155350
vn -0.878222 0.462419 -0.122046
vn -0.906308 0.408626 -0.107848
vn -0.969077 0.238587 -0.062970
vn -1.000000 0.000000 -0.000000
vn -0.906308 0.408626 -0.107848
vn 0.119704 -0.973093 -0.196877
vn 0.119704 -0.973093 -0.196877
vn 0.065403 -0.978042 -0.197878
vn 0.065403 -0.978042 -0.197878
vn 0.010908 -0.980083 -0.198291
vn 0.010908 -0.980083 -0.198291
vn -0.043619 -0.979208 -0.198114
vn -0.043619 -0.979208 -0.198114
vn -0.098017 -0.975421 -0.197348
vn -0.098017 -0.975421 -0.197348
vn -0.152123 -0.968733 -0.195995
vn -0.152123 -0.968733 -0.195995
vn -0.205777 -0.959165 -0.194059
vn -0.258819 -0.946743 -0.191546
vn -0.258819 -0.946743 -0.191546
vn -0.362438 -0.913499 -0.184820
vn -0.362438 -0.913499 -0.184820
vn -0.461749 -0.869396 -0.175897
vn -0.461749 -0.869396 -0.175897
vn -0.542546 -0.823344 -0.166579
vn -0.642788 -0.750831 -0.151909
vn -0.642788 -0.750831 -0.151909
vn -0.733052 -0.666665 -0.134880
vn -0.793353 -0.596672 -0.120719
vn -0.878222 -0.468756 -0.094839
vn -0.906308 -0.414225 -0.083806
vn -0.969077 -0.241857 -0.048933
vn -1.000000 0.000000 0.000000
vn -0.906308 -0.414225 -0.083806
vn -0.793353 -0.596672 -0.120719
vn 0.065403 0.930473 -0.360476
vn -0.074730 0.929862 -0.360239
vn -0.043619 0.931582 -0.360905
vn -0.258819 0.900696 -0.348940
vn -0.318487 0.883913 -0.342438
vn -0.461749 0.827110 -0.320432
vn -0.542546 0.783298 -0.303459
vn -0.642788 0.714313 -0.276733
vn -0.733052 0.634240 -0.245712
vn -0.793353 0.567651 -0.219915
vn -0.878222 0.445957 -0.172769
vn -0.906308 0.394079 -0.152670
vn -0.969077 0.230094 -0.089141
vn -0.976296 0.201823 -0.078189
vn 0.119704 0.925765 -0.358652
vn 0.065403 0.930473 -0.360476
vn 0.010908 0.932414 -0.361228
vn -0.043619 0.931582 -0.360905
vn -0.098017 0.927979 -0.359510
vn -0.152123 0.921617 -0.357045
vn -0.258819 0.900696 -0.348940
vn -0.362438 0.869069 -0.336687
vn -0.461749 0.827110 -0.320432
vn -0.642788 0.714313 -0.276733
vn -0.793353 0.567651 -0.219915
vn -0.906308 0.394079 -0.152670
vn -0.998933 -0.016684 -0.043065
vn -0.966751 -0.092378 -0.238450
vn -0.958549 -0.102930 -0.265688
vn -0.891123 -0.163921 -0.423119
vn -0.861964 -0.183142 -0.472733
vn -0.775447 -0.228097 -0.588773
vn -0.714842 -0.252616 -0.652063
vn -0.714842 -0.252616 -0.652063
vn -0.525809 -0.307280 -0.793161
vn -0.525809 -0.307280 -0.793161
vn -0.305947 -0.343927 -0.887756
vn -0.305947 -0.343927 -0.887756
vn -0.068147 -0.360409 -0.930302
vn -0.068147 -0.360409 -0.930302
vn 0.041776 -0.360934 -0.931655
vn 0.068284 -0.360406 -0.930293
vn -0.624922 -0.282023 -0.727967
vn -0.538652 -0.304363 -0.785632
vn -0.446313 -0.323274 -0.834445
vn -0.348945 -0.338542 -0.873857
vn -0.247646 -0.349996 -0.903424
vn -0.143556 -0.357507 -0.922811
vn -0.090831 -0.359756 -0.928615
vn -0.064363 -0.360500 -0.930536
vn -0.037849 -0.360990 -0.931801
vn -0.011309 -0.361226 -0.932410
vn 0.015239 -0.361207 -0.932361
vn 0.094744 -0.359624 -0.928275
vn 0.121137 -0.358589 -0.925602
usemtl Cherry
f 1/1/1 2/2/2 15/3/3
f 15/3/3 2/2/2 3/4/4
f 15/3/3 3/4/4 14/5/5
f 14/5/5 3/4/4 4/6/6
f 14/5/5 4/6/6 13/7/7
f 13/7/7 4/6/6 5/8/8
f 13/7/7 5/8/8 12/9/9
f 12/9/9 5/8/8 6/10/10
f 12/9/9 6/10/10 7/11/11
f 12/9/9 7/11/11 11/12/12
f 11/12/12 7/11/11 8/13/13
f 11/12/12 8/13/13 10/14/14
f 10/14/14 8/13/13 9/15/15
f 16/16/16 17/17/17 10/18/14
f 10/18/14 17/17/17 11/19/18
f 11/19/18 17/17/17 18/20/19
f 11/19/18 18/20/19 12/21/20
f 12/21/20 18/20/19 19/22/21
f 12/21/20 19/22/21 20/23/22
f 12/21/20 20/23/22 13/24/23
f 13/24/23 20/23/22 21/25/24
f 13/24/23 21/25/24 22/26/25
f 13/24/23 22/26/25 14/27/26
f 14/27/26 22/26/25 23/28/27
f 14/27/26 23/28/27 24/29/28
f 14/27/26 24/29/28 15/30/29
f 15/30/29 24/29/28 25/31/30
f 15/30/29 25/31/30 1/32/31
f 26/33/32 27/34/33 40/35/34
f 40/35/34 27/34/33 39/36/35
f 39/36/35 27/34/33 28/37/36
f 39/36/35 28/37/36 38/38/37
f 38/38/37 28/37/36 29/39/38
f 38/38/37 29/39/38 37/40/39
f 37/40/39 29/39/38 30/41/40
f 37/40/39 30/41/40 31/42/41
f 37/40/39 31/42/41 36/43/42
f 36/43/42 31/42/41 32/44/43
f 36/43/42 32/44/43 35/45/44
f 35/45/44 32/44/43 34/46/45
f 34/46/45 32/44/43 33/47/46
f 2/48/2 1/49/1 42/50/47
f 42/50/47 1/49/1 41/51/48
f 25/52/30 43/53/49 1/54/31
f 1/54/31 43/53/49 41/55/50
f 44/56/51 59/57/52 7/58/53
f 7/58/53 59/57/52 56/59/54
f 7/58/53 56/59/54 8/60/55
f 8/60/55 56/59/54 57/61/56
f 8/60/55 57/61/56 9/62/15
f 59/57/52 44/56/51 58/63/57
f 58/63/57 44/56/51 45/64/58
f 58/63/57 45/64/58 60/65/59
f 60/65/59 45/64/58 46/66/60
f 60/65/59 46/66/60 47/67/61
f 60/65/59 47/67/61 53/68/62
f 53/68/62 47/67/61 48/69/63
f 53/68/62 48/69/63 52/70/64
f 52/70/64 48/69/63 49/71/65
f 52/70/64 49/71/65 51/72/66
f 51/72/66 49/71/65 50/73/67
f 53/68/62 54/74/68 60/65/59
f 60/65/59 54/74/68 58/63/57
f 54/74/68 55/75/69 58/63/57
f 58/63/57 55/75/69 59/57/52
f 55/75/69 56/59/54 59/57/52
f 61/76/70 75/77/71 44/78/72
f 44/78/72 75/77/71 74/79/73
f 44/78/72 74/79/73 45/80/74
f 45/80/74 74/79/73 77/81/75
f 45/80/74 77/81/75 46/82/76
f 46/82/76 77/81/75 47/83/77
f 47/83/77 77/81/75 70/84/78
f 47/83/77 70/84/78 78/85/79
f 78/85/79 70/84/78 71/86/80
f 78/85/79 71/86/80 49/87/81
f 49/87/81 71/86/80 72/88/82
f 49/87/81 72/88/82 50/89/83
f 50/89/83 72/88/82 73/90/84
f 75/77/71 61/76/70 40/91/85
f 40/91/85 61/76/70 62/92/86
f 40/91/85 62/92/86 26/93/87
f 75/77/71 40/91/85 76/94/88
f 76/94/88 40/91/85 63/95/89
f 76/94/88 63/95/89 64/96/90
f 65/97/91 66/98/92 64/96/90
f 64/96/90 66/98/92 76/94/88
f 66/98/92 67/99/93 76/94/88
f 76/94/88 67/99/93 75/77/71
f 67/99/93 68/100/94 75/77/71
f 75/77/71 68/100/94 74/79/73
f 68/100/94 69/101/95 74/79/73
f 74/79/73 69/101/95 77/81/75
f 69/101/95 70/84/78 77/81/75
f 49/87/81 48/102/96 78/85/79
f 78/85/79 48/102/96 47/83/77
f 73/103/97 72/104/98 79/105/99
f 79/105/99 72/104/98 87/106/100
f 87/106/100 72/104/98 71/107/101
f 87/106/100 71/107/101 70/108/102
f 87/106/100 70/108/102 86/109/103
f 86/109/103 70/108/102 69/110/104
f 86/109/103 69/110/104 85/111/105
f 85/111/105 69/110/104 68/112/106
f 85/111/105 68/112/106 84/113/107
f 84/113/107 68/112/106 83/114/108
f 83/114/108 68/112/106 67/115/109
f 83/114/108 67/115/109 82/116/110
f 82/116/110 67/115/109 81/117/111
f 81/117/111 67/115/109 66/118/92
f 81/117/111 66/118/92 80/119/112
f 88/120/113 79/121/114 95/122/115
f 95/122/115 79/121/114 87/123/116
f 95/122/115 87/123/116 94/124/117
f 94/124/117 87/123/116 93/125/118
f 93/125/118 87/123/116 86/126/119
f 93/125/118 86/126/119 92/127/120
f 92/127/120 86/126/119 85/128/121
f 92/127/120 85/128/121 91/129/122
f 91/129/122 85/128/121 84/130/123
f 91/129/122 84/130/123 83/131/124
f 91/129/122 83/131/124 90/132/125
f 90/132/125 83/131/124 82/133/126
f 90/132/125 82/133/126 81/134/127
f 80/135/112 89/136/128 81/134/127
f 81/134/127 89/136/128 90/132/125
f 89/137/128 96/138/129 105/139/130
f 105/139/130 96/138/129 97/140/131
f 105/139/130 97/140/131 104/141/132
f 104/141/132 97/140/131 98/142/133
f 104/141/132 98/142/133 106/143/134
f 106/143/134 98/142/133 99/144/135
f 106/143/134 99/144/135 107/145/136
f 107/145/136 99/144/135 100/146/137
f 107/145/136 100/146/137 108/147/138
f 108/147/138 100/146/137 101/148/139
f 108/147/138 101/148/139 102/149/140
f 108/147/138 102/149/140 95/150/141
f 95/150/141 102/149/140 103/151/142
f 95/150/141 103/151/142 88/152/143
f 95/150/141 94/153/144 108/147/138
f 108/147/138 94/153/144 93/154/145
f 108/147/138 93/154/145 107/145/136
f 107/145/136 93/154/145 92/155/146
f 107/145/136 92/155/146 106/143/134
f 106/143/134 92/155/146 91/156/147
f 106/143/134 91/156/147 104/141/132
f 104/141/132 91/156/147 90/157/148
f 104/141/132 90/157/148 105/139/130
f 105/139/130 90/157/148 89/137/128
f 109/158/149 103/159/150 118/160/151
f 118/160/151 103/159/150 102/161/152
f 118/160/151 102/161/152 117/162/153
f 117/162/153 102/161/152 101/163/154
f 117/162/153 101/163/154 116/164/155
f 116/164/155 101/163/154 100/165/156
f 116/164/155 100/165/156 115/166/157
f 115/166/157 100/165/156 99/167/158
f 115/166/157 99/167/158 114/168/159
f 114/168/159 99/167/158 98/169/160
f 114/168/159 98/169/160 113/170/161
f 113/170/161 98/169/160 110/171/162
f 113/170/161 110/171/162 112/172/163
f 112/172/163 110/171/162 111/173/164
f 119/174/165 120/175/166 112/176/163
f 112/176/163 120/175/166 113/177/167
f 113/177/167 120/175/166 121/178/168
f 113/177/167 121/178/168 114/179/169
f 114/179/169 121/178/168 122/180/170
f 114/179/169 122/180/170 115/181/171
f 115/181/171 122/180/170 123/182/172
f 115/181/171 123/182/172 116/183/173
f 116/183/173 123/182/172 124/184/174
f 116/183/173 124/184/174 117/185/175
f 117/185/175 124/184/174 125/186/176
f 117/185/175 125/186/176 118/187/177
f 118/187/177 125/186/176 126/188/178
f 118/187/177 126/188/178 109/189/179
f 109/189/179 126/188/178 127/190/180
f 128/191/181 127/192/182 136/193/183
f 136/193/183 127/192/182 126/194/184
f 136/193/183 126/194/184 125/195/185
f 136/193/183 125/195/185 135/196/186
f 135/196/186 125/195/185 124/197/187
f 135/196/186 124/197/187 134/198/188
f 134/198/188 124/197/187 123/199/189
f 134/198/188 123/199/189 133/200/190
f 133/200/190 123/199/189 122/201/191
f 133/200/190 122/201/191 132/202/192
f 132/202/192 122/201/191 121/203/193
f 132/202/192 121/203/193 131/204/194
f 131/204/194 121/203/193 120/205/195
f 131/204/194 120/205/195 130/206/196
f 130/206/196 120/205/195 129/207/197
f 137/208/198 138/209/199 130/210/196
f 130/210/196 138/209/199 131/211/200
f 131/211/200 138/209/199 139/212/201
f 131/211/200 139/212/201 140/213/202
f 131/211/200 140/213/202 132/214/203
f 132/214/203 140/213/202 141/215/204
f 132/214/203 141/215/204 133/216/205
f 133/216/205 141/215/204 142/217/206
f 133/216/205 142/217/206 134/218/207
f 134/218/207 142/217/206 143/219/208
f 134/218/207 143/219/208 135/220/209
f 135/220/209 143/219/208 144/221/210
f 135/220/209 144/221/210 136/222/211
f 136/222/211 144/221/210 145/223/212
f 136/222/211 145/223/212 128/224/213
f 16/225/214 57/226/215 17/227/216
f 17/227/216 57/226/215 56/228/217
f 17/227/216 56/228/217 18/229/218
f 18/229/218 56/228/217 19/230/219
f 19/230/219 56/228/217 20/231/220
f 20/231/220 56/228/217 21/232/221
f 21/232/221 56/228/217 55/233/222
f 21/232/221 55/233/222 22/234/223
f 22/234/223 55/233/222 23/235/224
f 23/235/224 55/233/222 24/236/225
f 24/236/225 55/233/222 25/237/226
f 25/237/226 55/233/222 54/238/227
f 25/237/226 54/238/227 53/239/228
f 53/239/228 52/240/229 25/237/226
f 25/237/226 52/240/229 51/241/230
f 25/237/226 51/241/230 43/242/231
f 43/242/231 51/241/230 146/243/232
f 50/244/67 147/245/233 51/246/66
f 51/246/66 147/245/233 146/247/234
f 146/247/234 147/245/233 148/248/235
f 50/249/83 73/250/84 147/251/236
f 79/252/99 149/253/237 73/254/97
f 73/254/97 149/253/237 147/255/238
f 147/255/238 149/253/237 148/256/239
f 79/257/114 88/258/113 149/259/240
f 149/259/240 88/258/113 150/260/241
f 103/261/142 151/262/242 88/263/143
f 88/263/143 151/262/242 150/264/243
f 103/265/150 109/266/149 151/267/244
f 151/267/244 109/266/149 152/268/245
f 127/269/180 153/270/246 109/271/179
f 109/271/179 153/270/246 152/272/247
f 127/273/182 128/274/181 153/275/248
f 153/275/248 128/274/181 154/276/249
f 130/277/196 129/278/197 137/279/198
f 112/280/163 111/281/164 119/282/165
f 66/283/92 65/284/91 80/285/112
f 80/285/112 65/284/91 96/286/129
f 80/285/112 96/286/129 89/287/128
f 10/288/14 9/289/15 16/290/16
f 16/290/16 9/289/15 57/291/56
f 145/292/212 155/293/250 128/294/213
f 128/294/213 155/293/250 154/295/251
f 65/296/91 64/297/252 96/298/129
f 96/298/129 64/297/252 97/299/253
f 97/299/253 64/297/252 63/300/254
f 97/299/253 63/300/254 40/301/255
f 97/299/253 40/301/255 98/302/256
f 98/302/256 40/301/255 39/303/257
f 98/302/256 39/303/257 166/304/258
f 166/304/258 39/303/257 38/305/259
f 166/304/258 38/305/259 167/306/260
f 167/306/260 38/305/259 37/307/261
f 167/306/260 37/307/261 168/308/262
f 168/308/262 37/307/261 36/309/263
f 168/308/262 36/309/263 157/310/264
f 157/310/264 36/309/263 35/311/265
f 157/310/264 35/311/265 156/312/266
f 156/312/266 35/311/265 34/313/267
f 157/310/264 158/314/268 168/308/262
f 168/308/262 158/314/268 159/315/269
f 168/308/262 159/315/269 167/306/260
f 167/306/260 159/315/269 160/316/270
f 167/306/260 160/316/270 161/317/271
f 167/306/260 161/317/271 166/304/258
f 166/304/258 161/317/271 162/318/272
f 166/304/258 162/318/272 165/319/273
f 165/319/273 162/318/272 163/320/274
f 165/319/273 163/320/274 110/321/275
f 110/321/275 163/320/274 164/322/276
f 110/321/275 164/322/276 120/323/277
f 120/323/277 164/322/276 138/324/278
f 120/323/277 138/324/278 129/325/197
f 129/325/197 138/324/278 137/326/198
f 163/320/274 138/324/278 164/322/276
f 119/327/165 111/328/164 120/323/277
f 120/323/277 111/328/164 110/321/275
f 110/321/275 98/302/256 165/319/273
f 165/319/273 98/302/256 166/304/258
f 138/329/279 163/330/280 139/331/281
f 139/331/281 163/330/280 140/332/282
f 140/332/282 163/330/280 162/333/283
f 140/332/282 162/333/283 141/334/284
f 141/334/284 162/333/283 161/335/285
f 141/334/284 161/335/285 142/336/286
f 142/336/286 161/335/285 160/337/287
f 142/336/286 160/337/287 143/338/288
f 143/338/288 160/337/287 159/339/289
f 143/338/288 159/339/289 144/340/290
f 144/340/290 159/339/289 158/341/291
f 144/340/290 158/341/291 157/342/292
f 156/343/293 145/344/294 157/342/292
f 157/342/292 145/344/294 144/340/290
f 34/345/267 169/346/295 156/347/266
f 156/347/266 169/346/295 170/348/296
f 34/349/45 33/350/46 169/351/297
f 169/351/297 33/350/46 171/352/298
f 33/353/299 32/354/300 2/355/301
f 2/355/301 32/354/300 3/356/302
f 3/356/302 32/354/300 31/357/303
f 3/356/302 31/357/303 4/358/304
f 4/358/304 31/357/303 30/359/305
f 4/358/304 30/359/305 5/360/306
f 5/360/306 30/359/305 29/361/307
f 5/360/306 29/361/307 28/362/308
f 27/363/309 44/364/310 28/362/308
f 28/362/308 44/364/310 6/365/311
f 28/362/308 6/365/311 5/360/306
f 26/366/312 62/367/313 27/363/309
f 27/363/309 62/367/313 61/368/314
f 27/363/309 61/368/314 44/364/310
f 44/364/310 7/369/315 6/365/311
f 2/370/301 42/371/316 33/372/299
f 33/372/299 42/371/316 171/373/317
f 173/374/318 189/375/319 172/376/320
f 172/376/320 189/375/319 187/377/321
f 172/376/320 187/377/321 188/378/322
f 173/374/318 174/379/323 189/375/319
f 189/375/319 174/379/323 190/380/324
f 189/375/319 190/380/324 186/381/325
f 186/381/325 190/380/324 185/382/326
f 185/382/326 190/380/324 191/383/327
f 185/382/326 191/383/327 184/384/328
f 184/384/328 191/383/327 192/385/329
f 184/384/328 192/385/329 183/386/330
f 183/386/330 192/385/329 193/387/331
f 183/386/330 193/387/331 182/388/332
f 182/388/332 193/387/331 194/389/333
f 182/388/332 194/389/333 181/390/334
f 181/390/334 194/389/333 180/391/335
f 180/391/335 194/389/333 179/392/336
f 180/391/335 179/392/336 148/393/239
f 174/379/323 175/394/337 190/380/324
f 190/380/324 175/394/337 191/383/327
f 175/394/337 176/395/338 191/383/327
f 191/383/327 176/395/338 192/385/329
f 176/395/338 177/396/339 192/385/329
f 192/385/329 177/396/339 193/387/331
f 177/396/339 178/397/340 193/387/331
f 193/387/331 178/397/340 194/389/333
f 178/397/340 179/392/336 194/389/333
f 148/393/239 149/398/237 180/391/335
f 186/381/325 187/377/321 189/375/319
f 172/399/320 195/400/341 173/401/342
f 173/401/342 195/400/341 220/402/343
f 173/401/342 220/402/343 219/403/344
f 219/403/344 220/402/343 221/404/345
f 219/403/344 221/404/345 222/405/346
f 222/405/346 221/404/345 224/406/347
f 222/405/346 224/406/347 217/407/348
f 217/407/348 224/406/347 216/408/349
f 216/408/349 224/406/347 226/409/350
f 216/408/349 226/409/350 215/410/351
f 215/410/351 226/409/350 214/411/352
f 214/411/352 226/409/350 228/412/353
f 214/411/352 228/412/353 213/413/354
f 213/413/354 228/412/353 212/414/355
f 212/414/355 228/412/353 230/415/356
f 212/414/355 230/415/356 211/416/357
f 211/416/357 230/415/356 210/417/358
f 210/417/358 230/415/356 209/418/359
f 209/418/359 230/415/356 208/419/360
f 208/419/360 230/415/356 207/420/361
f 207/420/361 230/415/356 206/421/362
f 206/421/362 230/415/356 205/422/363
f 205/422/363 230/415/356 146/423/232
f 205/422/363 146/423/232 204/424/364
f 204/424/364 146/423/232 203/425/365
f 203/425/365 146/423/232 202/426/366
f 195/400/341 196/427/367 220/402/343
f 220/402/343 196/427/367 197/428/368
f 220/402/343 197/428/368 221/404/345
f 221/404/345 197/428/368 198/429/369
f 221/404/345 198/429/369 223/430/370
f 223/430/370 198/429/369 199/431/371
f 223/430/370 199/431/371 225/432/372
f 225/432/372 199/431/371 200/433/373
f 225/432/372 200/433/373 227/434/374
f 227/434/374 200/433/373 201/435/375
f 227/434/374 201/435/375 229/436/376
f 229/436/376 201/435/375 43/437/231
f 229/436/376 43/437/231 230/415/356
f 230/415/356 43/437/231 146/423/232
f 217/407/348 218/438/377 222/405/346
f 222/405/346 218/438/377 219/403/344
f 224/406/347 221/404/345 223/430/370
f 226/409/350 224/406/347 223/430/370
f 228/412/353 226/409/350 225/432/372
f 225/432/372 226/409/350 223/430/370
f 230/415/356 228/412/353 227/434/374
f 227/434/374 228/412/353 225/432/372
f 229/436/376 230/415/356 227/434/374
f 41/439/50 43/440/49 243/441/378
f 243/441/378 43/440/49 242/442/379
f 242/442/379 43/440/49 244/443/380
f 242/442/379 244/443/380 241/444/381
f 241/444/381 244/443/380 240/445/382
f 240/445/382 244/443/380 239/446/383
f 239/446/383 244/443/380 238/447/384
f 238/447/384 244/443/380 245/448/385
f 238/447/384 245/448/385 237/449/386
f 237/449/386 245/448/385 236/450/387
f 236/450/387 245/448/385 235/451/388
f 235/451/388 245/448/385 246/452/389
f 235/451/388 246/452/389 234/453/390
f 234/453/390 246/452/389 247/454/391
f 234/453/390 247/454/391 233/455/392
f 233/455/392 247/454/391 248/456/393
f 233/455/392 248/456/393 232/457/394
f 232/457/394 248/456/393 249/458/395
f 232/457/394 249/458/395 231/459/396
f 231/459/396 249/458/395 195/460/341
f 195/460/341 249/458/395 196/461/397
f 196/461/397 249/458/395 197/462/398
f 197/462/398 249/458/395 248/456/393
f 197/462/398 248/456/393 198/463/399
f 198/463/399 248/456/393 247/454/391
f 198/463/399 247/454/391 199/464/400
f 199/464/400 247/454/391 246/452/389
f 199/464/400 246/452/389 200/465/401
f 200/465/401 246/452/389 245/448/385
f 200/465/401 245/448/385 201/466/402
f 201/466/402 245/448/385 244/443/380
f 201/466/402 244/443/380 43/440/49
f 42/467/47 41/468/48 258/469/403
f 258/469/403 41/468/48 259/470/404
f 258/469/403 259/470/404 257/471/405
f 257/471/405 259/470/404 256/472/406
f 256/472/406 259/470/404 260/473/407
f 256/472/406 260/473/407 255/474/408
f 255/474/408 260/473/407 261/475/409
f 255/474/408 261/475/409 254/476/410
f 254/476/410 261/475/409 262/477/411
f 254/476/410 262/477/411 253/478/412
f 253/478/412 262/477/411 263/479/413
f 253/478/412 263/479/413 252/480/414
f 252/480/414 263/479/413 264/481/415
f 252/480/414 264/481/415 251/482/416
f 251/482/416 264/481/415 231/483/396
f 251/482/416 231/483/396 250/484/417
f 243/485/418 242/486/419 41/468/48
f 41/468/48 242/486/419 259/470/404
f 242/486/419 241/487/420 259/470/404
f 259/470/404 241/487/420 240/488/421
f 259/470/404 240/488/421 239/489/422
f 239/489/422 238/490/423 259/470/404
f 259/470/404 238/490/423 260/473/407
f 238/490/423 237/491/424 260/473/407
f 260/473/407 237/491/424 236/492/425
f 260/473/407 236/492/425 235/493/426
f 260/473/407 235/493/426 261/475/409
f 261/475/409 235/493/426 234/494/427
f 261/475/409 234/494/427 262/477/411
f 262/477/411 234/494/427 233/495/428
f 262/477/411 233/495/428 263/479/413
f 263/479/413 233/495/428 232/496/429
f 263/479/413 232/496/429 264/481/415
f 264/481/415 232/496/429 231/483/396
f 171/497/317 42/498/316 279/499/430
f 279/499/430 42/498/316 258/500/431
f 279/499/430 258/500/431 278/501/432
f 278/501/432 258/500/431 277/502/433
f 277/502/433 258/500/431 276/503/434
f 276/503/434 258/500/431 275/504/435
f 275/504/435 258/500/431 281/505/436
f 275/504/435 281/505/436 274/506/437
f 274/506/437 281/505/436 273/507/438
f 273/507/438 281/505/436 272/508/439
f 272/508/439 281/505/436 271/509/440
f 271/509/440 281/505/436 283/510/441
f 271/509/440 283/510/441 270/511/442
f 270/511/442 283/510/441 269/512/443
f 269/512/443 283/510/441 285/513/444
f 269/512/443 285/513/444 268/514/445
f 268/514/445 285/513/444 287/515/446
f 268/514/445 287/515/446 267/516/447
f 267/516/447 287/515/446 289/517/448
f 267/516/447 289/517/448 266/518/449
f 266/518/449 289/517/448 288/519/450
f 266/518/449 288/519/450 290/520/451
f 290/520/451 288/519/450 252/521/452
f 290/520/451 252/521/452 251/522/453
f 281/505/436 258/500/431 280/523/454
f 280/523/454 258/500/431 257/524/455
f 280/523/454 257/524/455 256/525/456
f 280/523/454 256/525/456 282/526/457
f 282/526/457 256/525/456 255/527/458
f 282/526/457 255/527/458 284/528/459
f 284/528/459 255/527/458 254/529/460
f 284/528/459 254/529/460 286/530/461
f 286/530/461 254/529/460 253/531/462
f 286/530/461 253/531/462 288/519/450
f 288/519/450 253/531/462 252/521/452
f 250/532/417 265/533/463 251/522/453
f 251/522/453 265/533/463 290/520/451
f 265/533/463 266/518/449 290/520/451
f 283/510/441 281/505/436 280/523/454
f 285/513/444 283/510/441 282/526/457
f 282/526/457 283/510/441 280/523/454
f 287/515/446 285/513/444 284/528/459
f 284/528/459 285/513/444 282/526/457
f 289/517/448 287/515/446 286/530/461
f 286/530/461 287/515/446 284/528/459
f 288/519/450 289/517/448 286/530/461
f 169/534/297 171/535/298 303/536/464
f 303/536/464 171/535/298 279/537/465
f 303/536/464 279/537/465 302/538/466
f 302/538/466 279/537/465 278/539/467
f 302/538/466 278/539/467 277/540/468
f 302/538/466 277/540/468 305/541/469
f 305/541/469 277/540/468 276/542/470
f 305/541/469 276/542/470 275/543/471
f 275/543/471 274/544/472 305/541/469
f 305/541/469 274/544/472 273/545/473
f 305/541/469 273/545/473 272/546/474
f 272/546/474 271/547/475 305/541/469
f 305/541/469 271/547/475 306/548/476
f 305/541/469 306/548/476 298/549/477
f 298/549/477 306/548/476 297/550/478
f 297/550/478 306/548/476 296/551/479
f 296/551/479 306/548/476 295/552/480
f 295/552/480 306/548/476 307/553/481
f 295/552/480 307/553/481 294/554/482
f 294/554/482 307/553/481 308/555/483
f 294/554/482 308/555/483 293/556/484
f 293/556/484 308/555/483 309/557/485
f 293/556/484 309/557/485 292/558/486
f 292/558/486 309/557/485 304/559/487
f 292/558/486 304/559/487 291/560/488
f 291/560/488 304/559/487 265/561/463
f 265/561/463 304/559/487 266/562/489
f 266/562/489 304/559/487 309/557/485
f 266/562/489 309/557/485 267/563/490
f 267/563/490 309/557/485 308/555/483
f 267/563/490 308/555/483 268/564/491
f 268/564/491 308/555/483 307/553/481
f 268/564/491 307/553/481 269/565/492
f 269/565/492 307/553/481 306/548/476
f 269/565/492 306/548/476 270/566/493
f 270/566/493 306/548/476 271/547/475
f 298/549/477 299/567/494 305/541/469
f 305/541/469 299/567/494 300/568/495
f 305/541/469 300/568/495 301/569/496
f 301/569/496 302/538/466 305/541/469
f 169/570/295 303/571/497 170/572/296
f 170/572/296 303/571/497 325/573/498
f 325/573/498 303/571/497 302/574/499
f 325/573/498 302/574/499 324/575/500
f 324/575/500 302/574/499 323/576/501
f 323/576/501 302/574/499 301/577/502
f 323/576/501 301/577/502 322/578/503
f 322/578/503 301/577/502 321/579/504
f 321/579/504 301/577/502 320/580/505
f 320/580/505 301/577/502 327/581/506
f 320/580/505 327/581/506 319/582/507
f 319/582/507 327/581/506 318/583/508
f 318/583/508 327/581/506 317/584/509
f 317/584/509 327/581/506 329/585/510
f 317/584/509 329/585/510 316/586/511
f 316/586/511 329/585/510 315/587/512
f 315/587/512 329/585/510 314/588/513
f 314/588/513 329/585/510 331/589/514
f 314/588/513 331/589/514 313/590/515
f 313/590/515 331/589/514 333/591/516
f 313/590/515 333/591/516 312/592/517
f 312/592/517 333/591/516 335/593/518
f 312/592/517 335/593/518 311/594/519
f 311/594/519 335/593/518 337/595/520
f 311/594/519 337/595/520 310/596/521
f 310/596/521 337/595/520 336/597/522
f 310/596/521 336/597/522 291/598/488
f 291/598/488 336/597/522 292/599/523
f 292/599/523 336/597/522 334/600/524
f 292/599/523 334/600/524 293/601/525
f 293/601/525 334/600/524 332/602/526
f 293/601/525 332/602/526 294/603/527
f 294/603/527 332/602/526 330/604/528
f 294/603/527 330/604/528 295/605/529
f 295/605/529 330/604/528 328/606/530
f 295/605/529 328/606/530 296/607/531
f 296/607/531 328/606/530 297/608/532
f 297/608/532 328/606/530 298/609/533
f 298/609/533 328/606/530 326/610/534
f 298/609/533 326/610/534 299/611/535
f 299/611/535 326/610/534 300/612/536
f 300/612/536 326/610/534 301/577/502
f 301/577/502 326/610/534 327/581/506
f 329/585/510 327/581/506 326/610/534
f 331/589/514 329/585/510 328/606/530
f 328/606/530 329/585/510 326/610/534
f 333/591/516 331/589/514 330/604/528
f 330/604/528 331/589/514 328/606/530
f 335/593/518 333/591/516 332/602/526
f 332/602/526 333/591/516 330/604/528
f 337/595/520 335/593/518 334/600/524
f 334/600/524 335/593/518 332/602/526
f 336/597/522 337/595/520 334/600/524
f 155/613/537 170/614/538 347/615/539
f 347/615/539 170/614/538 348/616/540
f 347/615/539 348/616/540 346/617/541
f 346/617/541 348/616/540 345/618/542
f 345/618/542 348/616/540 349/619/543
f 345/618/542 349/619/543 344/620/544
f 344/620/544 349/619/543 343/621/545
f 343/621/545 349/619/543 350/622/546
f 343/621/545 350/622/546 342/623/547
f 342/623/547 350/622/546 351/624/548
f 342/623/547 351/624/548 341/625/549
f 341/625/549 351/624/548 352/626/550
f 341/625/549 352/626/550 340/627/551
f 340/627/551 352/626/550 353/628/552
f 340/627/551 353/628/552 339/629/553
f 339/629/553 353/628/552 310/630/521
f 339/629/553 310/630/521 338/631/554
f 325/632/555 324/633/556 170/614/538
f 170/614/538 324/633/556 323/634/557
f 170/614/538 323/634/557 348/616/540
f 348/616/540 323/634/557 322/635/558
f 348/616/540 322/635/558 321/636/559
f 321/636/559 320/637/560 348/616/540
f 348/616/540 320/637/560 319/638/561
f 348/616/540 319/638/561 318/639/562
f 318/639/562 317/640/563 348/616/540
f 348/616/540 317/640/563 349/619/543
f 317/640/563 316/641/564 349/619/543
f 349/619/543 316/641/564 315/642/565
f 349/619/543 315/642/565 314/643/566
f 349/619/543 314/643/566 350/622/546
f 350/622/546 314/643/566 313/644/567
f 350/622/546 313/644/567 351/624/548
f 351/624/548 313/644/567 312/645/568
f 351/624/548 312/645/568 352/626/550
f 352/626/550 312/645/568 311/646/569
f 352/626/550 311/646/569 353/628/552
f 353/628/552 311/646/569 310/630/521
f 154/647/251 155/648/250 366/649/570
f 366/649/570 155/648/250 347/650/571
f 366/649/570 347/650/571 365/651/572
f 365/651/572 347/650/571 364/652/573
f 364/652/573 347/650/571 367/653/574
f 364/652/573 367/653/574 363/654/575
f 363/654/575 367/653/574 362/655/576
f 362/655/576 367/653/574 361/656/577
f 361/656/577 367/653/574 368/657/578
f 361/656/577 368/657/578 360/658/579
f 360/658/579 368/657/578 359/659/580
f 359/659/580 368/657/578 358/660/581
f 358/660/581 368/657/578 369/661/582
f 358/660/581 369/661/582 357/662/583
f 357/662/583 369/661/582 370/663/584
f 357/662/583 370/663/584 356/664/585
f 356/664/585 370/663/584 371/665/586
f 356/664/585 371/665/586 355/666/587
f 355/666/587 371/665/586 372/667/588
f 355/666/587 372/667/588 354/668/589
f 354/668/589 372/667/588 339/669/590
f 354/668/589 339/669/590 338/670/554
f 347/650/571 346/671/591 367/653/574
f 367/653/574 346/671/591 345/672/592
f 367/653/574 345/672/592 368/657/578
f 368/657/578 345/672/592 344/673/593
f 368/657/578 344/673/593 343/674/594
f 368/657/578 343/674/594 369/661/582
f 369/661/582 343/674/594 342/675/595
f 369/661/582 342/675/595 370/663/584
f 370/663/584 342/675/595 341/676/596
f 370/663/584 341/676/596 371/665/586
f 371/665/586 341/676/596 340/677/597
f 371/665/586 340/677/597 372/667/588
f 372/667/588 340/677/597 339/669/590
f 154/678/249 366/679/598 153/680/248
f 153/680/248 366/679/598 382/681/599
f 382/681/599 366/679/598 365/682/600
f 382/681/599 365/682/600 383/683/601
f 383/683/601 365/682/600 364/684/602
f 383/683/601 364/684/602 363/685/603
f 363/685/603 362/686/604 383/683/601
f 383/683/601 362/686/604 361/687/605
f 383/683/601 361/687/605 384/688/606
f 384/688/606 361/687/605 360/689/607
f 384/688/606 360/689/607 359/690/608
f 359/690/608 358/691/609 384/688/606
f 384/688/606 358/691/609 385/692/610
f 384/688/606 385/692/610 377/693/611
f 377/693/611 385/692/610 376/694/612
f 376/694/612 385/692/610 386/695/613
f 376/694/612 386/695/613 375/696/614
f 375/696/614 386/695/613 387/697/615
f 375/696/614 387/697/615 374/698/616
f 374/698/616 387/697/615 388/699/617
f 374/698/616 388/699/617 373/700/618
f 373/700/618 388/699/617 354/701/589
f 354/701/589 388/699/617 355/702/619
f 355/702/619 388/699/617 387/697/615
f 355/702/619 387/697/615 356/703/620
f 356/703/620 387/697/615 386/695/613
f 356/703/620 386/695/613 357/704/621
f 357/704/621 386/695/613 385/692/610
f 357/704/621 385/692/610 358/691/609
f 377/693/611 378/705/622 384/688/606
f 384/688/606 378/705/622 379/706/623
f 384/688/606 379/706/623 380/707/624
f 384/688/606 380/707/624 383/683/601
f 383/683/601 380/707/624 381/708/625
f 383/683/601 381/708/625 382/681/599
f 152/709/247 153/710/246 401/711/626
f 401/711/626 153/710/246 382/712/627
f 401/711/626 382/712/627 400/713/628
f 400/713/628 382/712/627 399/714/629
f 399/714/629 382/712/627 402/715/630
f 399/714/629 402/715/630 398/716/631
f 398/716/631 402/715/630 397/717/632
f 397/717/632 402/715/630 396/718/633
f 396/718/633 402/715/630 395/719/634
f 395/719/634 402/715/630 403/720/635
f 395/719/634 403/720/635 394/721/636
f 394/721/636 403/720/635 393/722/637
f 393/722/637 403/720/635 404/723/638
f 393/722/637 404/723/638 392/724/639
f 392/724/639 404/723/638 405/725/640
f 392/724/639 405/725/640 391/726/641
f 391/726/641 405/725/640 406/727/642
f 391/726/641 406/727/642 390/728/643
f 390/728/643 406/727/642 407/729/644
f 390/728/643 407/729/644 389/730/645
f 389/730/645 407/729/644 373/731/618
f 373/731/618 407/729/644 374/732/646
f 374/732/646 407/729/644 406/727/642
f 374/732/646 406/727/642 375/733/647
f 375/733/647 406/727/642 405/725/640
f 375/733/647 405/725/640 376/734/648
f 376/734/648 405/725/640 404/723/638
f 376/734/648 404/723/638 377/735/649
f 377/735/649 404/723/638 403/720/635
f 377/735/649 403/720/635 378/736/650
f 378/736/650 403/720/635 379/737/651
f 379/737/651 403/720/635 380/738/652
f 380/738/652 403/720/635 402/715/630
f 380/738/652 402/715/630 381/739/653
f 381/739/653 402/715/630 382/712/627
f 151/740/244 152/741/245 421/742/654
f 421/742/654 152/741/245 401/743/655
f 421/742/654 401/743/655 420/744/656
f 420/744/656 401/743/655 400/745/657
f 420/744/656 400/745/657 419/746/658
f 419/746/658 400/745/657 399/747/659
f 419/746/658 399/747/659 398/748/660
f 419/746/658 398/748/660 418/749/661
f 418/749/661 398/748/660 397/750/662
f 418/749/661 397/750/662 417/751/663
f 417/751/663 397/750/662 396/752/664
f 417/751/663 396/752/664 416/753/665
f 416/753/665 396/752/664 415/754/666
f 415/754/666 396/752/664 395/755/667
f 415/754/666 395/755/667 414/756/668
f 414/756/668 395/755/667 394/757/669
f 414/756/668 394/757/669 413/758/670
f 413/758/670 394/757/669 393/759/671
f 413/758/670 393/759/671 412/760/672
f 412/760/672 393/759/671 392/761/673
f 412/760/672 392/761/673 411/762/674
f 411/762/674 392/761/673 424/763/675
f 411/762/674 424/763/675 410/764/676
f 410/764/676 424/763/675 391/765/677
f 410/764/676 391/765/677 423/766/678
f 423/766/678 391/765/677 390/767/679
f 423/766/678 390/767/679 422/768/680
f 422/768/680 390/767/679 389/769/645
f 422/768/680 389/769/645 408/770/681
f 392/761/673 391/765/677 424/763/675
f 408/770/681 409/771/682 422/768/680
f 422/768/680 409/771/682 423/766/678
f 409/771/682 410/764/676 423/766/678
f 151/772/242 421/773/683 150/774/243
f 150/774/243 421/773/683 437/775/684
f 437/775/684 421/773/683 420/776/685
f 437/775/684 420/776/685 436/777/686
f 436/777/686 420/776/685 419/778/687
f 436/777/686 419/778/687 435/779/688
f 435/779/688 419/778/687 434/780/689
f 434/780/689 419/778/687 418/781/690
f 434/780/689 418/781/690 433/782/691
f 433/782/691 418/781/690 417/783/692
f 433/782/691 417/783/692 432/784/693
f 432/784/693 417/783/692 416/785/694
f 432/784/693 416/785/694 415/786/695
f 432/784/693 415/786/695 431/787/696
f 431/787/696 415/786/695 414/788/697
f 431/787/696 414/788/697 430/789/698
f 430/789/698 414/788/697 413/790/699
f 430/789/698 413/790/699 429/791/700
f 429/791/700 413/790/699 412/792/701
f 429/791/700 412/792/701 438/793/702
f 438/793/702 412/792/701 411/794/703
f 438/793/702 411/794/703 428/795/704
f 428/795/704 411/794/703 440/796/705
f 428/795/704 440/796/705 427/797/706
f 427/797/706 440/796/705 439/798/707
f 427/797/706 439/798/707 426/799/708
f 426/799/708 439/798/707 441/800/709
f 426/799/708 441/800/709 425/801/710
f 425/801/710 441/800/709 408/802/681
f 408/802/681 441/800/709 409/803/711
f 409/803/711 441/800/709 439/798/707
f 409/803/711 439/798/707 410/804/712
f 410/804/712 439/798/707 440/796/705
f 410/804/712 440/796/705 411/794/703
f 428/795/704 429/791/700 438/793/702
f 149/805/240 150/806/241 180/807/713
f 180/807/713 150/806/241 442/808/714
f 180/807/713 442/808/714 181/809/715
f 181/809/715 442/808/714 182/810/716
f 182/810/716 442/808/714 443/811/717
f 182/810/716 443/811/717 183/812/718
f 183/812/718 443/811/717 444/813/719
f 183/812/718 444/813/719 184/814/720
f 184/814/720 444/813/719 445/815/721
f 184/814/720 445/815/721 185/816/722
f 185/816/722 445/815/721 446/817/723
f 185/816/722 446/817/723 186/818/724
f 186/818/724 446/817/723 447/819/725
f 186/818/724 447/819/725 187/820/726
f 187/820/726 447/819/725 425/821/710
f 187/820/726 425/821/710 188/822/322
f 437/823/727 436/824/728 150/806/241
f 150/806/241 436/824/728 442/808/714
f 436/824/728 435/825/729 442/808/714
f 442/808/714 435/825/729 434/826/730
f 442/808/714 434/826/730 433/827/731
f 433/827/731 432/828/732 442/808/714
f 442/808/714 432/828/732 443/811/717
f 432/828/732 431/829/733 443/811/717
f 443/811/717 431/829/733 430/830/734
f 443/811/717 430/830/734 429/831/735
f 443/811/717 429/831/735 444/813/719
f 444/813/719 429/831/735 428/832/736
f 444/813/719 428/832/736 445/815/721
f 445/815/721 428/832/736 427/833/737
f 445/815/721 427/833/737 446/817/723
f 446/817/723 427/833/737 426/834/738
f 446/817/723 426/834/738 447/819/725
f 447/819/725 426/834/738 425/821/710
f 145/835/294 156/836/293 155/837/537
f 155/837/537 156/836/293 170/838/538
f 172/839/320 188/840/322 195/841/341
f 195/841/341 188/840/322 408/842/681
f 195/841/341 408/842/681 291/843/488
f 291/843/488 408/842/681 373/844/618
f 291/843/488 373/844/618 338/845/554
f 338/845/554 373/844/618 354/846/589
f 188/840/322 425/847/710 408/842/681
f 408/842/681 389/848/645 373/844/618
f 338/845/554 310/849/521 291/843/488
f 265/850/463 250/851/417 291/843/488
f 291/843/488 250/851/417 195/841/341
f 250/851/417 231/852/396 195/841/341
f 173/853/739 219/854/740 174/855/741
f 174/855/741 219/854/740 218/856/742
f 174/855/741 218/856/742 175/857/743
f 175/857/743 218/856/742 217/858/744
f 175/857/743 217/858/744 176/859/745
f 176/859/745 217/858/744 448/860/746
f 176/859/745 448/860/746 177/861/747
f 177/861/747 448/860/746 449/862/748
f 177/861/747 449/862/748 178/863/749
f 178/863/749 449/862/748 450/864/750
f 178/863/749 450/864/750 179/865/751
f 179/865/751 450/864/750 451/866/752
f 179/865/751 451/866/752 148/867/235
f 148/867/235 451/866/752 205/868/753
f 148/867/235 205/868/753 204/869/754
f 217/858/744 216/870/755 448/860/746
f 448/860/746 216/870/755 449/862/748
f 216/870/755 215/871/756 449/862/748
f 449/862/748 215/871/756 214/872/757
f 449/862/748 214/872/757 450/864/750
f 450/864/750 214/872/757 213/873/758
f 450/864/750 213/873/758 212/874/759
f 450/864/750 212/874/759 451/866/752
f 451/866/752 212/874/759 211/875/760
f 451/866/752 211/875/760 210/876/761
f 210/876/761 209/877/762 451/866/752
f 451/866/752 209/877/762 208/878/763
f 451/866/752 208/878/763 207/879/764
f 207/879/764 206/880/765 451/866/752
f 451/866/752 206/880/765 205/868/753
f 204/869/754 203/881/766 148/867/235
f 148/867/235 203/881/766 202/882/767
f 148/867/235 202/882/767 146/883/234
g Body2

v -9.540864 3.601652 0.418780
v -9.540864 3.643876 0.374785
v -9.538748 3.644473 0.374884
v -9.536702 3.645354 0.375030
v -9.532929 3.647920 0.375456
v -9.529739 3.651441 0.376039
v -9.527299 3.655735 0.376751
v -9.525674 3.655859 0.382817
v -9.525122 3.655992 0.389256
v -9.525122 3.651737 0.393688
v -9.526270 3.634343 0.402403
v -9.529578 3.619047 0.410066
v -9.531927 3.612778 0.413206
v -9.534647 3.607693 0.415754
v -9.537656 3.603947 0.417631
v -9.539241 3.602613 0.418299
v -9.525122 3.659390 0.392742
v -9.525126 3.659993 0.393097
v -9.526382 3.668702 0.398458
v -9.527809 3.672465 0.400955
v -9.529716 3.675682 0.403231
v -9.532049 3.678259 0.405218
v -9.534739 3.680119 0.406858
v -9.536193 3.680762 0.407532
v -9.537706 3.681207 0.408102
v -9.539267 3.681451 0.408564
v -9.540864 3.681492 0.408915
v -9.525348 3.657310 0.366128
v -9.527142 3.639538 0.341294
v -9.528667 3.631524 0.330095
v -9.530565 3.624353 0.320074
v -9.532791 3.618197 0.311473
v -9.535290 3.613206 0.304497
v -9.538002 3.609498 0.299316
v -9.539419 3.608155 0.297439
v -9.540864 3.607163 0.296054
v -9.540864 3.654500 0.341485
v -9.539592 3.654949 0.342289
v -9.538342 3.655542 0.343351
v -9.535929 3.657146 0.346224
v -9.531604 3.661914 0.354760
v -9.528210 3.668449 0.366463
v -9.525997 3.676269 0.380466
v -9.693264 3.529912 0.454722
v -9.693264 3.611742 0.369459
v -9.693264 3.675756 0.436700
v -9.528020 3.651753 0.371187
v -9.530472 3.673116 0.387343
v -9.531930 3.682373 0.394344
v -9.533522 3.690542 0.400522
v -9.535231 3.697532 0.405809
v -9.537037 3.703269 0.410147
v -9.538922 3.707688 0.413489
v -9.540864 3.710742 0.415799
v -9.540864 3.738202 0.442154
v -9.537656 3.733259 0.438601
v -9.534647 3.726407 0.433969
v -9.531927 3.717853 0.428400
v -9.529578 3.707858 0.422062
v -9.526270 3.684793 0.407867
v -9.525122 3.659993 0.393096
v -9.529578 3.693464 0.408247
v -9.527148 3.690905 0.410913
v -9.532796 3.695566 0.406057
v -9.526809 3.653506 0.369591
v -9.525912 3.655370 0.367894
v -9.525513 3.677923 0.379268
v -9.525220 3.679613 0.378045
v -9.525122 3.681320 0.376809
v -9.525122 3.730091 0.405394
v -9.526270 3.744830 0.421585
v -9.529578 3.757791 0.435823
v -9.531927 3.763103 0.441658
v -9.534647 3.767411 0.446391
v -9.537656 3.770586 0.449878
v -9.539241 3.771716 0.451120
v -9.540864 3.772530 0.452014
v -9.529578 3.713247 0.409715
v -9.527148 3.715115 0.406526
v -9.525635 3.717217 0.402941
v -9.532796 3.711712 0.412333
v -9.536626 3.710593 0.414241
v -9.540864 3.739572 0.381336
v -9.525122 3.717138 0.377617
v -9.525411 3.721094 0.378273
v -9.526270 3.724929 0.378909
v -9.527674 3.728528 0.379505
v -9.529578 3.731781 0.380044
v -9.531927 3.734589 0.380510
v -9.534647 3.736866 0.380887
v -9.537656 3.738544 0.381165
v -9.540864 3.797599 0.320875
v -9.525122 3.739660 0.354150
v -9.526270 3.759782 0.342594
v -9.529578 3.777477 0.332431
v -9.531927 3.784728 0.328267
v -9.534647 3.790610 0.324888
v -9.537656 3.794944 0.322399
v -9.539241 3.796488 0.321513
v -9.525122 3.679558 0.368648
v -9.525839 3.673428 0.364799
v -9.527938 3.667760 0.361239
v -9.530391 3.680302 0.354939
v -9.533458 3.690538 0.349796
v -9.537001 3.698012 0.346042
v -9.538903 3.700604 0.344740
v -9.540864 3.702391 0.343842
v -9.527148 3.734043 0.346710
v -9.525635 3.735018 0.350751
v -9.529578 3.733176 0.343118
v -9.532796 3.732464 0.340167
v -9.536626 3.731946 0.338017
v -9.540864 3.752653 0.301987
v -9.525839 3.670772 0.352498
v -9.525122 3.674030 0.343045
v -9.525122 3.692460 0.327698
v -9.526270 3.713365 0.318769
v -9.529578 3.731748 0.310917
v -9.531927 3.739282 0.307699
v -9.534647 3.745393 0.305089
v -9.537656 3.749896 0.303165
v -9.539241 3.751499 0.302480
v -9.525122 3.671236 0.330106
v -9.525177 3.669477 0.328843
v -9.526673 3.679102 0.321636
v -9.530057 3.687440 0.315392
v -9.532349 3.690837 0.312848
v -9.534963 3.693591 0.310786
v -9.537827 3.695628 0.309261
v -9.539329 3.696359 0.308713
v -9.540864 3.696892 0.308314
v -9.540864 3.723443 0.245218
v -9.525122 3.669925 0.324031
v -9.525122 3.687283 0.282779
v -9.526270 3.699841 0.269734
v -9.529578 3.710885 0.258263
v -9.531927 3.715410 0.253562
v -9.534647 3.719081 0.249748
v -9.537656 3.721786 0.246939
v -9.539241 3.722750 0.245938
v -9.525122 3.663420 0.293907
v -9.525149 3.662252 0.293327
v -9.526547 3.664451 0.285450
v -9.528002 3.665458 0.281844
v -9.529912 3.666365 0.278596
v -9.532222 3.667146 0.275800
v -9.534868 3.667779 0.273532
v -9.537776 3.668247 0.271857
v -9.540864 3.668536 0.270821
v -9.693264 3.921260 0.580595
v -9.617878 3.803249 0.485760
v -9.693264 3.814246 0.477890
v -9.693264 3.771706 0.386662
v -9.693264 3.880588 0.273213
v -9.693264 3.808246 0.290664
v -9.693264 3.838872 0.265161
v -9.693264 3.739459 0.276440
v -9.693264 3.775237 0.191416
v -9.693264 3.678055 0.236732
v -9.540864 3.625293 0.206217
v -9.539303 3.626008 0.207902
v -9.537776 3.626993 0.210225
v -9.534868 3.629744 0.216709
v -9.532222 3.633469 0.225486
v -9.529912 3.638061 0.236312
v -9.528002 3.643394 0.248880
v -9.526547 3.649316 0.262838
v -9.525635 3.658446 0.291686
v -9.527148 3.654383 0.292564
v -9.529578 3.650771 0.293344
v -9.532796 3.647804 0.293984
v -9.536626 3.645642 0.294451
v -9.693264 3.609678 0.261222
v -9.693264 3.569311 0.074271
v -9.693264 3.522057 0.177128
v -9.715622 3.797463 0.486290
v -9.715601 3.799453 0.488476
v -9.714832 3.803216 0.485783
v -9.712992 3.806716 0.483279
v -9.710189 3.809746 0.481110
v -9.706588 3.812131 0.479404
v -9.702400 3.813730 0.478259
v -9.697870 3.814449 0.477745
v -9.695326 3.772003 0.386711
v -9.697403 3.772030 0.386716
v -9.701502 3.771276 0.386591
v -9.705368 3.769478 0.386293
v -9.708817 3.766723 0.385836
v -9.711685 3.763140 0.385242
v -9.713837 3.758899 0.384539
v -9.715170 3.754203 0.383761
v -9.715622 3.749272 0.382944
v -9.715033 3.778224 0.433909
v -9.713302 3.782221 0.432045
v -9.710536 3.785707 0.430420
v -9.706907 3.788467 0.429133
v -9.702639 3.790330 0.428264
v -9.697995 3.791181 0.427867
v -9.715622 3.679761 0.417302
v -9.715033 3.678757 0.422162
v -9.713302 3.677816 0.426722
v -9.710536 3.676994 0.430700
v -9.706907 3.676344 0.433848
v -9.702639 3.675906 0.435974
v -9.697995 3.675705 0.436944
v -9.694264 3.922276 0.581364
v -9.694767 3.922648 0.581645
v -9.695271 3.922929 0.581857
v -9.695776 3.923119 0.582001
v -9.696281 3.923217 0.582075
v -9.696787 3.923224 0.582080
v -9.697293 3.923139 0.582016
v -9.697798 3.922963 0.581883
v -9.698302 3.922695 0.581681
v -9.699306 3.921888 0.581070
v -9.701289 3.919190 0.579029
v -9.703219 3.915075 0.575918
v -9.705074 3.909590 0.571769
v -9.706833 3.902797 0.566632
v -9.708476 3.894771 0.560562
v -9.711344 3.875400 0.545912
v -9.713548 3.852346 0.528477
v -9.714988 3.826645 0.509041
v -9.715033 3.761749 0.470805
v -9.713302 3.759519 0.474610
v -9.713302 3.843884 0.524058
v -9.710536 3.757574 0.477929
v -9.710536 3.841939 0.527377
v -9.706907 3.756034 0.480556
v -9.706907 3.840399 0.530004
v -9.702639 3.754994 0.482329
v -9.702639 3.839359 0.531777
v -9.697995 3.754520 0.483139
v -9.697995 3.838885 0.532587
v -9.715622 3.579997 0.429630
v -9.713837 3.558504 0.440398
v -9.711685 3.549037 0.445141
v -9.708817 3.541038 0.449148
v -9.705368 3.534886 0.452230
v -9.703476 3.532597 0.453377
v -9.701502 3.530872 0.454241
v -9.699470 3.529731 0.454813
v -9.698439 3.529384 0.454987
v -9.697403 3.529188 0.455085
v -9.696364 3.529142 0.455108
v -9.695326 3.529248 0.455055
v -9.694291 3.529505 0.454926
v -9.697995 3.605613 0.445606
v -9.702639 3.605498 0.444674
v -9.706907 3.605246 0.442634
v -9.710536 3.604872 0.439612
v -9.713302 3.604401 0.435794
v -9.715033 3.603860 0.431417
v -9.715622 3.634176 0.373178
v -9.715170 3.629246 0.372360
v -9.713837 3.624549 0.371582
v -9.711685 3.620309 0.370879
v -9.708817 3.616726 0.370285
v -9.705368 3.613970 0.369828
v -9.701502 3.612172 0.369530
v -9.697403 3.611418 0.369405
v -9.695326 3.611445 0.369410
v -9.697995 3.574825 0.407584
v -9.702639 3.575502 0.408234
v -9.706907 3.576986 0.409657
v -9.710536 3.579183 0.411766
v -9.713302 3.581958 0.414429
v -9.715033 3.585140 0.417483
v -9.715622 3.581473 0.260155
v -9.715170 3.568415 0.241908
v -9.713837 3.555975 0.224525
v -9.711685 3.544745 0.208832
v -9.708817 3.535256 0.195572
v -9.705368 3.527957 0.185373
v -9.701502 3.523196 0.178720
v -9.700492 3.522432 0.177652
v -9.699470 3.521843 0.176829
v -9.698439 3.521431 0.176254
v -9.697403 3.521198 0.175928
v -9.696883 3.521149 0.175859
v -9.696364 3.521144 0.175853
v -9.695845 3.521184 0.175909
v -9.695326 3.521270 0.176028
v -9.694291 3.521574 0.176454
v -9.697995 3.585037 0.312747
v -9.697995 3.553114 0.244289
v -9.702639 3.585888 0.312351
v -9.702639 3.553965 0.243892
v -9.706907 3.587750 0.311482
v -9.706907 3.555828 0.243024
v -9.710536 3.590510 0.310195
v -9.710536 3.558588 0.241737
v -9.713302 3.593996 0.308569
v -9.713302 3.562074 0.240111
v -9.715033 3.597993 0.306706
v -9.715622 3.640970 0.317257
v -9.713837 3.627542 0.293210
v -9.711685 3.621627 0.282619
v -9.708817 3.616629 0.273669
v -9.705368 3.612786 0.266786
v -9.703476 3.611356 0.264226
v -9.701502 3.610278 0.262296
v -9.699470 3.609565 0.261020
v -9.698439 3.609348 0.260631
v -9.697403 3.609226 0.260411
v -9.696364 3.609197 0.260361
v -9.695326 3.609263 0.260479
v -9.694291 3.609424 0.260766
v -9.715033 3.577717 0.250035
v -9.697995 3.587616 0.239721
v -9.702639 3.586966 0.240398
v -9.706907 3.585543 0.241881
v -9.710536 3.583434 0.244078
v -9.713302 3.580771 0.246853
v -9.715622 3.608394 0.166388
v -9.715170 3.599805 0.146142
v -9.713837 3.591622 0.126857
v -9.711685 3.584235 0.109445
v -9.708817 3.577993 0.094733
v -9.705368 3.573192 0.083418
v -9.703476 3.571407 0.079210
v -9.701502 3.570061 0.076037
v -9.700492 3.569558 0.074851
v -9.699470 3.569170 0.073938
v -9.698439 3.568899 0.073300
v -9.697403 3.568746 0.072939
v -9.696883 3.568714 0.072862
v -9.696364 3.568711 0.072855
v -9.695845 3.568737 0.072918
v -9.695326 3.568793 0.073050
v -9.694291 3.568994 0.073522
v -9.697995 3.604522 0.238459
v -9.697995 3.586642 0.155652
v -9.702639 3.605439 0.238261
v -9.702639 3.587559 0.155453
v -9.706907 3.607448 0.237827
v -9.706907 3.589568 0.155020
v -9.710536 3.610425 0.237184
v -9.710536 3.592545 0.154377
v -9.713302 3.614185 0.236372
v -9.713302 3.596305 0.153565
v -9.715033 3.618496 0.235442
v -9.715033 3.600616 0.152634
v -9.715622 3.671409 0.260531
v -9.715170 3.672870 0.255301
v -9.713837 3.674261 0.250318
v -9.711685 3.675517 0.245820
v -9.708817 3.676579 0.242019
v -9.705368 3.677395 0.239096
v -9.701502 3.677928 0.237189
v -9.699470 3.678079 0.236646
v -9.697403 3.678151 0.236388
v -9.695326 3.678143 0.236417
v -9.697995 3.627932 0.161424
v -9.702639 3.627152 0.161946
v -9.706907 3.625443 0.163090
v -9.710536 3.622913 0.164784
v -9.713302 3.619716 0.166923
v -9.715033 3.616051 0.169376
v -9.715622 3.739077 0.228977
v -9.713837 3.754595 0.212858
v -9.711685 3.761430 0.205758
v -9.708817 3.767205 0.199759
v -9.705368 3.771646 0.195146
v -9.703476 3.773298 0.193429
v -9.701502 3.774544 0.192136
v -9.699470 3.775368 0.191280
v -9.698439 3.775618 0.191020
v -9.697403 3.775760 0.190872
v -9.696364 3.775793 0.190838
v -9.695326 3.775716 0.190918
v -9.694291 3.775531 0.191110
v -9.697995 3.719598 0.217100
v -9.702639 3.719995 0.217951
v -9.706907 3.720863 0.219814
v -9.710536 3.722150 0.222574
v -9.713302 3.723776 0.226060
v -9.715033 3.725640 0.230057
v -9.715622 3.709742 0.298693
v -9.713837 3.722495 0.289143
v -9.711685 3.728112 0.284937
v -9.708817 3.732858 0.281383
v -9.705368 3.736508 0.278650
v -9.703476 3.737866 0.277633
v -9.701502 3.738889 0.276866
v -9.699470 3.739566 0.276360
v -9.697403 3.739889 0.276118
v -9.695326 3.739853 0.276145
v -9.697995 3.751498 0.248439
v -9.702639 3.750633 0.248075
v -9.706907 3.748738 0.247278
v -9.710536 3.745931 0.246097
v -9.713302 3.742386 0.244605
v -9.715033 3.738321 0.242895
v -9.715622 3.778679 0.290871
v -9.713837 3.804510 0.279838
v -9.711685 3.815888 0.274978
v -9.708817 3.825501 0.270872
v -9.705368 3.832895 0.267714
v -9.703476 3.835645 0.266539
v -9.701502 3.837718 0.265653
v -9.699470 3.839089 0.265068
v -9.698439 3.839506 0.264890
v -9.697403 3.839742 0.264789
v -9.696364 3.839797 0.264765
v -9.695326 3.839670 0.264820
v -9.694291 3.839361 0.264952
v -9.697995 3.773701 0.272317
v -9.702639 3.773807 0.273250
v -9.706907 3.774039 0.275292
v -9.710536 3.774382 0.278318
v -9.713302 3.774816 0.282140
v -9.715033 3.775313 0.286522
v -9.715622 3.734345 0.327789
v -9.713837 3.766058 0.311857
v -9.711685 3.780027 0.304840
v -9.708817 3.791830 0.298911
v -9.705368 3.800907 0.294350
v -9.703476 3.804284 0.292654
v -9.701502 3.806829 0.291375
v -9.700492 3.807780 0.290898
v -9.699470 3.808513 0.290530
v -9.698439 3.809025 0.290272
v -9.697403 3.809315 0.290127
v -9.696364 3.809382 0.290093
v -9.695326 3.809225 0.290171
v -9.694291 3.808846 0.290362
v -9.715033 3.783984 0.292571
v -9.713302 3.786806 0.295960
v -9.710536 3.789267 0.298915
v -9.715622 3.822650 0.306488
v -9.713837 3.847513 0.292208
v -9.711685 3.858464 0.285919
v -9.708817 3.867718 0.280604
v -9.705368 3.874834 0.276517
v -9.703476 3.877482 0.274997
v -9.701502 3.879477 0.273851
v -9.699470 3.880797 0.273092
v -9.698439 3.881198 0.272862
v -9.697403 3.881426 0.272731
v -9.696364 3.881478 0.272701
v -9.695326 3.881356 0.272772
v -9.694291 3.881059 0.272942
v -9.706907 3.806392 0.293948
v -9.713302 3.808008 0.300647
v -9.710536 3.807106 0.296908
v -9.715033 3.809043 0.304934
v -9.697995 3.822209 0.334381
v -9.702639 3.821532 0.333731
v -9.706907 3.820049 0.332308
v -9.710536 3.817852 0.330199
v -9.713302 3.815077 0.327536
v -9.715033 3.811895 0.324482
v -9.710189 3.863663 0.532856
v -9.706588 3.865659 0.530776
v -9.702400 3.866997 0.529382
v -9.697870 3.867599 0.528755
vt 0.061306 0.013299 0.000000
vt 0.000328 0.013299 0.000000
vt 0.060294 0.011637 0.000000
vt -0.000014 0.011124 0.000000
vt 0.058888 0.009975 0.000000
vt -0.000519 0.008949 0.000000
vt 0.054940 0.006650 0.000000
vt -0.001989 0.004599 0.000000
vt 0.049581 0.003325 0.000000
vt -0.004006 0.000248 0.000000
vt 0.042975 0.000000 0.000000
vt -0.006465 -0.004102 0.000000
vt 0.026854 -0.006650 0.000000
vt -0.002176 -0.008701 0.000000
vt 0.008522 -0.013299 0.000000
vt 0.002379 -0.013299 0.000000
vt -0.026165 -0.013299 0.000000
vt -0.025610 -0.012874 0.000000
vt -0.033876 -0.013299 0.000000
vt -0.052208 -0.006650 0.000000
vt -0.017624 -0.006330 0.000000
vt -0.014196 -0.003059 0.000000
vt -0.068328 -0.000000 0.000000
vt -0.011282 0.000213 0.000000
vt -0.074935 0.003325 0.000000
vt -0.008969 0.003485 0.000000
vt -0.080293 0.006650 0.000000
vt -0.007324 0.006756 0.000000
vt -0.006768 0.008392 0.000000
vt -0.084242 0.009975 0.000000
vt -0.006396 0.010028 0.000000
vt -0.085648 0.011637 0.000000
vt -0.006211 0.011664 0.000000
vt -0.086660 0.013299 0.000000
vt -0.006213 0.013299 0.000000
vt -0.034493 -0.010361 0.000000
vt -0.004475 -0.004446 0.000000
vt -0.058099 -0.007500 0.000000
vt -0.042761 -0.002300 0.000000
vt 0.009062 -0.001488 0.000000
vt 0.021175 0.001469 0.000000
vt -0.029943 0.002899 0.000000
vt 0.031572 0.004427 0.000000
vt -0.020592 0.008099 0.000000
vt 0.040003 0.007384 0.000000
vt 0.046266 0.010342 0.000000
vt -0.017445 0.010699 0.000000
vt 0.048535 0.011821 0.000000
vt -0.016283 0.011999 0.000000
vt -0.015402 0.013299 0.000000
vt 0.050209 0.013299 0.000000
vt -0.053169 0.015985 0.000000
vt 0.007810 0.015985 0.000000
vt -0.034761 0.170736 0.000000
vt 0.083417 0.170736 0.000000
vt -0.000940 0.015985 0.000000
vt -0.010041 0.170736 0.000000
vt -0.081387 0.015985 0.000000
vt -0.156994 0.170736 0.000000
vt 0.025640 -0.002653 0.000000
vt -0.030115 -0.004433 0.000000
vt 0.018915 -0.004102 0.000000
vt -0.023596 -0.006650 0.000000
vt 0.014625 -0.008701 0.000000
vt 0.004524 -0.013299 0.000000
vt 0.010071 -0.013299 0.000000
vt -0.030115 0.000000 0.000000
vt -0.000960 0.001335 0.000000
vt -0.012486 0.003329 0.000000
vt -0.030115 0.004433 0.000000
vt -0.022657 0.005323 0.000000
vt -0.031362 0.007317 0.000000
vt -0.071694 0.006650 0.000000
vt -0.038505 0.009311 0.000000
vt -0.079845 0.009975 0.000000
vt -0.044008 0.011305 0.000000
vt -0.085871 0.013299 0.000000
vt -0.047810 0.013299 0.000000
vt -0.061666 0.003325 0.000000
vt -0.050066 0.000000 0.000000
vt -0.073367 -0.005222 0.000000
vt -0.001538 -0.004433 0.000000
vt -0.074073 -0.002653 0.000000
vt -0.001538 -0.000000 0.000000
vt -0.047473 0.001335 0.000000
vt -0.035946 0.003329 0.000000
vt -0.001538 0.004433 0.000000
vt -0.025775 0.005323 0.000000
vt -0.017071 0.007317 0.000000
vt 0.063737 0.006650 0.000000
vt -0.001538 0.008866 0.000000
vt 0.068239 0.009975 0.000000
vt -0.004425 0.011305 0.000000
vt 0.069842 0.011637 0.000000
vt -0.000623 0.013299 0.000000
vt 0.070996 0.013299 0.000000
vt -0.048230 -0.007500 0.000000
vt -0.072617 -0.007792 0.000000
vt -0.071837 -0.010361 0.000000
vt -0.001538 -0.008866 0.000000
vt -0.047409 -0.009433 0.000000
vt -0.046569 -0.011366 0.000000
vt -0.045721 -0.013299 0.000000
vt 0.010808 -0.013299 0.000000
vt 0.031712 -0.006650 0.000000
vt 0.050093 -0.000000 0.000000
vt 0.057626 0.003325 0.000000
vt -0.009928 0.009311 0.000000
vt -0.109719 0.013299 0.000000
vt -0.108565 0.011637 0.000000
vt -0.031734 0.013299 0.000000
vt -0.031145 0.009975 0.000000
vt -0.106961 0.009975 0.000000
vt -0.102459 0.006650 0.000000
vt -0.030184 0.006650 0.000000
vt -0.096349 0.003325 0.000000
vt -0.028879 0.003325 0.000000
vt -0.088816 -0.000000 0.000000
vt -0.027271 -0.000000 0.000000
vt -0.025407 -0.003325 0.000000
vt -0.070434 -0.006650 0.000000
vt -0.023346 -0.006650 0.000000
vt -0.021149 -0.009975 0.000000
vt -0.049531 -0.013299 0.000000
vt -0.018883 -0.013299 0.000000
vt 0.050501 0.013299 0.000000
vt -0.033300 0.013299 0.000000
vt 0.049271 0.011637 0.000000
vt -0.033889 0.009975 0.000000
vt 0.047563 0.009975 0.000000
vt 0.042766 0.006650 0.000000
vt -0.034850 0.006650 0.000000
vt 0.036256 0.003325 0.000000
vt -0.036155 0.003325 0.000000
vt 0.028230 0.000000 0.000000
vt -0.037763 0.000000 0.000000
vt -0.039627 -0.003325 0.000000
vt 0.008646 -0.006650 0.000000
vt -0.041688 -0.006650 0.000000
vt -0.043885 -0.009975 0.000000
vt -0.046151 -0.013299 0.000000
vt -0.013625 -0.013299 0.000000
vt -0.047942 -0.013299 0.000000
vt 0.013884 -0.013299 0.000000
vt -0.044226 -0.008866 0.000000
vt 0.018940 -0.008054 0.000000
vt -0.044226 -0.004433 0.000000
vt 0.023616 -0.002808 0.000000
vt -0.044226 -0.000000 0.000000
vt 0.009945 0.001219 0.000000
vt -0.044226 0.004433 0.000000
vt -0.001211 0.005246 0.000000
vt -0.044226 0.008866 0.000000
vt -0.009357 0.009273 0.000000
vt -0.012182 0.011286 0.000000
vt -0.110838 0.011637 0.000000
vt -0.014130 0.013299 0.000000
vt -0.112068 0.013299 0.000000
vt -0.109130 0.009975 0.000000
vt -0.104333 0.006650 0.000000
vt -0.097823 0.003325 0.000000
vt -0.089797 -0.000000 0.000000
vt -0.070213 -0.006650 0.000000
vt 0.042727 0.013299 0.000000
vt -0.022680 0.013299 0.000000
vt 0.041525 0.011637 0.000000
vt -0.024628 0.011286 0.000000
vt 0.039854 0.009975 0.000000
vt -0.027453 0.009273 0.000000
vt 0.035163 0.006650 0.000000
vt -0.035599 0.005246 0.000000
vt 0.028797 0.003325 0.000000
vt -0.046755 0.001219 0.000000
vt 0.020949 0.000000 0.000000
vt -0.060425 -0.002808 0.000000
vt 0.001797 -0.006650 0.000000
vt -0.052517 -0.008054 0.000000
vt -0.019981 -0.013299 0.000000
vt -0.043964 -0.013299 0.000000
vt 0.017657 -0.013299 0.000000
vt 0.019263 -0.011845 0.000000
vt -0.003704 -0.013299 0.000000
vt -0.025482 -0.006650 0.000000
vt 0.008886 -0.005559 0.000000
vt -0.044633 -0.000000 0.000000
vt -0.000102 0.000727 0.000000
vt -0.052482 0.003325 0.000000
vt -0.003764 0.003870 0.000000
vt -0.058848 0.006650 0.000000
vt -0.006734 0.007013 0.000000
vt -0.063539 0.009975 0.000000
vt -0.008930 0.010156 0.000000
vt -0.065209 0.011637 0.000000
vt -0.009718 0.011728 0.000000
vt -0.066411 0.013299 0.000000
vt -0.010293 0.013299 0.000000
vt 0.054435 0.013299 0.000000
vt -0.014020 0.013299 0.000000
vt 0.053503 0.011637 0.000000
vt -0.014594 0.011728 0.000000
vt -0.015383 0.010156 0.000000
vt 0.052207 0.009975 0.000000
vt -0.017578 0.007013 0.000000
vt 0.048568 0.006650 0.000000
vt -0.020548 0.003870 0.000000
vt 0.043629 0.003325 0.000000
vt -0.024210 0.000727 0.000000
vt 0.037541 0.000000 0.000000
vt -0.033199 -0.005559 0.000000
vt 0.022684 -0.006650 0.000000
vt -0.043575 -0.011845 0.000000
vt 0.005789 -0.013299 0.000000
vt -0.038966 -0.013299 0.000000
vt 0.005979 -0.013299 0.000000
vt 0.006793 -0.012279 0.000000
vt -0.020351 -0.013299 0.000000
vt -0.037245 -0.006650 0.000000
vt 0.001471 -0.005885 0.000000
vt -0.000966 -0.002687 0.000000
vt -0.052102 -0.000000 0.000000
vt -0.003160 0.000510 0.000000
vt -0.058190 0.003325 0.000000
vt -0.005050 0.003707 0.000000
vt -0.063129 0.006650 0.000000
vt -0.006582 0.006905 0.000000
vt -0.066768 0.009975 0.000000
vt -0.007714 0.010102 0.000000
vt -0.068064 0.011637 0.000000
vt -0.008413 0.013299 0.000000
vt -0.068997 0.013299 0.000000
vt -0.039871 0.001167 0.000000
vt -0.058511 0.001280 0.000000
vt -0.068735 -0.000000 0.000000
vt -0.068735 0.000005 0.000000
vt -0.069435 -0.000000 0.000000
vt -0.012794 0.004526 0.000000
vt -0.044414 0.009766 0.000000
vt -0.046848 0.007035 0.000000
vt -0.050075 0.004665 0.000000
vt -0.000966 0.006910 0.000000
vt -0.042189 0.015985 0.000000
vt -0.042402 0.014363 0.000000
vt -0.042846 0.012779 0.000000
vt 0.009230 0.009672 0.000000
vt 0.017483 0.012728 0.000000
vt 0.023544 0.015985 0.000000
vt 0.251479 0.170736 0.000000
vt -0.033088 0.170736 0.000000
vt -0.043518 0.011242 0.000000
vt -0.054001 0.002728 0.000000
vt -0.023544 0.015985 0.000000
vt -0.138730 0.094187 0.000000
vt -0.061605 0.015985 0.000000
vt -0.289540 0.170736 0.000000
vt -0.141215 0.170736 0.000000
vt -0.062714 0.015985 0.000000
vt 0.008905 0.015985 0.000000
vt 0.052472 0.094187 0.000000
vt -0.001901 0.015985 0.000000
vt -0.020309 0.170736 0.000000
vt -0.079886 0.015985 0.000000
vt -0.123453 0.094187 0.000000
vt -0.120968 0.170736 0.000000
vt -0.074313 0.015985 0.000000
vt 0.009488 0.015985 0.000000
vt -0.055905 0.170736 0.000000
vt 0.101340 0.170736 0.000000
vt -0.011917 0.015985 0.000000
vt -0.127291 0.170736 0.000000
vt -0.109856 0.015985 0.000000
vt -0.201708 0.170736 0.000000
vt -0.056129 0.015985 0.000000
vt 0.009278 0.015985 0.000000
vt 0.059245 0.170736 0.000000
vt 0.099099 0.170736 0.000000
vt -0.004740 0.015985 0.000000
vt -0.050629 0.170736 0.000000
vt -0.060859 0.015985 0.000000
vt -0.150680 0.170736 0.000000
vt -0.061258 0.015985 0.000000
vt 0.007197 0.015985 0.000000
vt -0.015369 0.170736 0.000000
vt 0.076877 0.170736 0.000000
vt 0.049855 0.026385 0.000000
vt 0.019804 -0.006781 0.000000
vt 0.049855 0.000055 0.000000
vt 0.006956 0.012093 0.000000
vt 0.000836 -0.011096 0.000000
vt 0.013744 -0.008160 0.000000
vt -0.079363 0.013362 0.000000
vt -0.032845 -0.018758 0.000000
vt -0.048715 0.013362 0.000000
vt -0.024705 -0.016906 0.000000
vt -0.036965 0.043692 0.000000
vt -0.035641 -0.052703 0.000000
vt -0.033421 -0.046974 0.000000
vt -0.038018 -0.045368 0.000000
vt -0.038593 -0.044970 0.000000
vt -0.002379 0.015985 0.000000
vt -0.025413 0.170736 0.000000
vt -0.062962 0.015985 0.000000
vt -0.132642 0.170736 0.000000
vt -0.033647 0.013299 0.000000
vt -0.034495 0.011366 0.000000
vt -0.025299 0.013299 0.000000
vt -0.020242 0.008054 0.000000
vt -0.035334 0.009433 0.000000
vt -0.036156 0.007500 0.000000
vt -0.015567 0.002808 0.000000
vt -0.020818 0.002300 0.000000
vt 0.054385 -0.000000 0.000000
vt -0.008000 -0.002899 0.000000
vt 0.054385 -0.004433 0.000000
vt 0.001351 -0.008099 0.000000
vt 0.054385 -0.008866 0.000000
vt 0.004498 -0.010699 0.000000
vt 0.143128 -0.011701 0.000000
vt 0.005660 -0.011999 0.000000
vt 0.144927 -0.013299 0.000000
vt 0.006541 -0.013299 0.000000
vt 0.140650 -0.010102 0.000000
vt 0.133732 -0.006905 0.000000
vt 0.124366 -0.003707 0.000000
vt 0.112815 -0.000510 0.000000
vt 0.099404 0.002687 0.000000
vt 0.054385 0.004433 0.000000
vt 0.084511 0.005885 0.000000
vt -0.007659 0.008054 0.000000
vt 0.054385 0.008866 0.000000
vt 0.015738 0.011845 0.000000
vt 0.051979 0.012279 0.000000
vt 0.020346 0.013299 0.000000
vt 0.051165 0.013299 0.000000
vt 0.014132 0.013299 0.000000
vt 0.000894 0.013299 0.000000
vt -0.014007 -0.012279 0.000000
vt 0.018525 -0.005885 0.000000
vt -0.008684 -0.005885 0.000000
vt -0.006248 -0.002687 0.000000
vt 0.033419 -0.002687 0.000000
vt -0.004054 0.000510 0.000000
vt 0.046829 0.000510 0.000000
vt -0.002164 0.003707 0.000000
vt 0.058380 0.003707 0.000000
vt -0.000631 0.006905 0.000000
vt 0.067746 0.006905 0.000000
vt 0.000500 0.010102 0.000000
vt 0.074665 0.010102 0.000000
vt 0.077143 0.011701 0.000000
vt 0.078941 0.013299 0.000000
vt 0.001200 0.013299 0.000000
vt -0.009081 0.015985 0.000000
vt -0.096997 0.170736 0.000000
vt -0.147467 0.015985 0.000000
vt -0.288256 0.170736 0.000000
vt -0.050763 0.015985 0.000000
vt 0.014849 0.015985 0.000000
vt 0.037153 0.170736 0.000000
vt 0.158599 0.170736 0.000000
vt -0.080228 0.013299 0.000000
vt -0.078553 0.011821 0.000000
vt 0.006643 0.013299 0.000000
vt 0.006985 0.011124 0.000000
vt -0.076284 0.010342 0.000000
vt 0.007489 0.008949 0.000000
vt -0.070022 0.007384 0.000000
vt 0.008959 0.004599 0.000000
vt -0.061591 0.004427 0.000000
vt -0.051194 0.001469 0.000000
vt 0.010976 0.000248 0.000000
vt -0.039081 -0.001488 0.000000
vt 0.006710 -0.002653 0.000000
vt -0.025544 -0.004446 0.000000
vt 0.006005 -0.005222 0.000000
vt 0.005255 -0.007792 0.000000
vt 0.004474 -0.010361 0.000000
vt 0.013436 -0.004102 0.000000
vt -0.001901 0.015985 0.000000
vt -0.020309 0.170736 0.000000
vt -0.088772 0.015985 0.000000
vt -0.232522 0.170736 0.000000
vt -0.154143 0.015744 0.000000
vt -0.095717 0.011874 0.000000
vt -0.151320 0.016624 0.000000
vt -0.040115 0.012468 0.000000
vt -0.037290 0.016624 0.000000
vt -0.153293 0.011120 0.000000
vt -0.095717 0.007125 0.000000
vt -0.042805 0.008312 0.000000
vt -0.045234 0.004156 0.000000
vt -0.095717 0.002375 0.000000
vt -0.047287 0.000000 0.000000
vt -0.095717 -0.002375 0.000000
vt -0.048865 -0.004156 0.000000
vt -0.095717 -0.007125 0.000000
vt -0.049895 -0.008312 0.000000
vt -0.095717 -0.011874 0.000000
vt -0.050327 -0.012468 0.000000
vt -0.050312 -0.014546 0.000000
vt -0.150755 -0.012000 0.000000
vt -0.150800 -0.016624 0.000000
vt -0.152502 0.006496 0.000000
vt -0.151817 0.001872 0.000000
vt -0.151278 -0.002752 0.000000
vt -0.150917 -0.007376 0.000000
vt -0.050142 -0.016624 0.000000
vt 0.134460 0.016624 0.000000
vt -0.001971 0.016624 0.000000
vt 0.137282 0.015744 0.000000
vt 0.095818 0.011874 0.000000
vt 0.171140 0.011698 0.000000
vt 0.095818 0.007125 0.000000
vt 0.193606 0.007125 0.000000
vt 0.193606 0.002375 0.000000
vt 0.231847 0.003606 0.000000
vt 0.255967 -0.000440 0.000000
vt 0.193606 -0.002375 0.000000
vt 0.265960 -0.002463 0.000000
vt 0.274419 -0.004486 0.000000
vt 0.193606 -0.007125 0.000000
vt 0.281248 -0.006509 0.000000
vt 0.286372 -0.008532 0.000000
vt 0.193606 -0.011874 0.000000
vt 0.289731 -0.010555 0.000000
vt 0.290737 -0.011567 0.000000
vt 0.291070 -0.012072 0.000000
vt 0.291289 -0.012578 0.000000
vt 0.291395 -0.013084 0.000000
vt 0.291386 -0.013590 0.000000
vt 0.291264 -0.014095 0.000000
vt 0.288950 -0.016624 0.000000
vt 0.291028 -0.014601 0.000000
vt 0.290678 -0.015107 0.000000
vt 0.290215 -0.015613 0.000000
vt -0.000379 0.011874 0.000000
vt 0.001115 0.007125 0.000000
vt 0.002417 0.002375 0.000000
vt 0.095818 0.002375 0.000000
vt 0.003449 -0.002375 0.000000
vt 0.095818 -0.002375 0.000000
vt 0.004145 -0.007125 0.000000
vt 0.095818 -0.007125 0.000000
vt 0.004463 -0.011874 0.000000
vt 0.095818 -0.011874 0.000000
vt 0.004383 -0.016624 0.000000
vt 0.203141 0.007652 0.000000
vt -0.162267 -0.016624 0.000000
vt -0.015314 -0.016624 0.000000
vt -0.162696 -0.015585 0.000000
vt -0.162966 -0.014546 0.000000
vt -0.086019 -0.011874 0.000000
vt -0.163078 -0.013507 0.000000
vt -0.163030 -0.012468 0.000000
vt -0.162823 -0.011429 0.000000
vt -0.162457 -0.010390 0.000000
vt -0.086019 -0.007125 0.000000
vt -0.161255 -0.008312 0.000000
vt -0.159437 -0.006234 0.000000
vt -0.157025 -0.004156 0.000000
vt -0.086019 -0.002375 0.000000
vt -0.150541 -0.000000 0.000000
vt -0.086019 0.002375 0.000000
vt -0.142111 0.004156 0.000000
vt -0.086019 0.007125 0.000000
vt -0.132134 0.008312 0.000000
vt -0.086019 0.011874 0.000000
vt -0.109483 0.016624 0.000000
vt -0.008960 0.016624 0.000000
vt -0.010552 0.011874 0.000000
vt -0.012046 0.007125 0.000000
vt -0.013348 0.002375 0.000000
vt -0.014380 -0.002375 0.000000
vt -0.015076 -0.007125 0.000000
vt -0.015394 -0.011874 0.000000
vt 0.018735 -0.016624 0.000000
vt 0.136913 -0.016624 0.000000
vt 0.018906 -0.014546 0.000000
vt 0.071804 -0.011874 0.000000
vt 0.018921 -0.012468 0.000000
vt 0.018489 -0.008312 0.000000
vt 0.071804 -0.007125 0.000000
vt 0.017459 -0.004156 0.000000
vt 0.071804 -0.002375 0.000000
vt 0.015881 -0.000000 0.000000
vt 0.071804 0.002375 0.000000
vt 0.013828 0.004156 0.000000
vt 0.071804 0.007125 0.000000
vt 0.011399 0.008312 0.000000
vt 0.071804 0.011874 0.000000
vt 0.008709 0.012468 0.000000
vt 0.084129 0.016624 0.000000
vt 0.005884 0.016624 0.000000
vt 0.137342 -0.015585 0.000000
vt 0.137613 -0.014546 0.000000
vt 0.137724 -0.013507 0.000000
vt 0.137676 -0.012468 0.000000
vt 0.137469 -0.011429 0.000000
vt 0.137104 -0.010390 0.000000
vt 0.135901 -0.008312 0.000000
vt 0.134083 -0.006234 0.000000
vt 0.131671 -0.004156 0.000000
vt 0.125188 -0.000000 0.000000
vt 0.116758 0.004156 0.000000
vt 0.106781 0.008312 0.000000
vt -0.223978 -0.016624 0.000000
vt -0.011765 -0.016624 0.000000
vt -0.224794 -0.015585 0.000000
vt -0.011935 -0.014546 0.000000
vt -0.225308 -0.014546 0.000000
vt -0.225452 -0.014027 0.000000
vt -0.225521 -0.013507 0.000000
vt -0.225513 -0.012988 0.000000
vt -0.149985 -0.011874 0.000000
vt -0.225430 -0.012468 0.000000
vt -0.225036 -0.011429 0.000000
vt -0.224341 -0.010390 0.000000
vt -0.223346 -0.009351 0.000000
vt -0.149985 -0.007125 0.000000
vt -0.222054 -0.008312 0.000000
vt -0.214012 -0.004156 0.000000
vt -0.149985 -0.002375 0.000000
vt -0.201685 -0.000000 0.000000
vt -0.149985 0.002375 0.000000
vt -0.185657 0.004156 0.000000
vt -0.149985 0.007125 0.000000
vt -0.166688 0.008312 0.000000
vt -0.074449 0.007125 0.000000
vt -0.074449 0.011874 0.000000
vt -0.004429 0.008312 0.000000
vt -0.001738 0.012468 0.000000
vt -0.074449 -0.011874 0.000000
vt -0.011951 -0.012468 0.000000
vt -0.011519 -0.008312 0.000000
vt -0.074449 -0.007125 0.000000
vt -0.010489 -0.004156 0.000000
vt -0.074449 -0.002375 0.000000
vt -0.008910 0.000000 0.000000
vt -0.074449 0.002375 0.000000
vt -0.006858 0.004156 0.000000
vt 0.001086 0.016624 0.000000
vt -0.123620 0.016624 0.000000
vt -0.145677 0.012468 0.000000
vt 0.072514 -0.016624 0.000000
vt 0.193960 -0.016624 0.000000
vt 0.073012 -0.015585 0.000000
vt 0.194775 -0.015585 0.000000
vt 0.073327 -0.014546 0.000000
vt 0.195290 -0.014546 0.000000
vt 0.195434 -0.014027 0.000000
vt 0.103319 -0.011874 0.000000
vt 0.195502 -0.013507 0.000000
vt 0.195494 -0.012988 0.000000
vt 0.195411 -0.012468 0.000000
vt 0.195017 -0.011429 0.000000
vt 0.194322 -0.010390 0.000000
vt 0.193327 -0.009351 0.000000
vt 0.103319 -0.007125 0.000000
vt 0.072735 -0.010390 0.000000
vt 0.071337 -0.008312 0.000000
vt 0.069223 -0.006234 0.000000
vt 0.066418 -0.004156 0.000000
vt 0.103319 -0.002375 0.000000
vt 0.058879 -0.000000 0.000000
vt 0.103319 0.002375 0.000000
vt 0.049077 0.004156 0.000000
vt 0.103319 0.007125 0.000000
vt 0.037476 0.008312 0.000000
vt 0.103319 0.011874 0.000000
vt 0.011136 0.016624 0.000000
vt 0.093602 0.016624 0.000000
vt 0.115658 0.012468 0.000000
vt 0.136669 0.008312 0.000000
vt 0.155638 0.004156 0.000000
vt 0.171666 -0.000000 0.000000
vt 0.183994 -0.004156 0.000000
vt 0.192035 -0.008312 0.000000
vt 0.073160 -0.011429 0.000000
vt 0.073401 -0.012468 0.000000
vt 0.073457 -0.013507 0.000000
vt -0.094456 -0.016624 0.000000
vt -0.094955 -0.015585 0.000000
vt -0.285716 -0.016624 0.000000
vt -0.286515 -0.015585 0.000000
vt -0.095270 -0.014546 0.000000
vt -0.287018 -0.014546 0.000000
vt -0.287159 -0.014027 0.000000
vt -0.095400 -0.013507 0.000000
vt -0.287226 -0.013507 0.000000
vt -0.287219 -0.012988 0.000000
vt -0.287137 -0.012468 0.000000
vt -0.202511 -0.011874 0.000000
vt -0.286752 -0.011429 0.000000
vt -0.286071 -0.010390 0.000000
vt -0.285096 -0.009351 0.000000
vt -0.202511 -0.007125 0.000000
vt -0.283831 -0.008312 0.000000
vt -0.280446 -0.006234 0.000000
vt -0.275955 -0.004156 0.000000
vt -0.202511 -0.002375 0.000000
vt -0.263882 -0.000000 0.000000
vt -0.202511 0.002375 0.000000
vt -0.248184 0.004156 0.000000
vt -0.202511 0.007125 0.000000
vt -0.229606 0.008312 0.000000
vt -0.202511 0.011874 0.000000
vt -0.209027 0.012468 0.000000
vt -0.117795 0.011874 0.000000
vt -0.187425 0.016624 0.000000
vt -0.033079 0.016624 0.000000
vt -0.059418 0.008312 0.000000
vt -0.117795 0.007125 0.000000
vt -0.071020 0.004156 0.000000
vt -0.117795 0.002375 0.000000
vt -0.080822 -0.000000 0.000000
vt -0.117795 -0.002375 0.000000
vt -0.088361 -0.004156 0.000000
vt -0.117795 -0.007125 0.000000
vt -0.091166 -0.006234 0.000000
vt -0.093280 -0.008312 0.000000
vt -0.094678 -0.010390 0.000000
vt -0.117795 -0.011874 0.000000
vt -0.095103 -0.011429 0.000000
vt -0.095344 -0.012468 0.000000
vt 0.024234 -0.016624 0.000000
vt 0.219730 -0.016624 0.000000
vt 0.024447 -0.014546 0.000000
vt 0.114697 -0.011874 0.000000
vt 0.024466 -0.012468 0.000000
vt 0.024292 -0.010390 0.000000
vt 0.114697 -0.007125 0.000000
vt 0.023925 -0.008312 0.000000
vt 0.022637 -0.004156 0.000000
vt 0.114697 -0.002375 0.000000
vt 0.020662 0.000000 0.000000
vt 0.114697 0.002375 0.000000
vt 0.018093 0.004156 0.000000
vt 0.114697 0.007125 0.000000
vt 0.015054 0.008312 0.000000
vt 0.114697 0.011874 0.000000
vt 0.011687 0.012468 0.000000
vt 0.008153 0.016624 0.000000
vt 0.143042 0.012468 0.000000
vt 0.121440 0.016624 0.000000
vt 0.220529 -0.015585 0.000000
vt 0.221033 -0.014546 0.000000
vt 0.221174 -0.014027 0.000000
vt 0.221241 -0.013507 0.000000
vt 0.221233 -0.012988 0.000000
vt 0.221152 -0.012468 0.000000
vt 0.220766 -0.011429 0.000000
vt 0.220085 -0.010390 0.000000
vt 0.219111 -0.009351 0.000000
vt 0.217846 -0.008312 0.000000
vt 0.214461 -0.006234 0.000000
vt 0.209970 -0.004156 0.000000
vt 0.197896 -0.000000 0.000000
vt 0.182198 0.004156 0.000000
vt 0.163620 0.008312 0.000000
vt -0.138676 -0.016624 0.000000
vt -0.031447 -0.016624 0.000000
vt -0.139071 -0.015585 0.000000
vt -0.031660 -0.014546 0.000000
vt -0.139320 -0.014546 0.000000
vt -0.139423 -0.013507 0.000000
vt -0.077395 -0.011874 0.000000
vt -0.139379 -0.012468 0.000000
vt -0.139188 -0.011429 0.000000
vt -0.138851 -0.010390 0.000000
vt -0.077395 -0.007125 0.000000
vt -0.137743 -0.008312 0.000000
vt -0.136068 -0.006234 0.000000
vt -0.133845 -0.004156 0.000000
vt -0.077395 -0.002375 0.000000
vt -0.127870 -0.000000 0.000000
vt -0.077395 0.002375 0.000000
vt -0.120100 0.004156 0.000000
vt -0.077395 0.007125 0.000000
vt -0.110906 0.008312 0.000000
vt -0.077395 0.011874 0.000000
vt -0.090030 0.016624 0.000000
vt -0.018901 0.012468 0.000000
vt -0.015366 0.016624 0.000000
vt -0.031680 -0.012468 0.000000
vt -0.031505 -0.010390 0.000000
vt -0.031139 -0.008312 0.000000
vt -0.029850 -0.004156 0.000000
vt -0.027875 0.000000 0.000000
vt -0.025307 0.004156 0.000000
vt -0.022267 0.008312 0.000000
vt 0.124115 -0.016624 0.000000
vt 0.124510 -0.015585 0.000000
vt 0.031869 -0.016624 0.000000
vt 0.032294 -0.014546 0.000000
vt 0.124759 -0.014546 0.000000
vt 0.062347 -0.011874 0.000000
vt 0.124862 -0.013507 0.000000
vt 0.124818 -0.012468 0.000000
vt 0.124627 -0.011429 0.000000
vt 0.124290 -0.010390 0.000000
vt 0.062347 -0.007125 0.000000
vt 0.123182 -0.008312 0.000000
vt 0.121506 -0.006234 0.000000
vt 0.119284 -0.004156 0.000000
vt 0.062347 -0.002375 0.000000
vt 0.028688 -0.004156 0.000000
vt 0.024753 -0.000000 0.000000
vt 0.062347 0.002375 0.000000
vt 0.019636 0.004156 0.000000
vt 0.062347 0.007125 0.000000
vt 0.013581 0.008312 0.000000
vt 0.062347 0.011874 0.000000
vt -0.000168 0.016624 0.000000
vt 0.075469 0.016624 0.000000
vt 0.096344 0.008312 0.000000
vt 0.105539 0.004156 0.000000
vt 0.113308 -0.000000 0.000000
vt 0.030152 -0.006234 0.000000
vt 0.031255 -0.008312 0.000000
vt 0.031985 -0.010390 0.000000
vt 0.032333 -0.012468 0.000000
vt -0.156232 -0.016624 0.000000
vt -0.056182 -0.016624 0.000000
vt -0.156742 -0.015585 0.000000
vt -0.056606 -0.014546 0.000000
vt -0.157063 -0.014546 0.000000
vt -0.157196 -0.013507 0.000000
vt -0.090670 -0.011874 0.000000
vt -0.157139 -0.012468 0.000000
vt -0.156893 -0.011429 0.000000
vt -0.156458 -0.010390 0.000000
vt -0.155030 -0.008312 0.000000
vt -0.090670 -0.007125 0.000000
vt -0.152870 -0.006234 0.000000
vt -0.150005 -0.004156 0.000000
vt -0.090670 -0.002375 0.000000
vt -0.142302 -0.000000 0.000000
vt -0.090670 0.002375 0.000000
vt -0.132287 0.004156 0.000000
vt -0.090670 0.007125 0.000000
vt -0.120435 0.008312 0.000000
vt -0.090670 0.011874 0.000000
vt -0.093525 0.016624 0.000000
vt -0.024145 0.016624 0.000000
vt -0.037893 0.008312 0.000000
vt -0.043948 0.004156 0.000000
vt -0.049065 0.000000 0.000000
vt -0.053000 -0.004156 0.000000
vt -0.054464 -0.006234 0.000000
vt -0.055567 -0.008312 0.000000
vt -0.056297 -0.010390 0.000000
vt -0.056645 -0.012468 0.000000
vt 0.092694 -0.016624 0.000000
vt 0.132548 -0.016624 0.000000
vt 0.093348 -0.015585 0.000000
vt 0.133057 -0.015585 0.000000
vt 0.093761 -0.014546 0.000000
vt 0.133379 -0.014546 0.000000
vt 0.093931 -0.013507 0.000000
vt 0.133511 -0.013507 0.000000
vt 0.133455 -0.012468 0.000000
vt 0.093858 -0.012468 0.000000
vt 0.133209 -0.011429 0.000000
vt 0.093542 -0.011429 0.000000
vt 0.132774 -0.010390 0.000000
vt 0.092984 -0.010390 0.000000
vt 0.092186 -0.009351 0.000000
vt 0.131345 -0.008312 0.000000
vt 0.091149 -0.008312 0.000000
vt 0.129186 -0.006234 0.000000
vt 0.088375 -0.006234 0.000000
vt 0.126321 -0.004156 0.000000
vt 0.084695 -0.004156 0.000000
vt 0.118618 -0.000000 0.000000
vt 0.074801 -0.000000 0.000000
vt 0.072829 0.002375 0.000000
vt 0.061937 0.004156 0.000000
vt 0.108603 0.004156 0.000000
vt 0.072829 0.007125 0.000000
vt 0.096750 0.008312 0.000000
vt 0.072829 0.011874 0.000000
vt 0.069840 0.016624 0.000000
vt 0.012147 0.016624 0.000000
vt 0.046712 0.008312 0.000000
vt -0.129503 -0.016624 0.000000
vt -0.130158 -0.015585 0.000000
vt -0.203920 -0.016624 0.000000
vt -0.204441 -0.015585 0.000000
vt -0.130571 -0.014546 0.000000
vt -0.204770 -0.014546 0.000000
vt -0.130741 -0.013507 0.000000
vt -0.204906 -0.013507 0.000000
vt -0.204847 -0.012468 0.000000
vt -0.130668 -0.012468 0.000000
vt -0.204596 -0.011429 0.000000
vt -0.130352 -0.011429 0.000000
vt -0.204152 -0.010390 0.000000
vt -0.129794 -0.010390 0.000000
vt -0.128995 -0.009351 0.000000
vt -0.202691 -0.008312 0.000000
vt -0.127959 -0.008312 0.000000
vt -0.200482 -0.006234 0.000000
vt -0.125185 -0.006234 0.000000
vt -0.197552 -0.004156 0.000000
vt -0.121504 -0.004156 0.000000
vt -0.126931 -0.002375 0.000000
vt -0.111611 0.000000 0.000000
vt -0.189675 0.000000 0.000000
vt -0.126931 0.002375 0.000000
vt -0.179434 0.004156 0.000000
vt -0.126931 0.007125 0.000000
vt -0.167313 0.008312 0.000000
vt -0.126931 0.011874 0.000000
vt -0.139794 0.016624 0.000000
vt -0.048956 0.016624 0.000000
vt -0.083522 0.008312 0.000000
vt -0.098747 0.004156 0.000000
vt -0.014892 -0.016624 0.000000
vt 0.142353 -0.016624 0.000000
vt -0.014722 -0.014546 0.000000
vt 0.057797 -0.011874 0.000000
vt -0.014706 -0.012468 0.000000
vt -0.015139 -0.008312 0.000000
vt 0.057797 -0.007125 0.000000
vt -0.016169 -0.004156 0.000000
vt 0.057797 -0.002375 0.000000
vt -0.017747 -0.000000 0.000000
vt 0.057797 0.002375 0.000000
vt -0.019800 0.004156 0.000000
vt 0.057797 0.007125 0.000000
vt -0.022229 0.008312 0.000000
vt 0.057797 0.011874 0.000000
vt -0.024919 0.012468 0.000000
vt 0.078227 0.016624 0.000000
vt -0.027744 0.016624 0.000000
vt 0.142874 -0.015585 0.000000
vt 0.143203 -0.014546 0.000000
vt 0.143338 -0.013507 0.000000
vt 0.143280 -0.012468 0.000000
vt 0.143029 -0.011429 0.000000
vt 0.142584 -0.010390 0.000000
vt 0.141123 -0.008312 0.000000
vt 0.138915 -0.006234 0.000000
vt 0.135985 -0.004156 0.000000
vt 0.128108 -0.000000 0.000000
vt 0.117867 0.004156 0.000000
vt 0.105746 0.008312 0.000000
vt -0.063199 0.015985 0.000000
vt 0.014543 0.015985 0.000000
vt -0.040165 0.170736 0.000000
vt 0.155332 0.170736 0.000000
vt 0.181153 0.040234 0.000000
vt 0.067123 0.040234 0.000000
vt 0.068885 -0.037285 0.000000
vt 0.010827 0.050015 0.000000
vt -0.038180 -0.030160 0.000000
vt -0.025941 0.040014 0.000000
vt -0.076727 0.021401 0.000000
vt -0.076727 0.096064 0.000000
vt 0.028841 0.139049 0.000000
vt -0.003895 0.105798 0.000000
vt -0.188681 0.004076 0.000000
vt -0.115076 -0.059950 0.000000
vt 0.009630 -0.059950 0.000000
vt 0.037896 -0.132911 0.000000
vt -0.162138 0.015744 0.000000
vt -0.195996 0.011698 0.000000
vt -0.162988 0.011120 0.000000
vt -0.227997 0.007652 0.000000
vt -0.163779 0.006496 0.000000
vt -0.256702 0.003606 0.000000
vt -0.164464 0.001872 0.000000
vt -0.239194 0.001872 0.000000
vt -0.165003 -0.002752 0.000000
vt -0.239194 -0.002752 0.000000
vt -0.165364 -0.007376 0.000000
vt -0.239194 -0.007376 0.000000
vt -0.165526 -0.012000 0.000000
vt -0.239194 -0.012000 0.000000
vt -0.165481 -0.016624 0.000000
vt -0.316120 -0.014095 0.000000
vt -0.315884 -0.014601 0.000000
vt -0.280823 -0.000440 0.000000
vt -0.290816 -0.002463 0.000000
vt -0.299274 -0.004486 0.000000
vt -0.306104 -0.006509 0.000000
vt -0.311227 -0.008532 0.000000
vt -0.314587 -0.010555 0.000000
vt -0.315593 -0.011567 0.000000
vt -0.315926 -0.012072 0.000000
vt -0.316145 -0.012578 0.000000
vt -0.316250 -0.013084 0.000000
vt -0.316242 -0.013590 0.000000
vt -0.315534 -0.015107 0.000000
vt -0.315071 -0.015613 0.000000
vt -0.313806 -0.016624 0.000000
vn 0.173648 -0.710521 -0.681914
vn 0.173648 -0.710521 -0.681914
vn 0.258819 -0.696898 -0.668840
vn 0.284723 -0.691619 -0.663774
vn 0.342020 -0.677971 -0.650675
vn 0.392090 -0.663710 -0.636988
vn 0.500000 -0.624821 -0.599665
vn 0.590172 -0.582436 -0.558986
vn 0.642788 -0.552687 -0.530435
vn 0.757608 -0.470918 -0.451958
vn 0.766044 -0.463759 -0.445088
vn 0.885705 -0.334947 -0.321461
vn 0.939693 -0.246761 -0.236826
vn 0.971006 -0.172474 -0.165530
vn 1.000000 -0.000000 -0.000000
vn 1.000000 0.000000 0.000000
vn 1.000000 -0.000000 -0.000000
vn 0.999750 0.002741 0.022180
vn 0.939693 0.041945 0.339438
vn 0.933827 0.043871 0.355023
vn 0.858956 0.062797 0.508183
vn 0.766044 0.078830 0.637935
vn 0.758813 0.079875 0.646392
vn 0.642788 0.093946 0.760262
vn 0.636344 0.094604 0.765582
vn 0.500000 0.106208 0.859488
vn 0.495153 0.106549 0.862248
vn 0.418816 0.111364 0.901216
vn 0.342020 0.115242 0.932599
vn 0.339393 0.115359 0.933544
vn 0.258819 0.118459 0.958634
vn 0.257469 0.118504 0.958992
vn 0.173648 0.120775 0.977374
vn 0.173648 0.120775 0.977374
vn 0.988128 0.106382 -0.110845
vn 0.893933 0.310349 -0.323368
vn 0.954025 0.207542 -0.216248
vn 0.837900 0.377947 -0.393802
vn 0.813877 0.402330 -0.419208
vn 0.714243 0.484633 -0.504963
vn 0.659731 0.520365 -0.542195
vn 0.597428 0.555278 -0.578573
vn 0.432710 0.624252 -0.650439
vn 0.466241 0.612567 -0.638264
vn 0.323840 0.655120 -0.682602
vn 0.306025 0.659213 -0.686867
vn 0.249495 0.670536 -0.698665
vn 0.240396 0.672128 -0.700324
vn 0.173648 0.681914 -0.710521
vn 0.173648 0.681914 -0.710521
vn 0.173648 -0.710521 -0.681914
vn 0.173648 -0.710521 -0.681914
vn 0.173648 0.120775 0.977374
vn 0.173648 0.120775 0.977374
vn 0.847844 0.367160 -0.382563
vn 0.893633 0.310764 -0.323800
vn 0.885705 0.321461 -0.334947
vn 0.939693 0.236826 -0.246761
vn 0.971006 0.165530 -0.172474
vn 1.000000 0.000000 -0.000000
vn 0.766044 0.445088 -0.463759
vn 0.719139 0.481149 -0.501333
vn 0.642603 0.530542 -0.552799
vn 0.597159 0.555417 -0.578717
vn 0.559033 0.574128 -0.598213
vn 0.469344 0.611430 -0.637079
vn 0.500000 0.599665 -0.624821
vn 0.374517 0.642038 -0.668972
vn 0.342020 0.650675 -0.677971
vn 0.275591 0.665619 -0.693542
vn 0.173648 0.681914 -0.710521
vn 0.173648 0.681914 -0.710521
vn 0.642788 0.530435 -0.552687
vn 0.766044 0.445088 -0.463759
vn 0.911447 -0.208039 0.354943
vn 0.893633 -0.226942 0.387193
vn 0.847844 -0.268126 0.457459
vn 0.766044 -0.325035 0.554552
vn 0.719139 -0.351369 0.599482
vn 0.642603 -0.387439 0.661023
vn 0.597159 -0.405605 0.692016
vn 0.559033 -0.419269 0.715329
vn 0.469344 -0.446509 0.761804
vn 0.500000 -0.437918 0.747146
vn 0.396080 -0.464309 0.792173
vn 0.342020 -0.475169 0.810701
vn 0.275591 -0.486082 0.829321
vn 0.258819 -0.488434 0.833334
vn 0.173648 -0.497982 0.849624
vn 0.173648 -0.497982 0.849624
vn 0.954025 -0.151562 0.258585
vn 0.958493 -0.144173 0.245978
vn 0.988128 -0.077688 0.132546
vn 0.973045 -0.116614 0.198959
vn 0.979479 -0.101916 0.173882
vn 0.994856 -0.051221 0.087390
vn 1.000000 -0.000000 0.000000
vn 1.000000 0.000000 -0.000000
vn 0.939693 -0.172947 0.295071
vn 0.766044 -0.325035 0.554552
vn 0.642788 -0.387361 0.660890
vn 0.374517 -0.468862 0.799941
vn 0.173648 0.892539 -0.416198
vn 0.258819 0.875426 -0.408218
vn 0.173648 0.892539 -0.416198
vn 0.342020 0.851651 -0.397131
vn 0.342020 0.851651 -0.397131
vn 0.500000 0.784886 -0.365998
vn 0.500000 0.784886 -0.365998
vn 0.642788 0.694272 -0.323744
vn 0.642788 0.694272 -0.323744
vn 0.766044 0.582563 -0.271654
vn 0.766044 0.582563 -0.271654
vn 0.866025 0.453154 -0.211309
vn 0.939693 0.309976 -0.144544
vn 0.939693 0.309976 -0.144544
vn 0.984808 0.157379 -0.073387
vn 1.000000 -0.000000 0.000000
vn 0.173648 0.710521 0.681914
vn 0.173648 0.710521 0.681914
vn 0.258819 0.696898 0.668840
vn 0.342020 0.677971 0.650675
vn 0.342020 0.677971 0.650675
vn 0.500000 0.624821 0.599665
vn 0.500000 0.624821 0.599665
vn 0.642788 0.552687 0.530435
vn 0.642788 0.552687 0.530435
vn 0.766044 0.463759 0.445088
vn 0.766044 0.463759 0.445088
vn 0.866025 0.360741 0.346217
vn 0.939693 0.246761 0.236826
vn 0.939693 0.246761 0.236826
vn 0.984808 0.125284 0.120240
vn 1.000000 0.000000 0.000000
vn 1.000000 0.000000 0.000000
vn 0.973045 -0.054080 -0.224185
vn 0.962326 -0.063761 -0.264318
vn 0.893633 -0.105244 -0.436285
vn 0.852141 -0.122718 -0.508720
vn 0.766044 -0.150735 -0.624864
vn 0.723377 -0.161913 -0.671200
vn 0.597159 -0.188100 -0.779756
vn 0.562411 -0.193900 -0.803802
vn 0.396080 -0.215324 -0.892612
vn 0.376408 -0.217256 -0.900621
vn 0.276571 -0.225355 -0.934197
vn 0.258819 -0.226512 -0.938992
vn 0.173648 -0.230940 -0.957347
vn 0.173648 -0.230940 -0.957347
vn 0.342020 -0.220360 -0.913490
vn 0.500000 -0.203085 -0.841877
vn 0.642788 -0.179639 -0.744684
vn 0.766044 -0.150735 -0.624864
vn 0.939693 -0.080204 -0.332483
vn 0.173648 0.630185 0.756778
vn 0.173648 0.630185 0.756778
vn 0.258819 0.618103 0.742268
vn 0.276571 0.614946 0.738478
vn 0.342020 0.601316 0.722109
vn 0.376408 0.592844 0.711936
vn 0.500000 0.554176 0.665499
vn 0.562411 0.529112 0.635401
vn 0.642788 0.490197 0.588669
vn 0.723377 0.441826 0.530581
vn 0.766044 0.411324 0.493952
vn 0.852141 0.334871 0.402140
vn 0.939693 0.218861 0.262826
vn 0.962326 0.173990 0.208942
vn 1.000000 0.000000 0.000000
vn 1.000000 0.000000 0.000000
vn 1.000000 -0.000000 -0.000000
vn 0.997086 -0.008601 -0.075805
vn 0.939693 -0.038558 -0.339840
vn 0.918574 -0.044559 -0.392730
vn 0.766044 -0.072465 -0.638690
vn 0.740949 -0.075709 -0.667280
vn 0.642788 -0.086361 -0.761161
vn 0.620590 -0.088400 -0.779137
vn 0.500000 -0.097632 -0.860504
vn 0.483376 -0.098691 -0.869832
vn 0.342020 -0.105937 -0.933702
vn 0.333035 -0.106300 -0.936903
vn 0.258819 -0.108895 -0.959768
vn 0.254206 -0.109033 -0.960985
vn 0.173648 -0.111023 -0.978530
vn 0.173648 -0.111023 -0.978530
vn 0.173648 0.907717 0.381963
vn 0.173648 0.907717 0.381963
vn 0.258819 0.890313 0.374640
vn 0.254206 0.891442 0.375114
vn 0.333035 0.869103 0.365715
vn 0.342020 0.866134 0.364465
vn 0.483376 0.806886 0.339534
vn 0.500000 0.798233 0.335893
vn 0.620590 0.722753 0.304131
vn 0.642788 0.706079 0.297114
vn 0.740949 0.618992 0.260469
vn 0.766044 0.592470 0.249309
vn 0.918574 0.364310 0.153300
vn 0.939693 0.315247 0.132654
vn 0.997086 0.070319 0.029590
vn 1.000000 0.000000 0.000000
vn 1.000000 -0.000000 -0.000000
vn 1.000000 0.000000 0.000000
vn 0.998566 -0.022622 -0.048514
vn 0.939693 -0.144544 -0.309976
vn 0.925201 -0.160374 -0.343924
vn 0.848808 -0.223439 -0.479167
vn 0.766044 -0.271654 -0.582563
vn 0.748560 -0.280224 -0.600943
vn 0.642788 -0.323744 -0.694272
vn 0.627274 -0.329134 -0.705831
vn 0.500000 -0.365998 -0.784886
vn 0.488361 -0.368794 -0.790882
vn 0.342020 -0.397131 -0.851651
vn 0.335722 -0.398090 -0.853707
vn 0.258819 -0.408218 -0.875426
vn 0.173648 -0.416198 -0.892539
vn 0.173648 -0.416198 -0.892539
vn 0.173648 -0.497982 0.849624
vn 0.173648 -0.497982 0.849624
vn 0.173648 -0.497982 0.849624
vn 0.173648 -0.497982 0.849624
vn 0.173648 -0.497982 0.849624
vn 0.173648 -0.497982 0.849624
vn 0.173648 -0.497982 0.849624
vn 0.173648 -0.497982 0.849624
vn 0.173648 -0.497982 0.849624
vn 0.173648 -0.497982 0.849624
vn 0.173648 -0.497982 0.849624
vn 0.173648 -0.497982 0.849624
vn 0.173648 -0.497982 0.849624
vn 0.173648 -0.497982 0.849624
vn 0.173648 -0.497982 0.849624
vn 0.173648 -0.497982 0.849624
vn 0.173648 -0.497982 0.849624
vn 0.173648 -0.497982 0.849624
vn 0.173648 -0.497982 0.849624
vn 0.173648 -0.497982 0.849624
vn 0.173648 0.681914 -0.710521
vn 0.173648 0.681914 -0.710521
vn 0.173648 0.681914 -0.710521
vn 0.173648 -0.497982 0.849624
vn 0.173648 0.892539 -0.416198
vn 0.173648 0.892539 -0.416198
vn 0.173648 0.892539 -0.416198
vn 0.173648 0.710521 0.681914
vn 0.173648 0.710521 0.681914
vn 0.173648 -0.230940 -0.957347
vn 0.173648 -0.230940 -0.957347
vn 0.173648 0.630185 0.756778
vn 0.173648 0.630185 0.756778
vn 0.173648 -0.111023 -0.978530
vn 0.173648 -0.111023 -0.978530
vn 0.173648 0.907717 0.381963
vn 0.173648 0.907717 0.381963
vn 1.000000 -0.000000 -0.000000
vn 0.173648 -0.416198 -0.892539
vn 0.173648 -0.416198 -0.892539
vn 0.994856 -0.099013 0.021379
vn 0.962326 -0.265775 0.057387
vn 0.979479 -0.197008 0.042538
vn 0.954025 -0.292976 0.063260
vn 0.852141 -0.511523 0.110449
vn 0.837900 -0.533528 0.115201
vn 0.766044 -0.628308 0.135666
vn 0.659731 -0.734573 0.158611
vn 0.597159 -0.784054 0.169295
vn 0.432710 -0.881225 0.190276
vn 0.396080 -0.897532 0.193797
vn 0.306025 -0.930578 0.200932
vn 0.255584 -0.945008 0.204048
vn 0.240396 -0.948809 0.204869
vn 0.173648 -0.962623 0.207852
vn 0.173648 -0.962623 0.207852
vn 0.335722 -0.920742 0.198809
vn 0.488361 -0.852984 0.184178
vn 0.627274 -0.761255 0.164372
vn 0.748560 -0.648131 0.139946
vn 0.848808 -0.516792 0.111587
vn 0.893633 -0.438689 0.094723
vn 0.925201 -0.370930 0.080092
vn 0.962326 -0.265775 0.057387
vn 0.973045 -0.225421 0.048673
vn 0.997086 -0.074573 0.016102
vn 0.998566 -0.052324 0.011298
vn 1.000000 -0.000000 0.000000
vn 1.000000 -0.000000 0.000000
vn 0.998566 0.044484 -0.029775
vn 0.925201 0.315354 -0.211082
vn 0.925201 0.315354 -0.211082
vn 0.848808 0.439362 -0.294087
vn 0.848808 0.439362 -0.294087
vn 0.748560 0.551022 -0.368827
vn 0.748560 0.551022 -0.368827
vn 0.627274 0.647197 -0.433201
vn 0.627274 0.647197 -0.433201
vn 0.488361 0.725183 -0.485401
vn 0.488361 0.725183 -0.485401
vn 0.335722 0.782788 -0.523959
vn 0.335722 0.782788 -0.523959
vn 0.255584 0.803419 -0.537768
vn 0.173648 0.818395 -0.547792
vn 0.173648 0.818395 -0.547792
vn 0.173648 -0.962623 0.207852
vn 0.173648 -0.962623 0.207852
vn 0.173648 0.681914 -0.710521
vn 0.173648 0.681914 -0.710521
vn 0.173648 -0.892539 0.416198
vn 0.249495 -0.877647 0.409253
vn 0.173648 -0.892539 0.416198
vn 0.284723 -0.868796 0.405126
vn 0.323840 -0.857469 0.399844
vn 0.392090 -0.833737 0.388778
vn 0.466241 -0.801772 0.373872
vn 0.590172 -0.731642 0.341170
vn 0.597428 -0.726789 0.338907
vn 0.714243 -0.634323 0.295790
vn 0.757608 -0.591556 0.275847
vn 0.813877 -0.526599 0.245557
vn 0.847844 -0.480566 0.224092
vn 0.893933 -0.406207 0.189417
vn 0.911447 -0.372871 0.173873
vn 0.958493 -0.258403 0.120495
vn 0.988128 -0.139241 0.064929
vn 0.885705 -0.420752 0.196200
vn 0.173648 -0.892539 0.416198
vn 0.173648 -0.892539 0.416198
vn -0.998933 0.041856 -0.019518
vn -0.969077 0.223638 -0.104284
vn -1.000000 -0.000000 0.000000
vn -0.976296 0.196161 -0.091471
vn -1.000000 -0.000000 0.000000
vn -0.958549 0.258234 -0.120416
vn -0.878222 0.433445 -0.202119
vn -0.906308 0.383022 -0.178606
vn -0.793353 0.551725 -0.257274
vn -0.733052 0.616446 -0.287453
vn -0.642788 0.694272 -0.323744
vn -0.542546 0.761322 -0.355010
vn -0.461749 0.803905 -0.374867
vn -0.318487 0.859114 -0.400611
vn -0.258819 0.875426 -0.408218
vn -0.074730 0.903774 -0.421437
vn -0.043619 0.905445 -0.422216
vn 0.065403 0.904367 -0.421713
vn -0.068147 0.904201 -0.421636
vn -0.861964 0.459470 -0.214255
vn -0.714842 0.633768 -0.295531
vn -0.525809 0.770908 -0.359480
vn -0.305947 0.862849 -0.402353
vn -1.000000 -0.000000 0.000000
vn -0.998933 -0.023353 0.039844
vn -0.969077 -0.124776 0.212885
vn -0.966751 -0.129308 0.220616
vn -0.878222 -0.241836 0.412604
vn -0.878222 -0.241836 0.412604
vn -0.733052 -0.343939 0.586806
vn -0.775447 -0.319283 0.544739
vn -0.624922 -0.394765 0.673522
vn -0.542546 -0.424771 0.724716
vn -0.538652 -0.426036 0.726875
vn -0.446313 -0.452507 0.772038
vn -0.318487 -0.479333 0.817806
vn -0.348945 -0.473880 0.808502
vn -0.247646 -0.489913 0.835857
vn -0.074730 -0.504250 0.860318
vn -0.143556 -0.500427 0.853794
vn -0.090831 -0.503574 0.859164
vn -0.064363 -0.504616 0.860942
vn -0.037849 -0.505302 0.862112
vn -0.011309 -0.505632 0.862675
vn 0.015239 -0.505605 0.862630
vn 0.041776 -0.505223 0.861977
vn 0.068284 -0.504484 0.860717
vn 0.094744 -0.503390 0.858850
vn 0.121137 -0.501940 0.856377
vn -0.969077 -0.124776 0.212885
vn -0.878222 -0.241836 0.412604
vn -0.733052 -0.343939 0.586806
vn -0.733052 -0.343939 0.586806
vn -0.542546 -0.424771 0.724716
vn -0.542546 -0.424771 0.724716
vn -0.318487 -0.479333 0.817806
vn -0.318487 -0.479333 0.817806
vn -0.074730 -0.504250 0.860318
vn -0.074730 -0.504250 0.860318
vn -0.891123 -0.229451 0.391474
vn 0.173648 0.120775 0.977374
vn 0.119704 0.121756 0.985315
vn 0.065403 0.122376 0.990327
vn -0.074730 0.122295 0.989676
vn 0.010908 0.122631 0.992392
vn -0.043619 0.122522 0.991507
vn -0.098017 0.122048 0.987673
vn -0.152123 0.121211 0.980901
vn -0.318487 0.116252 0.940772
vn -0.258819 0.118459 0.958634
vn -0.362438 0.114300 0.924973
vn -0.461749 0.108781 0.880315
vn -0.542546 0.103019 0.833685
vn -0.642788 0.093946 0.760262
vn -0.733052 0.083415 0.675038
vn -0.793353 0.074657 0.604166
vn -0.878222 0.058652 0.474644
vn -0.906308 0.051829 0.419428
vn -0.969077 0.030262 0.244895
vn -1.000000 0.000000 0.000000
vn -0.969077 0.030262 0.244895
vn -0.878222 0.058652 0.474644
vn -0.733052 0.083415 0.675038
vn -0.542546 0.103019 0.833685
vn -0.318487 0.116252 0.940772
vn -0.074730 0.122295 0.989676
vn 0.173648 -0.710521 -0.681914
vn 0.065403 -0.719937 -0.690951
vn -0.074730 -0.719464 -0.690498
vn -0.043619 -0.720795 -0.691775
vn -0.258819 -0.696898 -0.668840
vn -0.318487 -0.683912 -0.656377
vn -0.461749 -0.639962 -0.614196
vn -0.542546 -0.606063 -0.581662
vn -0.642788 -0.552687 -0.530435
vn -0.733052 -0.490732 -0.470975
vn -0.793353 -0.439210 -0.421527
vn -0.878222 -0.345051 -0.331159
vn -0.906308 -0.304911 -0.292635
vn -0.969077 -0.178031 -0.170863
vn -0.976296 -0.156157 -0.149870
vn -1.000000 -0.000000 -0.000000
vn 0.119704 -0.716294 -0.687455
vn 0.065403 -0.719937 -0.690951
vn 0.010908 -0.721439 -0.692393
vn -0.043619 -0.720795 -0.691775
vn -0.098017 -0.718007 -0.689099
vn -0.152123 -0.713085 -0.684375
vn -0.258819 -0.696898 -0.668840
vn -0.362438 -0.672426 -0.645354
vn -0.461749 -0.639962 -0.614196
vn -0.642788 -0.552687 -0.530435
vn -0.793353 -0.439210 -0.421527
vn -0.906308 -0.304911 -0.292635
vn 0.173648 -0.892539 0.416198
vn 0.119704 -0.899791 0.419579
vn 0.065403 -0.904367 0.421713
vn 0.065403 -0.904367 0.421713
vn 0.038170 -0.905647 0.422310
vn 0.010908 -0.906254 0.422593
vn -0.016362 -0.906186 0.422562
vn -0.074730 -0.903774 0.421437
vn -0.043619 -0.905445 0.422216
vn -0.098017 -0.901944 0.420583
vn -0.152123 -0.895760 0.417700
vn -0.205777 -0.886912 0.413574
vn -0.318487 -0.859114 0.400611
vn -0.258819 -0.875426 0.408218
vn -0.461749 -0.803905 0.374867
vn -0.542546 -0.761322 0.355010
vn -0.642788 -0.694272 0.323744
vn -0.733052 -0.616446 0.287453
vn -0.793353 -0.551725 0.257274
vn -0.878222 -0.433445 0.202119
vn -0.906308 -0.383022 0.178606
vn -0.878222 -0.433445 0.202119
vn -0.969077 -0.223638 0.104284
vn -0.906308 -0.383022 0.178606
vn -0.976296 -0.196161 0.091471
vn -0.074730 -0.903774 0.421437
vn -0.043619 -0.905445 0.422216
vn -0.258819 -0.875426 0.408218
vn -0.318487 -0.859114 0.400611
vn -0.461749 -0.803905 0.374867
vn -0.542546 -0.761322 0.355010
vn -0.642788 -0.694272 0.323744
vn -0.733052 -0.616446 0.287453
vn -0.793353 -0.551725 0.257274
vn -1.000000 0.000000 -0.000000
vn -0.976296 -0.196161 0.091471
vn 0.119704 0.687455 -0.716294
vn 0.119704 0.687455 -0.716294
vn 0.065403 0.690951 -0.719937
vn 0.065403 0.690951 -0.719937
vn 0.038170 0.691929 -0.720956
vn -0.074730 0.690498 -0.719464
vn 0.010908 0.692393 -0.721439
vn -0.016362 0.692341 -0.721385
vn -0.043619 0.691775 -0.720795
vn -0.098017 0.689099 -0.718007
vn -0.152123 0.684375 -0.713085
vn -0.205777 0.677615 -0.706041
vn -0.318487 0.656377 -0.683912
vn -0.152123 0.684375 -0.713085
vn -0.258819 0.668840 -0.696898
vn -0.362438 0.645354 -0.672426
vn -0.461749 0.614196 -0.639962
vn -0.542546 0.581662 -0.606063
vn -0.642788 0.530435 -0.552687
vn -0.733052 0.470975 -0.490732
vn -0.793353 0.421527 -0.439210
vn -0.878222 0.331159 -0.345051
vn -0.906308 0.292635 -0.304911
vn -0.969077 0.170863 -0.178031
vn -1.000000 0.000000 -0.000000
vn -0.976296 0.149870 -0.156157
vn -0.906308 0.292635 -0.304911
vn -0.793353 0.421527 -0.439210
vn -0.642788 0.530435 -0.552687
vn -0.461749 0.614196 -0.639962
vn -0.258819 0.668840 -0.696898
vn -0.098017 0.689099 -0.718007
vn -0.043619 0.691775 -0.720795
vn 0.010908 0.692393 -0.721439
vn 0.119704 -0.970445 0.209541
vn 0.119704 -0.970445 0.209541
vn 0.065403 -0.975381 0.210606
vn 0.065403 -0.975381 0.210606
vn 0.038170 -0.976761 0.210904
vn 0.010908 -0.977415 0.211046
vn 0.010908 -0.977415 0.211046
vn -0.016362 -0.977343 0.211030
vn -0.043619 -0.976543 0.210857
vn -0.074730 -0.974740 0.210468
vn -0.098017 -0.972767 0.210042
vn -0.152123 -0.966097 0.208602
vn -0.205777 -0.956554 0.206541
vn -0.318487 -0.926574 0.200068
vn -0.258819 -0.944167 0.203867
vn -0.362438 -0.911013 0.196708
vn -0.461749 -0.867030 0.187211
vn -0.542546 -0.821103 0.177294
vn -0.642788 -0.748788 0.161680
vn -0.733052 -0.664851 0.143556
vn -0.793353 -0.595048 0.128484
vn -0.878222 -0.467481 0.100939
vn -0.906308 -0.413098 0.089197
vn -0.969077 -0.241199 0.052080
vn -0.976296 -0.211564 0.045681
vn -0.969077 -0.241199 0.052080
vn -1.000000 0.000000 -0.000000
vn -0.906308 -0.413098 0.089197
vn -0.878222 -0.467481 0.100939
vn -0.793353 -0.595048 0.128484
vn -0.733052 -0.664851 0.143556
vn -0.642788 -0.748788 0.161680
vn -0.542546 -0.821103 0.177294
vn -0.461749 -0.867030 0.187211
vn -0.318487 -0.926574 0.200068
vn -0.362438 -0.911013 0.196708
vn -0.258819 -0.944167 0.203867
vn -0.152123 -0.966097 0.208602
vn -0.074730 -0.974740 0.210468
vn -0.098017 -0.972767 0.210042
vn -0.043619 -0.976543 0.210857
vn 0.173648 0.818395 -0.547792
vn 0.173648 0.818395 -0.547792
vn 0.065403 0.829241 -0.555052
vn -0.074730 0.828696 -0.554687
vn -0.043619 0.830229 -0.555713
vn -0.152123 0.821348 -0.549769
vn -0.318487 0.787746 -0.527278
vn -0.258819 0.802703 -0.537289
vn -0.461749 0.737124 -0.493393
vn -0.542546 0.698078 -0.467258
vn -0.642788 0.636598 -0.426107
vn -0.733052 0.565237 -0.378341
vn -0.793353 0.505893 -0.338619
vn -0.878222 0.397439 -0.266025
vn -0.906308 0.351204 -0.235078
vn -0.969077 0.205060 -0.137257
vn -0.976296 0.179866 -0.120393
vn -1.000000 -0.000000 0.000000
vn -0.976296 0.179866 -0.120393
vn 0.119704 0.825044 -0.552243
vn 0.065403 0.829241 -0.555052
vn 0.038170 0.830414 -0.555838
vn 0.010908 0.830970 -0.556210
vn -0.016362 0.830909 -0.556168
vn -0.043619 0.830229 -0.555713
vn -0.098017 0.827018 -0.553564
vn -0.152123 0.821348 -0.549769
vn -0.205777 0.813235 -0.544339
vn -0.258819 0.802703 -0.537289
vn -0.362438 0.774517 -0.518423
vn -0.461749 0.737124 -0.493393
vn -0.642788 0.636598 -0.426107
vn -0.793353 0.505893 -0.338619
vn -0.906308 0.351204 -0.235078
vn 0.173648 -0.416198 -0.892539
vn 0.119704 -0.419579 -0.899791
vn 0.065403 -0.421713 -0.904367
vn 0.065403 -0.421713 -0.904367
vn 0.010908 -0.422593 -0.906254
vn -0.074730 -0.421437 -0.903774
vn -0.043619 -0.422216 -0.905445
vn -0.098017 -0.420583 -0.901944
vn -0.152123 -0.417700 -0.895760
vn -0.318487 -0.400611 -0.859114
vn -0.258819 -0.408218 -0.875426
vn -0.362438 -0.393884 -0.844686
vn -0.461749 -0.374867 -0.803905
vn -0.542546 -0.355010 -0.761322
vn -0.642788 -0.323744 -0.694272
vn -0.733052 -0.287453 -0.616446
vn -0.793353 -0.257274 -0.551725
vn -0.878222 -0.202119 -0.433445
vn -0.906308 -0.178606 -0.383022
vn -0.969077 -0.104284 -0.223638
vn -1.000000 -0.000000 -0.000000
vn -0.976296 -0.091471 -0.196161
vn -0.043619 -0.422216 -0.905445
vn -0.152123 -0.417700 -0.895760
vn -0.258819 -0.408218 -0.875426
vn -0.461749 -0.374867 -0.803905
vn -0.642788 -0.323744 -0.694272
vn -0.793353 -0.257274 -0.551725
vn -0.906308 -0.178606 -0.383022
vn 0.119704 0.915093 0.385067
vn 0.065403 0.919747 0.387025
vn 0.065403 0.919747 0.387025
vn -0.074730 0.919143 0.386771
vn 0.010908 0.921665 0.387832
vn -0.043619 0.920843 0.387486
vn -0.098017 0.917282 0.385988
vn -0.152123 0.910993 0.383341
vn -0.318487 0.873724 0.367659
vn -0.258819 0.890313 0.374640
vn -0.362438 0.859051 0.361484
vn -0.461749 0.817576 0.344032
vn -0.542546 0.774269 0.325809
vn -0.461749 0.817576 0.344032
vn -0.642788 0.706079 0.297114
vn -0.733052 0.626929 0.263809
vn -0.793353 0.561108 0.236111
vn -0.878222 0.440816 0.185493
vn -0.906308 0.389536 0.163915
vn -0.969077 0.227441 0.095706
vn -1.000000 0.000000 0.000000
vn -0.906308 0.389536 0.163915
vn -0.793353 0.561108 0.236111
vn -0.642788 0.706079 0.297114
vn -0.362438 0.859051 0.361484
vn -0.258819 0.890313 0.374640
vn -0.152123 0.910993 0.383341
vn -0.043619 0.920843 0.387486
vn 0.119704 -0.111925 -0.986480
vn 0.065403 -0.112495 -0.991498
vn 0.065403 -0.112495 -0.991498
vn 0.010908 -0.112729 -0.993566
vn -0.074730 -0.112421 -0.990847
vn -0.043619 -0.112629 -0.992679
vn -0.098017 -0.112193 -0.988840
vn -0.152123 -0.111424 -0.982061
vn -0.258819 -0.108895 -0.959768
vn -0.318487 -0.106866 -0.941884
vn -0.362438 -0.105071 -0.926066
vn -0.461749 -0.099998 -0.881356
vn -0.542546 -0.094701 -0.834671
vn -0.642788 -0.086361 -0.761161
vn -0.733052 -0.076680 -0.675837
vn -0.793353 -0.068629 -0.604881
vn -0.878222 -0.053916 -0.475205
vn -0.906308 -0.047644 -0.419924
vn -0.969077 -0.027818 -0.245184
vn -1.000000 0.000000 0.000000
vn -1.000000 0.000000 0.000000
vn -0.906308 -0.047644 -0.419924
vn -0.793353 -0.068629 -0.604881
vn -0.642788 -0.086361 -0.761161
vn -0.461749 -0.099998 -0.881356
vn -0.362438 -0.105071 -0.926066
vn -0.258819 -0.108895 -0.959768
vn -0.152123 -0.111424 -0.982061
vn -0.043619 -0.112629 -0.992679
vn 0.173648 0.630185 0.756778
vn 0.119704 0.635306 0.762927
vn 0.119704 0.635306 0.762927
vn 0.065403 0.638537 0.766807
vn 0.065403 0.638537 0.766807
vn 0.010908 0.639869 0.768407
vn 0.010908 0.639869 0.768407
vn -0.043619 0.639298 0.767721
vn -0.043619 0.639298 0.767721
vn -0.098017 0.636826 0.764752
vn -0.098017 0.636826 0.764752
vn -0.152123 0.632459 0.759509
vn -0.152123 0.632459 0.759509
vn -0.205777 0.626212 0.752007
vn -0.258819 0.618103 0.742268
vn -0.258819 0.618103 0.742268
vn -0.362438 0.596398 0.716204
vn -0.362438 0.596398 0.716204
vn -0.461749 0.567604 0.681626
vn -0.461749 0.567604 0.681626
vn -0.642788 0.490197 0.588669
vn -0.642788 0.490197 0.588669
vn -0.733052 0.435247 0.522680
vn -0.793353 0.389551 0.467804
vn -0.793353 0.389551 0.467804
vn -0.878222 0.306038 0.367515
vn -0.906308 0.270436 0.324762
vn -0.969077 0.157902 0.189621
vn -1.000000 -0.000000 -0.000000
vn -0.906308 0.270436 0.324762
vn 0.173648 -0.230940 -0.957347
vn 0.119704 -0.232816 -0.965126
vn 0.173648 -0.230940 -0.957347
vn 0.119704 -0.232816 -0.965126
vn 0.065403 -0.234000 -0.970034
vn 0.065403 -0.234000 -0.970034
vn 0.010908 -0.234488 -0.972058
vn 0.010908 -0.234488 -0.972058
vn -0.043619 -0.234279 -0.971190
vn -0.043619 -0.234279 -0.971190
vn -0.098017 -0.233373 -0.967435
vn -0.098017 -0.233373 -0.967435
vn -0.152123 -0.231773 -0.960802
vn -0.152123 -0.231773 -0.960802
vn -0.205777 -0.229484 -0.951311
vn -0.258819 -0.226512 -0.938992
vn -0.258819 -0.226512 -0.938992
vn -0.362438 -0.218558 -0.906019
vn -0.362438 -0.218558 -0.906019
vn -0.461749 -0.208006 -0.862277
vn -0.461749 -0.208006 -0.862277
vn -0.542546 -0.196988 -0.816602
vn -0.642788 -0.179639 -0.744684
vn -0.642788 -0.179639 -0.744684
vn -0.733052 -0.159502 -0.661207
vn -0.793353 -0.142756 -0.591786
vn -0.878222 -0.112152 -0.464918
vn -0.906308 -0.099105 -0.410834
vn -0.969077 -0.057865 -0.239877
vn -1.000000 0.000000 0.000000
vn -0.906308 -0.099105 -0.410834
vn -0.793353 -0.142756 -0.591786
vn 0.065403 0.719937 0.690951
vn -0.074730 0.719464 0.690498
vn -0.043619 0.720795 0.691775
vn -0.258819 0.696898 0.668840
vn -0.318487 0.683912 0.656377
vn -0.461749 0.639962 0.614196
vn -0.542546 0.606063 0.581662
vn -0.642788 0.552687 0.530435
vn -0.733052 0.490732 0.470975
vn -0.793353 0.439210 0.421527
vn -0.878222 0.345051 0.331159
vn -0.906308 0.304911 0.292635
vn -0.969077 0.178031 0.170863
vn -0.976296 0.156157 0.149870
vn -1.000000 0.000000 0.000000
vn 0.119704 0.716294 0.687455
vn 0.065403 0.719937 0.690951
vn 0.010908 0.721439 0.692393
vn -0.043619 0.720795 0.691775
vn -0.098017 0.718007 0.689099
vn -0.152123 0.713085 0.684375
vn -0.258819 0.696898 0.668840
vn -0.362438 0.672426 0.645354
vn -0.461749 0.639962 0.614196
vn -0.642788 0.552687 0.530435
vn -0.793353 0.439210 0.421527
vn -0.906308 0.304911 0.292635
vn 0.173648 0.818395 -0.547792
vn 0.173648 0.818395 -0.547792
vn -1.000000 0.000000 0.000000
vn -0.998933 0.031979 -0.033320
vn -0.966751 0.177068 -0.184496
vn -0.958549 0.197295 -0.205571
vn -0.891123 0.314200 -0.327381
vn -0.861964 0.351043 -0.365769
vn -0.775447 0.437211 -0.455552
vn -0.714842 0.484209 -0.504522
vn -0.714842 0.484209 -0.504522
vn -0.525809 0.588986 -0.613694
vn -0.525809 0.588986 -0.613694
vn -0.305947 0.659231 -0.686885
vn -0.305947 0.659231 -0.686885
vn -0.068147 0.690824 -0.719804
vn -0.068147 0.690824 -0.719804
vn 0.041776 0.691829 -0.720852
vn 0.068284 0.690818 -0.719797
vn -0.624922 0.540574 -0.563251
vn -0.538652 0.583395 -0.607869
vn -0.446313 0.619643 -0.645637
vn -0.348945 0.648910 -0.676131
vn -0.247646 0.670865 -0.699008
vn -0.143556 0.685262 -0.714008
vn -0.090831 0.689571 -0.718499
vn -0.064363 0.690998 -0.719986
vn -0.037849 0.691938 -0.720964
vn -0.011309 0.692389 -0.721435
vn 0.015239 0.692353 -0.721398
vn 0.094744 0.689319 -0.718236
vn 0.121137 0.687335 -0.716168
vn 0.173648 0.681914 -0.710521
f 452/884/768 453/885/769 467/886/770
f 467/886/770 453/885/769 454/887/771
f 467/886/770 454/887/771 466/888/772
f 466/888/772 454/887/771 455/889/773
f 466/888/772 455/889/773 465/890/774
f 465/890/774 455/889/773 456/891/775
f 465/890/774 456/891/775 464/892/776
f 464/892/776 456/891/775 457/893/777
f 464/892/776 457/893/777 463/894/778
f 463/894/778 457/893/777 458/895/779
f 463/894/778 458/895/779 462/896/780
f 462/896/780 458/895/779 459/897/781
f 462/896/780 459/897/781 461/898/782
f 461/898/782 459/897/781 460/899/783
f 468/900/784 469/901/785 461/902/782
f 461/902/782 469/901/785 462/903/786
f 462/903/786 469/901/785 470/904/787
f 462/903/786 470/904/787 471/905/788
f 462/903/786 471/905/788 463/906/789
f 463/906/789 471/905/788 472/907/790
f 463/906/789 472/907/790 464/908/791
f 464/908/791 472/907/790 473/909/792
f 464/908/791 473/909/792 465/910/793
f 465/910/793 473/909/792 474/911/794
f 465/910/793 474/911/794 475/912/795
f 465/910/793 475/912/795 466/913/796
f 466/913/796 475/912/795 476/914/797
f 466/913/796 476/914/797 467/915/798
f 467/915/798 476/914/797 477/916/799
f 467/915/798 477/916/799 452/917/800
f 452/917/800 477/916/799 478/918/801
f 479/919/802 480/920/803 494/921/804
f 494/921/804 480/920/803 493/922/805
f 493/922/805 480/920/803 481/923/806
f 493/922/805 481/923/806 482/924/807
f 493/922/805 482/924/807 492/925/808
f 492/925/808 482/924/807 483/926/809
f 492/925/808 483/926/809 491/927/810
f 491/927/810 483/926/809 484/928/811
f 491/927/810 484/928/811 485/929/812
f 491/927/810 485/929/812 490/930/813
f 490/930/813 485/929/812 486/931/814
f 490/930/813 486/931/814 489/932/815
f 489/932/815 486/931/814 488/933/816
f 488/933/816 486/931/814 487/934/817
f 453/935/769 452/936/768 496/937/818
f 496/937/818 452/936/768 495/938/819
f 478/939/801 497/940/820 452/941/800
f 452/941/800 497/940/820 495/942/821
f 498/943/822 514/944/823 458/945/824
f 458/945/824 514/944/823 511/946/825
f 458/945/824 511/946/825 459/947/826
f 459/947/826 511/946/825 512/948/827
f 459/947/826 512/948/827 460/949/783
f 514/944/823 498/943/822 513/950/828
f 513/950/828 498/943/822 499/951/829
f 513/950/828 499/951/829 500/952/830
f 513/950/828 500/952/830 515/953/831
f 515/953/831 500/952/830 501/954/832
f 515/953/831 501/954/832 502/955/833
f 515/953/831 502/955/833 508/956/834
f 508/956/834 502/955/833 503/957/835
f 508/956/834 503/957/835 507/958/836
f 507/958/836 503/957/835 504/959/837
f 507/958/836 504/959/837 506/960/838
f 506/960/838 504/959/837 505/961/839
f 508/956/834 509/962/840 515/953/831
f 515/953/831 509/962/840 513/950/828
f 509/962/840 510/963/841 513/950/828
f 513/950/828 510/963/841 514/944/823
f 510/963/841 511/946/825 514/944/823
f 516/964/842 530/965/843 498/966/844
f 498/966/844 530/965/843 529/967/845
f 498/966/844 529/967/845 499/968/846
f 499/968/846 529/967/845 500/969/847
f 500/969/847 529/967/845 532/970/848
f 500/969/847 532/970/848 501/971/849
f 501/971/849 532/970/848 502/972/850
f 502/972/850 532/970/848 525/973/851
f 502/972/850 525/973/851 533/974/852
f 533/974/852 525/973/851 526/975/853
f 533/974/852 526/975/853 504/976/854
f 504/976/854 526/975/853 527/977/855
f 504/976/854 527/977/855 505/978/856
f 505/978/856 527/977/855 528/979/857
f 530/965/843 516/964/842 494/980/858
f 494/980/858 516/964/842 517/981/859
f 494/980/858 517/981/859 479/982/860
f 530/965/843 494/980/858 531/983/861
f 531/983/861 494/980/858 518/984/862
f 531/983/861 518/984/862 519/985/863
f 520/986/864 521/987/865 519/985/863
f 519/985/863 521/987/865 531/983/861
f 521/987/865 522/988/866 531/983/861
f 531/983/861 522/988/866 530/965/843
f 522/988/866 523/989/867 530/965/843
f 530/965/843 523/989/867 529/967/845
f 523/989/867 524/990/868 529/967/845
f 529/967/845 524/990/868 532/970/848
f 524/990/868 525/973/851 532/970/848
f 504/976/854 503/991/869 533/974/852
f 533/974/852 503/991/869 502/972/850
f 528/992/870 527/993/871 534/994/872
f 534/994/872 527/993/871 542/995/873
f 542/995/873 527/993/871 526/996/874
f 542/995/873 526/996/874 525/997/875
f 542/995/873 525/997/875 541/998/876
f 541/998/876 525/997/875 524/999/877
f 541/998/876 524/999/877 540/1000/878
f 540/1000/878 524/999/877 523/1001/879
f 540/1000/878 523/1001/879 539/1002/880
f 539/1002/880 523/1001/879 538/1003/881
f 538/1003/881 523/1001/879 522/1004/882
f 538/1003/881 522/1004/882 537/1005/883
f 537/1005/883 522/1004/882 536/1006/884
f 536/1006/884 522/1004/882 521/1007/865
f 536/1006/884 521/1007/865 535/1008/885
f 543/1009/886 534/1010/887 550/1011/888
f 550/1011/888 534/1010/887 542/1012/889
f 550/1011/888 542/1012/889 549/1013/890
f 549/1013/890 542/1012/889 548/1014/891
f 548/1014/891 542/1012/889 541/1015/892
f 548/1014/891 541/1015/892 547/1016/893
f 547/1016/893 541/1015/892 540/1017/894
f 547/1016/893 540/1017/894 546/1018/895
f 546/1018/895 540/1017/894 539/1019/896
f 546/1018/895 539/1019/896 538/1020/897
f 546/1018/895 538/1020/897 545/1021/898
f 545/1021/898 538/1020/897 537/1022/899
f 545/1021/898 537/1022/899 536/1023/900
f 535/1024/885 544/1025/901 536/1023/900
f 536/1023/900 544/1025/901 545/1021/898
f 544/1026/901 551/1027/902 560/1028/903
f 560/1028/903 551/1027/902 552/1029/904
f 560/1028/903 552/1029/904 559/1030/905
f 559/1030/905 552/1029/904 553/1031/906
f 559/1030/905 553/1031/906 561/1032/907
f 561/1032/907 553/1031/906 554/1033/908
f 561/1032/907 554/1033/908 562/1034/909
f 562/1034/909 554/1033/908 555/1035/910
f 562/1034/909 555/1035/910 563/1036/911
f 563/1036/911 555/1035/910 556/1037/912
f 563/1036/911 556/1037/912 557/1038/913
f 563/1036/911 557/1038/913 550/1039/914
f 550/1039/914 557/1038/913 558/1040/915
f 550/1039/914 558/1040/915 543/1041/916
f 550/1039/914 549/1042/917 563/1036/911
f 563/1036/911 549/1042/917 548/1043/918
f 563/1036/911 548/1043/918 562/1034/909
f 562/1034/909 548/1043/918 547/1044/919
f 562/1034/909 547/1044/919 561/1032/907
f 561/1032/907 547/1044/919 546/1045/920
f 561/1032/907 546/1045/920 559/1030/905
f 559/1030/905 546/1045/920 545/1046/921
f 559/1030/905 545/1046/921 560/1028/903
f 560/1028/903 545/1046/921 544/1026/901
f 564/1047/922 558/1048/923 573/1049/924
f 573/1049/924 558/1048/923 557/1050/925
f 573/1049/924 557/1050/925 572/1051/926
f 572/1051/926 557/1050/925 556/1052/927
f 572/1051/926 556/1052/927 571/1053/928
f 571/1053/928 556/1052/927 555/1054/929
f 571/1053/928 555/1054/929 570/1055/930
f 570/1055/930 555/1054/929 554/1056/931
f 570/1055/930 554/1056/931 569/1057/932
f 569/1057/932 554/1056/931 553/1058/933
f 569/1057/932 553/1058/933 568/1059/934
f 568/1059/934 553/1058/933 565/1060/935
f 568/1059/934 565/1060/935 567/1061/936
f 567/1061/936 565/1060/935 566/1062/937
f 574/1063/938 575/1064/939 567/1065/936
f 567/1065/936 575/1064/939 568/1066/940
f 568/1066/940 575/1064/939 576/1067/941
f 568/1066/940 576/1067/941 569/1068/942
f 569/1068/942 576/1067/941 577/1069/943
f 569/1068/942 577/1069/943 570/1070/944
f 570/1070/944 577/1069/943 578/1071/945
f 570/1070/944 578/1071/945 571/1072/946
f 571/1072/946 578/1071/945 579/1073/947
f 571/1072/946 579/1073/947 572/1074/948
f 572/1074/948 579/1073/947 580/1075/949
f 572/1074/948 580/1075/949 573/1076/950
f 573/1076/950 580/1075/949 581/1077/951
f 573/1076/950 581/1077/951 564/1078/952
f 564/1078/952 581/1077/951 582/1079/953
f 583/1080/954 582/1081/955 591/1082/956
f 591/1082/956 582/1081/955 581/1083/957
f 591/1082/956 581/1083/957 580/1084/958
f 591/1082/956 580/1084/958 590/1085/959
f 590/1085/959 580/1084/958 579/1086/960
f 590/1085/959 579/1086/960 589/1087/961
f 589/1087/961 579/1086/960 578/1088/962
f 589/1087/961 578/1088/962 588/1089/963
f 588/1089/963 578/1088/962 577/1090/964
f 588/1089/963 577/1090/964 587/1091/965
f 587/1091/965 577/1090/964 576/1092/966
f 587/1091/965 576/1092/966 586/1093/967
f 586/1093/967 576/1092/966 575/1094/968
f 586/1093/967 575/1094/968 585/1095/969
f 585/1095/969 575/1094/968 584/1096/970
f 592/1097/971 593/1098/972 585/1099/969
f 585/1099/969 593/1098/972 586/1100/973
f 586/1100/973 593/1098/972 594/1101/974
f 586/1100/973 594/1101/974 595/1102/975
f 586/1100/973 595/1102/975 587/1103/976
f 587/1103/976 595/1102/975 596/1104/977
f 587/1103/976 596/1104/977 588/1105/978
f 588/1105/978 596/1104/977 597/1106/979
f 588/1105/978 597/1106/979 589/1107/980
f 589/1107/980 597/1106/979 598/1108/981
f 589/1107/980 598/1108/981 590/1109/982
f 590/1109/982 598/1108/981 599/1110/983
f 590/1109/982 599/1110/983 591/1111/984
f 591/1111/984 599/1110/983 600/1112/985
f 591/1111/984 600/1112/985 583/1113/986
f 511/1114/987 470/1115/988 512/1116/989
f 512/1116/989 470/1115/988 469/1117/990
f 512/1116/989 469/1117/990 468/1118/991
f 510/1119/992 474/1120/993 511/1114/987
f 511/1114/987 474/1120/993 473/1121/994
f 511/1114/987 473/1121/994 472/1122/995
f 509/1123/996 478/1124/997 510/1119/992
f 510/1119/992 478/1124/997 477/1125/998
f 510/1119/992 477/1125/998 476/1126/999
f 509/1123/996 508/1127/1000 478/1124/997
f 478/1124/997 508/1127/1000 507/1128/1001
f 478/1124/997 507/1128/1001 506/1129/1002
f 601/1130/1003 497/1131/1004 506/1129/1002
f 506/1129/1002 497/1131/1004 478/1124/997
f 476/1126/999 475/1132/1005 510/1119/992
f 510/1119/992 475/1132/1005 474/1120/993
f 472/1122/995 471/1133/1006 511/1114/987
f 511/1114/987 471/1133/1006 470/1115/988
f 505/1134/839 602/1135/1007 506/1136/838
f 506/1136/838 602/1135/1007 601/1137/1008
f 601/1137/1008 602/1135/1007 603/1138/1009
f 505/1139/856 528/1140/857 602/1141/1010
f 534/1142/872 604/1143/1011 528/1144/870
f 528/1144/870 604/1143/1011 602/1145/1012
f 602/1145/1012 604/1143/1011 603/1146/1013
f 534/1147/887 543/1148/886 604/1149/1014
f 604/1149/1014 543/1148/886 605/1150/1015
f 558/1151/915 606/1152/1016 543/1153/916
f 543/1153/916 606/1152/1016 605/1154/1017
f 558/1155/923 564/1156/922 606/1157/1018
f 606/1157/1018 564/1156/922 607/1158/1019
f 582/1159/953 608/1160/1020 564/1161/952
f 564/1161/952 608/1160/1020 607/1162/1021
f 582/1163/955 583/1164/954 608/1165/1022
f 608/1165/1022 583/1164/954 609/1166/1023
f 585/1167/969 584/1168/970 592/1169/971
f 567/1170/936 566/1171/937 574/1172/938
f 521/1173/865 520/1174/864 535/1175/885
f 535/1175/885 520/1174/864 551/1176/902
f 535/1175/885 551/1176/902 544/1177/901
f 461/1178/782 460/1179/783 468/1180/1024
f 468/1180/1024 460/1179/783 512/1181/827
f 600/1182/985 610/1183/1025 583/1184/986
f 583/1184/986 610/1183/1025 609/1185/1026
f 520/1186/864 519/1187/1027 551/1188/902
f 551/1188/902 519/1187/1027 552/1189/1028
f 552/1189/1028 519/1187/1027 518/1190/1029
f 552/1189/1028 518/1190/1029 494/1191/1030
f 552/1189/1028 494/1191/1030 553/1192/1031
f 553/1192/1031 494/1191/1030 493/1193/1032
f 553/1192/1031 493/1193/1032 621/1194/1033
f 621/1194/1033 493/1193/1032 492/1195/1034
f 621/1194/1033 492/1195/1034 622/1196/1035
f 622/1196/1035 492/1195/1034 491/1197/1036
f 622/1196/1035 491/1197/1036 623/1198/1037
f 623/1198/1037 491/1197/1036 490/1199/1038
f 623/1198/1037 490/1199/1038 612/1200/1039
f 612/1200/1039 490/1199/1038 489/1201/1040
f 612/1200/1039 489/1201/1040 611/1202/1041
f 611/1202/1041 489/1201/1040 488/1203/1042
f 612/1200/1039 613/1204/1043 623/1198/1037
f 623/1198/1037 613/1204/1043 614/1205/1044
f 623/1198/1037 614/1205/1044 622/1196/1035
f 622/1196/1035 614/1205/1044 615/1206/1045
f 622/1196/1035 615/1206/1045 616/1207/1046
f 622/1196/1035 616/1207/1046 621/1194/1033
f 621/1194/1033 616/1207/1046 617/1208/1047
f 621/1194/1033 617/1208/1047 620/1209/1048
f 620/1209/1048 617/1208/1047 618/1210/1049
f 620/1209/1048 618/1210/1049 565/1211/1050
f 565/1211/1050 618/1210/1049 619/1212/1051
f 565/1211/1050 619/1212/1051 575/1213/1052
f 575/1213/1052 619/1212/1051 593/1214/1053
f 575/1213/1052 593/1214/1053 584/1215/970
f 584/1215/970 593/1214/1053 592/1216/1054
f 618/1210/1049 593/1214/1053 619/1212/1051
f 574/1217/938 566/1218/1055 575/1213/1052
f 575/1213/1052 566/1218/1055 565/1211/1050
f 565/1211/1050 553/1192/1031 620/1209/1048
f 620/1209/1048 553/1192/1031 621/1194/1033
f 593/1219/1056 618/1220/1057 594/1221/1058
f 594/1221/1058 618/1220/1057 595/1222/1059
f 595/1222/1059 618/1220/1057 617/1223/1060
f 595/1222/1059 617/1223/1060 596/1224/1061
f 596/1224/1061 617/1223/1060 616/1225/1062
f 596/1224/1061 616/1225/1062 597/1226/1063
f 597/1226/1063 616/1225/1062 615/1227/1064
f 597/1226/1063 615/1227/1064 598/1228/1065
f 598/1228/1065 615/1227/1064 614/1229/1066
f 598/1228/1065 614/1229/1066 599/1230/1067
f 599/1230/1067 614/1229/1066 613/1231/1068
f 599/1230/1067 613/1231/1068 612/1232/1069
f 611/1233/1070 600/1234/1071 612/1232/1069
f 612/1232/1069 600/1234/1071 599/1230/1067
f 488/1235/1042 624/1236/1072 611/1237/1041
f 611/1237/1041 624/1236/1072 625/1238/1073
f 488/1239/816 487/1240/817 624/1241/1074
f 624/1241/1074 487/1240/817 626/1242/1075
f 487/1243/1076 486/1244/1077 453/1245/1078
f 453/1245/1078 486/1244/1077 454/1246/1079
f 454/1246/1079 486/1244/1077 485/1247/1080
f 454/1246/1079 485/1247/1080 455/1248/1081
f 455/1248/1081 485/1247/1080 484/1249/1082
f 455/1248/1081 484/1249/1082 456/1250/1083
f 456/1250/1083 484/1249/1082 483/1251/1084
f 456/1250/1083 483/1251/1084 482/1252/1085
f 456/1250/1083 482/1252/1085 457/1253/1086
f 457/1253/1086 482/1252/1085 481/1254/1087
f 457/1253/1086 481/1254/1087 498/1255/1088
f 498/1255/1088 481/1254/1087 480/1256/1089
f 498/1255/1088 480/1256/1089 516/1257/1090
f 516/1257/1090 480/1256/1089 517/1258/1091
f 517/1258/1091 480/1256/1089 479/1259/1092
f 498/1255/1088 458/1260/1093 457/1253/1086
f 453/1261/1078 496/1262/1094 487/1263/1076
f 487/1263/1076 496/1262/1094 626/1264/1095
f 628/1265/1096 644/1266/1097 627/1267/1098
f 627/1267/1098 644/1266/1097 642/1268/1099
f 627/1267/1098 642/1268/1099 643/1269/1100
f 628/1265/1096 629/1270/1101 644/1266/1097
f 644/1266/1097 629/1270/1101 645/1271/1102
f 644/1266/1097 645/1271/1102 641/1272/1103
f 641/1272/1103 645/1271/1102 640/1273/1104
f 640/1273/1104 645/1271/1102 646/1274/1105
f 640/1273/1104 646/1274/1105 639/1275/1106
f 639/1275/1106 646/1274/1105 647/1276/1107
f 639/1275/1106 647/1276/1107 638/1277/1108
f 638/1277/1108 647/1276/1107 648/1278/1109
f 638/1277/1108 648/1278/1109 637/1279/1110
f 637/1279/1110 648/1278/1109 649/1280/1111
f 637/1279/1110 649/1280/1111 636/1281/1112
f 636/1281/1112 649/1280/1111 635/1282/1113
f 635/1282/1113 649/1280/1111 634/1283/1114
f 635/1282/1113 634/1283/1114 603/1284/1013
f 629/1270/1101 630/1285/1115 645/1271/1102
f 645/1271/1102 630/1285/1115 646/1274/1105
f 630/1285/1115 631/1286/1116 646/1274/1105
f 646/1274/1105 631/1286/1116 647/1276/1107
f 631/1286/1116 632/1287/1117 647/1276/1107
f 647/1276/1107 632/1287/1117 648/1278/1109
f 632/1287/1117 633/1288/1118 648/1278/1109
f 648/1278/1109 633/1288/1118 649/1280/1111
f 633/1288/1118 634/1283/1114 649/1280/1111
f 603/1284/1013 604/1289/1011 635/1282/1113
f 641/1272/1103 642/1268/1099 644/1266/1097
f 627/1290/1098 650/1291/1119 628/1292/1120
f 628/1292/1120 650/1291/1119 675/1293/1121
f 628/1292/1120 675/1293/1121 674/1294/1122
f 674/1294/1122 675/1293/1121 676/1295/1123
f 674/1294/1122 676/1295/1123 677/1296/1124
f 677/1296/1124 676/1295/1123 679/1297/1125
f 677/1296/1124 679/1297/1125 672/1298/1126
f 672/1298/1126 679/1297/1125 671/1299/1127
f 671/1299/1127 679/1297/1125 681/1300/1128
f 671/1299/1127 681/1300/1128 670/1301/1129
f 670/1301/1129 681/1300/1128 669/1302/1130
f 669/1302/1130 681/1300/1128 683/1303/1131
f 669/1302/1130 683/1303/1131 668/1304/1132
f 668/1304/1132 683/1303/1131 667/1305/1133
f 667/1305/1133 683/1303/1131 685/1306/1134
f 667/1305/1133 685/1306/1134 666/1307/1135
f 666/1307/1135 685/1306/1134 665/1308/1136
f 665/1308/1136 685/1306/1134 664/1309/1137
f 664/1309/1137 685/1306/1134 663/1310/1138
f 663/1310/1138 685/1306/1134 662/1311/1139
f 662/1311/1139 685/1306/1134 661/1312/1140
f 661/1312/1140 685/1306/1134 660/1313/1141
f 660/1313/1141 685/1306/1134 601/1314/1003
f 660/1313/1141 601/1314/1003 659/1315/1142
f 659/1315/1142 601/1314/1003 658/1316/1143
f 658/1316/1143 601/1314/1003 657/1317/1144
f 650/1291/1119 651/1318/1145 675/1293/1121
f 675/1293/1121 651/1318/1145 652/1319/1146
f 675/1293/1121 652/1319/1146 676/1295/1123
f 676/1295/1123 652/1319/1146 653/1320/1147
f 676/1295/1123 653/1320/1147 678/1321/1148
f 678/1321/1148 653/1320/1147 654/1322/1149
f 678/1321/1148 654/1322/1149 680/1323/1150
f 680/1323/1150 654/1322/1149 655/1324/1151
f 680/1323/1150 655/1324/1151 682/1325/1152
f 682/1325/1152 655/1324/1151 656/1326/1153
f 682/1325/1152 656/1326/1153 684/1327/1154
f 684/1327/1154 656/1326/1153 497/1328/1004
f 684/1327/1154 497/1328/1004 685/1306/1134
f 685/1306/1134 497/1328/1004 601/1314/1003
f 672/1298/1126 673/1329/1155 677/1296/1124
f 677/1296/1124 673/1329/1155 674/1294/1122
f 679/1297/1125 676/1295/1123 678/1321/1148
f 681/1300/1128 679/1297/1125 678/1321/1148
f 683/1303/1131 681/1300/1128 680/1323/1150
f 680/1323/1150 681/1300/1128 678/1321/1148
f 685/1306/1134 683/1303/1131 682/1325/1152
f 682/1325/1152 683/1303/1131 680/1323/1150
f 684/1327/1154 685/1306/1134 682/1325/1152
f 495/1330/1156 497/1331/820 698/1332/1157
f 698/1332/1157 497/1331/820 697/1333/1158
f 697/1333/1158 497/1331/820 699/1334/1159
f 697/1333/1158 699/1334/1159 696/1335/1160
f 696/1335/1160 699/1334/1159 695/1336/1161
f 695/1336/1161 699/1334/1159 694/1337/1162
f 694/1337/1162 699/1334/1159 693/1338/1163
f 693/1338/1163 699/1334/1159 700/1339/1164
f 693/1338/1163 700/1339/1164 692/1340/1165
f 692/1340/1165 700/1339/1164 691/1341/1166
f 691/1341/1166 700/1339/1164 690/1342/1167
f 690/1342/1167 700/1339/1164 701/1343/1168
f 690/1342/1167 701/1343/1168 689/1344/1169
f 689/1344/1169 701/1343/1168 702/1345/1170
f 689/1344/1169 702/1345/1170 688/1346/1171
f 688/1346/1171 702/1345/1170 703/1347/1172
f 688/1346/1171 703/1347/1172 687/1348/1173
f 687/1348/1173 703/1347/1172 704/1349/1174
f 687/1348/1173 704/1349/1174 686/1350/1175
f 686/1350/1175 704/1349/1174 650/1351/1119
f 650/1351/1119 704/1349/1174 651/1352/1176
f 651/1352/1176 704/1349/1174 652/1353/1177
f 652/1353/1177 704/1349/1174 703/1347/1172
f 652/1353/1177 703/1347/1172 653/1354/1178
f 653/1354/1178 703/1347/1172 702/1345/1170
f 653/1354/1178 702/1345/1170 654/1355/1179
f 654/1355/1179 702/1345/1170 701/1343/1168
f 654/1355/1179 701/1343/1168 655/1356/1180
f 655/1356/1180 701/1343/1168 700/1339/1164
f 655/1356/1180 700/1339/1164 656/1357/1181
f 656/1357/1181 700/1339/1164 699/1334/1159
f 656/1357/1181 699/1334/1159 497/1331/820
f 496/1358/818 495/1359/1182 713/1360/1183
f 713/1360/1183 495/1359/1182 714/1361/1184
f 713/1360/1183 714/1361/1184 712/1362/1185
f 712/1362/1185 714/1361/1184 711/1363/1186
f 711/1363/1186 714/1361/1184 715/1364/1187
f 711/1363/1186 715/1364/1187 710/1365/1188
f 710/1365/1188 715/1364/1187 716/1366/1189
f 710/1365/1188 716/1366/1189 709/1367/1190
f 709/1367/1190 716/1366/1189 717/1368/1191
f 709/1367/1190 717/1368/1191 708/1369/1192
f 708/1369/1192 717/1368/1191 718/1370/1193
f 708/1369/1192 718/1370/1193 707/1371/1194
f 707/1371/1194 718/1370/1193 719/1372/1195
f 707/1371/1194 719/1372/1195 706/1373/1196
f 706/1373/1196 719/1372/1195 686/1374/1175
f 706/1373/1196 686/1374/1175 705/1375/1197
f 698/1376/1198 697/1377/1199 495/1359/1182
f 495/1359/1182 697/1377/1199 714/1361/1184
f 697/1377/1199 696/1378/1200 714/1361/1184
f 714/1361/1184 696/1378/1200 695/1379/1201
f 714/1361/1184 695/1379/1201 694/1380/1202
f 694/1380/1202 693/1381/1203 714/1361/1184
f 714/1361/1184 693/1381/1203 715/1364/1187
f 693/1381/1203 692/1382/1204 715/1364/1187
f 715/1364/1187 692/1382/1204 691/1383/1205
f 715/1364/1187 691/1383/1205 690/1384/1206
f 715/1364/1187 690/1384/1206 716/1366/1189
f 716/1366/1189 690/1384/1206 689/1385/1207
f 716/1366/1189 689/1385/1207 717/1368/1191
f 717/1368/1191 689/1385/1207 688/1386/1208
f 717/1368/1191 688/1386/1208 718/1370/1193
f 718/1370/1193 688/1386/1208 687/1387/1209
f 718/1370/1193 687/1387/1209 719/1372/1195
f 719/1372/1195 687/1387/1209 686/1374/1175
f 626/1388/1095 496/1389/1210 735/1390/1211
f 735/1390/1211 496/1389/1210 713/1391/1212
f 735/1390/1211 713/1391/1212 734/1392/1213
f 734/1392/1213 713/1391/1212 733/1393/1214
f 733/1393/1214 713/1391/1212 732/1394/1215
f 732/1394/1215 713/1391/1212 731/1395/1216
f 731/1395/1216 713/1391/1212 737/1396/1217
f 731/1395/1216 737/1396/1217 730/1397/1218
f 730/1397/1218 737/1396/1217 729/1398/1219
f 729/1398/1219 737/1396/1217 728/1399/1220
f 728/1399/1220 737/1396/1217 727/1400/1221
f 727/1400/1221 737/1396/1217 739/1401/1222
f 727/1400/1221 739/1401/1222 726/1402/1223
f 726/1402/1223 739/1401/1222 725/1403/1224
f 725/1403/1224 739/1401/1222 741/1404/1225
f 725/1403/1224 741/1404/1225 724/1405/1226
f 724/1405/1226 741/1404/1225 743/1406/1227
f 724/1405/1226 743/1406/1227 723/1407/1228
f 723/1407/1228 743/1406/1227 745/1408/1229
f 723/1407/1228 745/1408/1229 722/1409/1230
f 722/1409/1230 745/1408/1229 744/1410/1231
f 722/1409/1230 744/1410/1231 746/1411/1232
f 746/1411/1232 744/1410/1231 707/1412/1233
f 746/1411/1232 707/1412/1233 706/1413/1234
f 737/1396/1217 713/1391/1212 736/1414/1235
f 736/1414/1235 713/1391/1212 712/1415/1236
f 736/1414/1235 712/1415/1236 711/1416/1237
f 736/1414/1235 711/1416/1237 738/1417/1238
f 738/1417/1238 711/1416/1237 710/1418/1239
f 738/1417/1238 710/1418/1239 740/1419/1240
f 740/1419/1240 710/1418/1239 709/1420/1241
f 740/1419/1240 709/1420/1241 742/1421/1242
f 742/1421/1242 709/1420/1241 708/1422/1243
f 742/1421/1242 708/1422/1243 744/1410/1231
f 744/1410/1231 708/1422/1243 707/1412/1233
f 705/1423/1197 720/1424/1244 706/1413/1234
f 706/1413/1234 720/1424/1244 746/1411/1232
f 720/1424/1244 721/1425/1245 746/1411/1232
f 746/1411/1232 721/1425/1245 722/1409/1230
f 739/1401/1222 737/1396/1217 736/1414/1235
f 741/1404/1225 739/1401/1222 738/1417/1238
f 738/1417/1238 739/1401/1222 736/1414/1235
f 743/1406/1227 741/1404/1225 740/1419/1240
f 740/1419/1240 741/1404/1225 738/1417/1238
f 745/1408/1229 743/1406/1227 742/1421/1242
f 742/1421/1242 743/1406/1227 740/1419/1240
f 744/1410/1231 745/1408/1229 742/1421/1242
f 624/1426/1074 626/1427/1075 759/1428/1246
f 759/1428/1246 626/1427/1075 735/1429/1247
f 759/1428/1246 735/1429/1247 758/1430/1248
f 758/1430/1248 735/1429/1247 734/1431/1249
f 758/1430/1248 734/1431/1249 733/1432/1250
f 758/1430/1248 733/1432/1250 761/1433/1251
f 761/1433/1251 733/1432/1250 732/1434/1252
f 761/1433/1251 732/1434/1252 731/1435/1253
f 731/1435/1253 730/1436/1254 761/1433/1251
f 761/1433/1251 730/1436/1254 729/1437/1255
f 761/1433/1251 729/1437/1255 728/1438/1256
f 728/1438/1256 727/1439/1257 761/1433/1251
f 761/1433/1251 727/1439/1257 762/1440/1258
f 761/1433/1251 762/1440/1258 754/1441/1259
f 754/1441/1259 762/1440/1258 753/1442/1260
f 753/1442/1260 762/1440/1258 752/1443/1261
f 752/1443/1261 762/1440/1258 751/1444/1262
f 751/1444/1262 762/1440/1258 763/1445/1263
f 751/1444/1262 763/1445/1263 750/1446/1264
f 750/1446/1264 763/1445/1263 764/1447/1265
f 750/1446/1264 764/1447/1265 749/1448/1266
f 749/1448/1266 764/1447/1265 765/1449/1267
f 749/1448/1266 765/1449/1267 748/1450/1268
f 748/1450/1268 765/1449/1267 760/1451/1269
f 748/1450/1268 760/1451/1269 747/1452/1270
f 747/1452/1270 760/1451/1269 720/1453/1244
f 720/1453/1244 760/1451/1269 721/1454/1271
f 721/1454/1271 760/1451/1269 722/1455/1272
f 722/1455/1272 760/1451/1269 765/1449/1267
f 722/1455/1272 765/1449/1267 723/1456/1273
f 723/1456/1273 765/1449/1267 764/1447/1265
f 723/1456/1273 764/1447/1265 724/1457/1274
f 724/1457/1274 764/1447/1265 763/1445/1263
f 724/1457/1274 763/1445/1263 725/1458/1275
f 725/1458/1275 763/1445/1263 762/1440/1258
f 725/1458/1275 762/1440/1258 726/1459/1276
f 726/1459/1276 762/1440/1258 727/1439/1257
f 754/1441/1259 755/1460/1277 761/1433/1251
f 761/1433/1251 755/1460/1277 756/1461/1278
f 761/1433/1251 756/1461/1278 757/1462/1279
f 757/1462/1279 758/1430/1248 761/1433/1251
f 624/1463/1072 759/1464/1280 625/1465/1073
f 625/1465/1073 759/1464/1280 782/1466/1281
f 782/1466/1281 759/1464/1280 758/1467/1282
f 782/1466/1281 758/1467/1282 781/1468/1283
f 781/1468/1283 758/1467/1282 780/1469/1284
f 780/1469/1284 758/1467/1282 757/1470/1285
f 780/1469/1284 757/1470/1285 779/1471/1286
f 779/1471/1286 757/1470/1285 778/1472/1287
f 778/1472/1287 757/1470/1285 777/1473/1288
f 777/1473/1288 757/1470/1285 784/1474/1289
f 777/1473/1288 784/1474/1289 776/1475/1290
f 776/1475/1290 784/1474/1289 775/1476/1291
f 775/1476/1291 784/1474/1289 774/1477/1292
f 774/1477/1292 784/1474/1289 786/1478/1293
f 774/1477/1292 786/1478/1293 773/1479/1294
f 773/1479/1294 786/1478/1293 772/1480/1295
f 772/1480/1295 786/1478/1293 771/1481/1296
f 771/1481/1296 786/1478/1293 788/1482/1297
f 771/1481/1296 788/1482/1297 770/1483/1298
f 770/1483/1298 788/1482/1297 790/1484/1299
f 770/1483/1298 790/1484/1299 769/1485/1300
f 769/1485/1300 790/1484/1299 792/1486/1301
f 769/1485/1300 792/1486/1301 768/1487/1302
f 768/1487/1302 792/1486/1301 794/1488/1303
f 768/1487/1302 794/1488/1303 767/1489/1304
f 767/1489/1304 794/1488/1303 793/1490/1305
f 767/1489/1304 793/1490/1305 766/1491/1306
f 766/1491/1306 793/1490/1305 747/1492/1270
f 747/1492/1270 793/1490/1305 748/1493/1307
f 748/1493/1307 793/1490/1305 791/1494/1308
f 748/1493/1307 791/1494/1308 749/1495/1309
f 749/1495/1309 791/1494/1308 789/1496/1310
f 749/1495/1309 789/1496/1310 750/1497/1311
f 750/1497/1311 789/1496/1310 787/1498/1312
f 750/1497/1311 787/1498/1312 751/1499/1313
f 751/1499/1313 787/1498/1312 785/1500/1314
f 751/1499/1313 785/1500/1314 752/1501/1315
f 752/1501/1315 785/1500/1314 753/1502/1316
f 753/1502/1316 785/1500/1314 754/1503/1317
f 754/1503/1317 785/1500/1314 783/1504/1318
f 754/1503/1317 783/1504/1318 755/1505/1319
f 755/1505/1319 783/1504/1318 756/1506/1320
f 756/1506/1320 783/1504/1318 757/1470/1285
f 757/1470/1285 783/1504/1318 784/1474/1289
f 786/1478/1293 784/1474/1289 783/1504/1318
f 788/1482/1297 786/1478/1293 785/1500/1314
f 785/1500/1314 786/1478/1293 783/1504/1318
f 790/1484/1299 788/1482/1297 787/1498/1312
f 787/1498/1312 788/1482/1297 785/1500/1314
f 792/1486/1301 790/1484/1299 789/1496/1310
f 789/1496/1310 790/1484/1299 787/1498/1312
f 794/1488/1303 792/1486/1301 791/1494/1308
f 791/1494/1308 792/1486/1301 789/1496/1310
f 793/1490/1305 794/1488/1303 791/1494/1308
f 610/1507/1321 625/1508/1322 804/1509/1323
f 804/1509/1323 625/1508/1322 805/1510/1324
f 804/1509/1323 805/1510/1324 803/1511/1325
f 803/1511/1325 805/1510/1324 802/1512/1326
f 802/1512/1326 805/1510/1324 806/1513/1327
f 802/1512/1326 806/1513/1327 801/1514/1328
f 801/1514/1328 806/1513/1327 800/1515/1329
f 800/1515/1329 806/1513/1327 807/1516/1330
f 800/1515/1329 807/1516/1330 799/1517/1331
f 799/1517/1331 807/1516/1330 808/1518/1332
f 799/1517/1331 808/1518/1332 798/1519/1333
f 798/1519/1333 808/1518/1332 809/1520/1334
f 798/1519/1333 809/1520/1334 797/1521/1335
f 797/1521/1335 809/1520/1334 810/1522/1336
f 797/1521/1335 810/1522/1336 796/1523/1337
f 796/1523/1337 810/1522/1336 795/1524/1338
f 795/1524/1338 810/1522/1336 767/1525/1339
f 795/1524/1338 767/1525/1339 766/1526/1306
f 782/1527/1340 781/1528/1341 625/1508/1322
f 625/1508/1322 781/1528/1341 780/1529/1342
f 625/1508/1322 780/1529/1342 805/1510/1324
f 805/1510/1324 780/1529/1342 779/1530/1343
f 805/1510/1324 779/1530/1343 778/1531/1344
f 778/1531/1344 777/1532/1345 805/1510/1324
f 805/1510/1324 777/1532/1345 776/1533/1346
f 805/1510/1324 776/1533/1346 775/1534/1347
f 775/1534/1347 774/1535/1348 805/1510/1324
f 805/1510/1324 774/1535/1348 806/1513/1327
f 774/1535/1348 773/1536/1349 806/1513/1327
f 806/1513/1327 773/1536/1349 772/1537/1350
f 806/1513/1327 772/1537/1350 771/1538/1351
f 806/1513/1327 771/1538/1351 807/1516/1330
f 807/1516/1330 771/1538/1351 770/1539/1352
f 807/1516/1330 770/1539/1352 808/1518/1332
f 808/1518/1332 770/1539/1352 769/1540/1353
f 808/1518/1332 769/1540/1353 809/1520/1334
f 809/1520/1334 769/1540/1353 768/1541/1354
f 809/1520/1334 768/1541/1354 810/1522/1336
f 810/1522/1336 768/1541/1354 767/1525/1339
f 609/1542/1355 610/1543/1025 823/1544/1356
f 823/1544/1356 610/1543/1025 804/1545/1357
f 823/1544/1356 804/1545/1357 822/1546/1358
f 822/1546/1358 804/1545/1357 821/1547/1359
f 821/1547/1359 804/1545/1357 824/1548/1360
f 821/1547/1359 824/1548/1360 820/1549/1361
f 820/1549/1361 824/1548/1360 819/1550/1362
f 819/1550/1362 824/1548/1360 818/1551/1363
f 818/1551/1363 824/1548/1360 825/1552/1364
f 818/1551/1363 825/1552/1364 817/1553/1365
f 817/1553/1365 825/1552/1364 816/1554/1366
f 816/1554/1366 825/1552/1364 815/1555/1367
f 815/1555/1367 825/1552/1364 826/1556/1368
f 815/1555/1367 826/1556/1368 814/1557/1369
f 814/1557/1369 826/1556/1368 827/1558/1370
f 814/1557/1369 827/1558/1370 813/1559/1371
f 813/1559/1371 827/1558/1370 828/1560/1372
f 813/1559/1371 828/1560/1372 812/1561/1373
f 812/1561/1373 828/1560/1372 829/1562/1374
f 812/1561/1373 829/1562/1374 811/1563/1375
f 811/1563/1375 829/1562/1374 796/1564/1376
f 811/1563/1375 796/1564/1376 795/1565/1338
f 804/1545/1357 803/1566/1377 824/1548/1360
f 824/1548/1360 803/1566/1377 802/1567/1378
f 824/1548/1360 802/1567/1378 825/1552/1364
f 825/1552/1364 802/1567/1378 801/1568/1379
f 825/1552/1364 801/1568/1379 800/1569/1380
f 825/1552/1364 800/1569/1380 826/1556/1368
f 826/1556/1368 800/1569/1380 799/1570/1381
f 826/1556/1368 799/1570/1381 827/1558/1370
f 827/1558/1370 799/1570/1381 798/1571/1382
f 827/1558/1370 798/1571/1382 828/1560/1372
f 828/1560/1372 798/1571/1382 797/1572/1383
f 828/1560/1372 797/1572/1383 829/1562/1374
f 829/1562/1374 797/1572/1383 796/1564/1376
f 609/1573/1023 823/1574/1384 608/1575/1022
f 608/1575/1022 823/1574/1384 839/1576/1385
f 839/1576/1385 823/1574/1384 822/1577/1386
f 839/1576/1385 822/1577/1386 840/1578/1387
f 840/1578/1387 822/1577/1386 821/1579/1388
f 840/1578/1387 821/1579/1388 820/1580/1389
f 820/1580/1389 819/1581/1390 840/1578/1387
f 840/1578/1387 819/1581/1390 818/1582/1391
f 840/1578/1387 818/1582/1391 841/1583/1392
f 841/1583/1392 818/1582/1391 817/1584/1393
f 841/1583/1392 817/1584/1393 816/1585/1394
f 816/1585/1394 815/1586/1395 841/1583/1392
f 841/1583/1392 815/1586/1395 842/1587/1396
f 841/1583/1392 842/1587/1396 834/1588/1397
f 834/1588/1397 842/1587/1396 833/1589/1398
f 833/1589/1398 842/1587/1396 843/1590/1399
f 833/1589/1398 843/1590/1399 832/1591/1400
f 832/1591/1400 843/1590/1399 844/1592/1401
f 832/1591/1400 844/1592/1401 831/1593/1402
f 831/1593/1402 844/1592/1401 845/1594/1403
f 831/1593/1402 845/1594/1403 830/1595/1404
f 830/1595/1404 845/1594/1403 811/1596/1375
f 811/1596/1375 845/1594/1403 812/1597/1405
f 812/1597/1405 845/1594/1403 844/1592/1401
f 812/1597/1405 844/1592/1401 813/1598/1406
f 813/1598/1406 844/1592/1401 843/1590/1399
f 813/1598/1406 843/1590/1399 814/1599/1407
f 814/1599/1407 843/1590/1399 842/1587/1396
f 814/1599/1407 842/1587/1396 815/1586/1395
f 834/1588/1397 835/1600/1408 841/1583/1392
f 841/1583/1392 835/1600/1408 836/1601/1409
f 841/1583/1392 836/1601/1409 837/1602/1410
f 841/1583/1392 837/1602/1410 840/1578/1387
f 840/1578/1387 837/1602/1410 838/1603/1411
f 840/1578/1387 838/1603/1411 839/1576/1385
f 607/1604/1021 608/1605/1020 858/1606/1412
f 858/1606/1412 608/1605/1020 839/1607/1413
f 858/1606/1412 839/1607/1413 857/1608/1414
f 857/1608/1414 839/1607/1413 856/1609/1415
f 856/1609/1415 839/1607/1413 859/1610/1416
f 856/1609/1415 859/1610/1416 855/1611/1417
f 855/1611/1417 859/1610/1416 854/1612/1418
f 854/1612/1418 859/1610/1416 853/1613/1419
f 853/1613/1419 859/1610/1416 852/1614/1420
f 852/1614/1420 859/1610/1416 860/1615/1421
f 852/1614/1420 860/1615/1421 851/1616/1422
f 851/1616/1422 860/1615/1421 850/1617/1423
f 850/1617/1423 860/1615/1421 861/1618/1424
f 850/1617/1423 861/1618/1424 849/1619/1425
f 849/1619/1425 861/1618/1424 862/1620/1426
f 849/1619/1425 862/1620/1426 848/1621/1427
f 848/1621/1427 862/1620/1426 863/1622/1428
f 848/1621/1427 863/1622/1428 847/1623/1429
f 847/1623/1429 863/1622/1428 864/1624/1430
f 847/1623/1429 864/1624/1430 846/1625/1431
f 846/1625/1431 864/1624/1430 830/1626/1432
f 830/1626/1432 864/1624/1430 831/1627/1433
f 831/1627/1433 864/1624/1430 863/1622/1428
f 831/1627/1433 863/1622/1428 832/1628/1434
f 832/1628/1434 863/1622/1428 862/1620/1426
f 832/1628/1434 862/1620/1426 833/1629/1435
f 833/1629/1435 862/1620/1426 861/1618/1424
f 833/1629/1435 861/1618/1424 834/1630/1436
f 834/1630/1436 861/1618/1424 860/1615/1421
f 834/1630/1436 860/1615/1421 835/1631/1437
f 835/1631/1437 860/1615/1421 836/1632/1438
f 836/1632/1438 860/1615/1421 837/1633/1439
f 837/1633/1439 860/1615/1421 859/1610/1416
f 837/1633/1439 859/1610/1416 838/1634/1440
f 838/1634/1440 859/1610/1416 839/1607/1413
f 606/1635/1018 607/1636/1441 878/1637/1442
f 878/1637/1442 607/1636/1441 858/1638/1443
f 878/1637/1442 858/1638/1443 877/1639/1444
f 877/1639/1444 858/1638/1443 857/1640/1445
f 877/1639/1444 857/1640/1445 876/1641/1446
f 876/1641/1446 857/1640/1445 856/1642/1447
f 876/1641/1446 856/1642/1447 855/1643/1448
f 876/1641/1446 855/1643/1448 875/1644/1449
f 875/1644/1449 855/1643/1448 854/1645/1450
f 875/1644/1449 854/1645/1450 874/1646/1451
f 874/1646/1451 854/1645/1450 853/1647/1452
f 874/1646/1451 853/1647/1452 873/1648/1453
f 873/1648/1453 853/1647/1452 872/1649/1454
f 872/1649/1454 853/1647/1452 852/1650/1455
f 872/1649/1454 852/1650/1455 871/1651/1456
f 871/1651/1456 852/1650/1455 851/1652/1457
f 871/1651/1456 851/1652/1457 870/1653/1458
f 870/1653/1458 851/1652/1457 850/1654/1459
f 870/1653/1458 850/1654/1459 869/1655/1460
f 869/1655/1460 850/1654/1459 849/1656/1461
f 869/1655/1460 849/1656/1461 868/1657/1462
f 868/1657/1462 849/1656/1461 881/1658/1463
f 868/1657/1462 881/1658/1463 867/1659/1464
f 867/1659/1464 881/1658/1463 848/1660/1465
f 867/1659/1464 848/1660/1465 880/1661/1466
f 880/1661/1466 848/1660/1465 847/1662/1467
f 880/1661/1466 847/1662/1467 879/1663/1468
f 879/1663/1468 847/1662/1467 846/1664/1431
f 879/1663/1468 846/1664/1431 865/1665/1469
f 849/1656/1461 848/1660/1465 881/1658/1463
f 865/1665/1469 866/1666/1470 879/1663/1468
f 879/1663/1468 866/1666/1470 880/1661/1466
f 866/1666/1470 867/1659/1464 880/1661/1466
f 606/1667/1471 878/1668/1472 605/1669/1473
f 605/1669/1473 878/1668/1472 894/1670/1474
f 894/1670/1474 878/1668/1472 877/1671/1475
f 894/1670/1474 877/1671/1475 893/1672/1476
f 893/1672/1476 877/1671/1475 876/1673/1477
f 893/1672/1476 876/1673/1477 892/1674/1478
f 892/1674/1478 876/1673/1477 891/1675/1479
f 891/1675/1479 876/1673/1477 875/1676/1480
f 891/1675/1479 875/1676/1480 890/1677/1481
f 890/1677/1481 875/1676/1480 874/1678/1482
f 890/1677/1481 874/1678/1482 889/1679/1483
f 889/1679/1483 874/1678/1482 873/1680/1484
f 889/1679/1483 873/1680/1484 872/1681/1485
f 889/1679/1483 872/1681/1485 888/1682/1486
f 888/1682/1486 872/1681/1485 871/1683/1487
f 888/1682/1486 871/1683/1487 887/1684/1488
f 887/1684/1488 871/1683/1487 870/1685/1489
f 887/1684/1488 870/1685/1489 886/1686/1490
f 886/1686/1490 870/1685/1489 869/1687/1491
f 886/1686/1490 869/1687/1491 895/1688/1492
f 895/1688/1492 869/1687/1491 868/1689/1493
f 895/1688/1492 868/1689/1493 885/1690/1494
f 885/1690/1494 868/1689/1493 897/1691/1495
f 885/1690/1494 897/1691/1495 884/1692/1496
f 884/1692/1496 897/1691/1495 896/1693/1497
f 884/1692/1496 896/1693/1497 883/1694/1498
f 883/1694/1498 896/1693/1497 898/1695/1499
f 883/1694/1498 898/1695/1499 882/1696/1500
f 882/1696/1500 898/1695/1499 865/1697/1469
f 865/1697/1469 898/1695/1499 866/1698/1501
f 866/1698/1501 898/1695/1499 896/1693/1497
f 866/1698/1501 896/1693/1497 867/1699/1502
f 867/1699/1502 896/1693/1497 897/1691/1495
f 867/1699/1502 897/1691/1495 868/1689/1493
f 885/1690/1494 886/1686/1490 895/1688/1492
f 604/1700/1014 605/1701/1015 635/1702/1503
f 635/1702/1503 605/1701/1015 899/1703/1504
f 635/1702/1503 899/1703/1504 636/1704/1505
f 636/1704/1505 899/1703/1504 637/1705/1506
f 637/1705/1506 899/1703/1504 900/1706/1507
f 637/1705/1506 900/1706/1507 638/1707/1508
f 638/1707/1508 900/1706/1507 901/1708/1509
f 638/1707/1508 901/1708/1509 639/1709/1510
f 639/1709/1510 901/1708/1509 902/1710/1511
f 639/1709/1510 902/1710/1511 640/1711/1512
f 640/1711/1512 902/1710/1511 903/1712/1513
f 640/1711/1512 903/1712/1513 641/1713/1514
f 641/1713/1514 903/1712/1513 904/1714/1515
f 641/1713/1514 904/1714/1515 642/1715/1516
f 642/1715/1516 904/1714/1515 882/1716/1500
f 642/1715/1516 882/1716/1500 643/1717/1517
f 894/1718/1518 893/1719/1519 605/1701/1015
f 605/1701/1015 893/1719/1519 899/1703/1504
f 893/1719/1519 892/1720/1520 899/1703/1504
f 899/1703/1504 892/1720/1520 891/1721/1521
f 899/1703/1504 891/1721/1521 890/1722/1522
f 890/1722/1522 889/1723/1523 899/1703/1504
f 899/1703/1504 889/1723/1523 900/1706/1507
f 889/1723/1523 888/1724/1524 900/1706/1507
f 900/1706/1507 888/1724/1524 887/1725/1525
f 900/1706/1507 887/1725/1525 886/1726/1526
f 900/1706/1507 886/1726/1526 901/1708/1509
f 901/1708/1509 886/1726/1526 885/1727/1527
f 901/1708/1509 885/1727/1527 902/1710/1511
f 902/1710/1511 885/1727/1527 884/1728/1528
f 902/1710/1511 884/1728/1528 903/1712/1513
f 903/1712/1513 884/1728/1528 883/1729/1529
f 903/1712/1513 883/1729/1529 904/1714/1515
f 904/1714/1515 883/1729/1529 882/1716/1500
f 600/1730/1071 611/1731/1070 610/1732/1530
f 610/1732/1530 611/1731/1070 625/1733/1531
f 627/1734/1098 643/1735/1100 650/1736/1119
f 650/1736/1119 643/1735/1100 865/1737/1469
f 650/1736/1119 865/1737/1469 747/1738/1270
f 747/1738/1270 865/1737/1469 830/1739/1532
f 747/1738/1270 830/1739/1532 795/1740/1338
f 795/1740/1338 830/1739/1532 811/1741/1375
f 643/1735/1100 882/1742/1500 865/1737/1469
f 865/1737/1469 846/1743/1431 830/1739/1532
f 795/1740/1338 766/1744/1306 747/1738/1270
f 720/1745/1244 705/1746/1197 747/1738/1270
f 747/1738/1270 705/1746/1197 650/1736/1119
f 705/1746/1197 686/1747/1175 650/1736/1119
f 628/1748/1533 674/1749/1534 629/1750/1535
f 629/1750/1535 674/1749/1534 673/1751/1536
f 629/1750/1535 673/1751/1536 630/1752/1537
f 630/1752/1537 673/1751/1536 672/1753/1538
f 630/1752/1537 672/1753/1538 631/1754/1539
f 631/1754/1539 672/1753/1538 905/1755/1540
f 631/1754/1539 905/1755/1540 632/1756/1541
f 632/1756/1541 905/1755/1540 906/1757/1542
f 632/1756/1541 906/1757/1542 633/1758/1543
f 633/1758/1543 906/1757/1542 907/1759/1544
f 633/1758/1543 907/1759/1544 634/1760/1545
f 634/1760/1545 907/1759/1544 908/1761/1546
f 634/1760/1545 908/1761/1546 603/1762/1009
f 603/1762/1009 908/1761/1546 660/1763/1547
f 603/1762/1009 660/1763/1547 659/1764/1548
f 672/1753/1538 671/1765/1549 905/1755/1540
f 905/1755/1540 671/1765/1549 906/1757/1542
f 671/1765/1549 670/1766/1550 906/1757/1542
f 906/1757/1542 670/1766/1550 669/1767/1551
f 906/1757/1542 669/1767/1551 907/1759/1544
f 907/1759/1544 669/1767/1551 668/1768/1552
f 907/1759/1544 668/1768/1552 667/1769/1553
f 907/1759/1544 667/1769/1553 908/1761/1546
f 908/1761/1546 667/1769/1553 666/1770/1554
f 908/1761/1546 666/1770/1554 665/1771/1555
f 665/1771/1555 664/1772/1556 908/1761/1546
f 908/1761/1546 664/1772/1556 663/1773/1557
f 908/1761/1546 663/1773/1557 662/1774/1558
f 662/1774/1558 661/1775/1559 908/1761/1546
f 908/1761/1546 661/1775/1559 660/1763/1547
f 659/1764/1548 658/1776/1560 603/1762/1009
f 603/1762/1009 658/1776/1560 657/1777/1561
f 603/1762/1009 657/1777/1561 601/1778/1562
g Body3

v -9.540864 3.555938 -0.421666
v -9.540864 3.388589 -0.495556
v -9.534516 3.388255 -0.497340
v -9.528380 3.387763 -0.499974
v -9.517059 3.386329 -0.507645
v -9.507490 3.384361 -0.518170
v -9.500170 3.381962 -0.531003
v -9.495295 3.398934 -0.537578
v -9.493638 3.416950 -0.544558
v -9.493638 3.433811 -0.537113
v -9.497084 3.476225 -0.497019
v -9.507008 3.513524 -0.461760
v -9.514052 3.528809 -0.447311
v -9.522213 3.541208 -0.435590
v -9.531241 3.550344 -0.426955
v -9.535996 3.553597 -0.423879
v -9.493638 3.423293 -0.557716
v -9.493652 3.423674 -0.559779
v -9.497419 3.429852 -0.589832
v -9.501698 3.433030 -0.603003
v -9.507421 3.436144 -0.614408
v -9.514421 3.439102 -0.623709
v -9.522490 3.441816 -0.630634
v -9.526852 3.443057 -0.633139
v -9.531391 3.444207 -0.634980
v -9.536073 3.445259 -0.636142
v -9.540864 3.446205 -0.636617
v -9.494316 3.350399 -0.524544
v -9.499699 3.298625 -0.448963
v -9.504275 3.275277 -0.414879
v -9.509969 3.254386 -0.384380
v -9.516645 3.236453 -0.358202
v -9.524142 3.221911 -0.336974
v -9.532280 3.211110 -0.321205
v -9.536529 3.207197 -0.315493
v -9.540864 3.204308 -0.311276
v -9.540864 3.283812 -0.491339
v -9.537049 3.285618 -0.493430
v -9.533298 3.288002 -0.496189
v -9.526058 3.294455 -0.503660
v -9.513084 3.313629 -0.525858
v -9.502902 3.339915 -0.556290
v -9.496265 3.371366 -0.592702
v -9.998064 3.730871 -0.256302
v -9.998064 3.406544 -0.399503
v -9.998064 3.530421 -0.648955
v -9.502333 3.370362 -0.514069
v -9.509689 3.393988 -0.590870
v -9.514063 3.404226 -0.624150
v -9.518839 3.413260 -0.653517
v -9.523965 3.420991 -0.678649
v -9.529384 3.427336 -0.699272
v -9.535038 3.432223 -0.715160
v -9.540864 3.435601 -0.726139
v -9.540864 3.481720 -0.830593
v -9.531241 3.476777 -0.813013
v -9.522213 3.470751 -0.788943
v -9.514052 3.463827 -0.759115
v -9.507008 3.456215 -0.724434
v -9.497084 3.439864 -0.644847
v -9.493638 3.423671 -0.559780
v -9.507008 3.432040 -0.669682
v -9.499717 3.442182 -0.665204
v -9.516660 3.423710 -0.673360
v -9.498698 3.364064 -0.517374
v -9.496010 3.357369 -0.520887
v -9.494810 3.366291 -0.596138
v -9.493932 3.361109 -0.599646
v -9.493638 3.355872 -0.603190
v -9.493638 3.386415 -0.770007
v -9.497084 3.416936 -0.828171
v -9.507008 3.443775 -0.879319
v -9.514052 3.454774 -0.900280
v -9.522213 3.463696 -0.917282
v -9.531241 3.470270 -0.929810
v -9.535996 3.472611 -0.934271
v -9.540864 3.474296 -0.937482
v -9.507008 3.415879 -0.726957
v -9.499717 3.404974 -0.728953
v -9.495178 3.392708 -0.731199
v -9.516660 3.424836 -0.725317
v -9.528152 3.431362 -0.724122
v -9.540864 3.308865 -0.772051
v -9.493638 3.321401 -0.704993
v -9.494506 3.319190 -0.716817
v -9.497084 3.317047 -0.728282
v -9.501294 3.315036 -0.739039
v -9.507008 3.313218 -0.748762
v -9.514052 3.311650 -0.757155
v -9.522213 3.310377 -0.763963
v -9.531241 3.309439 -0.768979
v -9.540864 3.078883 -0.873596
v -9.493638 3.232136 -0.744406
v -9.497084 3.178912 -0.789273
v -9.507008 3.132107 -0.828729
v -9.514052 3.112926 -0.844898
v -9.522213 3.097367 -0.858014
v -9.531241 3.085904 -0.867678
v -9.535996 3.081821 -0.871119
v -9.493638 3.334676 -0.589850
v -9.495791 3.330114 -0.568619
v -9.502088 3.325896 -0.548987
v -9.509447 3.295263 -0.577881
v -9.518646 3.270264 -0.601460
v -9.529276 3.252011 -0.618677
v -9.534982 3.245681 -0.624648
v -9.540864 3.241316 -0.628765
v -9.499717 3.216927 -0.720936
v -9.495178 3.227317 -0.727830
v -9.507008 3.207688 -0.714807
v -9.516660 3.200100 -0.709773
v -9.528152 3.194572 -0.706105
v -9.540864 3.071754 -0.727512
v -9.495791 3.298163 -0.548511
v -9.493638 3.268171 -0.547995
v -9.493638 3.205995 -0.584204
v -9.497084 3.159374 -0.633975
v -9.507008 3.118375 -0.677742
v -9.514052 3.101574 -0.695678
v -9.522213 3.087945 -0.710227
v -9.531241 3.077904 -0.720947
v -9.535996 3.074328 -0.724765
v -9.493638 3.234561 -0.526843
v -9.493804 3.232806 -0.520586
v -9.498291 3.202612 -0.540325
v -9.508442 3.176456 -0.557424
v -9.515321 3.165799 -0.564391
v -9.523163 3.157159 -0.570039
v -9.531755 3.150769 -0.574217
v -9.536260 3.148475 -0.575716
v -9.540864 3.146803 -0.576809
v -9.540864 2.941687 -0.586917
v -9.493638 3.218782 -0.516912
v -9.493638 3.084678 -0.523520
v -9.497084 3.035018 -0.545538
v -9.507008 2.991348 -0.564899
v -9.514052 2.973451 -0.572834
v -9.522213 2.958934 -0.579270
v -9.531241 2.948238 -0.584012
v -9.535996 2.944429 -0.585701
v -9.493638 3.140533 -0.467666
v -9.493720 3.140096 -0.463776
v -9.497912 3.115634 -0.461895
v -9.502278 3.104434 -0.461033
v -9.508007 3.094350 -0.460258
v -9.514939 3.085665 -0.459590
v -9.522878 3.078622 -0.459048
v -9.531601 3.073419 -0.458648
v -9.540864 3.070204 -0.458401
v -9.998064 3.684171 -1.488697
v -9.771907 3.537907 -1.058708
v -9.998064 3.504439 -1.081634
v -9.998064 3.290909 -0.868105
v -9.998064 2.859366 -1.058645
v -9.998064 2.982789 -0.872613
v -9.998064 2.879470 -0.932783
v -9.998064 3.013271 -0.664104
v -9.998064 2.736871 -0.677724
v -9.998064 2.964337 -0.450258
v -9.540864 2.932448 -0.270207
v -9.536181 2.936467 -0.273953
v -9.531601 2.942002 -0.279113
v -9.522878 2.957458 -0.293521
v -9.514939 2.978382 -0.313027
v -9.508007 3.004187 -0.337082
v -9.502278 3.034146 -0.365010
v -9.497912 3.067419 -0.396027
v -9.495178 3.139376 -0.451365
v -9.499717 3.146018 -0.440812
v -9.507008 3.151923 -0.431429
v -9.516660 3.156773 -0.423723
v -9.528152 3.160307 -0.418107
v -9.998064 3.103533 -0.282626
v -9.998064 2.617923 0.022994
v -9.998064 2.956372 0.050669
v -10.065138 3.545339 -1.042940
v -10.065077 3.549460 -1.050794
v -10.062769 3.538009 -1.058639
v -10.057249 3.527358 -1.065934
v -10.048841 3.518134 -1.072253
v -10.038038 3.510876 -1.077225
v -10.025472 3.506010 -1.080558
v -10.011882 3.503821 -1.082057
v -10.004250 3.290743 -0.868993
v -10.010480 3.290728 -0.869074
v -10.022779 3.291149 -0.866819
v -10.034377 3.292154 -0.861445
v -10.044723 3.293694 -0.853209
v -10.053328 3.295696 -0.842499
v -10.059783 3.298065 -0.829824
v -10.063783 3.300690 -0.815784
v -10.065138 3.303445 -0.801046
v -10.063370 3.417414 -0.934959
v -10.058178 3.408059 -0.944314
v -10.049882 3.399899 -0.952474
v -10.038994 3.393439 -0.958933
v -10.026189 3.389079 -0.963294
v -10.012258 3.387087 -0.965285
v -10.065138 3.471627 -0.640342
v -10.063370 3.486358 -0.642500
v -10.058178 3.500179 -0.644525
v -10.049882 3.512234 -0.646291
v -10.038994 3.521777 -0.647689
v -10.026189 3.528219 -0.648632
v -10.012258 3.531161 -0.649063
v -10.001065 3.685294 -1.492349
v -10.002573 3.685705 -1.493687
v -10.004085 3.686016 -1.494696
v -10.005600 3.686226 -1.495378
v -10.007117 3.686334 -1.495731
v -10.008634 3.686342 -1.495755
v -10.010151 3.686248 -1.495451
v -10.011666 3.686053 -1.494818
v -10.013179 3.685758 -1.493857
v -10.016192 3.684864 -1.490953
v -10.022141 3.681880 -1.481253
v -10.027930 3.677330 -1.466460
v -10.033494 3.671264 -1.446741
v -10.038772 3.663751 -1.422319
v -10.043702 3.654875 -1.393468
v -10.052304 3.633452 -1.323825
v -10.058915 3.607955 -1.240945
v -10.063237 3.579532 -1.148550
v -10.063370 3.538333 -0.926370
v -10.058178 3.551346 -0.923988
v -10.058178 3.604181 -1.212556
v -10.049882 3.562697 -0.921909
v -10.049882 3.615532 -1.210478
v -10.038994 3.571684 -0.920264
v -10.038994 3.624518 -1.208833
v -10.026189 3.577749 -0.919154
v -10.026189 3.630584 -1.207722
v -10.012258 3.580519 -0.918646
v -10.012258 3.633354 -1.207215
v -10.065138 3.608743 -0.371749
v -10.059783 3.661153 -0.322206
v -10.053328 3.684237 -0.300385
v -10.044723 3.703742 -0.281947
v -10.034377 3.718743 -0.267767
v -10.028701 3.724323 -0.262492
v -10.022779 3.728529 -0.258516
v -10.016681 3.731312 -0.255885
v -10.013589 3.732158 -0.255086
v -10.010480 3.732637 -0.254633
v -10.007364 3.732748 -0.254528
v -10.004250 3.732489 -0.254772
v -10.001147 3.731863 -0.255364
v -10.012258 3.627497 -0.460355
v -10.026189 3.624988 -0.459075
v -10.038994 3.619496 -0.456271
v -10.049882 3.611360 -0.452117
v -10.058178 3.601082 -0.446871
v -10.063370 3.589298 -0.440855
v -10.065138 3.394009 -0.466562
v -10.063783 3.396764 -0.451824
v -10.059783 3.399388 -0.437784
v -10.053328 3.401758 -0.425109
v -10.044723 3.403760 -0.414399
v -10.034377 3.405300 -0.406162
v -10.022779 3.406304 -0.400789
v -10.010480 3.406726 -0.398533
v -10.004250 3.406711 -0.398614
v -10.012258 3.551900 -0.334549
v -10.026189 3.553038 -0.337125
v -10.038994 3.555528 -0.342767
v -10.049882 3.559218 -0.351124
v -10.058178 3.563879 -0.361680
v -10.063370 3.569223 -0.373783
v -10.065138 3.129466 -0.202020
v -10.063783 3.091424 -0.146484
v -10.059783 3.055185 -0.093581
v -10.053328 3.022468 -0.045819
v -10.044723 2.994823 -0.005463
v -10.034377 2.973561 0.025576
v -10.022779 2.959691 0.045824
v -10.019748 2.957463 0.049076
v -10.016681 2.955747 0.051581
v -10.013589 2.954548 0.053332
v -10.010480 2.953869 0.054323
v -10.008923 2.953725 0.054533
v -10.007364 2.953712 0.054552
v -10.005806 2.953830 0.054380
v -10.004250 2.954078 0.054018
v -10.001147 2.954966 0.052722
v -10.012258 3.274072 -0.266029
v -10.012258 3.113837 -0.105794
v -10.026189 3.272081 -0.268020
v -10.026189 3.111845 -0.107785
v -10.038994 3.267720 -0.272380
v -10.038994 3.107485 -0.112145
v -10.049882 3.261260 -0.278840
v -10.049882 3.101025 -0.118605
v -10.058178 3.253100 -0.287000
v -10.058178 3.092865 -0.126765
v -10.063370 3.243745 -0.296355
v -10.065138 3.229393 -0.428337
v -10.059783 3.175382 -0.365807
v -10.053328 3.151593 -0.338266
v -10.044723 3.131492 -0.314994
v -10.034377 3.116032 -0.297096
v -10.028701 3.110281 -0.290439
v -10.022779 3.105946 -0.285420
v -10.016681 3.103079 -0.282101
v -10.013589 3.102207 -0.281091
v -10.010480 3.101713 -0.280519
v -10.007364 3.101599 -0.280387
v -10.004250 3.101865 -0.280695
v -10.001147 3.102511 -0.281442
v -10.063370 3.104791 -0.181047
v -10.012258 3.065557 -0.198370
v -10.026189 3.068133 -0.197233
v -10.038994 3.073774 -0.194742
v -10.049882 3.082132 -0.191052
v -10.058178 3.092688 -0.186391
v -10.065138 2.837506 -0.181701
v -10.063783 2.789246 -0.136714
v -10.059783 2.743274 -0.093859
v -10.053328 2.701770 -0.055168
v -10.044723 2.666700 -0.022477
v -10.034377 2.639728 0.002667
v -10.028701 2.629695 0.012020
v -10.022779 2.622133 0.019069
v -10.019748 2.619307 0.021704
v -10.016681 2.617130 0.023733
v -10.013589 2.615609 0.025151
v -10.010480 2.614747 0.025954
v -10.008923 2.614565 0.026124
v -10.007364 2.614548 0.026140
v -10.005806 2.614698 0.026000
v -10.004250 2.615013 0.025707
v -10.001147 2.616138 0.024657
v -10.012258 3.044654 -0.244734
v -10.012258 2.829560 -0.109363
v -10.026189 3.043154 -0.247117
v -10.026189 2.828060 -0.111747
v -10.038994 3.039870 -0.252336
v -10.038994 2.824775 -0.116966
v -10.049882 3.035004 -0.260068
v -10.049882 2.819909 -0.124697
v -10.058178 3.028857 -0.269834
v -10.058178 2.813763 -0.134464
v -10.063370 3.021810 -0.281031
v -10.063370 2.806716 -0.145661
v -10.065138 3.038247 -0.455943
v -10.063783 3.022003 -0.454693
v -10.059783 3.006529 -0.453503
v -10.053328 2.992559 -0.452429
v -10.044723 2.980755 -0.451521
v -10.034377 2.971677 -0.450822
v -10.022779 2.965754 -0.450367
v -10.016681 2.964070 -0.450237
v -10.010480 2.963268 -0.450176
v -10.004250 2.963357 -0.450183
v -10.012258 2.803467 -0.231686
v -10.026189 2.805740 -0.230023
v -10.038994 2.810716 -0.226380
v -10.049882 2.818087 -0.220984
v -10.058178 2.827399 -0.214169
v -10.063370 2.838075 -0.206354
v -10.065138 2.879862 -0.614328
v -10.059783 2.818499 -0.641534
v -10.053328 2.791471 -0.653516
v -10.044723 2.768634 -0.663641
v -10.034377 2.751071 -0.671429
v -10.028701 2.744537 -0.674325
v -10.022779 2.739612 -0.676509
v -10.016681 2.736355 -0.677953
v -10.013589 2.735364 -0.678392
v -10.010480 2.734803 -0.678641
v -10.007364 2.734674 -0.678698
v -10.004250 2.734976 -0.678564
v -10.001147 2.735709 -0.678239
v -10.012258 2.866366 -0.547227
v -10.026189 2.868358 -0.549218
v -10.038994 2.872718 -0.553578
v -10.049882 2.879178 -0.560038
v -10.058178 2.887338 -0.568198
v -10.063370 2.896693 -0.577553
v -10.065138 3.106495 -0.603160
v -10.059783 3.066489 -0.629313
v -10.053328 3.048869 -0.640833
v -10.044723 3.033980 -0.650566
v -10.034377 3.022529 -0.658052
v -10.028701 3.018269 -0.660836
v -10.022779 3.015058 -0.662935
v -10.016681 3.012935 -0.664324
v -10.010480 3.011923 -0.664985
v -10.004250 3.012036 -0.664911
v -10.012258 2.921983 -0.669312
v -10.026189 2.921844 -0.666499
v -10.038994 2.921541 -0.660340
v -10.049882 2.921091 -0.651215
v -10.058178 2.920523 -0.639690
v -10.063370 2.919872 -0.626476
v -10.065138 3.013711 -0.789475
v -10.059783 2.956103 -0.850974
v -10.053328 2.930730 -0.878061
v -10.044723 2.909290 -0.900949
v -10.034377 2.892801 -0.918552
v -10.028701 2.886667 -0.925100
v -10.022779 2.882044 -0.930035
v -10.016681 2.878986 -0.933300
v -10.013589 2.878056 -0.934293
v -10.010480 2.877529 -0.934855
v -10.007364 2.877407 -0.934985
v -10.004250 2.877691 -0.934682
v -10.001147 2.878379 -0.933947
v -10.012258 2.966514 -0.756405
v -10.026189 2.969035 -0.757660
v -10.038994 2.974555 -0.760409
v -10.049882 2.982733 -0.764482
v -10.058178 2.993062 -0.769626
v -10.063370 3.004905 -0.775523
v -10.065138 3.163277 -0.702373
v -10.059783 3.085823 -0.775429
v -10.053328 3.051708 -0.807607
v -10.044723 3.022883 -0.834796
v -10.034377 3.000713 -0.855708
v -10.028701 2.992466 -0.863486
v -10.022779 2.986250 -0.869349
v -10.019748 2.983927 -0.871540
v -10.016681 2.982138 -0.873228
v -10.013589 2.980888 -0.874407
v -10.010480 2.980179 -0.875075
v -10.007364 2.980016 -0.875229
v -10.004250 2.980397 -0.874869
v -10.001147 2.981323 -0.873997
v -10.063370 3.013060 -0.806174
v -10.058178 3.019718 -0.817606
v -10.049882 3.025525 -0.827578
v -10.065138 3.012620 -0.929455
v -10.059783 2.946853 -0.984896
v -10.053328 2.917886 -1.009314
v -10.044723 2.893410 -1.029947
v -10.034377 2.874585 -1.045816
v -10.028701 2.867583 -1.051719
v -10.022779 2.862305 -1.056168
v -10.016681 2.858813 -1.059112
v -10.013589 2.857752 -1.060007
v -10.010480 2.857150 -1.060513
v -10.007364 2.857012 -1.060631
v -10.004250 2.857335 -1.060357
v -10.001147 2.858121 -1.059695
v -10.038994 2.993950 -0.870758
v -10.058178 3.011179 -0.882188
v -10.049882 3.001563 -0.875808
v -10.063370 3.022203 -0.889502
v -10.012258 3.091706 -0.956834
v -10.026189 3.090569 -0.954258
v -10.038994 3.088078 -0.948617
v -10.049882 3.084388 -0.940259
v -10.058178 3.079727 -0.929703
v -10.063370 3.074383 -0.917600
v -10.048841 3.608688 -1.277343
v -10.038038 3.600777 -1.280836
v -10.025472 3.595473 -1.283177
v -10.011882 3.593088 -1.284231
vt 0.183919 0.039898 0.000000
vt 0.000983 0.039898 0.000000
vt 0.180883 0.034911 0.000000
vt -0.000043 0.033373 0.000000
vt 0.176665 0.029924 0.000000
vt -0.001557 0.026847 0.000000
vt 0.164820 0.019949 0.000000
vt -0.005967 0.013796 0.000000
vt 0.148743 0.009975 0.000000
vt -0.012018 0.000744 0.000000
vt 0.128924 0.000000 0.000000
vt -0.019396 -0.012307 0.000000
vt 0.080562 -0.019949 0.000000
vt -0.006527 -0.026103 0.000000
vt 0.025567 -0.039898 0.000000
vt 0.007136 -0.039898 0.000000
vt -0.078495 -0.039898 0.000000
vt -0.076830 -0.038621 0.000000
vt -0.101627 -0.039898 0.000000
vt -0.156623 -0.019949 0.000000
vt -0.052873 -0.018991 0.000000
vt -0.042587 -0.009176 0.000000
vt -0.204985 -0.000000 0.000000
vt -0.033845 0.000639 0.000000
vt -0.224804 0.009975 0.000000
vt -0.026906 0.010454 0.000000
vt -0.240880 0.019949 0.000000
vt -0.021972 0.020268 0.000000
vt -0.020305 0.025176 0.000000
vt -0.252726 0.029924 0.000000
vt -0.019189 0.030083 0.000000
vt -0.256944 0.034911 0.000000
vt -0.018632 0.034991 0.000000
vt -0.259980 0.039898 0.000000
vt -0.018639 0.039898 0.000000
vt -0.103478 -0.031083 0.000000
vt -0.013424 -0.013338 0.000000
vt -0.174297 -0.022501 0.000000
vt -0.128284 -0.006901 0.000000
vt 0.027187 -0.004465 0.000000
vt 0.063525 0.004408 0.000000
vt -0.089828 0.008698 0.000000
vt 0.094716 0.013280 0.000000
vt -0.061776 0.024298 0.000000
vt 0.120010 0.022153 0.000000
vt 0.138797 0.031026 0.000000
vt -0.052336 0.032098 0.000000
vt 0.145604 0.035462 0.000000
vt -0.048848 0.035998 0.000000
vt -0.046206 0.039898 0.000000
vt 0.150627 0.039898 0.000000
vt -0.159507 0.047955 0.000000
vt 0.023429 0.047955 0.000000
vt -0.104284 0.512208 0.000000
vt 0.250250 0.512208 0.000000
vt -0.002820 0.047955 0.000000
vt -0.030123 0.512208 0.000000
vt -0.244161 0.047955 0.000000
vt -0.470982 0.512208 0.000000
vt 0.076921 -0.007958 0.000000
vt -0.090346 -0.013299 0.000000
vt 0.056744 -0.012307 0.000000
vt -0.070787 -0.019949 0.000000
vt 0.043875 -0.026103 0.000000
vt 0.013572 -0.039898 0.000000
vt 0.030213 -0.039898 0.000000
vt -0.090346 -0.000000 0.000000
vt -0.002880 0.004006 0.000000
vt -0.037459 0.009988 0.000000
vt -0.090346 0.013299 0.000000
vt -0.067972 0.015970 0.000000
vt -0.094086 0.021952 0.000000
vt -0.215082 0.019949 0.000000
vt -0.115514 0.027934 0.000000
vt -0.239534 0.029924 0.000000
vt -0.132023 0.033916 0.000000
vt -0.257613 0.039898 0.000000
vt -0.143431 0.039898 0.000000
vt -0.184998 0.009975 0.000000
vt -0.150197 -0.000000 0.000000
vt -0.220102 -0.015666 0.000000
vt -0.004615 -0.013299 0.000000
vt -0.222219 -0.007958 0.000000
vt -0.004615 -0.000000 0.000000
vt -0.142418 0.004006 0.000000
vt -0.107839 0.009988 0.000000
vt -0.004615 0.013299 0.000000
vt -0.077326 0.015970 0.000000
vt -0.051212 0.021952 0.000000
vt 0.191210 0.019949 0.000000
vt -0.004615 0.026599 0.000000
vt 0.204717 0.029924 0.000000
vt -0.013275 0.033916 0.000000
vt 0.209527 0.034911 0.000000
vt -0.001868 0.039898 0.000000
vt 0.212989 0.039898 0.000000
vt -0.144691 -0.022501 0.000000
vt -0.217852 -0.023375 0.000000
vt -0.215510 -0.031083 0.000000
vt -0.004615 -0.026599 0.000000
vt -0.142226 -0.028300 0.000000
vt -0.139708 -0.034099 0.000000
vt -0.137164 -0.039898 0.000000
vt 0.032425 -0.039898 0.000000
vt 0.095135 -0.019949 0.000000
vt 0.150280 -0.000000 0.000000
vt 0.172879 0.009975 0.000000
vt -0.029784 0.027934 0.000000
vt -0.329156 0.039898 0.000000
vt -0.325694 0.034911 0.000000
vt -0.095201 0.039898 0.000000
vt -0.093435 0.029924 0.000000
vt -0.320884 0.029924 0.000000
vt -0.307377 0.019949 0.000000
vt -0.090551 0.019949 0.000000
vt -0.289046 0.009975 0.000000
vt -0.086637 0.009975 0.000000
vt -0.266447 0.000000 0.000000
vt -0.081812 -0.000000 0.000000
vt -0.076222 -0.009975 0.000000
vt -0.211301 -0.019949 0.000000
vt -0.070037 -0.019949 0.000000
vt -0.063446 -0.029924 0.000000
vt -0.148592 -0.039898 0.000000
vt -0.056648 -0.039898 0.000000
vt 0.151502 0.039898 0.000000
vt -0.099900 0.039898 0.000000
vt 0.147814 0.034911 0.000000
vt -0.101666 0.029924 0.000000
vt 0.142689 0.029924 0.000000
vt 0.128298 0.019949 0.000000
vt -0.104550 0.019949 0.000000
vt 0.108768 0.009975 0.000000
vt -0.108464 0.009975 0.000000
vt 0.084690 0.000000 0.000000
vt -0.113290 0.000000 0.000000
vt -0.118880 -0.009975 0.000000
vt 0.025937 -0.019949 0.000000
vt -0.125064 -0.019949 0.000000
vt -0.131656 -0.029924 0.000000
vt -0.138454 -0.039898 0.000000
vt -0.040875 -0.039898 0.000000
vt -0.143826 -0.039898 0.000000
vt 0.041651 -0.039898 0.000000
vt -0.132678 -0.026599 0.000000
vt 0.056821 -0.024161 0.000000
vt -0.132678 -0.013299 0.000000
vt 0.070848 -0.008424 0.000000
vt -0.132678 -0.000000 0.000000
vt 0.029836 0.003657 0.000000
vt -0.132678 0.013299 0.000000
vt -0.003633 0.015737 0.000000
vt -0.132678 0.026599 0.000000
vt -0.028071 0.027818 0.000000
vt -0.036546 0.033858 0.000000
vt -0.332515 0.034911 0.000000
vt -0.042389 0.039898 0.000000
vt -0.336204 0.039898 0.000000
vt -0.327391 0.029924 0.000000
vt -0.313000 0.019949 0.000000
vt -0.293469 0.009975 0.000000
vt -0.269392 -0.000000 0.000000
vt -0.210638 -0.019949 0.000000
vt 0.128181 0.039898 0.000000
vt -0.068040 0.039898 0.000000
vt 0.124574 0.034911 0.000000
vt -0.073883 0.033858 0.000000
vt 0.119563 0.029924 0.000000
vt -0.082358 0.027818 0.000000
vt 0.105490 0.019949 0.000000
vt -0.106796 0.015737 0.000000
vt 0.086391 0.009975 0.000000
vt -0.140265 0.003657 0.000000
vt 0.062846 -0.000000 0.000000
vt -0.181276 -0.008424 0.000000
vt 0.005392 -0.019949 0.000000
vt -0.157551 -0.024161 0.000000
vt -0.059942 -0.039898 0.000000
vt -0.131893 -0.039898 0.000000
vt 0.052970 -0.039898 0.000000
vt 0.057788 -0.035534 0.000000
vt -0.011111 -0.039898 0.000000
vt -0.076446 -0.019949 0.000000
vt 0.026659 -0.016676 0.000000
vt -0.133900 0.000000 0.000000
vt -0.000307 0.002182 0.000000
vt -0.157445 0.009975 0.000000
vt -0.011293 0.011611 0.000000
vt -0.176544 0.019949 0.000000
vt -0.020201 0.021040 0.000000
vt -0.190616 0.029924 0.000000
vt -0.026789 0.030469 0.000000
vt -0.195627 0.034911 0.000000
vt -0.029154 0.035184 0.000000
vt -0.199234 0.039898 0.000000
vt -0.030878 0.039898 0.000000
vt 0.163306 0.039898 0.000000
vt -0.042059 0.039898 0.000000
vt 0.160508 0.034911 0.000000
vt -0.043782 0.035184 0.000000
vt -0.046148 0.030469 0.000000
vt 0.156620 0.029924 0.000000
vt -0.052735 0.021040 0.000000
vt 0.145704 0.019949 0.000000
vt -0.061643 0.011611 0.000000
vt 0.130887 0.009975 0.000000
vt -0.072630 0.002182 0.000000
vt 0.112622 -0.000000 0.000000
vt -0.099596 -0.016676 0.000000
vt 0.068052 -0.019949 0.000000
vt -0.130724 -0.035534 0.000000
vt 0.017368 -0.039898 0.000000
vt -0.116898 -0.039898 0.000000
vt 0.017938 -0.039898 0.000000
vt 0.020380 -0.036838 0.000000
vt -0.061052 -0.039898 0.000000
vt -0.111735 -0.019949 0.000000
vt 0.004413 -0.017654 0.000000
vt -0.002897 -0.008062 0.000000
vt -0.156306 0.000000 0.000000
vt -0.009479 0.001530 0.000000
vt -0.174571 0.009975 0.000000
vt -0.015149 0.011122 0.000000
vt -0.189387 0.019949 0.000000
vt -0.019746 0.020714 0.000000
vt -0.200304 0.029924 0.000000
vt -0.023141 0.030306 0.000000
vt -0.204191 0.034911 0.000000
vt -0.025240 0.039898 0.000000
vt -0.206990 0.039898 0.000000
vt -0.119614 0.003500 0.000000
vt -0.175532 0.003840 0.000000
vt -0.206206 -0.000000 0.000000
vt -0.206206 0.000014 0.000000
vt -0.208305 -0.000000 0.000000
vt -0.038383 0.013577 0.000000
vt -0.133242 0.029297 0.000000
vt -0.140543 0.021104 0.000000
vt -0.150226 0.013996 0.000000
vt -0.002899 0.020730 0.000000
vt -0.126567 0.047955 0.000000
vt -0.127205 0.043090 0.000000
vt -0.128537 0.038336 0.000000
vt 0.027689 0.029016 0.000000
vt 0.052450 0.038184 0.000000
vt 0.070633 0.047955 0.000000
vt 0.754438 0.512208 0.000000
vt -0.099264 0.512208 0.000000
vt -0.130555 0.033727 0.000000
vt -0.162004 0.008185 0.000000
vt -0.070633 0.047955 0.000000
vt -0.416189 0.282562 0.000000
vt -0.184815 0.047955 0.000000
vt -0.868620 0.512208 0.000000
vt -0.423644 0.512208 0.000000
vt -0.188141 0.047955 0.000000
vt 0.026715 0.047955 0.000000
vt 0.157415 0.282562 0.000000
vt -0.005704 0.047955 0.000000
vt -0.060927 0.512208 0.000000
vt -0.239659 0.047955 0.000000
vt -0.370359 0.282562 0.000000
vt -0.362904 0.512208 0.000000
vt -0.222939 0.047955 0.000000
vt 0.028463 0.047955 0.000000
vt -0.167716 0.512208 0.000000
vt 0.304020 0.512208 0.000000
vt -0.035752 0.047955 0.000000
vt -0.381873 0.512208 0.000000
vt -0.329567 0.047955 0.000000
vt -0.605124 0.512208 0.000000
vt -0.168387 0.047955 0.000000
vt 0.027834 0.047955 0.000000
vt 0.177734 0.512208 0.000000
vt 0.297297 0.512208 0.000000
vt -0.014220 0.047955 0.000000
vt -0.151887 0.512208 0.000000
vt -0.182576 0.047955 0.000000
vt -0.452039 0.512208 0.000000
vt -0.183773 0.047955 0.000000
vt 0.021592 0.047955 0.000000
vt -0.046106 0.512208 0.000000
vt 0.230630 0.512208 0.000000
vt 0.149564 0.079154 0.000000
vt 0.059411 -0.020344 0.000000
vt 0.149564 0.000164 0.000000
vt 0.020869 0.036280 0.000000
vt 0.002508 -0.033288 0.000000
vt 0.041231 -0.024480 0.000000
vt -0.238089 0.040087 0.000000
vt -0.098535 -0.056274 0.000000
vt -0.146145 0.040087 0.000000
vt -0.074114 -0.050718 0.000000
vt -0.110895 0.131076 0.000000
vt -0.106922 -0.158108 0.000000
vt -0.100264 -0.140922 0.000000
vt -0.114053 -0.136103 0.000000
vt -0.115780 -0.134911 0.000000
vt -0.007138 0.047955 0.000000
vt -0.076239 0.512208 0.000000
vt -0.188887 0.047955 0.000000
vt -0.397925 0.512208 0.000000
vt -0.100942 0.039898 0.000000
vt -0.103486 0.034099 0.000000
vt -0.075897 0.039898 0.000000
vt -0.060727 0.024161 0.000000
vt -0.106003 0.028300 0.000000
vt -0.108468 0.022501 0.000000
vt -0.046701 0.008424 0.000000
vt -0.062455 0.006901 0.000000
vt 0.163156 0.000000 0.000000
vt -0.023999 -0.008698 0.000000
vt 0.163156 -0.013299 0.000000
vt 0.004053 -0.024298 0.000000
vt 0.163156 -0.026599 0.000000
vt 0.013493 -0.032098 0.000000
vt 0.429384 -0.035102 0.000000
vt 0.016980 -0.035998 0.000000
vt 0.434780 -0.039898 0.000000
vt 0.019623 -0.039898 0.000000
vt 0.421951 -0.030306 0.000000
vt 0.401195 -0.020714 0.000000
vt 0.373097 -0.011122 0.000000
vt 0.338445 -0.001530 0.000000
vt 0.298213 0.008062 0.000000
vt 0.163156 0.013299 0.000000
vt 0.253532 0.017654 0.000000
vt -0.022976 0.024161 0.000000
vt 0.163156 0.026599 0.000000
vt 0.047213 0.035534 0.000000
vt 0.155936 0.036838 0.000000
vt 0.061039 0.039898 0.000000
vt 0.153495 0.039898 0.000000
vt 0.042395 0.039898 0.000000
vt 0.002683 0.039898 0.000000
vt -0.042020 -0.036838 0.000000
vt 0.055576 -0.017654 0.000000
vt -0.026053 -0.017654 0.000000
vt -0.018743 -0.008062 0.000000
vt 0.100256 -0.008062 0.000000
vt -0.012161 0.001530 0.000000
vt 0.140488 0.001530 0.000000
vt -0.006492 0.011122 0.000000
vt 0.175140 0.011122 0.000000
vt -0.001894 0.020714 0.000000
vt 0.203239 0.020714 0.000000
vt 0.001501 0.030306 0.000000
vt 0.223995 0.030306 0.000000
vt 0.231428 0.035102 0.000000
vt 0.236824 0.039898 0.000000
vt 0.003600 0.039898 0.000000
vt -0.027243 0.047955 0.000000
vt -0.290990 0.512208 0.000000
vt -0.442401 0.047955 0.000000
vt -0.864768 0.512208 0.000000
vt -0.152288 0.047955 0.000000
vt 0.044546 0.047955 0.000000
vt 0.111459 0.512208 0.000000
vt 0.475797 0.512208 0.000000
vt -0.240683 0.039898 0.000000
vt -0.235660 0.035462 0.000000
vt 0.019928 0.039898 0.000000
vt 0.020954 0.033373 0.000000
vt -0.228853 0.031026 0.000000
vt 0.022468 0.026847 0.000000
vt -0.210066 0.022153 0.000000
vt 0.026878 0.013796 0.000000
vt -0.184772 0.013280 0.000000
vt -0.153581 0.004408 0.000000
vt 0.032929 0.000744 0.000000
vt -0.117243 -0.004465 0.000000
vt 0.020130 -0.007958 0.000000
vt -0.076632 -0.013338 0.000000
vt 0.018014 -0.015666 0.000000
vt 0.015764 -0.023375 0.000000
vt 0.013422 -0.031083 0.000000
vt 0.040307 -0.012307 0.000000
vt -0.005704 0.047955 0.000000
vt -0.060927 0.512208 0.000000
vt -0.266316 0.047955 0.000000
vt -0.697567 0.512208 0.000000
vt -0.462429 0.047232 0.000000
vt -0.287150 0.035623 0.000000
vt -0.453961 0.049873 0.000000
vt -0.120344 0.037405 0.000000
vt -0.111871 0.049873 0.000000
vt -0.459878 0.033360 0.000000
vt -0.287150 0.021374 0.000000
vt -0.128416 0.024936 0.000000
vt -0.135703 0.012468 0.000000
vt -0.287150 0.007125 0.000000
vt -0.141860 -0.000000 0.000000
vt -0.287150 -0.007125 0.000000
vt -0.146596 -0.012468 0.000000
vt -0.287150 -0.021374 0.000000
vt -0.149685 -0.024936 0.000000
vt -0.287150 -0.035623 0.000000
vt -0.150982 -0.037405 0.000000
vt -0.150935 -0.043639 0.000000
vt -0.452264 -0.036001 0.000000
vt -0.452401 -0.049873 0.000000
vt -0.457506 0.019488 0.000000
vt -0.455451 0.005616 0.000000
vt -0.453835 -0.008256 0.000000
vt -0.452751 -0.022128 0.000000
vt -0.150425 -0.049873 0.000000
vt 0.403379 0.049873 0.000000
vt -0.005913 0.049873 0.000000
vt 0.411846 0.047232 0.000000
vt 0.287453 0.035623 0.000000
vt 0.513420 0.035094 0.000000
vt 0.287453 0.021374 0.000000
vt 0.580818 0.021374 0.000000
vt 0.580818 0.007125 0.000000
vt 0.695540 0.010818 0.000000
vt 0.767901 -0.001320 0.000000
vt 0.580818 -0.007125 0.000000
vt 0.797879 -0.007389 0.000000
vt 0.823256 -0.013458 0.000000
vt 0.580818 -0.021374 0.000000
vt 0.843744 -0.019527 0.000000
vt 0.859115 -0.025596 0.000000
vt 0.580818 -0.035623 0.000000
vt 0.869194 -0.031666 0.000000
vt 0.872211 -0.034700 0.000000
vt 0.873210 -0.036217 0.000000
vt 0.873867 -0.037735 0.000000
vt 0.874184 -0.039252 0.000000
vt 0.874158 -0.040769 0.000000
vt 0.873791 -0.042286 0.000000
vt 0.866850 -0.049873 0.000000
vt 0.873083 -0.043804 0.000000
vt 0.872034 -0.045321 0.000000
vt 0.870645 -0.046838 0.000000
vt -0.001137 0.035623 0.000000
vt 0.003344 0.021374 0.000000
vt 0.007252 0.007125 0.000000
vt 0.287453 0.007125 0.000000
vt 0.010346 -0.007125 0.000000
vt 0.287453 -0.007125 0.000000
vt 0.012435 -0.021374 0.000000
vt 0.287453 -0.021374 0.000000
vt 0.013388 -0.035623 0.000000
vt 0.287453 -0.035623 0.000000
vt 0.013149 -0.049873 0.000000
vt 0.609422 0.022956 0.000000
vt -0.486800 -0.049873 0.000000
vt -0.045942 -0.049873 0.000000
vt -0.488087 -0.046756 0.000000
vt -0.488899 -0.043639 0.000000
vt -0.258057 -0.035623 0.000000
vt -0.489234 -0.040522 0.000000
vt -0.489090 -0.037405 0.000000
vt -0.488469 -0.034288 0.000000
vt -0.487372 -0.031170 0.000000
vt -0.258057 -0.021374 0.000000
vt -0.483764 -0.024936 0.000000
vt -0.478310 -0.018702 0.000000
vt -0.471075 -0.012468 0.000000
vt -0.258057 -0.007125 0.000000
vt -0.451624 0.000000 0.000000
vt -0.258057 0.007125 0.000000
vt -0.426334 0.012468 0.000000
vt -0.258057 0.021374 0.000000
vt -0.396403 0.024936 0.000000
vt -0.258057 0.035623 0.000000
vt -0.328448 0.049873 0.000000
vt -0.026880 0.049873 0.000000
vt -0.031656 0.035623 0.000000
vt -0.036137 0.021374 0.000000
vt -0.040045 0.007125 0.000000
vt -0.043139 -0.007125 0.000000
vt -0.045228 -0.021374 0.000000
vt -0.046181 -0.035623 0.000000
vt 0.056206 -0.049873 0.000000
vt 0.410740 -0.049873 0.000000
vt 0.056717 -0.043639 0.000000
vt 0.215413 -0.035623 0.000000
vt 0.056763 -0.037405 0.000000
vt 0.055467 -0.024936 0.000000
vt 0.215413 -0.021374 0.000000
vt 0.052377 -0.012468 0.000000
vt 0.215413 -0.007125 0.000000
vt 0.047642 -0.000000 0.000000
vt 0.215413 0.007125 0.000000
vt 0.041484 0.012468 0.000000
vt 0.215413 0.021374 0.000000
vt 0.034197 0.024936 0.000000
vt 0.215413 0.035623 0.000000
vt 0.026126 0.037405 0.000000
vt 0.252387 0.049873 0.000000
vt 0.017652 0.049873 0.000000
vt 0.412026 -0.046756 0.000000
vt 0.412838 -0.043639 0.000000
vt 0.413173 -0.040522 0.000000
vt 0.413029 -0.037405 0.000000
vt 0.412408 -0.034288 0.000000
vt 0.411311 -0.031170 0.000000
vt 0.407704 -0.024936 0.000000
vt 0.402250 -0.018702 0.000000
vt 0.395014 -0.012468 0.000000
vt 0.375564 -0.000000 0.000000
vt 0.350273 0.012468 0.000000
vt 0.320342 0.024936 0.000000
vt -0.671935 -0.049873 0.000000
vt -0.035295 -0.049873 0.000000
vt -0.674382 -0.046756 0.000000
vt -0.035806 -0.043639 0.000000
vt -0.675925 -0.043639 0.000000
vt -0.676357 -0.042080 0.000000
vt -0.676562 -0.040522 0.000000
vt -0.676539 -0.038963 0.000000
vt -0.449955 -0.035623 0.000000
vt -0.676289 -0.037405 0.000000
vt -0.675108 -0.034288 0.000000
vt -0.673022 -0.031170 0.000000
vt -0.670037 -0.028053 0.000000
vt -0.449955 -0.021374 0.000000
vt -0.666163 -0.024936 0.000000
vt -0.642037 -0.012468 0.000000
vt -0.449955 -0.007125 0.000000
vt -0.605055 -0.000000 0.000000
vt -0.449955 0.007125 0.000000
vt -0.556971 0.012468 0.000000
vt -0.449955 0.021374 0.000000
vt -0.500063 0.024936 0.000000
vt -0.223348 0.021374 0.000000
vt -0.223348 0.035623 0.000000
vt -0.013287 0.024936 0.000000
vt -0.005215 0.037405 0.000000
vt -0.223348 -0.035623 0.000000
vt -0.035853 -0.037405 0.000000
vt -0.034556 -0.024936 0.000000
vt -0.223348 -0.021374 0.000000
vt -0.031467 -0.012468 0.000000
vt -0.223348 -0.007125 0.000000
vt -0.026731 -0.000000 0.000000
vt -0.223348 0.007125 0.000000
vt -0.020574 0.012468 0.000000
vt 0.003258 0.049873 0.000000
vt -0.370861 0.049873 0.000000
vt -0.437031 0.037405 0.000000
vt 0.217541 -0.049873 0.000000
vt 0.581879 -0.049873 0.000000
vt 0.219037 -0.046756 0.000000
vt 0.584325 -0.046756 0.000000
vt 0.219981 -0.043639 0.000000
vt 0.585869 -0.043639 0.000000
vt 0.586301 -0.042080 0.000000
vt 0.309957 -0.035623 0.000000
vt 0.586505 -0.040522 0.000000
vt 0.586483 -0.038963 0.000000
vt 0.586233 -0.037405 0.000000
vt 0.585051 -0.034288 0.000000
vt 0.582965 -0.031170 0.000000
vt 0.579981 -0.028053 0.000000
vt 0.309957 -0.021374 0.000000
vt 0.218205 -0.031170 0.000000
vt 0.214010 -0.024936 0.000000
vt 0.207669 -0.018702 0.000000
vt 0.199255 -0.012468 0.000000
vt 0.309957 -0.007125 0.000000
vt 0.176638 0.000000 0.000000
vt 0.309957 0.007125 0.000000
vt 0.147230 0.012468 0.000000
vt 0.309957 0.021374 0.000000
vt 0.112427 0.024936 0.000000
vt 0.309957 0.035623 0.000000
vt 0.033409 0.049873 0.000000
vt 0.280805 0.049873 0.000000
vt 0.346974 0.037405 0.000000
vt 0.410007 0.024936 0.000000
vt 0.466915 0.012468 0.000000
vt 0.514999 -0.000000 0.000000
vt 0.551981 -0.012468 0.000000
vt 0.576106 -0.024936 0.000000
vt 0.219481 -0.034288 0.000000
vt 0.220203 -0.037405 0.000000
vt 0.220370 -0.040522 0.000000
vt -0.283369 -0.049873 0.000000
vt -0.284865 -0.046756 0.000000
vt -0.857148 -0.049873 0.000000
vt -0.859544 -0.046756 0.000000
vt -0.285810 -0.043639 0.000000
vt -0.861055 -0.043639 0.000000
vt -0.861478 -0.042080 0.000000
vt -0.286199 -0.040522 0.000000
vt -0.861679 -0.040522 0.000000
vt -0.861656 -0.038963 0.000000
vt -0.861412 -0.037405 0.000000
vt -0.607532 -0.035623 0.000000
vt -0.860255 -0.034288 0.000000
vt -0.858212 -0.031170 0.000000
vt -0.855289 -0.028053 0.000000
vt -0.607532 -0.021374 0.000000
vt -0.851494 -0.024936 0.000000
vt -0.841338 -0.018702 0.000000
vt -0.827865 -0.012468 0.000000
vt -0.607532 -0.007125 0.000000
vt -0.791645 0.000000 0.000000
vt -0.607532 0.007125 0.000000
vt -0.744552 0.012468 0.000000
vt -0.607532 0.021374 0.000000
vt -0.688817 0.024936 0.000000
vt -0.607532 0.035623 0.000000
vt -0.627082 0.037405 0.000000
vt -0.353384 0.035623 0.000000
vt -0.562276 0.049873 0.000000
vt -0.099237 0.049873 0.000000
vt -0.178255 0.024936 0.000000
vt -0.353384 0.021374 0.000000
vt -0.213059 0.012468 0.000000
vt -0.353384 0.007125 0.000000
vt -0.242467 0.000000 0.000000
vt -0.353384 -0.007125 0.000000
vt -0.265084 -0.012468 0.000000
vt -0.353384 -0.021374 0.000000
vt -0.273497 -0.018702 0.000000
vt -0.279839 -0.024936 0.000000
vt -0.284034 -0.031170 0.000000
vt -0.353384 -0.035623 0.000000
vt -0.285310 -0.034288 0.000000
vt -0.286032 -0.037405 0.000000
vt 0.072701 -0.049873 0.000000
vt 0.659191 -0.049873 0.000000
vt 0.073341 -0.043639 0.000000
vt 0.344091 -0.035623 0.000000
vt 0.073399 -0.037405 0.000000
vt 0.072876 -0.031170 0.000000
vt 0.344091 -0.021374 0.000000
vt 0.071776 -0.024936 0.000000
vt 0.067911 -0.012468 0.000000
vt 0.344091 -0.007125 0.000000
vt 0.061985 0.000000 0.000000
vt 0.344091 0.007125 0.000000
vt 0.054280 0.012468 0.000000
vt 0.344091 0.021374 0.000000
vt 0.045162 0.024936 0.000000
vt 0.344091 0.035623 0.000000
vt 0.035062 0.037405 0.000000
vt 0.024459 0.049873 0.000000
vt 0.429126 0.037405 0.000000
vt 0.364320 0.049873 0.000000
vt 0.661587 -0.046756 0.000000
vt 0.663099 -0.043639 0.000000
vt 0.663522 -0.042080 0.000000
vt 0.663722 -0.040522 0.000000
vt 0.663700 -0.038963 0.000000
vt 0.663455 -0.037405 0.000000
vt 0.662298 -0.034288 0.000000
vt 0.660255 -0.031170 0.000000
vt 0.657332 -0.028053 0.000000
vt 0.653538 -0.024936 0.000000
vt 0.643382 -0.018702 0.000000
vt 0.629909 -0.012468 0.000000
vt 0.593689 -0.000000 0.000000
vt 0.546595 0.012468 0.000000
vt 0.490860 0.024936 0.000000
vt -0.416027 -0.049873 0.000000
vt -0.094342 -0.049873 0.000000
vt -0.417213 -0.046756 0.000000
vt -0.094981 -0.043639 0.000000
vt -0.417961 -0.043639 0.000000
vt -0.418270 -0.040522 0.000000
vt -0.232184 -0.035623 0.000000
vt -0.418138 -0.037405 0.000000
vt -0.417565 -0.034288 0.000000
vt -0.416554 -0.031170 0.000000
vt -0.232184 -0.021374 0.000000
vt -0.413229 -0.024936 0.000000
vt -0.408203 -0.018702 0.000000
vt -0.401535 -0.012468 0.000000
vt -0.232184 -0.007125 0.000000
vt -0.383609 -0.000000 0.000000
vt -0.232184 0.007125 0.000000
vt -0.360301 0.012468 0.000000
vt -0.232184 0.021374 0.000000
vt -0.332717 0.024936 0.000000
vt -0.232184 0.035623 0.000000
vt -0.270090 0.049873 0.000000
vt -0.056702 0.037405 0.000000
vt -0.046099 0.049873 0.000000
vt -0.095039 -0.037405 0.000000
vt -0.094516 -0.031170 0.000000
vt -0.093417 -0.024936 0.000000
vt -0.089551 -0.012468 0.000000
vt -0.083625 0.000000 0.000000
vt -0.075920 0.012468 0.000000
vt -0.066802 0.024936 0.000000
vt 0.372344 -0.049873 0.000000
vt 0.373529 -0.046756 0.000000
vt 0.095608 -0.049873 0.000000
vt 0.096882 -0.043639 0.000000
vt 0.374278 -0.043639 0.000000
vt 0.187042 -0.035623 0.000000
vt 0.374586 -0.040522 0.000000
vt 0.374454 -0.037405 0.000000
vt 0.373881 -0.034288 0.000000
vt 0.372870 -0.031170 0.000000
vt 0.187042 -0.021374 0.000000
vt 0.369545 -0.024936 0.000000
vt 0.364519 -0.018702 0.000000
vt 0.357851 -0.012468 0.000000
vt 0.187042 -0.007125 0.000000
vt 0.086064 -0.012468 0.000000
vt 0.074258 -0.000000 0.000000
vt 0.187042 0.007125 0.000000
vt 0.058908 0.012468 0.000000
vt 0.187042 0.021374 0.000000
vt 0.040742 0.024936 0.000000
vt 0.187042 0.035623 0.000000
vt -0.000503 0.049873 0.000000
vt 0.226406 0.049873 0.000000
vt 0.289033 0.024936 0.000000
vt 0.316618 0.012468 0.000000
vt 0.339925 -0.000000 0.000000
vt 0.090455 -0.018702 0.000000
vt 0.093765 -0.024936 0.000000
vt 0.095955 -0.031170 0.000000
vt 0.096998 -0.037405 0.000000
vt -0.468697 -0.049873 0.000000
vt -0.168545 -0.049873 0.000000
vt -0.470225 -0.046756 0.000000
vt -0.169818 -0.043639 0.000000
vt -0.471190 -0.043639 0.000000
vt -0.471587 -0.040522 0.000000
vt -0.272011 -0.035623 0.000000
vt -0.471417 -0.037405 0.000000
vt -0.470679 -0.034288 0.000000
vt -0.469375 -0.031170 0.000000
vt -0.465090 -0.024936 0.000000
vt -0.272011 -0.021374 0.000000
vt -0.458611 -0.018702 0.000000
vt -0.450015 -0.012468 0.000000
vt -0.272011 -0.007125 0.000000
vt -0.426907 -0.000000 0.000000
vt -0.272011 0.007125 0.000000
vt -0.396862 0.012468 0.000000
vt -0.272011 0.021374 0.000000
vt -0.361304 0.024936 0.000000
vt -0.272011 0.035623 0.000000
vt -0.280574 0.049873 0.000000
vt -0.072434 0.049873 0.000000
vt -0.113679 0.024936 0.000000
vt -0.131845 0.012468 0.000000
vt -0.147195 0.000000 0.000000
vt -0.159000 -0.012468 0.000000
vt -0.163392 -0.018702 0.000000
vt -0.166702 -0.024936 0.000000
vt -0.168891 -0.031170 0.000000
vt -0.169934 -0.037405 0.000000
vt 0.278081 -0.049873 0.000000
vt 0.397643 -0.049873 0.000000
vt 0.280044 -0.046756 0.000000
vt 0.399172 -0.046756 0.000000
vt 0.281283 -0.043639 0.000000
vt 0.400136 -0.043639 0.000000
vt 0.281794 -0.040522 0.000000
vt 0.400534 -0.040522 0.000000
vt 0.400364 -0.037405 0.000000
vt 0.281575 -0.037405 0.000000
vt 0.399626 -0.034288 0.000000
vt 0.280627 -0.034288 0.000000
vt 0.398322 -0.031170 0.000000
vt 0.278953 -0.031170 0.000000
vt 0.276557 -0.028053 0.000000
vt 0.394036 -0.024936 0.000000
vt 0.273448 -0.024936 0.000000
vt 0.387557 -0.018702 0.000000
vt 0.265125 -0.018702 0.000000
vt 0.378962 -0.012468 0.000000
vt 0.254084 -0.012468 0.000000
vt 0.355854 -0.000000 0.000000
vt 0.224403 -0.000000 0.000000
vt 0.218487 0.007125 0.000000
vt 0.185811 0.012468 0.000000
vt 0.325809 0.012468 0.000000
vt 0.218487 0.021374 0.000000
vt 0.290251 0.024936 0.000000
vt 0.218487 0.035623 0.000000
vt 0.209521 0.049873 0.000000
vt 0.036440 0.049873 0.000000
vt 0.140137 0.024936 0.000000
vt -0.388509 -0.049873 0.000000
vt -0.390473 -0.046756 0.000000
vt -0.611761 -0.049873 0.000000
vt -0.613324 -0.046756 0.000000
vt -0.391712 -0.043639 0.000000
vt -0.614310 -0.043639 0.000000
vt -0.392222 -0.040522 0.000000
vt -0.614717 -0.040522 0.000000
vt -0.614542 -0.037405 0.000000
vt -0.392004 -0.037405 0.000000
vt -0.613788 -0.034288 0.000000
vt -0.391056 -0.034288 0.000000
vt -0.612455 -0.031170 0.000000
vt -0.389381 -0.031170 0.000000
vt -0.386986 -0.028053 0.000000
vt -0.608072 -0.024936 0.000000
vt -0.383876 -0.024936 0.000000
vt -0.601446 -0.018702 0.000000
vt -0.375554 -0.018702 0.000000
vt -0.592656 -0.012468 0.000000
vt -0.364513 -0.012468 0.000000
vt -0.380793 -0.007125 0.000000
vt -0.334832 0.000000 0.000000
vt -0.569026 0.000000 0.000000
vt -0.380793 0.007125 0.000000
vt -0.538302 0.012468 0.000000
vt -0.380793 0.021374 0.000000
vt -0.501940 0.024936 0.000000
vt -0.380793 0.035623 0.000000
vt -0.419383 0.049873 0.000000
vt -0.146869 0.049873 0.000000
vt -0.250566 0.024936 0.000000
vt -0.296240 0.012468 0.000000
vt -0.044677 -0.049873 0.000000
vt 0.427059 -0.049873 0.000000
vt -0.044166 -0.043639 0.000000
vt 0.173392 -0.035623 0.000000
vt -0.044119 -0.037405 0.000000
vt -0.045416 -0.024936 0.000000
vt 0.173392 -0.021374 0.000000
vt -0.048506 -0.012468 0.000000
vt 0.173392 -0.007125 0.000000
vt -0.053241 -0.000000 0.000000
vt 0.173392 0.007125 0.000000
vt -0.059399 0.012468 0.000000
vt 0.173392 0.021374 0.000000
vt -0.066686 0.024936 0.000000
vt 0.173392 0.035623 0.000000
vt -0.074757 0.037405 0.000000
vt 0.234682 0.049873 0.000000
vt -0.083231 0.049873 0.000000
vt 0.428622 -0.046756 0.000000
vt 0.429608 -0.043639 0.000000
vt 0.430015 -0.040522 0.000000
vt 0.429841 -0.037405 0.000000
vt 0.429086 -0.034288 0.000000
vt 0.427753 -0.031170 0.000000
vt 0.423370 -0.024936 0.000000
vt 0.416745 -0.018702 0.000000
vt 0.407955 -0.012468 0.000000
vt 0.384325 -0.000000 0.000000
vt 0.353600 0.012468 0.000000
vt 0.317238 0.024936 0.000000
vt -0.189596 0.047955 0.000000
vt 0.043628 0.047955 0.000000
vt -0.120494 0.512208 0.000000
vt 0.465995 0.512208 0.000000
vt 0.543458 0.120703 0.000000
vt 0.201368 0.120703 0.000000
vt 0.206655 -0.111854 0.000000
vt 0.032482 0.150044 0.000000
vt -0.114539 -0.090480 0.000000
vt -0.077823 0.120041 0.000000
vt -0.230180 0.064202 0.000000
vt -0.230180 0.288192 0.000000
vt 0.086523 0.417147 0.000000
vt -0.011686 0.317394 0.000000
vt -0.566043 0.012229 0.000000
vt -0.345229 -0.179851 0.000000
vt 0.028890 -0.179851 0.000000
vt 0.113688 -0.398734 0.000000
vt -0.486414 0.047232 0.000000
vt -0.587987 0.035094 0.000000
vt -0.488964 0.033360 0.000000
vt -0.683990 0.022956 0.000000
vt -0.491337 0.019488 0.000000
vt -0.770107 0.010818 0.000000
vt -0.493391 0.005616 0.000000
vt -0.717583 0.005616 0.000000
vt -0.495008 -0.008256 0.000000
vt -0.717583 -0.008256 0.000000
vt -0.496092 -0.022128 0.000000
vt -0.717583 -0.022128 0.000000
vt -0.496579 -0.036001 0.000000
vt -0.717583 -0.036001 0.000000
vt -0.496442 -0.049873 0.000000
vt -0.948359 -0.042286 0.000000
vt -0.947651 -0.043804 0.000000
vt -0.842469 -0.001320 0.000000
vt -0.872447 -0.007389 0.000000
vt -0.897823 -0.013458 0.000000
vt -0.918312 -0.019527 0.000000
vt -0.933682 -0.025596 0.000000
vt -0.943761 -0.031666 0.000000
vt -0.946778 -0.034700 0.000000
vt -0.947777 -0.036217 0.000000
vt -0.948435 -0.037735 0.000000
vt -0.948751 -0.039252 0.000000
vt -0.948726 -0.040769 0.000000
vt -0.946602 -0.045321 0.000000
vt -0.945212 -0.046838 0.000000
vt -0.941418 -0.049873 0.000000
vn 0.173648 -0.397777 0.900899
vn 0.173648 -0.397777 0.900899
vn 0.258819 -0.390151 0.883626
vn 0.284723 -0.387196 0.876933
vn 0.342020 -0.379555 0.859628
vn 0.392090 -0.371571 0.841546
vn 0.500000 -0.349800 0.792238
vn 0.590172 -0.326071 0.738495
vn 0.642788 -0.309416 0.700775
vn 0.757608 -0.263638 0.597097
vn 0.766044 -0.259631 0.588020
vn 0.885705 -0.187516 0.424693
vn 0.939693 -0.138147 0.312879
vn 0.971006 -0.096558 0.218687
vn 1.000000 -0.000000 0.000000
vn 1.000000 -0.000000 0.000000
vn 1.000000 -0.000000 0.000000
vn 0.999750 0.019905 -0.010162
vn 0.939693 0.304622 -0.155510
vn 0.933827 0.318608 -0.162650
vn 0.858956 0.456058 -0.232819
vn 0.766044 0.572502 -0.292263
vn 0.758813 0.580091 -0.296137
vn 0.642788 0.682281 -0.348306
vn 0.636344 0.687055 -0.350743
vn 0.500000 0.771329 -0.393765
vn 0.495153 0.773806 -0.395029
vn 0.418816 0.808778 -0.412882
vn 0.342020 0.836941 -0.427260
vn 0.339393 0.837789 -0.427693
vn 0.258819 0.860306 -0.439188
vn 0.257469 0.860627 -0.439352
vn 0.173648 0.877123 -0.447773
vn 0.173648 0.877123 -0.447773
vn 0.988128 -0.140545 -0.062055
vn 0.893933 -0.410012 -0.181034
vn 0.954025 -0.274190 -0.121064
vn 0.837900 -0.499318 -0.220466
vn 0.813877 -0.531531 -0.234689
vn 0.714243 -0.640265 -0.282698
vn 0.659731 -0.687472 -0.303542
vn 0.597428 -0.733597 -0.323908
vn 0.432710 -0.824720 -0.364142
vn 0.466241 -0.809282 -0.357325
vn 0.323840 -0.865500 -0.382148
vn 0.306025 -0.870908 -0.384535
vn 0.249495 -0.885868 -0.391140
vn 0.240396 -0.887971 -0.392069
vn 0.173648 -0.900899 -0.397777
vn 0.173648 -0.900899 -0.397777
vn 0.173648 -0.397777 0.900899
vn 0.173648 -0.397777 0.900899
vn 0.173648 0.877123 -0.447773
vn 0.173648 0.877123 -0.447773
vn 0.847844 -0.485068 -0.214174
vn 0.893633 -0.410560 -0.181276
vn 0.885705 -0.424693 -0.187516
vn 0.939693 -0.312879 -0.138147
vn 0.971006 -0.218687 -0.096558
vn 1.000000 0.000000 0.000000
vn 0.766044 -0.588020 -0.259631
vn 0.719139 -0.635662 -0.280666
vn 0.642603 -0.700917 -0.309478
vn 0.597159 -0.733780 -0.323989
vn 0.559033 -0.758500 -0.334903
vn 0.469344 -0.807780 -0.356662
vn 0.500000 -0.792238 -0.349800
vn 0.374517 -0.848218 -0.374517
vn 0.342020 -0.859628 -0.379555
vn 0.275591 -0.879372 -0.388272
vn 0.173648 -0.900899 -0.397777
vn 0.173648 -0.900899 -0.397777
vn 0.642788 -0.700775 -0.309416
vn 0.766044 -0.588020 -0.259631
vn 0.911447 0.404691 0.074095
vn 0.893633 0.441461 0.080828
vn 0.847844 0.521576 0.095496
vn 0.766044 0.632277 0.115765
vn 0.719139 0.683504 0.125144
vn 0.642603 0.753671 0.137991
vn 0.597159 0.789007 0.144461
vn 0.559033 0.815588 0.149327
vn 0.469344 0.868577 0.159029
vn 0.500000 0.851865 0.155969
vn 0.396080 0.903202 0.165369
vn 0.342020 0.924327 0.169236
vn 0.275591 0.945557 0.173123
vn 0.258819 0.950132 0.173961
vn 0.173648 0.968705 0.177362
vn 0.173648 0.968705 0.177362
vn 0.954025 0.294827 0.053980
vn 0.958493 0.280454 0.051349
vn 0.988128 0.151123 0.027669
vn 0.973045 0.226845 0.041533
vn 0.979479 0.198253 0.036298
vn 0.994856 0.099639 0.018243
vn 1.000000 -0.000000 -0.000000
vn 1.000000 -0.000000 -0.000000
vn 0.939693 0.336428 0.061597
vn 0.766044 0.632277 0.115765
vn 0.642788 0.753519 0.137963
vn 0.374517 0.912059 0.166990
vn 0.173648 -0.696364 -0.696364
vn 0.258819 -0.683013 -0.683013
vn 0.173648 -0.696364 -0.696364
vn 0.342020 -0.664463 -0.664463
vn 0.342020 -0.664463 -0.664463
vn 0.500000 -0.612372 -0.612372
vn 0.500000 -0.612372 -0.612372
vn 0.642788 -0.541675 -0.541675
vn 0.642788 -0.541675 -0.541675
vn 0.766044 -0.454519 -0.454519
vn 0.766044 -0.454519 -0.454519
vn 0.866025 -0.353553 -0.353553
vn 0.939693 -0.241845 -0.241845
vn 0.939693 -0.241845 -0.241845
vn 0.984808 -0.122788 -0.122788
vn 1.000000 0.000000 0.000000
vn 0.173648 0.397777 -0.900899
vn 0.173648 0.397777 -0.900899
vn 0.258819 0.390151 -0.883626
vn 0.342020 0.379555 -0.859628
vn 0.342020 0.379555 -0.859628
vn 0.500000 0.349800 -0.792238
vn 0.500000 0.349800 -0.792238
vn 0.642788 0.309416 -0.700775
vn 0.642788 0.309416 -0.700775
vn 0.766044 0.259631 -0.588020
vn 0.766044 0.259631 -0.588020
vn 0.866025 0.201957 -0.457399
vn 0.939693 0.138147 -0.312879
vn 0.939693 0.138147 -0.312879
vn 0.984808 0.070139 -0.158853
vn 1.000000 0.000000 -0.000000
vn 1.000000 0.000000 -0.000000
vn 0.973045 -0.192169 0.127494
vn 0.962326 -0.226570 0.150318
vn 0.893633 -0.373978 0.248116
vn 0.852141 -0.436068 0.289309
vn 0.766044 -0.535626 0.355361
vn 0.723377 -0.575345 0.381712
vn 0.597159 -0.668398 0.443448
vn 0.562411 -0.689009 0.457123
vn 0.396080 -0.765136 0.507629
vn 0.376408 -0.772001 0.512184
vn 0.276571 -0.800782 0.531279
vn 0.258819 -0.804892 0.534005
vn 0.173648 -0.820626 0.544444
vn 0.173648 -0.820626 0.544444
vn 0.342020 -0.783032 0.519503
vn 0.500000 -0.721646 0.478776
vn 0.642788 -0.638334 0.423502
vn 0.766044 -0.535626 0.355361
vn 0.939693 -0.285000 0.189083
vn 0.173648 0.495603 -0.851014
vn 0.173648 0.495603 -0.851014
vn 0.258819 0.486100 -0.834697
vn 0.276571 0.483618 -0.830435
vn 0.342020 0.472899 -0.812028
vn 0.376408 0.466236 -0.800588
vn 0.500000 0.435826 -0.748369
vn 0.562411 0.416115 -0.714523
vn 0.642788 0.385510 -0.661971
vn 0.723377 0.347469 -0.596650
vn 0.766044 0.323482 -0.555460
vn 0.852141 0.263356 -0.452216
vn 0.939693 0.172121 -0.295554
vn 0.962326 0.136833 -0.234960
vn 1.000000 -0.000000 0.000000
vn 1.000000 0.000000 -0.000000
vn 1.000000 -0.000000 0.000000
vn 0.997086 -0.068292 0.034009
vn 0.939693 -0.306157 0.152465
vn 0.918574 -0.353806 0.176193
vn 0.766044 -0.575388 0.286540
vn 0.740949 -0.601144 0.299367
vn 0.642788 -0.685720 0.341485
vn 0.620590 -0.701914 0.349549
vn 0.500000 -0.775218 0.386054
vn 0.483376 -0.783621 0.390239
vn 0.342020 -0.841160 0.418893
vn 0.333035 -0.844044 0.420330
vn 0.258819 -0.864643 0.430587
vn 0.254206 -0.865739 0.431133
vn 0.173648 -0.881545 0.439005
vn 0.173648 -0.881545 0.439005
vn 0.173648 0.048470 -0.983614
vn 0.173648 0.048470 -0.983614
vn 0.258819 0.047541 -0.964755
vn 0.254206 0.047601 -0.965978
vn 0.333035 0.046408 -0.941772
vn 0.342020 0.046250 -0.938554
vn 0.483376 0.043086 -0.874352
vn 0.500000 0.042624 -0.864976
vn 0.620590 0.038594 -0.783185
vn 0.642788 0.037703 -0.765116
vn 0.740949 0.033053 -0.670748
vn 0.766044 0.031637 -0.642009
vn 0.918574 0.019453 -0.394771
vn 0.939693 0.016834 -0.341606
vn 0.997086 0.003755 -0.076199
vn 1.000000 -0.000000 0.000000
vn 1.000000 -0.000000 -0.000000
vn 1.000000 0.000000 -0.000000
vn 0.998566 -0.037851 0.037851
vn 0.939693 -0.241845 0.241845
vn 0.925201 -0.268331 0.268331
vn 0.848808 -0.373849 0.373849
vn 0.766044 -0.454519 0.454519
vn 0.748560 -0.468860 0.468860
vn 0.642788 -0.541675 0.541675
vn 0.627274 -0.550694 0.550694
vn 0.500000 -0.612372 0.612372
vn 0.488361 -0.617051 0.617051
vn 0.342020 -0.664463 0.664463
vn 0.335722 -0.666067 0.666067
vn 0.258819 -0.683013 0.683013
vn 0.173648 -0.696364 0.696364
vn 0.173648 -0.696364 0.696364
vn 0.173648 0.968705 0.177362
vn 0.173648 0.968705 0.177362
vn 0.173648 0.968705 0.177362
vn 0.173648 0.968705 0.177362
vn 0.173648 0.968705 0.177362
vn 0.173648 0.968705 0.177362
vn 0.173648 0.968705 0.177362
vn 0.173648 0.968705 0.177362
vn 0.173648 0.968705 0.177362
vn 0.173648 0.968705 0.177362
vn 0.173648 0.968705 0.177362
vn 0.173648 0.968705 0.177362
vn 0.173648 0.968705 0.177362
vn 0.173648 0.968705 0.177362
vn 0.173648 0.968705 0.177362
vn 0.173648 0.968705 0.177362
vn 0.173648 0.968705 0.177362
vn 0.173648 0.968705 0.177362
vn 0.173648 0.968705 0.177362
vn 0.173648 0.968705 0.177362
vn 0.173648 -0.900899 -0.397777
vn 0.173648 -0.900899 -0.397777
vn 0.173648 -0.900899 -0.397777
vn 0.173648 0.968705 0.177362
vn 0.173648 -0.696364 -0.696364
vn 0.173648 -0.696364 -0.696364
vn 0.173648 -0.696364 -0.696364
vn 0.173648 0.397777 -0.900899
vn 0.173648 0.397777 -0.900899
vn 0.173648 -0.820626 0.544444
vn 0.173648 -0.820626 0.544444
vn 0.173648 0.495603 -0.851014
vn 0.173648 0.495603 -0.851014
vn 0.173648 -0.881545 0.439005
vn 0.173648 -0.881545 0.439005
vn 0.173648 0.048470 -0.983614
vn 0.173648 0.048470 -0.983614
vn 0.173648 -0.696364 0.696364
vn 0.173648 -0.696364 0.696364
vn 0.994856 0.053954 0.085730
vn 0.962326 0.144826 0.230119
vn 0.979479 0.107354 0.170578
vn 0.954025 0.159649 0.253671
vn 0.852141 0.278740 0.442899
vn 0.837900 0.290730 0.461951
vn 0.766044 0.342378 0.544016
vn 0.659731 0.400284 0.636025
vn 0.597159 0.427247 0.678868
vn 0.432710 0.480198 0.763002
vn 0.396080 0.489084 0.777122
vn 0.306025 0.507091 0.805734
vn 0.255584 0.514955 0.818229
vn 0.240396 0.517026 0.821519
vn 0.173648 0.524553 0.833481
vn 0.173648 0.524553 0.833481
vn 0.335722 0.501731 0.797218
vn 0.488361 0.464809 0.738550
vn 0.627274 0.414823 0.659127
vn 0.748560 0.353180 0.561179
vn 0.848808 0.281611 0.447461
vn 0.893633 0.239051 0.379836
vn 0.925201 0.202127 0.321167
vn 0.962326 0.144826 0.230119
vn 0.973045 0.122837 0.195179
vn 0.997086 0.040636 0.064568
vn 0.998566 0.028512 0.045304
vn 0.998566 -0.043194 -0.031617
vn 0.925201 -0.306209 -0.224141
vn 0.925201 -0.306209 -0.224141
vn 0.848808 -0.426622 -0.312281
vn 0.848808 -0.426622 -0.312281
vn 0.748560 -0.535044 -0.391645
vn 0.748560 -0.535044 -0.391645
vn 0.627274 -0.628430 -0.460003
vn 0.627274 -0.628430 -0.460003
vn 0.488361 -0.704155 -0.515432
vn 0.488361 -0.704155 -0.515432
vn 0.335722 -0.760090 -0.556376
vn 0.335722 -0.760090 -0.556376
vn 0.255584 -0.780122 -0.571039
vn 0.173648 -0.794664 -0.581683
vn 0.173648 -0.794664 -0.581683
vn 0.173648 0.524553 0.833481
vn 0.173648 0.524553 0.833481
vn 0.173648 -0.900899 -0.397777
vn 0.173648 -0.900899 -0.397777
vn 0.173648 0.696364 0.696364
vn 0.249495 0.684745 0.684745
vn 0.173648 0.696364 0.696364
vn 0.284723 0.677839 0.677839
vn 0.323840 0.669002 0.669002
vn 0.392090 0.650487 0.650487
vn 0.466241 0.625547 0.625547
vn 0.590172 0.570832 0.570832
vn 0.597428 0.567045 0.567045
vn 0.714243 0.494903 0.494903
vn 0.757608 0.461535 0.461535
vn 0.813877 0.410855 0.410855
vn 0.847844 0.374941 0.374941
vn 0.893933 0.316925 0.316925
vn 0.911447 0.290916 0.290916
vn 0.958493 0.201608 0.201608
vn 0.988128 0.108637 0.108637
vn 0.885705 0.328273 0.328273
vn 0.173648 0.696364 0.696364
vn 0.173648 0.696364 0.696364
vn -0.998933 -0.032657 -0.032657
vn -0.969077 -0.174484 -0.174484
vn -1.000000 0.000000 0.000000
vn -0.976296 -0.153046 -0.153046
vn -1.000000 0.000000 -0.000000
vn -0.958549 -0.201475 -0.201475
vn -0.878222 -0.338177 -0.338177
vn -0.906308 -0.298836 -0.298836
vn -0.793353 -0.430459 -0.430459
vn -0.733052 -0.480955 -0.480955
vn -0.642788 -0.541675 -0.541675
vn -0.542546 -0.593988 -0.593988
vn -0.461749 -0.627211 -0.627211
vn -0.318487 -0.670286 -0.670286
vn -0.258819 -0.683013 -0.683013
vn -0.074730 -0.705130 -0.705130
vn -0.043619 -0.706434 -0.706434
vn 0.065403 -0.705593 -0.705593
vn -0.068147 -0.705463 -0.705463
vn -0.861964 -0.358482 -0.358482
vn -0.714842 -0.494470 -0.494470
vn -0.525809 -0.601467 -0.601467
vn -0.305947 -0.673200 -0.673200
vn -1.000000 -0.000000 -0.000000
vn -0.998933 0.045428 0.008318
vn -0.969077 0.242723 0.044440
vn -0.966751 0.251537 0.046054
vn -0.878222 0.470434 0.086132
vn -0.878222 0.470434 0.086132
vn -0.733052 0.669051 0.122498
vn -0.775447 0.621088 0.113716
vn -0.624922 0.767922 0.140600
vn -0.542546 0.826290 0.151287
vn -0.538652 0.828752 0.151737
vn -0.446313 0.880245 0.161165
vn -0.318487 0.932428 0.170720
vn -0.348945 0.921820 0.168777
vn -0.247646 0.953009 0.174488
vn -0.074730 0.980898 0.179594
vn -0.143556 0.973460 0.178232
vn -0.090831 0.979583 0.179353
vn -0.064363 0.981609 0.179724
vn -0.037849 0.982944 0.179969
vn -0.011309 0.983586 0.180086
vn 0.015239 0.983535 0.180077
vn 0.041776 0.982790 0.179940
vn 0.068284 0.981353 0.179677
vn 0.094744 0.979224 0.179288
vn 0.121137 0.976405 0.178771
vn -0.969077 0.242723 0.044440
vn -0.878222 0.470434 0.086132
vn -0.733052 0.669051 0.122498
vn -0.733052 0.669051 0.122498
vn -0.542546 0.826290 0.151287
vn -0.542546 0.826290 0.151287
vn -0.318487 0.932428 0.170720
vn -0.318487 0.932428 0.170720
vn -0.074730 0.980898 0.179594
vn -0.074730 0.980898 0.179594
vn -0.891123 0.446342 0.081721
vn 0.119704 0.884250 -0.451411
vn 0.065403 0.888748 -0.453707
vn -0.074730 0.888164 -0.453409
vn 0.010908 0.890602 -0.454654
vn -0.043619 0.889807 -0.454248
vn -0.098017 0.886366 -0.452491
vn -0.152123 0.880289 -0.449389
vn -0.318487 0.844276 -0.431004
vn -0.258819 0.860306 -0.439188
vn -0.362438 0.830097 -0.423766
vn -0.461749 0.790020 -0.403307
vn -0.542546 0.748173 -0.381944
vn -0.642788 0.682281 -0.348306
vn -0.733052 0.605799 -0.309261
vn -0.793353 0.542196 -0.276792
vn -0.878222 0.425959 -0.217453
vn -0.906308 0.376407 -0.192156
vn -0.969077 0.219776 -0.112196
vn -1.000000 -0.000000 0.000000
vn -0.969077 0.219776 -0.112196
vn -0.878222 0.425959 -0.217453
vn -0.733052 0.605799 -0.309261
vn -0.542546 0.748173 -0.381944
vn -0.318487 0.844276 -0.431004
vn -0.074730 0.888164 -0.453409
vn 0.065403 -0.403049 0.912838
vn -0.074730 -0.402784 0.912239
vn -0.043619 -0.403529 0.913926
vn -0.258819 -0.390151 0.883626
vn -0.318487 -0.382881 0.867161
vn -0.461749 -0.358276 0.811435
vn -0.542546 -0.339298 0.768453
vn -0.642788 -0.309416 0.700775
vn -0.733052 -0.274731 0.622220
vn -0.793353 -0.245887 0.556893
vn -0.878222 -0.193173 0.437505
vn -0.906308 -0.170701 0.386610
vn -0.969077 -0.099669 0.225733
vn -0.976296 -0.087423 0.197998
vn -1.000000 -0.000000 0.000000
vn 0.119704 -0.401009 0.908219
vn 0.065403 -0.403049 0.912838
vn 0.010908 -0.403890 0.914743
vn -0.043619 -0.403529 0.913926
vn -0.098017 -0.401969 0.910392
vn -0.152123 -0.399213 0.904150
vn -0.258819 -0.390151 0.883626
vn -0.362438 -0.376451 0.852598
vn -0.461749 -0.358276 0.811435
vn -0.642788 -0.309416 0.700775
vn -0.793353 -0.245887 0.556893
vn -0.906308 -0.170701 0.386610
vn 0.119704 0.702022 0.702022
vn 0.065403 0.705593 0.705593
vn 0.065403 0.705593 0.705593
vn 0.038170 0.706591 0.706591
vn 0.010908 0.707065 0.707065
vn -0.016362 0.707012 0.707012
vn -0.074730 0.705130 0.705130
vn -0.043619 0.706434 0.706434
vn -0.098017 0.703702 0.703702
vn -0.152123 0.698877 0.698877
vn -0.205777 0.691974 0.691974
vn -0.318487 0.670286 0.670286
vn -0.258819 0.683013 0.683013
vn -0.461749 0.627211 0.627211
vn -0.542546 0.593988 0.593988
vn -0.642788 0.541675 0.541675
vn -0.733052 0.480955 0.480955
vn -0.793353 0.430459 0.430459
vn -0.878222 0.338177 0.338177
vn -0.906308 0.298836 0.298836
vn -0.878222 0.338177 0.338177
vn -0.969077 0.174484 0.174484
vn -0.906308 0.298836 0.298836
vn -0.976296 0.153046 0.153046
vn -0.074730 0.705130 0.705130
vn -0.043619 0.706434 0.706434
vn -0.258819 0.683013 0.683013
vn -0.318487 0.670286 0.670286
vn -0.461749 0.627211 0.627211
vn -0.542546 0.593988 0.593988
vn -0.642788 0.541675 0.541675
vn -0.733052 0.480955 0.480955
vn -0.793353 0.430459 0.430459
vn -1.000000 -0.000000 -0.000000
vn -0.976296 0.153046 0.153046
vn 0.119704 -0.908219 -0.401009
vn 0.119704 -0.908219 -0.401009
vn 0.065403 -0.912838 -0.403049
vn 0.065403 -0.912838 -0.403049
vn 0.038170 -0.914130 -0.403619
vn -0.074730 -0.912239 -0.402784
vn 0.010908 -0.914743 -0.403890
vn -0.016362 -0.914675 -0.403860
vn -0.043619 -0.913926 -0.403529
vn -0.098017 -0.910392 -0.401969
vn -0.152123 -0.904150 -0.399213
vn -0.205777 -0.895219 -0.395269
vn -0.318487 -0.867161 -0.382881
vn -0.152123 -0.904150 -0.399213
vn -0.258819 -0.883626 -0.390151
vn -0.362438 -0.852598 -0.376451
vn -0.461749 -0.811435 -0.358276
vn -0.542546 -0.768453 -0.339298
vn -0.642788 -0.700775 -0.309416
vn -0.733052 -0.622220 -0.274731
vn -0.793353 -0.556893 -0.245887
vn -0.878222 -0.437505 -0.193173
vn -0.906308 -0.386610 -0.170701
vn -0.969077 -0.225733 -0.099669
vn -1.000000 0.000000 0.000000
vn -0.976296 -0.197998 -0.087423
vn -0.906308 -0.386610 -0.170701
vn -0.793353 -0.556893 -0.245887
vn -0.642788 -0.700775 -0.309416
vn -0.461749 -0.811435 -0.358276
vn -0.258819 -0.883626 -0.390151
vn -0.098017 -0.910392 -0.401969
vn -0.043619 -0.913926 -0.403529
vn 0.010908 -0.914743 -0.403890
vn 0.119704 0.528816 0.840253
vn 0.119704 0.528816 0.840253
vn 0.065403 0.531505 0.844526
vn 0.065403 0.531505 0.844526
vn 0.038170 0.532257 0.845722
vn 0.010908 0.532614 0.846288
vn 0.010908 0.532614 0.846288
vn -0.016362 0.532574 0.846225
vn -0.043619 0.532139 0.845533
vn -0.074730 0.531156 0.843972
vn -0.098017 0.530081 0.842263
vn -0.152123 0.526446 0.836488
vn -0.205777 0.521246 0.828226
vn -0.318487 0.504909 0.802267
vn -0.258819 0.514496 0.817500
vn -0.362438 0.496430 0.788794
vn -0.461749 0.472462 0.750711
vn -0.542546 0.447436 0.710946
vn -0.642788 0.408030 0.648333
vn -0.733052 0.362291 0.575656
vn -0.793353 0.324254 0.515218
vn -0.878222 0.254740 0.404765
vn -0.906308 0.225106 0.357678
vn -0.969077 0.131434 0.208840
vn -0.976296 0.115286 0.183181
vn -0.969077 0.131434 0.208840
vn -1.000000 -0.000000 -0.000000
vn -0.906308 0.225106 0.357678
vn -0.878222 0.254740 0.404765
vn -0.793353 0.324254 0.515218
vn -0.733052 0.362291 0.575656
vn -0.642788 0.408030 0.648333
vn -0.542546 0.447436 0.710946
vn -0.461749 0.472462 0.750711
vn -0.318487 0.504909 0.802267
vn -0.362438 0.496430 0.788794
vn -0.258819 0.514496 0.817500
vn -0.152123 0.526446 0.836488
vn -0.074730 0.531156 0.843972
vn -0.098017 0.530081 0.842263
vn -0.043619 0.532139 0.845533
vn 0.173648 -0.794664 -0.581683
vn 0.173648 -0.794664 -0.581683
vn 0.065403 -0.805195 -0.589392
vn -0.074730 -0.804667 -0.589005
vn -0.043619 -0.806155 -0.590095
vn -0.152123 -0.797531 -0.583783
vn -0.318487 -0.764904 -0.559900
vn -0.258819 -0.779428 -0.570531
vn -0.461749 -0.715749 -0.523919
vn -0.542546 -0.677836 -0.496167
vn -0.642788 -0.618139 -0.452469
vn -0.733052 -0.548847 -0.401749
vn -0.793353 -0.491223 -0.359569
vn -0.878222 -0.385914 -0.282484
vn -0.906308 -0.341020 -0.249622
vn -0.969077 -0.199114 -0.145749
vn -0.976296 -0.174650 -0.127842
vn -1.000000 0.000000 0.000000
vn -0.976296 -0.174650 -0.127842
vn 0.119704 -0.801121 -0.586410
vn 0.065403 -0.805195 -0.589392
vn 0.038170 -0.806335 -0.590226
vn 0.010908 -0.806875 -0.590622
vn -0.016362 -0.806815 -0.590578
vn -0.043619 -0.806155 -0.590095
vn -0.098017 -0.803037 -0.587813
vn -0.152123 -0.797531 -0.583783
vn -0.205777 -0.789654 -0.578016
vn -0.258819 -0.779428 -0.570531
vn -0.362438 -0.752058 -0.550497
vn -0.461749 -0.715749 -0.523919
vn -0.642788 -0.618139 -0.452469
vn -0.793353 -0.491223 -0.359569
vn -0.906308 -0.341020 -0.249622
vn 0.119704 -0.702022 0.702022
vn 0.065403 -0.705593 0.705593
vn 0.065403 -0.705593 0.705593
vn 0.010908 -0.707065 0.707065
vn -0.074730 -0.705130 0.705130
vn -0.043619 -0.706434 0.706434
vn -0.098017 -0.703702 0.703702
vn -0.152123 -0.698877 0.698877
vn -0.318487 -0.670286 0.670286
vn -0.258819 -0.683013 0.683013
vn -0.362438 -0.659029 0.659029
vn -0.461749 -0.627211 0.627211
vn -0.542546 -0.593988 0.593988
vn -0.642788 -0.541675 0.541675
vn -0.733052 -0.480955 0.480955
vn -0.793353 -0.430459 0.430459
vn -0.878222 -0.338177 0.338177
vn -0.906308 -0.298836 0.298836
vn -0.969077 -0.174484 0.174484
vn -1.000000 0.000000 -0.000000
vn -0.976296 -0.153046 0.153046
vn -0.043619 -0.706434 0.706434
vn -0.152123 -0.698877 0.698877
vn -0.258819 -0.683013 0.683013
vn -0.461749 -0.627211 0.627211
vn -0.642788 -0.541675 0.541675
vn -0.793353 -0.430459 0.430459
vn -0.906308 -0.298836 0.298836
vn 0.119704 0.048864 -0.991606
vn 0.065403 0.049113 -0.996650
vn 0.065403 0.049113 -0.996650
vn -0.074730 0.049080 -0.995995
vn 0.010908 0.049215 -0.998729
vn -0.043619 0.049171 -0.997837
vn -0.098017 0.048981 -0.993979
vn -0.152123 0.048645 -0.987164
vn -0.318487 0.046655 -0.946779
vn -0.258819 0.047541 -0.964755
vn -0.362438 0.045872 -0.930878
vn -0.461749 0.043657 -0.885936
vn -0.542546 0.041344 -0.839008
vn -0.461749 0.043657 -0.885936
vn -0.642788 0.037703 -0.765116
vn -0.733052 0.033477 -0.679348
vn -0.793353 0.029962 -0.608024
vn -0.878222 0.023539 -0.477674
vn -0.906308 0.020800 -0.422106
vn -0.969077 0.012145 -0.246458
vn -1.000000 0.000000 -0.000000
vn -0.906308 0.020800 -0.422106
vn -0.793353 0.029962 -0.608024
vn -0.642788 0.037703 -0.765116
vn -0.362438 0.045872 -0.930878
vn -0.258819 0.047541 -0.964755
vn -0.152123 0.048645 -0.987164
vn -0.043619 0.049171 -0.997837
vn 0.119704 -0.888708 0.442572
vn 0.065403 -0.893228 0.444822
vn 0.065403 -0.893228 0.444822
vn 0.010908 -0.895091 0.445750
vn -0.074730 -0.892641 0.444530
vn -0.043619 -0.894292 0.445353
vn -0.098017 -0.890834 0.443630
vn -0.152123 -0.884726 0.440589
vn -0.258819 -0.864643 0.430587
vn -0.318487 -0.848532 0.422564
vn -0.362438 -0.834281 0.415468
vn -0.461749 -0.794002 0.395409
vn -0.542546 -0.751944 0.374464
vn -0.642788 -0.685720 0.341485
vn -0.733052 -0.608853 0.303205
vn -0.793353 -0.544929 0.271372
vn -0.878222 -0.428106 0.213195
vn -0.906308 -0.378304 0.188393
vn -0.969077 -0.220883 0.109999
vn -1.000000 0.000000 -0.000000
vn -0.906308 -0.378304 0.188393
vn -0.793353 -0.544929 0.271372
vn -0.642788 -0.685720 0.341485
vn -0.461749 -0.794002 0.395409
vn -0.362438 -0.834281 0.415468
vn -0.258819 -0.864643 0.430587
vn -0.152123 -0.884726 0.440589
vn -0.043619 -0.894292 0.445353
vn 0.119704 0.499630 -0.857929
vn 0.119704 0.499630 -0.857929
vn 0.065403 0.502171 -0.862292
vn 0.065403 0.502171 -0.862292
vn 0.010908 0.503218 -0.864091
vn 0.010908 0.503218 -0.864091
vn -0.043619 0.502769 -0.863320
vn -0.043619 0.502769 -0.863320
vn -0.098017 0.500825 -0.859981
vn -0.098017 0.500825 -0.859981
vn -0.152123 0.497391 -0.854085
vn -0.152123 0.497391 -0.854085
vn -0.205777 0.492478 -0.845648
vn -0.258819 0.486100 -0.834697
vn -0.258819 0.486100 -0.834697
vn -0.362438 0.469031 -0.805387
vn -0.362438 0.469031 -0.805387
vn -0.461749 0.446387 -0.766503
vn -0.461749 0.446387 -0.766503
vn -0.642788 0.385510 -0.661971
vn -0.642788 0.385510 -0.661971
vn -0.733052 0.342296 -0.587766
vn -0.793353 0.306358 -0.526056
vn -0.793353 0.306358 -0.526056
vn -0.878222 0.240680 -0.413279
vn -0.906308 0.212682 -0.365202
vn -0.969077 0.124180 -0.213233
vn -1.000000 0.000000 -0.000000
vn -0.906308 0.212682 -0.365202
vn 0.119704 -0.827294 0.548868
vn 0.119704 -0.827294 0.548868
vn 0.065403 -0.831501 0.551659
vn 0.065403 -0.831501 0.551659
vn 0.010908 -0.833236 0.552810
vn 0.010908 -0.833236 0.552810
vn -0.043619 -0.832492 0.552317
vn -0.043619 -0.832492 0.552317
vn -0.098017 -0.829273 0.550181
vn -0.098017 -0.829273 0.550181
vn -0.152123 -0.823587 0.546409
vn -0.152123 -0.823587 0.546409
vn -0.205777 -0.815452 0.541012
vn -0.258819 -0.804892 0.534005
vn -0.258819 -0.804892 0.534005
vn -0.362438 -0.776629 0.515254
vn -0.362438 -0.776629 0.515254
vn -0.461749 -0.739133 0.490378
vn -0.461749 -0.739133 0.490378
vn -0.542546 -0.699981 0.464403
vn -0.642788 -0.638334 0.423502
vn -0.642788 -0.638334 0.423502
vn -0.733052 -0.566778 0.376029
vn -0.793353 -0.507272 0.336550
vn -0.878222 -0.398522 0.264399
vn -0.906308 -0.352162 0.233642
vn -0.969077 -0.205619 0.136418
vn -1.000000 0.000000 -0.000000
vn -0.906308 -0.352162 0.233642
vn -0.793353 -0.507272 0.336550
vn 0.065403 0.403049 -0.912838
vn -0.074730 0.402784 -0.912239
vn -0.043619 0.403529 -0.913926
vn -0.258819 0.390151 -0.883626
vn -0.318487 0.382881 -0.867161
vn -0.461749 0.358276 -0.811435
vn -0.542546 0.339298 -0.768453
vn -0.642788 0.309416 -0.700775
vn -0.733052 0.274731 -0.622220
vn -0.793353 0.245887 -0.556893
vn -0.878222 0.193173 -0.437505
vn -0.906308 0.170701 -0.386610
vn -0.969077 0.099669 -0.225733
vn -0.976296 0.087423 -0.197998
vn 0.119704 0.401009 -0.908219
vn 0.065403 0.403049 -0.912838
vn 0.010908 0.403890 -0.914743
vn -0.043619 0.403529 -0.913926
vn -0.098017 0.401969 -0.910392
vn -0.152123 0.399213 -0.904150
vn -0.258819 0.390151 -0.883626
vn -0.362438 0.376451 -0.852598
vn -0.461749 0.358276 -0.811435
vn -0.642788 0.309416 -0.700775
vn -0.793353 0.245887 -0.556893
vn -0.906308 0.170701 -0.386610
vn -0.998933 -0.042248 -0.018654
vn -0.966751 -0.233931 -0.103288
vn -0.958549 -0.260652 -0.115087
vn -0.891123 -0.415100 -0.183281
vn -0.861964 -0.463774 -0.204772
vn -0.775447 -0.577614 -0.255036
vn -0.714842 -0.639705 -0.282451
vn -0.714842 -0.639705 -0.282451
vn -0.525809 -0.778129 -0.343570
vn -0.525809 -0.778129 -0.343570
vn -0.305947 -0.870931 -0.384545
vn -0.305947 -0.870931 -0.384545
vn -0.068147 -0.912670 -0.402975
vn -0.068147 -0.912670 -0.402975
vn 0.041776 -0.913998 -0.403561
vn 0.068284 -0.912662 -0.402971
vn -0.624922 -0.714170 -0.315330
vn -0.538652 -0.770743 -0.340309
vn -0.446313 -0.818631 -0.361453
vn -0.348945 -0.857296 -0.378525
vn -0.247646 -0.886302 -0.391332
vn -0.143556 -0.905322 -0.399730
vn -0.090831 -0.911016 -0.402244
vn -0.064363 -0.912900 -0.403076
vn -0.037849 -0.914142 -0.403624
vn -0.011309 -0.914739 -0.403888
vn 0.015239 -0.914691 -0.403867
vn 0.094744 -0.910682 -0.402097
vn 0.121137 -0.908060 -0.400939
f 909/1779/1563 910/1780/1564 924/1781/1565
f 924/1781/1565 910/1780/1564 911/1782/1566
f 924/1781/1565 911/1782/1566 923/1783/1567
f 923/1783/1567 911/1782/1566 912/1784/1568
f 923/1783/1567 912/1784/1568 922/1785/1569
f 922/1785/1569 912/1784/1568 913/1786/1570
f 922/1785/1569 913/1786/1570 921/1787/1571
f 921/1787/1571 913/1786/1570 914/1788/1572
f 921/1787/1571 914/1788/1572 920/1789/1573
f 920/1789/1573 914/1788/1572 915/1790/1574
f 920/1789/1573 915/1790/1574 919/1791/1575
f 919/1791/1575 915/1790/1574 916/1792/1576
f 919/1791/1575 916/1792/1576 918/1793/1577
f 918/1793/1577 916/1792/1576 917/1794/1578
f 925/1795/1579 926/1796/1580 918/1797/1577
f 918/1797/1577 926/1796/1580 919/1798/1581
f 919/1798/1581 926/1796/1580 927/1799/1582
f 919/1798/1581 927/1799/1582 928/1800/1583
f 919/1798/1581 928/1800/1583 920/1801/1584
f 920/1801/1584 928/1800/1583 929/1802/1585
f 920/1801/1584 929/1802/1585 921/1803/1586
f 921/1803/1586 929/1802/1585 930/1804/1587
f 921/1803/1586 930/1804/1587 922/1805/1588
f 922/1805/1588 930/1804/1587 931/1806/1589
f 922/1805/1588 931/1806/1589 932/1807/1590
f 922/1805/1588 932/1807/1590 923/1808/1591
f 923/1808/1591 932/1807/1590 933/1809/1592
f 923/1808/1591 933/1809/1592 924/1810/1593
f 924/1810/1593 933/1809/1592 934/1811/1594
f 924/1810/1593 934/1811/1594 909/1812/1595
f 909/1812/1595 934/1811/1594 935/1813/1596
f 936/1814/1597 937/1815/1598 951/1816/1599
f 951/1816/1599 937/1815/1598 950/1817/1600
f 950/1817/1600 937/1815/1598 938/1818/1601
f 950/1817/1600 938/1818/1601 939/1819/1602
f 950/1817/1600 939/1819/1602 949/1820/1603
f 949/1820/1603 939/1819/1602 940/1821/1604
f 949/1820/1603 940/1821/1604 948/1822/1605
f 948/1822/1605 940/1821/1604 941/1823/1606
f 948/1822/1605 941/1823/1606 942/1824/1607
f 948/1822/1605 942/1824/1607 947/1825/1608
f 947/1825/1608 942/1824/1607 943/1826/1609
f 947/1825/1608 943/1826/1609 946/1827/1610
f 946/1827/1610 943/1826/1609 945/1828/1611
f 945/1828/1611 943/1826/1609 944/1829/1612
f 910/1830/1564 909/1831/1563 953/1832/1613
f 953/1832/1613 909/1831/1563 952/1833/1614
f 935/1834/1596 954/1835/1615 909/1836/1595
f 909/1836/1595 954/1835/1615 952/1837/1616
f 955/1838/1617 971/1839/1618 915/1840/1619
f 915/1840/1619 971/1839/1618 968/1841/1620
f 915/1840/1619 968/1841/1620 916/1842/1621
f 916/1842/1621 968/1841/1620 969/1843/1622
f 916/1842/1621 969/1843/1622 917/1844/1578
f 971/1839/1618 955/1838/1617 970/1845/1623
f 970/1845/1623 955/1838/1617 956/1846/1624
f 970/1845/1623 956/1846/1624 957/1847/1625
f 970/1845/1623 957/1847/1625 972/1848/1626
f 972/1848/1626 957/1847/1625 958/1849/1627
f 972/1848/1626 958/1849/1627 959/1850/1628
f 972/1848/1626 959/1850/1628 965/1851/1629
f 965/1851/1629 959/1850/1628 960/1852/1630
f 965/1851/1629 960/1852/1630 964/1853/1631
f 964/1853/1631 960/1852/1630 961/1854/1632
f 964/1853/1631 961/1854/1632 963/1855/1633
f 963/1855/1633 961/1854/1632 962/1856/1634
f 965/1851/1629 966/1857/1635 972/1848/1626
f 972/1848/1626 966/1857/1635 970/1845/1623
f 966/1857/1635 967/1858/1636 970/1845/1623
f 970/1845/1623 967/1858/1636 971/1839/1618
f 967/1858/1636 968/1841/1620 971/1839/1618
f 973/1859/1637 987/1860/1638 955/1861/1639
f 955/1861/1639 987/1860/1638 986/1862/1640
f 955/1861/1639 986/1862/1640 956/1863/1641
f 956/1863/1641 986/1862/1640 957/1864/1642
f 957/1864/1642 986/1862/1640 989/1865/1643
f 957/1864/1642 989/1865/1643 958/1866/1644
f 958/1866/1644 989/1865/1643 959/1867/1645
f 959/1867/1645 989/1865/1643 982/1868/1646
f 959/1867/1645 982/1868/1646 990/1869/1647
f 990/1869/1647 982/1868/1646 983/1870/1648
f 990/1869/1647 983/1870/1648 961/1871/1649
f 961/1871/1649 983/1870/1648 984/1872/1650
f 961/1871/1649 984/1872/1650 962/1873/1651
f 962/1873/1651 984/1872/1650 985/1874/1652
f 987/1860/1638 973/1859/1637 951/1875/1653
f 951/1875/1653 973/1859/1637 974/1876/1654
f 951/1875/1653 974/1876/1654 936/1877/1655
f 987/1860/1638 951/1875/1653 988/1878/1656
f 988/1878/1656 951/1875/1653 975/1879/1657
f 988/1878/1656 975/1879/1657 976/1880/1658
f 977/1881/1659 978/1882/1660 976/1880/1658
f 976/1880/1658 978/1882/1660 988/1878/1656
f 978/1882/1660 979/1883/1661 988/1878/1656
f 988/1878/1656 979/1883/1661 987/1860/1638
f 979/1883/1661 980/1884/1662 987/1860/1638
f 987/1860/1638 980/1884/1662 986/1862/1640
f 980/1884/1662 981/1885/1663 986/1862/1640
f 986/1862/1640 981/1885/1663 989/1865/1643
f 981/1885/1663 982/1868/1646 989/1865/1643
f 961/1871/1649 960/1886/1664 990/1869/1647
f 990/1869/1647 960/1886/1664 959/1867/1645
f 985/1887/1665 984/1888/1666 991/1889/1667
f 991/1889/1667 984/1888/1666 999/1890/1668
f 999/1890/1668 984/1888/1666 983/1891/1669
f 999/1890/1668 983/1891/1669 982/1892/1670
f 999/1890/1668 982/1892/1670 998/1893/1671
f 998/1893/1671 982/1892/1670 981/1894/1672
f 998/1893/1671 981/1894/1672 997/1895/1673
f 997/1895/1673 981/1894/1672 980/1896/1674
f 997/1895/1673 980/1896/1674 996/1897/1675
f 996/1897/1675 980/1896/1674 995/1898/1676
f 995/1898/1676 980/1896/1674 979/1899/1677
f 995/1898/1676 979/1899/1677 994/1900/1678
f 994/1900/1678 979/1899/1677 993/1901/1679
f 993/1901/1679 979/1899/1677 978/1902/1660
f 993/1901/1679 978/1902/1660 992/1903/1680
f 1000/1904/1681 991/1905/1682 1007/1906/1683
f 1007/1906/1683 991/1905/1682 999/1907/1684
f 1007/1906/1683 999/1907/1684 1006/1908/1685
f 1006/1908/1685 999/1907/1684 1005/1909/1686
f 1005/1909/1686 999/1907/1684 998/1910/1687
f 1005/1909/1686 998/1910/1687 1004/1911/1688
f 1004/1911/1688 998/1910/1687 997/1912/1689
f 1004/1911/1688 997/1912/1689 1003/1913/1690
f 1003/1913/1690 997/1912/1689 996/1914/1691
f 1003/1913/1690 996/1914/1691 995/1915/1692
f 1003/1913/1690 995/1915/1692 1002/1916/1693
f 1002/1916/1693 995/1915/1692 994/1917/1694
f 1002/1916/1693 994/1917/1694 993/1918/1695
f 992/1919/1680 1001/1920/1696 993/1918/1695
f 993/1918/1695 1001/1920/1696 1002/1916/1693
f 1001/1921/1696 1008/1922/1697 1017/1923/1698
f 1017/1923/1698 1008/1922/1697 1009/1924/1699
f 1017/1923/1698 1009/1924/1699 1016/1925/1700
f 1016/1925/1700 1009/1924/1699 1010/1926/1701
f 1016/1925/1700 1010/1926/1701 1018/1927/1702
f 1018/1927/1702 1010/1926/1701 1011/1928/1703
f 1018/1927/1702 1011/1928/1703 1019/1929/1704
f 1019/1929/1704 1011/1928/1703 1012/1930/1705
f 1019/1929/1704 1012/1930/1705 1020/1931/1706
f 1020/1931/1706 1012/1930/1705 1013/1932/1707
f 1020/1931/1706 1013/1932/1707 1014/1933/1708
f 1020/1931/1706 1014/1933/1708 1007/1934/1709
f 1007/1934/1709 1014/1933/1708 1015/1935/1710
f 1007/1934/1709 1015/1935/1710 1000/1936/1711
f 1007/1934/1709 1006/1937/1712 1020/1931/1706
f 1020/1931/1706 1006/1937/1712 1005/1938/1713
f 1020/1931/1706 1005/1938/1713 1019/1929/1704
f 1019/1929/1704 1005/1938/1713 1004/1939/1714
f 1019/1929/1704 1004/1939/1714 1018/1927/1702
f 1018/1927/1702 1004/1939/1714 1003/1940/1715
f 1018/1927/1702 1003/1940/1715 1016/1925/1700
f 1016/1925/1700 1003/1940/1715 1002/1941/1716
f 1016/1925/1700 1002/1941/1716 1017/1923/1698
f 1017/1923/1698 1002/1941/1716 1001/1921/1696
f 1021/1942/1717 1015/1943/1718 1030/1944/1719
f 1030/1944/1719 1015/1943/1718 1014/1945/1720
f 1030/1944/1719 1014/1945/1720 1029/1946/1721
f 1029/1946/1721 1014/1945/1720 1013/1947/1722
f 1029/1946/1721 1013/1947/1722 1028/1948/1723
f 1028/1948/1723 1013/1947/1722 1012/1949/1724
f 1028/1948/1723 1012/1949/1724 1027/1950/1725
f 1027/1950/1725 1012/1949/1724 1011/1951/1726
f 1027/1950/1725 1011/1951/1726 1026/1952/1727
f 1026/1952/1727 1011/1951/1726 1010/1953/1728
f 1026/1952/1727 1010/1953/1728 1025/1954/1729
f 1025/1954/1729 1010/1953/1728 1022/1955/1730
f 1025/1954/1729 1022/1955/1730 1024/1956/1731
f 1024/1956/1731 1022/1955/1730 1023/1957/1732
f 1031/1958/1733 1032/1959/1734 1024/1960/1731
f 1024/1960/1731 1032/1959/1734 1025/1961/1735
f 1025/1961/1735 1032/1959/1734 1033/1962/1736
f 1025/1961/1735 1033/1962/1736 1026/1963/1737
f 1026/1963/1737 1033/1962/1736 1034/1964/1738
f 1026/1963/1737 1034/1964/1738 1027/1965/1739
f 1027/1965/1739 1034/1964/1738 1035/1966/1740
f 1027/1965/1739 1035/1966/1740 1028/1967/1741
f 1028/1967/1741 1035/1966/1740 1036/1968/1742
f 1028/1967/1741 1036/1968/1742 1029/1969/1743
f 1029/1969/1743 1036/1968/1742 1037/1970/1744
f 1029/1969/1743 1037/1970/1744 1030/1971/1745
f 1030/1971/1745 1037/1970/1744 1038/1972/1746
f 1030/1971/1745 1038/1972/1746 1021/1973/1747
f 1021/1973/1747 1038/1972/1746 1039/1974/1748
f 1040/1975/1749 1039/1976/1750 1048/1977/1751
f 1048/1977/1751 1039/1976/1750 1038/1978/1752
f 1048/1977/1751 1038/1978/1752 1037/1979/1753
f 1048/1977/1751 1037/1979/1753 1047/1980/1754
f 1047/1980/1754 1037/1979/1753 1036/1981/1755
f 1047/1980/1754 1036/1981/1755 1046/1982/1756
f 1046/1982/1756 1036/1981/1755 1035/1983/1757
f 1046/1982/1756 1035/1983/1757 1045/1984/1758
f 1045/1984/1758 1035/1983/1757 1034/1985/1759
f 1045/1984/1758 1034/1985/1759 1044/1986/1760
f 1044/1986/1760 1034/1985/1759 1033/1987/1761
f 1044/1986/1760 1033/1987/1761 1043/1988/1762
f 1043/1988/1762 1033/1987/1761 1032/1989/1763
f 1043/1988/1762 1032/1989/1763 1042/1990/1764
f 1042/1990/1764 1032/1989/1763 1041/1991/1765
f 1049/1992/1766 1050/1993/1767 1042/1994/1764
f 1042/1994/1764 1050/1993/1767 1043/1995/1768
f 1043/1995/1768 1050/1993/1767 1051/1996/1769
f 1043/1995/1768 1051/1996/1769 1052/1997/1770
f 1043/1995/1768 1052/1997/1770 1044/1998/1771
f 1044/1998/1771 1052/1997/1770 1053/1999/1772
f 1044/1998/1771 1053/1999/1772 1045/2000/1773
f 1045/2000/1773 1053/1999/1772 1054/2001/1774
f 1045/2000/1773 1054/2001/1774 1046/2002/1775
f 1046/2002/1775 1054/2001/1774 1055/2003/1776
f 1046/2002/1775 1055/2003/1776 1047/2004/1777
f 1047/2004/1777 1055/2003/1776 1056/2005/1778
f 1047/2004/1777 1056/2005/1778 1048/2006/1779
f 1048/2006/1779 1056/2005/1778 1057/2007/1780
f 1048/2006/1779 1057/2007/1780 1040/2008/1781
f 968/2009/1782 927/2010/1783 969/2011/1784
f 969/2011/1784 927/2010/1783 926/2012/1785
f 969/2011/1784 926/2012/1785 925/2013/1786
f 967/2014/1787 931/2015/1788 968/2009/1782
f 968/2009/1782 931/2015/1788 930/2016/1789
f 968/2009/1782 930/2016/1789 929/2017/1790
f 966/2018/1791 935/2019/1792 967/2014/1787
f 967/2014/1787 935/2019/1792 934/2020/1793
f 967/2014/1787 934/2020/1793 933/2021/1794
f 966/2018/1791 965/2022/1795 935/2019/1792
f 935/2019/1792 965/2022/1795 964/2023/1796
f 935/2019/1792 964/2023/1796 963/2024/1797
f 1058/2025/1798 954/2026/1799 963/2024/1797
f 963/2024/1797 954/2026/1799 935/2019/1792
f 933/2021/1794 932/2027/1800 967/2014/1787
f 967/2014/1787 932/2027/1800 931/2015/1788
f 929/2017/1790 928/2028/1801 968/2009/1782
f 968/2009/1782 928/2028/1801 927/2010/1783
f 962/2029/1634 1059/2030/1802 963/2031/1633
f 963/2031/1633 1059/2030/1802 1058/2032/1803
f 1058/2032/1803 1059/2030/1802 1060/2033/1804
f 962/2034/1651 985/2035/1652 1059/2036/1805
f 991/2037/1667 1061/2038/1806 985/2039/1665
f 985/2039/1665 1061/2038/1806 1059/2040/1807
f 1059/2040/1807 1061/2038/1806 1060/2041/1808
f 991/2042/1682 1000/2043/1681 1061/2044/1809
f 1061/2044/1809 1000/2043/1681 1062/2045/1810
f 1015/2046/1710 1063/2047/1811 1000/2048/1711
f 1000/2048/1711 1063/2047/1811 1062/2049/1812
f 1015/2050/1718 1021/2051/1717 1063/2052/1813
f 1063/2052/1813 1021/2051/1717 1064/2053/1814
f 1039/2054/1748 1065/2055/1815 1021/2056/1747
f 1021/2056/1747 1065/2055/1815 1064/2057/1816
f 1039/2058/1750 1040/2059/1749 1065/2060/1817
f 1065/2060/1817 1040/2059/1749 1066/2061/1818
f 1042/2062/1764 1041/2063/1765 1049/2064/1766
f 1024/2065/1731 1023/2066/1732 1031/2067/1733
f 978/2068/1660 977/2069/1659 992/2070/1680
f 992/2070/1680 977/2069/1659 1008/2071/1697
f 992/2070/1680 1008/2071/1697 1001/2072/1696
f 918/2073/1577 917/2074/1578 925/2075/1579
f 925/2075/1579 917/2074/1578 969/2076/1622
f 1057/2077/1780 1067/2078/1819 1040/2079/1781
f 1040/2079/1781 1067/2078/1819 1066/2080/1820
f 977/2081/1659 976/2082/1821 1008/2083/1697
f 1008/2083/1697 976/2082/1821 1009/2084/1822
f 1009/2084/1822 976/2082/1821 975/2085/1823
f 1009/2084/1822 975/2085/1823 951/2086/1824
f 1009/2084/1822 951/2086/1824 1010/2087/1825
f 1010/2087/1825 951/2086/1824 950/2088/1826
f 1010/2087/1825 950/2088/1826 1078/2089/1827
f 1078/2089/1827 950/2088/1826 949/2090/1828
f 1078/2089/1827 949/2090/1828 1079/2091/1829
f 1079/2091/1829 949/2090/1828 948/2092/1830
f 1079/2091/1829 948/2092/1830 1080/2093/1831
f 1080/2093/1831 948/2092/1830 947/2094/1832
f 1080/2093/1831 947/2094/1832 1069/2095/1833
f 1069/2095/1833 947/2094/1832 946/2096/1834
f 1069/2095/1833 946/2096/1834 1068/2097/1835
f 1068/2097/1835 946/2096/1834 945/2098/1836
f 1069/2095/1833 1070/2099/1837 1080/2093/1831
f 1080/2093/1831 1070/2099/1837 1071/2100/1838
f 1080/2093/1831 1071/2100/1838 1079/2091/1829
f 1079/2091/1829 1071/2100/1838 1072/2101/1839
f 1079/2091/1829 1072/2101/1839 1073/2102/1840
f 1079/2091/1829 1073/2102/1840 1078/2089/1827
f 1078/2089/1827 1073/2102/1840 1074/2103/1841
f 1078/2089/1827 1074/2103/1841 1077/2104/1842
f 1077/2104/1842 1074/2103/1841 1075/2105/1843
f 1077/2104/1842 1075/2105/1843 1022/2106/1844
f 1022/2106/1844 1075/2105/1843 1076/2107/1845
f 1022/2106/1844 1076/2107/1845 1032/2108/1846
f 1032/2108/1846 1076/2107/1845 1050/2109/1847
f 1032/2108/1846 1050/2109/1847 1041/2110/1765
f 1041/2110/1765 1050/2109/1847 1049/2111/1766
f 1075/2105/1843 1050/2109/1847 1076/2107/1845
f 1031/2112/1733 1023/2113/1732 1032/2108/1846
f 1032/2108/1846 1023/2113/1732 1022/2106/1844
f 1022/2106/1844 1010/2087/1825 1077/2104/1842
f 1077/2104/1842 1010/2087/1825 1078/2089/1827
f 1050/2114/1848 1075/2115/1849 1051/2116/1850
f 1051/2116/1850 1075/2115/1849 1052/2117/1851
f 1052/2117/1851 1075/2115/1849 1074/2118/1852
f 1052/2117/1851 1074/2118/1852 1053/2119/1853
f 1053/2119/1853 1074/2118/1852 1073/2120/1854
f 1053/2119/1853 1073/2120/1854 1054/2121/1855
f 1054/2121/1855 1073/2120/1854 1072/2122/1856
f 1054/2121/1855 1072/2122/1856 1055/2123/1857
f 1055/2123/1857 1072/2122/1856 1071/2124/1858
f 1055/2123/1857 1071/2124/1858 1056/2125/1859
f 1056/2125/1859 1071/2124/1858 1070/2126/1860
f 1056/2125/1859 1070/2126/1860 1069/2127/1861
f 1068/2128/1862 1057/2129/1863 1069/2127/1861
f 1069/2127/1861 1057/2129/1863 1056/2125/1859
f 945/2130/1836 1081/2131/1864 1068/2132/1835
f 1068/2132/1835 1081/2131/1864 1082/2133/1865
f 945/2134/1611 944/2135/1612 1081/2136/1866
f 1081/2136/1866 944/2135/1612 1083/2137/1867
f 944/2138/1868 943/2139/1869 910/2140/1870
f 910/2140/1870 943/2139/1869 911/2141/1871
f 911/2141/1871 943/2139/1869 942/2142/1872
f 911/2141/1871 942/2142/1872 912/2143/1873
f 912/2143/1873 942/2142/1872 941/2144/1874
f 912/2143/1873 941/2144/1874 913/2145/1875
f 913/2145/1875 941/2144/1874 940/2146/1876
f 913/2145/1875 940/2146/1876 939/2147/1877
f 913/2145/1875 939/2147/1877 914/2148/1878
f 914/2148/1878 939/2147/1877 938/2149/1879
f 914/2148/1878 938/2149/1879 955/2150/1880
f 955/2150/1880 938/2149/1879 937/2151/1881
f 955/2150/1880 937/2151/1881 973/2152/1882
f 973/2152/1882 937/2151/1881 974/2153/1883
f 974/2153/1883 937/2151/1881 936/2154/1884
f 955/2150/1880 915/2155/1885 914/2148/1878
f 910/2156/1870 953/2157/1886 944/2158/1868
f 944/2158/1868 953/2157/1886 1083/2159/1887
f 1085/2160/1888 1101/2161/1889 1084/2162/1890
f 1084/2162/1890 1101/2161/1889 1099/2163/1891
f 1084/2162/1890 1099/2163/1891 1100/2164/1892
f 1085/2160/1888 1086/2165/1893 1101/2161/1889
f 1101/2161/1889 1086/2165/1893 1102/2166/1894
f 1101/2161/1889 1102/2166/1894 1098/2167/1895
f 1098/2167/1895 1102/2166/1894 1097/2168/1896
f 1097/2168/1896 1102/2166/1894 1103/2169/1897
f 1097/2168/1896 1103/2169/1897 1096/2170/1898
f 1096/2170/1898 1103/2169/1897 1104/2171/1899
f 1096/2170/1898 1104/2171/1899 1095/2172/1900
f 1095/2172/1900 1104/2171/1899 1105/2173/1901
f 1095/2172/1900 1105/2173/1901 1094/2174/1902
f 1094/2174/1902 1105/2173/1901 1106/2175/1903
f 1094/2174/1902 1106/2175/1903 1093/2176/1904
f 1093/2176/1904 1106/2175/1903 1092/2177/1905
f 1092/2177/1905 1106/2175/1903 1091/2178/1906
f 1092/2177/1905 1091/2178/1906 1060/2179/1808
f 1086/2165/1893 1087/2180/1907 1102/2166/1894
f 1102/2166/1894 1087/2180/1907 1103/2169/1897
f 1087/2180/1907 1088/2181/1908 1103/2169/1897
f 1103/2169/1897 1088/2181/1908 1104/2171/1899
f 1088/2181/1908 1089/2182/1909 1104/2171/1899
f 1104/2171/1899 1089/2182/1909 1105/2173/1901
f 1089/2182/1909 1090/2183/1910 1105/2173/1901
f 1105/2173/1901 1090/2183/1910 1106/2175/1903
f 1090/2183/1910 1091/2178/1906 1106/2175/1903
f 1060/2179/1808 1061/2184/1806 1092/2177/1905
f 1098/2167/1895 1099/2163/1891 1101/2161/1889
f 1084/2185/1890 1107/2186/1911 1085/2187/1912
f 1085/2187/1912 1107/2186/1911 1132/2188/1913
f 1085/2187/1912 1132/2188/1913 1131/2189/1914
f 1131/2189/1914 1132/2188/1913 1133/2190/1915
f 1131/2189/1914 1133/2190/1915 1134/2191/1916
f 1134/2191/1916 1133/2190/1915 1136/2192/1917
f 1134/2191/1916 1136/2192/1917 1129/2193/1918
f 1129/2193/1918 1136/2192/1917 1128/2194/1919
f 1128/2194/1919 1136/2192/1917 1138/2195/1920
f 1128/2194/1919 1138/2195/1920 1127/2196/1921
f 1127/2196/1921 1138/2195/1920 1126/2197/1922
f 1126/2197/1922 1138/2195/1920 1140/2198/1923
f 1126/2197/1922 1140/2198/1923 1125/2199/1924
f 1125/2199/1924 1140/2198/1923 1124/2200/1925
f 1124/2200/1925 1140/2198/1923 1142/2201/1926
f 1124/2200/1925 1142/2201/1926 1123/2202/1927
f 1123/2202/1927 1142/2201/1926 1122/2203/1928
f 1122/2203/1928 1142/2201/1926 1121/2204/1929
f 1121/2204/1929 1142/2201/1926 1120/2205/1930
f 1120/2205/1930 1142/2201/1926 1119/2206/1931
f 1119/2206/1931 1142/2201/1926 1118/2207/1932
f 1118/2207/1932 1142/2201/1926 1117/2208/1933
f 1117/2208/1933 1142/2201/1926 1058/2209/1798
f 1117/2208/1933 1058/2209/1798 1116/2210/1934
f 1116/2210/1934 1058/2209/1798 1115/2211/1935
f 1115/2211/1935 1058/2209/1798 1114/2212/1936
f 1107/2186/1911 1108/2213/1937 1132/2188/1913
f 1132/2188/1913 1108/2213/1937 1109/2214/1938
f 1132/2188/1913 1109/2214/1938 1133/2190/1915
f 1133/2190/1915 1109/2214/1938 1110/2215/1939
f 1133/2190/1915 1110/2215/1939 1135/2216/1940
f 1135/2216/1940 1110/2215/1939 1111/2217/1941
f 1135/2216/1940 1111/2217/1941 1137/2218/1942
f 1137/2218/1942 1111/2217/1941 1112/2219/1943
f 1137/2218/1942 1112/2219/1943 1139/2220/1944
f 1139/2220/1944 1112/2219/1943 1113/2221/1945
f 1139/2220/1944 1113/2221/1945 1141/2222/1946
f 1141/2222/1946 1113/2221/1945 954/2223/1799
f 1141/2222/1946 954/2223/1799 1142/2201/1926
f 1142/2201/1926 954/2223/1799 1058/2209/1798
f 1129/2193/1918 1130/2224/1947 1134/2191/1916
f 1134/2191/1916 1130/2224/1947 1131/2189/1914
f 1136/2192/1917 1133/2190/1915 1135/2216/1940
f 1138/2195/1920 1136/2192/1917 1135/2216/1940
f 1140/2198/1923 1138/2195/1920 1137/2218/1942
f 1137/2218/1942 1138/2195/1920 1135/2216/1940
f 1142/2201/1926 1140/2198/1923 1139/2220/1944
f 1139/2220/1944 1140/2198/1923 1137/2218/1942
f 1141/2222/1946 1142/2201/1926 1139/2220/1944
f 952/2225/1616 954/2226/1615 1155/2227/1948
f 1155/2227/1948 954/2226/1615 1154/2228/1949
f 1154/2228/1949 954/2226/1615 1156/2229/1950
f 1154/2228/1949 1156/2229/1950 1153/2230/1951
f 1153/2230/1951 1156/2229/1950 1152/2231/1952
f 1152/2231/1952 1156/2229/1950 1151/2232/1953
f 1151/2232/1953 1156/2229/1950 1150/2233/1954
f 1150/2233/1954 1156/2229/1950 1157/2234/1955
f 1150/2233/1954 1157/2234/1955 1149/2235/1956
f 1149/2235/1956 1157/2234/1955 1148/2236/1957
f 1148/2236/1957 1157/2234/1955 1147/2237/1958
f 1147/2237/1958 1157/2234/1955 1158/2238/1959
f 1147/2237/1958 1158/2238/1959 1146/2239/1960
f 1146/2239/1960 1158/2238/1959 1159/2240/1961
f 1146/2239/1960 1159/2240/1961 1145/2241/1962
f 1145/2241/1962 1159/2240/1961 1160/2242/1963
f 1145/2241/1962 1160/2242/1963 1144/2243/1964
f 1144/2243/1964 1160/2242/1963 1161/2244/1965
f 1144/2243/1964 1161/2244/1965 1143/2245/1966
f 1143/2245/1966 1161/2244/1965 1107/2246/1911
f 1107/2246/1911 1161/2244/1965 1108/2247/1967
f 1108/2247/1967 1161/2244/1965 1109/2248/1968
f 1109/2248/1968 1161/2244/1965 1160/2242/1963
f 1109/2248/1968 1160/2242/1963 1110/2249/1969
f 1110/2249/1969 1160/2242/1963 1159/2240/1961
f 1110/2249/1969 1159/2240/1961 1111/2250/1970
f 1111/2250/1970 1159/2240/1961 1158/2238/1959
f 1111/2250/1970 1158/2238/1959 1112/2251/1971
f 1112/2251/1971 1158/2238/1959 1157/2234/1955
f 1112/2251/1971 1157/2234/1955 1113/2252/1972
f 1113/2252/1972 1157/2234/1955 1156/2229/1950
f 1113/2252/1972 1156/2229/1950 954/2226/1615
f 953/2253/1613 952/2254/1614 1170/2255/1973
f 1170/2255/1973 952/2254/1614 1171/2256/1974
f 1170/2255/1973 1171/2256/1974 1169/2257/1975
f 1169/2257/1975 1171/2256/1974 1168/2258/1976
f 1168/2258/1976 1171/2256/1974 1172/2259/1977
f 1168/2258/1976 1172/2259/1977 1167/2260/1978
f 1167/2260/1978 1172/2259/1977 1173/2261/1979
f 1167/2260/1978 1173/2261/1979 1166/2262/1980
f 1166/2262/1980 1173/2261/1979 1174/2263/1981
f 1166/2262/1980 1174/2263/1981 1165/2264/1982
f 1165/2264/1982 1174/2263/1981 1175/2265/1983
f 1165/2264/1982 1175/2265/1983 1164/2266/1984
f 1164/2266/1984 1175/2265/1983 1176/2267/1985
f 1164/2266/1984 1176/2267/1985 1163/2268/1986
f 1163/2268/1986 1176/2267/1985 1143/2269/1966
f 1163/2268/1986 1143/2269/1966 1162/2270/1987
f 1155/2271/1988 1154/2272/1989 952/2254/1614
f 952/2254/1614 1154/2272/1989 1171/2256/1974
f 1154/2272/1989 1153/2273/1990 1171/2256/1974
f 1171/2256/1974 1153/2273/1990 1152/2274/1991
f 1171/2256/1974 1152/2274/1991 1151/2275/1992
f 1151/2275/1992 1150/2276/1993 1171/2256/1974
f 1171/2256/1974 1150/2276/1993 1172/2259/1977
f 1150/2276/1993 1149/2277/1994 1172/2259/1977
f 1172/2259/1977 1149/2277/1994 1148/2278/1995
f 1172/2259/1977 1148/2278/1995 1147/2279/1996
f 1172/2259/1977 1147/2279/1996 1173/2261/1979
f 1173/2261/1979 1147/2279/1996 1146/2280/1997
f 1173/2261/1979 1146/2280/1997 1174/2263/1981
f 1174/2263/1981 1146/2280/1997 1145/2281/1998
f 1174/2263/1981 1145/2281/1998 1175/2265/1983
f 1175/2265/1983 1145/2281/1998 1144/2282/1999
f 1175/2265/1983 1144/2282/1999 1176/2267/1985
f 1176/2267/1985 1144/2282/1999 1143/2269/1966
f 1083/2283/1887 953/2284/1886 1192/2285/2000
f 1192/2285/2000 953/2284/1886 1170/2286/2001
f 1192/2285/2000 1170/2286/2001 1191/2287/2002
f 1191/2287/2002 1170/2286/2001 1190/2288/2003
f 1190/2288/2003 1170/2286/2001 1189/2289/2004
f 1189/2289/2004 1170/2286/2001 1188/2290/2005
f 1188/2290/2005 1170/2286/2001 1194/2291/2006
f 1188/2290/2005 1194/2291/2006 1187/2292/2007
f 1187/2292/2007 1194/2291/2006 1186/2293/2008
f 1186/2293/2008 1194/2291/2006 1185/2294/2009
f 1185/2294/2009 1194/2291/2006 1184/2295/2010
f 1184/2295/2010 1194/2291/2006 1196/2296/2011
f 1184/2295/2010 1196/2296/2011 1183/2297/2012
f 1183/2297/2012 1196/2296/2011 1182/2298/2013
f 1182/2298/2013 1196/2296/2011 1198/2299/2014
f 1182/2298/2013 1198/2299/2014 1181/2300/2015
f 1181/2300/2015 1198/2299/2014 1200/2301/2016
f 1181/2300/2015 1200/2301/2016 1180/2302/2017
f 1180/2302/2017 1200/2301/2016 1202/2303/2018
f 1180/2302/2017 1202/2303/2018 1179/2304/2019
f 1179/2304/2019 1202/2303/2018 1201/2305/2020
f 1179/2304/2019 1201/2305/2020 1203/2306/2021
f 1203/2306/2021 1201/2305/2020 1164/2307/2022
f 1203/2306/2021 1164/2307/2022 1163/2308/2023
f 1194/2291/2006 1170/2286/2001 1193/2309/2024
f 1193/2309/2024 1170/2286/2001 1169/2310/2025
f 1193/2309/2024 1169/2310/2025 1168/2311/2026
f 1193/2309/2024 1168/2311/2026 1195/2312/2027
f 1195/2312/2027 1168/2311/2026 1167/2313/2028
f 1195/2312/2027 1167/2313/2028 1197/2314/2029
f 1197/2314/2029 1167/2313/2028 1166/2315/2030
f 1197/2314/2029 1166/2315/2030 1199/2316/2031
f 1199/2316/2031 1166/2315/2030 1165/2317/2032
f 1199/2316/2031 1165/2317/2032 1201/2305/2020
f 1201/2305/2020 1165/2317/2032 1164/2307/2022
f 1162/2318/1987 1177/2319/2033 1163/2308/2023
f 1163/2308/2023 1177/2319/2033 1203/2306/2021
f 1177/2319/2033 1178/2320/2034 1203/2306/2021
f 1203/2306/2021 1178/2320/2034 1179/2304/2019
f 1196/2296/2011 1194/2291/2006 1193/2309/2024
f 1198/2299/2014 1196/2296/2011 1195/2312/2027
f 1195/2312/2027 1196/2296/2011 1193/2309/2024
f 1200/2301/2016 1198/2299/2014 1197/2314/2029
f 1197/2314/2029 1198/2299/2014 1195/2312/2027
f 1202/2303/2018 1200/2301/2016 1199/2316/2031
f 1199/2316/2031 1200/2301/2016 1197/2314/2029
f 1201/2305/2020 1202/2303/2018 1199/2316/2031
f 1081/2321/1866 1083/2322/1867 1216/2323/2035
f 1216/2323/2035 1083/2322/1867 1192/2324/2036
f 1216/2323/2035 1192/2324/2036 1215/2325/2037
f 1215/2325/2037 1192/2324/2036 1191/2326/2038
f 1215/2325/2037 1191/2326/2038 1190/2327/2039
f 1215/2325/2037 1190/2327/2039 1218/2328/2040
f 1218/2328/2040 1190/2327/2039 1189/2329/2041
f 1218/2328/2040 1189/2329/2041 1188/2330/2042
f 1188/2330/2042 1187/2331/2043 1218/2328/2040
f 1218/2328/2040 1187/2331/2043 1186/2332/2044
f 1218/2328/2040 1186/2332/2044 1185/2333/2045
f 1185/2333/2045 1184/2334/2046 1218/2328/2040
f 1218/2328/2040 1184/2334/2046 1219/2335/2047
f 1218/2328/2040 1219/2335/2047 1211/2336/2048
f 1211/2336/2048 1219/2335/2047 1210/2337/2049
f 1210/2337/2049 1219/2335/2047 1209/2338/2050
f 1209/2338/2050 1219/2335/2047 1208/2339/2051
f 1208/2339/2051 1219/2335/2047 1220/2340/2052
f 1208/2339/2051 1220/2340/2052 1207/2341/2053
f 1207/2341/2053 1220/2340/2052 1221/2342/2054
f 1207/2341/2053 1221/2342/2054 1206/2343/2055
f 1206/2343/2055 1221/2342/2054 1222/2344/2056
f 1206/2343/2055 1222/2344/2056 1205/2345/2057
f 1205/2345/2057 1222/2344/2056 1217/2346/2058
f 1205/2345/2057 1217/2346/2058 1204/2347/2059
f 1204/2347/2059 1217/2346/2058 1177/2348/2033
f 1177/2348/2033 1217/2346/2058 1178/2349/2060
f 1178/2349/2060 1217/2346/2058 1179/2350/2061
f 1179/2350/2061 1217/2346/2058 1222/2344/2056
f 1179/2350/2061 1222/2344/2056 1180/2351/2062
f 1180/2351/2062 1222/2344/2056 1221/2342/2054
f 1180/2351/2062 1221/2342/2054 1181/2352/2063
f 1181/2352/2063 1221/2342/2054 1220/2340/2052
f 1181/2352/2063 1220/2340/2052 1182/2353/2064
f 1182/2353/2064 1220/2340/2052 1219/2335/2047
f 1182/2353/2064 1219/2335/2047 1183/2354/2065
f 1183/2354/2065 1219/2335/2047 1184/2334/2046
f 1211/2336/2048 1212/2355/2066 1218/2328/2040
f 1218/2328/2040 1212/2355/2066 1213/2356/2067
f 1218/2328/2040 1213/2356/2067 1214/2357/2068
f 1214/2357/2068 1215/2325/2037 1218/2328/2040
f 1081/2358/1864 1216/2359/2069 1082/2360/1865
f 1082/2360/1865 1216/2359/2069 1239/2361/2070
f 1239/2361/2070 1216/2359/2069 1215/2362/2071
f 1239/2361/2070 1215/2362/2071 1238/2363/2072
f 1238/2363/2072 1215/2362/2071 1237/2364/2073
f 1237/2364/2073 1215/2362/2071 1214/2365/2074
f 1237/2364/2073 1214/2365/2074 1236/2366/2075
f 1236/2366/2075 1214/2365/2074 1235/2367/2076
f 1235/2367/2076 1214/2365/2074 1234/2368/2077
f 1234/2368/2077 1214/2365/2074 1241/2369/2078
f 1234/2368/2077 1241/2369/2078 1233/2370/2079
f 1233/2370/2079 1241/2369/2078 1232/2371/2080
f 1232/2371/2080 1241/2369/2078 1231/2372/2081
f 1231/2372/2081 1241/2369/2078 1243/2373/2082
f 1231/2372/2081 1243/2373/2082 1230/2374/2083
f 1230/2374/2083 1243/2373/2082 1229/2375/2084
f 1229/2375/2084 1243/2373/2082 1228/2376/2085
f 1228/2376/2085 1243/2373/2082 1245/2377/2086
f 1228/2376/2085 1245/2377/2086 1227/2378/2087
f 1227/2378/2087 1245/2377/2086 1247/2379/2088
f 1227/2378/2087 1247/2379/2088 1226/2380/2089
f 1226/2380/2089 1247/2379/2088 1249/2381/2090
f 1226/2380/2089 1249/2381/2090 1225/2382/2091
f 1225/2382/2091 1249/2381/2090 1251/2383/2092
f 1225/2382/2091 1251/2383/2092 1224/2384/2093
f 1224/2384/2093 1251/2383/2092 1250/2385/2094
f 1224/2384/2093 1250/2385/2094 1223/2386/2095
f 1223/2386/2095 1250/2385/2094 1204/2387/2059
f 1204/2387/2059 1250/2385/2094 1205/2388/2096
f 1205/2388/2096 1250/2385/2094 1248/2389/2097
f 1205/2388/2096 1248/2389/2097 1206/2390/2098
f 1206/2390/2098 1248/2389/2097 1246/2391/2099
f 1206/2390/2098 1246/2391/2099 1207/2392/2100
f 1207/2392/2100 1246/2391/2099 1244/2393/2101
f 1207/2392/2100 1244/2393/2101 1208/2394/2102
f 1208/2394/2102 1244/2393/2101 1242/2395/2103
f 1208/2394/2102 1242/2395/2103 1209/2396/2104
f 1209/2396/2104 1242/2395/2103 1210/2397/2105
f 1210/2397/2105 1242/2395/2103 1211/2398/2106
f 1211/2398/2106 1242/2395/2103 1240/2399/2107
f 1211/2398/2106 1240/2399/2107 1212/2400/2108
f 1212/2400/2108 1240/2399/2107 1213/2401/2109
f 1213/2401/2109 1240/2399/2107 1214/2365/2074
f 1214/2365/2074 1240/2399/2107 1241/2369/2078
f 1243/2373/2082 1241/2369/2078 1240/2399/2107
f 1245/2377/2086 1243/2373/2082 1242/2395/2103
f 1242/2395/2103 1243/2373/2082 1240/2399/2107
f 1247/2379/2088 1245/2377/2086 1244/2393/2101
f 1244/2393/2101 1245/2377/2086 1242/2395/2103
f 1249/2381/2090 1247/2379/2088 1246/2391/2099
f 1246/2391/2099 1247/2379/2088 1244/2393/2101
f 1251/2383/2092 1249/2381/2090 1248/2389/2097
f 1248/2389/2097 1249/2381/2090 1246/2391/2099
f 1250/2385/2094 1251/2383/2092 1248/2389/2097
f 1067/2402/2110 1082/2403/2111 1261/2404/2112
f 1261/2404/2112 1082/2403/2111 1262/2405/2113
f 1261/2404/2112 1262/2405/2113 1260/2406/2114
f 1260/2406/2114 1262/2405/2113 1259/2407/2115
f 1259/2407/2115 1262/2405/2113 1263/2408/2116
f 1259/2407/2115 1263/2408/2116 1258/2409/2117
f 1258/2409/2117 1263/2408/2116 1257/2410/2118
f 1257/2410/2118 1263/2408/2116 1264/2411/2119
f 1257/2410/2118 1264/2411/2119 1256/2412/2120
f 1256/2412/2120 1264/2411/2119 1265/2413/2121
f 1256/2412/2120 1265/2413/2121 1255/2414/2122
f 1255/2414/2122 1265/2413/2121 1266/2415/2123
f 1255/2414/2122 1266/2415/2123 1254/2416/2124
f 1254/2416/2124 1266/2415/2123 1267/2417/2125
f 1254/2416/2124 1267/2417/2125 1253/2418/2126
f 1253/2418/2126 1267/2417/2125 1252/2419/2127
f 1252/2419/2127 1267/2417/2125 1224/2420/2128
f 1252/2419/2127 1224/2420/2128 1223/2421/2095
f 1239/2422/2129 1238/2423/2130 1082/2403/2111
f 1082/2403/2111 1238/2423/2130 1237/2424/2131
f 1082/2403/2111 1237/2424/2131 1262/2405/2113
f 1262/2405/2113 1237/2424/2131 1236/2425/2132
f 1262/2405/2113 1236/2425/2132 1235/2426/2133
f 1235/2426/2133 1234/2427/2134 1262/2405/2113
f 1262/2405/2113 1234/2427/2134 1233/2428/2135
f 1262/2405/2113 1233/2428/2135 1232/2429/2136
f 1232/2429/2136 1231/2430/2137 1262/2405/2113
f 1262/2405/2113 1231/2430/2137 1263/2408/2116
f 1231/2430/2137 1230/2431/2138 1263/2408/2116
f 1263/2408/2116 1230/2431/2138 1229/2432/2139
f 1263/2408/2116 1229/2432/2139 1228/2433/2140
f 1263/2408/2116 1228/2433/2140 1264/2411/2119
f 1264/2411/2119 1228/2433/2140 1227/2434/2141
f 1264/2411/2119 1227/2434/2141 1265/2413/2121
f 1265/2413/2121 1227/2434/2141 1226/2435/2142
f 1265/2413/2121 1226/2435/2142 1266/2415/2123
f 1266/2415/2123 1226/2435/2142 1225/2436/2143
f 1266/2415/2123 1225/2436/2143 1267/2417/2125
f 1267/2417/2125 1225/2436/2143 1224/2420/2128
f 1066/2437/1820 1067/2438/1819 1280/2439/2144
f 1280/2439/2144 1067/2438/1819 1261/2440/2145
f 1280/2439/2144 1261/2440/2145 1279/2441/2146
f 1279/2441/2146 1261/2440/2145 1278/2442/2147
f 1278/2442/2147 1261/2440/2145 1281/2443/2148
f 1278/2442/2147 1281/2443/2148 1277/2444/2149
f 1277/2444/2149 1281/2443/2148 1276/2445/2150
f 1276/2445/2150 1281/2443/2148 1275/2446/2151
f 1275/2446/2151 1281/2443/2148 1282/2447/2152
f 1275/2446/2151 1282/2447/2152 1274/2448/2153
f 1274/2448/2153 1282/2447/2152 1273/2449/2154
f 1273/2449/2154 1282/2447/2152 1272/2450/2155
f 1272/2450/2155 1282/2447/2152 1283/2451/2156
f 1272/2450/2155 1283/2451/2156 1271/2452/2157
f 1271/2452/2157 1283/2451/2156 1284/2453/2158
f 1271/2452/2157 1284/2453/2158 1270/2454/2159
f 1270/2454/2159 1284/2453/2158 1285/2455/2160
f 1270/2454/2159 1285/2455/2160 1269/2456/2161
f 1269/2456/2161 1285/2455/2160 1286/2457/2162
f 1269/2456/2161 1286/2457/2162 1268/2458/2163
f 1268/2458/2163 1286/2457/2162 1253/2459/2164
f 1268/2458/2163 1253/2459/2164 1252/2460/2127
f 1261/2440/2145 1260/2461/2165 1281/2443/2148
f 1281/2443/2148 1260/2461/2165 1259/2462/2166
f 1281/2443/2148 1259/2462/2166 1282/2447/2152
f 1282/2447/2152 1259/2462/2166 1258/2463/2167
f 1282/2447/2152 1258/2463/2167 1257/2464/2168
f 1282/2447/2152 1257/2464/2168 1283/2451/2156
f 1283/2451/2156 1257/2464/2168 1256/2465/2169
f 1283/2451/2156 1256/2465/2169 1284/2453/2158
f 1284/2453/2158 1256/2465/2169 1255/2466/2170
f 1284/2453/2158 1255/2466/2170 1285/2455/2160
f 1285/2455/2160 1255/2466/2170 1254/2467/2171
f 1285/2455/2160 1254/2467/2171 1286/2457/2162
f 1286/2457/2162 1254/2467/2171 1253/2459/2164
f 1066/2468/1818 1280/2469/2172 1065/2470/1817
f 1065/2470/1817 1280/2469/2172 1296/2471/2173
f 1296/2471/2173 1280/2469/2172 1279/2472/2174
f 1296/2471/2173 1279/2472/2174 1297/2473/2175
f 1297/2473/2175 1279/2472/2174 1278/2474/2176
f 1297/2473/2175 1278/2474/2176 1277/2475/2177
f 1277/2475/2177 1276/2476/2178 1297/2473/2175
f 1297/2473/2175 1276/2476/2178 1275/2477/2179
f 1297/2473/2175 1275/2477/2179 1298/2478/2180
f 1298/2478/2180 1275/2477/2179 1274/2479/2181
f 1298/2478/2180 1274/2479/2181 1273/2480/2182
f 1273/2480/2182 1272/2481/2183 1298/2478/2180
f 1298/2478/2180 1272/2481/2183 1299/2482/2184
f 1298/2478/2180 1299/2482/2184 1291/2483/2185
f 1291/2483/2185 1299/2482/2184 1290/2484/2186
f 1290/2484/2186 1299/2482/2184 1300/2485/2187
f 1290/2484/2186 1300/2485/2187 1289/2486/2188
f 1289/2486/2188 1300/2485/2187 1301/2487/2189
f 1289/2486/2188 1301/2487/2189 1288/2488/2190
f 1288/2488/2190 1301/2487/2189 1302/2489/2191
f 1288/2488/2190 1302/2489/2191 1287/2490/2192
f 1287/2490/2192 1302/2489/2191 1268/2491/2163
f 1268/2491/2163 1302/2489/2191 1269/2492/2193
f 1269/2492/2193 1302/2489/2191 1301/2487/2189
f 1269/2492/2193 1301/2487/2189 1270/2493/2194
f 1270/2493/2194 1301/2487/2189 1300/2485/2187
f 1270/2493/2194 1300/2485/2187 1271/2494/2195
f 1271/2494/2195 1300/2485/2187 1299/2482/2184
f 1271/2494/2195 1299/2482/2184 1272/2481/2183
f 1291/2483/2185 1292/2495/2196 1298/2478/2180
f 1298/2478/2180 1292/2495/2196 1293/2496/2197
f 1298/2478/2180 1293/2496/2197 1294/2497/2198
f 1298/2478/2180 1294/2497/2198 1297/2473/2175
f 1297/2473/2175 1294/2497/2198 1295/2498/2199
f 1297/2473/2175 1295/2498/2199 1296/2471/2173
f 1064/2499/1816 1065/2500/1815 1315/2501/2200
f 1315/2501/2200 1065/2500/1815 1296/2502/2201
f 1315/2501/2200 1296/2502/2201 1314/2503/2202
f 1314/2503/2202 1296/2502/2201 1313/2504/2203
f 1313/2504/2203 1296/2502/2201 1316/2505/2204
f 1313/2504/2203 1316/2505/2204 1312/2506/2205
f 1312/2506/2205 1316/2505/2204 1311/2507/2206
f 1311/2507/2206 1316/2505/2204 1310/2508/2207
f 1310/2508/2207 1316/2505/2204 1309/2509/2208
f 1309/2509/2208 1316/2505/2204 1317/2510/2209
f 1309/2509/2208 1317/2510/2209 1308/2511/2210
f 1308/2511/2210 1317/2510/2209 1307/2512/2211
f 1307/2512/2211 1317/2510/2209 1318/2513/2212
f 1307/2512/2211 1318/2513/2212 1306/2514/2213
f 1306/2514/2213 1318/2513/2212 1319/2515/2214
f 1306/2514/2213 1319/2515/2214 1305/2516/2215
f 1305/2516/2215 1319/2515/2214 1320/2517/2216
f 1305/2516/2215 1320/2517/2216 1304/2518/2217
f 1304/2518/2217 1320/2517/2216 1321/2519/2218
f 1304/2518/2217 1321/2519/2218 1303/2520/2219
f 1303/2520/2219 1321/2519/2218 1287/2521/2192
f 1287/2521/2192 1321/2519/2218 1288/2522/2220
f 1288/2522/2220 1321/2519/2218 1320/2517/2216
f 1288/2522/2220 1320/2517/2216 1289/2523/2221
f 1289/2523/2221 1320/2517/2216 1319/2515/2214
f 1289/2523/2221 1319/2515/2214 1290/2524/2222
f 1290/2524/2222 1319/2515/2214 1318/2513/2212
f 1290/2524/2222 1318/2513/2212 1291/2525/2223
f 1291/2525/2223 1318/2513/2212 1317/2510/2209
f 1291/2525/2223 1317/2510/2209 1292/2526/2224
f 1292/2526/2224 1317/2510/2209 1293/2527/2225
f 1293/2527/2225 1317/2510/2209 1294/2528/2226
f 1294/2528/2226 1317/2510/2209 1316/2505/2204
f 1294/2528/2226 1316/2505/2204 1295/2529/2227
f 1295/2529/2227 1316/2505/2204 1296/2502/2201
f 1063/2530/1813 1064/2531/1814 1335/2532/2228
f 1335/2532/2228 1064/2531/1814 1315/2533/2229
f 1335/2532/2228 1315/2533/2229 1334/2534/2230
f 1334/2534/2230 1315/2533/2229 1314/2535/2231
f 1334/2534/2230 1314/2535/2231 1333/2536/2232
f 1333/2536/2232 1314/2535/2231 1313/2537/2233
f 1333/2536/2232 1313/2537/2233 1312/2538/2234
f 1333/2536/2232 1312/2538/2234 1332/2539/2235
f 1332/2539/2235 1312/2538/2234 1311/2540/2236
f 1332/2539/2235 1311/2540/2236 1331/2541/2237
f 1331/2541/2237 1311/2540/2236 1310/2542/2238
f 1331/2541/2237 1310/2542/2238 1330/2543/2239
f 1330/2543/2239 1310/2542/2238 1329/2544/2240
f 1329/2544/2240 1310/2542/2238 1309/2545/2241
f 1329/2544/2240 1309/2545/2241 1328/2546/2242
f 1328/2546/2242 1309/2545/2241 1308/2547/2243
f 1328/2546/2242 1308/2547/2243 1327/2548/2244
f 1327/2548/2244 1308/2547/2243 1307/2549/2245
f 1327/2548/2244 1307/2549/2245 1326/2550/2246
f 1326/2550/2246 1307/2549/2245 1306/2551/2247
f 1326/2550/2246 1306/2551/2247 1325/2552/2248
f 1325/2552/2248 1306/2551/2247 1338/2553/2249
f 1325/2552/2248 1338/2553/2249 1324/2554/2250
f 1324/2554/2250 1338/2553/2249 1305/2555/2251
f 1324/2554/2250 1305/2555/2251 1337/2556/2252
f 1337/2556/2252 1305/2555/2251 1304/2557/2253
f 1337/2556/2252 1304/2557/2253 1336/2558/2254
f 1336/2558/2254 1304/2557/2253 1303/2559/2219
f 1336/2558/2254 1303/2559/2219 1322/2560/2255
f 1306/2551/2247 1305/2555/2251 1338/2553/2249
f 1322/2560/2255 1323/2561/2256 1336/2558/2254
f 1336/2558/2254 1323/2561/2256 1337/2556/2252
f 1323/2561/2256 1324/2554/2250 1337/2556/2252
f 1063/2562/1811 1335/2563/2257 1062/2564/1812
f 1062/2564/1812 1335/2563/2257 1351/2565/2258
f 1351/2565/2258 1335/2563/2257 1334/2566/2259
f 1351/2565/2258 1334/2566/2259 1350/2567/2260
f 1350/2567/2260 1334/2566/2259 1333/2568/2261
f 1350/2567/2260 1333/2568/2261 1349/2569/2262
f 1349/2569/2262 1333/2568/2261 1348/2570/2263
f 1348/2570/2263 1333/2568/2261 1332/2571/2264
f 1348/2570/2263 1332/2571/2264 1347/2572/2265
f 1347/2572/2265 1332/2571/2264 1331/2573/2266
f 1347/2572/2265 1331/2573/2266 1346/2574/2267
f 1346/2574/2267 1331/2573/2266 1330/2575/2268
f 1346/2574/2267 1330/2575/2268 1329/2576/2269
f 1346/2574/2267 1329/2576/2269 1345/2577/2270
f 1345/2577/2270 1329/2576/2269 1328/2578/2271
f 1345/2577/2270 1328/2578/2271 1344/2579/2272
f 1344/2579/2272 1328/2578/2271 1327/2580/2273
f 1344/2579/2272 1327/2580/2273 1343/2581/2274
f 1343/2581/2274 1327/2580/2273 1326/2582/2275
f 1343/2581/2274 1326/2582/2275 1352/2583/2276
f 1352/2583/2276 1326/2582/2275 1325/2584/2277
f 1352/2583/2276 1325/2584/2277 1342/2585/2278
f 1342/2585/2278 1325/2584/2277 1354/2586/2279
f 1342/2585/2278 1354/2586/2279 1341/2587/2280
f 1341/2587/2280 1354/2586/2279 1353/2588/2281
f 1341/2587/2280 1353/2588/2281 1340/2589/2282
f 1340/2589/2282 1353/2588/2281 1355/2590/2283
f 1340/2589/2282 1355/2590/2283 1339/2591/2284
f 1339/2591/2284 1355/2590/2283 1322/2592/2255
f 1322/2592/2255 1355/2590/2283 1323/2593/2285
f 1323/2593/2285 1355/2590/2283 1353/2588/2281
f 1323/2593/2285 1353/2588/2281 1324/2594/2286
f 1324/2594/2286 1353/2588/2281 1354/2586/2279
f 1324/2594/2286 1354/2586/2279 1325/2584/2277
f 1342/2585/2278 1343/2581/2274 1352/2583/2276
f 1061/2595/1809 1062/2596/1810 1092/2597/2287
f 1092/2597/2287 1062/2596/1810 1356/2598/2288
f 1092/2597/2287 1356/2598/2288 1093/2599/2289
f 1093/2599/2289 1356/2598/2288 1094/2600/2290
f 1094/2600/2290 1356/2598/2288 1357/2601/2291
f 1094/2600/2290 1357/2601/2291 1095/2602/2292
f 1095/2602/2292 1357/2601/2291 1358/2603/2293
f 1095/2602/2292 1358/2603/2293 1096/2604/2294
f 1096/2604/2294 1358/2603/2293 1359/2605/2295
f 1096/2604/2294 1359/2605/2295 1097/2606/2296
f 1097/2606/2296 1359/2605/2295 1360/2607/2297
f 1097/2606/2296 1360/2607/2297 1098/2608/2298
f 1098/2608/2298 1360/2607/2297 1361/2609/2299
f 1098/2608/2298 1361/2609/2299 1099/2610/2300
f 1099/2610/2300 1361/2609/2299 1339/2611/2284
f 1099/2610/2300 1339/2611/2284 1100/2612/1892
f 1351/2613/2301 1350/2614/2302 1062/2596/1810
f 1062/2596/1810 1350/2614/2302 1356/2598/2288
f 1350/2614/2302 1349/2615/2303 1356/2598/2288
f 1356/2598/2288 1349/2615/2303 1348/2616/2304
f 1356/2598/2288 1348/2616/2304 1347/2617/2305
f 1347/2617/2305 1346/2618/2306 1356/2598/2288
f 1356/2598/2288 1346/2618/2306 1357/2601/2291
f 1346/2618/2306 1345/2619/2307 1357/2601/2291
f 1357/2601/2291 1345/2619/2307 1344/2620/2308
f 1357/2601/2291 1344/2620/2308 1343/2621/2309
f 1357/2601/2291 1343/2621/2309 1358/2603/2293
f 1358/2603/2293 1343/2621/2309 1342/2622/2310
f 1358/2603/2293 1342/2622/2310 1359/2605/2295
f 1359/2605/2295 1342/2622/2310 1341/2623/2311
f 1359/2605/2295 1341/2623/2311 1360/2607/2297
f 1360/2607/2297 1341/2623/2311 1340/2624/2312
f 1360/2607/2297 1340/2624/2312 1361/2609/2299
f 1361/2609/2299 1340/2624/2312 1339/2611/2284
f 1057/2625/1863 1068/2626/1862 1067/2627/2110
f 1067/2627/2110 1068/2626/1862 1082/2628/2111
f 1084/2629/1890 1100/2630/1892 1107/2631/1911
f 1107/2631/1911 1100/2630/1892 1322/2632/2255
f 1107/2631/1911 1322/2632/2255 1204/2633/2059
f 1204/2633/2059 1322/2632/2255 1287/2634/2192
f 1204/2633/2059 1287/2634/2192 1252/2635/2127
f 1252/2635/2127 1287/2634/2192 1268/2636/2163
f 1100/2630/1892 1339/2637/2284 1322/2632/2255
f 1322/2632/2255 1303/2638/2219 1287/2634/2192
f 1252/2635/2127 1223/2639/2095 1204/2633/2059
f 1177/2640/2033 1162/2641/1987 1204/2633/2059
f 1204/2633/2059 1162/2641/1987 1107/2631/1911
f 1162/2641/1987 1143/2642/1966 1107/2631/1911
f 1085/2643/2313 1131/2644/2314 1086/2645/2315
f 1086/2645/2315 1131/2644/2314 1130/2646/2316
f 1086/2645/2315 1130/2646/2316 1087/2647/2317
f 1087/2647/2317 1130/2646/2316 1129/2648/2318
f 1087/2647/2317 1129/2648/2318 1088/2649/2319
f 1088/2649/2319 1129/2648/2318 1362/2650/2320
f 1088/2649/2319 1362/2650/2320 1089/2651/2321
f 1089/2651/2321 1362/2650/2320 1363/2652/2322
f 1089/2651/2321 1363/2652/2322 1090/2653/2323
f 1090/2653/2323 1363/2652/2322 1364/2654/2324
f 1090/2653/2323 1364/2654/2324 1091/2655/2325
f 1091/2655/2325 1364/2654/2324 1365/2656/2326
f 1091/2655/2325 1365/2656/2326 1060/2657/1804
f 1060/2657/1804 1365/2656/2326 1117/2658/2327
f 1060/2657/1804 1117/2658/2327 1116/2659/2328
f 1129/2648/2318 1128/2660/2329 1362/2650/2320
f 1362/2650/2320 1128/2660/2329 1363/2652/2322
f 1128/2660/2329 1127/2661/2330 1363/2652/2322
f 1363/2652/2322 1127/2661/2330 1126/2662/2331
f 1363/2652/2322 1126/2662/2331 1364/2654/2324
f 1364/2654/2324 1126/2662/2331 1125/2663/2332
f 1364/2654/2324 1125/2663/2332 1124/2664/2333
f 1364/2654/2324 1124/2664/2333 1365/2656/2326
f 1365/2656/2326 1124/2664/2333 1123/2665/2334
f 1365/2656/2326 1123/2665/2334 1122/2666/2335
f 1122/2666/2335 1121/2667/2336 1365/2656/2326
f 1365/2656/2326 1121/2667/2336 1120/2668/2337
f 1365/2656/2326 1120/2668/2337 1119/2669/2338
f 1119/2669/2338 1118/2670/2339 1365/2656/2326
f 1365/2656/2326 1118/2670/2339 1117/2658/2327
f 1116/2659/2328 1115/2671/2340 1060/2657/1804
f 1060/2657/1804 1115/2671/2340 1114/2672/2341
f 1060/2657/1804 1114/2672/2341 1058/2673/1803
# 1365 vertices
# 2673 texture params
# 2341 normals
# 2718 facets

# 3 groups
