# WaveFront *.obj file (generated by Autodesk ATF)

mtllib Heat Gun.mtl

g Body55

v -14.084300 -0.254000 4.953000
v -14.084300 -0.273867 4.954564
v -14.084300 -0.293245 4.959216
v -14.084300 -0.311657 4.966842
v -14.084300 -0.328648 4.977255
v -14.084300 -0.343802 4.990198
v -14.084300 -0.356745 5.005351
v -14.084300 -0.367158 5.022343
v -14.084300 -0.374784 5.040755
v -14.084300 -0.379436 5.060133
v -14.084300 -0.381000 5.080000
v -14.084300 -0.379436 5.099867
v -14.084300 -0.374784 5.119245
v -14.084300 -0.367158 5.137657
v -14.084300 -0.356745 5.154649
v -14.084300 -0.343802 5.169803
v -14.084300 -0.328648 5.182745
v -14.084300 -0.311657 5.193158
v -14.084300 -0.293245 5.200784
v -14.084300 -0.273867 5.205437
v -14.084300 -0.254000 5.207000
v -14.084300 -0.234133 5.205437
v -14.084300 -0.214755 5.200784
v -14.084300 -0.196343 5.193158
v -14.084300 -0.179351 5.182745
v -14.084300 -0.164197 5.169803
v -14.084300 -0.151255 5.154649
v -14.084300 -0.140842 5.137657
v -14.084300 -0.133216 5.119245
v -14.084300 -0.128563 5.099867
v -14.084300 -0.127000 5.080000
v -14.084300 -0.128563 5.060133
v -14.084300 -0.133216 5.040755
v -14.084300 -0.140842 5.022343
v -14.084300 -0.151255 5.005351
v -14.084300 -0.164197 4.990198
v -14.084300 -0.179351 4.977255
v -14.084300 -0.196343 4.966842
v -14.084300 -0.214755 4.959216
v -14.084300 -0.234133 4.954564
v -14.097000 -0.254000 4.965700
v -14.097000 -0.235187 4.967259
v -14.097000 -0.216887 4.971893
v -14.097000 -0.199599 4.979476
v -14.097000 -0.183795 4.989801
v -14.097000 -0.169906 5.002587
v -14.097000 -0.158312 5.017484
v -14.097000 -0.149327 5.034086
v -14.097000 -0.143197 5.051941
v -14.097000 -0.140090 5.070561
v -14.097000 -0.140090 5.089439
v -14.097000 -0.143197 5.108059
v -14.097000 -0.149327 5.125914
v -14.097000 -0.158312 5.142516
v -14.097000 -0.169906 5.157413
v -14.097000 -0.183795 5.170199
v -14.097000 -0.199599 5.180524
v -14.097000 -0.216887 5.188107
v -14.097000 -0.235187 5.192741
v -14.097000 -0.254000 5.194300
v -14.097000 -0.272813 5.192741
v -14.097000 -0.291113 5.188107
v -14.097000 -0.308401 5.180524
v -14.097000 -0.324204 5.170199
v -14.097000 -0.338093 5.157413
v -14.097000 -0.349688 5.142516
v -14.097000 -0.358673 5.125914
v -14.097000 -0.364802 5.108059
v -14.097000 -0.367909 5.089439
v -14.097000 -0.367909 5.070561
v -14.097000 -0.364802 5.051941
v -14.097000 -0.358673 5.034086
v -14.097000 -0.349688 5.017484
v -14.097000 -0.338093 5.002587
v -14.097000 -0.324204 4.989801
v -14.097000 -0.308401 4.979476
v -14.097000 -0.291113 4.971893
v -14.097000 -0.272813 4.967259
v -14.087587 -0.254000 4.953433
v -14.090650 -0.254000 4.954702
v -14.093280 -0.254000 4.956720
v -14.095299 -0.254000 4.959350
v -14.096567 -0.254000 4.962413
v -14.087587 -0.273799 4.954991
v -14.090650 -0.273601 4.956244
v -14.093280 -0.273285 4.958238
v -14.095299 -0.272874 4.960835
v -14.096567 -0.272394 4.963861
v -14.087587 -0.293111 4.959627
v -14.090650 -0.292719 4.960834
v -14.093280 -0.292095 4.962754
v -14.095299 -0.291283 4.965255
v -14.096567 -0.290336 4.968168
v -14.087587 -0.311460 4.967228
v -14.090650 -0.310884 4.968358
v -14.093280 -0.309968 4.970157
v -14.095299 -0.308774 4.972500
v -14.096567 -0.307383 4.975229
v -14.087587 -0.328394 4.977605
v -14.090650 -0.327648 4.978631
v -14.093280 -0.326462 4.980264
v -14.095299 -0.324916 4.982392
v -14.096567 -0.323116 4.984870
v -14.087587 -0.343496 4.990504
v -14.090650 -0.342599 4.991401
v -14.093280 -0.341172 4.992828
v -14.095299 -0.339312 4.994688
v -14.096567 -0.337146 4.996854
v -14.087587 -0.356395 5.005606
v -14.090650 -0.355368 5.006351
v -14.093280 -0.353736 5.007538
v -14.095299 -0.351608 5.009084
v -14.096567 -0.349130 5.010884
v -14.087587 -0.366772 5.022540
v -14.090650 -0.365642 5.023116
v -14.093280 -0.363843 5.024032
v -14.095299 -0.361500 5.025226
v -14.096567 -0.358771 5.026617
v -14.087587 -0.374372 5.040889
v -14.090650 -0.373166 5.041281
v -14.093280 -0.371246 5.041904
v -14.095299 -0.368745 5.042717
v -14.096567 -0.365832 5.043664
v -14.087587 -0.379009 5.060201
v -14.090650 -0.377756 5.060399
v -14.093280 -0.375762 5.060715
v -14.095299 -0.373164 5.061126
v -14.096567 -0.370139 5.061605
v -14.087587 -0.380567 5.080000
v -14.090650 -0.379298 5.080000
v -14.093280 -0.377280 5.080000
v -14.095299 -0.374650 5.080000
v -14.096567 -0.371587 5.080000
v -14.087587 -0.379009 5.099800
v -14.090650 -0.377756 5.099601
v -14.093280 -0.375762 5.099285
v -14.095299 -0.373164 5.098874
v -14.096567 -0.370139 5.098395
v -14.087587 -0.374372 5.119112
v -14.090650 -0.373166 5.118719
v -14.093280 -0.371246 5.118096
v -14.095299 -0.368745 5.117283
v -14.096567 -0.365832 5.116336
v -14.087587 -0.366772 5.137460
v -14.090650 -0.365642 5.136884
v -14.093280 -0.363843 5.135968
v -14.095299 -0.361500 5.134774
v -14.096567 -0.358771 5.133383
v -14.087587 -0.356395 5.154394
v -14.090650 -0.355368 5.153649
v -14.093280 -0.353736 5.152462
v -14.095299 -0.351608 5.150916
v -14.096567 -0.349130 5.149116
v -14.087587 -0.343496 5.169497
v -14.090650 -0.342599 5.168600
v -14.093280 -0.341172 5.167172
v -14.095299 -0.339312 5.165313
v -14.096567 -0.337146 5.163147
v -14.087587 -0.328394 5.182395
v -14.090650 -0.327648 5.181369
v -14.093280 -0.326462 5.179736
v -14.095299 -0.324916 5.177608
v -14.096567 -0.323116 5.175130
v -14.087587 -0.311460 5.192772
v -14.090650 -0.310884 5.191642
v -14.093280 -0.309968 5.189844
v -14.095299 -0.308774 5.187500
v -14.096567 -0.307383 5.184771
v -14.087587 -0.293111 5.200373
v -14.090650 -0.292719 5.199166
v -14.093280 -0.292095 5.197247
v -14.095299 -0.291283 5.194745
v -14.096567 -0.290336 5.191832
v -14.087587 -0.273799 5.205009
v -14.090650 -0.273601 5.203756
v -14.093280 -0.273285 5.201763
v -14.095299 -0.272874 5.199165
v -14.096567 -0.272394 5.196139
v -14.087587 -0.254000 5.206567
v -14.090650 -0.254000 5.205299
v -14.093280 -0.254000 5.203280
v -14.095299 -0.254000 5.200650
v -14.096567 -0.254000 5.197587
v -14.087587 -0.234200 5.205009
v -14.090650 -0.234399 5.203756
v -14.093280 -0.234714 5.201763
v -14.095299 -0.235126 5.199165
v -14.096567 -0.235605 5.196139
v -14.087587 -0.214888 5.200373
v -14.090650 -0.215280 5.199166
v -14.093280 -0.215904 5.197247
v -14.095299 -0.216717 5.194745
v -14.096567 -0.217663 5.191832
v -14.087587 -0.196539 5.192772
v -14.090650 -0.197115 5.191642
v -14.093280 -0.198032 5.189844
v -14.095299 -0.199226 5.187500
v -14.096567 -0.200616 5.184771
v -14.087587 -0.179605 5.182395
v -14.090650 -0.180351 5.181369
v -14.093280 -0.181537 5.179736
v -14.095299 -0.183083 5.177608
v -14.096567 -0.184884 5.175130
v -14.087587 -0.164503 5.169497
v -14.090650 -0.165400 5.168600
v -14.093280 -0.166827 5.167172
v -14.095299 -0.168687 5.165313
v -14.096567 -0.170853 5.163147
v -14.087587 -0.151605 5.154394
v -14.090650 -0.152631 5.153649
v -14.093280 -0.154264 5.152462
v -14.095299 -0.156392 5.150916
v -14.096567 -0.158870 5.149116
v -14.087587 -0.141227 5.137460
v -14.090650 -0.142358 5.136884
v -14.093280 -0.144156 5.135968
v -14.095299 -0.146500 5.134774
v -14.096567 -0.149229 5.133383
v -14.087587 -0.133627 5.119112
v -14.090650 -0.134834 5.118719
v -14.093280 -0.136753 5.118096
v -14.095299 -0.139255 5.117283
v -14.096567 -0.142168 5.116336
v -14.087587 -0.128991 5.099800
v -14.090650 -0.130244 5.099601
v -14.093280 -0.132237 5.099285
v -14.095299 -0.134835 5.098874
v -14.096567 -0.137860 5.098395
v -14.087587 -0.127432 5.080000
v -14.090650 -0.128701 5.080000
v -14.093280 -0.130719 5.080000
v -14.095299 -0.133350 5.080000
v -14.096567 -0.136413 5.080000
v -14.087587 -0.128991 5.060201
v -14.090650 -0.130244 5.060399
v -14.093280 -0.132237 5.060715
v -14.095299 -0.134835 5.061126
v -14.096567 -0.137860 5.061605
v -14.087587 -0.133627 5.040889
v -14.090650 -0.134834 5.041281
v -14.093280 -0.136753 5.041904
v -14.095299 -0.139255 5.042717
v -14.096567 -0.142168 5.043664
v -14.087587 -0.141227 5.022540
v -14.090650 -0.142358 5.023116
v -14.093280 -0.144156 5.024032
v -14.095299 -0.146500 5.025226
v -14.096567 -0.149229 5.026617
v -14.087587 -0.151605 5.005606
v -14.090650 -0.152631 5.006351
v -14.093280 -0.154264 5.007538
v -14.095299 -0.156392 5.009084
v -14.096567 -0.158870 5.010884
v -14.087587 -0.164503 4.990504
v -14.090650 -0.165400 4.991401
v -14.093280 -0.166827 4.992828
v -14.095299 -0.168687 4.994688
v -14.096567 -0.170853 4.996854
v -14.087587 -0.179605 4.977605
v -14.090650 -0.180351 4.978631
v -14.093280 -0.181537 4.980264
v -14.095299 -0.183083 4.982392
v -14.096567 -0.184884 4.984870
v -14.087587 -0.196539 4.967228
v -14.090650 -0.197115 4.968358
v -14.093280 -0.198032 4.970157
v -14.095299 -0.199226 4.972500
v -14.096567 -0.200616 4.975229
v -14.087587 -0.214888 4.959627
v -14.090650 -0.215280 4.960834
v -14.093280 -0.215904 4.962754
v -14.095299 -0.216717 4.965255
v -14.096567 -0.217663 4.968168
v -14.087587 -0.234200 4.954991
v -14.090650 -0.234399 4.956244
v -14.093280 -0.234714 4.958238
v -14.095299 -0.235126 4.960835
v -14.096567 -0.235605 4.963861
v -13.906500 -0.254000 4.953000
v -13.906500 -0.273867 4.954564
v -13.906500 -0.293245 4.959216
v -13.906500 -0.311657 4.966842
v -13.906500 -0.328648 4.977255
v -13.906500 -0.343802 4.990198
v -13.906500 -0.356745 5.005351
v -13.906500 -0.367158 5.022343
v -13.906500 -0.374784 5.040755
v -13.906500 -0.379436 5.060133
v -13.906500 -0.381000 5.080000
v -13.906500 -0.379436 5.099867
v -13.906500 -0.374784 5.119245
v -13.906500 -0.367158 5.137657
v -13.906500 -0.356745 5.154649
v -13.906500 -0.343802 5.169803
v -13.906500 -0.328648 5.182745
v -13.906500 -0.311657 5.193158
v -13.906500 -0.293245 5.200784
v -13.906500 -0.273867 5.205437
v -13.906500 -0.254000 5.207000
v -13.906500 -0.234133 5.205437
v -13.906500 -0.214755 5.200784
v -13.906500 -0.196343 5.193158
v -13.906500 -0.179351 5.182745
v -13.906500 -0.164197 5.169803
v -13.906500 -0.151255 5.154649
v -13.906500 -0.140842 5.137657
v -13.906500 -0.133216 5.119245
v -13.906500 -0.128563 5.099867
v -13.906500 -0.127000 5.080000
v -13.906500 -0.128563 5.060133
v -13.906500 -0.133216 5.040755
v -13.906500 -0.140842 5.022343
v -13.906500 -0.151255 5.005351
v -13.906500 -0.164197 4.990198
v -13.906500 -0.179351 4.977255
v -13.906500 -0.196343 4.966842
v -13.906500 -0.214755 4.959216
v -13.906500 -0.234133 4.954564
vt 0.000000 -0.367932 0.000000
vt -0.003325 -0.367932 0.000000
vt -0.000000 -0.387296 0.000000
vt -0.003325 -0.387296 0.000000
vt -0.000000 0.387296 0.000000
vt -0.003325 0.387296 0.000000
vt -0.000000 0.367932 0.000000
vt -0.003325 0.367932 0.000000
vt -0.000000 0.348567 0.000000
vt -0.003325 0.348567 0.000000
vt -0.000000 0.329202 0.000000
vt -0.003325 0.329202 0.000000
vt -0.000000 0.309837 0.000000
vt -0.003325 0.309837 0.000000
vt -0.000000 0.290472 0.000000
vt -0.003325 0.290472 0.000000
vt -0.000000 0.271107 0.000000
vt -0.003325 0.271107 0.000000
vt -0.000000 0.251743 0.000000
vt -0.003325 0.251743 0.000000
vt -0.000000 0.232378 0.000000
vt -0.003325 0.232378 0.000000
vt -0.000000 0.213013 0.000000
vt -0.003325 0.213013 0.000000
vt -0.000000 0.193648 0.000000
vt -0.003325 0.193648 0.000000
vt -0.000000 0.174283 0.000000
vt -0.003325 0.174283 0.000000
vt -0.000000 0.154919 0.000000
vt -0.003325 0.154919 0.000000
vt -0.000000 0.135554 0.000000
vt -0.003325 0.135554 0.000000
vt -0.000000 0.116189 0.000000
vt -0.003325 0.116189 0.000000
vt -0.000000 0.096824 0.000000
vt -0.003325 0.096824 0.000000
vt -0.000000 0.077459 0.000000
vt -0.003325 0.077459 0.000000
vt -0.000000 0.058094 0.000000
vt -0.003325 0.058094 0.000000
vt -0.000000 0.038730 0.000000
vt -0.003325 0.038730 0.000000
vt -0.000000 0.019365 0.000000
vt -0.003325 0.019365 0.000000
vt -0.000000 0.000000 0.000000
vt -0.003325 0.000000 0.000000
vt -0.000000 -0.019365 0.000000
vt -0.003325 -0.019365 0.000000
vt -0.000000 -0.038730 0.000000
vt -0.003325 -0.038730 0.000000
vt -0.000000 -0.058094 0.000000
vt -0.003325 -0.058094 0.000000
vt -0.000000 -0.077459 0.000000
vt -0.003325 -0.077459 0.000000
vt -0.000000 -0.096824 0.000000
vt -0.003325 -0.096824 0.000000
vt -0.000000 -0.116189 0.000000
vt -0.003325 -0.116189 0.000000
vt -0.000000 -0.135554 0.000000
vt -0.003325 -0.135554 0.000000
vt -0.000000 -0.154919 0.000000
vt -0.003325 -0.154919 0.000000
vt -0.000000 -0.174283 0.000000
vt -0.003325 -0.174283 0.000000
vt -0.000000 -0.193648 0.000000
vt -0.003325 -0.193648 0.000000
vt 0.000000 -0.213013 0.000000
vt -0.003325 -0.213013 0.000000
vt 0.000000 -0.232378 0.000000
vt -0.003325 -0.232378 0.000000
vt 0.000000 -0.251743 0.000000
vt -0.003325 -0.251743 0.000000
vt 0.000000 -0.271107 0.000000
vt -0.003325 -0.271107 0.000000
vt 0.000000 -0.290472 0.000000
vt -0.003325 -0.290472 0.000000
vt 0.000000 -0.309837 0.000000
vt -0.003325 -0.309837 0.000000
vt 0.000000 -0.329202 0.000000
vt -0.003325 -0.329202 0.000000
vt 0.000000 -0.348567 0.000000
vt -0.003325 -0.348567 0.000000
vt -0.019949 0.366912 0.000000
vt -0.016624 0.367932 0.000000
vt -0.019949 0.387296 0.000000
vt -0.016624 0.387296 0.000000
vt -0.019949 -0.387296 0.000000
vt -0.016624 -0.387296 0.000000
vt -0.016624 -0.367932 0.000000
vt -0.013299 -0.387296 0.000000
vt -0.013299 -0.367932 0.000000
vt -0.009975 -0.387296 0.000000
vt -0.009975 -0.367932 0.000000
vt -0.006650 -0.387296 0.000000
vt -0.006650 -0.367932 0.000000
vt -0.016624 0.348567 0.000000
vt -0.019949 0.346528 0.000000
vt -0.016624 0.329202 0.000000
vt -0.019949 0.326144 0.000000
vt -0.016624 0.309837 0.000000
vt -0.019949 0.305760 0.000000
vt -0.016624 0.290472 0.000000
vt -0.019949 0.285376 0.000000
vt -0.016624 0.271107 0.000000
vt -0.019949 0.264992 0.000000
vt -0.016624 0.251743 0.000000
vt -0.019949 0.244608 0.000000
vt -0.016624 0.232378 0.000000
vt -0.019949 0.224224 0.000000
vt -0.016624 0.213013 0.000000
vt -0.019949 0.203840 0.000000
vt -0.016624 0.193648 0.000000
vt -0.019949 0.183456 0.000000
vt -0.016624 0.174283 0.000000
vt -0.019949 0.163072 0.000000
vt -0.016624 0.154919 0.000000
vt -0.019949 0.142688 0.000000
vt -0.016624 0.135554 0.000000
vt -0.019949 0.122304 0.000000
vt -0.016624 0.116189 0.000000
vt -0.019949 0.101920 0.000000
vt -0.016624 0.096824 0.000000
vt -0.019949 0.081536 0.000000
vt -0.016624 0.077459 0.000000
vt -0.019949 0.061152 0.000000
vt -0.016624 0.058094 0.000000
vt -0.019949 0.040768 0.000000
vt -0.016624 0.038730 0.000000
vt -0.019949 0.020384 0.000000
vt -0.016624 0.019365 0.000000
vt -0.019949 0.000000 0.000000
vt -0.016624 0.000000 0.000000
vt -0.016624 -0.019365 0.000000
vt -0.013299 -0.019365 0.000000
vt -0.013299 -0.038730 0.000000
vt -0.009975 -0.038730 0.000000
vt -0.009975 -0.058094 0.000000
vt -0.006650 -0.058094 0.000000
vt -0.006650 -0.077459 0.000000
vt -0.019949 -0.020384 0.000000
vt -0.016624 -0.038730 0.000000
vt -0.013299 -0.058094 0.000000
vt -0.009975 -0.077459 0.000000
vt -0.006650 -0.096824 0.000000
vt -0.019949 -0.040768 0.000000
vt -0.016624 -0.058094 0.000000
vt -0.013299 -0.077459 0.000000
vt -0.009975 -0.096824 0.000000
vt -0.006650 -0.116189 0.000000
vt -0.019949 -0.061152 0.000000
vt -0.016624 -0.077459 0.000000
vt -0.013299 -0.096824 0.000000
vt -0.009975 -0.116189 0.000000
vt -0.006650 -0.135554 0.000000
vt -0.019949 -0.081536 0.000000
vt -0.016624 -0.096824 0.000000
vt -0.013299 -0.116189 0.000000
vt -0.009975 -0.135554 0.000000
vt -0.006650 -0.154919 0.000000
vt -0.019949 -0.101920 0.000000
vt -0.016624 -0.116189 0.000000
vt -0.013299 -0.135554 0.000000
vt -0.009975 -0.154919 0.000000
vt -0.006650 -0.174283 0.000000
vt -0.019949 -0.122304 0.000000
vt -0.016624 -0.135554 0.000000
vt -0.013299 -0.154919 0.000000
vt -0.009975 -0.174283 0.000000
vt -0.006650 -0.193648 0.000000
vt -0.019949 -0.142688 0.000000
vt -0.016624 -0.154919 0.000000
vt -0.013299 -0.174283 0.000000
vt -0.009975 -0.193648 0.000000
vt -0.006650 -0.213013 0.000000
vt -0.019949 -0.163072 0.000000
vt -0.016624 -0.174283 0.000000
vt -0.013299 -0.193648 0.000000
vt -0.009975 -0.213013 0.000000
vt -0.006650 -0.232378 0.000000
vt -0.019949 -0.183456 0.000000
vt -0.016624 -0.193648 0.000000
vt -0.013299 -0.213013 0.000000
vt -0.009975 -0.232378 0.000000
vt -0.006650 -0.251743 0.000000
vt -0.019949 -0.203840 0.000000
vt -0.016624 -0.213013 0.000000
vt -0.013299 -0.232378 0.000000
vt -0.009975 -0.251743 0.000000
vt -0.006650 -0.271107 0.000000
vt -0.019949 -0.224224 0.000000
vt -0.016624 -0.232378 0.000000
vt -0.013299 -0.251743 0.000000
vt -0.009975 -0.271107 0.000000
vt -0.006650 -0.290472 0.000000
vt -0.019949 -0.244608 0.000000
vt -0.016624 -0.251743 0.000000
vt -0.013299 -0.271107 0.000000
vt -0.009975 -0.290472 0.000000
vt -0.006650 -0.309837 0.000000
vt -0.019949 -0.264992 0.000000
vt -0.016624 -0.271107 0.000000
vt -0.013299 -0.290472 0.000000
vt -0.009975 -0.309837 0.000000
vt -0.006650 -0.329202 0.000000
vt -0.019949 -0.285376 0.000000
vt -0.016624 -0.290472 0.000000
vt -0.013299 -0.309837 0.000000
vt -0.009975 -0.329202 0.000000
vt -0.006650 -0.348567 0.000000
vt -0.019949 -0.305760 0.000000
vt -0.016624 -0.309837 0.000000
vt -0.013299 -0.329202 0.000000
vt -0.009975 -0.348567 0.000000
vt -0.019949 -0.326144 0.000000
vt -0.016624 -0.329202 0.000000
vt -0.013299 -0.348567 0.000000
vt -0.019949 -0.346528 0.000000
vt -0.016624 -0.348567 0.000000
vt -0.019949 -0.366912 0.000000
vt -0.006650 0.387296 0.000000
vt -0.006650 0.367932 0.000000
vt -0.006650 0.348567 0.000000
vt -0.006650 0.329202 0.000000
vt -0.006650 0.309837 0.000000
vt -0.006650 0.290472 0.000000
vt -0.006650 0.271107 0.000000
vt -0.006650 0.251743 0.000000
vt -0.006650 0.232378 0.000000
vt -0.006650 0.213013 0.000000
vt -0.006650 0.193648 0.000000
vt -0.006650 0.174283 0.000000
vt -0.006650 0.154919 0.000000
vt -0.006650 0.135554 0.000000
vt -0.006650 0.116189 0.000000
vt -0.006650 0.096824 0.000000
vt -0.006650 0.077459 0.000000
vt -0.006650 0.058094 0.000000
vt -0.006650 0.038730 0.000000
vt -0.006650 0.019365 0.000000
vt -0.006650 0.000000 0.000000
vt -0.006650 -0.019365 0.000000
vt -0.006650 -0.038730 0.000000
vt -0.009975 0.387296 0.000000
vt -0.009975 0.367932 0.000000
vt -0.009975 0.348567 0.000000
vt -0.009975 0.329202 0.000000
vt -0.009975 0.309837 0.000000
vt -0.009975 0.290472 0.000000
vt -0.009975 0.271107 0.000000
vt -0.009975 0.251743 0.000000
vt -0.009975 0.232378 0.000000
vt -0.009975 0.213013 0.000000
vt -0.009975 0.193648 0.000000
vt -0.009975 0.174283 0.000000
vt -0.009975 0.154919 0.000000
vt -0.009975 0.135554 0.000000
vt -0.009975 0.116189 0.000000
vt -0.009975 0.096824 0.000000
vt -0.009975 0.077459 0.000000
vt -0.009975 0.058094 0.000000
vt -0.009975 0.038730 0.000000
vt -0.009975 0.019365 0.000000
vt -0.009975 0.000000 0.000000
vt -0.009975 -0.019365 0.000000
vt -0.013299 0.387296 0.000000
vt -0.013299 0.367932 0.000000
vt -0.013299 0.348567 0.000000
vt -0.013299 0.329202 0.000000
vt -0.013299 0.309837 0.000000
vt -0.013299 0.290472 0.000000
vt -0.013299 0.271107 0.000000
vt -0.013299 0.251743 0.000000
vt -0.013299 0.232378 0.000000
vt -0.013299 0.213013 0.000000
vt -0.013299 0.193648 0.000000
vt -0.013299 0.174283 0.000000
vt -0.013299 0.154919 0.000000
vt -0.013299 0.135554 0.000000
vt -0.013299 0.116189 0.000000
vt -0.013299 0.096824 0.000000
vt -0.013299 0.077459 0.000000
vt -0.013299 0.058094 0.000000
vt -0.013299 0.038730 0.000000
vt -0.013299 0.019365 0.000000
vt -0.013299 0.000000 0.000000
vt 0.000000 -0.379033 0.000000
vt -0.177800 -0.379033 0.000000
vt -0.000000 -0.398982 0.000000
vt -0.177800 -0.398982 0.000000
vt -0.000000 0.398982 0.000000
vt -0.177800 0.398982 0.000000
vt -0.000000 0.379033 0.000000
vt -0.177800 0.379033 0.000000
vt -0.000000 0.359084 0.000000
vt -0.177800 0.359084 0.000000
vt -0.000000 0.339135 0.000000
vt -0.177800 0.339135 0.000000
vt -0.000000 0.319186 0.000000
vt -0.177800 0.319186 0.000000
vt -0.000000 0.299237 0.000000
vt -0.177800 0.299237 0.000000
vt -0.000000 0.279288 0.000000
vt -0.177800 0.279288 0.000000
vt -0.000000 0.259338 0.000000
vt -0.177800 0.259338 0.000000
vt -0.000000 0.239389 0.000000
vt -0.177800 0.239389 0.000000
vt -0.000000 0.219440 0.000000
vt -0.177800 0.219440 0.000000
vt -0.000000 0.199491 0.000000
vt -0.177800 0.199491 0.000000
vt -0.000000 0.179542 0.000000
vt -0.177800 0.179542 0.000000
vt -0.000000 0.159593 0.000000
vt -0.177800 0.159593 0.000000
vt -0.000000 0.139644 0.000000
vt -0.177800 0.139644 0.000000
vt -0.000000 0.119695 0.000000
vt -0.177800 0.119695 0.000000
vt -0.000000 0.099746 0.000000
vt -0.177800 0.099746 0.000000
vt -0.000000 0.079796 0.000000
vt -0.177800 0.079796 0.000000
vt -0.000000 0.059847 0.000000
vt -0.177800 0.059847 0.000000
vt -0.000000 0.039898 0.000000
vt -0.177800 0.039898 0.000000
vt -0.000000 0.019949 0.000000
vt -0.177800 0.019949 0.000000
vt -0.000000 0.000000 0.000000
vt -0.177800 0.000000 0.000000
vt -0.000000 -0.019949 0.000000
vt -0.177800 -0.019949 0.000000
vt -0.000000 -0.039898 0.000000
vt -0.177800 -0.039898 0.000000
vt -0.000000 -0.059847 0.000000
vt -0.177800 -0.059847 0.000000
vt -0.000000 -0.079796 0.000000
vt -0.177800 -0.079796 0.000000
vt -0.000000 -0.099746 0.000000
vt -0.177800 -0.099746 0.000000
vt -0.000000 -0.119695 0.000000
vt -0.177800 -0.119695 0.000000
vt -0.000000 -0.139644 0.000000
vt -0.177800 -0.139644 0.000000
vt -0.000000 -0.159593 0.000000
vt -0.177800 -0.159593 0.000000
vt -0.000000 -0.179542 0.000000
vt -0.177800 -0.179542 0.000000
vt -0.000000 -0.199491 0.000000
vt -0.177800 -0.199491 0.000000
vt 0.000000 -0.219440 0.000000
vt -0.177800 -0.219440 0.000000
vt -0.000000 -0.239389 0.000000
vt -0.177800 -0.239389 0.000000
vt 0.000000 -0.259338 0.000000
vt -0.177800 -0.259338 0.000000
vt 0.000000 -0.279288 0.000000
vt -0.177800 -0.279288 0.000000
vt 0.000000 -0.299237 0.000000
vt -0.177800 -0.299237 0.000000
vt 0.000000 -0.319186 0.000000
vt -0.177800 -0.319186 0.000000
vt 0.000000 -0.339135 0.000000
vt -0.177800 -0.339135 0.000000
vt 0.000000 -0.359084 0.000000
vt -0.177800 -0.359084 0.000000
vt -0.112741 -0.018813 0.000000
vt 0.112741 -0.018813 0.000000
vt -0.114300 0.000000 0.000000
vt 0.114300 0.000000 0.000000
vt -0.112741 0.018813 0.000000
vt 0.112741 0.018813 0.000000
vt -0.108107 0.037113 0.000000
vt 0.108107 0.037113 0.000000
vt -0.100524 0.054401 0.000000
vt 0.100524 0.054401 0.000000
vt -0.090199 0.070205 0.000000
vt 0.090199 0.070205 0.000000
vt -0.077413 0.084093 0.000000
vt 0.077413 0.084093 0.000000
vt -0.062516 0.095688 0.000000
vt 0.062516 0.095688 0.000000
vt -0.045914 0.104673 0.000000
vt 0.045914 0.104673 0.000000
vt -0.028059 0.110802 0.000000
vt 0.028059 0.110802 0.000000
vt -0.009439 0.113910 0.000000
vt 0.009439 0.113910 0.000000
vt 0.108107 -0.037113 0.000000
vt -0.108107 -0.037113 0.000000
vt 0.100524 -0.054401 0.000000
vt -0.100524 -0.054401 0.000000
vt 0.090199 -0.070205 0.000000
vt -0.090199 -0.070205 0.000000
vt 0.077413 -0.084093 0.000000
vt -0.077413 -0.084093 0.000000
vt 0.062516 -0.095688 0.000000
vt -0.062516 -0.095688 0.000000
vt 0.045914 -0.104673 0.000000
vt -0.045914 -0.104673 0.000000
vt 0.028059 -0.110802 0.000000
vt -0.028059 -0.110802 0.000000
vt 0.009439 -0.113910 0.000000
vt -0.009439 -0.113910 0.000000
vt 0.125436 0.019867 0.000000
vt -0.125436 0.019867 0.000000
vt 0.127000 0.000000 0.000000
vt -0.127000 0.000000 0.000000
vt 0.125436 -0.019867 0.000000
vt -0.125436 -0.019867 0.000000
vt 0.120784 -0.039245 0.000000
vt -0.120784 -0.039245 0.000000
vt 0.113158 -0.057657 0.000000
vt -0.113158 -0.057657 0.000000
vt 0.102745 -0.074649 0.000000
vt -0.102745 -0.074649 0.000000
vt 0.089803 -0.089803 0.000000
vt -0.089803 -0.089803 0.000000
vt 0.074649 -0.102745 0.000000
vt -0.074649 -0.102745 0.000000
vt 0.057657 -0.113158 0.000000
vt -0.057657 -0.113158 0.000000
vt 0.039245 -0.120784 0.000000
vt -0.039245 -0.120784 0.000000
vt 0.019867 -0.125436 0.000000
vt -0.019867 -0.125436 0.000000
vt -0.000000 -0.127000 0.000000
vt -0.120784 0.039245 0.000000
vt 0.120784 0.039245 0.000000
vt -0.113158 0.057657 0.000000
vt 0.113158 0.057657 0.000000
vt -0.102745 0.074649 0.000000
vt 0.102745 0.074649 0.000000
vt -0.089803 0.089803 0.000000
vt 0.089803 0.089803 0.000000
vt -0.074649 0.102745 0.000000
vt 0.074649 0.102745 0.000000
vt -0.057657 0.113158 0.000000
vt 0.057657 0.113158 0.000000
vt -0.039245 0.120784 0.000000
vt 0.039245 0.120784 0.000000
vt -0.019867 0.125436 0.000000
vt 0.019867 0.125436 0.000000
vt -0.000000 0.127000 0.000000
vn -0.000000 -0.156434 -0.987688
vn -0.258819 -0.151104 -0.954034
vn -0.000000 -0.000000 -1.000000
vn -0.258819 -0.000000 -0.965926
vn -0.000000 0.156434 -0.987688
vn -0.258819 0.151104 -0.954034
vn -0.000000 0.309017 -0.951057
vn -0.258819 0.298487 -0.918650
vn -0.000000 0.453990 -0.891007
vn -0.258819 0.438521 -0.860646
vn -0.000000 0.587785 -0.809017
vn -0.258819 0.567757 -0.781450
vn -0.000000 0.707107 -0.707107
vn -0.258819 0.683013 -0.683013
vn -0.000000 0.809017 -0.587785
vn -0.258819 0.781450 -0.567757
vn -0.000000 0.891007 -0.453990
vn -0.258819 0.860646 -0.438521
vn -0.000000 0.951057 -0.309017
vn -0.258819 0.918650 -0.298487
vn -0.000000 0.987688 -0.156434
vn -0.258819 0.954034 -0.151104
vn 0.000000 1.000000 0.000000
vn -0.258819 0.965926 0.000000
vn 0.000000 0.987688 0.156434
vn -0.258819 0.954034 0.151104
vn 0.000000 0.951057 0.309017
vn -0.258819 0.918650 0.298487
vn 0.000000 0.891007 0.453990
vn -0.258819 0.860646 0.438521
vn 0.000000 0.809017 0.587785
vn -0.258819 0.781450 0.567757
vn 0.000000 0.707107 0.707107
vn -0.258819 0.683013 0.683013
vn 0.000000 0.587785 0.809017
vn -0.258819 0.567757 0.781450
vn 0.000000 0.453990 0.891007
vn -0.258819 0.438521 0.860646
vn 0.000000 0.309017 0.951057
vn -0.258819 0.298487 0.918650
vn 0.000000 0.156434 0.987688
vn -0.258819 0.151104 0.954034
vn 0.000000 -0.000000 1.000000
vn -0.258819 0.000000 0.965926
vn -0.000000 -0.156434 0.987688
vn -0.258819 -0.151104 0.954034
vn -0.000000 -0.309017 0.951057
vn -0.258819 -0.298487 0.918650
vn -0.000000 -0.453990 0.891007
vn -0.258819 -0.438521 0.860646
vn -0.000000 -0.587785 0.809017
vn -0.258819 -0.567757 0.781450
vn -0.000000 -0.707107 0.707107
vn -0.258819 -0.683013 0.683013
vn -0.000000 -0.809017 0.587785
vn -0.258819 -0.781450 0.567757
vn -0.000000 -0.891007 0.453990
vn -0.258819 -0.860646 0.438521
vn -0.000000 -0.951057 0.309017
vn -0.258819 -0.918650 0.298487
vn -0.000000 -0.987688 0.156434
vn -0.258819 -0.954034 0.151104
vn -0.000000 -1.000000 0.000000
vn -0.258819 -0.965926 0.000000
vn -0.000000 -0.987688 -0.156434
vn -0.258819 -0.954034 -0.151104
vn -0.000000 -0.951057 -0.309017
vn -0.258819 -0.918650 -0.298487
vn -0.000000 -0.891007 -0.453990
vn -0.258819 -0.860646 -0.438521
vn -0.000000 -0.809017 -0.587785
vn -0.258819 -0.781450 -0.567757
vn -0.000000 -0.707107 -0.707107
vn -0.258819 -0.683013 -0.683013
vn -0.000000 -0.587785 -0.809017
vn -0.258819 -0.567757 -0.781450
vn -0.000000 -0.453990 -0.891007
vn -0.258819 -0.438521 -0.860646
vn -0.000000 -0.309017 -0.951057
vn -0.258819 -0.298487 -0.918650
vn -1.000000 0.000000 -0.000000
vn -0.965926 0.040488 -0.255633
vn -1.000000 -0.000000 0.000000
vn -0.965926 0.000000 -0.258819
vn -0.965926 -0.040488 -0.255633
vn -0.866025 -0.000000 -0.500000
vn -0.866025 -0.078217 -0.493844
vn -0.707107 -0.000000 -0.707107
vn -0.707107 -0.110616 -0.698401
vn -0.500000 -0.000000 -0.866025
vn -0.500000 -0.135476 -0.855363
vn -0.965926 0.079979 -0.246152
vn -1.000000 0.000000 -0.000000
vn -0.965926 0.117501 -0.230609
vn -1.000000 0.000000 -0.000000
vn -0.965926 0.152130 -0.209389
vn -1.000000 -0.000000 0.000000
vn -0.965926 0.183013 -0.183013
vn -1.000000 0.000000 -0.000000
vn -0.965926 0.209389 -0.152130
vn -1.000000 0.000000 -0.000000
vn -0.965926 0.230609 -0.117501
vn -1.000000 0.000000 -0.000000
vn -0.965926 0.246152 -0.079979
vn -1.000000 0.000000 -0.000000
vn -0.965926 0.255633 -0.040488
vn -1.000000 0.000000 -0.000000
vn -0.965926 0.258819 0.000000
vn -1.000000 0.000000 0.000000
vn -0.965926 0.255633 0.040488
vn -1.000000 0.000000 0.000000
vn -0.965926 0.246152 0.079979
vn -1.000000 0.000000 0.000000
vn -0.965926 0.230609 0.117501
vn -1.000000 0.000000 0.000000
vn -0.965926 0.209389 0.152130
vn -1.000000 0.000000 0.000000
vn -0.965926 0.183013 0.183013
vn -1.000000 -0.000000 -0.000000
vn -0.965926 0.152130 0.209389
vn -1.000000 0.000000 0.000000
vn -0.965926 0.117501 0.230609
vn -1.000000 0.000000 0.000000
vn -0.965926 0.079979 0.246152
vn -1.000000 0.000000 0.000000
vn -0.965926 0.040488 0.255633
vn -1.000000 0.000000 0.000000
vn -0.965926 0.000000 0.258819
vn -0.965926 -0.040488 0.255633
vn -0.866025 -0.078217 0.493844
vn -0.866025 -0.154508 0.475528
vn -0.707107 -0.218508 0.672499
vn -0.707107 -0.321020 0.630037
vn -0.500000 -0.393167 0.771634
vn -0.500000 -0.509037 0.700629
vn -1.000000 -0.000000 0.000000
vn -0.965926 -0.079979 0.246152
vn -0.866025 -0.226995 0.445503
vn -0.707107 -0.415627 0.572061
vn -0.500000 -0.612372 0.612372
vn -1.000000 -0.000000 0.000000
vn -0.965926 -0.117501 0.230609
vn -0.866025 -0.293893 0.404508
vn -0.707107 -0.500000 0.500000
vn -0.500000 -0.700629 0.509037
vn -1.000000 -0.000000 0.000000
vn -0.965926 -0.152130 0.209389
vn -0.866025 -0.353553 0.353553
vn -0.707107 -0.572061 0.415627
vn -0.500000 -0.771634 0.393167
vn -1.000000 0.000000 -0.000000
vn -0.965926 -0.183013 0.183013
vn -0.866025 -0.404508 0.293893
vn -0.707107 -0.630037 0.321020
vn -0.500000 -0.823639 0.267617
vn -1.000000 -0.000000 0.000000
vn -0.965926 -0.209389 0.152130
vn -0.866025 -0.445503 0.226995
vn -0.707107 -0.672499 0.218508
vn -0.500000 -0.855363 0.135476
vn -1.000000 -0.000000 0.000000
vn -0.965926 -0.230609 0.117501
vn -0.866025 -0.475528 0.154508
vn -0.707107 -0.698401 0.110616
vn -0.500000 -0.866025 0.000000
vn -1.000000 -0.000000 0.000000
vn -0.965926 -0.246152 0.079979
vn -0.866025 -0.493844 0.078217
vn -0.707107 -0.707107 0.000000
vn -0.500000 -0.855363 -0.135476
vn -1.000000 -0.000000 0.000000
vn -0.965926 -0.255633 0.040488
vn -0.866025 -0.500000 0.000000
vn -0.707107 -0.698401 -0.110616
vn -0.500000 -0.823639 -0.267617
vn -1.000000 -0.000000 0.000000
vn -0.965926 -0.258819 0.000000
vn -0.866025 -0.493844 -0.078217
vn -0.707107 -0.672499 -0.218508
vn -0.500000 -0.771634 -0.393167
vn -1.000000 -0.000000 -0.000000
vn -0.965926 -0.255633 -0.040488
vn -0.866025 -0.475528 -0.154508
vn -0.707107 -0.630037 -0.321020
vn -0.500000 -0.700629 -0.509037
vn -1.000000 -0.000000 -0.000000
vn -0.965926 -0.246152 -0.079979
vn -0.866025 -0.445503 -0.226995
vn -0.707107 -0.572061 -0.415627
vn -0.500000 -0.612372 -0.612372
vn -1.000000 -0.000000 -0.000000
vn -0.965926 -0.230609 -0.117501
vn -0.866025 -0.404508 -0.293893
vn -0.707107 -0.500000 -0.500000
vn -0.500000 -0.509037 -0.700629
vn -1.000000 -0.000000 -0.000000
vn -0.965926 -0.209389 -0.152130
vn -0.866025 -0.353553 -0.353553
vn -0.707107 -0.415627 -0.572061
vn -0.500000 -0.393167 -0.771634
vn -1.000000 -0.000000 -0.000000
vn -0.965926 -0.183013 -0.183013
vn -0.866025 -0.293893 -0.404508
vn -0.707107 -0.321020 -0.630037
vn -0.500000 -0.267617 -0.823639
vn -1.000000 0.000000 0.000000
vn -0.965926 -0.152130 -0.209389
vn -0.866025 -0.226995 -0.445503
vn -0.707107 -0.218508 -0.672499
vn -1.000000 -0.000000 -0.000000
vn -0.965926 -0.117501 -0.230609
vn -0.866025 -0.154508 -0.475528
vn -1.000000 -0.000000 -0.000000
vn -0.965926 -0.079979 -0.246152
vn -1.000000 -0.000000 -0.000000
vn -0.500000 0.135476 -0.855363
vn -0.500000 0.267617 -0.823639
vn -0.500000 0.393167 -0.771634
vn -0.500000 0.509037 -0.700629
vn -0.500000 0.612372 -0.612372
vn -0.500000 0.700629 -0.509037
vn -0.500000 0.771634 -0.393167
vn -0.500000 0.823639 -0.267617
vn -0.500000 0.855363 -0.135476
vn -0.500000 0.866025 0.000000
vn -0.500000 0.855363 0.135476
vn -0.500000 0.823639 0.267617
vn -0.500000 0.771634 0.393167
vn -0.500000 0.700629 0.509037
vn -0.500000 0.612372 0.612372
vn -0.500000 0.509037 0.700629
vn -0.500000 0.393167 0.771634
vn -0.500000 0.267617 0.823639
vn -0.500000 0.135476 0.855363
vn -0.500000 0.000000 0.866025
vn -0.500000 -0.135476 0.855363
vn -0.500000 -0.267617 0.823639
vn -0.707107 0.110616 -0.698401
vn -0.707107 0.218508 -0.672499
vn -0.707107 0.321020 -0.630037
vn -0.707107 0.415627 -0.572061
vn -0.707107 0.500000 -0.500000
vn -0.707107 0.572061 -0.415627
vn -0.707107 0.630037 -0.321020
vn -0.707107 0.672499 -0.218508
vn -0.707107 0.698401 -0.110616
vn -0.707107 0.707107 0.000000
vn -0.707107 0.698401 0.110616
vn -0.707107 0.672499 0.218508
vn -0.707107 0.630037 0.321020
vn -0.707107 0.572061 0.415627
vn -0.707107 0.500000 0.500000
vn -0.707107 0.415627 0.572061
vn -0.707107 0.321020 0.630037
vn -0.707107 0.218508 0.672499
vn -0.707107 0.110616 0.698401
vn -0.707107 0.000000 0.707107
vn -0.707107 -0.110616 0.698401
vn -0.866025 0.078217 -0.493844
vn -0.866025 0.154508 -0.475528
vn -0.866025 0.226995 -0.445503
vn -0.866025 0.293893 -0.404508
vn -0.866025 0.353553 -0.353553
vn -0.866025 0.404508 -0.293893
vn -0.866025 0.445503 -0.226995
vn -0.866025 0.475528 -0.154508
vn -0.866025 0.493844 -0.078217
vn -0.866025 0.500000 0.000000
vn -0.866025 0.493844 0.078217
vn -0.866025 0.475528 0.154508
vn -0.866025 0.445503 0.226995
vn -0.866025 0.404508 0.293893
vn -0.866025 0.353553 0.353553
vn -0.866025 0.293893 0.404508
vn -0.866025 0.226995 0.445503
vn -0.866025 0.154508 0.475528
vn -0.866025 0.078217 0.493844
vn -0.866025 0.000000 0.500000
vn -0.000000 -0.156434 -0.987688
vn -0.000000 -0.000000 -1.000000
vn -0.000000 0.156434 -0.987688
vn -0.000000 0.309017 -0.951057
vn -0.000000 0.453990 -0.891007
vn -0.000000 0.587785 -0.809017
vn -0.000000 0.707107 -0.707107
vn -0.000000 0.809017 -0.587785
vn -0.000000 0.891007 -0.453990
vn -0.000000 0.951057 -0.309017
vn -0.000000 0.987688 -0.156434
vn 0.000000 1.000000 0.000000
vn 0.000000 0.987688 0.156434
vn 0.000000 0.951057 0.309017
vn 0.000000 0.891007 0.453990
vn 0.000000 0.809017 0.587785
vn 0.000000 0.707107 0.707107
vn 0.000000 0.587785 0.809017
vn 0.000000 0.453990 0.891007
vn 0.000000 0.309017 0.951057
vn 0.000000 0.156434 0.987688
vn 0.000000 -0.000000 1.000000
vn -0.000000 -0.156434 0.987688
vn -0.000000 -0.309017 0.951057
vn -0.000000 -0.453990 0.891007
vn -0.000000 -0.587785 0.809017
vn -0.000000 -0.707107 0.707107
vn -0.000000 -0.809017 0.587785
vn -0.000000 -0.891007 0.453990
vn -0.000000 -0.951057 0.309017
vn -0.000000 -0.987688 0.156434
vn -0.000000 -1.000000 0.000000
vn -0.000000 -0.987688 -0.156434
vn -0.000000 -0.951057 -0.309017
vn -0.000000 -0.891007 -0.453990
vn -0.000000 -0.809017 -0.587785
vn -0.000000 -0.707107 -0.707107
vn -0.000000 -0.587785 -0.809017
vn -0.000000 -0.453990 -0.891007
vn -0.000000 -0.309017 -0.951057
vn 1.000000 -0.000000 -0.000000
vn 1.000000 -0.000000 -0.000000
vn 1.000000 -0.000000 -0.000000
vn 1.000000 -0.000000 -0.000000
vn 1.000000 -0.000000 -0.000000
vn 1.000000 -0.000000 -0.000000
vn 1.000000 -0.000000 -0.000000
vn 1.000000 -0.000000 -0.000000
vn 1.000000 -0.000000 -0.000000
vn 1.000000 -0.000000 -0.000000
vn 1.000000 -0.000000 -0.000000
vn 1.000000 -0.000000 -0.000000
vn 1.000000 -0.000000 -0.000000
vn 1.000000 -0.000000 -0.000000
vn 1.000000 -0.000000 -0.000000
vn 1.000000 -0.000000 -0.000000
vn 1.000000 -0.000000 -0.000000
vn 1.000000 -0.000000 -0.000000
vn 1.000000 -0.000000 -0.000000
vn 1.000000 -0.000000 -0.000000
vn 1.000000 -0.000000 -0.000000
vn 1.000000 -0.000000 -0.000000
vn 1.000000 -0.000000 -0.000000
vn 1.000000 -0.000000 -0.000000
vn 1.000000 -0.000000 -0.000000
vn 1.000000 -0.000000 -0.000000
vn 1.000000 -0.000000 -0.000000
vn 1.000000 -0.000000 -0.000000
vn 1.000000 -0.000000 -0.000000
vn 1.000000 -0.000000 -0.000000
vn 1.000000 -0.000000 -0.000000
vn 1.000000 -0.000000 -0.000000
vn 1.000000 -0.000000 -0.000000
vn 1.000000 -0.000000 -0.000000
vn 1.000000 -0.000000 -0.000000
vn 1.000000 -0.000000 -0.000000
vn 1.000000 -0.000000 -0.000000
vn 1.000000 -0.000000 -0.000000
vn 1.000000 -0.000000 -0.000000
vn 1.000000 -0.000000 -0.000000
usemtl Aluminum_-_Polished
f 2/1/1 84/2/2 1/3/3
f 1/3/3 84/2/2 79/4/4
f 1/5/3 79/6/4 40/7/5
f 40/7/5 79/6/4 274/8/6
f 40/7/5 274/8/6 39/9/7
f 39/9/7 274/8/6 269/10/8
f 39/9/7 269/10/8 38/11/9
f 38/11/9 269/10/8 264/12/10
f 38/11/9 264/12/10 37/13/11
f 37/13/11 264/12/10 259/14/12
f 37/13/11 259/14/12 36/15/13
f 36/15/13 259/14/12 254/16/14
f 36/15/13 254/16/14 35/17/15
f 35/17/15 254/16/14 249/18/16
f 35/17/15 249/18/16 34/19/17
f 34/19/17 249/18/16 244/20/18
f 34/19/17 244/20/18 33/21/19
f 33/21/19 244/20/18 239/22/20
f 33/21/19 239/22/20 32/23/21
f 32/23/21 239/22/20 234/24/22
f 32/23/21 234/24/22 31/25/23
f 31/25/23 234/24/22 229/26/24
f 31/25/23 229/26/24 30/27/25
f 30/27/25 229/26/24 224/28/26
f 30/27/25 224/28/26 29/29/27
f 29/29/27 224/28/26 219/30/28
f 29/29/27 219/30/28 28/31/29
f 28/31/29 219/30/28 214/32/30
f 28/31/29 214/32/30 27/33/31
f 27/33/31 214/32/30 209/34/32
f 27/33/31 209/34/32 26/35/33
f 26/35/33 209/34/32 204/36/34
f 26/35/33 204/36/34 25/37/35
f 25/37/35 204/36/34 199/38/36
f 25/37/35 199/38/36 24/39/37
f 24/39/37 199/38/36 194/40/38
f 24/39/37 194/40/38 23/41/39
f 23/41/39 194/40/38 189/42/40
f 23/41/39 189/42/40 22/43/41
f 22/43/41 189/42/40 184/44/42
f 22/43/41 184/44/42 21/45/43
f 21/45/43 184/44/42 179/46/44
f 21/45/43 179/46/44 20/47/45
f 20/47/45 179/46/44 174/48/46
f 20/47/45 174/48/46 19/49/47
f 19/49/47 174/48/46 169/50/48
f 19/49/47 169/50/48 18/51/49
f 18/51/49 169/50/48 164/52/50
f 18/51/49 164/52/50 17/53/51
f 17/53/51 164/52/50 159/54/52
f 17/53/51 159/54/52 16/55/53
f 16/55/53 159/54/52 154/56/54
f 16/55/53 154/56/54 15/57/55
f 15/57/55 154/56/54 149/58/56
f 15/57/55 149/58/56 14/59/57
f 14/59/57 149/58/56 144/60/58
f 14/59/57 144/60/58 13/61/59
f 13/61/59 144/60/58 139/62/60
f 13/61/59 139/62/60 12/63/61
f 12/63/61 139/62/60 134/64/62
f 12/63/61 134/64/62 11/65/63
f 11/65/63 134/64/62 129/66/64
f 11/65/63 129/66/64 10/67/65
f 10/67/65 129/66/64 124/68/66
f 10/67/65 124/68/66 9/69/67
f 9/69/67 124/68/66 119/70/68
f 9/69/67 119/70/68 8/71/69
f 8/71/69 119/70/68 114/72/70
f 8/71/69 114/72/70 7/73/71
f 7/73/71 114/72/70 109/74/72
f 7/73/71 109/74/72 6/75/73
f 6/75/73 109/74/72 104/76/74
f 6/75/73 104/76/74 5/77/75
f 5/77/75 104/76/74 99/78/76
f 5/77/75 99/78/76 4/79/77
f 4/79/77 99/78/76 94/80/78
f 4/79/77 94/80/78 3/81/79
f 3/81/79 94/80/78 89/82/80
f 3/81/79 89/82/80 2/1/1
f 2/1/1 89/82/80 84/2/2
f 42/83/81 278/84/82 41/85/83
f 41/85/83 278/84/82 83/86/84
f 41/87/83 83/88/84 88/89/85
f 88/89/85 83/88/84 82/90/86
f 88/89/85 82/90/86 87/91/87
f 87/91/87 82/90/86 81/92/88
f 87/91/87 81/92/88 86/93/89
f 86/93/89 81/92/88 80/94/90
f 86/93/89 80/94/90 85/95/91
f 85/95/91 80/94/90 79/4/4
f 85/95/91 79/4/4 84/2/2
f 278/84/82 42/83/81 273/96/92
f 273/96/92 42/83/81 43/97/93
f 273/96/92 43/97/93 268/98/94
f 268/98/94 43/97/93 44/99/95
f 268/98/94 44/99/95 263/100/96
f 263/100/96 44/99/95 45/101/97
f 263/100/96 45/101/97 258/102/98
f 258/102/98 45/101/97 46/103/99
f 258/102/98 46/103/99 253/104/100
f 253/104/100 46/103/99 47/105/101
f 253/104/100 47/105/101 248/106/102
f 248/106/102 47/105/101 48/107/103
f 248/106/102 48/107/103 243/108/104
f 243/108/104 48/107/103 49/109/105
f 243/108/104 49/109/105 238/110/106
f 238/110/106 49/109/105 50/111/107
f 238/110/106 50/111/107 233/112/108
f 233/112/108 50/111/107 51/113/109
f 233/112/108 51/113/109 228/114/110
f 228/114/110 51/113/109 52/115/111
f 228/114/110 52/115/111 223/116/112
f 223/116/112 52/115/111 53/117/113
f 223/116/112 53/117/113 218/118/114
f 218/118/114 53/117/113 54/119/115
f 218/118/114 54/119/115 213/120/116
f 213/120/116 54/119/115 55/121/117
f 213/120/116 55/121/117 208/122/118
f 208/122/118 55/121/117 56/123/119
f 208/122/118 56/123/119 203/124/120
f 203/124/120 56/123/119 57/125/121
f 203/124/120 57/125/121 198/126/122
f 198/126/122 57/125/121 58/127/123
f 198/126/122 58/127/123 193/128/124
f 193/128/124 58/127/123 59/129/125
f 193/128/124 59/129/125 188/130/126
f 188/130/126 59/129/125 60/131/127
f 188/130/126 60/131/127 183/132/128
f 183/132/128 60/131/127 178/133/129
f 183/132/128 178/133/129 177/134/130
f 177/134/130 178/133/129 172/135/131
f 177/134/130 172/135/131 171/136/132
f 171/136/132 172/135/131 166/137/133
f 171/136/132 166/137/133 165/138/134
f 165/138/134 166/137/133 160/139/135
f 165/138/134 160/139/135 159/54/52
f 159/54/52 160/139/135 154/56/54
f 60/131/127 61/140/136 178/133/129
f 178/133/129 61/140/136 173/141/137
f 178/133/129 173/141/137 172/135/131
f 172/135/131 173/141/137 167/142/138
f 172/135/131 167/142/138 166/137/133
f 166/137/133 167/142/138 161/143/139
f 166/137/133 161/143/139 160/139/135
f 160/139/135 161/143/139 155/144/140
f 160/139/135 155/144/140 154/56/54
f 154/56/54 155/144/140 149/58/56
f 61/140/136 62/145/141 173/141/137
f 173/141/137 62/145/141 168/146/142
f 173/141/137 168/146/142 167/142/138
f 167/142/138 168/146/142 162/147/143
f 167/142/138 162/147/143 161/143/139
f 161/143/139 162/147/143 156/148/144
f 161/143/139 156/148/144 155/144/140
f 155/144/140 156/148/144 150/149/145
f 155/144/140 150/149/145 149/58/56
f 149/58/56 150/149/145 144/60/58
f 62/145/141 63/150/146 168/146/142
f 168/146/142 63/150/146 163/151/147
f 168/146/142 163/151/147 162/147/143
f 162/147/143 163/151/147 157/152/148
f 162/147/143 157/152/148 156/148/144
f 156/148/144 157/152/148 151/153/149
f 156/148/144 151/153/149 150/149/145
f 150/149/145 151/153/149 145/154/150
f 150/149/145 145/154/150 144/60/58
f 144/60/58 145/154/150 139/62/60
f 63/150/146 64/155/151 163/151/147
f 163/151/147 64/155/151 158/156/152
f 163/151/147 158/156/152 157/152/148
f 157/152/148 158/156/152 152/157/153
f 157/152/148 152/157/153 151/153/149
f 151/153/149 152/157/153 146/158/154
f 151/153/149 146/158/154 145/154/150
f 145/154/150 146/158/154 140/159/155
f 145/154/150 140/159/155 139/62/60
f 139/62/60 140/159/155 134/64/62
f 64/155/151 65/160/156 158/156/152
f 158/156/152 65/160/156 153/161/157
f 158/156/152 153/161/157 152/157/153
f 152/157/153 153/161/157 147/162/158
f 152/157/153 147/162/158 146/158/154
f 146/158/154 147/162/158 141/163/159
f 146/158/154 141/163/159 140/159/155
f 140/159/155 141/163/159 135/164/160
f 140/159/155 135/164/160 134/64/62
f 134/64/62 135/164/160 129/66/64
f 65/160/156 66/165/161 153/161/157
f 153/161/157 66/165/161 148/166/162
f 153/161/157 148/166/162 147/162/158
f 147/162/158 148/166/162 142/167/163
f 147/162/158 142/167/163 141/163/159
f 141/163/159 142/167/163 136/168/164
f 141/163/159 136/168/164 135/164/160
f 135/164/160 136/168/164 130/169/165
f 135/164/160 130/169/165 129/66/64
f 129/66/64 130/169/165 124/68/66
f 66/165/161 67/170/166 148/166/162
f 148/166/162 67/170/166 143/171/167
f 148/166/162 143/171/167 142/167/163
f 142/167/163 143/171/167 137/172/168
f 142/167/163 137/172/168 136/168/164
f 136/168/164 137/172/168 131/173/169
f 136/168/164 131/173/169 130/169/165
f 130/169/165 131/173/169 125/174/170
f 130/169/165 125/174/170 124/68/66
f 124/68/66 125/174/170 119/70/68
f 67/170/166 68/175/171 143/171/167
f 143/171/167 68/175/171 138/176/172
f 143/171/167 138/176/172 137/172/168
f 137/172/168 138/176/172 132/177/173
f 137/172/168 132/177/173 131/173/169
f 131/173/169 132/177/173 126/178/174
f 131/173/169 126/178/174 125/174/170
f 125/174/170 126/178/174 120/179/175
f 125/174/170 120/179/175 119/70/68
f 119/70/68 120/179/175 114/72/70
f 68/175/171 69/180/176 138/176/172
f 138/176/172 69/180/176 133/181/177
f 138/176/172 133/181/177 132/177/173
f 132/177/173 133/181/177 127/182/178
f 132/177/173 127/182/178 126/178/174
f 126/178/174 127/182/178 121/183/179
f 126/178/174 121/183/179 120/179/175
f 120/179/175 121/183/179 115/184/180
f 120/179/175 115/184/180 114/72/70
f 114/72/70 115/184/180 109/74/72
f 69/180/176 70/185/181 133/181/177
f 133/181/177 70/185/181 128/186/182
f 133/181/177 128/186/182 127/182/178
f 127/182/178 128/186/182 122/187/183
f 127/182/178 122/187/183 121/183/179
f 121/183/179 122/187/183 116/188/184
f 121/183/179 116/188/184 115/184/180
f 115/184/180 116/188/184 110/189/185
f 115/184/180 110/189/185 109/74/72
f 109/74/72 110/189/185 104/76/74
f 70/185/181 71/190/186 128/186/182
f 128/186/182 71/190/186 123/191/187
f 128/186/182 123/191/187 122/187/183
f 122/187/183 123/191/187 117/192/188
f 122/187/183 117/192/188 116/188/184
f 116/188/184 117/192/188 111/193/189
f 116/188/184 111/193/189 110/189/185
f 110/189/185 111/193/189 105/194/190
f 110/189/185 105/194/190 104/76/74
f 104/76/74 105/194/190 99/78/76
f 71/190/186 72/195/191 123/191/187
f 123/191/187 72/195/191 118/196/192
f 123/191/187 118/196/192 117/192/188
f 117/192/188 118/196/192 112/197/193
f 117/192/188 112/197/193 111/193/189
f 111/193/189 112/197/193 106/198/194
f 111/193/189 106/198/194 105/194/190
f 105/194/190 106/198/194 100/199/195
f 105/194/190 100/199/195 99/78/76
f 99/78/76 100/199/195 94/80/78
f 72/195/191 73/200/196 118/196/192
f 118/196/192 73/200/196 113/201/197
f 118/196/192 113/201/197 112/197/193
f 112/197/193 113/201/197 107/202/198
f 112/197/193 107/202/198 106/198/194
f 106/198/194 107/202/198 101/203/199
f 106/198/194 101/203/199 100/199/195
f 100/199/195 101/203/199 95/204/200
f 100/199/195 95/204/200 94/80/78
f 94/80/78 95/204/200 89/82/80
f 73/200/196 74/205/201 113/201/197
f 113/201/197 74/205/201 108/206/202
f 113/201/197 108/206/202 107/202/198
f 107/202/198 108/206/202 102/207/203
f 107/202/198 102/207/203 101/203/199
f 101/203/199 102/207/203 96/208/204
f 101/203/199 96/208/204 95/204/200
f 95/204/200 96/208/204 90/209/205
f 95/204/200 90/209/205 89/82/80
f 89/82/80 90/209/205 84/2/2
f 74/205/201 75/210/206 108/206/202
f 108/206/202 75/210/206 103/211/207
f 108/206/202 103/211/207 102/207/203
f 102/207/203 103/211/207 97/212/208
f 102/207/203 97/212/208 96/208/204
f 96/208/204 97/212/208 91/213/209
f 96/208/204 91/213/209 90/209/205
f 90/209/205 91/213/209 85/95/91
f 90/209/205 85/95/91 84/2/2
f 75/210/206 76/214/210 103/211/207
f 103/211/207 76/214/210 98/215/211
f 103/211/207 98/215/211 97/212/208
f 97/212/208 98/215/211 92/216/212
f 97/212/208 92/216/212 91/213/209
f 91/213/209 92/216/212 86/93/89
f 91/213/209 86/93/89 85/95/91
f 76/214/210 77/217/213 98/215/211
f 98/215/211 77/217/213 93/218/214
f 98/215/211 93/218/214 92/216/212
f 92/216/212 93/218/214 87/91/87
f 92/216/212 87/91/87 86/93/89
f 77/217/213 78/219/215 93/218/214
f 93/218/214 78/219/215 88/89/85
f 93/218/214 88/89/85 87/91/87
f 78/219/215 41/87/83 88/89/85
f 79/6/4 80/220/90 274/8/6
f 274/8/6 80/220/90 275/221/216
f 274/8/6 275/221/216 269/10/8
f 269/10/8 275/221/216 270/222/217
f 269/10/8 270/222/217 264/12/10
f 264/12/10 270/222/217 265/223/218
f 264/12/10 265/223/218 259/14/12
f 259/14/12 265/223/218 260/224/219
f 259/14/12 260/224/219 254/16/14
f 254/16/14 260/224/219 255/225/220
f 254/16/14 255/225/220 249/18/16
f 249/18/16 255/225/220 250/226/221
f 249/18/16 250/226/221 244/20/18
f 244/20/18 250/226/221 245/227/222
f 244/20/18 245/227/222 239/22/20
f 239/22/20 245/227/222 240/228/223
f 239/22/20 240/228/223 234/24/22
f 234/24/22 240/228/223 235/229/224
f 234/24/22 235/229/224 229/26/24
f 229/26/24 235/229/224 230/230/225
f 229/26/24 230/230/225 224/28/26
f 224/28/26 230/230/225 225/231/226
f 224/28/26 225/231/226 219/30/28
f 219/30/28 225/231/226 220/232/227
f 219/30/28 220/232/227 214/32/30
f 214/32/30 220/232/227 215/233/228
f 214/32/30 215/233/228 209/34/32
f 209/34/32 215/233/228 210/234/229
f 209/34/32 210/234/229 204/36/34
f 204/36/34 210/234/229 205/235/230
f 204/36/34 205/235/230 199/38/36
f 199/38/36 205/235/230 200/236/231
f 199/38/36 200/236/231 194/40/38
f 194/40/38 200/236/231 195/237/232
f 194/40/38 195/237/232 189/42/40
f 189/42/40 195/237/232 190/238/233
f 189/42/40 190/238/233 184/44/42
f 184/44/42 190/238/233 185/239/234
f 184/44/42 185/239/234 179/46/44
f 179/46/44 185/239/234 180/240/235
f 179/46/44 180/240/235 174/48/46
f 174/48/46 180/240/235 175/241/236
f 174/48/46 175/241/236 169/50/48
f 169/50/48 175/241/236 170/242/237
f 169/50/48 170/242/237 164/52/50
f 164/52/50 170/242/237 165/138/134
f 164/52/50 165/138/134 159/54/52
f 80/220/90 81/243/88 275/221/216
f 275/221/216 81/243/88 276/244/238
f 275/221/216 276/244/238 270/222/217
f 270/222/217 276/244/238 271/245/239
f 270/222/217 271/245/239 265/223/218
f 265/223/218 271/245/239 266/246/240
f 265/223/218 266/246/240 260/224/219
f 260/224/219 266/246/240 261/247/241
f 260/224/219 261/247/241 255/225/220
f 255/225/220 261/247/241 256/248/242
f 255/225/220 256/248/242 250/226/221
f 250/226/221 256/248/242 251/249/243
f 250/226/221 251/249/243 245/227/222
f 245/227/222 251/249/243 246/250/244
f 245/227/222 246/250/244 240/228/223
f 240/228/223 246/250/244 241/251/245
f 240/228/223 241/251/245 235/229/224
f 235/229/224 241/251/245 236/252/246
f 235/229/224 236/252/246 230/230/225
f 230/230/225 236/252/246 231/253/247
f 230/230/225 231/253/247 225/231/226
f 225/231/226 231/253/247 226/254/248
f 225/231/226 226/254/248 220/232/227
f 220/232/227 226/254/248 221/255/249
f 220/232/227 221/255/249 215/233/228
f 215/233/228 221/255/249 216/256/250
f 215/233/228 216/256/250 210/234/229
f 210/234/229 216/256/250 211/257/251
f 210/234/229 211/257/251 205/235/230
f 205/235/230 211/257/251 206/258/252
f 205/235/230 206/258/252 200/236/231
f 200/236/231 206/258/252 201/259/253
f 200/236/231 201/259/253 195/237/232
f 195/237/232 201/259/253 196/260/254
f 195/237/232 196/260/254 190/238/233
f 190/238/233 196/260/254 191/261/255
f 190/238/233 191/261/255 185/239/234
f 185/239/234 191/261/255 186/262/256
f 185/239/234 186/262/256 180/240/235
f 180/240/235 186/262/256 181/263/257
f 180/240/235 181/263/257 175/241/236
f 175/241/236 181/263/257 176/264/258
f 175/241/236 176/264/258 170/242/237
f 170/242/237 176/264/258 171/136/132
f 170/242/237 171/136/132 165/138/134
f 81/243/88 82/265/86 276/244/238
f 276/244/238 82/265/86 277/266/259
f 276/244/238 277/266/259 271/245/239
f 271/245/239 277/266/259 272/267/260
f 271/245/239 272/267/260 266/246/240
f 266/246/240 272/267/260 267/268/261
f 266/246/240 267/268/261 261/247/241
f 261/247/241 267/268/261 262/269/262
f 261/247/241 262/269/262 256/248/242
f 256/248/242 262/269/262 257/270/263
f 256/248/242 257/270/263 251/249/243
f 251/249/243 257/270/263 252/271/264
f 251/249/243 252/271/264 246/250/244
f 246/250/244 252/271/264 247/272/265
f 246/250/244 247/272/265 241/251/245
f 241/251/245 247/272/265 242/273/266
f 241/251/245 242/273/266 236/252/246
f 236/252/246 242/273/266 237/274/267
f 236/252/246 237/274/267 231/253/247
f 231/253/247 237/274/267 232/275/268
f 231/253/247 232/275/268 226/254/248
f 226/254/248 232/275/268 227/276/269
f 226/254/248 227/276/269 221/255/249
f 221/255/249 227/276/269 222/277/270
f 221/255/249 222/277/270 216/256/250
f 216/256/250 222/277/270 217/278/271
f 216/256/250 217/278/271 211/257/251
f 211/257/251 217/278/271 212/279/272
f 211/257/251 212/279/272 206/258/252
f 206/258/252 212/279/272 207/280/273
f 206/258/252 207/280/273 201/259/253
f 201/259/253 207/280/273 202/281/274
f 201/259/253 202/281/274 196/260/254
f 196/260/254 202/281/274 197/282/275
f 196/260/254 197/282/275 191/261/255
f 191/261/255 197/282/275 192/283/276
f 191/261/255 192/283/276 186/262/256
f 186/262/256 192/283/276 187/284/277
f 186/262/256 187/284/277 181/263/257
f 181/263/257 187/284/277 182/285/278
f 181/263/257 182/285/278 176/264/258
f 176/264/258 182/285/278 177/134/130
f 176/264/258 177/134/130 171/136/132
f 82/265/86 83/86/84 277/266/259
f 277/266/259 83/86/84 278/84/82
f 277/266/259 278/84/82 272/267/260
f 272/267/260 278/84/82 273/96/92
f 272/267/260 273/96/92 267/268/261
f 267/268/261 273/96/92 268/98/94
f 267/268/261 268/98/94 262/269/262
f 262/269/262 268/98/94 263/100/96
f 262/269/262 263/100/96 257/270/263
f 257/270/263 263/100/96 258/102/98
f 257/270/263 258/102/98 252/271/264
f 252/271/264 258/102/98 253/104/100
f 252/271/264 253/104/100 247/272/265
f 247/272/265 253/104/100 248/106/102
f 247/272/265 248/106/102 242/273/266
f 242/273/266 248/106/102 243/108/104
f 242/273/266 243/108/104 237/274/267
f 237/274/267 243/108/104 238/110/106
f 237/274/267 238/110/106 232/275/268
f 232/275/268 238/110/106 233/112/108
f 232/275/268 233/112/108 227/276/269
f 227/276/269 233/112/108 228/114/110
f 227/276/269 228/114/110 222/277/270
f 222/277/270 228/114/110 223/116/112
f 222/277/270 223/116/112 217/278/271
f 217/278/271 223/116/112 218/118/114
f 217/278/271 218/118/114 212/279/272
f 212/279/272 218/118/114 213/120/116
f 212/279/272 213/120/116 207/280/273
f 207/280/273 213/120/116 208/122/118
f 207/280/273 208/122/118 202/281/274
f 202/281/274 208/122/118 203/124/120
f 202/281/274 203/124/120 197/282/275
f 197/282/275 203/124/120 198/126/122
f 197/282/275 198/126/122 192/283/276
f 192/283/276 198/126/122 193/128/124
f 192/283/276 193/128/124 187/284/277
f 187/284/277 193/128/124 188/130/126
f 187/284/277 188/130/126 182/285/278
f 182/285/278 188/130/126 183/132/128
f 182/285/278 183/132/128 177/134/130
f 280/286/279 2/287/1 279/288/280
f 279/288/280 2/287/1 1/289/3
f 279/290/280 1/291/3 318/292/281
f 318/292/281 1/291/3 40/293/5
f 318/292/281 40/293/5 317/294/282
f 317/294/282 40/293/5 39/295/7
f 317/294/282 39/295/7 316/296/283
f 316/296/283 39/295/7 38/297/9
f 316/296/283 38/297/9 315/298/284
f 315/298/284 38/297/9 37/299/11
f 315/298/284 37/299/11 314/300/285
f 314/300/285 37/299/11 36/301/13
f 314/300/285 36/301/13 313/302/286
f 313/302/286 36/301/13 35/303/15
f 313/302/286 35/303/15 312/304/287
f 312/304/287 35/303/15 34/305/17
f 312/304/287 34/305/17 311/306/288
f 311/306/288 34/305/17 33/307/19
f 311/306/288 33/307/19 310/308/289
f 310/308/289 33/307/19 32/309/21
f 310/308/289 32/309/21 309/310/290
f 309/310/290 32/309/21 31/311/23
f 309/310/290 31/311/23 308/312/291
f 308/312/291 31/311/23 30/313/25
f 308/312/291 30/313/25 307/314/292
f 307/314/292 30/313/25 29/315/27
f 307/314/292 29/315/27 306/316/293
f 306/316/293 29/315/27 28/317/29
f 306/316/293 28/317/29 305/318/294
f 305/318/294 28/317/29 27/319/31
f 305/318/294 27/319/31 304/320/295
f 304/320/295 27/319/31 26/321/33
f 304/320/295 26/321/33 303/322/296
f 303/322/296 26/321/33 25/323/35
f 303/322/296 25/323/35 302/324/297
f 302/324/297 25/323/35 24/325/37
f 302/324/297 24/325/37 301/326/298
f 301/326/298 24/325/37 23/327/39
f 301/326/298 23/327/39 300/328/299
f 300/328/299 23/327/39 22/329/41
f 300/328/299 22/329/41 299/330/300
f 299/330/300 22/329/41 21/331/43
f 299/330/300 21/331/43 298/332/301
f 298/332/301 21/331/43 20/333/45
f 298/332/301 20/333/45 297/334/302
f 297/334/302 20/333/45 19/335/47
f 297/334/302 19/335/47 296/336/303
f 296/336/303 19/335/47 18/337/49
f 296/336/303 18/337/49 295/338/304
f 295/338/304 18/337/49 17/339/51
f 295/338/304 17/339/51 294/340/305
f 294/340/305 17/339/51 16/341/53
f 294/340/305 16/341/53 293/342/306
f 293/342/306 16/341/53 15/343/55
f 293/342/306 15/343/55 292/344/307
f 292/344/307 15/343/55 14/345/57
f 292/344/307 14/345/57 291/346/308
f 291/346/308 14/345/57 13/347/59
f 291/346/308 13/347/59 290/348/309
f 290/348/309 13/347/59 12/349/61
f 290/348/309 12/349/61 289/350/310
f 289/350/310 12/349/61 11/351/63
f 289/350/310 11/351/63 288/352/311
f 288/352/311 11/351/63 10/353/65
f 288/352/311 10/353/65 287/354/312
f 287/354/312 10/353/65 9/355/67
f 287/354/312 9/355/67 286/356/313
f 286/356/313 9/355/67 8/357/69
f 286/356/313 8/357/69 285/358/314
f 285/358/314 8/357/69 7/359/71
f 285/358/314 7/359/71 284/360/315
f 284/360/315 7/359/71 6/361/73
f 284/360/315 6/361/73 283/362/316
f 283/362/316 6/361/73 5/363/75
f 283/362/316 5/363/75 282/364/317
f 282/364/317 5/363/75 4/365/77
f 282/364/317 4/365/77 281/366/318
f 281/366/318 4/365/77 3/367/79
f 281/366/318 3/367/79 280/286/279
f 280/286/279 3/367/79 2/287/1
f 78/368/215 61/369/136 41/370/83
f 41/370/83 61/369/136 60/371/127
f 41/370/83 60/371/127 42/372/81
f 42/372/81 60/371/127 59/373/125
f 42/372/81 59/373/125 43/374/93
f 43/374/93 59/373/125 58/375/123
f 43/374/93 58/375/123 44/376/95
f 44/376/95 58/375/123 57/377/121
f 44/376/95 57/377/121 45/378/97
f 45/378/97 57/377/121 56/379/119
f 45/378/97 56/379/119 46/380/99
f 46/380/99 56/379/119 55/381/117
f 46/380/99 55/381/117 47/382/101
f 47/382/101 55/381/117 54/383/115
f 47/382/101 54/383/115 48/384/103
f 48/384/103 54/383/115 53/385/113
f 48/384/103 53/385/113 49/386/105
f 49/386/105 53/385/113 52/387/111
f 49/386/105 52/387/111 50/388/107
f 50/388/107 52/387/111 51/389/109
f 61/369/136 78/368/215 62/390/141
f 62/390/141 78/368/215 77/391/213
f 62/390/141 77/391/213 63/392/146
f 63/392/146 77/391/213 76/393/210
f 63/392/146 76/393/210 64/394/151
f 64/394/151 76/393/210 75/395/206
f 64/394/151 75/395/206 65/396/156
f 65/396/156 75/395/206 74/397/201
f 65/396/156 74/397/201 66/398/161
f 66/398/161 74/397/201 73/399/196
f 66/398/161 73/399/196 67/400/166
f 67/400/166 73/399/196 72/401/191
f 67/400/166 72/401/191 68/402/171
f 68/402/171 72/401/191 71/403/186
f 68/402/171 71/403/186 69/404/176
f 69/404/176 71/403/186 70/405/181
f 318/406/319 300/407/320 279/408/321
f 279/408/321 300/407/320 299/409/322
f 279/408/321 299/409/322 280/410/323
f 280/410/323 299/409/322 298/411/324
f 280/410/323 298/411/324 281/412/325
f 281/412/325 298/411/324 297/413/326
f 281/412/325 297/413/326 282/414/327
f 282/414/327 297/413/326 296/415/328
f 282/414/327 296/415/328 283/416/329
f 283/416/329 296/415/328 295/417/330
f 283/416/329 295/417/330 284/418/331
f 284/418/331 295/417/330 294/419/332
f 284/418/331 294/419/332 285/420/333
f 285/420/333 294/419/332 293/421/334
f 285/420/333 293/421/334 286/422/335
f 286/422/335 293/421/334 292/423/336
f 286/422/335 292/423/336 287/424/337
f 287/424/337 292/423/336 291/425/338
f 287/424/337 291/425/338 288/426/339
f 288/426/339 291/425/338 290/427/340
f 288/426/339 290/427/340 289/428/341
f 300/407/320 318/406/319 301/429/342
f 301/429/342 318/406/319 317/430/343
f 301/429/342 317/430/343 302/431/344
f 302/431/344 317/430/343 316/432/345
f 302/431/344 316/432/345 303/433/346
f 303/433/346 316/432/345 315/434/347
f 303/433/346 315/434/347 304/435/348
f 304/435/348 315/434/347 314/436/349
f 304/435/348 314/436/349 305/437/350
f 305/437/350 314/436/349 313/438/351
f 305/437/350 313/438/351 306/439/352
f 306/439/352 313/438/351 312/440/353
f 306/439/352 312/440/353 307/441/354
f 307/441/354 312/440/353 311/442/355
f 307/441/354 311/442/355 308/443/356
f 308/443/356 311/442/355 310/444/357
f 308/443/356 310/444/357 309/445/358
g Body56

v -12.661900 -0.254000 5.232364
v -12.661900 -0.228921 5.230286
v -12.661900 -0.204527 5.224108
v -12.661900 -0.181483 5.214000
v -12.661900 -0.160416 5.200236
v -12.661900 -0.141902 5.183193
v -12.661900 -0.126446 5.163335
v -12.661900 -0.114469 5.141204
v -12.661900 -0.106298 5.117403
v -12.661900 -0.102156 5.092582
v -12.661900 -0.102156 5.067418
v -12.661900 -0.106298 5.042597
v -12.661900 -0.114469 5.018796
v -12.661900 -0.126446 4.996665
v -12.661900 -0.141902 4.976807
v -12.661900 -0.160416 4.959764
v -12.661900 -0.181483 4.946000
v -12.661900 -0.204527 4.935892
v -12.661900 -0.228921 4.929714
v -12.661900 -0.254000 4.927636
v -12.661900 -0.279078 4.929714
v -12.661900 -0.303472 4.935892
v -12.661900 -0.326517 4.946000
v -12.661900 -0.347583 4.959764
v -12.661900 -0.366097 4.976807
v -12.661900 -0.381554 4.996665
v -12.661900 -0.393530 5.018796
v -12.661900 -0.401701 5.042597
v -12.661900 -0.405843 5.067418
v -12.661900 -0.405843 5.092582
v -12.661900 -0.401701 5.117403
v -12.661900 -0.393530 5.141204
v -12.661900 -0.381554 5.163335
v -12.661900 -0.366097 5.183193
v -12.661900 -0.347583 5.200236
v -12.661900 -0.326517 5.214000
v -12.661900 -0.303472 5.224108
v -12.661900 -0.279078 5.230286
v -12.698338 -0.254000 5.270428
v -12.698338 -0.282381 5.268301
v -12.698338 -0.310129 5.261967
v -12.698338 -0.336623 5.251569
v -12.698338 -0.361271 5.237339
v -12.698338 -0.383523 5.219593
v -12.698338 -0.402882 5.198730
v -12.698338 -0.418915 5.175214
v -12.698338 -0.431264 5.149571
v -12.698338 -0.439653 5.122374
v -12.698338 -0.443895 5.094231
v -12.698338 -0.443895 5.065769
v -12.698338 -0.439653 5.037626
v -12.698338 -0.431264 5.010429
v -12.698338 -0.418915 4.984786
v -12.698338 -0.402882 4.961271
v -12.698338 -0.383523 4.940407
v -12.698338 -0.361271 4.922662
v -12.698338 -0.336623 4.908431
v -12.698338 -0.310129 4.898033
v -12.698338 -0.282381 4.891700
v -12.698338 -0.254000 4.889573
v -12.698338 -0.225618 4.891700
v -12.698338 -0.197870 4.898033
v -12.698338 -0.171376 4.908431
v -12.698338 -0.146728 4.922662
v -12.698338 -0.124476 4.940407
v -12.698338 -0.105118 4.961271
v -12.698338 -0.089085 4.984786
v -12.698338 -0.076736 5.010429
v -12.698338 -0.068347 5.037626
v -12.698338 -0.064105 5.065769
v -12.698338 -0.064105 5.094231
v -12.698338 -0.068347 5.122374
v -12.698338 -0.076736 5.149571
v -12.698338 -0.089085 5.175214
v -12.698338 -0.105118 5.198730
v -12.698338 -0.124476 5.219593
v -12.698338 -0.146728 5.237339
v -12.698338 -0.171376 5.251569
v -12.698338 -0.197870 5.261967
v -12.698338 -0.225618 5.268301
v -12.663127 -0.254000 4.918043
v -12.666731 -0.254000 4.909068
v -12.672478 -0.254000 4.901290
v -12.679998 -0.254000 4.895209
v -12.688808 -0.254000 4.891217
v -12.663127 -0.415504 5.067897
v -12.663127 -0.092496 5.092103
v -12.663127 -0.229861 5.240148
v -12.666731 -0.228524 5.249023
v -12.672478 -0.227364 5.256714
v -12.679998 -0.226458 5.262727
v -12.688808 -0.225863 5.266674
v -12.688808 -0.254000 5.268783
v -12.679998 -0.254000 5.264791
v -12.672478 -0.254000 5.258710
v -12.666731 -0.254000 5.250932
v -12.663127 -0.254000 5.241957
v -12.663127 -0.206262 5.234762
v -12.666731 -0.203617 5.243338
v -12.672478 -0.201324 5.250771
v -12.679998 -0.199532 5.256582
v -12.688808 -0.198355 5.260396
v -12.663127 -0.183729 5.225918
v -12.666731 -0.179835 5.234004
v -12.672478 -0.176460 5.241013
v -12.679998 -0.173822 5.246491
v -12.688808 -0.172090 5.250087
v -12.663127 -0.162766 5.213815
v -12.666731 -0.157710 5.221231
v -12.672478 -0.153329 5.227658
v -12.679998 -0.149903 5.232682
v -12.688808 -0.147655 5.235980
v -12.663127 -0.143841 5.198723
v -12.666731 -0.137737 5.205302
v -12.672478 -0.132446 5.211004
v -12.679998 -0.128310 5.215462
v -12.688808 -0.125595 5.218388
v -12.663127 -0.127377 5.180979
v -12.666731 -0.120360 5.186574
v -12.672478 -0.114278 5.191424
v -12.679998 -0.109524 5.195216
v -12.688808 -0.106403 5.197704
v -12.663127 -0.113741 5.160978
v -12.666731 -0.105968 5.165466
v -12.672478 -0.099232 5.169355
v -12.679998 -0.093966 5.172396
v -12.688808 -0.090509 5.174391
v -12.663127 -0.103238 5.139170
v -12.666731 -0.094884 5.142448
v -12.672478 -0.087643 5.145290
v -12.679998 -0.081982 5.147512
v -12.688808 -0.078267 5.148970
v -12.663127 -0.096103 5.116039
v -12.666731 -0.087354 5.118036
v -12.672478 -0.079770 5.119767
v -12.679998 -0.073842 5.121120
v -12.688808 -0.069950 5.122008
v -12.666731 -0.083546 5.092774
v -12.672478 -0.075789 5.093355
v -12.679998 -0.069725 5.093810
v -12.688808 -0.065745 5.094108
v -12.663127 -0.096103 5.043961
v -12.666731 -0.087354 5.041964
v -12.672478 -0.079770 5.040233
v -12.679998 -0.073842 5.038880
v -12.688808 -0.069950 5.037992
v -12.688808 -0.065745 5.065892
v -12.679998 -0.069725 5.066191
v -12.672478 -0.075789 5.066645
v -12.666731 -0.083546 5.067226
v -12.663127 -0.092496 5.067897
v -12.663127 -0.103238 5.020831
v -12.666731 -0.094884 5.017552
v -12.672478 -0.087643 5.014710
v -12.679998 -0.081982 5.012488
v -12.688808 -0.078267 5.011030
v -12.663127 -0.113741 4.999022
v -12.666731 -0.105968 4.994534
v -12.672478 -0.099232 4.990645
v -12.679998 -0.093966 4.987604
v -12.688808 -0.090509 4.985609
v -12.663127 -0.127377 4.979022
v -12.666731 -0.120360 4.973426
v -12.672478 -0.114278 4.968576
v -12.679998 -0.109524 4.964785
v -12.688808 -0.106403 4.962296
v -12.663127 -0.143841 4.961277
v -12.666731 -0.137737 4.954698
v -12.672478 -0.132446 4.948996
v -12.679998 -0.128310 4.944539
v -12.688808 -0.125595 4.941613
v -12.663127 -0.162766 4.946185
v -12.666731 -0.157710 4.938770
v -12.672478 -0.153329 4.932343
v -12.679998 -0.149903 4.927318
v -12.688808 -0.147655 4.924021
v -12.663127 -0.183729 4.934082
v -12.666731 -0.179835 4.925996
v -12.672478 -0.176460 4.918988
v -12.679998 -0.173822 4.913509
v -12.688808 -0.172090 4.909913
v -12.663127 -0.206262 4.925239
v -12.666731 -0.203617 4.916662
v -12.672478 -0.201324 4.909229
v -12.679998 -0.199532 4.903419
v -12.688808 -0.198355 4.899604
v -12.663127 -0.229861 4.919852
v -12.666731 -0.228524 4.910977
v -12.672478 -0.227364 4.903286
v -12.679998 -0.226458 4.897273
v -12.688808 -0.225863 4.893326
v -12.663127 -0.278138 4.919852
v -12.666731 -0.279476 4.910977
v -12.672478 -0.280635 4.903286
v -12.679998 -0.281541 4.897273
v -12.688808 -0.282136 4.893326
v -12.663127 -0.301737 4.925239
v -12.666731 -0.304383 4.916662
v -12.672478 -0.306676 4.909229
v -12.679998 -0.308468 4.903419
v -12.688808 -0.309644 4.899604
v -12.663127 -0.324270 4.934082
v -12.666731 -0.328164 4.925996
v -12.672478 -0.331539 4.918988
v -12.679998 -0.334178 4.913509
v -12.688808 -0.335909 4.909913
v -12.663127 -0.345233 4.946185
v -12.666731 -0.350289 4.938770
v -12.672478 -0.354671 4.932343
v -12.679998 -0.358096 4.927318
v -12.688808 -0.360345 4.924021
v -12.663127 -0.364158 4.961277
v -12.666731 -0.370263 4.954698
v -12.672478 -0.375554 4.948996
v -12.679998 -0.379690 4.944539
v -12.688808 -0.382405 4.941613
v -12.663127 -0.380623 4.979022
v -12.666731 -0.387640 4.973426
v -12.672478 -0.393721 4.968576
v -12.679998 -0.398475 4.964785
v -12.688808 -0.401596 4.962296
v -12.663127 -0.394258 4.999022
v -12.666731 -0.402031 4.994534
v -12.672478 -0.408767 4.990645
v -12.679998 -0.414034 4.987604
v -12.688808 -0.417490 4.985609
v -12.663127 -0.404761 5.020831
v -12.666731 -0.413116 5.017552
v -12.672478 -0.420356 5.014710
v -12.679998 -0.426017 5.012488
v -12.688808 -0.429733 5.011030
v -12.663127 -0.411896 5.043961
v -12.666731 -0.420646 5.041964
v -12.672478 -0.428229 5.040233
v -12.679998 -0.434158 5.038880
v -12.688808 -0.438049 5.037992
v -12.666731 -0.424454 5.067226
v -12.672478 -0.432210 5.066645
v -12.679998 -0.438274 5.066191
v -12.688808 -0.442255 5.065892
v -12.663127 -0.411896 5.116039
v -12.666731 -0.420646 5.118036
v -12.672478 -0.428229 5.119767
v -12.679998 -0.434158 5.121120
v -12.688808 -0.438049 5.122008
v -12.688808 -0.442255 5.094108
v -12.679998 -0.438274 5.093810
v -12.672478 -0.432210 5.093355
v -12.666731 -0.424454 5.092774
v -12.663127 -0.415504 5.092103
v -12.663127 -0.404761 5.139170
v -12.666731 -0.413116 5.142448
v -12.672478 -0.420356 5.145290
v -12.679998 -0.426017 5.147512
v -12.688808 -0.429733 5.148970
v -12.663127 -0.394258 5.160978
v -12.666731 -0.402031 5.165466
v -12.672478 -0.408767 5.169355
v -12.679998 -0.414034 5.172396
v -12.688808 -0.417490 5.174391
v -12.663127 -0.380623 5.180979
v -12.666731 -0.387640 5.186574
v -12.672478 -0.393721 5.191424
v -12.679998 -0.398475 5.195216
v -12.688808 -0.401596 5.197704
v -12.663127 -0.364158 5.198723
v -12.666731 -0.370263 5.205302
v -12.672478 -0.375554 5.211004
v -12.679998 -0.379690 5.215462
v -12.688808 -0.382405 5.218388
v -12.663127 -0.345233 5.213815
v -12.666731 -0.350289 5.221231
v -12.672478 -0.354671 5.227658
v -12.679998 -0.358096 5.232682
v -12.688808 -0.360345 5.235980
v -12.663127 -0.324270 5.225918
v -12.666731 -0.328164 5.234004
v -12.672478 -0.331539 5.241013
v -12.679998 -0.334178 5.246491
v -12.688808 -0.335909 5.250087
v -12.663127 -0.301737 5.234762
v -12.666731 -0.304383 5.243338
v -12.672478 -0.306676 5.250771
v -12.679998 -0.308468 5.256582
v -12.688808 -0.309644 5.260396
v -12.663127 -0.278138 5.240148
v -12.666731 -0.279476 5.249023
v -12.672478 -0.280635 5.256714
v -12.679998 -0.281541 5.262727
v -12.688808 -0.282136 5.266674
v -12.700000 -0.254000 5.270500
v -12.700000 -0.282392 5.268372
v -12.700000 -0.310151 5.262037
v -12.700000 -0.336655 5.251635
v -12.700000 -0.361312 5.237399
v -12.700000 -0.383573 5.219646
v -12.700000 -0.402939 5.198775
v -12.700000 -0.418978 5.175250
v -12.700000 -0.431331 5.149598
v -12.700000 -0.439723 5.122390
v -12.700000 -0.443967 5.094236
v -12.700000 -0.443967 5.065764
v -12.700000 -0.439723 5.037610
v -12.700000 -0.431331 5.010403
v -12.700000 -0.418978 4.984750
v -12.700000 -0.402939 4.961225
v -12.700000 -0.383573 4.940354
v -12.700000 -0.361312 4.922602
v -12.700000 -0.336655 4.908366
v -12.700000 -0.310151 4.897963
v -12.700000 -0.282392 4.891628
v -12.700000 -0.254000 4.889500
v -12.700000 -0.225607 4.891628
v -12.700000 -0.197849 4.897963
v -12.700000 -0.171345 4.908366
v -12.700000 -0.146687 4.922602
v -12.700000 -0.124427 4.940354
v -12.700000 -0.105061 4.961225
v -12.700000 -0.089022 4.984750
v -12.700000 -0.076668 5.010403
v -12.700000 -0.068276 5.037610
v -12.700000 -0.064032 5.065764
v -12.700000 -0.064032 5.094236
v -12.700000 -0.068276 5.122390
v -12.700000 -0.076668 5.149598
v -12.700000 -0.089022 5.175250
v -12.700000 -0.105061 5.198775
v -12.700000 -0.124427 5.219646
v -12.700000 -0.146687 5.237399
v -12.700000 -0.171345 5.251635
v -12.700000 -0.197849 5.262037
v -12.700000 -0.225607 5.268372
vt 0.059847 0.029549 0.000000
vt 0.050150 0.026735 0.000000
vt 0.059847 0.000000 0.000000
vt 0.050150 0.000000 0.000000
vt 0.050150 -0.026735 0.000000
vt 0.040452 0.000000 0.000000
vt 0.040452 -0.026735 0.000000
vt 0.030755 0.000000 0.000000
vt 0.030755 -0.026735 0.000000
vt 0.021057 0.000000 0.000000
vt 0.021057 -0.026735 0.000000
vt 0.011360 0.000000 0.000000
vt 0.011360 -0.026735 0.000000
vt 0.001662 0.000000 0.000000
vt 0.001662 -0.026735 0.000000
vt 0.050150 0.053470 0.000000
vt 0.059847 0.059098 0.000000
vt 0.050150 0.080205 0.000000
vt 0.059847 0.088648 0.000000
vt 0.050150 0.106940 0.000000
vt 0.059847 0.118197 0.000000
vt 0.050150 0.133675 0.000000
vt 0.059847 0.147746 0.000000
vt 0.050150 0.160410 0.000000
vt 0.059847 0.177295 0.000000
vt 0.050150 0.187145 0.000000
vt 0.059847 0.206845 0.000000
vt 0.050150 0.213880 0.000000
vt 0.059847 0.236394 0.000000
vt 0.050150 0.240615 0.000000
vt 0.059847 0.265943 0.000000
vt 0.050150 0.267350 0.000000
vt 0.059847 0.295492 0.000000
vt 0.050150 0.294085 0.000000
vt 0.050150 0.320820 0.000000
vt 0.040452 0.320820 0.000000
vt 0.040452 0.347555 0.000000
vt 0.030755 0.347555 0.000000
vt 0.030755 0.374290 0.000000
vt 0.021057 0.374290 0.000000
vt 0.021057 0.401025 0.000000
vt 0.011360 0.401025 0.000000
vt 0.011360 0.427760 0.000000
vt 0.001662 0.427760 0.000000
vt 0.001662 0.454495 0.000000
vt 0.011360 0.454495 0.000000
vt 0.001662 0.481230 0.000000
vt 0.011360 0.481230 0.000000
vt 0.001662 0.507965 0.000000
vt 0.011360 0.507965 0.000000
vt 0.001662 0.534700 0.000000
vt 0.011360 0.534700 0.000000
vt 0.001662 0.561435 0.000000
vt 0.011360 0.561435 0.000000
vt 0.001662 -0.561435 0.000000
vt 0.011360 -0.561435 0.000000
vt 0.001662 -0.534700 0.000000
vt 0.011360 -0.534700 0.000000
vt 0.001662 -0.507965 0.000000
vt 0.011360 -0.507965 0.000000
vt 0.001662 -0.481230 0.000000
vt 0.011360 -0.481230 0.000000
vt 0.001662 -0.454495 0.000000
vt 0.011360 -0.454495 0.000000
vt 0.001662 -0.427760 0.000000
vt 0.011360 -0.427760 0.000000
vt 0.001662 -0.401025 0.000000
vt 0.011360 -0.401025 0.000000
vt 0.001662 -0.374290 0.000000
vt 0.011360 -0.374290 0.000000
vt 0.001662 -0.347555 0.000000
vt 0.011360 -0.347555 0.000000
vt 0.001662 -0.320820 0.000000
vt 0.011360 -0.320820 0.000000
vt 0.001662 -0.294085 0.000000
vt 0.011360 -0.294085 0.000000
vt 0.001662 -0.267350 0.000000
vt 0.011360 -0.267350 0.000000
vt 0.001662 -0.240615 0.000000
vt 0.011360 -0.240615 0.000000
vt 0.001662 -0.213880 0.000000
vt 0.011360 -0.213880 0.000000
vt 0.001662 -0.187145 0.000000
vt 0.011360 -0.187145 0.000000
vt 0.001662 -0.160410 0.000000
vt 0.011360 -0.160410 0.000000
vt 0.001662 -0.133675 0.000000
vt 0.011360 -0.133675 0.000000
vt 0.001662 -0.106940 0.000000
vt 0.011360 -0.106940 0.000000
vt 0.001662 -0.080205 0.000000
vt 0.011360 -0.080205 0.000000
vt 0.001662 -0.053470 0.000000
vt 0.011360 -0.053470 0.000000
vt 0.059847 0.325041 0.000000
vt 0.050150 0.347555 0.000000
vt 0.040452 0.374290 0.000000
vt 0.030755 0.401025 0.000000
vt 0.021057 0.427760 0.000000
vt 0.059847 0.354591 0.000000
vt 0.050150 0.374290 0.000000
vt 0.040452 0.401025 0.000000
vt 0.030755 0.427760 0.000000
vt 0.021057 0.454495 0.000000
vt 0.059847 0.384140 0.000000
vt 0.050150 0.401025 0.000000
vt 0.040452 0.427760 0.000000
vt 0.030755 0.454495 0.000000
vt 0.021057 0.481230 0.000000
vt 0.059847 0.413689 0.000000
vt 0.050150 0.427760 0.000000
vt 0.040452 0.454495 0.000000
vt 0.030755 0.481230 0.000000
vt 0.021057 0.507965 0.000000
vt 0.059847 0.443238 0.000000
vt 0.050150 0.454495 0.000000
vt 0.040452 0.481230 0.000000
vt 0.030755 0.507965 0.000000
vt 0.021057 0.534700 0.000000
vt 0.059847 0.472787 0.000000
vt 0.050150 0.481230 0.000000
vt 0.040452 0.507965 0.000000
vt 0.030755 0.534700 0.000000
vt 0.021057 0.561435 0.000000
vt 0.021057 -0.561435 0.000000
vt 0.059847 0.502337 0.000000
vt 0.050150 0.507965 0.000000
vt 0.040452 0.534700 0.000000
vt 0.030755 0.561435 0.000000
vt 0.030755 -0.561435 0.000000
vt 0.021057 -0.534700 0.000000
vt 0.059847 0.531886 0.000000
vt 0.050150 0.534700 0.000000
vt 0.040452 0.561435 0.000000
vt 0.040452 -0.561435 0.000000
vt 0.030755 -0.534700 0.000000
vt 0.021057 -0.507965 0.000000
vt 0.059847 0.561435 0.000000
vt 0.050150 0.561435 0.000000
vt 0.050150 -0.561435 0.000000
vt 0.040452 -0.534700 0.000000
vt 0.030755 -0.507965 0.000000
vt 0.021057 -0.481230 0.000000
vt 0.059847 -0.561435 0.000000
vt 0.050150 -0.534700 0.000000
vt 0.059847 -0.531886 0.000000
vt 0.050150 -0.507965 0.000000
vt 0.059847 -0.502337 0.000000
vt 0.050150 -0.481230 0.000000
vt 0.059847 -0.472787 0.000000
vt 0.050150 -0.454495 0.000000
vt 0.059847 -0.443238 0.000000
vt 0.050150 -0.427760 0.000000
vt 0.059847 -0.413689 0.000000
vt 0.050150 -0.401025 0.000000
vt 0.059847 -0.384140 0.000000
vt 0.050150 -0.374290 0.000000
vt 0.059847 -0.354591 0.000000
vt 0.050150 -0.347555 0.000000
vt 0.059847 -0.325041 0.000000
vt 0.050150 -0.320820 0.000000
vt 0.059847 -0.295492 0.000000
vt 0.050150 -0.294085 0.000000
vt 0.059847 -0.265943 0.000000
vt 0.050150 -0.267350 0.000000
vt 0.050150 -0.240615 0.000000
vt 0.040452 -0.240615 0.000000
vt 0.040452 -0.213880 0.000000
vt 0.030755 -0.213880 0.000000
vt 0.030755 -0.187145 0.000000
vt 0.021057 -0.187145 0.000000
vt 0.021057 -0.160410 0.000000
vt 0.059847 -0.236394 0.000000
vt 0.050150 -0.213880 0.000000
vt 0.040452 -0.187145 0.000000
vt 0.030755 -0.160410 0.000000
vt 0.021057 -0.133675 0.000000
vt 0.059847 -0.206845 0.000000
vt 0.050150 -0.187145 0.000000
vt 0.040452 -0.160410 0.000000
vt 0.030755 -0.133675 0.000000
vt 0.021057 -0.106940 0.000000
vt 0.059847 -0.177295 0.000000
vt 0.050150 -0.160410 0.000000
vt 0.040452 -0.133675 0.000000
vt 0.030755 -0.106940 0.000000
vt 0.021057 -0.080205 0.000000
vt 0.059847 -0.147746 0.000000
vt 0.050150 -0.133675 0.000000
vt 0.040452 -0.106940 0.000000
vt 0.030755 -0.080205 0.000000
vt 0.021057 -0.053470 0.000000
vt 0.059847 -0.118197 0.000000
vt 0.050150 -0.106940 0.000000
vt 0.040452 -0.080205 0.000000
vt 0.030755 -0.053470 0.000000
vt 0.059847 -0.088648 0.000000
vt 0.050150 -0.080205 0.000000
vt 0.040452 -0.053470 0.000000
vt 0.059847 -0.059098 0.000000
vt 0.050150 -0.053470 0.000000
vt 0.059847 -0.029549 0.000000
vt 0.001662 0.401025 0.000000
vt 0.011360 0.374290 0.000000
vt 0.021057 0.347555 0.000000
vt 0.030755 0.320820 0.000000
vt 0.040452 0.294085 0.000000
vt 0.001662 0.374290 0.000000
vt 0.011360 0.347555 0.000000
vt 0.021057 0.320820 0.000000
vt 0.030755 0.294085 0.000000
vt 0.040452 0.267350 0.000000
vt 0.001662 0.347555 0.000000
vt 0.011360 0.320820 0.000000
vt 0.021057 0.294085 0.000000
vt 0.030755 0.267350 0.000000
vt 0.040452 0.240615 0.000000
vt 0.001662 0.320820 0.000000
vt 0.011360 0.294085 0.000000
vt 0.021057 0.267350 0.000000
vt 0.030755 0.240615 0.000000
vt 0.040452 0.213880 0.000000
vt 0.001662 0.294085 0.000000
vt 0.011360 0.267350 0.000000
vt 0.021057 0.240615 0.000000
vt 0.030755 0.213880 0.000000
vt 0.040452 0.187145 0.000000
vt 0.001662 0.267350 0.000000
vt 0.011360 0.240615 0.000000
vt 0.021057 0.213880 0.000000
vt 0.030755 0.187145 0.000000
vt 0.040452 0.160410 0.000000
vt 0.001662 0.240615 0.000000
vt 0.011360 0.213880 0.000000
vt 0.021057 0.187145 0.000000
vt 0.030755 0.160410 0.000000
vt 0.040452 0.133675 0.000000
vt 0.001662 0.213880 0.000000
vt 0.011360 0.187145 0.000000
vt 0.021057 0.160410 0.000000
vt 0.030755 0.133675 0.000000
vt 0.040452 0.106940 0.000000
vt 0.001662 0.187145 0.000000
vt 0.011360 0.160410 0.000000
vt 0.021057 0.133675 0.000000
vt 0.030755 0.106940 0.000000
vt 0.040452 0.080205 0.000000
vt 0.001662 0.160410 0.000000
vt 0.011360 0.133675 0.000000
vt 0.021057 0.106940 0.000000
vt 0.030755 0.080205 0.000000
vt 0.040452 0.053470 0.000000
vt 0.001662 0.133675 0.000000
vt 0.011360 0.106940 0.000000
vt 0.021057 0.080205 0.000000
vt 0.030755 0.053470 0.000000
vt 0.040452 0.026735 0.000000
vt 0.001662 0.106940 0.000000
vt 0.011360 0.080205 0.000000
vt 0.021057 0.053470 0.000000
vt 0.030755 0.026735 0.000000
vt 0.001662 0.080205 0.000000
vt 0.011360 0.053470 0.000000
vt 0.021057 0.026735 0.000000
vt 0.001662 0.053470 0.000000
vt 0.011360 0.026735 0.000000
vt 0.001662 0.026735 0.000000
vt 0.040452 -0.507965 0.000000
vt 0.040452 -0.481230 0.000000
vt 0.040452 -0.454495 0.000000
vt 0.040452 -0.427760 0.000000
vt 0.040452 -0.401025 0.000000
vt 0.040452 -0.374290 0.000000
vt 0.040452 -0.347555 0.000000
vt 0.040452 -0.320820 0.000000
vt 0.040452 -0.294085 0.000000
vt 0.040452 -0.267350 0.000000
vt 0.030755 -0.481230 0.000000
vt 0.021057 -0.454495 0.000000
vt 0.030755 -0.454495 0.000000
vt 0.030755 -0.427760 0.000000
vt 0.030755 -0.401025 0.000000
vt 0.030755 -0.374290 0.000000
vt 0.030755 -0.347555 0.000000
vt 0.030755 -0.320820 0.000000
vt 0.030755 -0.294085 0.000000
vt 0.030755 -0.267350 0.000000
vt 0.030755 -0.240615 0.000000
vt 0.021057 -0.427760 0.000000
vt 0.021057 -0.401025 0.000000
vt 0.021057 -0.374290 0.000000
vt 0.021057 -0.347555 0.000000
vt 0.021057 -0.320820 0.000000
vt 0.021057 -0.294085 0.000000
vt 0.021057 -0.267350 0.000000
vt 0.021057 -0.240615 0.000000
vt 0.021057 -0.213880 0.000000
vt -0.000000 -0.569866 0.000000
vt -0.001663 -0.569866 0.000000
vt -0.000000 -0.598359 0.000000
vt -0.001663 -0.598359 0.000000
vt -0.000000 0.598359 0.000000
vt -0.001663 0.598359 0.000000
vt -0.000000 0.569866 0.000000
vt -0.001663 0.569866 0.000000
vt -0.000000 0.541373 0.000000
vt -0.001663 0.541373 0.000000
vt 0.000000 0.512880 0.000000
vt -0.001663 0.512880 0.000000
vt 0.000000 0.484386 0.000000
vt -0.001663 0.484386 0.000000
vt -0.000000 0.455893 0.000000
vt -0.001663 0.455893 0.000000
vt 0.000000 0.427400 0.000000
vt -0.001663 0.427400 0.000000
vt 0.000000 0.398906 0.000000
vt -0.001663 0.398906 0.000000
vt -0.000000 0.370413 0.000000
vt -0.001663 0.370413 0.000000
vt -0.000000 0.341920 0.000000
vt -0.001663 0.341920 0.000000
vt -0.000000 0.313426 0.000000
vt -0.001663 0.313426 0.000000
vt 0.000000 0.284933 0.000000
vt -0.001663 0.284933 0.000000
vt -0.000000 0.256440 0.000000
vt -0.001663 0.256440 0.000000
vt -0.000000 0.227946 0.000000
vt -0.001663 0.227946 0.000000
vt 0.000000 0.199453 0.000000
vt -0.001663 0.199453 0.000000
vt 0.000000 0.170960 0.000000
vt -0.001663 0.170960 0.000000
vt -0.000000 0.142467 0.000000
vt -0.001663 0.142467 0.000000
vt 0.000000 0.113973 0.000000
vt -0.001663 0.113973 0.000000
vt 0.000000 0.085480 0.000000
vt -0.001663 0.085480 0.000000
vt -0.000000 0.056987 0.000000
vt -0.001663 0.056987 0.000000
vt -0.000000 0.028493 0.000000
vt -0.001663 0.028493 0.000000
vt -0.000000 0.000000 0.000000
vt -0.001663 0.000000 0.000000
vt -0.000000 -0.028493 0.000000
vt -0.001663 -0.028493 0.000000
vt -0.000000 -0.056987 0.000000
vt -0.001663 -0.056987 0.000000
vt 0.000000 -0.085480 0.000000
vt -0.001663 -0.085480 0.000000
vt 0.000000 -0.113973 0.000000
vt -0.001663 -0.113973 0.000000
vt -0.000000 -0.142467 0.000000
vt -0.001663 -0.142467 0.000000
vt 0.000000 -0.170960 0.000000
vt -0.001663 -0.170960 0.000000
vt 0.000000 -0.199453 0.000000
vt -0.001663 -0.199453 0.000000
vt -0.000000 -0.227946 0.000000
vt -0.001663 -0.227946 0.000000
vt 0.000000 -0.256440 0.000000
vt -0.001663 -0.256440 0.000000
vt -0.000000 -0.284933 0.000000
vt -0.001663 -0.284933 0.000000
vt -0.000000 -0.313426 0.000000
vt -0.001663 -0.313426 0.000000
vt 0.000000 -0.341920 0.000000
vt -0.001663 -0.341920 0.000000
vt -0.000000 -0.370413 0.000000
vt -0.001663 -0.370413 0.000000
vt 0.000000 -0.398906 0.000000
vt -0.001663 -0.398906 0.000000
vt 0.000000 -0.427400 0.000000
vt -0.001663 -0.427400 0.000000
vt -0.000000 -0.455893 0.000000
vt -0.001663 -0.455893 0.000000
vt 0.000000 -0.484386 0.000000
vt -0.001663 -0.484386 0.000000
vt 0.000000 -0.512880 0.000000
vt -0.001663 -0.512880 0.000000
vt -0.000000 -0.541373 0.000000
vt -0.001663 -0.541373 0.000000
vt -0.150286 -0.025078 0.000000
vt 0.150286 -0.025078 0.000000
vt -0.152364 0.000000 0.000000
vt 0.152364 0.000000 0.000000
vt -0.150286 0.025078 0.000000
vt 0.150286 0.025078 0.000000
vt -0.144108 0.049472 0.000000
vt 0.144108 0.049472 0.000000
vt -0.134000 0.072517 0.000000
vt 0.134000 0.072517 0.000000
vt -0.120236 0.093584 0.000000
vt 0.120236 0.093584 0.000000
vt -0.103193 0.112098 0.000000
vt 0.103193 0.112098 0.000000
vt -0.083335 0.127554 0.000000
vt 0.083335 0.127554 0.000000
vt -0.061204 0.139531 0.000000
vt 0.061204 0.139531 0.000000
vt -0.037403 0.147701 0.000000
vt 0.037403 0.147701 0.000000
vt -0.012582 0.151843 0.000000
vt 0.012582 0.151843 0.000000
vt 0.144108 -0.049472 0.000000
vt -0.144108 -0.049472 0.000000
vt 0.134000 -0.072517 0.000000
vt -0.134000 -0.072517 0.000000
vt 0.120236 -0.093584 0.000000
vt -0.120236 -0.093584 0.000000
vt 0.103193 -0.112098 0.000000
vt -0.103193 -0.112098 0.000000
vt 0.083335 -0.127554 0.000000
vt -0.083335 -0.127554 0.000000
vt 0.061204 -0.139531 0.000000
vt -0.061204 -0.139531 0.000000
vt 0.037403 -0.147701 0.000000
vt -0.037403 -0.147701 0.000000
vt 0.012582 -0.151843 0.000000
vt -0.012582 -0.151843 0.000000
vt 0.188372 0.028393 0.000000
vt -0.188372 0.028393 0.000000
vt 0.190500 0.000000 0.000000
vt -0.190500 0.000000 0.000000
vt 0.188372 -0.028393 0.000000
vt -0.188372 -0.028393 0.000000
vt 0.182037 -0.056151 0.000000
vt -0.182037 -0.056151 0.000000
vt 0.171635 -0.082655 0.000000
vt -0.171635 -0.082655 0.000000
vt 0.157398 -0.107312 0.000000
vt -0.157398 -0.107312 0.000000
vt 0.139646 -0.129573 0.000000
vt -0.139646 -0.129573 0.000000
vt 0.118775 -0.148939 0.000000
vt -0.118775 -0.148939 0.000000
vt 0.095250 -0.164978 0.000000
vt -0.095250 -0.164978 0.000000
vt 0.069597 -0.177331 0.000000
vt -0.069597 -0.177331 0.000000
vt 0.042390 -0.185724 0.000000
vt -0.042390 -0.185724 0.000000
vt 0.014236 -0.189967 0.000000
vt -0.014236 -0.189967 0.000000
vt -0.182037 0.056151 0.000000
vt 0.182037 0.056151 0.000000
vt -0.171635 0.082655 0.000000
vt 0.171635 0.082655 0.000000
vt -0.157398 0.107312 0.000000
vt 0.157398 0.107312 0.000000
vt -0.139646 0.129573 0.000000
vt 0.139646 0.129573 0.000000
vt -0.118775 0.148939 0.000000
vt 0.118775 0.148939 0.000000
vt -0.095250 0.164978 0.000000
vt 0.095250 0.164978 0.000000
vt -0.069597 0.177331 0.000000
vt 0.069597 0.177331 0.000000
vt -0.042390 0.185724 0.000000
vt 0.042390 0.185724 0.000000
vt -0.014236 0.189967 0.000000
vt 0.014236 0.189967 0.000000
vn 1.000000 0.000000 0.000000
vn 0.967782 0.037527 0.248976
vn 1.000000 -0.000000 0.000000
vn 0.967782 -0.000000 0.251788
vn 0.967782 -0.037527 0.248976
vn 0.873206 -0.000000 0.487352
vn 0.873206 -0.072636 0.481908
vn 0.722364 -0.000000 0.691513
vn 0.722364 -0.103065 0.683789
vn 0.524977 -0.000000 0.851117
vn 0.524977 -0.126852 0.841610
vn 0.293762 -0.000000 0.955879
vn 0.293762 -0.142466 0.945202
vn 0.043619 -0.000000 0.999048
vn 0.043619 -0.148900 0.987890
vn 0.967782 0.074216 0.240602
vn 1.000000 0.000000 0.000000
vn 0.967782 0.109247 0.226853
vn 1.000000 0.000000 0.000000
vn 0.967782 0.141837 0.208037
vn 1.000000 0.000000 0.000000
vn 0.967782 0.171259 0.184574
vn 1.000000 -0.000000 -0.000000
vn 0.967782 0.196856 0.156987
vn 1.000000 0.000000 0.000000
vn 0.967782 0.218055 0.125894
vn 1.000000 0.000000 0.000000
vn 0.967782 0.234383 0.091988
vn 1.000000 -0.000000 -0.000000
vn 0.967782 0.245475 0.056028
vn 1.000000 0.000000 0.000000
vn 0.967782 0.251084 0.018816
vn 1.000000 0.000000 -0.000000
vn 0.967782 0.251084 -0.018816
vn 0.967782 0.245475 -0.056028
vn 0.873206 0.475133 -0.108446
vn 0.873206 0.453663 -0.178050
vn 0.722364 0.643711 -0.252638
vn 0.722364 0.598868 -0.345757
vn 0.524977 0.737089 -0.425558
vn 0.524977 0.665430 -0.530663
vn 0.293762 0.747336 -0.595981
vn 0.293762 0.650163 -0.700709
vn 0.043619 0.679525 -0.732354
vn 0.043619 0.562784 -0.825452
vn 0.293762 0.538466 -0.789784
vn 0.043619 0.433471 -0.900111
vn 0.293762 0.414740 -0.861217
vn 0.043619 0.294475 -0.954663
vn 0.293762 0.281750 -0.913412
vn 0.043619 0.148900 -0.987890
vn 0.293762 0.142466 -0.945202
vn 0.043619 0.000000 -0.999048
vn 0.293762 0.000000 -0.955879
vn 0.043619 -0.148900 -0.987890
vn 0.293762 -0.142466 -0.945202
vn 0.043619 -0.294475 -0.954663
vn 0.293762 -0.281750 -0.913412
vn 0.043619 -0.433471 -0.900111
vn 0.293762 -0.414740 -0.861217
vn 0.043619 -0.562784 -0.825452
vn 0.293762 -0.538466 -0.789784
vn 0.043619 -0.679525 -0.732354
vn 0.293762 -0.650163 -0.700709
vn 0.043619 -0.781087 -0.622896
vn 0.293762 -0.747336 -0.595981
vn 0.043619 -0.865201 -0.499524
vn 0.293762 -0.827815 -0.477939
vn 0.043619 -0.929988 -0.364993
vn 0.293762 -0.889802 -0.349222
vn 0.043619 -0.974000 -0.222309
vn 0.293762 -0.931913 -0.212703
vn 0.043619 -0.996255 -0.074659
vn 0.293762 -0.953206 -0.071433
vn 0.043619 -0.996255 0.074659
vn 0.293762 -0.953206 0.071433
vn 0.043619 -0.974000 0.222309
vn 0.293762 -0.931913 0.212703
vn 0.043619 -0.929988 0.364993
vn 0.293762 -0.889802 0.349222
vn 0.043619 -0.865201 0.499524
vn 0.293762 -0.827815 0.477939
vn 0.043619 -0.781087 0.622896
vn 0.293762 -0.747336 0.595981
vn 0.043619 -0.679525 0.732354
vn 0.293762 -0.650163 0.700709
vn 0.043619 -0.562784 0.825452
vn 0.293762 -0.538466 0.789784
vn 0.043619 -0.433471 0.900111
vn 0.293762 -0.414740 0.861217
vn 0.043619 -0.294475 0.954663
vn 0.293762 -0.281750 0.913412
vn 1.000000 -0.000000 0.000000
vn 0.967782 0.234383 -0.091988
vn 0.873206 0.422059 -0.243676
vn 0.722364 0.540647 -0.431151
vn 0.524977 0.578906 -0.623913
vn 1.000000 0.000000 -0.000000
vn 0.967782 0.218055 -0.125894
vn 0.873206 0.381027 -0.303859
vn 0.722364 0.470348 -0.506915
vn 0.524977 0.479451 -0.703226
vn 1.000000 0.000000 -0.000000
vn 0.967782 0.196856 -0.156987
vn 0.873206 0.331483 -0.357254
vn 0.722364 0.389543 -0.571355
vn 0.524977 0.369286 -0.766830
vn 1.000000 -0.000000 0.000000
vn 0.967782 0.171259 -0.184574
vn 0.873206 0.274535 -0.402669
vn 0.722364 0.300036 -0.623032
vn 0.524977 0.250871 -0.813304
vn 1.000000 0.000000 -0.000000
vn 0.967782 0.141837 -0.208037
vn 0.873206 0.211454 -0.439089
vn 0.722364 0.203827 -0.660791
vn 0.524977 0.126852 -0.841610
vn 1.000000 0.000000 -0.000000
vn 0.967782 0.109247 -0.226853
vn 0.873206 0.143649 -0.465700
vn 0.722364 0.103065 -0.683789
vn 0.524977 0.000000 -0.851117
vn 1.000000 0.000000 -0.000000
vn 0.967782 0.074216 -0.240602
vn 0.873206 0.072636 -0.481908
vn 0.722364 0.000000 -0.691513
vn 0.524977 -0.126852 -0.841610
vn 1.000000 0.000000 -0.000000
vn 0.967782 0.037527 -0.248976
vn 0.873206 0.000000 -0.487352
vn 0.722364 -0.103065 -0.683789
vn 0.524977 -0.250871 -0.813304
vn 1.000000 0.000000 -0.000000
vn 0.967782 0.000000 -0.251788
vn 0.873206 -0.072636 -0.481908
vn 0.722364 -0.203827 -0.660791
vn 0.524977 -0.369286 -0.766830
vn 0.967782 -0.037527 -0.248976
vn 1.000000 -0.000000 -0.000000
vn 0.967782 -0.074216 -0.240602
vn 1.000000 -0.000000 -0.000000
vn 0.967782 -0.109247 -0.226853
vn 1.000000 -0.000000 -0.000000
vn 0.967782 -0.141837 -0.208037
vn 1.000000 -0.000000 -0.000000
vn 0.967782 -0.171259 -0.184574
vn 1.000000 0.000000 0.000000
vn 0.967782 -0.196856 -0.156987
vn 1.000000 -0.000000 -0.000000
vn 0.967782 -0.218055 -0.125894
vn 1.000000 -0.000000 -0.000000
vn 0.967782 -0.234383 -0.091988
vn 1.000000 -0.000000 -0.000000
vn 0.967782 -0.245475 -0.056028
vn 1.000000 -0.000000 -0.000000
vn 0.967782 -0.251084 -0.018816
vn 1.000000 -0.000000 0.000000
vn 0.967782 -0.251084 0.018816
vn 0.967782 -0.245475 0.056028
vn 0.873206 -0.475133 0.108446
vn 0.873206 -0.453663 0.178050
vn 0.722364 -0.643711 0.252638
vn 0.722364 -0.598868 0.345757
vn 0.524977 -0.737089 0.425558
vn 0.524977 -0.665430 0.530663
vn 1.000000 -0.000000 0.000000
vn 0.967782 -0.234383 0.091988
vn 0.873206 -0.422059 0.243676
vn 0.722364 -0.540647 0.431151
vn 0.524977 -0.578906 0.623913
vn 1.000000 -0.000000 0.000000
vn 0.967782 -0.218055 0.125894
vn 0.873206 -0.381027 0.303859
vn 0.722364 -0.470348 0.506915
vn 0.524977 -0.479451 0.703226
vn 1.000000 -0.000000 0.000000
vn 0.967782 -0.196856 0.156987
vn 0.873206 -0.331483 0.357254
vn 0.722364 -0.389543 0.571355
vn 0.524977 -0.369286 0.766830
vn 1.000000 0.000000 -0.000000
vn 0.967782 -0.171259 0.184574
vn 0.873206 -0.274535 0.402669
vn 0.722364 -0.300036 0.623032
vn 0.524977 -0.250871 0.813304
vn 1.000000 -0.000000 0.000000
vn 0.967782 -0.141837 0.208037
vn 0.873206 -0.211454 0.439089
vn 0.722364 -0.203827 0.660791
vn 1.000000 -0.000000 0.000000
vn 0.967782 -0.109247 0.226853
vn 0.873206 -0.143649 0.465700
vn 1.000000 -0.000000 0.000000
vn 0.967782 -0.074216 0.240602
vn 1.000000 -0.000000 0.000000
vn 0.043619 0.781087 -0.622896
vn 0.293762 0.827815 -0.477939
vn 0.524977 0.792282 -0.310948
vn 0.722364 0.674175 -0.153876
vn 0.873206 0.485989 -0.036420
vn 0.043619 0.865201 -0.499524
vn 0.293762 0.889802 -0.349222
vn 0.524977 0.829777 -0.189391
vn 0.722364 0.689579 -0.051677
vn 0.873206 0.485989 0.036420
vn 0.043619 0.929988 -0.364993
vn 0.293762 0.931913 -0.212703
vn 0.524977 0.848737 -0.063604
vn 0.722364 0.689579 0.051677
vn 0.873206 0.475133 0.108446
vn 0.043619 0.974000 -0.222309
vn 0.293762 0.953206 -0.071433
vn 0.524977 0.848737 0.063604
vn 0.722364 0.674175 0.153876
vn 0.873206 0.453663 0.178050
vn 0.043619 0.996255 -0.074659
vn 0.293762 0.953206 0.071433
vn 0.524977 0.829777 0.189391
vn 0.722364 0.643711 0.252638
vn 0.873206 0.422059 0.243676
vn 0.043619 0.996255 0.074659
vn 0.293762 0.931913 0.212703
vn 0.524977 0.792282 0.310948
vn 0.722364 0.598868 0.345757
vn 0.873206 0.381027 0.303859
vn 0.043619 0.974000 0.222309
vn 0.293762 0.889802 0.349222
vn 0.524977 0.737089 0.425558
vn 0.722364 0.540647 0.431151
vn 0.873206 0.331483 0.357254
vn 0.043619 0.929988 0.364993
vn 0.293762 0.827815 0.477939
vn 0.524977 0.665430 0.530663
vn 0.722364 0.470348 0.506915
vn 0.873206 0.274535 0.402669
vn 0.043619 0.865201 0.499524
vn 0.293762 0.747336 0.595981
vn 0.524977 0.578906 0.623913
vn 0.722364 0.389543 0.571355
vn 0.873206 0.211454 0.439089
vn 0.043619 0.781087 0.622896
vn 0.293762 0.650163 0.700709
vn 0.524977 0.479451 0.703226
vn 0.722364 0.300036 0.623032
vn 0.873206 0.143649 0.465700
vn 0.043619 0.679525 0.732354
vn 0.293762 0.538466 0.789784
vn 0.524977 0.369286 0.766830
vn 0.722364 0.203827 0.660791
vn 0.873206 0.072636 0.481908
vn 0.043619 0.562784 0.825452
vn 0.293762 0.414740 0.861217
vn 0.524977 0.250871 0.813304
vn 0.722364 0.103065 0.683789
vn 0.043619 0.433471 0.900111
vn 0.293762 0.281750 0.913412
vn 0.524977 0.126852 0.841610
vn 0.043619 0.294475 0.954663
vn 0.293762 0.142466 0.945202
vn 0.043619 0.148900 0.987890
vn 0.873206 -0.143649 -0.465700
vn 0.873206 -0.211454 -0.439089
vn 0.873206 -0.274535 -0.402669
vn 0.873206 -0.331483 -0.357254
vn 0.873206 -0.381027 -0.303859
vn 0.873206 -0.422059 -0.243676
vn 0.873206 -0.453663 -0.178050
vn 0.873206 -0.475133 -0.108446
vn 0.873206 -0.485989 -0.036420
vn 0.873206 -0.485989 0.036420
vn 0.722364 -0.300036 -0.623032
vn 0.524977 -0.479451 -0.703226
vn 0.722364 -0.389543 -0.571355
vn 0.722364 -0.470348 -0.506915
vn 0.722364 -0.540647 -0.431151
vn 0.722364 -0.598868 -0.345757
vn 0.722364 -0.643711 -0.252638
vn 0.722364 -0.674175 -0.153876
vn 0.722364 -0.689579 -0.051677
vn 0.722364 -0.689579 0.051677
vn 0.722364 -0.674175 0.153876
vn 0.524977 -0.578906 -0.623913
vn 0.524977 -0.665430 -0.530663
vn 0.524977 -0.737089 -0.425558
vn 0.524977 -0.792282 -0.310948
vn 0.524977 -0.829777 -0.189391
vn 0.524977 -0.848737 -0.063604
vn 0.524977 -0.848737 0.063604
vn 0.524977 -0.829777 0.189391
vn 0.524977 -0.792282 0.310948
vn 0.043619 -0.148900 0.987890
vn 0.043619 -0.000000 0.999048
vn 0.043619 0.148900 0.987890
vn 0.043619 0.294475 0.954663
vn 0.043619 0.433471 0.900111
vn 0.043619 0.562784 0.825452
vn 0.043619 0.679525 0.732354
vn 0.043619 0.781087 0.622896
vn 0.043619 0.865201 0.499524
vn 0.043619 0.929988 0.364993
vn 0.043619 0.974000 0.222309
vn 0.043619 0.996255 0.074659
vn 0.043619 0.996255 -0.074659
vn 0.043619 0.974000 -0.222309
vn 0.043619 0.929988 -0.364993
vn 0.043619 0.865201 -0.499524
vn 0.043619 0.781087 -0.622896
vn 0.043619 0.679525 -0.732354
vn 0.043619 0.562784 -0.825452
vn 0.043619 0.433471 -0.900111
vn 0.043619 0.294475 -0.954663
vn 0.043619 0.148900 -0.987890
vn 0.043619 0.000000 -0.999048
vn 0.043619 -0.148900 -0.987890
vn 0.043619 -0.294475 -0.954663
vn 0.043619 -0.433471 -0.900111
vn 0.043619 -0.562784 -0.825452
vn 0.043619 -0.679525 -0.732354
vn 0.043619 -0.781087 -0.622896
vn 0.043619 -0.865201 -0.499524
vn 0.043619 -0.929988 -0.364993
vn 0.043619 -0.974000 -0.222309
vn 0.043619 -0.996255 -0.074659
vn 0.043619 -0.996255 0.074659
vn 0.043619 -0.974000 0.222309
vn 0.043619 -0.929988 0.364993
vn 0.043619 -0.865201 0.499524
vn 0.043619 -0.781087 0.622896
vn 0.043619 -0.679525 0.732354
vn 0.043619 -0.562784 0.825452
vn 0.043619 -0.433471 0.900111
vn 0.043619 -0.294475 0.954663
vn -1.000000 -0.000000 -0.000000
vn -1.000000 -0.000000 -0.000000
vn -1.000000 -0.000000 -0.000000
vn -1.000000 -0.000000 -0.000000
vn -1.000000 -0.000000 -0.000000
vn -1.000000 -0.000000 -0.000000
vn -1.000000 -0.000000 -0.000000
vn -1.000000 -0.000000 -0.000000
vn -1.000000 -0.000000 -0.000000
vn -1.000000 -0.000000 -0.000000
vn -1.000000 -0.000000 -0.000000
vn -1.000000 -0.000000 -0.000000
vn -1.000000 -0.000000 -0.000000
vn -1.000000 -0.000000 -0.000000
vn -1.000000 -0.000000 -0.000000
vn -1.000000 -0.000000 -0.000000
vn -1.000000 -0.000000 -0.000000
vn -1.000000 -0.000000 -0.000000
vn -1.000000 -0.000000 -0.000000
vn -1.000000 -0.000000 -0.000000
vn -1.000000 -0.000000 -0.000000
vn -1.000000 -0.000000 -0.000000
vn -1.000000 -0.000000 -0.000000
vn -1.000000 -0.000000 -0.000000
vn -1.000000 -0.000000 -0.000000
vn -1.000000 -0.000000 -0.000000
vn -1.000000 -0.000000 -0.000000
vn -1.000000 -0.000000 -0.000000
vn -1.000000 -0.000000 -0.000000
vn -1.000000 -0.000000 -0.000000
vn -1.000000 -0.000000 -0.000000
vn -1.000000 -0.000000 -0.000000
vn -1.000000 -0.000000 -0.000000
vn -1.000000 -0.000000 -0.000000
vn -1.000000 -0.000000 -0.000000
vn -1.000000 -0.000000 -0.000000
vn -1.000000 -0.000000 -0.000000
vn -1.000000 -0.000000 -0.000000
vn -1.000000 -0.000000 -0.000000
vn -1.000000 -0.000000 -0.000000
vn -1.000000 -0.000000 -0.000000
vn -1.000000 -0.000000 -0.000000
usemtl Plastic_-_Matte_(Red)
f 320/446/359 406/447/360 319/448/361
f 319/448/361 406/447/360 415/449/362
f 319/448/361 415/449/362 604/450/363
f 604/450/363 415/449/362 414/451/364
f 604/450/363 414/451/364 605/452/365
f 605/452/365 414/451/364 413/453/366
f 605/452/365 413/453/366 606/454/367
f 606/454/367 413/453/366 412/455/368
f 606/454/367 412/455/368 607/456/369
f 607/456/369 412/455/368 411/457/370
f 607/456/369 411/457/370 608/458/371
f 608/458/371 411/457/370 357/459/372
f 608/458/371 357/459/372 358/460/373
f 406/447/360 320/446/359 416/461/374
f 416/461/374 320/446/359 321/462/375
f 416/461/374 321/462/375 421/463/376
f 421/463/376 321/462/375 322/464/377
f 421/463/376 322/464/377 426/465/378
f 426/465/378 322/464/377 323/466/379
f 426/465/378 323/466/379 431/467/380
f 431/467/380 323/466/379 324/468/381
f 431/467/380 324/468/381 436/469/382
f 436/469/382 324/468/381 325/470/383
f 436/469/382 325/470/383 441/471/384
f 441/471/384 325/470/383 326/472/385
f 441/471/384 326/472/385 446/473/386
f 446/473/386 326/472/385 327/474/387
f 446/473/386 327/474/387 451/475/388
f 451/475/388 327/474/387 328/476/389
f 451/475/388 328/476/389 405/477/390
f 405/477/390 328/476/389 329/478/391
f 405/477/390 329/478/391 469/479/392
f 469/479/392 329/478/391 460/480/393
f 469/479/392 460/480/393 461/481/394
f 461/481/394 460/480/393 471/482/395
f 461/481/394 471/482/395 472/483/396
f 472/483/396 471/482/395 477/484/397
f 472/483/396 477/484/397 478/485/398
f 478/485/398 477/484/397 483/486/399
f 478/485/398 483/486/399 484/487/400
f 484/487/400 483/486/399 489/488/401
f 484/487/400 489/488/401 383/489/402
f 383/489/402 489/488/401 382/490/403
f 382/490/403 489/488/401 494/491/404
f 382/490/403 494/491/404 381/492/405
f 381/492/405 494/491/404 499/493/406
f 381/492/405 499/493/406 380/494/407
f 380/494/407 499/493/406 504/495/408
f 380/494/407 504/495/408 379/496/409
f 379/496/409 504/495/408 509/497/410
f 379/496/409 509/497/410 378/498/411
f 378/498/411 509/497/410 403/499/412
f 378/500/411 403/501/412 377/502/413
f 377/502/413 403/501/412 514/503/414
f 377/502/413 514/503/414 376/504/415
f 376/504/415 514/503/414 519/505/416
f 376/504/415 519/505/416 375/506/417
f 375/506/417 519/505/416 524/507/418
f 375/506/417 524/507/418 374/508/419
f 374/508/419 524/507/418 529/509/420
f 374/508/419 529/509/420 373/510/421
f 373/510/421 529/509/420 534/511/422
f 373/510/421 534/511/422 372/512/423
f 372/512/423 534/511/422 539/513/424
f 372/512/423 539/513/424 371/514/425
f 371/514/425 539/513/424 544/515/426
f 371/514/425 544/515/426 370/516/427
f 370/516/427 544/515/426 549/517/428
f 370/516/427 549/517/428 369/518/429
f 369/518/429 549/517/428 554/519/430
f 369/518/429 554/519/430 368/520/431
f 368/520/431 554/519/430 558/521/432
f 368/520/431 558/521/432 367/522/433
f 367/522/433 558/521/432 564/523/434
f 367/522/433 564/523/434 366/524/435
f 366/524/435 564/523/434 563/525/436
f 366/524/435 563/525/436 365/526/437
f 365/526/437 563/525/436 573/527/438
f 365/526/437 573/527/438 364/528/439
f 364/528/439 573/527/438 578/529/440
f 364/528/439 578/529/440 363/530/441
f 363/530/441 578/529/440 583/531/442
f 363/530/441 583/531/442 362/532/443
f 362/532/443 583/531/442 588/533/444
f 362/532/443 588/533/444 361/534/445
f 361/534/445 588/533/444 593/535/446
f 361/534/445 593/535/446 360/536/447
f 360/536/447 593/535/446 598/537/448
f 360/536/447 598/537/448 359/538/449
f 359/538/449 598/537/448 603/539/450
f 359/538/449 603/539/450 358/460/373
f 358/460/373 603/539/450 608/458/371
f 329/478/391 330/540/451 460/480/393
f 460/480/393 330/540/451 470/541/452
f 460/480/393 470/541/452 471/482/395
f 471/482/395 470/541/452 476/542/453
f 471/482/395 476/542/453 477/484/397
f 477/484/397 476/542/453 482/543/454
f 477/484/397 482/543/454 483/486/399
f 483/486/399 482/543/454 488/544/455
f 483/486/399 488/544/455 489/488/401
f 489/488/401 488/544/455 494/491/404
f 330/540/451 331/545/456 470/541/452
f 470/541/452 331/545/456 475/546/457
f 470/541/452 475/546/457 476/542/453
f 476/542/453 475/546/457 481/547/458
f 476/542/453 481/547/458 482/543/454
f 482/543/454 481/547/458 487/548/459
f 482/543/454 487/548/459 488/544/455
f 488/544/455 487/548/459 493/549/460
f 488/544/455 493/549/460 494/491/404
f 494/491/404 493/549/460 499/493/406
f 331/545/456 332/550/461 475/546/457
f 475/546/457 332/550/461 480/551/462
f 475/546/457 480/551/462 481/547/458
f 481/547/458 480/551/462 486/552/463
f 481/547/458 486/552/463 487/548/459
f 487/548/459 486/552/463 492/553/464
f 487/548/459 492/553/464 493/549/460
f 493/549/460 492/553/464 498/554/465
f 493/549/460 498/554/465 499/493/406
f 499/493/406 498/554/465 504/495/408
f 332/550/461 333/555/466 480/551/462
f 480/551/462 333/555/466 485/556/467
f 480/551/462 485/556/467 486/552/463
f 486/552/463 485/556/467 491/557/468
f 486/552/463 491/557/468 492/553/464
f 492/553/464 491/557/468 497/558/469
f 492/553/464 497/558/469 498/554/465
f 498/554/465 497/558/469 503/559/470
f 498/554/465 503/559/470 504/495/408
f 504/495/408 503/559/470 509/497/410
f 333/555/466 334/560/471 485/556/467
f 485/556/467 334/560/471 490/561/472
f 485/556/467 490/561/472 491/557/468
f 491/557/468 490/561/472 496/562/473
f 491/557/468 496/562/473 497/558/469
f 497/558/469 496/562/473 502/563/474
f 497/558/469 502/563/474 503/559/470
f 503/559/470 502/563/474 508/564/475
f 503/559/470 508/564/475 509/497/410
f 509/497/410 508/564/475 403/499/412
f 334/560/471 335/565/476 490/561/472
f 490/561/472 335/565/476 495/566/477
f 490/561/472 495/566/477 496/562/473
f 496/562/473 495/566/477 501/567/478
f 496/562/473 501/567/478 502/563/474
f 502/563/474 501/567/478 507/568/479
f 502/563/474 507/568/479 508/564/475
f 508/564/475 507/568/479 402/569/480
f 508/564/475 402/569/480 403/499/412
f 403/501/412 402/570/480 514/503/414
f 335/565/476 336/571/481 495/566/477
f 495/566/477 336/571/481 500/572/482
f 495/566/477 500/572/482 501/567/478
f 501/567/478 500/572/482 506/573/483
f 501/567/478 506/573/483 507/568/479
f 507/568/479 506/573/483 401/574/484
f 507/568/479 401/574/484 402/569/480
f 402/570/480 401/575/484 513/576/485
f 402/570/480 513/576/485 514/503/414
f 514/503/414 513/576/485 519/505/416
f 336/571/481 337/577/486 500/572/482
f 500/572/482 337/577/486 505/578/487
f 500/572/482 505/578/487 506/573/483
f 506/573/483 505/578/487 400/579/488
f 506/573/483 400/579/488 401/574/484
f 401/575/484 400/580/488 512/581/489
f 401/575/484 512/581/489 513/576/485
f 513/576/485 512/581/489 518/582/490
f 513/576/485 518/582/490 519/505/416
f 519/505/416 518/582/490 524/507/418
f 337/577/486 338/583/491 505/578/487
f 505/578/487 338/583/491 399/584/492
f 505/578/487 399/584/492 400/579/488
f 400/580/488 399/585/492 511/586/493
f 400/580/488 511/586/493 512/581/489
f 512/581/489 511/586/493 517/587/494
f 512/581/489 517/587/494 518/582/490
f 518/582/490 517/587/494 523/588/495
f 518/582/490 523/588/495 524/507/418
f 524/507/418 523/588/495 529/509/420
f 399/585/492 338/589/491 510/590/496
f 510/590/496 338/589/491 339/591/497
f 510/590/496 339/591/497 515/592/498
f 515/592/498 339/591/497 340/593/499
f 515/592/498 340/593/499 520/594/500
f 520/594/500 340/593/499 341/595/501
f 520/594/500 341/595/501 525/596/502
f 525/596/502 341/595/501 342/597/503
f 525/596/502 342/597/503 530/598/504
f 530/598/504 342/597/503 343/599/505
f 530/598/504 343/599/505 535/600/506
f 535/600/506 343/599/505 344/601/507
f 535/600/506 344/601/507 540/602/508
f 540/602/508 344/601/507 345/603/509
f 540/602/508 345/603/509 545/604/510
f 545/604/510 345/603/509 346/605/511
f 545/604/510 346/605/511 550/606/512
f 550/606/512 346/605/511 347/607/513
f 550/606/512 347/607/513 404/608/514
f 404/608/514 347/607/513 348/609/515
f 404/608/514 348/609/515 568/610/516
f 568/610/516 348/609/515 559/611/517
f 568/610/516 559/611/517 560/612/518
f 560/612/518 559/611/517 570/613/519
f 560/612/518 570/613/519 571/614/520
f 571/614/520 570/613/519 576/615/521
f 571/614/520 576/615/521 577/616/522
f 577/616/522 576/615/521 582/617/523
f 577/616/522 582/617/523 583/531/442
f 583/531/442 582/617/523 588/533/444
f 348/609/515 349/618/524 559/611/517
f 559/611/517 349/618/524 569/619/525
f 559/611/517 569/619/525 570/613/519
f 570/613/519 569/619/525 575/620/526
f 570/613/519 575/620/526 576/615/521
f 576/615/521 575/620/526 581/621/527
f 576/615/521 581/621/527 582/617/523
f 582/617/523 581/621/527 587/622/528
f 582/617/523 587/622/528 588/533/444
f 588/533/444 587/622/528 593/535/446
f 349/618/524 350/623/529 569/619/525
f 569/619/525 350/623/529 574/624/530
f 569/619/525 574/624/530 575/620/526
f 575/620/526 574/624/530 580/625/531
f 575/620/526 580/625/531 581/621/527
f 581/621/527 580/625/531 586/626/532
f 581/621/527 586/626/532 587/622/528
f 587/622/528 586/626/532 592/627/533
f 587/622/528 592/627/533 593/535/446
f 593/535/446 592/627/533 598/537/448
f 350/623/529 351/628/534 574/624/530
f 574/624/530 351/628/534 579/629/535
f 574/624/530 579/629/535 580/625/531
f 580/625/531 579/629/535 585/630/536
f 580/625/531 585/630/536 586/626/532
f 586/626/532 585/630/536 591/631/537
f 586/626/532 591/631/537 592/627/533
f 592/627/533 591/631/537 597/632/538
f 592/627/533 597/632/538 598/537/448
f 598/537/448 597/632/538 603/539/450
f 351/628/534 352/633/539 579/629/535
f 579/629/535 352/633/539 584/634/540
f 579/629/535 584/634/540 585/630/536
f 585/630/536 584/634/540 590/635/541
f 585/630/536 590/635/541 591/631/537
f 591/631/537 590/635/541 596/636/542
f 591/631/537 596/636/542 597/632/538
f 597/632/538 596/636/542 602/637/543
f 597/632/538 602/637/543 603/539/450
f 603/539/450 602/637/543 608/458/371
f 352/633/539 353/638/544 584/634/540
f 584/634/540 353/638/544 589/639/545
f 584/634/540 589/639/545 590/635/541
f 590/635/541 589/639/545 595/640/546
f 590/635/541 595/640/546 596/636/542
f 596/636/542 595/640/546 601/641/547
f 596/636/542 601/641/547 602/637/543
f 602/637/543 601/641/547 607/456/369
f 602/637/543 607/456/369 608/458/371
f 353/638/544 354/642/548 589/639/545
f 589/639/545 354/642/548 594/643/549
f 589/639/545 594/643/549 595/640/546
f 595/640/546 594/643/549 600/644/550
f 595/640/546 600/644/550 601/641/547
f 601/641/547 600/644/550 606/454/367
f 601/641/547 606/454/367 607/456/369
f 354/642/548 355/645/551 594/643/549
f 594/643/549 355/645/551 599/646/552
f 594/643/549 599/646/552 600/644/550
f 600/644/550 599/646/552 605/452/365
f 600/644/550 605/452/365 606/454/367
f 355/645/551 356/647/553 599/646/552
f 599/646/552 356/647/553 604/450/363
f 599/646/552 604/450/363 605/452/365
f 356/647/553 319/448/361 604/450/363
f 383/489/402 384/648/554 484/487/400
f 484/487/400 384/648/554 479/649/555
f 484/487/400 479/649/555 478/485/398
f 478/485/398 479/649/555 473/650/556
f 478/485/398 473/650/556 472/483/396
f 472/483/396 473/650/556 462/651/557
f 472/483/396 462/651/557 461/481/394
f 461/481/394 462/651/557 468/652/558
f 461/481/394 468/652/558 469/479/392
f 469/479/392 468/652/558 405/477/390
f 384/648/554 385/653/559 479/649/555
f 479/649/555 385/653/559 474/654/560
f 479/649/555 474/654/560 473/650/556
f 473/650/556 474/654/560 463/655/561
f 473/650/556 463/655/561 462/651/557
f 462/651/557 463/655/561 467/656/562
f 462/651/557 467/656/562 468/652/558
f 468/652/558 467/656/562 456/657/563
f 468/652/558 456/657/563 405/477/390
f 405/477/390 456/657/563 451/475/388
f 385/653/559 386/658/564 474/654/560
f 474/654/560 386/658/564 464/659/565
f 474/654/560 464/659/565 463/655/561
f 463/655/561 464/659/565 466/660/566
f 463/655/561 466/660/566 467/656/562
f 467/656/562 466/660/566 457/661/567
f 467/656/562 457/661/567 456/657/563
f 456/657/563 457/661/567 452/662/568
f 456/657/563 452/662/568 451/475/388
f 451/475/388 452/662/568 446/473/386
f 386/658/564 387/663/569 464/659/565
f 464/659/565 387/663/569 465/664/570
f 464/659/565 465/664/570 466/660/566
f 466/660/566 465/664/570 458/665/571
f 466/660/566 458/665/571 457/661/567
f 457/661/567 458/665/571 453/666/572
f 457/661/567 453/666/572 452/662/568
f 452/662/568 453/666/572 447/667/573
f 452/662/568 447/667/573 446/473/386
f 446/473/386 447/667/573 441/471/384
f 387/663/569 388/668/574 465/664/570
f 465/664/570 388/668/574 459/669/575
f 465/664/570 459/669/575 458/665/571
f 458/665/571 459/669/575 454/670/576
f 458/665/571 454/670/576 453/666/572
f 453/666/572 454/670/576 448/671/577
f 453/666/572 448/671/577 447/667/573
f 447/667/573 448/671/577 442/672/578
f 447/667/573 442/672/578 441/471/384
f 441/471/384 442/672/578 436/469/382
f 388/668/574 389/673/579 459/669/575
f 459/669/575 389/673/579 455/674/580
f 459/669/575 455/674/580 454/670/576
f 454/670/576 455/674/580 449/675/581
f 454/670/576 449/675/581 448/671/577
f 448/671/577 449/675/581 443/676/582
f 448/671/577 443/676/582 442/672/578
f 442/672/578 443/676/582 437/677/583
f 442/672/578 437/677/583 436/469/382
f 436/469/382 437/677/583 431/467/380
f 389/673/579 390/678/584 455/674/580
f 455/674/580 390/678/584 450/679/585
f 455/674/580 450/679/585 449/675/581
f 449/675/581 450/679/585 444/680/586
f 449/675/581 444/680/586 443/676/582
f 443/676/582 444/680/586 438/681/587
f 443/676/582 438/681/587 437/677/583
f 437/677/583 438/681/587 432/682/588
f 437/677/583 432/682/588 431/467/380
f 431/467/380 432/682/588 426/465/378
f 390/678/584 391/683/589 450/679/585
f 450/679/585 391/683/589 445/684/590
f 450/679/585 445/684/590 444/680/586
f 444/680/586 445/684/590 439/685/591
f 444/680/586 439/685/591 438/681/587
f 438/681/587 439/685/591 433/686/592
f 438/681/587 433/686/592 432/682/588
f 432/682/588 433/686/592 427/687/593
f 432/682/588 427/687/593 426/465/378
f 426/465/378 427/687/593 421/463/376
f 391/683/589 392/688/594 445/684/590
f 445/684/590 392/688/594 440/689/595
f 445/684/590 440/689/595 439/685/591
f 439/685/591 440/689/595 434/690/596
f 439/685/591 434/690/596 433/686/592
f 433/686/592 434/690/596 428/691/597
f 433/686/592 428/691/597 427/687/593
f 427/687/593 428/691/597 422/692/598
f 427/687/593 422/692/598 421/463/376
f 421/463/376 422/692/598 416/461/374
f 392/688/594 393/693/599 440/689/595
f 440/689/595 393/693/599 435/694/600
f 440/689/595 435/694/600 434/690/596
f 434/690/596 435/694/600 429/695/601
f 434/690/596 429/695/601 428/691/597
f 428/691/597 429/695/601 423/696/602
f 428/691/597 423/696/602 422/692/598
f 422/692/598 423/696/602 417/697/603
f 422/692/598 417/697/603 416/461/374
f 416/461/374 417/697/603 406/447/360
f 393/693/599 394/698/604 435/694/600
f 435/694/600 394/698/604 430/699/605
f 435/694/600 430/699/605 429/695/601
f 429/695/601 430/699/605 424/700/606
f 429/695/601 424/700/606 423/696/602
f 423/696/602 424/700/606 418/701/607
f 423/696/602 418/701/607 417/697/603
f 417/697/603 418/701/607 407/702/608
f 417/697/603 407/702/608 406/447/360
f 406/447/360 407/702/608 415/449/362
f 394/698/604 395/703/609 430/699/605
f 430/699/605 395/703/609 425/704/610
f 430/699/605 425/704/610 424/700/606
f 424/700/606 425/704/610 419/705/611
f 424/700/606 419/705/611 418/701/607
f 418/701/607 419/705/611 408/706/612
f 418/701/607 408/706/612 407/702/608
f 407/702/608 408/706/612 414/451/364
f 407/702/608 414/451/364 415/449/362
f 395/703/609 396/707/613 425/704/610
f 425/704/610 396/707/613 420/708/614
f 425/704/610 420/708/614 419/705/611
f 419/705/611 420/708/614 409/709/615
f 419/705/611 409/709/615 408/706/612
f 408/706/612 409/709/615 413/453/366
f 408/706/612 413/453/366 414/451/364
f 396/707/613 397/710/616 420/708/614
f 420/708/614 397/710/616 410/711/617
f 420/708/614 410/711/617 409/709/615
f 409/709/615 410/711/617 412/455/368
f 409/709/615 412/455/368 413/453/366
f 397/710/616 398/712/618 410/711/617
f 410/711/617 398/712/618 411/457/370
f 410/711/617 411/457/370 412/455/368
f 398/712/618 357/459/372 411/457/370
f 511/586/493 399/585/492 510/590/496
f 511/586/493 510/590/496 516/713/619
f 516/713/619 510/590/496 515/592/498
f 516/713/619 515/592/498 521/714/620
f 521/714/620 515/592/498 520/594/500
f 521/714/620 520/594/500 526/715/621
f 526/715/621 520/594/500 525/596/502
f 526/715/621 525/596/502 531/716/622
f 531/716/622 525/596/502 530/598/504
f 531/716/622 530/598/504 536/717/623
f 536/717/623 530/598/504 535/600/506
f 536/717/623 535/600/506 541/718/624
f 541/718/624 535/600/506 540/602/508
f 541/718/624 540/602/508 546/719/625
f 546/719/625 540/602/508 545/604/510
f 546/719/625 545/604/510 551/720/626
f 551/720/626 545/604/510 550/606/512
f 551/720/626 550/606/512 555/721/627
f 555/721/627 550/606/512 404/608/514
f 555/721/627 404/608/514 567/722/628
f 567/722/628 404/608/514 568/610/516
f 567/722/628 568/610/516 560/612/518
f 511/586/493 516/713/619 517/587/494
f 517/587/494 516/713/619 522/723/629
f 517/587/494 522/723/629 523/588/495
f 523/588/495 522/723/629 528/724/630
f 523/588/495 528/724/630 529/509/420
f 529/509/420 528/724/630 534/511/422
f 522/723/629 516/713/619 521/714/620
f 522/723/629 521/714/620 527/725/631
f 527/725/631 521/714/620 526/715/621
f 527/725/631 526/715/621 532/726/632
f 532/726/632 526/715/621 531/716/622
f 532/726/632 531/716/622 537/727/633
f 537/727/633 531/716/622 536/717/623
f 537/727/633 536/717/623 542/728/634
f 542/728/634 536/717/623 541/718/624
f 542/728/634 541/718/624 547/729/635
f 547/729/635 541/718/624 546/719/625
f 547/729/635 546/719/625 552/730/636
f 552/730/636 546/719/625 551/720/626
f 552/730/636 551/720/626 556/731/637
f 556/731/637 551/720/626 555/721/627
f 556/731/637 555/721/627 566/732/638
f 566/732/638 555/721/627 567/722/628
f 566/732/638 567/722/628 561/733/639
f 561/733/639 567/722/628 560/612/518
f 561/733/639 560/612/518 571/614/520
f 522/723/629 527/725/631 528/724/630
f 528/724/630 527/725/631 533/734/640
f 528/724/630 533/734/640 534/511/422
f 534/511/422 533/734/640 539/513/424
f 533/734/640 527/725/631 532/726/632
f 533/734/640 532/726/632 538/735/641
f 538/735/641 532/726/632 537/727/633
f 538/735/641 537/727/633 543/736/642
f 543/736/642 537/727/633 542/728/634
f 543/736/642 542/728/634 548/737/643
f 548/737/643 542/728/634 547/729/635
f 548/737/643 547/729/635 553/738/644
f 553/738/644 547/729/635 552/730/636
f 553/738/644 552/730/636 557/739/645
f 557/739/645 552/730/636 556/731/637
f 557/739/645 556/731/637 565/740/646
f 565/740/646 556/731/637 566/732/638
f 565/740/646 566/732/638 562/741/647
f 562/741/647 566/732/638 561/733/639
f 562/741/647 561/733/639 572/742/648
f 572/742/648 561/733/639 571/614/520
f 572/742/648 571/614/520 577/616/522
f 544/515/426 539/513/424 538/735/641
f 538/735/641 539/513/424 533/734/640
f 544/515/426 538/735/641 543/736/642
f 549/517/428 544/515/426 543/736/642
f 549/517/428 543/736/642 548/737/643
f 554/519/430 549/517/428 548/737/643
f 554/519/430 548/737/643 553/738/644
f 558/521/432 554/519/430 553/738/644
f 558/521/432 553/738/644 557/739/645
f 564/523/434 558/521/432 557/739/645
f 564/523/434 557/739/645 565/740/646
f 564/523/434 565/740/646 563/525/436
f 563/525/436 565/740/646 562/741/647
f 563/525/436 562/741/647 573/527/438
f 573/527/438 562/741/647 572/742/648
f 573/527/438 572/742/648 578/529/440
f 578/529/440 572/742/648 577/616/522
f 578/529/440 577/616/522 583/531/442
f 610/743/649 358/744/373 609/745/650
f 609/745/650 358/744/373 357/746/372
f 609/747/650 357/748/372 650/749/651
f 650/749/651 357/748/372 398/750/618
f 650/749/651 398/750/618 649/751/652
f 649/751/652 398/750/618 397/752/616
f 649/751/652 397/752/616 648/753/653
f 648/753/653 397/752/616 396/754/613
f 648/753/653 396/754/613 647/755/654
f 647/755/654 396/754/613 395/756/609
f 647/755/654 395/756/609 646/757/655
f 646/757/655 395/756/609 394/758/604
f 646/757/655 394/758/604 645/759/656
f 645/759/656 394/758/604 393/760/599
f 645/759/656 393/760/599 644/761/657
f 644/761/657 393/760/599 392/762/594
f 644/761/657 392/762/594 643/763/658
f 643/763/658 392/762/594 391/764/589
f 643/763/658 391/764/589 642/765/659
f 642/765/659 391/764/589 390/766/584
f 642/765/659 390/766/584 641/767/660
f 641/767/660 390/766/584 389/768/579
f 641/767/660 389/768/579 640/769/661
f 640/769/661 389/768/579 388/770/574
f 640/769/661 388/770/574 639/771/662
f 639/771/662 388/770/574 387/772/569
f 639/771/662 387/772/569 638/773/663
f 638/773/663 387/772/569 386/774/564
f 638/773/663 386/774/564 637/775/664
f 637/775/664 386/774/564 385/776/559
f 637/775/664 385/776/559 636/777/665
f 636/777/665 385/776/559 384/778/554
f 636/777/665 384/778/554 635/779/666
f 635/779/666 384/778/554 383/780/402
f 635/779/666 383/780/402 634/781/667
f 634/781/667 383/780/402 382/782/403
f 634/781/667 382/782/403 633/783/668
f 633/783/668 382/782/403 381/784/405
f 633/783/668 381/784/405 632/785/669
f 632/785/669 381/784/405 380/786/407
f 632/785/669 380/786/407 631/787/670
f 631/787/670 380/786/407 379/788/409
f 631/787/670 379/788/409 630/789/671
f 630/789/671 379/788/409 378/790/411
f 630/789/671 378/790/411 629/791/672
f 629/791/672 378/790/411 377/792/413
f 629/791/672 377/792/413 628/793/673
f 628/793/673 377/792/413 376/794/415
f 628/793/673 376/794/415 627/795/674
f 627/795/674 376/794/415 375/796/417
f 627/795/674 375/796/417 626/797/675
f 626/797/675 375/796/417 374/798/419
f 626/797/675 374/798/419 625/799/676
f 625/799/676 374/798/419 373/800/421
f 625/799/676 373/800/421 624/801/677
f 624/801/677 373/800/421 372/802/423
f 624/801/677 372/802/423 623/803/678
f 623/803/678 372/802/423 371/804/425
f 623/803/678 371/804/425 622/805/679
f 622/805/679 371/804/425 370/806/427
f 622/805/679 370/806/427 621/807/680
f 621/807/680 370/806/427 369/808/429
f 621/807/680 369/808/429 620/809/681
f 620/809/681 369/808/429 368/810/431
f 620/809/681 368/810/431 619/811/682
f 619/811/682 368/810/431 367/812/433
f 619/811/682 367/812/433 618/813/683
f 618/813/683 367/812/433 366/814/435
f 618/813/683 366/814/435 617/815/684
f 617/815/684 366/814/435 365/816/437
f 617/815/684 365/816/437 616/817/685
f 616/817/685 365/816/437 364/818/439
f 616/817/685 364/818/439 615/819/686
f 615/819/686 364/818/439 363/820/441
f 615/819/686 363/820/441 614/821/687
f 614/821/687 363/820/441 362/822/443
f 614/821/687 362/822/443 613/823/688
f 613/823/688 362/822/443 361/824/445
f 613/823/688 361/824/445 612/825/689
f 612/825/689 361/824/445 360/826/447
f 612/825/689 360/826/447 611/827/690
f 611/827/690 360/826/447 359/828/449
f 611/827/690 359/828/449 610/743/649
f 610/743/649 359/828/449 358/744/373
f 356/829/553 339/830/497 319/831/361
f 319/831/361 339/830/497 338/832/491
f 319/831/361 338/832/491 320/833/359
f 320/833/359 338/832/491 337/834/486
f 320/833/359 337/834/486 321/835/375
f 321/835/375 337/834/486 336/836/481
f 321/835/375 336/836/481 322/837/377
f 322/837/377 336/836/481 335/838/476
f 322/837/377 335/838/476 323/839/379
f 323/839/379 335/838/476 334/840/471
f 323/839/379 334/840/471 324/841/381
f 324/841/381 334/840/471 333/842/466
f 324/841/381 333/842/466 325/843/383
f 325/843/383 333/842/466 332/844/461
f 325/843/383 332/844/461 326/845/385
f 326/845/385 332/844/461 331/846/456
f 326/845/385 331/846/456 327/847/387
f 327/847/387 331/846/456 330/848/451
f 327/847/387 330/848/451 328/849/389
f 328/849/389 330/848/451 329/850/391
f 339/830/497 356/829/553 340/851/499
f 340/851/499 356/829/553 355/852/551
f 340/851/499 355/852/551 341/853/501
f 341/853/501 355/852/551 354/854/548
f 341/853/501 354/854/548 342/855/503
f 342/855/503 354/854/548 353/856/544
f 342/855/503 353/856/544 343/857/505
f 343/857/505 353/856/544 352/858/539
f 343/857/505 352/858/539 344/859/507
f 344/859/507 352/858/539 351/860/534
f 344/859/507 351/860/534 345/861/509
f 345/861/509 351/860/534 350/862/529
f 345/861/509 350/862/529 346/863/511
f 346/863/511 350/862/529 349/864/524
f 346/863/511 349/864/524 347/865/513
f 347/865/513 349/864/524 348/866/515
f 650/867/691 631/868/692 609/869/693
f 609/869/693 631/868/692 630/870/694
f 609/869/693 630/870/694 610/871/695
f 610/871/695 630/870/694 629/872/696
f 610/871/695 629/872/696 611/873/697
f 611/873/697 629/872/696 628/874/698
f 611/873/697 628/874/698 612/875/699
f 612/875/699 628/874/698 627/876/700
f 612/875/699 627/876/700 613/877/701
f 613/877/701 627/876/700 626/878/702
f 613/877/701 626/878/702 614/879/703
f 614/879/703 626/878/702 625/880/704
f 614/879/703 625/880/704 615/881/705
f 615/881/705 625/880/704 624/882/706
f 615/881/705 624/882/706 616/883/707
f 616/883/707 624/882/706 623/884/708
f 616/883/707 623/884/708 617/885/709
f 617/885/709 623/884/708 622/886/710
f 617/885/709 622/886/710 618/887/711
f 618/887/711 622/886/710 621/888/712
f 618/887/711 621/888/712 619/889/713
f 619/889/713 621/888/712 620/890/714
f 631/868/692 650/867/691 632/891/715
f 632/891/715 650/867/691 649/892/716
f 632/891/715 649/892/716 633/893/717
f 633/893/717 649/892/716 648/894/718
f 633/893/717 648/894/718 634/895/719
f 634/895/719 648/894/718 647/896/720
f 634/895/719 647/896/720 635/897/721
f 635/897/721 647/896/720 646/898/722
f 635/897/721 646/898/722 636/899/723
f 636/899/723 646/898/722 645/900/724
f 636/899/723 645/900/724 637/901/725
f 637/901/725 645/900/724 644/902/726
f 637/901/725 644/902/726 638/903/727
f 638/903/727 644/902/726 643/904/728
f 638/903/727 643/904/728 639/905/729
f 639/905/729 643/904/728 642/906/730
f 639/905/729 642/906/730 640/907/731
f 640/907/731 642/906/730 641/908/732
g Body57

v -13.906500 -0.254000 5.250025
v -13.906500 -0.298005 5.244232
v -13.906500 -0.339012 5.227246
v -13.906500 -0.374226 5.200226
v -13.906500 -0.401246 5.165013
v -13.906500 -0.418231 5.124006
v -13.906500 -0.424025 5.080000
v -13.906500 -0.418231 5.035994
v -13.906500 -0.401246 4.994988
v -13.906500 -0.374226 4.959774
v -13.906500 -0.339012 4.932754
v -13.906500 -0.298005 4.915769
v -13.906500 -0.254000 4.909975
v -13.906500 -0.209994 4.915769
v -13.906500 -0.168987 4.932754
v -13.906500 -0.133774 4.959774
v -13.906500 -0.106754 4.994988
v -13.906500 -0.089768 5.035994
v -13.906500 -0.083975 5.080000
v -13.906500 -0.089768 5.124006
v -13.906500 -0.106754 5.165013
v -13.906500 -0.133774 5.200226
v -13.906500 -0.168987 5.227246
v -13.906500 -0.209994 5.244232
v -13.894354 -0.254000 5.262713
v -13.894354 -0.206710 5.256487
v -13.894354 -0.162643 5.238234
v -13.894354 -0.124802 5.209198
v -13.894354 -0.095766 5.171357
v -13.894354 -0.077513 5.127290
v -13.894354 -0.071287 5.080000
v -13.894354 -0.077513 5.032711
v -13.894354 -0.095766 4.988644
v -13.894354 -0.124802 4.950803
v -13.894354 -0.162643 4.921766
v -13.894354 -0.206710 4.903513
v -13.894354 -0.254000 4.897287
v -13.894354 -0.301289 4.903513
v -13.894354 -0.345356 4.921766
v -13.894354 -0.383197 4.950803
v -13.894354 -0.412234 4.988644
v -13.894354 -0.430487 5.032711
v -13.894354 -0.436713 5.080000
v -13.894354 -0.430487 5.127290
v -13.894354 -0.412234 5.171357
v -13.894354 -0.383197 5.209198
v -13.894354 -0.345356 5.238234
v -13.894354 -0.301289 5.256487
v -13.906091 -0.254000 5.253223
v -13.904890 -0.254000 5.256214
v -13.902974 -0.254000 5.258807
v -13.900467 -0.254000 5.260834
v -13.897531 -0.254000 5.262165
v -13.906091 -0.298833 5.247320
v -13.904890 -0.299607 5.250210
v -13.902974 -0.300278 5.252715
v -13.900467 -0.300803 5.254672
v -13.897531 -0.301147 5.255958
v -13.906091 -0.340611 5.230015
v -13.904890 -0.342107 5.232606
v -13.902974 -0.343403 5.234852
v -13.900467 -0.344417 5.236607
v -13.897531 -0.345082 5.237759
v -13.906091 -0.376487 5.202487
v -13.904890 -0.378602 5.204602
v -13.902974 -0.380436 5.206436
v -13.900467 -0.381869 5.207869
v -13.897531 -0.382810 5.208810
v -13.906091 -0.404015 5.166611
v -13.904890 -0.406606 5.168107
v -13.902974 -0.408851 5.169404
v -13.900467 -0.410607 5.170417
v -13.897531 -0.411759 5.171082
v -13.906091 -0.421320 5.124833
v -13.904890 -0.424210 5.125608
v -13.902974 -0.426714 5.126279
v -13.900467 -0.428672 5.126803
v -13.897531 -0.429957 5.127148
v -13.906091 -0.427222 5.080000
v -13.904890 -0.430214 5.080000
v -13.902974 -0.432807 5.080000
v -13.900467 -0.434834 5.080000
v -13.897531 -0.436164 5.080000
v -13.906091 -0.421320 5.035167
v -13.904890 -0.424210 5.034392
v -13.902974 -0.426714 5.033721
v -13.900467 -0.428672 5.033197
v -13.897531 -0.429957 5.032852
v -13.906091 -0.404015 4.993389
v -13.904890 -0.406606 4.991893
v -13.902974 -0.408851 4.990596
v -13.900467 -0.410607 4.989583
v -13.897531 -0.411759 4.988918
v -13.906091 -0.376487 4.957513
v -13.904890 -0.378602 4.955398
v -13.902974 -0.380436 4.953564
v -13.900467 -0.381869 4.952131
v -13.897531 -0.382810 4.951190
v -13.906091 -0.340611 4.929985
v -13.904890 -0.342107 4.927394
v -13.902974 -0.343403 4.925149
v -13.900467 -0.344417 4.923393
v -13.897531 -0.345082 4.922241
v -13.906091 -0.298833 4.912680
v -13.904890 -0.299607 4.909790
v -13.902974 -0.300278 4.907286
v -13.900467 -0.300803 4.905328
v -13.897531 -0.301147 4.904043
v -13.906091 -0.254000 4.906777
v -13.904890 -0.254000 4.903786
v -13.902974 -0.254000 4.901193
v -13.900467 -0.254000 4.899166
v -13.897531 -0.254000 4.897835
v -13.906091 -0.209166 4.912680
v -13.904890 -0.208392 4.909790
v -13.902974 -0.207721 4.907286
v -13.900467 -0.207196 4.905328
v -13.897531 -0.206852 4.904043
v -13.906091 -0.167388 4.929985
v -13.904890 -0.165893 4.927394
v -13.902974 -0.164596 4.925149
v -13.900467 -0.163583 4.923393
v -13.897531 -0.162917 4.922241
v -13.906091 -0.131513 4.957513
v -13.904890 -0.129397 4.955398
v -13.902974 -0.127564 4.953564
v -13.900467 -0.126131 4.952131
v -13.897531 -0.125190 4.951190
v -13.906091 -0.103984 4.993389
v -13.904890 -0.101394 4.991893
v -13.902974 -0.099148 4.990596
v -13.900467 -0.097393 4.989583
v -13.897531 -0.096241 4.988918
v -13.906091 -0.086679 5.035167
v -13.904890 -0.083790 5.034392
v -13.902974 -0.081285 5.033721
v -13.900467 -0.079327 5.033197
v -13.897531 -0.078042 5.032852
v -13.906091 -0.080777 5.080000
v -13.904890 -0.077785 5.080000
v -13.902974 -0.075193 5.080000
v -13.900467 -0.073166 5.080000
v -13.897531 -0.071835 5.080000
v -13.906091 -0.086679 5.124833
v -13.904890 -0.083790 5.125608
v -13.902974 -0.081285 5.126279
v -13.900467 -0.079327 5.126803
v -13.897531 -0.078042 5.127148
v -13.906091 -0.103984 5.166611
v -13.904890 -0.101394 5.168107
v -13.902974 -0.099148 5.169404
v -13.900467 -0.097393 5.170417
v -13.897531 -0.096241 5.171082
v -13.906091 -0.131513 5.202487
v -13.904890 -0.129397 5.204602
v -13.902974 -0.127564 5.206436
v -13.900467 -0.126131 5.207869
v -13.897531 -0.125190 5.208810
v -13.906091 -0.167388 5.230015
v -13.904890 -0.165893 5.232606
v -13.902974 -0.164596 5.234852
v -13.900467 -0.163583 5.236607
v -13.897531 -0.162917 5.237759
v -13.906091 -0.209166 5.247320
v -13.904890 -0.208392 5.250210
v -13.902974 -0.207721 5.252715
v -13.900467 -0.207196 5.254672
v -13.897531 -0.206852 5.255958
v -13.743685 -0.254000 5.269291
v -13.743685 -0.206925 5.263344
v -13.743685 -0.162808 5.245877
v -13.743685 -0.124421 5.217987
v -13.743685 -0.094176 5.181427
v -13.743685 -0.073973 5.138494
v -13.743685 -0.065082 5.091886
v -13.743685 -0.068061 5.044530
v -13.743685 -0.082724 4.999404
v -13.743685 -0.108148 4.959341
v -13.743685 -0.142737 4.926860
v -13.743685 -0.184317 4.904002
v -13.743685 -0.230275 4.892201
v -13.743685 -0.277724 4.892201
v -13.743685 -0.323682 4.904002
v -13.743685 -0.365262 4.926860
v -13.743685 -0.399851 4.959341
v -13.743685 -0.425276 4.999404
v -13.743685 -0.439938 5.044530
v -13.743685 -0.442917 5.091886
v -13.743685 -0.434026 5.138494
v -13.743685 -0.413824 5.181427
v -13.743685 -0.383578 5.217987
v -13.743685 -0.345191 5.245877
v -13.743685 -0.301075 5.263344
v -13.097312 -0.466555 5.005419
v -13.112750 -0.468255 5.006487
v -13.113476 -0.468349 5.006594
v -13.114170 -0.468480 5.006815
v -13.115429 -0.468821 5.007534
v -13.116489 -0.469233 5.008521
v -13.117397 -0.469706 5.009751
v -13.118137 -0.470225 5.011192
v -13.118670 -0.470753 5.012746
v -13.119100 -0.471769 5.016005
v -13.119100 -0.479948 5.058408
v -13.119100 -0.479948 5.101592
v -13.119100 -0.471769 5.143995
v -13.118658 -0.470738 5.147300
v -13.118113 -0.470206 5.148865
v -13.117374 -0.469692 5.150286
v -13.116471 -0.469225 5.151500
v -13.115414 -0.468817 5.152476
v -13.114161 -0.468478 5.153188
v -13.113472 -0.468349 5.153407
v -13.112750 -0.468255 5.153513
v -13.097312 -0.466555 5.154581
v -13.097312 -0.443509 5.201773
v -13.097312 -0.410161 5.242345
v -13.097312 -0.368324 5.274093
v -13.097312 -0.320274 5.295291
v -13.097312 -0.268620 5.304785
v -13.097312 -0.216172 5.302062
v -13.097312 -0.165780 5.287267
v -13.097312 -0.120184 5.261206
v -13.097312 -0.081861 5.225295
v -13.097312 -0.052896 5.181486
v -13.097312 -0.034862 5.132161
v -13.097312 -0.028739 5.080000
v -13.097312 -0.034862 5.027840
v -13.097312 -0.052896 4.978514
v -13.097312 -0.081861 4.934705
v -13.097312 -0.120184 4.898794
v -13.097312 -0.165780 4.872733
v -13.097312 -0.216172 4.857939
v -13.097312 -0.268620 4.855215
v -13.097312 -0.320273 4.864710
v -13.097312 -0.368324 4.885907
v -13.097312 -0.410161 4.917655
v -13.097312 -0.443509 4.958227
v -13.318688 -0.254000 5.305260
v -13.318688 -0.305948 5.299188
v -13.318688 -0.355096 5.281300
v -13.318688 -0.398794 5.252559
v -13.318688 -0.434686 5.214516
v -13.318688 -0.460837 5.169221
v -13.318688 -0.475838 5.119116
v -13.318688 -0.478879 5.066902
v -13.318688 -0.469797 5.015395
v -13.318688 -0.449081 4.967370
v -13.318688 -0.417848 4.925417
v -13.318688 -0.377782 4.891798
v -13.318688 -0.331043 4.868325
v -13.318688 -0.280151 4.856263
v -13.318688 -0.227849 4.856263
v -13.318688 -0.176956 4.868325
v -13.318688 -0.130217 4.891798
v -13.318688 -0.090151 4.925417
v -13.318688 -0.058919 4.967370
v -13.318688 -0.038203 5.015395
v -13.318688 -0.029121 5.066902
v -13.318688 -0.032162 5.119116
v -13.318688 -0.047162 5.169221
v -13.318688 -0.073313 5.214516
v -13.318688 -0.109205 5.252559
v -13.318688 -0.152903 5.281300
v -13.318688 -0.202051 5.299188
v -13.208000 -0.254000 5.310093
v -13.208000 -0.453266 4.964954
v -13.208000 -0.474426 5.014009
v -13.208000 -0.483703 5.066621
v -13.208000 -0.480597 5.119955
v -13.208000 -0.465275 5.171135
v -13.208000 -0.438563 5.217402
v -13.208000 -0.401901 5.256262
v -13.208000 -0.357265 5.285619
v -13.208000 -0.307063 5.303891
v -13.208000 -0.200937 5.303891
v -13.208000 -0.150734 5.285619
v -13.208000 -0.106099 5.256262
v -13.208000 -0.069437 5.217402
v -13.208000 -0.042725 5.171135
v -13.208000 -0.027402 5.119955
v -13.208000 -0.024296 5.066621
v -13.208000 -0.033573 5.014009
v -13.208000 -0.054733 4.964954
v -13.208000 -0.086636 4.922101
v -13.208000 -0.127562 4.887760
v -13.208000 -0.175303 4.863783
v -13.208000 -0.227288 4.851463
v -13.208000 -0.280712 4.851463
v -13.208000 -0.332696 4.863783
v -13.208000 -0.380438 4.887760
v -13.208000 -0.421363 4.922101
v -13.688394 -0.254000 5.272915
v -13.688394 -0.206024 5.266855
v -13.688394 -0.161062 5.249053
v -13.688394 -0.121940 5.220629
v -13.688394 -0.091116 5.183369
v -13.688394 -0.070526 5.139614
v -13.688394 -0.061465 5.092113
v -13.688394 -0.064502 5.043851
v -13.688394 -0.079445 4.997861
v -13.688394 -0.105356 4.957031
v -13.688394 -0.140607 4.923928
v -13.688394 -0.182983 4.900632
v -13.688394 -0.229821 4.888606
v -13.688394 -0.278178 4.888606
v -13.688394 -0.325017 4.900632
v -13.688394 -0.367392 4.923928
v -13.688394 -0.402643 4.957031
v -13.688394 -0.428555 4.997861
v -13.688394 -0.443498 5.043851
v -13.688394 -0.446534 5.092113
v -13.688394 -0.437473 5.139614
v -13.688394 -0.416883 5.183369
v -13.688394 -0.386059 5.220629
v -13.688394 -0.346937 5.249053
v -13.688394 -0.301976 5.266855
v -12.922250 -0.442799 4.988177
v -13.010290 -0.455639 4.998066
v -13.010290 -0.455639 5.161934
v -12.922250 -0.442799 5.171823
v -12.921868 -0.442749 5.171850
v -12.921485 -0.442723 5.171826
v -12.921105 -0.442722 5.171751
v -12.920737 -0.442746 5.171630
v -12.920057 -0.442854 5.171270
v -12.919454 -0.443025 5.170794
v -12.918452 -0.443485 5.169625
v -12.917597 -0.444098 5.168140
v -12.916357 -0.445668 5.164398
v -12.915900 -0.447493 5.160025
v -12.915900 -0.459376 5.120794
v -12.915900 -0.463389 5.080000
v -12.915900 -0.459376 5.039206
v -12.915900 -0.447493 4.999975
v -12.916365 -0.445652 4.995564
v -12.917626 -0.444072 4.991800
v -12.918499 -0.443457 4.990307
v -12.919512 -0.443005 4.989153
v -12.920104 -0.442843 4.988699
v -12.920773 -0.442742 4.988356
v -12.921131 -0.442722 4.988242
v -12.921503 -0.442724 4.988172
v -12.921877 -0.442750 4.988150
v -12.700000 -0.254000 5.270500
v -12.700000 -0.206624 5.264515
v -12.700000 -0.162226 5.246937
v -12.700000 -0.123593 5.218869
v -12.700000 -0.093155 5.182075
v -12.700000 -0.072823 5.138868
v -12.700000 -0.063876 5.091962
v -12.700000 -0.066874 5.044304
v -12.700000 -0.081630 4.998889
v -12.700000 -0.107217 4.958571
v -12.700000 -0.142027 4.925882
v -12.700000 -0.183872 4.902878
v -12.700000 -0.230124 4.891002
v -12.700000 -0.277876 4.891002
v -12.700000 -0.324127 4.902878
v -12.700000 -0.365973 4.925882
v -12.700000 -0.400782 4.958571
v -12.700000 -0.426369 4.998889
v -12.700000 -0.441125 5.044304
v -12.700000 -0.444124 5.091962
v -12.700000 -0.435176 5.138868
v -12.700000 -0.414844 5.182075
v -12.700000 -0.384406 5.218869
v -12.700000 -0.345774 5.246937
v -12.700000 -0.301375 5.264515
v -13.112750 -0.504596 5.025380
v -13.112750 -0.543300 5.039093
v -13.113986 -0.543279 5.039213
v -13.115174 -0.543214 5.039568
v -13.116268 -0.543109 5.040144
v -13.117228 -0.542968 5.040919
v -13.118017 -0.542796 5.041863
v -13.118605 -0.542600 5.042939
v -13.118970 -0.542387 5.044107
v -13.119100 -0.542165 5.045322
v -13.119100 -0.542157 5.045367
v -13.119100 -0.541587 5.045208
v -13.119100 -0.505770 5.032773
v -13.119035 -0.481020 5.020126
v -13.114159 -0.483508 5.015448
v -13.119035 -0.530925 5.041078
v -13.114159 -0.515796 5.030125
v -13.116568 -0.532202 5.037095
v -13.115011 -0.483385 5.015678
v -13.115820 -0.483209 5.016008
v -13.116568 -0.482983 5.016433
v -13.117240 -0.482710 5.016945
v -13.118119 -0.482190 5.017924
v -13.118538 -0.481821 5.018619
v -13.118846 -0.481428 5.019358
v -13.115011 -0.515702 5.030368
v -13.115820 -0.515567 5.030717
v -13.116568 -0.515394 5.031166
v -13.117240 -0.515184 5.031708
v -13.118119 -0.514785 5.032742
v -13.118538 -0.514503 5.033476
v -13.118846 -0.514202 5.034257
v -13.119035 -0.513890 5.035069
v -13.119035 -0.497228 5.028092
v -13.118846 -0.497588 5.027299
v -13.118538 -0.497933 5.026538
v -13.118119 -0.498258 5.025822
v -13.117240 -0.498716 5.024812
v -13.116568 -0.498956 5.024283
v -13.115820 -0.499155 5.023845
v -13.115011 -0.499309 5.023504
v -13.114159 -0.499417 5.023267
v -13.118846 -0.531191 5.040249
v -13.118538 -0.531447 5.039453
v -13.118119 -0.531687 5.038704
v -13.117240 -0.532025 5.037648
v -13.115820 -0.532348 5.036637
v -13.115011 -0.532462 5.036280
v -13.114159 -0.532542 5.036032
v -13.118119 -0.542570 5.041972
v -13.118538 -0.542340 5.042724
v -13.118846 -0.542097 5.043524
v -13.119035 -0.541844 5.044357
v -13.117240 -0.542897 5.040912
v -12.922250 -0.465608 5.004815
v -12.922250 -0.490280 5.018745
v -12.922250 -0.543300 5.039093
v -12.915900 -0.492471 5.026866
v -12.915900 -0.541587 5.045208
v -12.915900 -0.542157 5.045367
v -12.915900 -0.542165 5.045322
v -12.916030 -0.542387 5.044107
v -12.916395 -0.542600 5.042939
v -12.916983 -0.542796 5.041863
v -12.917772 -0.542968 5.040919
v -12.918732 -0.543109 5.040144
v -12.919826 -0.543214 5.039568
v -12.921014 -0.543279 5.039213
v -12.916063 -0.459916 5.007006
v -12.921362 -0.506497 5.026262
v -12.916063 -0.528311 5.039681
v -12.916324 -0.460386 5.006295
v -12.916698 -0.460832 5.005621
v -12.917179 -0.461244 5.004996
v -12.917760 -0.461615 5.004436
v -12.918869 -0.462100 5.003702
v -12.919655 -0.462330 5.003353
v -12.920491 -0.462500 5.003097
v -12.921362 -0.462605 5.002939
v -12.916063 -0.504595 5.030752
v -12.916324 -0.504927 5.029967
v -12.916698 -0.505242 5.029223
v -12.917179 -0.505534 5.028534
v -12.917760 -0.505796 5.027915
v -12.918869 -0.506139 5.027105
v -12.919655 -0.506303 5.026720
v -12.920491 -0.506423 5.026437
v -12.921362 -0.483984 5.015590
v -12.920491 -0.483896 5.015758
v -12.919655 -0.483752 5.016029
v -12.918869 -0.483555 5.016399
v -12.917760 -0.483143 5.017176
v -12.917179 -0.482829 5.017769
v -12.916698 -0.482479 5.018431
v -12.916324 -0.482101 5.019146
v -12.916063 -0.481702 5.019899
v -12.917179 -0.542754 5.041570
v -12.916698 -0.542523 5.042282
v -12.916324 -0.542274 5.043052
v -12.916063 -0.542015 5.043864
v -12.921362 -0.529842 5.035051
v -12.920491 -0.529781 5.035231
v -12.919655 -0.529685 5.035523
v -12.918869 -0.529554 5.035921
v -12.917760 -0.529279 5.036756
v -12.917179 -0.529068 5.037394
v -12.916698 -0.528833 5.038104
v -12.916324 -0.528579 5.038872
v -12.915900 -0.492472 5.133134
v -12.915900 -0.541587 5.114792
v -12.915900 -0.542157 5.114632
v -12.915900 -0.542747 5.114581
v -12.915900 -0.594727 5.113779
v -12.915900 -0.646555 5.118089
v -12.915900 -0.697760 5.126908
v -12.915900 -0.748203 5.139592
v -12.915900 -0.798649 5.152228
v -12.915900 -0.824387 5.155786
v -12.915900 -0.837394 5.155712
v -12.915900 -0.850242 5.153815
v -12.915900 -0.862555 5.149736
v -12.915900 -0.873887 5.143438
v -12.915900 -0.884063 5.135338
v -12.915900 -0.893001 5.125900
v -12.915900 -0.907663 5.104473
v -12.915900 -0.913548 5.092876
v -12.915900 -0.915994 5.086847
v -12.915900 -0.916984 5.083727
v -12.915900 -0.917355 5.082153
v -12.915900 -0.917536 5.080561
v -12.915900 -0.917485 5.078645
v -12.915900 -0.917356 5.077851
v -12.915900 -0.916982 5.076266
v -12.915900 -0.915995 5.073158
v -12.915900 -0.913561 5.067132
v -12.915900 -0.907674 5.055538
v -12.915900 -0.893025 5.034070
v -12.915900 -0.884091 5.024671
v -12.915900 -0.873923 5.016589
v -12.915900 -0.862547 5.010323
v -12.915900 -0.850255 5.006179
v -12.915900 -0.837424 5.004279
v -12.915900 -0.824426 5.004213
v -12.915900 -0.798681 5.007743
v -12.915900 -0.748230 5.020422
v -12.915900 -0.697731 5.032886
v -12.915900 -0.646594 5.041875
v -12.915900 -0.594729 5.046408
v -12.915900 -0.542747 5.045419
v -12.922250 -0.543300 5.120907
v -12.922250 -0.594461 5.120124
v -12.922250 -0.645770 5.124392
v -12.922250 -0.696409 5.133111
v -12.922250 -0.746583 5.145733
v -12.922250 -0.797368 5.158450
v -12.922250 -0.824043 5.162127
v -12.922250 -0.837846 5.162044
v -12.922250 -0.851692 5.159995
v -12.922250 -0.865100 5.155552
v -12.922250 -0.877419 5.148705
v -12.922250 -0.888383 5.139989
v -12.922250 -0.897870 5.129980
v -12.922250 -0.913193 5.107596
v -12.922250 -0.919343 5.095474
v -12.922250 -0.921976 5.088978
v -12.922250 -0.923114 5.085387
v -12.922250 -0.923589 5.083363
v -12.922250 -0.923873 5.080155
v -12.920606 -0.923657 5.080169
v -12.919075 -0.923024 5.080209
v -12.917760 -0.922017 5.080274
v -12.916751 -0.920705 5.080358
v -12.916116 -0.919176 5.080456
v -12.915900 -0.542165 5.114678
v -12.916030 -0.542387 5.115893
v -12.916395 -0.542600 5.117061
v -12.916983 -0.542796 5.118137
v -12.917772 -0.542968 5.119081
v -12.918732 -0.543109 5.119856
v -12.919826 -0.543214 5.120432
v -12.921014 -0.543279 5.120787
v -12.921362 -0.907309 5.117167
v -12.916063 -0.903241 5.114474
v -12.921362 -0.807181 5.160170
v -12.916063 -0.807965 5.155357
v -12.921362 -0.783361 5.155318
v -12.916063 -0.762828 5.145015
v -12.921362 -0.728004 5.140758
v -12.916063 -0.707843 5.130683
v -12.921362 -0.676284 5.128956
v -12.916063 -0.666822 5.122406
v -12.921362 -0.635162 5.123085
v -12.916063 -0.614818 5.116337
v -12.921362 -0.583606 5.119722
v -12.916063 -0.562963 5.114869
v -12.921362 -0.552882 5.120158
v -12.920492 -0.552872 5.119969
v -12.919655 -0.552855 5.119662
v -12.918869 -0.552831 5.119244
v -12.917760 -0.552780 5.118366
v -12.917179 -0.552743 5.117695
v -12.916698 -0.552701 5.116948
v -12.916324 -0.552657 5.116141
v -12.916063 -0.552610 5.115290
v -12.921362 -0.604173 5.120529
v -12.920492 -0.604184 5.120340
v -12.919655 -0.604202 5.120033
v -12.918869 -0.604226 5.119615
v -12.917760 -0.604276 5.118737
v -12.917179 -0.604314 5.118066
v -12.916698 -0.604358 5.117319
v -12.916324 -0.604406 5.116512
v -12.916063 -0.604456 5.115661
v -12.916063 -0.594085 5.115164
v -12.916324 -0.594051 5.116015
v -12.916698 -0.594017 5.116823
v -12.917179 -0.593987 5.117571
v -12.917760 -0.593960 5.118242
v -12.918869 -0.593925 5.119121
v -12.919655 -0.593909 5.119539
v -12.920492 -0.593897 5.119847
v -12.921362 -0.593889 5.120036
v -12.921362 -0.655788 5.125671
v -12.920492 -0.655814 5.125483
v -12.919655 -0.655857 5.125178
v -12.918869 -0.655916 5.124764
v -12.917760 -0.656041 5.123893
v -12.917179 -0.656135 5.123228
v -12.916698 -0.656240 5.122487
v -12.916324 -0.656352 5.121686
v -12.916063 -0.656471 5.120842
v -12.916063 -0.646091 5.119452
v -12.916324 -0.645986 5.120298
v -12.916698 -0.645887 5.121100
v -12.917179 -0.645795 5.121843
v -12.917760 -0.645711 5.122510
v -12.918869 -0.645602 5.123383
v -12.919655 -0.645549 5.123798
v -12.920492 -0.645511 5.124103
v -12.921362 -0.645488 5.124291
v -12.921362 -0.696606 5.133088
v -12.920492 -0.696647 5.132903
v -12.919655 -0.696712 5.132603
v -12.918869 -0.696800 5.132194
v -12.917760 -0.696986 5.131334
v -12.917179 -0.697128 5.130678
v -12.916698 -0.697287 5.129947
v -12.916324 -0.697460 5.129157
v -12.916063 -0.697642 5.128325
v -12.916063 -0.687409 5.126137
v -12.916324 -0.687243 5.126973
v -12.916698 -0.687086 5.127766
v -12.917179 -0.686940 5.128500
v -12.917760 -0.686810 5.129159
v -12.918869 -0.686641 5.130022
v -12.919655 -0.686560 5.130432
v -12.920492 -0.686501 5.130734
v -12.921362 -0.686463 5.130920
v -12.921362 -0.750395 5.146698
v -12.920492 -0.750444 5.146514
v -12.919655 -0.750522 5.146217
v -12.918869 -0.750628 5.145812
v -12.917760 -0.750852 5.144961
v -12.917179 -0.751023 5.144311
v -12.916698 -0.751214 5.143587
v -12.916324 -0.751421 5.142805
v -12.916063 -0.751638 5.141981
v -12.916063 -0.740443 5.138979
v -12.916324 -0.740225 5.139803
v -12.916698 -0.740018 5.140584
v -12.917179 -0.739827 5.141308
v -12.917760 -0.739655 5.141957
v -12.918869 -0.739430 5.142808
v -12.919655 -0.739323 5.143212
v -12.920492 -0.739245 5.143510
v -12.921362 -0.739196 5.143693
v -12.920492 -0.807211 5.159983
v -12.919655 -0.807261 5.159679
v -12.918869 -0.807328 5.159266
v -12.917760 -0.807470 5.158398
v -12.917179 -0.807578 5.157735
v -12.916698 -0.807699 5.156996
v -12.916324 -0.807829 5.156198
v -12.916063 -0.796180 5.153167
v -12.916324 -0.796002 5.154000
v -12.916698 -0.795832 5.154792
v -12.917179 -0.795676 5.155524
v -12.917760 -0.795537 5.156182
v -12.918869 -0.795357 5.157043
v -12.919655 -0.795272 5.157453
v -12.920492 -0.795208 5.157754
v -12.921362 -0.795167 5.157939
v -12.921362 -0.828609 5.162225
v -12.920492 -0.828611 5.162035
v -12.919655 -0.828617 5.161728
v -12.918869 -0.828625 5.161309
v -12.917760 -0.828641 5.160430
v -12.917179 -0.828653 5.159758
v -12.916698 -0.828665 5.159010
v -12.916324 -0.828679 5.158202
v -12.916063 -0.828693 5.157350
v -12.916063 -0.819893 5.156878
v -12.916324 -0.819817 5.157727
v -12.916698 -0.819746 5.158532
v -12.917179 -0.819681 5.159278
v -12.917760 -0.819622 5.159947
v -12.918869 -0.819547 5.160824
v -12.919655 -0.819512 5.161240
v -12.920492 -0.819485 5.161547
v -12.921362 -0.819468 5.161736
v -12.921362 -0.850069 5.160286
v -12.920492 -0.850031 5.160099
v -12.919655 -0.849966 5.159799
v -12.918869 -0.849876 5.159391
v -12.917760 -0.849687 5.158534
v -12.917179 -0.849545 5.157878
v -12.916698 -0.849389 5.157147
v -12.916324 -0.849220 5.156356
v -12.916063 -0.849043 5.155522
v -12.916063 -0.837495 5.157117
v -12.916324 -0.837555 5.157967
v -12.916698 -0.837613 5.158773
v -12.917179 -0.837666 5.159520
v -12.917760 -0.837713 5.160189
v -12.918869 -0.837775 5.161065
v -12.919655 -0.837804 5.161481
v -12.920492 -0.837826 5.161788
v -12.921362 -0.837840 5.161977
v -12.921362 -0.861951 5.156787
v -12.920492 -0.861882 5.156611
v -12.919655 -0.861771 5.156324
v -12.918869 -0.861622 5.155933
v -12.917760 -0.861307 5.155112
v -12.917179 -0.861066 5.154485
v -12.916698 -0.860797 5.153786
v -12.916324 -0.860505 5.153032
v -12.916063 -0.860198 5.152237
v -12.921362 -0.873095 5.151358
v -12.920492 -0.872997 5.151195
v -12.919655 -0.872843 5.150929
v -12.918869 -0.872636 5.150568
v -12.917760 -0.872199 5.149808
v -12.917179 -0.871862 5.149228
v -12.916698 -0.871486 5.148583
v -12.916324 -0.871078 5.147885
v -12.916063 -0.870648 5.147150
v -12.921362 -0.883251 5.144322
v -12.920492 -0.883133 5.144174
v -12.919655 -0.882940 5.143934
v -12.918869 -0.882679 5.143610
v -12.917760 -0.882129 5.142927
v -12.917179 -0.881709 5.142405
v -12.916698 -0.881241 5.141822
v -12.916324 -0.880736 5.141191
v -12.916063 -0.880203 5.140527
v -12.921362 -0.892988 5.135347
v -12.920492 -0.892851 5.135216
v -12.919655 -0.892628 5.135005
v -12.918869 -0.892324 5.134717
v -12.917760 -0.891686 5.134111
v -12.917179 -0.891199 5.133649
v -12.916698 -0.890656 5.133134
v -12.916324 -0.890069 5.132577
v -12.916063 -0.889451 5.131991
v -12.921362 -0.901439 5.125433
v -12.920492 -0.901287 5.125319
v -12.919655 -0.901044 5.125131
v -12.918869 -0.900713 5.124875
v -12.917760 -0.900017 5.124337
v -12.917179 -0.899484 5.123928
v -12.916698 -0.898890 5.123472
v -12.916324 -0.898247 5.122980
v -12.916063 -0.897570 5.122462
v -12.921362 -0.917329 5.099609
v -12.920492 -0.917158 5.099525
v -12.919655 -0.916882 5.099390
v -12.918869 -0.916507 5.099205
v -12.917760 -0.915718 5.098817
v -12.917179 -0.915114 5.098521
v -12.916698 -0.914443 5.098191
v -12.916324 -0.913717 5.097834
v -12.916063 -0.912952 5.097458
v -12.916063 -0.908354 5.106115
v -12.916324 -0.909093 5.106539
v -12.916698 -0.909794 5.106942
v -12.917179 -0.910444 5.107314
v -12.917760 -0.911027 5.107648
v -12.918869 -0.911791 5.108084
v -12.919655 -0.912154 5.108291
v -12.920492 -0.912421 5.108444
v -12.921362 -0.912586 5.108539
v -12.921362 -0.921072 5.091201
v -12.920492 -0.920896 5.091132
v -12.919655 -0.920609 5.091019
v -12.918869 -0.920220 5.090866
v -12.917760 -0.919402 5.090543
v -12.917179 -0.918777 5.090297
v -12.916698 -0.918080 5.090023
v -12.916324 -0.917328 5.089727
v -12.916063 -0.916535 5.089415
v -12.921362 -0.922689 5.086623
v -12.920492 -0.922508 5.086567
v -12.919655 -0.922214 5.086477
v -12.918869 -0.921814 5.086355
v -12.917760 -0.920973 5.086097
v -12.917179 -0.920330 5.085901
v -12.916698 -0.919614 5.085682
v -12.916324 -0.918841 5.085446
v -12.916063 -0.918026 5.085197
v -12.921362 -0.923376 5.084061
v -12.920492 -0.923191 5.084019
v -12.919655 -0.922891 5.083952
v -12.918869 -0.922483 5.083860
v -12.917760 -0.921625 5.083667
v -12.917179 -0.920969 5.083519
v -12.916698 -0.920239 5.083355
v -12.916324 -0.919450 5.083178
v -12.916063 -0.918619 5.082991
v -12.921362 -0.923658 5.082590
v -12.920492 -0.923471 5.082561
v -12.919655 -0.923167 5.082514
v -12.918869 -0.922753 5.082450
v -12.917760 -0.921884 5.082316
v -12.917179 -0.921220 5.082213
v -12.916698 -0.920480 5.082099
v -12.916324 -0.919681 5.081975
v -12.916063 -0.918839 5.081845
v -12.916324 -0.903952 5.114945
v -12.916698 -0.904627 5.115391
v -12.917179 -0.905252 5.115805
v -12.917760 -0.905812 5.116176
v -12.918869 -0.906545 5.116661
v -12.919655 -0.906894 5.116892
v -12.920492 -0.907151 5.117062
v -12.916063 -0.784511 5.150572
v -12.916324 -0.784308 5.151401
v -12.916698 -0.784115 5.152188
v -12.917179 -0.783938 5.152916
v -12.917760 -0.783780 5.153570
v -12.918869 -0.783577 5.154427
v -12.919655 -0.783480 5.154834
v -12.920492 -0.783409 5.155134
v -12.921362 -0.772431 5.152604
v -12.916063 -0.773645 5.147874
v -12.916324 -0.773431 5.148700
v -12.916698 -0.773229 5.149484
v -12.917179 -0.773041 5.150210
v -12.917760 -0.772875 5.150862
v -12.918869 -0.772659 5.151716
v -12.919655 -0.772556 5.152122
v -12.920492 -0.772480 5.152420
v -12.916324 -0.762610 5.145840
v -12.916698 -0.762404 5.146622
v -12.917179 -0.762213 5.147347
v -12.917760 -0.762043 5.147998
v -12.918869 -0.761821 5.148849
v -12.919655 -0.761716 5.149255
v -12.920492 -0.761638 5.149553
v -12.921362 -0.761588 5.149736
v -12.916063 -0.729236 5.136040
v -12.916324 -0.729021 5.136865
v -12.916698 -0.728816 5.137647
v -12.917179 -0.728627 5.138371
v -12.917760 -0.728457 5.139021
v -12.918869 -0.728235 5.139872
v -12.919655 -0.728130 5.140277
v -12.920492 -0.728052 5.140574
v -12.921362 -0.716838 5.137905
v -12.916063 -0.718022 5.133175
v -12.916324 -0.717814 5.134002
v -12.916698 -0.717617 5.134786
v -12.917179 -0.717436 5.135512
v -12.917760 -0.717273 5.136163
v -12.918869 -0.717060 5.137017
v -12.919655 -0.716959 5.137423
v -12.920492 -0.716884 5.137721
v -12.916324 -0.707647 5.131512
v -12.916698 -0.707461 5.132298
v -12.917179 -0.707290 5.133027
v -12.917760 -0.707136 5.133681
v -12.918869 -0.706936 5.134537
v -12.919655 -0.706841 5.134944
v -12.920492 -0.706770 5.135243
v -12.921362 -0.706726 5.135428
v -12.916063 -0.677138 5.124156
v -12.916324 -0.676989 5.124994
v -12.916698 -0.676847 5.125790
v -12.917179 -0.676715 5.126527
v -12.917760 -0.676598 5.127189
v -12.918869 -0.676444 5.128055
v -12.919655 -0.676371 5.128467
v -12.920492 -0.676318 5.128770
v -12.921362 -0.666056 5.127222
v -12.916324 -0.666689 5.123248
v -12.916698 -0.666562 5.124046
v -12.917179 -0.666444 5.124785
v -12.917760 -0.666339 5.125449
v -12.918869 -0.666200 5.126318
v -12.919655 -0.666134 5.126731
v -12.920492 -0.666085 5.127034
v -12.916063 -0.635687 5.118236
v -12.916324 -0.635595 5.119084
v -12.916698 -0.635508 5.119888
v -12.917179 -0.635428 5.120632
v -12.917760 -0.635356 5.121300
v -12.918869 -0.635261 5.122175
v -12.919655 -0.635215 5.122591
v -12.920492 -0.635182 5.122896
v -12.921362 -0.624815 5.122054
v -12.916063 -0.625261 5.117197
v -12.916324 -0.625183 5.118046
v -12.916698 -0.625109 5.118851
v -12.917179 -0.625040 5.119597
v -12.917760 -0.624979 5.120266
v -12.918869 -0.624899 5.121142
v -12.919655 -0.624860 5.121559
v -12.920492 -0.624832 5.121865
v -12.916324 -0.614754 5.117187
v -12.916698 -0.614692 5.117993
v -12.917179 -0.614636 5.118739
v -12.917760 -0.614586 5.119410
v -12.918869 -0.614521 5.120287
v -12.919655 -0.614490 5.120704
v -12.920492 -0.614467 5.121011
v -12.921362 -0.614452 5.121200
v -12.916063 -0.583709 5.114847
v -12.916324 -0.583691 5.115699
v -12.916698 -0.583674 5.116507
v -12.917179 -0.583658 5.117255
v -12.917760 -0.583644 5.117927
v -12.918869 -0.583625 5.118807
v -12.919655 -0.583616 5.119225
v -12.920492 -0.583609 5.119532
v -12.921362 -0.563091 5.119744
v -12.916063 -0.573332 5.114735
v -12.916324 -0.573333 5.115587
v -12.916698 -0.573334 5.116396
v -12.917179 -0.573334 5.117144
v -12.917760 -0.573335 5.117816
v -12.918869 -0.573335 5.118696
v -12.919655 -0.573335 5.119114
v -12.920492 -0.573335 5.119421
v -12.921362 -0.573336 5.119611
v -12.916324 -0.562985 5.115721
v -12.916698 -0.563006 5.116529
v -12.917179 -0.563025 5.117278
v -12.917760 -0.563043 5.117949
v -12.918869 -0.563067 5.118829
v -12.919655 -0.563078 5.119247
v -12.920492 -0.563087 5.119554
v -12.922250 -0.923784 5.077842
v -12.922250 -0.923590 5.076644
v -12.922250 -0.923111 5.074605
v -12.922250 -0.921978 5.071028
v -12.922250 -0.919353 5.064521
v -12.922250 -0.913204 5.052413
v -12.922250 -0.897893 5.029971
v -12.922250 -0.888418 5.020022
v -12.922250 -0.877466 5.011333
v -12.922250 -0.865081 5.004520
v -12.922250 -0.851699 4.999996
v -12.922250 -0.837875 4.997943
v -12.922250 -0.824089 4.997870
v -12.922250 -0.797406 5.001514
v -12.922250 -0.746626 5.014278
v -12.922250 -0.696433 5.026672
v -12.922250 -0.645811 5.035573
v -12.922250 -0.594448 5.040051
v -12.918870 -0.553360 5.040805
v -12.921362 -0.563568 5.040337
v -12.916063 -0.584089 5.045319
v -12.921362 -0.614698 5.038878
v -12.916063 -0.635671 5.041757
v -12.921362 -0.665600 5.032775
v -12.916063 -0.686631 5.033812
v -12.921362 -0.715312 5.022331
v -12.916063 -0.736207 5.022095
v -12.921362 -0.764605 5.009598
v -12.916063 -0.785524 5.009232
v -12.921362 -0.814794 4.998751
v -12.916063 -0.815373 5.003592
v -12.921362 -0.825332 4.997875
v -12.916063 -0.825542 5.002746
v -12.921362 -0.907377 5.042886
v -12.916063 -0.903308 5.045584
v -12.916063 -0.542849 5.044013
v -12.916324 -0.542911 5.043163
v -12.916698 -0.542969 5.042357
v -12.916698 -0.553234 5.043102
v -12.917179 -0.543021 5.041610
v -12.917760 -0.543067 5.040940
v -12.916063 -0.553146 5.044761
v -12.916324 -0.553191 5.043910
v -12.917179 -0.553274 5.042355
v -12.917760 -0.553310 5.041684
v -12.919656 -0.553384 5.040388
v -12.920492 -0.553401 5.040081
v -12.921362 -0.553410 5.039891
v -12.916063 -0.604751 5.044476
v -12.916324 -0.604699 5.043624
v -12.916698 -0.604649 5.042815
v -12.917179 -0.604603 5.042067
v -12.917760 -0.604563 5.041396
v -12.918870 -0.604511 5.040516
v -12.919656 -0.604486 5.040099
v -12.920492 -0.604468 5.039791
v -12.921362 -0.604456 5.039601
v -12.921362 -0.594213 5.040127
v -12.920492 -0.594223 5.040317
v -12.919656 -0.594235 5.040625
v -12.918870 -0.594252 5.041043
v -12.917760 -0.594287 5.041923
v -12.917179 -0.594315 5.042595
v -12.916698 -0.594348 5.043344
v -12.916324 -0.594383 5.044154
v -12.916063 -0.594421 5.045007
v -12.916063 -0.656165 5.039174
v -12.916324 -0.656046 5.038330
v -12.916698 -0.655934 5.037530
v -12.917179 -0.655830 5.036789
v -12.917760 -0.655737 5.036123
v -12.918870 -0.655616 5.035252
v -12.919656 -0.655558 5.034837
v -12.920492 -0.655516 5.034533
v -12.921362 -0.655489 5.034345
v -12.921362 -0.645336 5.035698
v -12.920492 -0.645359 5.035886
v -12.919656 -0.645397 5.036191
v -12.918870 -0.645448 5.036606
v -12.917760 -0.645557 5.037479
v -12.917179 -0.645639 5.038146
v -12.916698 -0.645731 5.038889
v -12.916324 -0.645830 5.039691
v -12.916063 -0.645934 5.040537
v -12.916063 -0.706515 5.029443
v -12.916324 -0.706330 5.028611
v -12.916698 -0.706154 5.027823
v -12.917179 -0.705992 5.027092
v -12.917760 -0.705847 5.026437
v -12.918870 -0.705658 5.025578
v -12.919656 -0.705569 5.025169
v -12.920492 -0.705503 5.024869
v -12.921362 -0.705461 5.024685
v -12.921362 -0.695598 5.026923
v -12.920492 -0.695638 5.027109
v -12.919656 -0.695700 5.027410
v -12.918870 -0.695783 5.027819
v -12.917760 -0.695959 5.028681
v -12.917179 -0.696095 5.029339
v -12.916698 -0.696247 5.030071
v -12.916324 -0.696411 5.030862
v -12.916063 -0.696585 5.031696
v -12.916063 -0.755962 5.016937
v -12.916324 -0.755745 5.016113
v -12.916698 -0.755540 5.015331
v -12.917179 -0.755350 5.014607
v -12.917760 -0.755179 5.013957
v -12.918870 -0.754956 5.013106
v -12.919656 -0.754850 5.012701
v -12.920492 -0.754772 5.012404
v -12.921362 -0.754724 5.012221
v -12.921362 -0.744857 5.014808
v -12.920492 -0.744905 5.014992
v -12.919656 -0.744983 5.015289
v -12.918870 -0.745088 5.015694
v -12.917760 -0.745309 5.016545
v -12.917179 -0.745479 5.017195
v -12.916698 -0.745667 5.017920
v -12.916324 -0.745871 5.018702
v -12.916063 -0.746086 5.019526
v -12.916063 -0.805325 5.005067
v -12.916324 -0.805177 5.004227
v -12.916698 -0.805036 5.003431
v -12.917179 -0.804907 5.002694
v -12.917760 -0.804792 5.002031
v -12.918870 -0.804644 5.001164
v -12.919656 -0.804574 5.000751
v -12.920492 -0.804522 5.000448
v -12.921362 -0.804487 5.000261
v -12.921362 -0.794364 5.002209
v -12.920492 -0.794407 5.002394
v -12.919656 -0.794470 5.002695
v -12.918870 -0.794555 5.003105
v -12.917760 -0.794735 5.003967
v -12.917179 -0.794875 5.004625
v -12.916698 -0.795032 5.005358
v -12.916324 -0.795203 5.006150
v -12.916063 -0.795383 5.006984
v -12.916324 -0.825506 5.001895
v -12.916698 -0.825471 5.001087
v -12.917179 -0.825438 5.000339
v -12.917760 -0.825409 4.999668
v -12.918870 -0.825372 4.998790
v -12.919656 -0.825354 4.998372
v -12.920492 -0.825340 4.998065
v -12.920492 -0.814816 4.998939
v -12.919656 -0.814853 4.999244
v -12.918870 -0.814903 4.999660
v -12.917760 -0.815008 5.000533
v -12.917179 -0.815088 5.001200
v -12.916698 -0.815176 5.001943
v -12.916324 -0.815272 5.002746
v -12.916063 -0.848794 5.004411
v -12.916324 -0.848968 5.003576
v -12.916698 -0.849133 5.002785
v -12.917179 -0.849285 5.002053
v -12.917760 -0.849422 5.001395
v -12.918870 -0.849602 5.000534
v -12.919656 -0.849688 5.000124
v -12.920492 -0.849751 4.999823
v -12.921362 -0.849789 4.999638
v -12.921362 -0.837551 4.997988
v -12.920492 -0.837540 4.998178
v -12.919656 -0.837518 4.998484
v -12.918870 -0.837487 4.998901
v -12.917760 -0.837421 4.999777
v -12.917179 -0.837374 5.000447
v -12.916698 -0.837323 5.001194
v -12.916324 -0.837269 5.002001
v -12.916063 -0.837212 5.002851
v -12.916063 -0.860027 5.007754
v -12.916324 -0.860331 5.006959
v -12.916698 -0.860619 5.006206
v -12.917179 -0.860885 5.005508
v -12.917760 -0.861123 5.004882
v -12.918870 -0.861430 5.004062
v -12.919656 -0.861576 5.003673
v -12.920492 -0.861684 5.003386
v -12.921362 -0.861754 5.003209
v -12.916063 -0.870591 5.012852
v -12.916324 -0.871020 5.012118
v -12.916698 -0.871426 5.011422
v -12.917179 -0.871802 5.010777
v -12.917760 -0.872140 5.010200
v -12.918870 -0.872583 5.009445
v -12.919656 -0.872793 5.009087
v -12.920492 -0.872948 5.008823
v -12.921362 -0.873043 5.008658
v -12.916063 -0.880258 5.019488
v -12.916324 -0.880793 5.018825
v -12.916698 -0.881300 5.018196
v -12.917179 -0.881770 5.017614
v -12.917760 -0.882193 5.017092
v -12.918870 -0.882747 5.016409
v -12.919656 -0.883011 5.016085
v -12.920492 -0.883204 5.015846
v -12.921362 -0.883322 5.015698
v -12.916063 -0.888869 5.027368
v -12.916324 -0.889483 5.026776
v -12.916698 -0.890066 5.026214
v -12.917179 -0.890604 5.025693
v -12.917760 -0.891086 5.025225
v -12.918870 -0.891714 5.024609
v -12.919656 -0.892012 5.024315
v -12.920492 -0.892232 5.024101
v -12.921362 -0.892371 5.023970
v -12.916063 -0.896524 5.036127
v -12.916324 -0.897194 5.035597
v -12.916698 -0.897830 5.035095
v -12.917179 -0.898418 5.034629
v -12.917760 -0.898945 5.034210
v -12.918870 -0.899632 5.033660
v -12.919656 -0.899958 5.033399
v -12.920492 -0.900199 5.033207
v -12.921362 -0.900350 5.033090
v -12.916063 -0.913500 5.063657
v -12.916324 -0.914268 5.063287
v -12.916698 -0.914997 5.062936
v -12.917179 -0.915671 5.062612
v -12.917760 -0.916277 5.062320
v -12.918870 -0.917070 5.061938
v -12.919656 -0.917447 5.061757
v -12.920492 -0.917724 5.061624
v -12.921362 -0.917895 5.061541
v -12.921362 -0.912932 5.052060
v -12.920492 -0.912767 5.052154
v -12.919656 -0.912500 5.052306
v -12.918870 -0.912136 5.052512
v -12.917760 -0.911369 5.052944
v -12.917179 -0.910785 5.053276
v -12.916698 -0.910134 5.053646
v -12.916324 -0.909431 5.054046
v -12.916063 -0.908691 5.054468
v -12.916063 -0.916764 5.071171
v -12.916324 -0.917559 5.070865
v -12.916698 -0.918314 5.070575
v -12.917179 -0.919012 5.070307
v -12.917760 -0.919640 5.070066
v -12.918870 -0.920462 5.069752
v -12.919656 -0.920853 5.069603
v -12.920492 -0.921140 5.069493
v -12.921362 -0.921317 5.069425
v -12.916063 -0.918116 5.075100
v -12.916324 -0.918933 5.074857
v -12.916698 -0.919708 5.074627
v -12.917179 -0.920425 5.074414
v -12.917760 -0.921069 5.074223
v -12.918870 -0.921913 5.073974
v -12.919656 -0.922314 5.073855
v -12.920492 -0.922609 5.073768
v -12.921362 -0.922791 5.073714
v -12.916063 -0.918654 5.077167
v -12.916324 -0.919487 5.076986
v -12.916698 -0.920277 5.076815
v -12.917179 -0.921008 5.076656
v -12.917760 -0.921665 5.076514
v -12.918870 -0.922525 5.076329
v -12.919656 -0.922934 5.076241
v -12.920492 -0.923235 5.076176
v -12.921362 -0.923420 5.076136
v -12.916063 -0.918854 5.078247
v -12.916324 -0.919697 5.078123
v -12.916698 -0.920496 5.078005
v -12.917179 -0.921237 5.077896
v -12.917760 -0.921901 5.077799
v -12.918870 -0.922772 5.077672
v -12.919656 -0.923186 5.077612
v -12.920492 -0.923490 5.077567
v -12.921362 -0.923678 5.077539
v -12.920492 -0.907219 5.042992
v -12.919656 -0.906962 5.043162
v -12.918870 -0.906614 5.043393
v -12.917760 -0.905880 5.043878
v -12.917179 -0.905319 5.044250
v -12.916698 -0.904694 5.044664
v -12.916324 -0.904019 5.045112
v -12.921362 -0.784388 5.004482
v -12.920492 -0.784435 5.004666
v -12.919656 -0.784506 5.004966
v -12.918870 -0.784601 5.005374
v -12.917760 -0.784802 5.006231
v -12.917179 -0.784958 5.006886
v -12.916698 -0.785133 5.007615
v -12.916324 -0.785323 5.008402
v -12.916063 -0.775723 5.011702
v -12.921362 -0.774522 5.006971
v -12.920492 -0.774570 5.007155
v -12.919656 -0.774645 5.007453
v -12.918870 -0.774747 5.007859
v -12.917760 -0.774962 5.008713
v -12.917179 -0.775127 5.009365
v -12.916698 -0.775312 5.010091
v -12.916324 -0.775512 5.010875
v -12.920492 -0.764653 5.009782
v -12.919656 -0.764731 5.010079
v -12.918870 -0.764836 5.010484
v -12.917760 -0.765058 5.011336
v -12.917179 -0.765227 5.011986
v -12.916698 -0.765416 5.012711
v -12.916324 -0.765621 5.013493
v -12.916063 -0.765836 5.014318
v -12.921362 -0.735004 5.017371
v -12.920492 -0.735051 5.017554
v -12.919656 -0.735127 5.017852
v -12.918870 -0.735230 5.018257
v -12.917760 -0.735447 5.019110
v -12.917179 -0.735612 5.019761
v -12.916698 -0.735797 5.020486
v -12.916324 -0.735997 5.021269
v -12.916063 -0.726322 5.024619
v -12.921362 -0.725157 5.019886
v -12.920492 -0.725203 5.020070
v -12.919656 -0.725277 5.020368
v -12.918870 -0.725376 5.020774
v -12.917760 -0.725585 5.021629
v -12.917179 -0.725746 5.022281
v -12.916698 -0.725925 5.023007
v -12.916324 -0.726118 5.023792
v -12.920492 -0.715356 5.022516
v -12.919656 -0.715426 5.022815
v -12.918870 -0.715521 5.023222
v -12.917760 -0.715721 5.024078
v -12.917179 -0.715874 5.024732
v -12.916698 -0.716045 5.025460
v -12.916324 -0.716230 5.026247
v -12.916063 -0.716426 5.027076
v -12.921362 -0.685718 5.029025
v -12.920492 -0.685755 5.029211
v -12.919656 -0.685813 5.029513
v -12.918870 -0.685890 5.029924
v -12.917760 -0.686052 5.030788
v -12.917179 -0.686178 5.031448
v -12.916698 -0.686318 5.032182
v -12.916324 -0.686471 5.032976
v -12.916063 -0.676509 5.035796
v -12.921362 -0.675675 5.030994
v -12.920492 -0.675709 5.031180
v -12.919656 -0.675761 5.031483
v -12.918870 -0.675831 5.031895
v -12.917760 -0.675980 5.032762
v -12.917179 -0.676095 5.033424
v -12.916698 -0.676223 5.034161
v -12.916324 -0.676362 5.034957
v -12.920492 -0.665631 5.032962
v -12.919656 -0.665678 5.033266
v -12.918870 -0.665742 5.033679
v -12.917760 -0.665877 5.034548
v -12.917179 -0.665981 5.035212
v -12.916698 -0.666097 5.035951
v -12.916324 -0.666223 5.036749
v -12.916063 -0.666355 5.037591
v -12.921362 -0.635147 5.036908
v -12.920492 -0.635167 5.037097
v -12.919656 -0.635200 5.037402
v -12.918870 -0.635245 5.037818
v -12.917760 -0.635341 5.038693
v -12.917179 -0.635413 5.039361
v -12.916698 -0.635494 5.040106
v -12.916324 -0.635580 5.040910
v -12.916063 -0.625382 5.042833
v -12.921362 -0.624931 5.037974
v -12.920492 -0.624948 5.038163
v -12.919656 -0.624977 5.038469
v -12.918870 -0.625016 5.038886
v -12.917760 -0.625098 5.039762
v -12.917179 -0.625160 5.040432
v -12.916698 -0.625229 5.041178
v -12.916324 -0.625304 5.041983
v -12.920492 -0.614713 5.039067
v -12.919656 -0.614736 5.039374
v -12.918870 -0.614769 5.039791
v -12.917760 -0.614836 5.040669
v -12.917179 -0.614888 5.041340
v -12.916698 -0.614945 5.042087
v -12.916324 -0.615008 5.042894
v -12.916063 -0.615074 5.043745
v -12.921362 -0.583978 5.040437
v -12.920492 -0.583985 5.040627
v -12.919656 -0.583991 5.040935
v -12.918870 -0.583999 5.041353
v -12.917760 -0.584015 5.042234
v -12.917179 -0.584030 5.042906
v -12.916698 -0.584048 5.043656
v -12.916324 -0.584068 5.044465
v -12.916063 -0.573762 5.045394
v -12.921362 -0.573760 5.040513
v -12.920492 -0.573763 5.040703
v -12.919656 -0.573762 5.041011
v -12.918870 -0.573760 5.041429
v -12.917760 -0.573757 5.042309
v -12.917179 -0.573757 5.042982
v -12.916698 -0.573758 5.043731
v -12.916324 -0.573760 5.044541
v -12.920492 -0.563566 5.040527
v -12.919656 -0.563557 5.040834
v -12.918870 -0.563545 5.041252
v -12.917760 -0.563519 5.042132
v -12.917179 -0.563502 5.042804
v -12.916698 -0.563484 5.043553
v -12.916324 -0.563465 5.044362
v -12.916063 -0.563446 5.045214
v -12.922250 -0.465608 5.155185
v -12.922250 -0.490280 5.141254
v -12.917179 -0.542754 5.118430
v -12.921362 -0.506147 5.133886
v -12.916063 -0.528311 5.120319
v -12.916063 -0.462568 5.151264
v -12.921362 -0.465204 5.155367
v -12.920491 -0.465101 5.155207
v -12.919655 -0.464935 5.154949
v -12.918869 -0.464709 5.154596
v -12.917760 -0.464234 5.153856
v -12.917179 -0.463871 5.153291
v -12.916698 -0.463466 5.152661
v -12.916324 -0.463029 5.151981
v -12.921362 -0.483314 5.144766
v -12.920491 -0.483226 5.144598
v -12.919655 -0.483081 5.144327
v -12.918869 -0.482884 5.143958
v -12.917760 -0.482469 5.143182
v -12.917179 -0.482153 5.142589
v -12.916698 -0.481801 5.141929
v -12.916324 -0.481421 5.141215
v -12.916063 -0.481020 5.140463
v -12.920491 -0.506073 5.133712
v -12.919655 -0.505952 5.133429
v -12.918869 -0.505788 5.133044
v -12.917760 -0.505444 5.132234
v -12.917179 -0.505181 5.131616
v -12.916698 -0.504888 5.130927
v -12.916324 -0.504572 5.130183
v -12.916063 -0.504239 5.129398
v -12.916324 -0.528579 5.121128
v -12.916698 -0.528833 5.121896
v -12.917179 -0.529068 5.122606
v -12.917760 -0.529279 5.123244
v -12.918869 -0.529554 5.124079
v -12.919655 -0.529685 5.124477
v -12.920491 -0.529781 5.124769
v -12.921362 -0.529842 5.124949
v -12.916698 -0.542523 5.117718
v -12.916324 -0.542274 5.116948
v -12.916063 -0.542015 5.116136
v -13.112750 -0.923861 5.080000
v -13.112750 -0.923784 5.077842
v -13.112750 -0.923590 5.076644
v -13.112750 -0.923111 5.074605
v -13.112750 -0.921977 5.071028
v -13.112750 -0.919353 5.064521
v -13.112750 -0.913205 5.052412
v -13.112750 -0.897894 5.029970
v -13.112750 -0.888418 5.020022
v -13.112750 -0.877466 5.011333
v -13.112750 -0.865080 5.004519
v -13.112750 -0.851699 4.999996
v -13.112750 -0.837875 4.997943
v -13.112750 -0.824088 4.997870
v -13.112750 -0.797405 5.001513
v -13.112750 -0.746625 5.014278
v -13.112750 -0.696431 5.026671
v -13.112750 -0.645810 5.035573
v -13.112750 -0.594449 5.040050
v -13.112750 -0.543300 5.120907
v -13.112750 -0.594449 5.119950
v -13.112750 -0.645810 5.124427
v -13.112750 -0.696431 5.133329
v -13.112750 -0.746625 5.145722
v -13.112750 -0.797405 5.158487
v -13.112750 -0.824088 5.162130
v -13.112750 -0.837875 5.162057
v -13.112750 -0.851699 5.160004
v -13.112750 -0.865080 5.155481
v -13.112750 -0.877466 5.148667
v -13.112750 -0.888418 5.139978
v -13.112750 -0.897894 5.130030
v -13.112750 -0.913205 5.107588
v -13.112750 -0.919353 5.095479
v -13.112750 -0.921977 5.088972
v -13.112750 -0.923111 5.085395
v -13.112750 -0.923590 5.083356
v -13.112750 -0.923784 5.082158
v -13.119100 -0.505770 5.127227
v -13.119100 -0.541587 5.114792
v -13.119100 -0.542157 5.114632
v -13.119100 -0.542165 5.114678
v -13.118970 -0.542387 5.115893
v -13.118605 -0.542600 5.117061
v -13.118017 -0.542796 5.118137
v -13.117228 -0.542968 5.119081
v -13.116268 -0.543109 5.119856
v -13.115174 -0.543214 5.120432
v -13.113986 -0.543279 5.120787
v -13.112750 -0.504596 5.134620
v -13.119035 -0.530925 5.118922
v -13.114159 -0.532542 5.123968
v -13.114159 -0.491074 5.140679
v -13.117240 -0.470528 5.149943
v -13.116568 -0.470827 5.150441
v -13.115820 -0.471074 5.150853
v -13.115011 -0.471267 5.151174
v -13.114159 -0.471401 5.151398
v -13.119035 -0.488730 5.135927
v -13.118846 -0.489115 5.136708
v -13.118538 -0.489485 5.137459
v -13.118119 -0.489832 5.138164
v -13.117240 -0.490323 5.139158
v -13.116568 -0.490580 5.139679
v -13.115820 -0.490793 5.140110
v -13.115011 -0.490959 5.140445
v -13.119035 -0.509516 5.126653
v -13.118846 -0.509841 5.127461
v -13.118538 -0.510153 5.128237
v -13.118119 -0.510446 5.128966
v -13.117240 -0.510860 5.129995
v -13.116568 -0.511077 5.130534
v -13.115820 -0.511257 5.130980
v -13.115011 -0.511397 5.131328
v -13.114159 -0.511494 5.131569
v -13.118119 -0.542570 5.118028
v -13.118119 -0.531687 5.121296
v -13.118538 -0.542340 5.117276
v -13.118846 -0.542097 5.116476
v -13.119035 -0.541844 5.115642
v -13.118846 -0.531191 5.119751
v -13.115011 -0.532462 5.123720
v -13.115820 -0.532348 5.123363
v -13.116568 -0.532202 5.122905
v -13.117240 -0.532025 5.122352
v -13.118538 -0.531447 5.120547
v -13.117240 -0.542897 5.119088
v -13.114394 -0.923646 5.079981
v -13.115925 -0.923014 5.079926
v -13.117240 -0.922009 5.079838
v -13.118249 -0.920698 5.079724
v -13.118884 -0.919173 5.079591
v -13.119100 -0.917535 5.079449
v -13.119100 -0.917485 5.078645
v -13.119100 -0.917356 5.077851
v -13.119100 -0.916982 5.076265
v -13.119100 -0.915995 5.073157
v -13.119100 -0.913561 5.067132
v -13.119100 -0.907675 5.055538
v -13.119100 -0.893025 5.034070
v -13.119100 -0.884091 5.024671
v -13.119100 -0.873922 5.016589
v -13.119100 -0.862547 5.010323
v -13.119100 -0.850255 5.006179
v -13.119100 -0.837424 5.004280
v -13.119100 -0.824425 5.004213
v -13.119100 -0.798681 5.007742
v -13.119100 -0.748229 5.020422
v -13.119100 -0.697729 5.032884
v -13.119100 -0.646593 5.041874
v -13.119100 -0.594729 5.046407
v -13.119100 -0.542747 5.045419
v -13.119035 -0.563402 5.045735
v -13.114159 -0.583920 5.040536
v -13.119035 -0.615003 5.044274
v -13.114159 -0.635015 5.037021
v -13.119035 -0.666247 5.038136
v -13.114159 -0.685520 5.029164
v -13.119035 -0.716340 5.027632
v -13.114159 -0.734832 5.017516
v -13.119035 -0.765784 5.014870
v -13.114159 -0.784287 5.004605
v -13.119035 -0.815479 5.004105
v -13.114159 -0.814852 4.998843
v -13.119035 -0.825669 5.003263
v -13.114159 -0.825444 4.997969
v -13.119035 -0.902973 5.046024
v -13.114159 -0.907399 5.043096
v -13.114159 -0.553390 5.039988
v -13.115011 -0.553377 5.040249
v -13.115820 -0.553355 5.040622
v -13.116568 -0.553328 5.041103
v -13.117240 -0.553295 5.041683
v -13.118120 -0.553235 5.042791
v -13.118538 -0.553193 5.043576
v -13.118846 -0.553149 5.044411
v -13.119035 -0.553103 5.045281
v -13.119035 -0.542814 5.044534
v -13.118846 -0.542880 5.043666
v -13.118538 -0.542943 5.042831
v -13.118120 -0.543002 5.042047
v -13.117240 -0.543082 5.040941
v -13.116568 -0.543123 5.040362
v -13.114159 -0.604368 5.039705
v -13.115011 -0.604384 5.039965
v -13.115820 -0.604406 5.040339
v -13.116568 -0.604434 5.040820
v -13.117240 -0.604468 5.041400
v -13.118120 -0.604535 5.042509
v -13.118538 -0.604583 5.043295
v -13.118846 -0.604635 5.044132
v -13.119035 -0.604688 5.045002
v -13.119035 -0.594365 5.045531
v -13.118846 -0.594326 5.044660
v -13.118538 -0.594289 5.043822
v -13.118120 -0.594255 5.043035
v -13.117240 -0.594208 5.041925
v -13.116568 -0.594185 5.041344
v -13.115820 -0.594166 5.040863
v -13.115011 -0.594151 5.040489
v -13.114159 -0.594140 5.040228
v -13.114159 -0.655331 5.034467
v -13.115011 -0.655367 5.034725
v -13.115820 -0.655418 5.035096
v -13.116568 -0.655484 5.035572
v -13.117240 -0.655564 5.036147
v -13.118120 -0.655718 5.037246
v -13.118538 -0.655827 5.038024
v -13.118846 -0.655943 5.038853
v -13.119035 -0.656063 5.039715
v -13.119035 -0.645840 5.041074
v -13.118846 -0.645734 5.040210
v -13.118538 -0.645632 5.039380
v -13.118120 -0.645535 5.038600
v -13.117240 -0.645399 5.037499
v -13.116568 -0.645328 5.036922
v -13.115820 -0.645269 5.036445
v -13.115011 -0.645223 5.036073
v -13.114159 -0.645191 5.035815
v -13.114159 -0.705274 5.024827
v -13.115011 -0.705330 5.025082
v -13.115820 -0.705410 5.025447
v -13.116568 -0.705513 5.025917
v -13.117240 -0.705638 5.026484
v -13.118120 -0.705877 5.027566
v -13.118538 -0.706048 5.028333
v -13.118846 -0.706229 5.029149
v -13.119035 -0.706418 5.029999
v -13.119035 -0.696476 5.032251
v -13.118846 -0.696299 5.031400
v -13.118538 -0.696129 5.030581
v -13.118120 -0.695970 5.029811
v -13.117240 -0.695745 5.028726
v -13.116568 -0.695629 5.028157
v -13.115820 -0.695533 5.027686
v -13.115011 -0.695459 5.027319
v -13.114159 -0.695406 5.027064
v -13.114159 -0.754561 5.012365
v -13.115011 -0.754627 5.012617
v -13.115820 -0.754722 5.012979
v -13.116568 -0.754844 5.013445
v -13.117240 -0.754991 5.014006
v -13.118120 -0.755273 5.015079
v -13.118538 -0.755473 5.015840
v -13.118846 -0.755685 5.016649
v -13.119035 -0.755906 5.017491
v -13.119035 -0.746025 5.020081
v -13.118846 -0.745806 5.019239
v -13.118538 -0.745595 5.018429
v -13.118120 -0.745397 5.017669
v -13.117240 -0.745117 5.016595
v -13.116568 -0.744971 5.016033
v -13.115820 -0.744850 5.015568
v -13.115011 -0.744756 5.015205
v -13.114159 -0.744690 5.014953
v -13.114159 -0.804493 5.000359
v -13.115011 -0.804538 5.000616
v -13.115820 -0.804601 5.000985
v -13.116568 -0.804681 5.001460
v -13.117240 -0.804779 5.002032
v -13.118120 -0.804970 5.003126
v -13.118538 -0.805106 5.003900
v -13.118846 -0.805252 5.004725
v -13.119035 -0.805403 5.005582
v -13.119035 -0.795424 5.007507
v -13.118846 -0.795240 5.006655
v -13.118538 -0.795063 5.005836
v -13.118120 -0.794897 5.005066
v -13.117240 -0.794665 5.003980
v -13.116568 -0.794546 5.003411
v -13.115820 -0.794448 5.002939
v -13.115011 -0.794372 5.002572
v -13.114159 -0.794317 5.002317
v -13.115011 -0.825456 4.998230
v -13.115820 -0.825471 4.998603
v -13.116568 -0.825492 4.999083
v -13.117240 -0.825516 4.999663
v -13.118120 -0.825563 5.000771
v -13.118538 -0.825596 5.001557
v -13.118846 -0.825632 5.002393
v -13.118846 -0.815377 5.003240
v -13.118538 -0.815278 5.002410
v -13.118120 -0.815185 5.001629
v -13.117240 -0.815054 5.000528
v -13.116568 -0.814985 4.999951
v -13.115820 -0.814927 4.999474
v -13.115011 -0.814883 4.999102
v -13.114159 -0.849898 4.999761
v -13.115011 -0.849845 5.000016
v -13.115820 -0.849768 5.000382
v -13.116568 -0.849669 5.000853
v -13.117240 -0.849549 5.001421
v -13.118120 -0.849321 5.002507
v -13.118538 -0.849159 5.003276
v -13.118846 -0.848987 5.004095
v -13.119035 -0.848808 5.004947
v -13.119035 -0.837290 5.003380
v -13.118846 -0.837349 5.002511
v -13.118538 -0.837406 5.001676
v -13.118120 -0.837460 5.000891
v -13.117240 -0.837539 4.999785
v -13.116568 -0.837582 4.999206
v -13.115820 -0.837619 4.998727
v -13.115011 -0.837648 4.998355
v -13.114159 -0.837666 4.998095
v -13.114159 -0.861851 5.003353
v -13.115011 -0.861757 5.003595
v -13.115820 -0.861626 5.003944
v -13.116568 -0.861458 5.004392
v -13.117240 -0.861253 5.004933
v -13.118120 -0.860859 5.005966
v -13.118538 -0.860577 5.006698
v -13.118846 -0.860277 5.007477
v -13.119035 -0.859965 5.008288
v -13.114159 -0.873126 5.008821
v -13.115011 -0.872995 5.009046
v -13.115820 -0.872806 5.009366
v -13.116568 -0.872563 5.009778
v -13.117240 -0.872270 5.010275
v -13.118120 -0.871710 5.011228
v -13.118538 -0.871313 5.011905
v -13.118846 -0.870892 5.012625
v -13.119035 -0.870453 5.013374
v -13.114159 -0.883388 5.015877
v -13.115011 -0.883224 5.016079
v -13.115820 -0.882987 5.016369
v -13.116568 -0.882683 5.016742
v -13.117240 -0.882317 5.017192
v -13.118120 -0.881618 5.018053
v -13.118538 -0.881123 5.018664
v -13.118846 -0.880597 5.019314
v -13.119035 -0.880050 5.019990
v -13.114159 -0.892417 5.024159
v -13.115011 -0.892229 5.024340
v -13.115820 -0.891962 5.024602
v -13.116568 -0.891618 5.024939
v -13.117240 -0.891203 5.025345
v -13.118120 -0.890405 5.026117
v -13.118538 -0.889838 5.026663
v -13.118846 -0.889234 5.027243
v -13.119035 -0.888606 5.027847
v -13.114159 -0.900382 5.033290
v -13.115011 -0.900177 5.033452
v -13.115820 -0.899885 5.033685
v -13.116568 -0.899509 5.033986
v -13.117240 -0.899055 5.034348
v -13.118120 -0.898184 5.035038
v -13.118538 -0.897565 5.035526
v -13.118846 -0.896906 5.036045
v -13.119035 -0.896220 5.036586
v -13.114159 -0.917890 5.061759
v -13.115011 -0.917655 5.061872
v -13.115820 -0.917317 5.062034
v -13.116568 -0.916883 5.062242
v -13.117240 -0.916360 5.062493
v -13.118120 -0.915359 5.062973
v -13.118538 -0.914650 5.063313
v -13.118846 -0.913896 5.063675
v -13.119035 -0.913111 5.064052
v -13.119035 -0.908328 5.054886
v -13.118846 -0.909085 5.054456
v -13.118538 -0.909813 5.054042
v -13.118120 -0.910497 5.053654
v -13.117240 -0.911462 5.053108
v -13.116568 -0.911968 5.052822
v -13.115820 -0.912388 5.052586
v -13.115011 -0.912714 5.052403
v -13.114159 -0.912941 5.052274
v -13.114159 -0.921261 5.069555
v -13.115011 -0.921018 5.069648
v -13.115820 -0.920668 5.069781
v -13.116568 -0.920218 5.069952
v -13.117240 -0.919675 5.070158
v -13.118120 -0.918639 5.070554
v -13.118538 -0.917905 5.070835
v -13.118846 -0.917124 5.071134
v -13.119035 -0.916311 5.071445
v -13.114159 -0.922712 5.073794
v -13.115011 -0.922462 5.073868
v -13.115820 -0.922103 5.073973
v -13.116568 -0.921641 5.074109
v -13.117240 -0.921084 5.074273
v -13.118120 -0.920020 5.074587
v -13.118538 -0.919266 5.074810
v -13.118846 -0.918464 5.075047
v -13.119035 -0.917630 5.075294
v -13.114159 -0.923330 5.076186
v -13.115011 -0.923075 5.076241
v -13.115820 -0.922709 5.076319
v -13.116568 -0.922239 5.076420
v -13.117240 -0.921671 5.076542
v -13.118120 -0.920587 5.076775
v -13.118538 -0.919818 5.076941
v -13.118846 -0.919000 5.077117
v -13.119035 -0.918150 5.077301
v -13.114159 -0.923583 5.077571
v -13.115011 -0.923325 5.077609
v -13.115820 -0.922955 5.077663
v -13.116568 -0.922479 5.077731
v -13.117240 -0.921904 5.077815
v -13.118120 -0.920806 5.077974
v -13.118538 -0.920028 5.078088
v -13.118846 -0.919201 5.078209
v -13.119035 -0.918339 5.078335
v -13.118846 -0.903700 5.045542
v -13.118538 -0.904399 5.045080
v -13.118120 -0.905056 5.044645
v -13.117240 -0.905982 5.044032
v -13.116568 -0.906467 5.043712
v -13.115820 -0.906869 5.043447
v -13.115011 -0.907181 5.043241
v -13.119035 -0.785521 5.009767
v -13.118846 -0.785316 5.008919
v -13.118538 -0.785119 5.008105
v -13.118120 -0.784935 5.007339
v -13.117240 -0.784677 5.006258
v -13.116568 -0.784544 5.005692
v -13.115820 -0.784434 5.005223
v -13.115011 -0.784349 5.004858
v -13.114159 -0.774366 5.007110
v -13.119035 -0.775672 5.012252
v -13.118846 -0.775456 5.011407
v -13.118538 -0.775249 5.010596
v -13.118120 -0.775054 5.009833
v -13.117240 -0.774781 5.008757
v -13.116568 -0.774639 5.008193
v -13.115820 -0.774522 5.007726
v -13.115011 -0.774430 5.007363
v -13.118846 -0.765564 5.014027
v -13.118538 -0.765352 5.013217
v -13.118120 -0.765154 5.012457
v -13.117240 -0.764874 5.011383
v -13.116568 -0.764727 5.010821
v -13.115820 -0.764606 5.010355
v -13.115011 -0.764512 5.009992
v -13.114159 -0.764446 5.009740
v -13.119035 -0.736140 5.022650
v -13.118846 -0.735925 5.021807
v -13.118538 -0.735718 5.020997
v -13.118120 -0.735524 5.020235
v -13.117240 -0.735250 5.019160
v -13.116568 -0.735107 5.018597
v -13.115820 -0.734988 5.018131
v -13.115011 -0.734896 5.017768
v -13.114159 -0.715130 5.022475
v -13.119035 -0.726246 5.025175
v -13.118846 -0.726038 5.024330
v -13.118538 -0.725837 5.023518
v -13.118120 -0.725649 5.022755
v -13.117240 -0.725385 5.021678
v -13.116568 -0.725246 5.021114
v -13.115820 -0.725132 5.020647
v -13.115011 -0.725043 5.020284
v -13.114159 -0.724981 5.020031
v -13.118846 -0.716141 5.026785
v -13.118538 -0.715949 5.025971
v -13.118120 -0.715769 5.025206
v -13.117240 -0.715515 5.024127
v -13.116568 -0.715383 5.023562
v -13.115820 -0.715274 5.023093
v -13.115011 -0.715190 5.022729
v -13.119035 -0.686510 5.034367
v -13.118846 -0.686347 5.033513
v -13.118538 -0.686189 5.032691
v -13.118120 -0.686041 5.031920
v -13.117240 -0.685834 5.030831
v -13.116568 -0.685727 5.030260
v -13.115820 -0.685638 5.029787
v -13.115011 -0.685569 5.029420
v -13.114159 -0.665429 5.032902
v -13.119035 -0.676395 5.036346
v -13.118846 -0.676245 5.035488
v -13.118538 -0.676101 5.034665
v -13.118120 -0.675966 5.033890
v -13.117240 -0.675777 5.032798
v -13.116568 -0.675679 5.032226
v -13.115820 -0.675598 5.031752
v -13.115011 -0.675535 5.031383
v -13.114159 -0.675490 5.031126
v -13.118846 -0.666112 5.037276
v -13.118538 -0.665982 5.036450
v -13.118120 -0.665860 5.035674
v -13.117240 -0.665689 5.034578
v -13.116568 -0.665600 5.034004
v -13.115820 -0.665526 5.033529
v -13.115011 -0.665469 5.033159
v -13.119035 -0.635585 5.042291
v -13.118846 -0.635492 5.041425
v -13.118538 -0.635402 5.040593
v -13.118120 -0.635318 5.039811
v -13.117240 -0.635199 5.038708
v -13.116568 -0.635136 5.038131
v -13.115820 -0.635084 5.037652
v -13.115011 -0.635043 5.037280
v -13.114159 -0.614596 5.038984
v -13.119035 -0.625304 5.043364
v -13.118846 -0.625224 5.042496
v -13.118538 -0.625147 5.041662
v -13.118120 -0.625074 5.040879
v -13.117240 -0.624972 5.039774
v -13.116568 -0.624918 5.039195
v -13.115820 -0.624873 5.038716
v -13.115011 -0.624838 5.038343
v -13.114159 -0.624814 5.038083
v -13.118846 -0.614936 5.043404
v -13.118538 -0.614871 5.042569
v -13.118120 -0.614811 5.041784
v -13.117240 -0.614726 5.040677
v -13.116568 -0.614681 5.040097
v -13.115820 -0.614644 5.039617
v -13.115011 -0.614616 5.039244
v -13.119035 -0.584039 5.045842
v -13.118846 -0.584017 5.044970
v -13.118538 -0.583997 5.044132
v -13.118120 -0.583977 5.043345
v -13.117240 -0.583953 5.042234
v -13.116568 -0.583941 5.041653
v -13.115820 -0.583933 5.041172
v -13.115011 -0.583926 5.040797
v -13.114159 -0.563536 5.040434
v -13.119035 -0.573716 5.045916
v -13.118846 -0.573714 5.045044
v -13.118538 -0.573712 5.044207
v -13.118120 -0.573710 5.043419
v -13.117240 -0.573710 5.042309
v -13.116568 -0.573712 5.041728
v -13.115820 -0.573714 5.041246
v -13.115011 -0.573716 5.040872
v -13.114159 -0.573716 5.040611
v -13.118846 -0.563422 5.044864
v -13.118538 -0.563441 5.044027
v -13.118120 -0.563460 5.043241
v -13.117240 -0.563488 5.042131
v -13.116568 -0.563505 5.041550
v -13.115820 -0.563519 5.041069
v -13.115011 -0.563530 5.040695
v -13.119100 -0.542747 5.114581
v -13.119100 -0.594729 5.113593
v -13.119100 -0.646593 5.118126
v -13.119100 -0.697729 5.127116
v -13.119100 -0.748229 5.139578
v -13.119100 -0.798681 5.152258
v -13.119100 -0.824425 5.155787
v -13.119100 -0.837424 5.155720
v -13.119100 -0.850255 5.153821
v -13.119100 -0.862547 5.149677
v -13.119100 -0.873922 5.143411
v -13.119100 -0.884091 5.135329
v -13.119100 -0.893025 5.125930
v -13.119100 -0.907675 5.104462
v -13.119100 -0.913561 5.092868
v -13.119100 -0.915995 5.086843
v -13.119100 -0.916982 5.083735
v -13.119100 -0.917356 5.082149
v -13.119100 -0.917485 5.081355
v -13.119035 -0.913111 5.095948
v -13.114159 -0.917890 5.098241
v -13.119035 -0.903929 5.112489
v -13.114159 -0.908390 5.115362
v -13.119035 -0.815237 5.155866
v -13.114159 -0.814602 5.161127
v -13.119035 -0.785168 5.150147
v -13.114159 -0.764868 5.150373
v -13.119035 -0.730485 5.135899
v -13.114159 -0.710503 5.136407
v -13.119035 -0.681457 5.124622
v -13.114159 -0.660385 5.126288
v -13.119035 -0.630447 5.117153
v -13.114159 -0.609482 5.120632
v -13.119035 -0.578877 5.114090
v -13.114159 -0.560996 5.119651
v -13.115820 -0.552087 5.119453
v -13.119035 -0.542814 5.115466
v -13.118846 -0.551866 5.115665
v -13.118538 -0.542943 5.117169
v -13.118538 -0.551914 5.116501
v -13.118120 -0.543002 5.117953
v -13.117240 -0.552023 5.118393
v -13.116568 -0.552058 5.118973
v -13.119035 -0.551817 5.114796
v -13.118120 -0.551959 5.117286
v -13.115011 -0.552110 5.119827
v -13.114159 -0.552125 5.120087
v -13.118846 -0.542880 5.116334
v -13.117240 -0.543082 5.119059
v -13.116568 -0.543123 5.119638
v -13.119035 -0.599527 5.114707
v -13.118846 -0.599481 5.115578
v -13.118538 -0.599437 5.116415
v -13.118120 -0.599395 5.117202
v -13.117240 -0.599338 5.118311
v -13.116568 -0.599309 5.118892
v -13.115820 -0.599286 5.119373
v -13.115011 -0.599267 5.119747
v -13.114159 -0.599253 5.120008
v -13.114159 -0.589028 5.119590
v -13.115011 -0.589037 5.119329
v -13.115820 -0.589048 5.118954
v -13.116568 -0.589062 5.118473
v -13.117240 -0.589079 5.117892
v -13.118120 -0.589115 5.116782
v -13.118538 -0.589142 5.115995
v -13.118846 -0.589171 5.115157
v -13.119035 -0.589202 5.114285
v -13.119035 -0.650956 5.119583
v -13.118846 -0.650843 5.120446
v -13.118538 -0.650734 5.121275
v -13.118120 -0.650632 5.122055
v -13.117240 -0.650487 5.123154
v -13.116568 -0.650411 5.123730
v -13.115820 -0.650349 5.124207
v -13.115011 -0.650300 5.124578
v -13.114159 -0.650266 5.124837
v -13.114159 -0.640107 5.123565
v -13.115011 -0.640137 5.123306
v -13.115820 -0.640180 5.122935
v -13.116568 -0.640236 5.122457
v -13.117240 -0.640303 5.121880
v -13.118120 -0.640431 5.120778
v -13.118538 -0.640521 5.119997
v -13.118846 -0.640616 5.119166
v -13.119035 -0.640716 5.118301
v -13.119035 -0.701632 5.128900
v -13.118846 -0.701448 5.129751
v -13.118538 -0.701272 5.130568
v -13.118120 -0.701106 5.131337
v -13.117240 -0.700874 5.132420
v -13.116568 -0.700754 5.132988
v -13.115820 -0.700654 5.133459
v -13.115011 -0.700577 5.133825
v -13.114159 -0.700522 5.134079
v -13.114159 -0.690526 5.131880
v -13.115011 -0.690577 5.131625
v -13.115820 -0.690649 5.131258
v -13.116568 -0.690741 5.130786
v -13.117240 -0.690853 5.130216
v -13.118120 -0.691069 5.129129
v -13.118538 -0.691223 5.128358
v -13.118846 -0.691387 5.127538
v -13.119035 -0.691557 5.126685
v -13.119035 -0.756748 5.142731
v -13.118846 -0.756527 5.143573
v -13.118538 -0.756315 5.144382
v -13.118120 -0.756115 5.145142
v -13.117240 -0.755834 5.146215
v -13.116568 -0.755686 5.146776
v -13.115820 -0.755564 5.147242
v -13.115011 -0.755469 5.147604
v -13.114159 -0.755403 5.147856
v -13.114159 -0.746666 5.145564
v -13.115011 -0.746732 5.145312
v -13.115820 -0.746826 5.144950
v -13.116568 -0.746948 5.144484
v -13.117240 -0.747095 5.143922
v -13.118120 -0.747375 5.142849
v -13.118538 -0.747573 5.142088
v -13.118846 -0.747785 5.141279
v -13.119035 -0.748005 5.140437
v -13.119035 -0.804924 5.154335
v -13.118846 -0.804771 5.155193
v -13.118538 -0.804624 5.156017
v -13.118120 -0.804486 5.156791
v -13.117240 -0.804293 5.157884
v -13.116568 -0.804194 5.158456
v -13.115820 -0.804112 5.158931
v -13.115011 -0.804049 5.159300
v -13.114159 -0.804003 5.159556
v -13.114159 -0.793594 5.157529
v -13.115011 -0.793650 5.157274
v -13.115820 -0.793727 5.156907
v -13.116568 -0.793825 5.156435
v -13.117240 -0.793946 5.155866
v -13.118120 -0.794180 5.154781
v -13.118538 -0.794347 5.154011
v -13.118846 -0.794526 5.153193
v -13.119035 -0.794713 5.152341
v -13.119035 -0.825669 5.156737
v -13.118846 -0.825632 5.157607
v -13.118538 -0.825596 5.158443
v -13.118120 -0.825563 5.159229
v -13.117240 -0.825516 5.160337
v -13.116568 -0.825492 5.160917
v -13.115820 -0.825471 5.161397
v -13.115011 -0.825456 5.161770
v -13.114159 -0.825444 5.162031
v -13.115011 -0.814633 5.160868
v -13.115820 -0.814678 5.160497
v -13.116568 -0.814736 5.160019
v -13.117240 -0.814806 5.159442
v -13.118120 -0.814939 5.158342
v -13.118538 -0.815033 5.157561
v -13.118846 -0.815133 5.156731
v -13.119035 -0.839871 5.156408
v -13.118846 -0.839955 5.157275
v -13.118538 -0.840035 5.158108
v -13.118120 -0.840112 5.158891
v -13.117240 -0.840222 5.159994
v -13.116568 -0.840282 5.160571
v -13.115820 -0.840333 5.161049
v -13.115011 -0.840372 5.161421
v -13.114159 -0.840397 5.161680
v -13.119035 -0.853849 5.153794
v -13.118846 -0.854087 5.154630
v -13.118538 -0.854316 5.155435
v -13.118120 -0.854531 5.156190
v -13.117240 -0.854832 5.157257
v -13.116568 -0.854988 5.157815
v -13.115820 -0.855116 5.158278
v -13.115011 -0.855216 5.158638
v -13.114159 -0.855287 5.158889
v -13.119035 -0.867063 5.148492
v -13.118846 -0.867462 5.149264
v -13.118538 -0.867845 5.150005
v -13.118120 -0.868204 5.150702
v -13.117240 -0.868711 5.151683
v -13.116568 -0.868975 5.152196
v -13.115820 -0.869194 5.152620
v -13.115011 -0.869365 5.152951
v -13.114159 -0.869484 5.153182
v -13.119035 -0.879056 5.140796
v -13.118846 -0.879593 5.141481
v -13.118538 -0.880109 5.142139
v -13.118120 -0.880594 5.142757
v -13.117240 -0.881280 5.143628
v -13.116568 -0.881640 5.144083
v -13.115820 -0.881939 5.144460
v -13.115011 -0.882171 5.144753
v -13.114159 -0.882332 5.144958
v -13.119035 -0.889521 5.131196
v -13.118846 -0.890157 5.131793
v -13.118538 -0.890768 5.132366
v -13.118120 -0.891342 5.132905
v -13.117240 -0.892149 5.133667
v -13.116568 -0.892569 5.134068
v -13.115820 -0.892917 5.134401
v -13.115011 -0.893187 5.134659
v -13.114159 -0.893377 5.134838
v -13.119035 -0.898588 5.120304
v -13.118846 -0.899289 5.120824
v -13.118538 -0.899963 5.121324
v -13.118120 -0.900596 5.121794
v -13.117240 -0.901487 5.122457
v -13.116568 -0.901953 5.122805
v -13.115820 -0.902338 5.123093
v -13.115011 -0.902637 5.123318
v -13.114159 -0.902847 5.123473
v -13.119035 -0.908758 5.104343
v -13.118846 -0.909518 5.104768
v -13.118538 -0.910248 5.105177
v -13.118120 -0.910934 5.105561
v -13.117240 -0.911902 5.106102
v -13.116568 -0.912410 5.106385
v -13.115820 -0.912831 5.106618
v -13.115011 -0.913158 5.106800
v -13.114159 -0.913385 5.106928
v -13.115011 -0.908171 5.115221
v -13.115820 -0.907856 5.115019
v -13.116568 -0.907451 5.114759
v -13.117240 -0.906962 5.114445
v -13.118120 -0.906029 5.113844
v -13.118538 -0.905367 5.113417
v -13.118846 -0.904662 5.112962
v -13.119035 -0.916311 5.088555
v -13.118846 -0.917124 5.088866
v -13.118538 -0.917905 5.089165
v -13.118120 -0.918639 5.089446
v -13.117240 -0.919675 5.089842
v -13.116568 -0.920218 5.090048
v -13.115820 -0.920668 5.090219
v -13.115011 -0.921018 5.090352
v -13.114159 -0.921261 5.090445
v -13.115011 -0.917655 5.098128
v -13.115820 -0.917317 5.097966
v -13.116568 -0.916883 5.097758
v -13.117240 -0.916360 5.097507
v -13.118120 -0.915359 5.097027
v -13.118538 -0.914650 5.096687
v -13.118846 -0.913896 5.096325
v -13.119035 -0.917630 5.084706
v -13.118846 -0.918464 5.084953
v -13.118538 -0.919267 5.085190
v -13.118120 -0.920021 5.085413
v -13.117240 -0.921084 5.085727
v -13.116568 -0.921641 5.085891
v -13.115820 -0.922103 5.086027
v -13.115011 -0.922462 5.086132
v -13.114159 -0.922712 5.086206
v -13.119035 -0.918150 5.082699
v -13.118846 -0.919001 5.082883
v -13.118538 -0.919818 5.083059
v -13.118120 -0.920587 5.083225
v -13.117240 -0.921671 5.083458
v -13.116568 -0.922239 5.083580
v -13.115820 -0.922709 5.083681
v -13.115011 -0.923075 5.083759
v -13.114159 -0.923330 5.083814
v -13.119035 -0.918339 5.081665
v -13.118846 -0.919201 5.081791
v -13.118538 -0.920028 5.081912
v -13.118120 -0.920806 5.082026
v -13.117240 -0.921904 5.082185
v -13.116568 -0.922479 5.082269
v -13.115820 -0.922955 5.082337
v -13.115011 -0.923325 5.082391
v -13.114159 -0.923583 5.082429
v -13.114159 -0.737926 5.143285
v -13.115011 -0.737991 5.143032
v -13.115820 -0.738084 5.142670
v -13.116568 -0.738203 5.142204
v -13.117240 -0.738347 5.141641
v -13.118120 -0.738623 5.140567
v -13.118538 -0.738819 5.139806
v -13.118846 -0.739027 5.138996
v -13.119035 -0.739244 5.138153
v -13.114159 -0.783930 5.155309
v -13.115011 -0.783992 5.155055
v -13.115820 -0.784077 5.154690
v -13.116568 -0.784187 5.154221
v -13.117240 -0.784321 5.153655
v -13.118120 -0.784580 5.152575
v -13.118538 -0.784765 5.151809
v -13.118846 -0.784962 5.150995
v -13.119035 -0.775672 5.147748
v -13.114159 -0.774366 5.152890
v -13.115011 -0.774430 5.152637
v -13.115820 -0.774522 5.152274
v -13.116568 -0.774639 5.151807
v -13.117240 -0.774781 5.151243
v -13.118120 -0.775054 5.150167
v -13.118538 -0.775249 5.149404
v -13.118846 -0.775456 5.148593
v -13.115011 -0.764934 5.150120
v -13.115820 -0.765028 5.149758
v -13.116568 -0.765149 5.149292
v -13.117240 -0.765295 5.148730
v -13.118120 -0.765575 5.147656
v -13.118538 -0.765774 5.146895
v -13.118846 -0.765985 5.146086
v -13.119035 -0.766205 5.145243
v -13.114159 -0.729199 5.141039
v -13.115011 -0.729263 5.140786
v -13.115820 -0.729353 5.140423
v -13.116568 -0.729469 5.139956
v -13.117240 -0.729610 5.139393
v -13.118120 -0.729879 5.138317
v -13.118538 -0.730070 5.137555
v -13.118846 -0.730273 5.136744
v -13.119035 -0.721717 5.133691
v -13.114159 -0.720475 5.138841
v -13.115011 -0.720537 5.138588
v -13.115820 -0.720624 5.138224
v -13.116568 -0.720736 5.137756
v -13.117240 -0.720871 5.137192
v -13.118120 -0.721131 5.136114
v -13.118538 -0.721316 5.135350
v -13.118846 -0.721513 5.134537
v -13.115011 -0.710561 5.136153
v -13.115820 -0.710644 5.135789
v -13.116568 -0.710750 5.135320
v -13.117240 -0.710879 5.134754
v -13.118120 -0.711126 5.133673
v -13.118538 -0.711301 5.132907
v -13.118846 -0.711489 5.132092
v -13.119035 -0.711684 5.131244
v -13.114159 -0.680508 5.129833
v -13.115011 -0.680555 5.129577
v -13.115820 -0.680621 5.129208
v -13.116568 -0.680706 5.128735
v -13.117240 -0.680809 5.128164
v -13.118120 -0.681007 5.127073
v -13.118538 -0.681149 5.126300
v -13.118846 -0.681300 5.125478
v -13.119035 -0.671326 5.122734
v -13.114159 -0.670464 5.127961
v -13.115011 -0.670506 5.127704
v -13.115820 -0.670566 5.127335
v -13.116568 -0.670643 5.126860
v -13.117240 -0.670737 5.126287
v -13.118120 -0.670917 5.125193
v -13.118538 -0.671046 5.124418
v -13.118846 -0.671183 5.123593
v -13.115011 -0.660423 5.126030
v -13.115820 -0.660477 5.125660
v -13.116568 -0.660547 5.125184
v -13.117240 -0.660631 5.124609
v -13.118120 -0.660794 5.123512
v -13.118538 -0.660909 5.122735
v -13.118846 -0.661032 5.121908
v -13.119035 -0.661160 5.121047
v -13.114159 -0.629918 5.122429
v -13.115011 -0.629944 5.122169
v -13.115820 -0.629981 5.121797
v -13.116568 -0.630030 5.121318
v -13.117240 -0.630088 5.120740
v -13.118120 -0.630199 5.119636
v -13.118538 -0.630277 5.118853
v -13.118846 -0.630361 5.118020
v -13.119035 -0.620155 5.116160
v -13.114159 -0.619707 5.121445
v -13.115011 -0.619729 5.121185
v -13.115820 -0.619761 5.120812
v -13.116568 -0.619801 5.120332
v -13.117240 -0.619851 5.119753
v -13.118120 -0.619945 5.118647
v -13.118538 -0.620011 5.117863
v -13.118846 -0.620082 5.117028
v -13.115011 -0.609501 5.120372
v -13.115820 -0.609526 5.119998
v -13.116568 -0.609558 5.119518
v -13.117240 -0.609598 5.118938
v -13.118120 -0.609674 5.117830
v -13.118538 -0.609729 5.117044
v -13.118846 -0.609786 5.116208
v -13.119035 -0.609847 5.115338
v -13.114159 -0.578815 5.119396
v -13.115011 -0.578819 5.119135
v -13.115820 -0.578821 5.118761
v -13.116568 -0.578824 5.118279
v -13.117240 -0.578829 5.117698
v -13.118120 -0.578842 5.116588
v -13.118538 -0.578853 5.115800
v -13.118846 -0.578864 5.114962
v -13.119035 -0.569847 5.114121
v -13.114159 -0.569895 5.119425
v -13.115011 -0.569893 5.119164
v -13.115820 -0.569888 5.118790
v -13.116568 -0.569881 5.118308
v -13.117240 -0.569874 5.117727
v -13.118120 -0.569864 5.116617
v -13.118538 -0.569858 5.115830
v -13.118846 -0.569853 5.114993
v -13.115011 -0.560989 5.119391
v -13.115820 -0.560975 5.119017
v -13.116568 -0.560957 5.118536
v -13.117240 -0.560937 5.117955
v -13.118120 -0.560901 5.116846
v -13.118538 -0.560877 5.116060
v -13.118846 -0.560852 5.115223
v -13.119035 -0.560826 5.114352
vt 0.019949 -0.514928 0.000000
vt 0.016717 -0.514928 0.000000
vt 0.019949 -0.561739 0.000000
vt 0.016717 -0.561739 0.000000
vt 0.019949 0.561739 0.000000
vt 0.016717 0.561739 0.000000
vt 0.019949 0.514928 0.000000
vt 0.016717 0.514928 0.000000
vt 0.019949 0.468116 0.000000
vt 0.016717 0.468116 0.000000
vt 0.019949 0.421305 0.000000
vt 0.016717 0.421305 0.000000
vt 0.019949 0.374493 0.000000
vt 0.016717 0.374493 0.000000
vt 0.019949 0.327681 0.000000
vt 0.016717 0.327681 0.000000
vt 0.019949 0.280870 0.000000
vt 0.016717 0.280870 0.000000
vt 0.019949 0.234058 0.000000
vt 0.016717 0.234058 0.000000
vt 0.019949 0.187246 0.000000
vt 0.016717 0.187246 0.000000
vt 0.019949 0.140435 0.000000
vt 0.016717 0.140435 0.000000
vt 0.019949 0.093623 0.000000
vt 0.016717 0.093623 0.000000
vt 0.019949 0.046812 0.000000
vt 0.016717 0.046812 0.000000
vt 0.019949 0.000000 0.000000
vt 0.016717 0.000000 0.000000
vt 0.019949 -0.046812 0.000000
vt 0.016717 -0.046812 0.000000
vt 0.019949 -0.093623 0.000000
vt 0.016717 -0.093623 0.000000
vt 0.019949 -0.140435 0.000000
vt 0.016717 -0.140435 0.000000
vt 0.019949 -0.187246 0.000000
vt 0.016717 -0.187246 0.000000
vt 0.019949 -0.234058 0.000000
vt 0.016717 -0.234058 0.000000
vt 0.019949 -0.280870 0.000000
vt 0.016717 -0.280870 0.000000
vt 0.019949 -0.327681 0.000000
vt 0.016717 -0.327681 0.000000
vt 0.019949 -0.374493 0.000000
vt 0.016717 -0.374493 0.000000
vt 0.019949 -0.421305 0.000000
vt 0.016717 -0.421305 0.000000
vt 0.019949 -0.468116 0.000000
vt 0.016717 -0.468116 0.000000
vt 0.000554 0.514928 0.000000
vt 0.003787 0.514928 0.000000
vt 0.000554 0.561739 0.000000
vt 0.003787 0.561739 0.000000
vt 0.000554 -0.561739 0.000000
vt 0.003787 -0.561739 0.000000
vt 0.000554 -0.514928 0.000000
vt 0.003787 -0.514928 0.000000
vt 0.000554 -0.468116 0.000000
vt 0.003787 -0.468116 0.000000
vt 0.000554 -0.421305 0.000000
vt 0.003787 -0.421305 0.000000
vt 0.000554 -0.374493 0.000000
vt 0.003787 -0.374493 0.000000
vt 0.000554 -0.327681 0.000000
vt 0.003787 -0.327681 0.000000
vt 0.000554 -0.280870 0.000000
vt 0.003787 -0.280870 0.000000
vt 0.000554 -0.234058 0.000000
vt 0.003787 -0.234058 0.000000
vt 0.000554 -0.187246 0.000000
vt 0.003787 -0.187246 0.000000
vt 0.000554 -0.140435 0.000000
vt 0.003787 -0.140435 0.000000
vt 0.000554 -0.093623 0.000000
vt 0.003787 -0.093623 0.000000
vt 0.000554 -0.046812 0.000000
vt 0.003787 -0.046812 0.000000
vt 0.000554 0.000000 0.000000
vt 0.003787 0.000000 0.000000
vt 0.000554 0.046812 0.000000
vt 0.003787 0.046812 0.000000
vt 0.000554 0.093623 0.000000
vt 0.003787 0.093623 0.000000
vt 0.000554 0.140435 0.000000
vt 0.003787 0.140435 0.000000
vt 0.000554 0.187246 0.000000
vt 0.003787 0.187246 0.000000
vt 0.000554 0.234058 0.000000
vt 0.003787 0.234058 0.000000
vt 0.000554 0.280870 0.000000
vt 0.003787 0.280870 0.000000
vt 0.000554 0.327681 0.000000
vt 0.003787 0.327681 0.000000
vt 0.000554 0.374493 0.000000
vt 0.003787 0.374493 0.000000
vt 0.000554 0.421305 0.000000
vt 0.003787 0.421305 0.000000
vt 0.000554 0.468116 0.000000
vt 0.003787 0.468116 0.000000
vt 0.013484 0.561739 0.000000
vt 0.013484 0.514928 0.000000
vt 0.013484 0.468116 0.000000
vt 0.013484 0.421305 0.000000
vt 0.013484 0.374493 0.000000
vt 0.013484 0.327681 0.000000
vt 0.013484 0.280870 0.000000
vt 0.013484 0.234058 0.000000
vt 0.013484 0.187246 0.000000
vt 0.013484 0.140435 0.000000
vt 0.013484 0.093623 0.000000
vt 0.013484 0.046812 0.000000
vt 0.013484 0.000000 0.000000
vt 0.013484 -0.046812 0.000000
vt 0.013484 -0.093623 0.000000
vt 0.013484 -0.140435 0.000000
vt 0.013484 -0.187246 0.000000
vt 0.013484 -0.234058 0.000000
vt 0.013484 -0.280870 0.000000
vt 0.013484 -0.327681 0.000000
vt 0.013484 -0.374493 0.000000
vt 0.013484 -0.421305 0.000000
vt 0.013484 -0.468116 0.000000
vt 0.013484 -0.514928 0.000000
vt 0.013484 -0.561739 0.000000
vt 0.010252 0.561739 0.000000
vt 0.010252 0.514928 0.000000
vt 0.010252 0.468116 0.000000
vt 0.010252 0.421305 0.000000
vt 0.010252 0.374493 0.000000
vt 0.010252 0.327681 0.000000
vt 0.010252 0.280870 0.000000
vt 0.010252 0.234058 0.000000
vt 0.010252 0.187246 0.000000
vt 0.010252 0.140435 0.000000
vt 0.010252 0.093623 0.000000
vt 0.010252 0.046812 0.000000
vt 0.010252 0.000000 0.000000
vt 0.010252 -0.046812 0.000000
vt 0.010252 -0.093623 0.000000
vt 0.010252 -0.140435 0.000000
vt 0.010252 -0.187246 0.000000
vt 0.010252 -0.234058 0.000000
vt 0.010252 -0.280870 0.000000
vt 0.010252 -0.327681 0.000000
vt 0.010252 -0.374493 0.000000
vt 0.010252 -0.421305 0.000000
vt 0.010252 -0.468116 0.000000
vt 0.010252 -0.514928 0.000000
vt 0.010252 -0.561739 0.000000
vt 0.007019 0.561739 0.000000
vt 0.007019 0.514928 0.000000
vt 0.007019 0.468116 0.000000
vt 0.007019 0.421305 0.000000
vt 0.007019 0.374493 0.000000
vt 0.007019 0.327681 0.000000
vt 0.007019 0.280870 0.000000
vt 0.007019 0.234058 0.000000
vt 0.007019 0.187246 0.000000
vt 0.007019 0.140435 0.000000
vt 0.007019 0.093623 0.000000
vt 0.007019 0.046812 0.000000
vt 0.007019 0.000000 0.000000
vt 0.007019 -0.046812 0.000000
vt 0.007019 -0.093623 0.000000
vt 0.007019 -0.140435 0.000000
vt 0.007019 -0.187246 0.000000
vt 0.007019 -0.234058 0.000000
vt 0.007019 -0.280870 0.000000
vt 0.007019 -0.327681 0.000000
vt 0.007019 -0.374493 0.000000
vt 0.007019 -0.421305 0.000000
vt 0.007019 -0.468116 0.000000
vt 0.007019 -0.514928 0.000000
vt 0.007019 -0.561739 0.000000
vt -0.027711 0.537595 0.000000
vt -0.027711 0.584343 0.000000
vt -0.178524 0.584343 0.000000
vt -0.178524 -0.584343 0.000000
vt -0.027711 -0.584343 0.000000
vt -0.027711 -0.537595 0.000000
vt -0.178524 -0.535648 0.000000
vt -0.027711 -0.490848 0.000000
vt -0.178524 -0.486952 0.000000
vt -0.027711 -0.444100 0.000000
vt -0.178524 -0.438257 0.000000
vt -0.027711 -0.397353 0.000000
vt -0.178524 -0.389562 0.000000
vt -0.027711 -0.350606 0.000000
vt -0.178524 -0.340867 0.000000
vt -0.027711 -0.303858 0.000000
vt -0.178524 -0.292171 0.000000
vt -0.027711 -0.257111 0.000000
vt -0.178524 -0.243476 0.000000
vt -0.027711 -0.210363 0.000000
vt -0.178524 -0.194781 0.000000
vt -0.027711 -0.163616 0.000000
vt -0.178524 -0.146086 0.000000
vt -0.027711 -0.116869 0.000000
vt -0.178524 -0.097390 0.000000
vt -0.027711 -0.070121 0.000000
vt -0.178524 -0.048695 0.000000
vt -0.027711 -0.023374 0.000000
vt -0.178524 0.000000 0.000000
vt -0.027711 0.023374 0.000000
vt -0.178524 0.048695 0.000000
vt -0.027711 0.070121 0.000000
vt -0.178524 0.097390 0.000000
vt -0.027711 0.116869 0.000000
vt -0.178524 0.146086 0.000000
vt -0.027711 0.163616 0.000000
vt -0.178524 0.194781 0.000000
vt -0.027711 0.210363 0.000000
vt -0.178524 0.243476 0.000000
vt -0.027711 0.257111 0.000000
vt -0.178524 0.292171 0.000000
vt -0.027711 0.303858 0.000000
vt -0.178524 0.340867 0.000000
vt -0.027711 0.350606 0.000000
vt -0.178524 0.389562 0.000000
vt -0.027711 0.397353 0.000000
vt -0.178524 0.438257 0.000000
vt -0.027711 0.444100 0.000000
vt -0.178524 0.486952 0.000000
vt -0.027711 0.490848 0.000000
vt -0.178524 0.535648 0.000000
vt 0.164232 0.044006 0.000000
vt -0.164232 0.044006 0.000000
vt 0.170025 0.000000 0.000000
vt -0.170025 0.000000 0.000000
vt 0.164232 -0.044006 0.000000
vt -0.164232 -0.044006 0.000000
vt 0.147246 -0.085012 0.000000
vt -0.147246 -0.085012 0.000000
vt 0.120226 -0.120226 0.000000
vt -0.120226 -0.120226 0.000000
vt 0.085012 -0.147246 0.000000
vt -0.085012 -0.147246 0.000000
vt 0.044006 -0.164232 0.000000
vt -0.044006 -0.164232 0.000000
vt -0.000000 -0.170025 0.000000
vt -0.147246 0.085012 0.000000
vt 0.147246 0.085012 0.000000
vt -0.120226 0.120226 0.000000
vt 0.120226 0.120226 0.000000
vt -0.085012 0.147246 0.000000
vt 0.085012 0.147246 0.000000
vt -0.044006 0.164232 0.000000
vt 0.044006 0.164232 0.000000
vt -0.000000 0.170025 0.000000
vt -0.095340 -0.285378 0.000000
vt 0.000000 -0.294498 0.000000
vt -0.110828 -0.283783 0.000000
vt 0.000000 -0.240953 0.000000
vt -0.110828 -0.230015 0.000000
vt 0.000000 -0.187408 0.000000
vt -0.110828 -0.176248 0.000000
vt 0.000000 -0.133863 0.000000
vt -0.110828 -0.122480 0.000000
vt 0.000000 -0.080318 0.000000
vt -0.110828 -0.068712 0.000000
vt 0.000000 -0.026773 0.000000
vt -0.110828 -0.014944 0.000000
vt 0.000000 0.026773 0.000000
vt -0.110828 0.038823 0.000000
vt 0.000000 0.080318 0.000000
vt -0.110828 0.092591 0.000000
vt 0.000000 0.133863 0.000000
vt -0.110828 0.146359 0.000000
vt 0.000000 0.187408 0.000000
vt -0.110828 0.200126 0.000000
vt 0.000000 0.240953 0.000000
vt -0.110828 0.253894 0.000000
vt 0.000000 0.294498 0.000000
vt -0.110828 0.307662 0.000000
vt 0.000000 0.348043 0.000000
vt -0.110828 0.361429 0.000000
vt 0.000000 0.401588 0.000000
vt -0.110828 0.415197 0.000000
vt 0.000000 0.455133 0.000000
vt -0.110828 0.468965 0.000000
vt 0.000000 0.508678 0.000000
vt -0.110828 0.522733 0.000000
vt 0.000000 0.562223 0.000000
vt -0.110828 0.576500 0.000000
vt 0.000000 0.615768 0.000000
vt -0.110828 0.630268 0.000000
vt 0.000000 0.669314 0.000000
vt -0.110828 0.684036 0.000000
vt 0.000000 0.722859 0.000000
vt -0.110828 0.737803 0.000000
vt -0.110828 -0.707914 0.000000
vt 0.000000 -0.722859 0.000000
vt 0.000000 -0.669314 0.000000
vt -0.110828 -0.654146 0.000000
vt 0.000000 -0.615768 0.000000
vt -0.110828 -0.600378 0.000000
vt 0.000000 -0.562223 0.000000
vt -0.110828 -0.546611 0.000000
vt 0.000000 -0.508678 0.000000
vt -0.110828 -0.492843 0.000000
vt 0.000000 -0.455133 0.000000
vt -0.110828 -0.439075 0.000000
vt -0.095340 -0.437481 0.000000
vt -0.094616 -0.437347 0.000000
vt -0.093924 -0.437095 0.000000
vt -0.092668 -0.436300 0.000000
vt -0.091608 -0.435229 0.000000
vt -0.090703 -0.433911 0.000000
vt -0.089962 -0.432380 0.000000
vt -0.089416 -0.430704 0.000000
vt -0.088973 -0.427194 0.000000
vt 0.000000 -0.401588 0.000000
vt -0.088973 -0.383351 0.000000
vt 0.000000 -0.348043 0.000000
vt -0.088973 -0.339508 0.000000
vt -0.088973 -0.295664 0.000000
vt -0.089404 -0.292203 0.000000
vt -0.089938 -0.290539 0.000000
vt -0.090680 -0.288987 0.000000
vt -0.091590 -0.287652 0.000000
vt -0.092654 -0.286570 0.000000
vt -0.093916 -0.285767 0.000000
vt -0.094612 -0.285512 0.000000
vt 0.110828 -0.669314 0.000000
vt 0.110828 -0.722859 0.000000
vt 0.110828 0.722859 0.000000
vt 0.110828 0.669314 0.000000
vt 0.110828 0.615768 0.000000
vt 0.110828 0.562223 0.000000
vt 0.110828 0.508678 0.000000
vt 0.110828 0.455133 0.000000
vt 0.110828 0.401588 0.000000
vt 0.110828 0.348043 0.000000
vt 0.110828 0.294498 0.000000
vt 0.110828 0.240953 0.000000
vt 0.110828 0.187408 0.000000
vt 0.110828 0.133863 0.000000
vt 0.110828 0.080318 0.000000
vt 0.110828 0.026773 0.000000
vt 0.110828 -0.026773 0.000000
vt 0.110828 -0.080318 0.000000
vt 0.110828 -0.133863 0.000000
vt 0.110828 -0.187408 0.000000
vt 0.110828 -0.240953 0.000000
vt 0.110828 -0.294498 0.000000
vt 0.110828 -0.348043 0.000000
vt 0.110828 -0.401588 0.000000
vt 0.110828 -0.455133 0.000000
vt 0.110828 -0.508678 0.000000
vt 0.110828 -0.562223 0.000000
vt 0.110828 -0.615768 0.000000
vt 3.934408 -0.551467 0.000000
vt 3.878994 -0.599421 0.000000
vt 3.934408 -0.599421 0.000000
vt 3.934408 0.599421 0.000000
vt 3.878994 0.599421 0.000000
vt 3.878994 0.551467 0.000000
vt 3.934408 0.551467 0.000000
vt 3.878994 0.503514 0.000000
vt 3.934408 0.503514 0.000000
vt 3.878994 0.455560 0.000000
vt 3.934408 0.455560 0.000000
vt 3.878994 0.407606 0.000000
vt 3.934408 0.407606 0.000000
vt 3.878994 0.359653 0.000000
vt 3.934408 0.359653 0.000000
vt 3.878994 0.311699 0.000000
vt 3.934408 0.311699 0.000000
vt 3.878994 0.263745 0.000000
vt 3.934408 0.263745 0.000000
vt 3.878994 0.215792 0.000000
vt 3.934408 0.215792 0.000000
vt 3.878994 0.167838 0.000000
vt 3.934408 0.167838 0.000000
vt 3.878994 0.119884 0.000000
vt 3.934408 0.119884 0.000000
vt 3.878994 0.071931 0.000000
vt 3.934408 0.071931 0.000000
vt 3.878994 0.023977 0.000000
vt 3.934408 0.023977 0.000000
vt 3.878994 -0.023977 0.000000
vt 3.934408 -0.023977 0.000000
vt 3.878994 -0.071931 0.000000
vt 3.934408 -0.071931 0.000000
vt 3.878994 -0.119884 0.000000
vt 3.934408 -0.119884 0.000000
vt 3.878994 -0.167838 0.000000
vt 3.934408 -0.167838 0.000000
vt 3.878994 -0.215792 0.000000
vt 3.934408 -0.215792 0.000000
vt 3.878994 -0.263745 0.000000
vt 3.934408 -0.263745 0.000000
vt 3.878994 -0.311699 0.000000
vt 3.934408 -0.311699 0.000000
vt 3.878994 -0.359653 0.000000
vt 3.934408 -0.359653 0.000000
vt 3.878994 -0.407606 0.000000
vt 3.934408 -0.407606 0.000000
vt 3.878994 -0.455560 0.000000
vt 3.934408 -0.455560 0.000000
vt 3.878994 -0.503514 0.000000
vt 3.934408 -0.503514 0.000000
vt 3.878994 -0.551467 0.000000
vt -0.111111 0.608212 0.000000
vt -0.111111 0.656869 0.000000
vt -0.482229 0.656869 0.000000
vt -0.482229 -0.656869 0.000000
vt -0.111111 -0.656869 0.000000
vt -0.111111 -0.608212 0.000000
vt -0.482229 -0.604319 0.000000
vt -0.111111 -0.559555 0.000000
vt -0.482229 -0.551770 0.000000
vt -0.111111 -0.510898 0.000000
vt -0.482229 -0.499220 0.000000
vt -0.111111 -0.462241 0.000000
vt -0.482229 -0.446671 0.000000
vt -0.111111 -0.413584 0.000000
vt -0.482229 -0.394121 0.000000
vt -0.111111 -0.364927 0.000000
vt -0.482229 -0.341572 0.000000
vt -0.111111 -0.316270 0.000000
vt -0.482229 -0.289022 0.000000
vt -0.111111 -0.267613 0.000000
vt -0.482229 -0.236473 0.000000
vt -0.111111 -0.218956 0.000000
vt -0.482229 -0.183923 0.000000
vt -0.111111 -0.170299 0.000000
vt -0.482229 -0.131374 0.000000
vt -0.111111 -0.121642 0.000000
vt -0.482229 -0.078824 0.000000
vt -0.111111 -0.072985 0.000000
vt -0.482229 -0.026275 0.000000
vt -0.111111 -0.024328 0.000000
vt -0.111111 0.024328 0.000000
vt -0.482229 0.026275 0.000000
vt -0.111111 0.072985 0.000000
vt -0.482229 0.078824 0.000000
vt -0.111111 0.121642 0.000000
vt -0.482229 0.131374 0.000000
vt -0.111111 0.170299 0.000000
vt -0.482229 0.183923 0.000000
vt -0.111111 0.218956 0.000000
vt -0.482229 0.236473 0.000000
vt -0.111111 0.267613 0.000000
vt -0.482229 0.289022 0.000000
vt -0.111111 0.316270 0.000000
vt -0.482229 0.341572 0.000000
vt -0.111111 0.364927 0.000000
vt -0.482229 0.394121 0.000000
vt -0.111111 0.413584 0.000000
vt -0.482229 0.446671 0.000000
vt -0.111111 0.462241 0.000000
vt -0.482229 0.499220 0.000000
vt -0.111111 0.510898 0.000000
vt -0.482229 0.551770 0.000000
vt -0.111111 0.559555 0.000000
vt -0.482229 0.604319 0.000000
vt -0.222725 0.232391 0.000000
vt -0.223099 0.232436 0.000000
vt -0.398830 0.207810 0.000000
vt -0.311476 0.246304 0.000000
vt -0.398830 0.256387 0.000000
vt -0.398830 0.159233 0.000000
vt 0.000000 0.182861 0.000000
vt -0.000000 0.235107 0.000000
vt -0.222349 0.232399 0.000000
vt -0.221976 0.232460 0.000000
vt -0.221616 0.232571 0.000000
vt -0.220945 0.232921 0.000000
vt -0.220350 0.233396 0.000000
vt -0.219334 0.234622 0.000000
vt -0.218457 0.236221 0.000000
vt -0.217191 0.240271 0.000000
vt -0.216725 0.245015 0.000000
vt 0.000000 0.287353 0.000000
vt -0.216725 0.285776 0.000000
vt -0.216725 0.326537 0.000000
vt -0.000000 0.339599 0.000000
vt -0.216725 0.367298 0.000000
vt 0.000000 0.391845 0.000000
vt -0.216725 0.408059 0.000000
vt -0.217183 0.412763 0.000000
vt -0.218428 0.416789 0.000000
vt -0.000000 0.444091 0.000000
vt -0.219286 0.418381 0.000000
vt -0.220292 0.419624 0.000000
vt -0.220898 0.420122 0.000000
vt -0.221581 0.420489 0.000000
vt -0.221949 0.420608 0.000000
vt -0.222332 0.420674 0.000000
vt -0.222715 0.420684 0.000000
vt -0.398830 0.445265 0.000000
vt -0.223099 0.420639 0.000000
vt -0.398830 0.396688 0.000000
vt -0.311476 0.406771 0.000000
vt 0.000000 0.130615 0.000000
vt -0.398830 0.110656 0.000000
vt 0.000000 0.078369 0.000000
vt -0.398830 0.062079 0.000000
vt 0.000000 0.026123 0.000000
vt -0.398830 0.013502 0.000000
vt 0.000000 -0.026123 0.000000
vt -0.398830 -0.035075 0.000000
vt 0.000000 -0.078369 0.000000
vt -0.398830 -0.083652 0.000000
vt 0.000000 -0.130615 0.000000
vt -0.398830 -0.132229 0.000000
vt -0.398830 -0.180806 0.000000
vt -0.000000 -0.182861 0.000000
vt -0.398830 -0.229383 0.000000
vt 0.000000 -0.235107 0.000000
vt -0.398830 -0.277960 0.000000
vt -0.000000 -0.287353 0.000000
vt -0.398830 -0.326538 0.000000
vt -0.000000 -0.339599 0.000000
vt -0.398830 -0.375115 0.000000
vt 0.000000 -0.391845 0.000000
vt -0.398830 -0.423692 0.000000
vt -0.000000 -0.444091 0.000000
vt -0.398830 -0.472269 0.000000
vt 0.000000 -0.496337 0.000000
vt -0.398830 -0.520846 0.000000
vt -0.000000 -0.548583 0.000000
vt -0.398830 -0.569423 0.000000
vt 0.000000 -0.600829 0.000000
vt -0.398830 -0.618000 0.000000
vt 0.000000 -0.653075 0.000000
vt 0.000000 0.653075 0.000000
vt -0.398830 0.688150 0.000000
vt -0.398830 0.639573 0.000000
vt 0.000000 0.600829 0.000000
vt -0.398830 0.590996 0.000000
vt -0.000000 0.548583 0.000000
vt -0.398830 0.542419 0.000000
vt 0.000000 0.496337 0.000000
vt -0.398830 0.493842 0.000000
vt -0.184515 0.047375 0.000000
vt -0.190500 0.000000 0.000000
vt 0.081111 -0.172370 0.000000
vt -0.184515 -0.047375 0.000000
vt -0.166936 -0.091774 0.000000
vt -0.138869 -0.130406 0.000000
vt -0.102075 -0.160844 0.000000
vt -0.058868 -0.181176 0.000000
vt -0.011962 -0.190124 0.000000
vt 0.035696 -0.187126 0.000000
vt 0.121429 -0.146783 0.000000
vt 0.081111 0.172370 0.000000
vt 0.035696 0.187126 0.000000
vt -0.011962 0.190124 0.000000
vt 0.121429 0.146783 0.000000
vt 0.154118 -0.111973 0.000000
vt 0.154118 0.111973 0.000000
vt 0.177122 -0.070128 0.000000
vt 0.177122 0.070128 0.000000
vt 0.188998 -0.023876 0.000000
vt 0.188998 0.023876 0.000000
vt -0.058868 0.181176 0.000000
vt -0.102075 0.160844 0.000000
vt -0.138869 0.130406 0.000000
vt -0.166936 0.091774 0.000000
vt -0.009975 0.098149 0.000000
vt -0.009975 0.060765 0.000000
vt -0.009083 0.070722 0.000000
vt -0.007626 0.058265 0.000000
vt -0.008192 0.070722 0.000000
vt -0.007300 0.070722 0.000000
vt -0.008192 0.088576 0.000000
vt -0.007300 0.088576 0.000000
vt -0.008192 0.106430 0.000000
vt -0.007300 0.106430 0.000000
vt -0.008192 0.124284 0.000000
vt -0.007300 0.124284 0.000000
vt -0.008192 0.135570 0.000000
vt -0.007300 0.135588 0.000000
vt -0.007453 0.135892 0.000000
vt -0.006409 0.135606 0.000000
vt -0.006214 0.135792 0.000000
vt -0.004987 0.124284 0.000000
vt -0.004987 0.135635 0.000000
vt -0.004096 0.124284 0.000000
vt -0.004971 0.135704 0.000000
vt -0.003726 0.135632 0.000000
vt -0.003204 0.124284 0.000000
vt -0.002485 0.135578 0.000000
vt -0.002313 0.124284 0.000000
vt -0.001421 0.124284 0.000000
vt -0.001421 0.106430 0.000000
vt -0.000000 0.135534 0.000000
vt -0.000000 0.094201 0.000000
vt -0.001421 0.088576 0.000000
vt -0.001421 0.070722 0.000000
vt -0.002313 0.088576 0.000000
vt -0.002313 0.070722 0.000000
vt -0.003204 0.088576 0.000000
vt -0.003204 0.070722 0.000000
vt -0.004096 0.088576 0.000000
vt -0.004096 0.070722 0.000000
vt -0.004987 0.088576 0.000000
vt -0.004987 0.070722 0.000000
vt -0.006409 0.088576 0.000000
vt -0.006409 0.070722 0.000000
vt -0.006435 0.057020 0.000000
vt -0.005214 0.055831 0.000000
vt -0.003996 0.054784 0.000000
vt -0.002763 0.053912 0.000000
vt -0.001432 0.053236 0.000000
vt -0.000728 0.053007 0.000000
vt -0.000000 0.052868 0.000000
vt -0.001243 0.135545 0.000000
vt -0.008690 0.136000 0.000000
vt -0.009928 0.136113 0.000000
vt -0.009083 0.135552 0.000000
vt -0.009083 0.124284 0.000000
vt -0.009975 0.136118 0.000000
vt -0.009975 0.135534 0.000000
vt -0.009083 0.106430 0.000000
vt -0.009083 0.088576 0.000000
vt -0.002313 0.106430 0.000000
vt -0.003204 0.106430 0.000000
vt -0.004096 0.106430 0.000000
vt -0.004987 0.106430 0.000000
vt -0.006409 0.106430 0.000000
vt -0.006409 0.124284 0.000000
vt 0.347485 0.450850 0.000000
vt 0.306443 0.450850 0.000000
vt 0.331651 0.260350 0.000000
vt 0.304430 0.435412 0.000000
vt 0.303302 0.260350 0.000000
vt 0.291163 0.348390 0.000000
vt 0.274629 0.260350 0.000000
vt 0.389936 0.260350 0.000000
vt 0.389936 0.450850 0.000000
vt -0.009601 0.021020 0.000000
vt -0.008850 0.021058 0.000000
vt -0.009975 0.021074 0.000000
vt -0.009083 0.046083 0.000000
vt -0.009975 0.049660 0.000000
vt -0.009083 0.071152 0.000000
vt -0.009975 0.078245 0.000000
vt -0.009083 0.096221 0.000000
vt -0.009975 0.135415 0.000000
vt -0.009083 0.121290 0.000000
vt -0.008192 0.121290 0.000000
vt -0.008192 0.096221 0.000000
vt -0.007300 0.096221 0.000000
vt -0.007300 0.071152 0.000000
vt -0.006409 0.071152 0.000000
vt -0.006409 0.046083 0.000000
vt -0.004987 0.046083 0.000000
vt -0.004794 0.024382 0.000000
vt -0.002442 0.027955 0.000000
vt -0.009225 0.021014 0.000000
vt -0.008484 0.021149 0.000000
vt -0.007786 0.021449 0.000000
vt -0.008192 0.046083 0.000000
vt -0.007145 0.021867 0.000000
vt -0.007300 0.046083 0.000000
vt -0.005964 0.022957 0.000000
vt -0.000000 0.032055 0.000000
vt -0.001422 0.046083 0.000000
vt -0.002313 0.046083 0.000000
vt -0.003204 0.046083 0.000000
vt -0.003204 0.071152 0.000000
vt -0.004096 0.071152 0.000000
vt -0.004096 0.096221 0.000000
vt -0.004987 0.096221 0.000000
vt -0.004987 0.121290 0.000000
vt -0.006409 0.121290 0.000000
vt -0.007490 0.135459 0.000000
vt -0.007300 0.121290 0.000000
vt -0.008731 0.135426 0.000000
vt -0.000000 0.083735 0.000000
vt -0.001422 0.071152 0.000000
vt -0.002313 0.071152 0.000000
vt -0.002313 0.096221 0.000000
vt -0.003204 0.096221 0.000000
vt -0.003204 0.121290 0.000000
vt -0.004096 0.121290 0.000000
vt -0.003204 0.135524 0.000000
vt -0.004096 0.135555 0.000000
vt -0.003761 0.135672 0.000000
vt -0.005004 0.135584 0.000000
vt -0.000000 0.135415 0.000000
vt -0.001422 0.121290 0.000000
vt -0.001422 0.096221 0.000000
vt -0.000000 0.135998 0.000000
vt -0.000046 0.135993 0.000000
vt -0.001285 0.135880 0.000000
vt -0.001422 0.135463 0.000000
vt -0.002313 0.135494 0.000000
vt -0.002313 0.121290 0.000000
vt -0.002522 0.135772 0.000000
vt -0.006248 0.135512 0.000000
vt -0.004096 0.046083 0.000000
vt -0.004987 0.071152 0.000000
vt -0.008192 0.071152 0.000000
vt -0.006409 0.096221 0.000000
vt 0.080025 0.228181 0.000000
vt 0.040794 0.216297 0.000000
vt 0.053134 0.183202 0.000000
vt 0.034792 0.134087 0.000000
vt -0.000000 0.212285 0.000000
vt 0.034632 0.133517 0.000000
vt 0.034581 0.132927 0.000000
vt -0.034581 0.132927 0.000000
vt 0.033592 0.080945 0.000000
vt -0.033779 0.080947 0.000000
vt -0.038090 0.029118 0.000000
vt -0.040794 0.216297 0.000000
vt -0.034792 0.134087 0.000000
vt -0.034633 0.133517 0.000000
vt -0.080025 0.228180 0.000000
vt -0.053134 0.183202 0.000000
vt 0.038125 0.029079 0.000000
vt -0.046908 -0.022086 0.000000
vt 0.047114 -0.022057 0.000000
vt 0.006842 -0.240322 0.000000
vt 0.012868 -0.237887 0.000000
vt -0.059592 -0.072529 0.000000
vt -0.024473 -0.231989 0.000000
vt -0.012876 -0.237875 0.000000
vt -0.006847 -0.240321 0.000000
vt -0.072228 -0.122976 0.000000
vt -0.055338 -0.208389 0.000000
vt -0.045900 -0.217327 0.000000
vt -0.075786 -0.148713 0.000000
vt -0.073815 -0.174568 0.000000
vt -0.069736 -0.186881 0.000000
vt -0.063438 -0.198214 0.000000
vt -0.075712 -0.161721 0.000000
vt -0.003727 -0.241311 0.000000
vt 0.003734 -0.241309 0.000000
vt -0.002153 -0.241682 0.000000
vt 0.002149 -0.241682 0.000000
vt -0.000561 -0.241863 0.000000
vt 0.001355 -0.241812 0.000000
vt 0.024462 -0.232001 0.000000
vt 0.059578 -0.072557 0.000000
vt 0.045930 -0.217351 0.000000
vt 0.055329 -0.208418 0.000000
vt 0.072257 -0.123008 0.000000
vt 0.063411 -0.198249 0.000000
vt 0.069676 -0.186874 0.000000
vt 0.073821 -0.174582 0.000000
vt 0.075787 -0.148753 0.000000
vt 0.075720 -0.161751 0.000000
vt -0.009975 0.364290 0.000000
vt -0.009083 0.396104 0.000000
vt -0.009975 0.416331 0.000000
vt -0.009083 0.406513 0.000000
vt -0.008192 0.406513 0.000000
vt -0.008192 0.396104 0.000000
vt -0.007300 0.396104 0.000000
vt -0.007300 0.385694 0.000000
vt -0.006409 0.385694 0.000000
vt -0.006409 0.375284 0.000000
vt -0.004987 0.375284 0.000000
vt -0.004987 0.364875 0.000000
vt -0.004096 0.364875 0.000000
vt -0.004096 0.354465 0.000000
vt -0.003205 0.354465 0.000000
vt -0.003205 0.344055 0.000000
vt -0.002313 0.344055 0.000000
vt -0.002313 0.333551 0.000000
vt -0.001422 0.333551 0.000000
vt -0.001422 0.323047 0.000000
vt -0.000000 0.312250 0.000000
vt -0.001422 0.312543 0.000000
vt -0.001422 0.302039 0.000000
vt -0.002313 0.312543 0.000000
vt -0.002313 0.302039 0.000000
vt -0.003205 0.312543 0.000000
vt -0.003205 0.302039 0.000000
vt -0.004096 0.312543 0.000000
vt -0.004096 0.302039 0.000000
vt -0.004987 0.312543 0.000000
vt -0.004987 0.302039 0.000000
vt -0.006409 0.312543 0.000000
vt -0.006409 0.302039 0.000000
vt -0.007300 0.312543 0.000000
vt -0.007300 0.302039 0.000000
vt -0.008192 0.312543 0.000000
vt -0.008192 0.302039 0.000000
vt -0.009083 0.312543 0.000000
vt -0.009083 0.302039 0.000000
vt -0.009975 0.312250 0.000000
vt -0.009083 0.291535 0.000000
vt -0.009083 0.281031 0.000000
vt -0.008192 0.281031 0.000000
vt -0.008192 0.270527 0.000000
vt -0.007300 0.270527 0.000000
vt -0.007300 0.260023 0.000000
vt -0.006409 0.260023 0.000000
vt -0.006409 0.249519 0.000000
vt -0.004987 0.249519 0.000000
vt -0.004987 0.239015 0.000000
vt -0.004096 0.239015 0.000000
vt -0.004096 0.227423 0.000000
vt -0.003205 0.227423 0.000000
vt -0.003205 0.215831 0.000000
vt -0.002313 0.215831 0.000000
vt -0.002313 0.204239 0.000000
vt -0.001422 0.204239 0.000000
vt -0.001422 0.192647 0.000000
vt -0.000000 0.208170 0.000000
vt -0.001422 0.181462 0.000000
vt -0.000000 0.156130 0.000000
vt -0.001422 0.170278 0.000000
vt -0.001422 0.158350 0.000000
vt -0.002313 0.170278 0.000000
vt -0.002313 0.158350 0.000000
vt -0.003205 0.170278 0.000000
vt -0.003205 0.158350 0.000000
vt -0.004096 0.170278 0.000000
vt -0.004096 0.158350 0.000000
vt -0.004987 0.170278 0.000000
vt -0.004987 0.158350 0.000000
vt -0.006409 0.170278 0.000000
vt -0.006409 0.158350 0.000000
vt -0.007300 0.170278 0.000000
vt -0.007300 0.158350 0.000000
vt -0.008192 0.170278 0.000000
vt -0.008192 0.158350 0.000000
vt -0.009083 0.170278 0.000000
vt -0.009083 0.158350 0.000000
vt -0.009975 0.156130 0.000000
vt -0.009083 0.146423 0.000000
vt -0.009975 0.130110 0.000000
vt -0.009083 0.134495 0.000000
vt -0.009083 0.125775 0.000000
vt -0.008192 0.125775 0.000000
vt -0.008192 0.117100 0.000000
vt -0.007300 0.117100 0.000000
vt -0.007300 0.105621 0.000000
vt -0.006409 0.105621 0.000000
vt -0.006409 0.094185 0.000000
vt -0.004987 0.094185 0.000000
vt -0.004987 0.082750 0.000000
vt -0.004096 0.082750 0.000000
vt -0.004096 0.071314 0.000000
vt -0.003205 0.071314 0.000000
vt -0.003205 0.058924 0.000000
vt -0.002313 0.058924 0.000000
vt -0.002313 0.046533 0.000000
vt -0.001422 0.046533 0.000000
vt -0.001422 0.036821 0.000000
vt -0.000000 0.052050 0.000000
vt -0.000000 0.026030 0.000000
vt -0.001422 0.027109 0.000000
vt -0.001422 0.017397 0.000000
vt -0.002313 0.027109 0.000000
vt -0.002313 0.017397 0.000000
vt -0.003205 0.027109 0.000000
vt -0.003205 0.017397 0.000000
vt -0.004096 0.027109 0.000000
vt -0.004096 0.017397 0.000000
vt -0.004987 0.027109 0.000000
vt -0.004987 0.017397 0.000000
vt -0.006409 0.027109 0.000000
vt -0.006409 0.017397 0.000000
vt -0.007300 0.027109 0.000000
vt -0.007300 0.017397 0.000000
vt -0.008192 0.027109 0.000000
vt -0.008192 0.017397 0.000000
vt -0.009083 0.027109 0.000000
vt -0.009083 0.017397 0.000000
vt -0.009975 0.026030 0.000000
vt -0.009975 0.013020 0.000000
vt -0.009083 0.333551 0.000000
vt -0.009083 0.344055 0.000000
vt -0.009083 0.354465 0.000000
vt -0.008192 0.344055 0.000000
vt -0.008192 0.354465 0.000000
vt -0.007300 0.344055 0.000000
vt -0.007300 0.354465 0.000000
vt -0.006409 0.344055 0.000000
vt -0.006409 0.354465 0.000000
vt -0.004987 0.344055 0.000000
vt -0.004987 0.354465 0.000000
vt -0.004096 0.344055 0.000000
vt -0.009975 0.260210 0.000000
vt -0.009083 0.270527 0.000000
vt -0.008192 0.260023 0.000000
vt -0.007300 0.249519 0.000000
vt -0.006409 0.239015 0.000000
vt -0.004987 0.227423 0.000000
vt -0.004096 0.215831 0.000000
vt -0.003205 0.204239 0.000000
vt -0.002313 0.192647 0.000000
vt -0.009975 0.208170 0.000000
vt -0.009083 0.239015 0.000000
vt -0.009083 0.249519 0.000000
vt -0.009083 0.260023 0.000000
vt -0.008192 0.249519 0.000000
vt -0.009083 0.181462 0.000000
vt -0.009083 0.192647 0.000000
vt -0.009083 0.204239 0.000000
vt -0.008192 0.192647 0.000000
vt -0.008192 0.204239 0.000000
vt -0.007300 0.192647 0.000000
vt -0.007300 0.204239 0.000000
vt -0.006409 0.192647 0.000000
vt -0.006409 0.204239 0.000000
vt -0.004987 0.192647 0.000000
vt -0.004987 0.204239 0.000000
vt -0.004096 0.192647 0.000000
vt -0.004096 0.204239 0.000000
vt -0.003205 0.192647 0.000000
vt -0.009975 0.117100 0.000000
vt -0.009083 0.117100 0.000000
vt -0.008192 0.105621 0.000000
vt -0.007300 0.094185 0.000000
vt -0.006409 0.082750 0.000000
vt -0.004987 0.071314 0.000000
vt -0.004096 0.058924 0.000000
vt -0.003205 0.046533 0.000000
vt -0.002313 0.036821 0.000000
vt -0.009083 0.105621 0.000000
vt -0.009975 0.104090 0.000000
vt -0.009083 0.094185 0.000000
vt -0.009975 0.091080 0.000000
vt -0.009083 0.082750 0.000000
vt -0.009975 0.078070 0.000000
vt -0.009083 0.071314 0.000000
vt -0.009975 0.065060 0.000000
vt -0.009083 0.058924 0.000000
vt -0.009975 0.052050 0.000000
vt -0.009083 0.046533 0.000000
vt -0.009083 0.036821 0.000000
vt -0.008192 0.036821 0.000000
vt -0.009083 0.008703 0.000000
vt -0.009975 0.006514 0.000000
vt -0.009083 0.004356 0.000000
vt -0.009975 0.003262 0.000000
vt -0.009083 0.002183 0.000000
vt -0.009975 0.001636 0.000000
vt -0.009083 0.001096 0.000000
vt -0.009975 0.000009 0.000000
vt -0.008313 0.000009 0.000000
vt -0.006652 0.000009 0.000000
vt -0.007300 0.001096 0.000000
vt -0.008192 0.001096 0.000000
vt -0.006409 0.001096 0.000000
vt -0.004987 0.000009 0.000000
vt -0.004987 0.001096 0.000000
vt -0.004096 0.001096 0.000000
vt -0.004987 0.002183 0.000000
vt -0.004096 0.002183 0.000000
vt -0.004987 0.004356 0.000000
vt -0.004096 0.004356 0.000000
vt -0.004987 0.008703 0.000000
vt -0.004096 0.008703 0.000000
vt -0.003322 0.000009 0.000000
vt -0.003205 0.001096 0.000000
vt -0.003205 0.002183 0.000000
vt -0.003205 0.004356 0.000000
vt -0.003205 0.008703 0.000000
vt -0.002313 0.001096 0.000000
vt -0.001662 0.000009 0.000000
vt -0.001422 0.001096 0.000000
vt -0.000000 0.000009 0.000000
vt -0.000000 0.001636 0.000000
vt -0.001422 0.002183 0.000000
vt -0.000000 0.003262 0.000000
vt -0.001422 0.004356 0.000000
vt -0.000000 0.006514 0.000000
vt -0.001422 0.008703 0.000000
vt -0.000000 0.013020 0.000000
vt -0.001422 0.058924 0.000000
vt -0.000000 0.065060 0.000000
vt -0.001422 0.071314 0.000000
vt -0.000000 0.078070 0.000000
vt -0.001422 0.082750 0.000000
vt -0.000000 0.091080 0.000000
vt -0.001422 0.094185 0.000000
vt -0.000000 0.104090 0.000000
vt -0.001422 0.105621 0.000000
vt -0.000000 0.117100 0.000000
vt -0.001422 0.117100 0.000000
vt -0.001422 0.125775 0.000000
vt -0.002313 0.125775 0.000000
vt -0.002313 0.134495 0.000000
vt -0.003205 0.134495 0.000000
vt -0.003205 0.146423 0.000000
vt -0.004096 0.146423 0.000000
vt -0.000000 0.130110 0.000000
vt -0.001422 0.134495 0.000000
vt -0.002313 0.146423 0.000000
vt -0.001422 0.146423 0.000000
vt -0.000000 0.260210 0.000000
vt -0.001422 0.239015 0.000000
vt -0.001422 0.227423 0.000000
vt -0.001422 0.215831 0.000000
vt -0.002313 0.227423 0.000000
vt -0.001422 0.281031 0.000000
vt -0.001422 0.270527 0.000000
vt -0.001422 0.260023 0.000000
vt -0.002313 0.270527 0.000000
vt -0.002313 0.260023 0.000000
vt -0.003205 0.270527 0.000000
vt -0.003205 0.260023 0.000000
vt -0.004096 0.270527 0.000000
vt -0.004096 0.260023 0.000000
vt -0.004987 0.270527 0.000000
vt -0.004987 0.260023 0.000000
vt -0.006409 0.270527 0.000000
vt -0.000000 0.364290 0.000000
vt -0.001422 0.344055 0.000000
vt -0.002313 0.354465 0.000000
vt -0.003205 0.364875 0.000000
vt -0.004096 0.375284 0.000000
vt -0.004987 0.385694 0.000000
vt -0.006409 0.396104 0.000000
vt -0.007300 0.406513 0.000000
vt -0.008731 0.416342 0.000000
vt -0.000000 0.416331 0.000000
vt -0.001422 0.385694 0.000000
vt -0.001422 0.375284 0.000000
vt -0.001422 0.364875 0.000000
vt -0.002313 0.375284 0.000000
vt -0.002313 0.364875 0.000000
vt -0.003205 0.375284 0.000000
vt -0.000000 0.416923 0.000000
vt -0.000046 0.416919 0.000000
vt -0.001285 0.416804 0.000000
vt -0.001422 0.406513 0.000000
vt -0.002522 0.416694 0.000000
vt -0.002313 0.406513 0.000000
vt -0.003205 0.406513 0.000000
vt -0.002313 0.396104 0.000000
vt -0.003205 0.396104 0.000000
vt -0.002313 0.385694 0.000000
vt -0.003205 0.385694 0.000000
vt -0.003761 0.416592 0.000000
vt -0.004096 0.406513 0.000000
vt -0.004096 0.396104 0.000000
vt -0.004096 0.385694 0.000000
vt -0.005004 0.416503 0.000000
vt -0.004987 0.406513 0.000000
vt -0.004987 0.396104 0.000000
vt -0.006248 0.416430 0.000000
vt -0.006409 0.406513 0.000000
vt -0.007490 0.416375 0.000000
vt -0.009083 0.227423 0.000000
vt -0.009083 0.215831 0.000000
vt -0.001422 0.249519 0.000000
vt -0.002313 0.249519 0.000000
vt -0.003205 0.249519 0.000000
vt -0.004096 0.249519 0.000000
vt -0.001422 0.291535 0.000000
vt -0.002313 0.291535 0.000000
vt -0.003205 0.291535 0.000000
vt -0.004096 0.291535 0.000000
vt -0.004987 0.291535 0.000000
vt -0.006409 0.291535 0.000000
vt -0.007300 0.291535 0.000000
vt -0.008192 0.291535 0.000000
vt -0.009083 0.323047 0.000000
vt -0.008192 0.323047 0.000000
vt -0.007300 0.323047 0.000000
vt -0.006409 0.323047 0.000000
vt -0.004987 0.323047 0.000000
vt -0.004096 0.323047 0.000000
vt -0.003205 0.323047 0.000000
vt -0.002313 0.323047 0.000000
vt -0.001422 0.354465 0.000000
vt -0.009083 0.375284 0.000000
vt -0.009083 0.364875 0.000000
vt -0.001422 0.396104 0.000000
vt -0.008192 0.364875 0.000000
vt -0.007300 0.364875 0.000000
vt -0.008192 0.375284 0.000000
vt -0.007300 0.375284 0.000000
vt -0.008192 0.385694 0.000000
vt -0.006409 0.364875 0.000000
vt -0.009083 0.385694 0.000000
vt -0.002313 0.281031 0.000000
vt -0.003205 0.281031 0.000000
vt -0.004096 0.281031 0.000000
vt -0.004987 0.281031 0.000000
vt -0.006409 0.281031 0.000000
vt -0.007300 0.281031 0.000000
vt -0.008192 0.333551 0.000000
vt -0.007300 0.333551 0.000000
vt -0.006409 0.333551 0.000000
vt -0.004987 0.333551 0.000000
vt -0.004096 0.333551 0.000000
vt -0.003205 0.333551 0.000000
vt -0.002313 0.239015 0.000000
vt -0.003205 0.239015 0.000000
vt -0.008192 0.215831 0.000000
vt -0.007300 0.215831 0.000000
vt -0.008192 0.227423 0.000000
vt -0.007300 0.227423 0.000000
vt -0.008192 0.239015 0.000000
vt -0.007300 0.239015 0.000000
vt -0.006409 0.215831 0.000000
vt -0.006409 0.227423 0.000000
vt -0.004987 0.215831 0.000000
vt -0.008192 0.146423 0.000000
vt -0.008192 0.134495 0.000000
vt -0.007300 0.146423 0.000000
vt -0.007300 0.134495 0.000000
vt -0.007300 0.125775 0.000000
vt -0.006409 0.146423 0.000000
vt -0.006409 0.134495 0.000000
vt -0.006409 0.125775 0.000000
vt -0.006409 0.117100 0.000000
vt -0.004987 0.146423 0.000000
vt -0.004987 0.134495 0.000000
vt -0.004987 0.125775 0.000000
vt -0.004987 0.117100 0.000000
vt -0.004987 0.105621 0.000000
vt -0.004096 0.134495 0.000000
vt -0.003205 0.125775 0.000000
vt -0.002313 0.117100 0.000000
vt -0.004096 0.125775 0.000000
vt -0.004096 0.117100 0.000000
vt -0.004096 0.105621 0.000000
vt -0.004096 0.094185 0.000000
vt -0.003205 0.117100 0.000000
vt -0.002313 0.105621 0.000000
vt -0.008192 0.094185 0.000000
vt -0.007300 0.082750 0.000000
vt -0.006409 0.071314 0.000000
vt -0.004987 0.058924 0.000000
vt -0.004096 0.046533 0.000000
vt -0.003205 0.036821 0.000000
vt -0.003205 0.105621 0.000000
vt -0.003205 0.094185 0.000000
vt -0.003205 0.082750 0.000000
vt -0.002313 0.094185 0.000000
vt -0.008192 0.082750 0.000000
vt -0.007300 0.071314 0.000000
vt -0.006409 0.058924 0.000000
vt -0.004987 0.046533 0.000000
vt -0.004096 0.036821 0.000000
vt -0.002313 0.082750 0.000000
vt -0.002313 0.071314 0.000000
vt -0.008192 0.071314 0.000000
vt -0.007300 0.058924 0.000000
vt -0.006409 0.046533 0.000000
vt -0.004987 0.036821 0.000000
vt -0.008192 0.058924 0.000000
vt -0.007300 0.046533 0.000000
vt -0.006409 0.036821 0.000000
vt -0.008192 0.046533 0.000000
vt -0.007300 0.036821 0.000000
vt -0.008192 0.008703 0.000000
vt -0.008192 0.004356 0.000000
vt -0.008192 0.002183 0.000000
vt -0.007300 0.008703 0.000000
vt -0.007300 0.004356 0.000000
vt -0.007300 0.002183 0.000000
vt -0.006409 0.008703 0.000000
vt -0.006409 0.004356 0.000000
vt -0.006409 0.002183 0.000000
vt -0.002313 0.008703 0.000000
vt -0.002313 0.004356 0.000000
vt -0.002313 0.002183 0.000000
vt -0.002313 0.181462 0.000000
vt -0.003205 0.181462 0.000000
vt -0.004096 0.181462 0.000000
vt -0.004987 0.181462 0.000000
vt -0.006409 0.181462 0.000000
vt -0.007300 0.181462 0.000000
vt -0.008192 0.181462 0.000000
vt -0.000000 -0.000593 0.000000
vt -0.000000 -0.000000 0.000000
vt -0.000046 -0.000588 0.000000
vt -0.001285 -0.000473 0.000000
vt -0.001422 -0.000020 0.000000
vt -0.002314 -0.000033 0.000000
vt -0.002314 0.010362 0.000000
vt -0.003205 0.010362 0.000000
vt -0.003205 0.020725 0.000000
vt -0.004096 0.020725 0.000000
vt -0.004096 0.031087 0.000000
vt -0.004987 0.031087 0.000000
vt -0.004987 0.041449 0.000000
vt -0.006410 0.041449 0.000000
vt -0.006410 0.051811 0.000000
vt -0.007301 0.051811 0.000000
vt -0.007301 0.062174 0.000000
vt -0.008192 0.062174 0.000000
vt -0.008192 0.072536 0.000000
vt -0.009083 0.072536 0.000000
vt -0.009083 0.082898 0.000000
vt -0.009975 0.052057 0.000000
vt -0.009975 0.104114 0.000000
vt -0.009083 0.093261 0.000000
vt -0.009083 0.103623 0.000000
vt -0.008192 0.093261 0.000000
vt -0.008192 0.103623 0.000000
vt -0.007301 0.093261 0.000000
vt -0.007301 0.103623 0.000000
vt -0.006410 0.093261 0.000000
vt -0.006410 0.103623 0.000000
vt -0.004987 0.093261 0.000000
vt -0.004987 0.103623 0.000000
vt -0.004096 0.093261 0.000000
vt -0.004096 0.103623 0.000000
vt -0.003205 0.093261 0.000000
vt -0.003205 0.103623 0.000000
vt -0.002314 0.093261 0.000000
vt -0.002314 0.103623 0.000000
vt -0.001422 0.093261 0.000000
vt -0.001422 0.103623 0.000000
vt -0.000000 0.104114 0.000000
vt -0.001422 0.113985 0.000000
vt -0.001422 0.124347 0.000000
vt -0.002314 0.124347 0.000000
vt -0.002314 0.134710 0.000000
vt -0.003205 0.134710 0.000000
vt -0.003205 0.145072 0.000000
vt -0.004096 0.145072 0.000000
vt -0.004096 0.155290 0.000000
vt -0.004987 0.155290 0.000000
vt -0.004987 0.165508 0.000000
vt -0.006410 0.165508 0.000000
vt -0.006410 0.175725 0.000000
vt -0.007301 0.175725 0.000000
vt -0.007301 0.185943 0.000000
vt -0.008192 0.185943 0.000000
vt -0.008192 0.196161 0.000000
vt -0.009083 0.196161 0.000000
vt -0.009083 0.206379 0.000000
vt -0.009975 0.208229 0.000000
vt -0.009083 0.216596 0.000000
vt -0.009083 0.226814 0.000000
vt -0.008192 0.216596 0.000000
vt -0.008192 0.226814 0.000000
vt -0.007301 0.216596 0.000000
vt -0.007301 0.226814 0.000000
vt -0.006410 0.216596 0.000000
vt -0.006410 0.226814 0.000000
vt -0.004987 0.216596 0.000000
vt -0.004987 0.226814 0.000000
vt -0.004096 0.216596 0.000000
vt -0.004096 0.226814 0.000000
vt -0.003205 0.216596 0.000000
vt -0.003205 0.226814 0.000000
vt -0.002314 0.216596 0.000000
vt -0.002314 0.226814 0.000000
vt -0.001422 0.216596 0.000000
vt -0.001422 0.226814 0.000000
vt -0.000000 0.208229 0.000000
vt -0.001422 0.237032 0.000000
vt -0.000000 0.260286 0.000000
vt -0.001422 0.247124 0.000000
vt -0.001422 0.257216 0.000000
vt -0.002314 0.257216 0.000000
vt -0.002314 0.267308 0.000000
vt -0.003205 0.267308 0.000000
vt -0.003205 0.277400 0.000000
vt -0.004096 0.277400 0.000000
vt -0.004096 0.287492 0.000000
vt -0.004987 0.287492 0.000000
vt -0.004987 0.299020 0.000000
vt -0.006410 0.299020 0.000000
vt -0.006410 0.310549 0.000000
vt -0.007301 0.310549 0.000000
vt -0.007301 0.322078 0.000000
vt -0.008192 0.322078 0.000000
vt -0.008192 0.333606 0.000000
vt -0.009083 0.333606 0.000000
vt -0.009083 0.345135 0.000000
vt -0.009975 0.338371 0.000000
vt -0.009975 0.351386 0.000000
vt -0.009083 0.356663 0.000000
vt -0.009975 0.364400 0.000000
vt -0.009083 0.368192 0.000000
vt -0.009083 0.379720 0.000000
vt -0.008192 0.368192 0.000000
vt -0.008192 0.379720 0.000000
vt -0.007301 0.368192 0.000000
vt -0.007301 0.379720 0.000000
vt -0.006410 0.368192 0.000000
vt -0.006410 0.379720 0.000000
vt -0.004987 0.368192 0.000000
vt -0.004987 0.379720 0.000000
vt -0.004096 0.368192 0.000000
vt -0.004096 0.379720 0.000000
vt -0.003205 0.368192 0.000000
vt -0.003205 0.379720 0.000000
vt -0.002314 0.368192 0.000000
vt -0.002314 0.379720 0.000000
vt -0.001422 0.368192 0.000000
vt -0.001422 0.379720 0.000000
vt -0.000000 0.364400 0.000000
vt -0.000000 0.390429 0.000000
vt -0.000000 0.052057 0.000000
vt -0.001422 0.031087 0.000000
vt -0.001422 0.020725 0.000000
vt -0.001422 0.010362 0.000000
vt -0.002314 0.020725 0.000000
vt -0.001422 0.082898 0.000000
vt -0.001422 0.072536 0.000000
vt -0.001422 0.062174 0.000000
vt -0.002314 0.072536 0.000000
vt -0.002314 0.062174 0.000000
vt -0.003205 0.072536 0.000000
vt -0.003205 0.062174 0.000000
vt -0.004096 0.072536 0.000000
vt -0.004096 0.062174 0.000000
vt -0.004987 0.072536 0.000000
vt -0.004987 0.062174 0.000000
vt -0.006410 0.072536 0.000000
vt -0.006410 0.062174 0.000000
vt -0.007301 0.072536 0.000000
vt -0.001422 0.134710 0.000000
vt -0.000000 0.156171 0.000000
vt -0.001422 0.145072 0.000000
vt -0.001422 0.155290 0.000000
vt -0.002314 0.155290 0.000000
vt -0.002314 0.165508 0.000000
vt -0.003205 0.165508 0.000000
vt -0.003205 0.175725 0.000000
vt -0.004096 0.175725 0.000000
vt -0.004096 0.185943 0.000000
vt -0.004987 0.185943 0.000000
vt -0.004987 0.196161 0.000000
vt -0.006410 0.196161 0.000000
vt -0.006410 0.206379 0.000000
vt -0.007301 0.206379 0.000000
vt -0.001422 0.185943 0.000000
vt -0.001422 0.175725 0.000000
vt -0.001422 0.165508 0.000000
vt -0.002314 0.175725 0.000000
vt -0.000000 0.286314 0.000000
vt -0.001422 0.277400 0.000000
vt -0.001422 0.267308 0.000000
vt -0.001422 0.287492 0.000000
vt -0.000000 0.299329 0.000000
vt -0.001422 0.299020 0.000000
vt -0.001422 0.310549 0.000000
vt -0.002314 0.310549 0.000000
vt -0.002314 0.322078 0.000000
vt -0.003205 0.322078 0.000000
vt -0.003205 0.333606 0.000000
vt -0.004096 0.333606 0.000000
vt -0.004096 0.345135 0.000000
vt -0.004987 0.345135 0.000000
vt -0.004987 0.356663 0.000000
vt -0.006410 0.356663 0.000000
vt -0.000000 0.312343 0.000000
vt -0.001422 0.322078 0.000000
vt -0.002314 0.333606 0.000000
vt -0.003205 0.345135 0.000000
vt -0.004096 0.356663 0.000000
vt -0.000000 0.325357 0.000000
vt -0.001422 0.333606 0.000000
vt -0.002314 0.345135 0.000000
vt -0.003205 0.356663 0.000000
vt -0.000000 0.338371 0.000000
vt -0.001422 0.345135 0.000000
vt -0.002314 0.356663 0.000000
vt -0.000000 0.351386 0.000000
vt -0.001422 0.356663 0.000000
vt -0.000000 0.403443 0.000000
vt -0.001422 0.400282 0.000000
vt -0.001422 0.390001 0.000000
vt -0.002314 0.390001 0.000000
vt -0.003205 0.390001 0.000000
vt -0.004096 0.390001 0.000000
vt -0.004987 0.390001 0.000000
vt -0.006410 0.390001 0.000000
vt -0.007301 0.390001 0.000000
vt -0.008192 0.390001 0.000000
vt -0.009083 0.390001 0.000000
vt -0.009975 0.390429 0.000000
vt -0.001422 0.408370 0.000000
vt -0.000000 0.409950 0.000000
vt -0.001422 0.412413 0.000000
vt -0.000000 0.413204 0.000000
vt -0.001422 0.414435 0.000000
vt -0.000000 0.414830 0.000000
vt -0.001422 0.415446 0.000000
vt -0.000097 0.416457 0.000000
vt -0.001737 0.416457 0.000000
vt -0.000000 0.415644 0.000000
vt -0.002314 0.415446 0.000000
vt -0.003375 0.416457 0.000000
vt -0.003205 0.415446 0.000000
vt -0.004096 0.415446 0.000000
vt -0.003205 0.414435 0.000000
vt -0.004096 0.414435 0.000000
vt -0.003205 0.412413 0.000000
vt -0.004096 0.412413 0.000000
vt -0.003205 0.408370 0.000000
vt -0.004096 0.408370 0.000000
vt -0.003205 0.400282 0.000000
vt -0.004096 0.400282 0.000000
vt -0.005020 0.416457 0.000000
vt -0.004987 0.415446 0.000000
vt -0.004987 0.414435 0.000000
vt -0.004987 0.412413 0.000000
vt -0.004987 0.408370 0.000000
vt -0.004987 0.400282 0.000000
vt -0.006410 0.415446 0.000000
vt -0.006670 0.416457 0.000000
vt -0.007301 0.415446 0.000000
vt -0.008320 0.416457 0.000000
vt -0.008192 0.415446 0.000000
vt -0.009083 0.415446 0.000000
vt -0.008192 0.414435 0.000000
vt -0.009083 0.414435 0.000000
vt -0.008192 0.412413 0.000000
vt -0.009083 0.412413 0.000000
vt -0.008192 0.408370 0.000000
vt -0.009083 0.408370 0.000000
vt -0.008192 0.400282 0.000000
vt -0.009083 0.400282 0.000000
vt -0.009975 0.416457 0.000000
vt -0.009975 0.415644 0.000000
vt -0.009975 0.414830 0.000000
vt -0.009975 0.413204 0.000000
vt -0.009975 0.409950 0.000000
vt -0.009975 0.403443 0.000000
vt -0.009975 0.325357 0.000000
vt -0.009083 0.322078 0.000000
vt -0.008192 0.310549 0.000000
vt -0.007301 0.299020 0.000000
vt -0.006410 0.287492 0.000000
vt -0.004987 0.277400 0.000000
vt -0.004096 0.267308 0.000000
vt -0.003205 0.257216 0.000000
vt -0.002314 0.247124 0.000000
vt -0.009975 0.312343 0.000000
vt -0.009083 0.310549 0.000000
vt -0.008192 0.299020 0.000000
vt -0.007301 0.287492 0.000000
vt -0.006410 0.277400 0.000000
vt -0.004987 0.267308 0.000000
vt -0.004096 0.257216 0.000000
vt -0.003205 0.247124 0.000000
vt -0.002314 0.237032 0.000000
vt -0.009975 0.299329 0.000000
vt -0.009083 0.299020 0.000000
vt -0.008192 0.287492 0.000000
vt -0.007301 0.277400 0.000000
vt -0.006410 0.267308 0.000000
vt -0.004987 0.257216 0.000000
vt -0.004096 0.247124 0.000000
vt -0.003205 0.237032 0.000000
vt -0.009083 0.287492 0.000000
vt -0.009975 0.286314 0.000000
vt -0.009083 0.277400 0.000000
vt -0.009975 0.260286 0.000000
vt -0.009083 0.267308 0.000000
vt -0.009083 0.257216 0.000000
vt -0.008192 0.257216 0.000000
vt -0.008192 0.247124 0.000000
vt -0.007301 0.247124 0.000000
vt -0.007301 0.237032 0.000000
vt -0.006410 0.237032 0.000000
vt -0.009083 0.247124 0.000000
vt -0.009083 0.237032 0.000000
vt -0.009083 0.185943 0.000000
vt -0.009975 0.156171 0.000000
vt -0.009083 0.175725 0.000000
vt -0.009083 0.165508 0.000000
vt -0.008192 0.165508 0.000000
vt -0.008192 0.155290 0.000000
vt -0.007301 0.155290 0.000000
vt -0.007301 0.145072 0.000000
vt -0.006410 0.145072 0.000000
vt -0.006410 0.134710 0.000000
vt -0.004987 0.134710 0.000000
vt -0.004987 0.124347 0.000000
vt -0.004096 0.124347 0.000000
vt -0.004096 0.113985 0.000000
vt -0.003205 0.113985 0.000000
vt -0.009083 0.134710 0.000000
vt -0.009083 0.145072 0.000000
vt -0.009083 0.155290 0.000000
vt -0.008192 0.145072 0.000000
vt -0.009975 0.000000 0.000000
vt -0.009083 0.031087 0.000000
vt -0.009083 0.041449 0.000000
vt -0.009083 0.051811 0.000000
vt -0.008192 0.041449 0.000000
vt -0.008192 0.051811 0.000000
vt -0.007301 0.041449 0.000000
vt -0.008731 -0.000011 0.000000
vt -0.009083 0.010362 0.000000
vt -0.009083 0.020725 0.000000
vt -0.008192 0.020725 0.000000
vt -0.008192 0.031087 0.000000
vt -0.007301 0.020725 0.000000
vt -0.007301 0.031087 0.000000
vt -0.006410 0.020725 0.000000
vt -0.006410 0.031087 0.000000
vt -0.004987 0.020725 0.000000
vt -0.007490 -0.000045 0.000000
vt -0.008192 0.010362 0.000000
vt -0.007301 0.010362 0.000000
vt -0.006248 -0.000099 0.000000
vt -0.006410 0.010362 0.000000
vt -0.004987 0.010362 0.000000
vt -0.005004 -0.000172 0.000000
vt -0.004987 -0.000072 0.000000
vt -0.004096 -0.000059 0.000000
vt -0.003761 -0.000262 0.000000
vt -0.003205 -0.000046 0.000000
vt -0.002522 -0.000363 0.000000
vt -0.001422 0.041449 0.000000
vt -0.001422 0.051811 0.000000
vt -0.009083 0.062174 0.000000
vt -0.009083 0.124347 0.000000
vt -0.009083 0.113985 0.000000
vt -0.001422 0.196161 0.000000
vt -0.001422 0.206379 0.000000
vt -0.004096 0.010362 0.000000
vt -0.002314 0.051811 0.000000
vt -0.003205 0.051811 0.000000
vt -0.002314 0.041449 0.000000
vt -0.003205 0.041449 0.000000
vt -0.002314 0.031087 0.000000
vt -0.003205 0.031087 0.000000
vt -0.004096 0.051811 0.000000
vt -0.004096 0.041449 0.000000
vt -0.004987 0.051811 0.000000
vt -0.002314 0.113985 0.000000
vt -0.003205 0.124347 0.000000
vt -0.004096 0.134710 0.000000
vt -0.004987 0.145072 0.000000
vt -0.006410 0.155290 0.000000
vt -0.007301 0.165508 0.000000
vt -0.008192 0.175725 0.000000
vt -0.004987 0.113985 0.000000
vt -0.006410 0.113985 0.000000
vt -0.006410 0.124347 0.000000
vt -0.007301 0.113985 0.000000
vt -0.007301 0.124347 0.000000
vt -0.007301 0.134710 0.000000
vt -0.008192 0.113985 0.000000
vt -0.008192 0.124347 0.000000
vt -0.008192 0.134710 0.000000
vt -0.004096 0.165508 0.000000
vt -0.003205 0.155290 0.000000
vt -0.004987 0.175725 0.000000
vt -0.006410 0.185943 0.000000
vt -0.007301 0.196161 0.000000
vt -0.008192 0.206379 0.000000
vt -0.002314 0.145072 0.000000
vt -0.002314 0.206379 0.000000
vt -0.003205 0.206379 0.000000
vt -0.002314 0.196161 0.000000
vt -0.003205 0.196161 0.000000
vt -0.002314 0.185943 0.000000
vt -0.003205 0.185943 0.000000
vt -0.004096 0.206379 0.000000
vt -0.004096 0.196161 0.000000
vt -0.004987 0.206379 0.000000
vt -0.002314 0.277400 0.000000
vt -0.002314 0.287492 0.000000
vt -0.002314 0.299020 0.000000
vt -0.007301 0.267308 0.000000
vt -0.006410 0.257216 0.000000
vt -0.007301 0.257216 0.000000
vt -0.006410 0.247124 0.000000
vt -0.008192 0.267308 0.000000
vt -0.008192 0.277400 0.000000
vt -0.004987 0.247124 0.000000
vt -0.004096 0.237032 0.000000
vt -0.003205 0.287492 0.000000
vt -0.004096 0.299020 0.000000
vt -0.004987 0.310549 0.000000
vt -0.006410 0.322078 0.000000
vt -0.007301 0.333606 0.000000
vt -0.008192 0.345135 0.000000
vt -0.003205 0.299020 0.000000
vt -0.003205 0.310549 0.000000
vt -0.004096 0.310549 0.000000
vt -0.004987 0.322078 0.000000
vt -0.006410 0.333606 0.000000
vt -0.007301 0.345135 0.000000
vt -0.008192 0.356663 0.000000
vt -0.004096 0.322078 0.000000
vt -0.004987 0.333606 0.000000
vt -0.006410 0.345135 0.000000
vt -0.007301 0.356663 0.000000
vt -0.002314 0.400282 0.000000
vt -0.002314 0.408370 0.000000
vt -0.002314 0.412413 0.000000
vt -0.002314 0.414435 0.000000
vt -0.006410 0.400282 0.000000
vt -0.006410 0.408370 0.000000
vt -0.006410 0.412413 0.000000
vt -0.006410 0.414435 0.000000
vt -0.007301 0.400282 0.000000
vt -0.007301 0.408370 0.000000
vt -0.007301 0.412413 0.000000
vt -0.007301 0.414435 0.000000
vt -0.008192 0.237032 0.000000
vt -0.004987 0.237032 0.000000
vt -0.008192 0.082898 0.000000
vt -0.007301 0.082898 0.000000
vt -0.006410 0.082898 0.000000
vt -0.004987 0.082898 0.000000
vt -0.004096 0.082898 0.000000
vt -0.003205 0.082898 0.000000
vt -0.002314 0.082898 0.000000
vt -0.000000 0.051679 0.000000
vt -0.000000 0.103359 0.000000
vt -0.001422 0.086196 0.000000
vt -0.002421 0.107423 0.000000
vt -0.002313 0.086196 0.000000
vt -0.003204 0.086196 0.000000
vt -0.002313 0.065026 0.000000
vt -0.003204 0.065026 0.000000
vt -0.002313 0.039575 0.000000
vt -0.003204 0.039575 0.000000
vt -0.002313 0.014124 0.000000
vt -0.003204 0.014124 0.000000
vt -0.002313 -0.000079 0.000000
vt -0.003204 -0.000110 0.000000
vt -0.002522 -0.000357 0.000000
vt -0.003761 -0.000257 0.000000
vt -0.004096 -0.000140 0.000000
vt -0.005004 -0.000170 0.000000
vt -0.006409 0.014124 0.000000
vt -0.006248 -0.000098 0.000000
vt -0.007300 0.014124 0.000000
vt -0.008192 0.014124 0.000000
vt -0.008192 0.039575 0.000000
vt -0.009083 0.039575 0.000000
vt -0.009083 0.065026 0.000000
vt -0.009975 0.057169 0.000000
vt -0.009975 0.085754 0.000000
vt -0.009083 0.086196 0.000000
vt -0.009975 0.114339 0.000000
vt -0.009208 0.114399 0.000000
vt -0.009592 0.114395 0.000000
vt -0.004751 0.110975 0.000000
vt -0.004096 0.086196 0.000000
vt -0.004096 0.065026 0.000000
vt -0.004096 0.039575 0.000000
vt -0.004096 0.014124 0.000000
vt -0.004987 0.086196 0.000000
vt -0.005905 0.112392 0.000000
vt -0.006409 0.086196 0.000000
vt -0.007081 0.113498 0.000000
vt -0.007300 0.086196 0.000000
vt -0.007736 0.113937 0.000000
vt -0.008192 0.086196 0.000000
vt -0.008447 0.114253 0.000000
vt -0.008823 0.114350 0.000000
vt -0.009975 -0.000000 0.000000
vt -0.009083 0.014124 0.000000
vt -0.007490 -0.000044 0.000000
vt -0.008731 -0.000011 0.000000
vt -0.001285 -0.000466 0.000000
vt -0.001422 -0.000049 0.000000
vt -0.001422 0.014124 0.000000
vt -0.001422 0.039575 0.000000
vt -0.001422 0.065026 0.000000
vt -0.000000 -0.000000 0.000000
vt -0.000046 -0.000579 0.000000
vt -0.000000 -0.000583 0.000000
vt -0.008192 0.065026 0.000000
vt -0.007300 0.065026 0.000000
vt -0.007300 0.039575 0.000000
vt -0.006409 0.065026 0.000000
vt -0.006409 0.039575 0.000000
vt -0.004987 0.065026 0.000000
vt -0.004987 0.039575 0.000000
vt -0.004987 0.014124 0.000000
vt 0.000000 0.260350 0.000000
vt 0.042356 0.260350 0.000000
vt 0.000000 0.450850 0.000000
vt 0.042356 0.450850 0.000000
vt 0.078964 0.260350 0.000000
vt 0.078963 0.450850 0.000000
vt 0.117855 0.260350 0.000000
vt 0.117853 0.450850 0.000000
vt 0.168451 0.260350 0.000000
vt 0.168450 0.450850 0.000000
vt 0.215003 0.260350 0.000000
vt 0.215003 0.450850 0.000000
vt 0.234365 0.260350 0.000000
vt 0.234364 0.450850 0.000000
vt 0.244040 0.450850 0.000000
vt 0.244040 0.260350 0.000000
vt 0.253911 0.450850 0.000000
vt 0.253911 0.260350 0.000000
vt 0.263976 0.450850 0.000000
vt 0.263977 0.260350 0.000000
vt 0.274061 0.450850 0.000000
vt 0.274061 0.260350 0.000000
vt 0.284004 0.450850 0.000000
vt 0.284004 0.260350 0.000000
vt 0.293866 0.260350 0.000000
vt 0.315125 0.260350 0.000000
vt 0.315124 0.450850 0.000000
vt 0.293866 0.450850 0.000000
vt 0.328412 0.260350 0.000000
vt 0.328412 0.450850 0.000000
vt 0.337205 0.450850 0.000000
vt 0.337205 0.260350 0.000000
vt 0.343081 0.450850 0.000000
vt 0.343083 0.260350 0.000000
vt 0.347022 0.450850 0.000000
vt 0.347023 0.260350 0.000000
vt 0.349652 0.450850 0.000000
vt 0.349652 0.260350 0.000000
vt 0.355387 0.450850 0.000000
vt 0.355387 0.260350 0.000000
vt -0.355311 0.450850 0.000000
vt -0.354837 0.260350 0.000000
vt -0.349577 0.450850 0.000000
vt -0.346934 0.260350 0.000000
vt -0.346948 0.450850 0.000000
vt -0.343023 0.260350 0.000000
vt -0.343008 0.450850 0.000000
vt -0.337123 0.260350 0.000000
vt -0.337133 0.450850 0.000000
vt -0.328342 0.450850 0.000000
vt -0.328342 0.260350 0.000000
vt -0.315057 0.450850 0.000000
vt -0.315045 0.260350 0.000000
vt -0.293820 0.260350 0.000000
vt -0.283920 0.260350 0.000000
vt -0.283943 0.450850 0.000000
vt -0.293803 0.450850 0.000000
vt -0.274002 0.450850 0.000000
vt -0.273960 0.260350 0.000000
vt -0.263920 0.450850 0.000000
vt -0.263912 0.260350 0.000000
vt -0.253857 0.450850 0.000000
vt -0.253853 0.260350 0.000000
vt -0.243988 0.450850 0.000000
vt -0.243968 0.260350 0.000000
vt -0.234314 0.450850 0.000000
vt -0.234282 0.260350 0.000000
vt -0.214957 0.450850 0.000000
vt -0.214925 0.260350 0.000000
vt -0.168414 0.450850 0.000000
vt -0.168375 0.260350 0.000000
vt -0.117828 0.450850 0.000000
vt -0.117770 0.260350 0.000000
vt -0.078946 0.450850 0.000000
vt -0.078915 0.260350 0.000000
vt -0.042362 0.260350 0.000000
vt -0.042347 0.450850 0.000000
vt 0.000000 0.260350 0.000000
vt -0.000000 0.450850 0.000000
vt -0.000723 0.082528 0.000000
vt -0.001421 0.078838 0.000000
vt -0.000000 0.082665 0.000000
vt -0.001421 0.056249 0.000000
vt -0.000000 0.041333 0.000000
vt -0.001421 0.033749 0.000000
vt -0.001421 0.011250 0.000000
vt -0.002313 0.033749 0.000000
vt -0.002313 0.011250 0.000000
vt -0.003204 0.033749 0.000000
vt -0.003204 0.011250 0.000000
vt -0.004096 0.033749 0.000000
vt -0.004096 0.011250 0.000000
vt -0.004987 0.033749 0.000000
vt -0.004987 0.011250 0.000000
vt -0.006409 0.033749 0.000000
vt -0.006409 0.011250 0.000000
vt -0.007300 0.033749 0.000000
vt -0.007300 0.011250 0.000000
vt -0.008192 0.033749 0.000000
vt -0.008192 0.011250 0.000000
vt -0.009083 0.033749 0.000000
vt -0.009083 0.011250 0.000000
vt -0.009975 0.037385 0.000000
vt -0.009975 0.000000 0.000000
vt -0.001423 0.082301 0.000000
vt -0.002313 0.078838 0.000000
vt -0.002313 0.056249 0.000000
vt -0.002747 0.081632 0.000000
vt -0.003204 0.078838 0.000000
vt -0.003204 0.056249 0.000000
vt -0.003974 0.080767 0.000000
vt -0.004096 0.078838 0.000000
vt -0.004096 0.056249 0.000000
vt -0.004987 0.078838 0.000000
vt -0.005180 0.079733 0.000000
vt -0.006390 0.078559 0.000000
vt -0.004987 0.056249 0.000000
vt -0.007592 0.077305 0.000000
vt -0.006409 0.056249 0.000000
vt -0.007300 0.056249 0.000000
vt -0.009975 0.074769 0.000000
vt -0.009083 0.056249 0.000000
vt -0.008192 0.056249 0.000000
vt -0.009975 -0.000583 0.000000
vt -0.009928 -0.000579 0.000000
vt -0.009083 -0.000018 0.000000
vt -0.008690 -0.000466 0.000000
vt -0.008192 -0.000036 0.000000
vt -0.007300 -0.000054 0.000000
vt -0.006409 -0.000072 0.000000
vt -0.006214 -0.000258 0.000000
vt -0.007453 -0.000358 0.000000
vt -0.004971 -0.000170 0.000000
vt -0.004987 -0.000101 0.000000
vt -0.003726 -0.000098 0.000000
vt -0.002485 -0.000044 0.000000
vt -0.001243 -0.000011 0.000000
vt -0.000000 -0.000000 0.000000
vt -0.000000 0.052058 0.000000
vt -0.001422 0.020693 0.000000
vt -0.000000 0.000000 0.000000
vt -0.001422 0.010347 0.000000
vt -0.001243 -0.000011 0.000000
vt -0.002313 0.010347 0.000000
vt -0.002485 -0.000045 0.000000
vt -0.003205 0.010347 0.000000
vt -0.004096 0.010347 0.000000
vt -0.004096 0.020693 0.000000
vt -0.004987 0.020693 0.000000
vt -0.004987 0.031040 0.000000
vt -0.006409 0.031040 0.000000
vt -0.006409 0.041386 0.000000
vt -0.007300 0.041386 0.000000
vt -0.007300 0.051733 0.000000
vt -0.008192 0.051733 0.000000
vt -0.008192 0.062079 0.000000
vt -0.009083 0.062079 0.000000
vt -0.009083 0.072426 0.000000
vt -0.009975 0.052058 0.000000
vt -0.009083 0.082772 0.000000
vt -0.009975 0.104116 0.000000
vt -0.009083 0.093119 0.000000
vt -0.009083 0.103465 0.000000
vt -0.008192 0.093119 0.000000
vt -0.008192 0.103465 0.000000
vt -0.007300 0.093119 0.000000
vt -0.007300 0.103465 0.000000
vt -0.006409 0.093119 0.000000
vt -0.006409 0.103465 0.000000
vt -0.004987 0.093119 0.000000
vt -0.004987 0.103465 0.000000
vt -0.004096 0.093119 0.000000
vt -0.004096 0.103465 0.000000
vt -0.003205 0.093119 0.000000
vt -0.003205 0.103465 0.000000
vt -0.002313 0.093119 0.000000
vt -0.002313 0.103465 0.000000
vt -0.001422 0.093119 0.000000
vt -0.001422 0.103465 0.000000
vt -0.000000 0.104116 0.000000
vt -0.001422 0.113812 0.000000
vt -0.001422 0.124158 0.000000
vt -0.002313 0.124158 0.000000
vt -0.002313 0.134505 0.000000
vt -0.003205 0.134505 0.000000
vt -0.003205 0.144851 0.000000
vt -0.004096 0.144851 0.000000
vt -0.004096 0.155073 0.000000
vt -0.004987 0.155073 0.000000
vt -0.004987 0.165295 0.000000
vt -0.006409 0.165295 0.000000
vt -0.006409 0.175517 0.000000
vt -0.007300 0.175517 0.000000
vt -0.007300 0.185739 0.000000
vt -0.008192 0.185739 0.000000
vt -0.008192 0.195961 0.000000
vt -0.009083 0.195961 0.000000
vt -0.009083 0.206183 0.000000
vt -0.009975 0.208231 0.000000
vt -0.009083 0.216405 0.000000
vt -0.009083 0.226627 0.000000
vt -0.008192 0.216405 0.000000
vt -0.008192 0.226627 0.000000
vt -0.007300 0.216405 0.000000
vt -0.007300 0.226627 0.000000
vt -0.006409 0.216405 0.000000
vt -0.006409 0.226627 0.000000
vt -0.004987 0.216405 0.000000
vt -0.004987 0.226627 0.000000
vt -0.004096 0.216405 0.000000
vt -0.004096 0.226627 0.000000
vt -0.003205 0.216405 0.000000
vt -0.003205 0.226627 0.000000
vt -0.002313 0.216405 0.000000
vt -0.002313 0.226627 0.000000
vt -0.001422 0.216405 0.000000
vt -0.001422 0.226627 0.000000
vt -0.000000 0.208231 0.000000
vt -0.001422 0.236849 0.000000
vt -0.000000 0.260289 0.000000
vt -0.001422 0.246999 0.000000
vt -0.001422 0.257149 0.000000
vt -0.002313 0.257149 0.000000
vt -0.002313 0.267299 0.000000
vt -0.003205 0.267299 0.000000
vt -0.003205 0.277449 0.000000
vt -0.004096 0.277449 0.000000
vt -0.004096 0.287599 0.000000
vt -0.004987 0.287599 0.000000
vt -0.004987 0.299137 0.000000
vt -0.006409 0.299137 0.000000
vt -0.006409 0.310675 0.000000
vt -0.007300 0.310675 0.000000
vt -0.007300 0.322214 0.000000
vt -0.008192 0.322214 0.000000
vt -0.008192 0.333752 0.000000
vt -0.009083 0.333752 0.000000
vt -0.009083 0.345290 0.000000
vt -0.009975 0.338375 0.000000
vt -0.009975 0.351390 0.000000
vt -0.009083 0.356828 0.000000
vt -0.009975 0.364404 0.000000
vt -0.009083 0.368367 0.000000
vt -0.009083 0.379905 0.000000
vt -0.008192 0.368367 0.000000
vt -0.008192 0.379905 0.000000
vt -0.007300 0.368367 0.000000
vt -0.007300 0.379905 0.000000
vt -0.006409 0.368367 0.000000
vt -0.006409 0.379905 0.000000
vt -0.004987 0.368367 0.000000
vt -0.004987 0.379905 0.000000
vt -0.004096 0.368367 0.000000
vt -0.004096 0.379905 0.000000
vt -0.003205 0.368367 0.000000
vt -0.003205 0.379905 0.000000
vt -0.002313 0.368367 0.000000
vt -0.002313 0.379905 0.000000
vt -0.001422 0.368367 0.000000
vt -0.001422 0.379905 0.000000
vt -0.000000 0.364404 0.000000
vt -0.000000 0.390433 0.000000
vt -0.001422 0.072426 0.000000
vt -0.001422 0.062079 0.000000
vt -0.001422 0.051733 0.000000
vt -0.002313 0.062079 0.000000
vt -0.002313 0.051733 0.000000
vt -0.003205 0.062079 0.000000
vt -0.003205 0.051733 0.000000
vt -0.004096 0.062079 0.000000
vt -0.004096 0.051733 0.000000
vt -0.004987 0.062079 0.000000
vt -0.004987 0.051733 0.000000
vt -0.006409 0.062079 0.000000
vt -0.006409 0.051733 0.000000
vt -0.007300 0.062079 0.000000
vt -0.000000 0.156173 0.000000
vt -0.001422 0.134505 0.000000
vt -0.002313 0.144851 0.000000
vt -0.003205 0.155073 0.000000
vt -0.004096 0.165295 0.000000
vt -0.004987 0.175517 0.000000
vt -0.006409 0.185739 0.000000
vt -0.007300 0.195961 0.000000
vt -0.008192 0.206183 0.000000
vt -0.001422 0.175517 0.000000
vt -0.001422 0.165295 0.000000
vt -0.001422 0.155073 0.000000
vt -0.002313 0.165295 0.000000
vt -0.002313 0.155073 0.000000
vt -0.003205 0.165295 0.000000
vt -0.000000 0.286318 0.000000
vt -0.001422 0.277449 0.000000
vt -0.001422 0.267299 0.000000
vt -0.001422 0.287599 0.000000
vt -0.000000 0.299332 0.000000
vt -0.001422 0.299137 0.000000
vt -0.001422 0.310675 0.000000
vt -0.002313 0.310675 0.000000
vt -0.002313 0.322214 0.000000
vt -0.003205 0.322214 0.000000
vt -0.003205 0.333752 0.000000
vt -0.004096 0.333752 0.000000
vt -0.004096 0.345290 0.000000
vt -0.004987 0.345290 0.000000
vt -0.004987 0.356828 0.000000
vt -0.006409 0.356828 0.000000
vt -0.000000 0.312347 0.000000
vt -0.001422 0.322214 0.000000
vt -0.002313 0.333752 0.000000
vt -0.003205 0.345290 0.000000
vt -0.004096 0.356828 0.000000
vt -0.000000 0.325361 0.000000
vt -0.001422 0.333752 0.000000
vt -0.002313 0.345290 0.000000
vt -0.003205 0.356828 0.000000
vt -0.000000 0.338375 0.000000
vt -0.001422 0.345290 0.000000
vt -0.002313 0.356828 0.000000
vt -0.000000 0.351390 0.000000
vt -0.001422 0.356828 0.000000
vt -0.000000 0.403448 0.000000
vt -0.001422 0.400473 0.000000
vt -0.001422 0.390189 0.000000
vt -0.002313 0.390189 0.000000
vt -0.003205 0.390189 0.000000
vt -0.004096 0.390189 0.000000
vt -0.004987 0.390189 0.000000
vt -0.006409 0.390189 0.000000
vt -0.007300 0.390189 0.000000
vt -0.008192 0.390189 0.000000
vt -0.009083 0.390189 0.000000
vt -0.009975 0.390433 0.000000
vt -0.001422 0.408467 0.000000
vt -0.000000 0.409955 0.000000
vt -0.001422 0.412465 0.000000
vt -0.000000 0.413208 0.000000
vt -0.001422 0.414463 0.000000
vt -0.000000 0.414835 0.000000
vt -0.001422 0.415463 0.000000
vt -0.000000 0.415649 0.000000
vt -0.001662 0.416462 0.000000
vt -0.000000 0.416462 0.000000
vt -0.002313 0.415463 0.000000
vt -0.003322 0.416462 0.000000
vt -0.003205 0.415463 0.000000
vt -0.004096 0.415463 0.000000
vt -0.003205 0.414463 0.000000
vt -0.004096 0.414463 0.000000
vt -0.003205 0.412465 0.000000
vt -0.004096 0.412465 0.000000
vt -0.003205 0.408467 0.000000
vt -0.004096 0.408467 0.000000
vt -0.003205 0.400473 0.000000
vt -0.004096 0.400473 0.000000
vt -0.004987 0.416462 0.000000
vt -0.004987 0.415463 0.000000
vt -0.004987 0.414463 0.000000
vt -0.004987 0.412465 0.000000
vt -0.004987 0.408467 0.000000
vt -0.004987 0.400473 0.000000
vt -0.006409 0.415463 0.000000
vt -0.006652 0.416462 0.000000
vt -0.007300 0.415463 0.000000
vt -0.008313 0.416462 0.000000
vt -0.008192 0.415463 0.000000
vt -0.009083 0.415463 0.000000
vt -0.008192 0.414463 0.000000
vt -0.009083 0.414463 0.000000
vt -0.008192 0.412465 0.000000
vt -0.009083 0.412465 0.000000
vt -0.008192 0.408467 0.000000
vt -0.009083 0.408467 0.000000
vt -0.008192 0.400473 0.000000
vt -0.009083 0.400473 0.000000
vt -0.009975 0.416462 0.000000
vt -0.009975 0.415649 0.000000
vt -0.009975 0.414835 0.000000
vt -0.009975 0.413208 0.000000
vt -0.009975 0.409955 0.000000
vt -0.009975 0.403448 0.000000
vt -0.009975 0.325361 0.000000
vt -0.009083 0.322214 0.000000
vt -0.008192 0.310675 0.000000
vt -0.007300 0.299137 0.000000
vt -0.006409 0.287599 0.000000
vt -0.004987 0.277449 0.000000
vt -0.004096 0.267299 0.000000
vt -0.003205 0.257149 0.000000
vt -0.002313 0.246999 0.000000
vt -0.009975 0.312347 0.000000
vt -0.009083 0.310675 0.000000
vt -0.008192 0.299137 0.000000
vt -0.007300 0.287599 0.000000
vt -0.006409 0.277449 0.000000
vt -0.004987 0.267299 0.000000
vt -0.004096 0.257149 0.000000
vt -0.003205 0.246999 0.000000
vt -0.002313 0.236849 0.000000
vt -0.009975 0.299332 0.000000
vt -0.009083 0.299137 0.000000
vt -0.008192 0.287599 0.000000
vt -0.007300 0.277449 0.000000
vt -0.006409 0.267299 0.000000
vt -0.004987 0.257149 0.000000
vt -0.004096 0.246999 0.000000
vt -0.003205 0.236849 0.000000
vt -0.009083 0.287599 0.000000
vt -0.009975 0.286318 0.000000
vt -0.009083 0.277449 0.000000
vt -0.009975 0.260289 0.000000
vt -0.009083 0.267299 0.000000
vt -0.009083 0.257149 0.000000
vt -0.008192 0.257149 0.000000
vt -0.008192 0.246999 0.000000
vt -0.007300 0.246999 0.000000
vt -0.007300 0.236849 0.000000
vt -0.006409 0.236849 0.000000
vt -0.009083 0.236849 0.000000
vt -0.009083 0.246999 0.000000
vt -0.009083 0.185739 0.000000
vt -0.009975 0.156173 0.000000
vt -0.009083 0.175517 0.000000
vt -0.009083 0.165295 0.000000
vt -0.008192 0.165295 0.000000
vt -0.008192 0.155073 0.000000
vt -0.007300 0.155073 0.000000
vt -0.007300 0.144851 0.000000
vt -0.006409 0.144851 0.000000
vt -0.006409 0.134505 0.000000
vt -0.004987 0.134505 0.000000
vt -0.004987 0.124158 0.000000
vt -0.004096 0.124158 0.000000
vt -0.004096 0.113812 0.000000
vt -0.003205 0.113812 0.000000
vt -0.009083 0.134505 0.000000
vt -0.009083 0.144851 0.000000
vt -0.009083 0.155073 0.000000
vt -0.008192 0.144851 0.000000
vt -0.009975 -0.000000 0.000000
vt -0.009083 0.031040 0.000000
vt -0.009083 0.041386 0.000000
vt -0.009083 0.051733 0.000000
vt -0.008192 0.041386 0.000000
vt -0.009975 -0.000593 0.000000
vt -0.009928 -0.000588 0.000000
vt -0.009083 -0.000010 0.000000
vt -0.009083 0.010347 0.000000
vt -0.008690 -0.000473 0.000000
vt -0.008192 0.010347 0.000000
vt -0.008192 -0.000020 0.000000
vt -0.007300 0.010347 0.000000
vt -0.007300 -0.000030 0.000000
vt -0.006409 0.010347 0.000000
vt -0.006409 -0.000040 0.000000
vt -0.004987 0.010347 0.000000
vt -0.006214 -0.000262 0.000000
vt -0.004987 -0.000056 0.000000
vt -0.004971 -0.000172 0.000000
vt -0.004096 -0.000066 0.000000
vt -0.003726 -0.000099 0.000000
vt -0.007453 -0.000363 0.000000
vt -0.009083 0.020693 0.000000
vt -0.008192 0.020693 0.000000
vt -0.007300 0.020693 0.000000
vt -0.006409 0.020693 0.000000
vt -0.001422 0.041386 0.000000
vt -0.002313 0.041386 0.000000
vt -0.003205 0.041386 0.000000
vt -0.004096 0.041386 0.000000
vt -0.004987 0.041386 0.000000
vt -0.009083 0.124158 0.000000
vt -0.009083 0.113812 0.000000
vt -0.001422 0.144851 0.000000
vt -0.001422 0.195961 0.000000
vt -0.001422 0.206183 0.000000
vt -0.002313 0.020693 0.000000
vt -0.002313 0.031040 0.000000
vt -0.001422 0.031040 0.000000
vt -0.003205 0.020693 0.000000
vt -0.003205 0.031040 0.000000
vt -0.008192 0.031040 0.000000
vt -0.007300 0.031040 0.000000
vt -0.002313 0.072426 0.000000
vt -0.002313 0.082772 0.000000
vt -0.001422 0.082772 0.000000
vt -0.003205 0.072426 0.000000
vt -0.003205 0.082772 0.000000
vt -0.004096 0.072426 0.000000
vt -0.004096 0.082772 0.000000
vt -0.004987 0.072426 0.000000
vt -0.004987 0.082772 0.000000
vt -0.006409 0.072426 0.000000
vt -0.006409 0.082772 0.000000
vt -0.007300 0.072426 0.000000
vt -0.007300 0.082772 0.000000
vt -0.008192 0.072426 0.000000
vt -0.008192 0.082772 0.000000
vt -0.002313 0.113812 0.000000
vt -0.003205 0.124158 0.000000
vt -0.004096 0.134505 0.000000
vt -0.004987 0.144851 0.000000
vt -0.006409 0.155073 0.000000
vt -0.007300 0.165295 0.000000
vt -0.008192 0.175517 0.000000
vt -0.004987 0.113812 0.000000
vt -0.006409 0.113812 0.000000
vt -0.006409 0.124158 0.000000
vt -0.007300 0.113812 0.000000
vt -0.007300 0.124158 0.000000
vt -0.007300 0.134505 0.000000
vt -0.008192 0.113812 0.000000
vt -0.008192 0.124158 0.000000
vt -0.008192 0.134505 0.000000
vt -0.002313 0.175517 0.000000
vt -0.002313 0.185739 0.000000
vt -0.001422 0.185739 0.000000
vt -0.002313 0.195961 0.000000
vt -0.002313 0.206183 0.000000
vt -0.003205 0.175517 0.000000
vt -0.003205 0.185739 0.000000
vt -0.003205 0.195961 0.000000
vt -0.003205 0.206183 0.000000
vt -0.004096 0.175517 0.000000
vt -0.004096 0.185739 0.000000
vt -0.004096 0.195961 0.000000
vt -0.004096 0.206183 0.000000
vt -0.004987 0.206183 0.000000
vt -0.004987 0.195961 0.000000
vt -0.004987 0.185739 0.000000
vt -0.006409 0.206183 0.000000
vt -0.006409 0.195961 0.000000
vt -0.007300 0.206183 0.000000
vt -0.002313 0.277449 0.000000
vt -0.002313 0.287599 0.000000
vt -0.002313 0.299137 0.000000
vt -0.007300 0.267299 0.000000
vt -0.006409 0.257149 0.000000
vt -0.007300 0.257149 0.000000
vt -0.006409 0.246999 0.000000
vt -0.008192 0.267299 0.000000
vt -0.008192 0.277449 0.000000
vt -0.004987 0.246999 0.000000
vt -0.004096 0.236849 0.000000
vt -0.003205 0.287599 0.000000
vt -0.004096 0.299137 0.000000
vt -0.004987 0.310675 0.000000
vt -0.006409 0.322214 0.000000
vt -0.007300 0.333752 0.000000
vt -0.008192 0.345290 0.000000
vt -0.003205 0.299137 0.000000
vt -0.003205 0.310675 0.000000
vt -0.004096 0.310675 0.000000
vt -0.004987 0.322214 0.000000
vt -0.006409 0.333752 0.000000
vt -0.007300 0.345290 0.000000
vt -0.008192 0.356828 0.000000
vt -0.004096 0.322214 0.000000
vt -0.004987 0.333752 0.000000
vt -0.006409 0.345290 0.000000
vt -0.007300 0.356828 0.000000
vt -0.002313 0.400473 0.000000
vt -0.002313 0.408467 0.000000
vt -0.002313 0.412465 0.000000
vt -0.002313 0.414463 0.000000
vt -0.006409 0.400473 0.000000
vt -0.006409 0.408467 0.000000
vt -0.006409 0.412465 0.000000
vt -0.006409 0.414463 0.000000
vt -0.007300 0.400473 0.000000
vt -0.007300 0.408467 0.000000
vt -0.007300 0.412465 0.000000
vt -0.007300 0.414463 0.000000
vt -0.008192 0.236849 0.000000
vt -0.004987 0.236849 0.000000
vt -0.004096 0.031040 0.000000
vt -0.009975 0.417058 0.000000
vt -0.009975 0.416465 0.000000
vt -0.009928 0.417054 0.000000
vt -0.009083 0.416475 0.000000
vt -0.008690 0.416939 0.000000
vt -0.009083 0.407412 0.000000
vt -0.008192 0.407412 0.000000
vt -0.008192 0.398359 0.000000
vt -0.007300 0.398359 0.000000
vt -0.007300 0.389306 0.000000
vt -0.006409 0.389306 0.000000
vt -0.006409 0.380252 0.000000
vt -0.004987 0.380252 0.000000
vt -0.004987 0.369906 0.000000
vt -0.004096 0.369906 0.000000
vt -0.004096 0.359559 0.000000
vt -0.003204 0.359559 0.000000
vt -0.003204 0.349213 0.000000
vt -0.002313 0.349213 0.000000
vt -0.002313 0.338866 0.000000
vt -0.001421 0.338866 0.000000
vt -0.001421 0.328519 0.000000
vt -0.000000 0.312349 0.000000
vt -0.001421 0.318173 0.000000
vt -0.001421 0.307826 0.000000
vt -0.002313 0.318173 0.000000
vt -0.002313 0.307826 0.000000
vt -0.003204 0.318173 0.000000
vt -0.003204 0.307826 0.000000
vt -0.004096 0.318173 0.000000
vt -0.004096 0.307826 0.000000
vt -0.004987 0.318173 0.000000
vt -0.004987 0.307826 0.000000
vt -0.006409 0.318173 0.000000
vt -0.006409 0.307826 0.000000
vt -0.007300 0.318173 0.000000
vt -0.007300 0.307826 0.000000
vt -0.008192 0.318173 0.000000
vt -0.008192 0.307826 0.000000
vt -0.009083 0.318173 0.000000
vt -0.009083 0.307826 0.000000
vt -0.009975 0.312349 0.000000
vt -0.009083 0.297480 0.000000
vt -0.009083 0.287133 0.000000
vt -0.008192 0.287133 0.000000
vt -0.008192 0.276786 0.000000
vt -0.007300 0.276786 0.000000
vt -0.007300 0.266440 0.000000
vt -0.006409 0.266440 0.000000
vt -0.006409 0.256093 0.000000
vt -0.004987 0.256093 0.000000
vt -0.004987 0.245747 0.000000
vt -0.004096 0.245747 0.000000
vt -0.004096 0.235400 0.000000
vt -0.003204 0.235400 0.000000
vt -0.003204 0.226347 0.000000
vt -0.002313 0.226347 0.000000
vt -0.002313 0.217294 0.000000
vt -0.001421 0.217294 0.000000
vt -0.001421 0.208233 0.000000
vt -0.000000 0.208233 0.000000
vt -0.001421 0.199187 0.000000
vt -0.001421 0.189401 0.000000
vt -0.002313 0.199187 0.000000
vt -0.002313 0.189401 0.000000
vt -0.003204 0.199187 0.000000
vt -0.003204 0.189401 0.000000
vt -0.004096 0.199187 0.000000
vt -0.004096 0.189401 0.000000
vt -0.004987 0.199187 0.000000
vt -0.004987 0.189401 0.000000
vt -0.006409 0.199187 0.000000
vt -0.006409 0.189401 0.000000
vt -0.007300 0.199187 0.000000
vt -0.007300 0.189401 0.000000
vt -0.008192 0.199187 0.000000
vt -0.008192 0.189401 0.000000
vt -0.009083 0.199187 0.000000
vt -0.009083 0.189401 0.000000
vt -0.009975 0.208233 0.000000
vt -0.009083 0.179614 0.000000
vt -0.009975 0.156175 0.000000
vt -0.009083 0.169828 0.000000
vt -0.009083 0.160041 0.000000
vt -0.008192 0.160041 0.000000
vt -0.008192 0.149649 0.000000
vt -0.007300 0.149649 0.000000
vt -0.007300 0.139257 0.000000
vt -0.006409 0.139257 0.000000
vt -0.006409 0.128864 0.000000
vt -0.004987 0.128864 0.000000
vt -0.004987 0.114755 0.000000
vt -0.004096 0.114755 0.000000
vt -0.004096 0.100646 0.000000
vt -0.003204 0.100646 0.000000
vt -0.003204 0.086536 0.000000
vt -0.002313 0.086536 0.000000
vt -0.002313 0.072427 0.000000
vt -0.001421 0.072427 0.000000
vt -0.001421 0.058317 0.000000
vt -0.000000 0.065073 0.000000
vt -0.000000 0.052058 0.000000
vt -0.001421 0.044208 0.000000
vt -0.001421 0.034802 0.000000
vt -0.002313 0.044208 0.000000
vt -0.002313 0.034802 0.000000
vt -0.003204 0.044208 0.000000
vt -0.003204 0.034802 0.000000
vt -0.004096 0.044208 0.000000
vt -0.004096 0.034802 0.000000
vt -0.004987 0.044208 0.000000
vt -0.004987 0.034802 0.000000
vt -0.006409 0.044208 0.000000
vt -0.006409 0.034802 0.000000
vt -0.007300 0.044208 0.000000
vt -0.007300 0.034802 0.000000
vt -0.008192 0.044208 0.000000
vt -0.008192 0.034802 0.000000
vt -0.009083 0.044208 0.000000
vt -0.009083 0.034802 0.000000
vt -0.009975 0.052058 0.000000
vt -0.009975 0.026029 0.000000
vt -0.009975 0.364407 0.000000
vt -0.009083 0.389306 0.000000
vt -0.009083 0.398359 0.000000
vt -0.009083 0.338866 0.000000
vt -0.009083 0.349213 0.000000
vt -0.009083 0.359559 0.000000
vt -0.008192 0.349213 0.000000
vt -0.008192 0.359559 0.000000
vt -0.007300 0.349213 0.000000
vt -0.007300 0.359559 0.000000
vt -0.006409 0.349213 0.000000
vt -0.006409 0.359559 0.000000
vt -0.004987 0.349213 0.000000
vt -0.004987 0.359559 0.000000
vt -0.004096 0.349213 0.000000
vt -0.009975 0.260291 0.000000
vt -0.009083 0.276786 0.000000
vt -0.008192 0.266440 0.000000
vt -0.007300 0.256093 0.000000
vt -0.006409 0.245747 0.000000
vt -0.004987 0.235400 0.000000
vt -0.004096 0.226347 0.000000
vt -0.003204 0.217294 0.000000
vt -0.002313 0.208233 0.000000
vt -0.009083 0.235400 0.000000
vt -0.009083 0.245747 0.000000
vt -0.009083 0.256093 0.000000
vt -0.008192 0.245747 0.000000
vt -0.008192 0.256093 0.000000
vt -0.007300 0.245747 0.000000
vt -0.009975 0.130145 0.000000
vt -0.009083 0.139257 0.000000
vt -0.009083 0.149649 0.000000
vt -0.009083 0.128864 0.000000
vt -0.009975 0.117131 0.000000
vt -0.009083 0.114755 0.000000
vt -0.009975 0.104116 0.000000
vt -0.009083 0.100646 0.000000
vt -0.009975 0.091102 0.000000
vt -0.009083 0.086536 0.000000
vt -0.009975 0.078087 0.000000
vt -0.009083 0.072427 0.000000
vt -0.009975 0.065073 0.000000
vt -0.009083 0.058317 0.000000
vt -0.009975 0.013015 0.000000
vt -0.009083 0.015989 0.000000
vt -0.009083 0.025396 0.000000
vt -0.008192 0.025396 0.000000
vt -0.007300 0.025396 0.000000
vt -0.006409 0.025396 0.000000
vt -0.004987 0.025396 0.000000
vt -0.004096 0.025396 0.000000
vt -0.003204 0.025396 0.000000
vt -0.002313 0.025396 0.000000
vt -0.001421 0.025396 0.000000
vt -0.000000 0.026029 0.000000
vt -0.009083 0.007995 0.000000
vt -0.009975 0.006507 0.000000
vt -0.009083 0.003997 0.000000
vt -0.009975 0.003254 0.000000
vt -0.009083 0.001999 0.000000
vt -0.009975 0.001627 0.000000
vt -0.009083 0.000999 0.000000
vt -0.009879 0.000000 0.000000
vt -0.008244 0.000000 0.000000
vt -0.009975 0.000813 0.000000
vt -0.006611 0.000000 0.000000
vt -0.007300 0.000999 0.000000
vt -0.008192 0.000999 0.000000
vt -0.006409 0.000999 0.000000
vt -0.004967 0.000000 0.000000
vt -0.004987 0.000999 0.000000
vt -0.004096 0.000999 0.000000
vt -0.004987 0.001999 0.000000
vt -0.004096 0.001999 0.000000
vt -0.004987 0.003997 0.000000
vt -0.004096 0.003997 0.000000
vt -0.004987 0.007995 0.000000
vt -0.004096 0.007995 0.000000
vt -0.004987 0.015989 0.000000
vt -0.004096 0.015989 0.000000
vt -0.003316 0.000000 0.000000
vt -0.003204 0.000999 0.000000
vt -0.003204 0.001999 0.000000
vt -0.003204 0.003997 0.000000
vt -0.003204 0.007995 0.000000
vt -0.003204 0.015989 0.000000
vt -0.002313 0.000999 0.000000
vt -0.001661 0.000000 0.000000
vt -0.001421 0.000999 0.000000
vt -0.000000 0.000000 0.000000
vt -0.000000 0.000813 0.000000
vt -0.000000 0.001627 0.000000
vt -0.001421 0.001999 0.000000
vt -0.002313 0.001999 0.000000
vt -0.002313 0.003997 0.000000
vt -0.000000 0.003254 0.000000
vt -0.001421 0.003997 0.000000
vt -0.002313 0.007995 0.000000
vt -0.000000 0.006507 0.000000
vt -0.001421 0.007995 0.000000
vt -0.002313 0.015989 0.000000
vt -0.000000 0.013015 0.000000
vt -0.001421 0.015989 0.000000
vt -0.000000 0.078087 0.000000
vt -0.001421 0.086536 0.000000
vt -0.002313 0.100646 0.000000
vt -0.003204 0.114755 0.000000
vt -0.004096 0.128864 0.000000
vt -0.004987 0.139257 0.000000
vt -0.006409 0.149649 0.000000
vt -0.007300 0.160041 0.000000
vt -0.008192 0.169828 0.000000
vt -0.000000 0.091102 0.000000
vt -0.001421 0.100646 0.000000
vt -0.002313 0.114755 0.000000
vt -0.003204 0.128864 0.000000
vt -0.004096 0.139257 0.000000
vt -0.004987 0.149649 0.000000
vt -0.006409 0.160041 0.000000
vt -0.007300 0.169828 0.000000
vt -0.008192 0.179614 0.000000
vt -0.000000 0.104116 0.000000
vt -0.001421 0.114755 0.000000
vt -0.002313 0.128864 0.000000
vt -0.003204 0.139257 0.000000
vt -0.004096 0.149649 0.000000
vt -0.004987 0.160041 0.000000
vt -0.006409 0.169828 0.000000
vt -0.007300 0.179614 0.000000
vt -0.000000 0.117131 0.000000
vt -0.001421 0.128864 0.000000
vt -0.002313 0.139257 0.000000
vt -0.003204 0.149649 0.000000
vt -0.004096 0.160041 0.000000
vt -0.004987 0.169828 0.000000
vt -0.006409 0.179614 0.000000
vt -0.000000 0.130145 0.000000
vt -0.001421 0.139257 0.000000
vt -0.002313 0.149649 0.000000
vt -0.003204 0.160041 0.000000
vt -0.004096 0.169828 0.000000
vt -0.004987 0.179614 0.000000
vt -0.000000 0.156175 0.000000
vt -0.001421 0.149649 0.000000
vt -0.002313 0.160041 0.000000
vt -0.003204 0.169828 0.000000
vt -0.004096 0.179614 0.000000
vt -0.001421 0.169828 0.000000
vt -0.001421 0.160041 0.000000
vt -0.000000 0.260291 0.000000
vt -0.001421 0.235400 0.000000
vt -0.001421 0.226347 0.000000
vt -0.001421 0.287133 0.000000
vt -0.001421 0.276786 0.000000
vt -0.001421 0.266440 0.000000
vt -0.002313 0.276786 0.000000
vt -0.002313 0.266440 0.000000
vt -0.003204 0.276786 0.000000
vt -0.003204 0.266440 0.000000
vt -0.004096 0.276786 0.000000
vt -0.004096 0.266440 0.000000
vt -0.004987 0.276786 0.000000
vt -0.004987 0.266440 0.000000
vt -0.006409 0.276786 0.000000
vt -0.000000 0.364407 0.000000
vt -0.001421 0.349213 0.000000
vt -0.002313 0.359559 0.000000
vt -0.003204 0.369906 0.000000
vt -0.004096 0.380252 0.000000
vt -0.004987 0.389306 0.000000
vt -0.006409 0.398359 0.000000
vt -0.007300 0.407412 0.000000
vt -0.007453 0.416829 0.000000
vt -0.008192 0.416485 0.000000
vt -0.000000 0.416465 0.000000
vt -0.001421 0.389306 0.000000
vt -0.001421 0.380252 0.000000
vt -0.001421 0.369906 0.000000
vt -0.002313 0.380252 0.000000
vt -0.002313 0.369906 0.000000
vt -0.003204 0.380252 0.000000
vt -0.001243 0.416477 0.000000
vt -0.001421 0.407412 0.000000
vt -0.001421 0.398359 0.000000
vt -0.002313 0.398359 0.000000
vt -0.002313 0.389306 0.000000
vt -0.003204 0.398359 0.000000
vt -0.003204 0.389306 0.000000
vt -0.004096 0.398359 0.000000
vt -0.004096 0.389306 0.000000
vt -0.004987 0.398359 0.000000
vt -0.002485 0.416510 0.000000
vt -0.002313 0.407412 0.000000
vt -0.003204 0.407412 0.000000
vt -0.003726 0.416565 0.000000
vt -0.004096 0.416532 0.000000
vt -0.004971 0.416638 0.000000
vt -0.004096 0.407412 0.000000
vt -0.004987 0.416522 0.000000
vt -0.004987 0.407412 0.000000
vt -0.006214 0.416727 0.000000
vt -0.006409 0.407412 0.000000
vt -0.006409 0.416506 0.000000
vt -0.007300 0.416496 0.000000
vt -0.009083 0.208233 0.000000
vt -0.009083 0.217294 0.000000
vt -0.008192 0.208233 0.000000
vt -0.008192 0.217294 0.000000
vt -0.007300 0.208233 0.000000
vt -0.007300 0.217294 0.000000
vt -0.006409 0.208233 0.000000
vt -0.006409 0.217294 0.000000
vt -0.004987 0.208233 0.000000
vt -0.004987 0.217294 0.000000
vt -0.004096 0.208233 0.000000
vt -0.004096 0.217294 0.000000
vt -0.003204 0.208233 0.000000
vt -0.009083 0.226347 0.000000
vt -0.008192 0.226347 0.000000
vt -0.007300 0.226347 0.000000
vt -0.006409 0.226347 0.000000
vt -0.004987 0.226347 0.000000
vt -0.001421 0.245747 0.000000
vt -0.001421 0.256093 0.000000
vt -0.009083 0.266440 0.000000
vt -0.001421 0.297480 0.000000
vt -0.002313 0.297480 0.000000
vt -0.003204 0.297480 0.000000
vt -0.004096 0.297480 0.000000
vt -0.004987 0.297480 0.000000
vt -0.006409 0.297480 0.000000
vt -0.007300 0.297480 0.000000
vt -0.008192 0.297480 0.000000
vt -0.009083 0.328519 0.000000
vt -0.008192 0.328519 0.000000
vt -0.007300 0.328519 0.000000
vt -0.006409 0.328519 0.000000
vt -0.004987 0.328519 0.000000
vt -0.004096 0.328519 0.000000
vt -0.003204 0.328519 0.000000
vt -0.002313 0.328519 0.000000
vt -0.001421 0.359559 0.000000
vt -0.009083 0.380252 0.000000
vt -0.009083 0.369906 0.000000
vt -0.008192 0.369906 0.000000
vt -0.007300 0.369906 0.000000
vt -0.008192 0.380252 0.000000
vt -0.007300 0.380252 0.000000
vt -0.008192 0.389306 0.000000
vt -0.006409 0.369906 0.000000
vt -0.002313 0.287133 0.000000
vt -0.003204 0.287133 0.000000
vt -0.004096 0.287133 0.000000
vt -0.004987 0.287133 0.000000
vt -0.006409 0.287133 0.000000
vt -0.007300 0.287133 0.000000
vt -0.008192 0.338866 0.000000
vt -0.007300 0.338866 0.000000
vt -0.006409 0.338866 0.000000
vt -0.004987 0.338866 0.000000
vt -0.004096 0.338866 0.000000
vt -0.003204 0.338866 0.000000
vt -0.004096 0.256093 0.000000
vt -0.003204 0.256093 0.000000
vt -0.003204 0.245747 0.000000
vt -0.002313 0.256093 0.000000
vt -0.002313 0.245747 0.000000
vt -0.002313 0.235400 0.000000
vt -0.001421 0.179614 0.000000
vt -0.002313 0.179614 0.000000
vt -0.003204 0.179614 0.000000
vt -0.008192 0.139257 0.000000
vt -0.008192 0.128864 0.000000
vt -0.008192 0.114755 0.000000
vt -0.008192 0.100646 0.000000
vt -0.008192 0.086536 0.000000
vt -0.008192 0.072427 0.000000
vt -0.008192 0.058317 0.000000
vt -0.002313 0.169828 0.000000
vt -0.007300 0.128864 0.000000
vt -0.006409 0.114755 0.000000
vt -0.004987 0.100646 0.000000
vt -0.004096 0.086536 0.000000
vt -0.003204 0.072427 0.000000
vt -0.002313 0.058317 0.000000
vt -0.007300 0.114755 0.000000
vt -0.007300 0.100646 0.000000
vt -0.007300 0.086536 0.000000
vt -0.007300 0.072427 0.000000
vt -0.007300 0.058317 0.000000
vt -0.006409 0.100646 0.000000
vt -0.004987 0.086536 0.000000
vt -0.004096 0.072427 0.000000
vt -0.003204 0.058317 0.000000
vt -0.006409 0.086536 0.000000
vt -0.006409 0.072427 0.000000
vt -0.006409 0.058317 0.000000
vt -0.004987 0.072427 0.000000
vt -0.004096 0.058317 0.000000
vt -0.004987 0.058317 0.000000
vt -0.008192 0.015989 0.000000
vt -0.008192 0.007995 0.000000
vt -0.008192 0.003997 0.000000
vt -0.008192 0.001999 0.000000
vt -0.007300 0.015989 0.000000
vt -0.007300 0.007995 0.000000
vt -0.007300 0.003997 0.000000
vt -0.007300 0.001999 0.000000
vt -0.006409 0.015989 0.000000
vt -0.006409 0.007995 0.000000
vt -0.006409 0.003997 0.000000
vt -0.006409 0.001999 0.000000
vt -0.008192 0.235400 0.000000
vt -0.007300 0.235400 0.000000
vt -0.006409 0.235400 0.000000
vt -0.306447 0.450850 0.000000
vt -0.331655 0.260350 0.000000
vt -0.304434 0.435412 0.000000
vt -0.303305 0.260350 0.000000
vt -0.291167 0.348390 0.000000
vt -0.274632 0.260350 0.000000
vt -0.347489 0.450850 0.000000
vt -0.389941 0.260350 0.000000
vt -0.389941 0.450850 0.000000
vt 0.063995 0.203904 0.000000
vt 0.021592 0.195725 0.000000
vt 0.047227 0.169903 0.000000
vt 0.034792 0.134087 0.000000
vt 0.034633 0.133517 0.000000
vt 0.034581 0.132927 0.000000
vt -0.034581 0.132927 0.000000
vt 0.033593 0.080945 0.000000
vt -0.033593 0.080945 0.000000
vt 0.038126 0.029080 0.000000
vt -0.038125 0.029080 0.000000
vt 0.047116 -0.022056 0.000000
vt -0.047116 -0.022056 0.000000
vt 0.006843 -0.240321 0.000000
vt 0.003735 -0.241308 0.000000
vt -0.003735 -0.241308 0.000000
vt 0.002149 -0.241682 0.000000
vt -0.002149 -0.241682 0.000000
vt -0.000551 -0.241862 0.000000
vt -0.001355 -0.241812 0.000000
vt -0.021592 0.195725 0.000000
vt -0.034632 0.133517 0.000000
vt -0.034792 0.134087 0.000000
vt -0.047227 0.169904 0.000000
vt -0.063994 0.203904 0.000000
vt -0.059578 -0.072556 0.000000
vt -0.024462 -0.232001 0.000000
vt -0.012868 -0.237887 0.000000
vt -0.006842 -0.240321 0.000000
vt -0.072258 -0.123007 0.000000
vt -0.055329 -0.208418 0.000000
vt -0.045930 -0.217352 0.000000
vt -0.075787 -0.148752 0.000000
vt -0.073821 -0.174582 0.000000
vt -0.069677 -0.186874 0.000000
vt -0.063411 -0.198249 0.000000
vt -0.075720 -0.161750 0.000000
vt 0.001355 -0.241812 0.000000
vt 0.012868 -0.237887 0.000000
vt 0.024463 -0.232001 0.000000
vt 0.059578 -0.072556 0.000000
vt 0.045930 -0.217352 0.000000
vt 0.055329 -0.208418 0.000000
vt 0.072259 -0.123007 0.000000
vt 0.063411 -0.198249 0.000000
vt 0.069677 -0.186874 0.000000
vt 0.073821 -0.174582 0.000000
vt 0.075787 -0.148752 0.000000
vt 0.075721 -0.161750 0.000000
vn -1.000000 -0.000000 0.000000
vn -0.967782 -0.065167 0.243208
vn -1.000000 -0.000000 0.000000
vn -0.967782 -0.000000 0.251788
vn -1.000000 0.000000 0.000000
vn -0.967782 0.065167 0.243208
vn -1.000000 -0.000000 -0.000000
vn -0.967782 0.125894 0.218055
vn -1.000000 0.000000 0.000000
vn -0.967782 0.178041 0.178041
vn -1.000000 -0.000000 -0.000000
vn -0.967782 0.218055 0.125894
vn -1.000000 -0.000000 -0.000000
vn -0.967782 0.243208 0.065167
vn -1.000000 0.000000 -0.000000
vn -0.967782 0.251788 -0.000000
vn -1.000000 -0.000000 0.000000
vn -0.967782 0.243208 -0.065167
vn -1.000000 -0.000000 0.000000
vn -0.967782 0.218055 -0.125894
vn -1.000000 0.000000 -0.000000
vn -0.967782 0.178041 -0.178041
vn -1.000000 -0.000000 0.000000
vn -0.967782 0.125894 -0.218055
vn -1.000000 0.000000 -0.000000
vn -0.967782 0.065167 -0.243208
vn -1.000000 -0.000000 0.000000
vn -0.967782 -0.000000 -0.251788
vn -1.000000 -0.000000 -0.000000
vn -0.967782 -0.065167 -0.243208
vn -1.000000 0.000000 0.000000
vn -0.967782 -0.125894 -0.218055
vn -1.000000 -0.000000 -0.000000
vn -0.967782 -0.178041 -0.178041
vn -1.000000 0.000000 0.000000
vn -0.967782 -0.218055 -0.125894
vn -1.000000 0.000000 0.000000
vn -0.967782 -0.243208 -0.065167
vn -1.000000 0.000000 0.000000
vn -0.967782 -0.251788 -0.000000
vn -1.000000 0.000000 -0.000000
vn -0.967782 -0.243208 0.065167
vn -1.000000 0.000000 -0.000000
vn -0.967782 -0.218055 0.125894
vn -1.000000 -0.000000 0.000000
vn -0.967782 -0.178041 0.178041
vn -1.000000 0.000000 -0.000000
vn -0.967782 -0.125894 0.218055
vn -0.043619 0.258573 0.965006
vn -0.293762 0.247400 0.923308
vn -0.043619 0.000000 0.999048
vn -0.293762 0.000000 0.955879
vn -0.043619 -0.258573 0.965006
vn -0.293762 -0.247400 0.923308
vn -0.043619 -0.499524 0.865201
vn -0.293762 -0.477939 0.827815
vn -0.043619 -0.706434 0.706434
vn -0.293762 -0.675908 0.675908
vn -0.043619 -0.865201 0.499524
vn -0.293762 -0.827815 0.477939
vn -0.043619 -0.965006 0.258573
vn -0.293762 -0.923308 0.247400
vn -0.043619 -0.999048 -0.000000
vn -0.293762 -0.955879 -0.000000
vn -0.043619 -0.965006 -0.258573
vn -0.293762 -0.923308 -0.247400
vn -0.043619 -0.865201 -0.499524
vn -0.293762 -0.827815 -0.477939
vn -0.043619 -0.706434 -0.706434
vn -0.293762 -0.675908 -0.675908
vn -0.043619 -0.499524 -0.865201
vn -0.293762 -0.477939 -0.827815
vn -0.043619 -0.258573 -0.965006
vn -0.293762 -0.247400 -0.923308
vn -0.043619 -0.000000 -0.999048
vn -0.293762 -0.000000 -0.955879
vn -0.043619 0.258573 -0.965006
vn -0.293762 0.247400 -0.923308
vn -0.043619 0.499524 -0.865201
vn -0.293762 0.477939 -0.827815
vn -0.043619 0.706434 -0.706434
vn -0.293762 0.675908 -0.675908
vn -0.043619 0.865201 -0.499524
vn -0.293762 0.827815 -0.477939
vn -0.043619 0.965006 -0.258573
vn -0.293762 0.923308 -0.247400
vn -0.043619 0.999048 -0.000000
vn -0.293762 0.955879 -0.000000
vn -0.043619 0.965006 0.258573
vn -0.293762 0.923308 0.247400
vn -0.043619 0.865201 0.499524
vn -0.293762 0.827815 0.477939
vn -0.043619 0.706434 0.706434
vn -0.293762 0.675908 0.675908
vn -0.043619 0.499524 0.865201
vn -0.293762 0.477939 0.827815
vn -0.873206 0.000000 0.487352
vn -0.873206 0.126136 0.470746
vn -0.873206 0.243676 0.422059
vn -0.873206 0.344610 0.344610
vn -0.873206 0.422059 0.243676
vn -0.873206 0.470746 0.126136
vn -0.873206 0.487352 -0.000000
vn -0.873206 0.470746 -0.126136
vn -0.873206 0.422059 -0.243676
vn -0.873206 0.344610 -0.344610
vn -0.873206 0.243676 -0.422059
vn -0.873206 0.126136 -0.470746
vn -0.873206 -0.000000 -0.487352
vn -0.873206 -0.126136 -0.470746
vn -0.873206 -0.243676 -0.422059
vn -0.873206 -0.344610 -0.344610
vn -0.873206 -0.422059 -0.243676
vn -0.873206 -0.470746 -0.126136
vn -0.873206 -0.487352 -0.000000
vn -0.873206 -0.470746 0.126136
vn -0.873206 -0.422059 0.243676
vn -0.873206 -0.344610 0.344610
vn -0.873206 -0.243676 0.422059
vn -0.873206 -0.126136 0.470746
vn -0.722364 0.000000 0.691513
vn -0.722364 0.178977 0.667950
vn -0.722364 0.345757 0.598868
vn -0.722364 0.488974 0.488974
vn -0.722364 0.598868 0.345757
vn -0.722364 0.667950 0.178977
vn -0.722364 0.691513 -0.000000
vn -0.722364 0.667950 -0.178977
vn -0.722364 0.598868 -0.345757
vn -0.722364 0.488974 -0.488974
vn -0.722364 0.345757 -0.598868
vn -0.722364 0.178977 -0.667950
vn -0.722364 -0.000000 -0.691513
vn -0.722364 -0.178977 -0.667950
vn -0.722364 -0.345757 -0.598868
vn -0.722364 -0.488974 -0.488974
vn -0.722364 -0.598868 -0.345757
vn -0.722364 -0.667950 -0.178977
vn -0.722364 -0.691513 -0.000000
vn -0.722364 -0.667950 0.178977
vn -0.722364 -0.598868 0.345757
vn -0.722364 -0.488974 0.488974
vn -0.722364 -0.345757 0.598868
vn -0.722364 -0.178977 0.667950
vn -0.524977 0.000000 0.851117
vn -0.524977 0.220285 0.822116
vn -0.524977 0.425558 0.737089
vn -0.524977 0.601830 0.601830
vn -0.524977 0.737089 0.425558
vn -0.524977 0.822116 0.220285
vn -0.524977 0.851117 -0.000000
vn -0.524977 0.822116 -0.220285
vn -0.524977 0.737089 -0.425558
vn -0.524977 0.601830 -0.601830
vn -0.524977 0.425558 -0.737089
vn -0.524977 0.220285 -0.822116
vn -0.524977 -0.000000 -0.851117
vn -0.524977 -0.220285 -0.822116
vn -0.524977 -0.425558 -0.737089
vn -0.524977 -0.601830 -0.601830
vn -0.524977 -0.737089 -0.425558
vn -0.524977 -0.822116 -0.220285
vn -0.524977 -0.851117 -0.000000
vn -0.524977 -0.822116 0.220285
vn -0.524977 -0.737089 0.425558
vn -0.524977 -0.601830 0.601830
vn -0.524977 -0.425558 0.737089
vn -0.524977 -0.220285 0.822116
vn -0.043619 -0.248453 0.967661
vn -0.043619 -0.000000 0.999048
vn -0.043619 -0.000000 0.999048
vn -0.043619 0.248453 0.967661
vn -0.043619 0.258573 0.965006
vn -0.043619 0.481295 0.875473
vn -0.043619 0.499524 0.865201
vn -0.043619 0.683896 0.728275
vn -0.043619 0.706434 0.706434
vn -0.043619 0.843524 0.535317
vn -0.043619 0.865201 0.499524
vn -0.043619 0.950151 0.308723
vn -0.043619 0.965006 0.258573
vn -0.043619 0.997077 0.062731
vn -0.043619 0.999048 -0.000000
vn -0.043619 0.981352 -0.187203
vn -0.043619 0.965006 -0.258573
vn -0.043619 0.903966 -0.425374
vn -0.043619 0.865201 -0.499524
vn -0.043619 0.769780 -0.636817
vn -0.043619 0.706434 -0.706434
vn -0.043619 0.587226 -0.808247
vn -0.043619 0.499524 -0.865201
vn -0.043619 0.367774 -0.928892
vn -0.043619 0.258573 -0.965006
vn -0.043619 0.125214 -0.991170
vn -0.043619 -0.000000 -0.999048
vn -0.043619 -0.125214 -0.991170
vn -0.043619 -0.258573 -0.965006
vn -0.043619 -0.367774 -0.928892
vn -0.043619 -0.499524 -0.865201
vn -0.043619 -0.587226 -0.808247
vn -0.043619 -0.706434 -0.706434
vn -0.043619 -0.769780 -0.636817
vn -0.043619 -0.865201 -0.499524
vn -0.043619 -0.903966 -0.425374
vn -0.043619 -0.965006 -0.258573
vn -0.043619 -0.981352 -0.187203
vn -0.043619 -0.999048 -0.000000
vn -0.043619 -0.997077 0.062731
vn -0.043619 -0.965006 0.258573
vn -0.043619 -0.950151 0.308723
vn -0.043619 -0.865201 0.499524
vn -0.043619 -0.843524 0.535317
vn -0.043619 -0.706434 0.706434
vn -0.043619 -0.683896 0.728275
vn -0.043619 -0.499524 0.865201
vn -0.043619 -0.481295 0.875473
vn -0.043619 -0.258573 0.965006
vn 0.075000 -0.943208 -0.323626
vn -0.000000 -0.957990 -0.286803
vn 0.087156 -0.940009 -0.329828
vn -0.000000 -0.866025 -0.500000
vn 0.087156 -0.838087 -0.538530
vn -0.000000 -0.727374 -0.686242
vn 0.087156 -0.690608 -0.717958
vn -0.000000 -0.549509 -0.835488
vn 0.087156 -0.505590 -0.858360
vn -0.000000 -0.342020 -0.939693
vn 0.087156 -0.293089 -0.952104
vn -0.000000 -0.116093 -0.993238
vn 0.087156 -0.064657 -0.994094
vn -0.000000 0.116093 -0.993238
vn 0.087156 0.167290 -0.982048
vn -0.000000 0.342020 -0.939693
vn 0.087156 0.390143 -0.916620
vn -0.000000 0.549509 -0.835488
vn 0.087156 0.591790 -0.801367
vn -0.000000 0.727374 -0.686242
vn 0.087156 0.761268 -0.642553
vn -0.000000 0.866025 -0.500000
vn 0.087156 0.889366 -0.448813
vn -0.000000 0.957990 -0.286803
vn 0.087156 0.969120 -0.230675
vn -0.000000 0.998308 -0.058145
vn 0.087156 0.996195 0.000001
vn -0.000000 0.984808 0.173648
vn 0.087156 0.969119 0.230677
vn -0.000000 0.918216 0.396080
vn 0.087156 0.889365 0.448814
vn -0.000000 0.802123 0.597159
vn 0.087156 0.761267 0.642554
vn -0.000000 0.642788 0.766044
vn 0.087156 0.591789 0.801368
vn -0.000000 0.448799 0.893633
vn 0.087156 0.390142 0.916620
vn -0.000000 0.230616 0.973045
vn 0.087156 0.167289 0.982048
vn -0.000000 0.000000 1.000000
vn 0.087156 -0.064658 0.994094
vn -0.000000 -0.230616 0.973045
vn 0.087156 -0.293091 0.952104
vn -0.000000 -0.448799 0.893633
vn 0.087156 -0.505591 0.858360
vn -0.000000 -0.642788 0.766044
vn 0.087156 -0.690609 0.717957
vn -0.000000 -0.802123 0.597159
vn 0.087156 -0.838088 0.538528
vn -0.000000 -0.918216 0.396080
vn 0.087156 -0.940010 0.329827
vn 0.075000 -0.943208 0.323625
vn 0.074432 -0.943436 0.323092
vn 0.073889 -0.943828 0.322070
vn 0.072902 -0.945004 0.318831
vn 0.072070 -0.946535 0.314448
vn 0.071359 -0.948369 0.309037
vn 0.070777 -0.950445 0.302730
vn 0.070348 -0.952653 0.295811
vn 0.070000 -0.957078 0.281250
vn -0.000000 -0.984808 0.173648
vn 0.070000 -0.993023 0.094895
vn -0.000000 -0.998308 -0.058145
vn 0.070000 -0.993023 -0.094896
vn 0.070000 -0.957078 -0.281251
vn 0.070339 -0.952716 -0.295608
vn 0.070758 -0.950525 -0.302481
vn 0.071341 -0.948423 -0.308875
vn 0.072056 -0.946566 -0.314358
vn 0.072891 -0.945021 -0.318784
vn 0.073882 -0.943834 -0.322055
vn 0.074428 -0.943438 -0.323088
vn -0.087156 -0.229738 0.969342
vn -0.087156 -0.000000 0.996195
vn -0.087156 0.229738 0.969342
vn -0.087156 0.447091 0.890232
vn -0.087156 0.640342 0.763129
vn -0.087156 0.799071 0.594886
vn -0.087156 0.914722 0.394573
vn -0.087156 0.981060 0.172987
vn -0.087156 0.994509 -0.057924
vn -0.087156 0.954344 -0.285712
vn -0.087156 0.862730 -0.498097
vn -0.087156 0.724606 -0.683630
vn -0.087156 0.547418 -0.832309
vn -0.087156 0.340719 -0.936117
vn -0.087156 0.115651 -0.989459
vn -0.087156 -0.115651 -0.989459
vn -0.087156 -0.340719 -0.936117
vn -0.087156 -0.547418 -0.832309
vn -0.087156 -0.724606 -0.683630
vn -0.087156 -0.862730 -0.498097
vn -0.087156 -0.954344 -0.285712
vn -0.087156 -0.994509 -0.057924
vn -0.087156 -0.981060 0.172987
vn -0.087156 -0.914722 0.394573
vn -0.087156 -0.799071 0.594886
vn -0.087156 -0.640342 0.763129
vn -0.087156 -0.447091 0.890232
vn -0.087156 -0.000000 0.996195
vn -0.087156 0.247744 0.964897
vn -0.087156 0.479920 0.872972
vn -0.087156 0.681942 0.726195
vn -0.087156 0.841115 0.533788
vn -0.087156 0.947437 0.307841
vn -0.087156 0.994229 0.062552
vn -0.087156 0.978549 -0.186668
vn -0.087156 0.901384 -0.424159
vn -0.087156 0.767581 -0.634998
vn -0.087156 0.585549 -0.805938
vn -0.087156 0.366724 -0.926238
vn -0.087156 0.124856 -0.988339
vn -0.087156 -0.124856 -0.988339
vn -0.087156 -0.366724 -0.926238
vn -0.087156 -0.585549 -0.805938
vn -0.087156 -0.767581 -0.634998
vn -0.087156 -0.901384 -0.424159
vn -0.087156 -0.978549 -0.186668
vn -0.087156 -0.994229 0.062552
vn -0.087156 -0.947437 0.307841
vn -0.087156 -0.841115 0.533788
vn -0.087156 -0.681942 0.726195
vn -0.087156 -0.479920 0.872972
vn -0.087156 -0.247744 0.964897
vn 0.087156 -0.895765 -0.435900
vn 0.087156 -0.895859 -0.435706
vn 0.087156 -0.922912 -0.375016
vn 0.087156 -0.767581 -0.634998
vn 0.087156 -0.901384 -0.424159
vn 0.087156 -0.895782 -0.435866
vn 0.087156 -0.895911 -0.435601
vn 0.087156 -0.896143 -0.435122
vn 0.087156 -0.896874 -0.433614
vn 0.087156 -0.897861 -0.431565
vn 0.087156 -0.900391 -0.426262
vn 0.087156 -0.903644 -0.419322
vn 0.087156 -0.911641 -0.401640
vn 0.087156 -0.920569 -0.380731
vn 0.087156 -0.978549 -0.186668
vn 0.087156 -0.977105 -0.194085
vn 0.087156 -0.996195 -0.000001
vn 0.087156 -0.994229 0.062552
vn 0.087156 -0.977106 0.194083
vn 0.087156 -0.947437 0.307841
vn 0.087156 -0.920570 0.380729
vn 0.087156 -0.911720 0.401460
vn 0.087156 -0.903775 0.419040
vn 0.087156 -0.841115 0.533788
vn 0.087156 -0.900540 0.425948
vn 0.087156 -0.897977 0.431325
vn 0.087156 -0.896940 0.433476
vn 0.087156 -0.896173 0.435060
vn 0.087156 -0.895925 0.435571
vn 0.087156 -0.895786 0.435857
vn 0.087156 -0.895765 0.435900
vn 0.087156 -0.895860 0.435704
vn 0.087156 -0.922913 0.375015
vn 0.087156 -0.585549 -0.805938
vn 0.087156 -0.366724 -0.926238
vn 0.087156 -0.124856 -0.988339
vn 0.087156 0.124856 -0.988339
vn 0.087156 0.366724 -0.926238
vn 0.087156 0.585549 -0.805938
vn 0.087156 0.767581 -0.634998
vn 0.087156 0.901384 -0.424159
vn 0.087156 0.978549 -0.186668
vn 0.087156 0.994229 0.062552
vn 0.087156 0.947437 0.307841
vn 0.087156 0.841115 0.533788
vn 0.087156 0.681942 0.726195
vn 0.087156 0.479920 0.872972
vn 0.087156 0.247744 0.964897
vn 0.087156 0.000000 0.996195
vn 0.087156 -0.247744 0.964897
vn 0.087156 -0.479920 0.872972
vn 0.087156 -0.681942 0.726195
vn 1.000000 0.000000 0.000000
vn 1.000000 0.000000 0.000000
vn 1.000000 0.000000 0.000000
vn 1.000000 0.000000 0.000000
vn 1.000000 0.000000 0.000000
vn 1.000000 0.000000 0.000000
vn 1.000000 0.000000 0.000000
vn 1.000000 0.000000 0.000000
vn 1.000000 0.000000 0.000000
vn 1.000000 0.000000 0.000000
vn 1.000000 0.000000 0.000000
vn 1.000000 0.000000 0.000000
vn 1.000000 0.000000 0.000000
vn 1.000000 0.000000 0.000000
vn 1.000000 0.000000 0.000000
vn 1.000000 0.000000 0.000000
vn 1.000000 0.000000 0.000000
vn 1.000000 0.000000 0.000000
vn 1.000000 0.000000 0.000000
vn 1.000000 0.000000 0.000000
vn 1.000000 0.000000 0.000000
vn 1.000000 0.000000 0.000000
vn 1.000000 0.000000 0.000000
vn 1.000000 0.000000 0.000000
vn 1.000000 0.000000 0.000000
vn -1.000000 -0.000000 0.000000
vn -1.000000 -0.000000 0.000000
vn -0.989571 -0.067594 -0.127203
vn -0.932041 -0.184866 -0.311648
vn -0.959982 -0.131419 -0.247313
vn -0.912813 -0.191630 -0.360624
vn -0.959985 -0.115714 -0.255027
vn -0.912819 -0.168733 -0.371875
vn -0.959983 -0.100697 -0.261330
vn -0.912815 -0.146832 -0.381064
vn -0.959985 -0.085492 -0.266683
vn -0.912819 -0.124663 -0.388871
vn -0.959982 -0.075578 -0.269672
vn -0.912813 -0.110206 -0.393227
vn -0.922111 -0.104416 -0.372569
vn -0.848304 -0.142895 -0.509864
vn -0.831811 -0.149789 -0.534465
vn -0.707079 -0.215870 -0.673379
vn -0.707107 -0.190821 -0.680872
vn -0.598069 -0.244656 -0.763188
vn -0.705157 -0.191346 -0.682744
vn -0.550561 -0.225280 -0.803823
vn -0.481179 -0.267602 -0.834779
vn -0.381719 -0.249428 -0.889987
vn -0.357208 -0.285122 -0.889442
vn -0.225925 -0.297369 -0.927647
vn -0.225885 -0.350273 -0.909002
vn -0.000000 -0.269862 -0.962899
vn -0.000191 -0.396038 -0.918234
vn -0.225937 -0.402494 -0.887103
vn -0.225876 -0.457133 -0.860238
vn -0.357198 -0.385920 -0.850574
vn -0.357232 -0.438297 -0.824791
vn -0.481159 -0.362208 -0.798305
vn -0.481233 -0.411348 -0.774085
vn -0.598050 -0.331151 -0.729846
vn -0.598119 -0.376063 -0.707694
vn -0.707068 -0.292185 -0.643959
vn -0.707103 -0.331812 -0.624425
vn -0.848305 -0.218788 -0.482193
vn -0.848304 -0.248471 -0.467592
vn -0.850453 -0.270579 -0.451129
vn -0.732937 -0.352637 -0.581765
vn -0.585295 -0.423156 -0.691642
vn -0.420634 -0.476145 -0.772239
vn -0.227553 -0.513296 -0.827495
vn -0.118467 -0.524191 -0.843321
vn -0.000543 -0.528387 -0.849004
vn -0.198700 -0.264481 -0.943699
vn -0.978754 -0.055332 -0.197432
vn -0.999971 -0.002071 -0.007389
vn -0.989571 -0.038873 -0.138703
vn -0.989572 -0.043972 -0.137166
vn -1.000000 -0.000000 0.000000
vn -1.000000 -0.000000 0.000000
vn -0.989571 -0.051793 -0.134413
vn -0.989572 -0.059516 -0.131171
vn -0.357228 -0.335842 -0.871549
vn -0.481223 -0.315192 -0.817972
vn -0.598110 -0.288154 -0.747818
vn -0.707099 -0.254245 -0.659826
vn -0.848305 -0.190385 -0.494098
vn -0.848307 -0.161645 -0.504228
vn -0.000000 -0.396132 -0.918193
vn -0.000000 -0.528362 -0.849019
vn -0.000000 -0.445045 -0.895508
vn -0.000000 -0.535286 -0.844671
vn -0.000000 -0.539180 -0.842190
vn -0.000000 -0.581495 -0.813550
vn -0.000000 -0.638970 -0.769231
vn -0.000000 -0.269862 -0.962899
vn 0.061509 -0.638162 -0.767441
vn 0.180549 -0.628724 -0.756378
vn 0.000332 -0.639192 -0.769047
vn 0.144233 -0.545766 -0.825431
vn 0.000333 -0.539230 -0.842159
vn 0.144210 -0.462783 -0.874663
vn 0.000422 -0.445030 -0.895516
vn 0.144065 -0.385905 -0.911220
vn 0.144251 -0.310727 -0.939489
vn 0.280087 -0.301438 -0.911420
vn 0.280060 -0.374371 -0.883975
vn 0.408364 -0.355978 -0.840547
vn 0.408304 -0.426914 -0.806866
vn 0.529411 -0.396755 -0.749873
vn 0.529387 -0.467912 -0.707678
vn 0.707050 -0.390030 -0.589879
vn 0.729232 -0.429523 -0.532664
vn 0.926750 -0.231076 -0.296206
vn 0.121821 -0.634623 -0.763160
vn 0.236427 -0.620801 -0.747468
vn 0.339327 -0.600032 -0.724443
vn 0.280070 -0.529458 -0.800771
vn 0.429925 -0.574619 -0.696403
vn 0.408285 -0.503468 -0.761461
vn 0.587244 -0.512091 -0.626823
vn 1.000000 0.000000 -0.000000
vn 0.974156 -0.124580 -0.188413
vn 0.934014 -0.197031 -0.297987
vn 0.876585 -0.265428 -0.401430
vn 0.876590 -0.225057 -0.425370
vn 0.801392 -0.279727 -0.528701
vn 0.801400 -0.233249 -0.550775
vn 0.707103 -0.275749 -0.651128
vn 0.707069 -0.222059 -0.671375
vn 0.529405 -0.266399 -0.805458
vn 0.381719 -0.249428 -0.889987
vn 0.408301 -0.286641 -0.866676
vn 0.198700 -0.264481 -0.943699
vn 1.000000 0.000000 -0.000000
vn 0.974157 -0.105632 -0.199649
vn 0.934016 -0.167063 -0.315758
vn 0.934012 -0.139313 -0.328958
vn 0.876587 -0.187668 -0.443143
vn 0.876598 -0.151115 -0.456881
vn 0.801400 -0.187826 -0.567873
vn 0.876586 -0.129870 -0.463391
vn 0.801400 -0.161412 -0.575937
vn 0.831811 -0.149789 -0.534465
vn 0.705157 -0.191346 -0.682744
vn 1.000000 0.000000 -0.000000
vn 0.974160 -0.070924 -0.214437
vn 0.974155 -0.088086 -0.207995
vn 1.000000 0.000000 -0.000000
vn 0.999971 -0.002071 -0.007389
vn 0.978754 -0.055332 -0.197432
vn 0.974155 -0.060957 -0.217500
vn 0.934011 -0.096407 -0.343990
vn 0.934022 -0.112173 -0.339147
vn 0.922111 -0.104416 -0.372569
vn 0.550561 -0.225280 -0.803823
vn 0.801383 -0.329906 -0.498946
vn 0.707065 -0.330707 -0.625053
vn 0.280074 -0.448958 -0.848525
vn 0.529491 -0.330820 -0.781152
vn 1.000000 0.000000 0.000000
vn 1.000000 0.000000 0.000000
vn 1.000000 0.000000 0.000000
vn 1.000000 0.000000 0.000000
vn 1.000000 0.000000 0.000000
vn 1.000000 0.000000 0.000000
vn 1.000000 0.000000 0.000000
vn 1.000000 0.000000 0.000000
vn 1.000000 0.000000 0.000000
vn 1.000000 0.000000 0.000000
vn 1.000000 0.000000 0.000000
vn 1.000000 0.000000 0.000000
vn 1.000000 0.000000 0.000000
vn 1.000000 0.000000 0.000000
vn 1.000000 0.000000 0.000000
vn 1.000000 0.000000 0.000000
vn 1.000000 0.000000 0.000000
vn 1.000000 0.000000 0.000000
vn 1.000000 0.000000 0.000000
vn 1.000000 0.000000 0.000000
vn 1.000000 0.000000 0.000000
vn 1.000000 0.000000 0.000000
vn 1.000000 0.000000 0.000000
vn 1.000000 0.000000 0.000000
vn 1.000000 0.000000 0.000000
vn 1.000000 0.000000 0.000000
vn 1.000000 0.000000 0.000000
vn 1.000000 0.000000 0.000000
vn 1.000000 0.000000 0.000000
vn 1.000000 0.000000 0.000000
vn 1.000000 0.000000 0.000000
vn 1.000000 0.000000 0.000000
vn 1.000000 0.000000 0.000000
vn 1.000000 0.000000 0.000000
vn 1.000000 0.000000 0.000000
vn 1.000000 0.000000 0.000000
vn 1.000000 0.000000 0.000000
vn 1.000000 0.000000 0.000000
vn 1.000000 0.000000 0.000000
vn 1.000000 0.000000 0.000000
vn 1.000000 0.000000 0.000000
vn 1.000000 0.000000 0.000000
vn 1.000000 0.000000 0.000000
vn 1.000000 0.000000 0.000000
vn 1.000000 0.000000 0.000000
vn 0.000081 0.040270 0.999189
vn 0.144233 -0.025843 0.989206
vn 0.000000 -0.087182 0.996192
vn 0.144138 -0.055113 0.988022
vn 0.280058 -0.053470 0.958493
vn 0.280080 -0.025070 0.959649
vn 0.408299 -0.023840 0.912537
vn 0.408312 -0.000400 0.912842
vn 0.529420 -0.000375 0.848360
vn 0.529456 0.018129 0.848144
vn 0.707106 0.015109 0.706946
vn 0.707111 0.027778 0.706556
vn 0.801401 0.023496 0.597665
vn 0.801428 0.033804 0.597135
vn 0.876607 0.027195 0.480438
vn 0.876632 0.035410 0.479857
vn 0.934036 0.026283 0.356210
vn 0.934045 0.032384 0.355683
vn 0.974164 0.020477 0.224912
vn 0.974163 0.024305 0.224534
vn 0.974158 0.028105 0.224112
vn 0.974151 0.031877 0.223639
vn 0.934032 0.044442 0.354415
vn 0.934014 0.050406 0.353662
vn 0.876625 0.059864 0.477436
vn 0.876598 0.067897 0.476409
vn 0.801447 0.074403 0.593419
vn 0.801419 0.084383 0.592121
vn 0.707136 0.087962 0.701585
vn 0.707121 0.099757 0.700021
vn 0.529436 0.105537 0.841760
vn 0.529448 0.119685 0.839857
vn 0.408333 0.113559 0.905742
vn 0.408335 0.128783 0.903702
vn 0.280113 0.119421 0.952510
vn 0.280072 0.135434 0.950378
vn 0.144267 0.123095 0.981853
vn 0.144144 0.139601 0.979660
vn 0.000451 0.124852 0.992175
vn 0.144046 0.156004 0.977197
vn 0.144040 0.176595 0.973687
vn 0.280026 0.171316 0.944583
vn 0.279995 0.191826 0.940641
vn 0.408252 0.182409 0.894459
vn 0.408206 0.198751 0.890992
vn 0.529302 0.184716 0.828082
vn 0.529306 0.196956 0.825254
vn 0.706992 0.164167 0.687904
vn 0.707032 0.171923 0.685965
vn 0.801344 0.145425 0.580258
vn 0.801378 0.150299 0.578967
vn 0.876566 0.120930 0.465842
vn 0.876574 0.122887 0.465314
vn 0.933998 0.091227 0.345434
vn 0.934039 0.093536 0.344706
vn 0.974161 0.059136 0.217976
vn 0.974201 0.058674 0.217922
vn 0.974229 0.056315 0.218417
vn 0.974222 0.052094 0.219495
vn 0.974175 0.045512 0.221160
vn 0.934184 0.082379 0.347151
vn 0.934073 0.071956 0.349758
vn 0.876881 0.110976 0.467721
vn 0.876697 0.096910 0.471181
vn 0.801799 0.137945 0.581455
vn 0.801555 0.120427 0.585668
vn 0.707546 0.163107 0.687586
vn 0.707282 0.142355 0.692450
vn 0.529846 0.195724 0.825200
vn 0.529613 0.170770 0.830872
vn 0.408709 0.210613 0.888031
vn 0.408485 0.183741 0.894080
vn 0.280447 0.221496 0.933964
vn 0.280199 0.193221 0.940295
vn 0.144566 0.228325 0.962792
vn 0.144245 0.199164 0.969292
vn 0.000200 0.194742 0.980854
vn 0.144049 0.159048 0.976706
vn 0.000103 0.053984 0.998542
vn 0.144242 0.086763 0.985731
vn 0.144121 0.015874 0.989433
vn 0.280036 0.015370 0.959866
vn 0.280063 -0.068568 0.957530
vn 0.407614 -0.065191 0.910825
vn 0.407599 -0.188076 0.893583
vn 0.528501 -0.174884 0.830724
vn 0.529410 -0.306601 0.791025
vn 0.707078 -0.255512 0.659359
vn 0.706075 -0.359846 0.609892
vn 0.800908 -0.304263 0.515723
vn 0.800954 -0.374564 0.467092
vn 0.876387 -0.301321 0.375701
vn 0.876574 -0.349122 0.331258
vn 0.933998 -0.259178 0.245914
vn 0.934126 -0.283202 0.217265
vn 0.974198 -0.179076 0.137366
vn 0.974205 -0.188542 0.124006
vn 0.974161 -0.196270 0.111756
vn 0.974150 -0.202718 0.099681
vn 0.934037 -0.310396 0.176715
vn 0.934014 -0.320572 0.157645
vn 0.876633 -0.418156 0.238035
vn 0.876597 -0.431828 0.212370
vn 0.801451 -0.519760 0.295848
vn 0.801417 -0.536708 0.263962
vn 0.707124 -0.614519 0.349773
vn 0.707117 -0.634507 0.312068
vn 0.529401 -0.737297 0.419677
vn 0.529442 -0.761258 0.374403
vn 0.408308 -0.793320 0.451584
vn 0.408330 -0.819128 0.402860
vn 0.280128 -0.834270 0.474891
vn 0.280071 -0.861432 0.423668
vn 0.144355 -0.859983 0.489481
vn 0.144151 -0.887965 0.436737
vn 0.000457 -0.872378 0.488832
vn 0.000222 -0.913078 0.407786
vn 0.144363 0.089724 0.985449
vn 0.144299 0.072832 0.986850
vn 0.144183 0.055938 0.987969
vn 0.280124 0.070652 0.957360
vn 0.280085 0.054261 0.958440
vn 0.408333 0.067182 0.910358
vn 0.408335 0.051596 0.911373
vn 0.529433 0.062437 0.846051
vn 0.529444 0.047952 0.846989
vn 0.707140 0.052040 0.705156
vn 0.707126 0.039967 0.705957
vn 0.801455 0.044015 0.596433
vn 0.000230 0.217428 0.976076
vn 0.144070 0.197734 0.969611
vn 0.279976 0.209011 0.936978
vn 0.408210 0.211925 0.887949
vn 0.529357 0.206266 0.822943
vn 0.707083 0.177685 0.684442
vn 0.801393 0.152729 0.578311
vn 0.876641 0.126024 0.464347
vn 0.934134 0.092814 0.344643
vn 0.000067 0.260614 0.965443
vn 0.144088 0.240598 0.959870
vn 0.144104 0.229728 0.962527
vn 0.144097 0.215446 0.965826
vn 0.279981 0.222866 0.933778
vn 0.144618 0.247137 0.958128
vn 0.144422 0.257534 0.955415
vn 0.144148 0.259346 0.954966
vn 0.280336 0.249808 0.926826
vn 0.280124 0.251575 0.926413
vn 0.408609 0.237513 0.881264
vn 0.408418 0.239201 0.880896
vn 0.529742 0.220701 0.818941
vn 0.529543 0.222281 0.818642
vn 0.707429 0.183887 0.682444
vn 0.707203 0.185237 0.682313
vn 0.801690 0.155494 0.577161
vn 0.801481 0.156661 0.577135
vn 0.876799 0.125067 0.464308
vn 0.003230 -0.071191 0.997457
vn 0.145400 -0.070614 0.986850
vn 0.280067 -0.197705 0.939402
vn 0.408299 -0.329938 0.851136
vn 0.527730 -0.431702 0.731529
vn 0.706182 -0.442888 0.552411
vn 0.801393 -0.433901 0.411703
vn 0.876766 -0.381551 0.292747
vn 0.934141 -0.298194 0.196113
vn 0.145439 -0.203791 0.968151
vn 0.002752 -0.225741 0.974184
vn 0.144093 -0.357661 0.922668
vn 0.001231 -0.404371 0.914594
vn 0.146150 -0.502809 0.851953
vn 0.006036 -0.559440 0.828849
vn 0.145901 -0.618558 0.772074
vn 0.001645 -0.679019 0.734119
vn 0.144033 -0.717853 0.681133
vn 0.001027 -0.765038 0.643984
vn 0.145087 -0.784916 0.602376
vn 0.145213 -0.826659 0.543644
vn 0.280378 -0.801988 0.527449
vn 0.144072 -0.920625 0.362896
vn 0.000177 -0.942292 0.334793
vn 0.144068 -0.946188 0.289781
vn 0.000165 -0.965399 0.260779
vn 0.144060 -0.965360 0.217546
vn 0.000135 -0.981818 0.189824
vn 0.144051 -0.977896 0.151554
vn -0.000000 -0.997953 -0.063959
vn 0.262068 -0.963073 -0.061724
vn 0.497098 -0.865918 -0.055497
vn 0.408333 -0.902074 0.139739
vn 0.280038 -0.948675 0.146948
vn 0.529453 -0.838333 0.129916
vn 0.707107 -0.705659 -0.045226
vn 0.707105 -0.698756 0.108360
vn 0.801394 -0.591071 0.091665
vn 0.707106 -0.689801 0.155485
vn 0.801396 -0.583496 0.131520
vn 0.707107 -0.676107 0.207074
vn 0.801398 -0.571912 0.175154
vn 0.707109 -0.657843 0.259305
vn 0.801400 -0.556462 0.219335
vn 0.867694 -0.496081 -0.031794
vn 0.876576 -0.475581 0.073734
vn 0.876578 -0.469487 0.105800
vn 0.876580 -0.460166 0.140911
vn 0.876581 -0.447734 0.176464
vn 0.934000 -0.353060 0.054709
vn 0.965049 -0.261532 -0.016762
vn 0.974145 -0.223265 0.034571
vn 0.974145 -0.220405 0.049630
vn 0.974146 -0.216029 0.066121
vn 0.974146 -0.210191 0.082821
vn 0.974144 -0.163895 0.155506
vn 0.974114 -0.141450 0.176333
vn 0.974112 -0.114869 0.194706
vn 0.974143 -0.081624 0.210672
vn 0.974143 -0.046561 0.221084
vn 0.974142 -0.016047 0.225366
vn 0.974144 0.003663 0.225899
vn 0.933998 0.005793 0.357232
vn 0.934009 0.031325 0.355873
vn 0.876587 0.042194 0.479391
vn 0.876575 0.077358 0.475007
vn 0.801393 0.096145 0.590361
vn 0.974149 0.019810 0.225038
vn 0.933999 0.057426 0.352630
vn 0.974144 0.036312 0.222989
vn 0.974137 0.054926 0.219180
vn 0.974142 0.056768 0.218689
vn 0.974144 0.057688 0.218439
vn 0.933994 0.089773 0.345827
vn 0.974142 0.040324 0.222308
vn 0.974136 0.045154 0.221405
vn 0.974132 0.049195 0.220559
vn 0.933979 0.071404 0.350120
vn 0.933970 0.077796 0.348781
vn 0.876540 0.096183 0.471621
vn 0.876523 0.104794 0.469815
vn 0.801339 0.119538 0.586146
vn 0.801311 0.130242 0.583898
vn 0.707029 0.141312 0.692922
vn 0.706987 0.153970 0.690263
vn 0.529358 0.169528 0.831289
vn 0.974160 0.016619 0.225247
vn 0.934020 0.020185 0.356651
vn 0.876582 0.018903 0.480881
vn 0.801394 0.012781 0.598001
vn 0.707101 -0.000316 0.707112
vn 0.529399 -0.022157 0.848084
vn 0.408317 -0.050845 0.911423
vn 0.198700 -0.085443 0.976329
vn 0.974149 -0.000097 0.225905
vn 0.974144 0.004830 0.225875
vn 0.974146 0.008871 0.225745
vn 0.933999 0.007636 0.357193
vn 0.934004 0.014030 0.356988
vn 0.876575 0.010285 0.481155
vn 0.999971 -0.000669 0.007644
vn 0.978754 -0.017876 0.204259
vn 0.974148 -0.012587 0.225560
vn 0.922111 -0.033733 0.385452
vn 0.934008 -0.019902 0.356698
vn 0.876588 -0.026806 0.480495
vn 0.934017 -0.009331 0.357107
vn 0.876600 -0.012570 0.481055
vn 0.934011 -0.000156 0.357245
vn 0.876592 -0.000213 0.481235
vn 0.831811 -0.048391 0.552945
vn 0.801403 -0.033314 0.597196
vn 0.801414 -0.015623 0.597906
vn 0.801407 -0.000267 0.598119
vn 0.705157 -0.061816 0.706351
vn 0.707102 -0.039383 0.706014
vn 0.707098 -0.018469 0.706875
vn 0.550561 -0.072779 0.831617
vn 0.529427 -0.047251 0.847039
vn 0.381719 -0.080580 0.920759
vn 0.144055 0.248671 0.957816
vn 0.144033 0.252679 0.956769
vn 0.974133 0.052449 0.219804
vn 0.933972 0.082943 0.347587
vn 0.876526 0.111730 0.468208
vn 0.801316 0.138866 0.581901
vn 0.974145 0.035620 0.223099
vn 0.934000 0.056328 0.352804
vn 0.876577 0.075874 0.475243
vn 0.801396 0.094298 0.590654
vn 0.707108 0.111476 0.698263
vn 0.529457 0.133741 0.837728
vn 0.408337 0.143909 0.901416
vn 0.280039 0.151343 0.947984
vn 0.144351 0.106474 0.983782
vn 0.280141 0.103295 0.954385
vn 0.408332 0.098224 0.907534
vn 0.529428 0.091286 0.843429
vn 0.707147 0.076083 0.702962
vn 0.801467 0.064353 0.594567
vn 0.876643 0.051775 0.478347
vn 0.934044 0.038435 0.355085
vn 0.974153 0.012762 0.225528
vn 0.144042 0.021146 0.989346
vn 0.144069 0.038879 0.988804
vn 0.974152 -0.005901 0.225817
vn 0.280047 0.037713 0.959245
vn 0.408337 0.035860 0.912127
vn 0.280037 0.020517 0.959770
vn 0.408336 0.019509 0.912623
vn 0.280065 -0.000420 0.959981
vn 0.529455 0.033327 0.847683
vn 0.144166 -0.000439 0.989553
vn 0.933994 0.063767 0.351552
vn 0.876567 0.085895 0.473553
vn 0.801381 0.106751 0.588551
vn 0.707090 0.126197 0.695771
vn 0.529438 0.151396 0.834730
vn 0.408320 0.162903 0.898186
vn 0.280145 0.087042 0.956003
vn 0.408332 0.082769 0.909073
vn 0.529427 0.076923 0.844861
vn 0.707148 0.064112 0.704153
vn 0.801470 0.054226 0.595572
vn 0.876646 0.043626 0.479154
vn 0.933982 0.086860 0.346602
vn 0.876544 0.117007 0.466883
vn 0.280034 0.245126 0.928167
vn 0.408337 0.233084 0.882572
vn 0.280025 0.241239 0.929187
vn 0.408310 0.229389 0.883552
vn 0.280002 0.233410 0.931192
vn 0.408253 0.221947 0.885477
vn 0.529459 0.216615 0.820214
vn 0.529426 0.213179 0.821135
vn 0.707107 0.180553 0.683667
vn 0.280037 0.154285 0.947510
vn 0.280064 0.084178 0.956284
vn 0.408332 0.146708 0.900967
vn 0.408268 0.080046 0.909346
vn 0.408290 0.014633 0.912735
vn 0.529451 0.136350 0.837311
vn 0.529363 0.074388 0.845128
vn 0.529398 0.013639 0.848264
vn 0.528520 -0.060529 0.846760
vn 0.707104 0.113660 0.697915
vn 0.707069 0.061998 0.704422
vn 0.707073 0.011429 0.707048
vn 0.706592 -0.050339 0.705828
vn 0.706584 -0.145829 0.692440
vn 0.801393 0.052441 0.595835
vn 0.876571 0.007801 0.481210
vn 0.933991 -0.025379 0.356395
vn 0.801380 0.009687 0.598078
vn 0.801194 -0.042531 0.596892
vn 0.801193 -0.123334 0.585559
vn 0.801379 -0.216117 0.557749
vn 0.876520 -0.034197 0.480149
vn 0.933992 -0.073638 0.349623
vn 0.280032 -0.346992 0.895086
vn 0.406978 -0.464281 0.786646
vn 0.527917 -0.531102 0.662748
vn 0.707107 -0.512948 0.486707
vn 0.801583 -0.474334 0.363967
vn 0.876788 -0.401781 0.264224
vn 0.876522 -0.099213 0.471027
vn 0.876569 -0.173880 0.448768
vn 0.876371 -0.244730 0.414828
vn 0.933996 -0.129079 0.333151
vn 0.279932 -0.487973 0.826753
vn 0.407123 -0.571085 0.712820
vn 0.529458 -0.615399 0.583916
vn 0.707165 -0.560930 0.430436
vn 0.801605 -0.499523 0.328491
vn 0.933917 -0.181647 0.307900
vn 0.933923 -0.223671 0.278855
vn 0.279935 -0.600209 0.749257
vn 0.408337 -0.662185 0.628308
vn 0.529271 -0.673106 0.516528
vn 0.707171 -0.590753 0.388484
vn 0.280035 -0.696395 0.660768
vn 0.408244 -0.724212 0.555746
vn 0.529247 -0.708905 0.466210
vn 0.280342 -0.761515 0.584383
vn 0.408232 -0.762712 0.501615
vn 0.280046 -0.893115 0.352022
vn 0.280043 -0.917918 0.281075
vn 0.280041 -0.936517 0.210981
vn 0.408334 -0.849247 0.334728
vn 0.408332 -0.872830 0.267268
vn 0.408332 -0.890514 0.200621
vn 0.529452 -0.789243 0.311088
vn 0.529450 -0.811158 0.248405
vn 0.529451 -0.827591 0.186483
vn 0.934003 -0.332386 0.130987
vn 0.934002 -0.341617 0.104586
vn 0.934001 -0.348536 0.078516
vn 0.934202 0.089075 0.345445
vn 0.876911 0.120023 0.465426
vn 0.801838 0.149221 0.578609
vn 0.707589 0.176470 0.684234
vn 0.529883 0.211802 0.821197
vn 0.408745 0.227933 0.883728
vn 0.280487 0.239728 0.929439
vn 0.999971 -0.000669 -0.007644
vn 0.978754 -0.017876 -0.204259
vn 0.974124 -0.019704 -0.225153
vn 0.933975 -0.031153 -0.355977
vn 0.934011 -0.020674 -0.356647
vn 0.876610 -0.027834 -0.480396
vn 0.876728 -0.014596 -0.480764
vn 0.801595 -0.018124 -0.597593
vn 0.801744 -0.002797 -0.597661
vn 0.707438 -0.003293 -0.706767
vn 0.707535 0.013505 -0.706549
vn 0.529630 0.016221 -0.848073
vn 0.529651 0.034818 -0.847501
vn 0.408586 0.037468 -0.911951
vn 0.408565 0.055834 -0.911020
vn 0.280534 0.058712 -0.958047
vn 0.280422 0.076338 -0.956837
vn 0.144844 0.078672 -0.986322
vn 0.144543 0.095147 -0.984913
vn 0.001959 0.041534 -0.999135
vn 0.000043 0.125072 -0.992148
vn 0.144243 0.109974 -0.983412
vn 0.144041 0.123191 -0.981874
vn 0.280113 0.106702 -0.954018
vn 0.280009 0.119516 -0.952529
vn 0.408343 0.101470 -0.907171
vn 0.408287 0.113651 -0.905751
vn 0.529442 0.094308 -0.843088
vn 0.529392 0.105626 -0.841776
vn 0.707203 0.078607 -0.702627
vn 0.707120 0.088041 -0.701592
vn 0.801485 0.066502 -0.594306
vn 0.801393 0.074480 -0.593483
vn 0.876638 0.053520 -0.478164
vn 0.876565 0.059936 -0.477538
vn 0.934028 0.039744 -0.354981
vn 0.933982 0.044503 -0.354537
vn 0.974146 0.025146 -0.224514
vn 0.974127 0.028152 -0.224241
vn 0.974123 0.032179 -0.223716
vn 0.974117 0.037113 -0.222979
vn 0.933957 0.058678 -0.352536
vn 0.933939 0.065624 -0.351358
vn 0.876487 0.088391 -0.473241
vn 0.876464 0.096590 -0.471679
vn 0.801237 0.120043 -0.586182
vn 0.801224 0.128685 -0.584363
vn 0.706875 0.152129 -0.690785
vn 0.706891 0.160705 -0.688824
vn 0.529096 0.192813 -0.826366
vn 0.529153 0.201155 -0.824338
vn 0.408086 0.216436 -0.886917
vn 0.408151 0.223337 -0.885174
vn 0.279947 0.234866 -0.930843
vn 0.279972 0.239966 -0.929533
vn 0.144064 0.247354 -0.958155
vn 0.144028 0.250404 -0.957368
vn 0.000035 0.253359 -0.967372
vn 0.144011 0.251262 -0.957146
vn 0.144169 0.255483 -0.956004
vn 0.279993 0.243753 -0.928541
vn 0.280102 0.247823 -0.927430
vn 0.408278 0.231782 -0.882941
vn 0.408368 0.235634 -0.881880
vn 0.529385 0.215411 -0.820579
vn 0.529475 0.218971 -0.819578
vn 0.707107 0.179540 -0.683934
vn 0.707217 0.182461 -0.683046
vn 0.801379 0.151876 -0.578554
vn 0.801485 0.154310 -0.577764
vn 0.876553 0.122207 -0.465532
vn 0.876634 0.124131 -0.464870
vn 0.933975 0.090730 -0.345627
vn 0.934025 0.092132 -0.345123
vn 0.974124 0.057386 -0.218607
vn 0.974145 0.058256 -0.218284
vn 0.974190 0.056853 -0.218451
vn 0.974219 0.053054 -0.219279
vn 0.974204 0.046854 -0.220752
vn 0.934166 0.074069 -0.349068
vn 0.934045 0.060380 -0.352014
vn 0.876667 0.081301 -0.474178
vn 0.876556 0.057000 -0.477913
vn 0.801380 0.070843 -0.593946
vn 0.801391 0.026365 -0.597559
vn 0.706901 0.031162 -0.706625
vn 0.706867 -0.047210 -0.705769
vn 0.528771 -0.056642 -0.846872
vn 0.529384 -0.173135 -0.830528
vn 0.408278 -0.186291 -0.893647
vn 0.406572 -0.332061 -0.851137
vn 0.279584 -0.349018 -0.894438
vn 0.279494 -0.481981 -0.830408
vn 0.146234 -0.496617 -0.855562
vn 0.144189 -0.618591 -0.772370
vn 0.003816 -0.554656 -0.832071
vn 0.000425 -0.679412 -0.733757
vn 0.145034 -0.709122 -0.690008
vn 0.004310 -0.764411 -0.644715
vn 0.146529 -0.776553 -0.612777
vn 0.145931 -0.828088 -0.541271
vn 0.280842 -0.753439 -0.594523
vn 0.280638 -0.803377 -0.525193
vn 0.408241 -0.716647 -0.565470
vn 0.408248 -0.764083 -0.499511
vn 0.529149 -0.666144 -0.525598
vn 0.529202 -0.710212 -0.464266
vn 0.707428 -0.554888 -0.437772
vn 0.707350 -0.591676 -0.386750
vn 0.801971 -0.468997 -0.369980
vn 0.801829 -0.500171 -0.326955
vn 0.877103 -0.377104 -0.297460
vn 0.876972 -0.402213 -0.262956
vn 0.934334 -0.279833 -0.220710
vn 0.934249 -0.298476 -0.195171
vn 0.974276 -0.176952 -0.139551
vn 0.974240 -0.188733 -0.123437
vn 0.974202 -0.001076 -0.225677
vn 0.974170 -0.006870 -0.225711
vn 0.974139 -0.013083 -0.225571
vn 0.934084 -0.010848 -0.356888
vn 0.974175 0.021756 -0.224744
vn 0.974203 0.017982 -0.224954
vn 0.974224 0.013819 -0.225159
vn 0.934164 0.028420 -0.355711
vn 0.934213 0.021844 -0.356046
vn 0.876856 0.038272 -0.479227
vn 0.876935 0.029420 -0.479707
vn 0.801753 0.047560 -0.595760
vn 0.801851 0.036566 -0.596405
vn 0.707449 0.056228 -0.704524
vn 0.707537 0.043236 -0.705352
vn 0.529584 0.067472 -0.845570
vn 0.529634 0.051890 -0.846638
vn 0.408507 0.072598 -0.909864
vn 0.974109 0.041506 -0.222236
vn 0.974104 0.045355 -0.221506
vn 0.974102 0.048618 -0.220819
vn 0.933922 0.076870 -0.349114
vn 0.933927 0.081201 -0.348118
vn 0.876465 0.109376 -0.468877
vn 0.876485 0.114105 -0.467711
vn 0.801268 0.141815 -0.581255
vn 0.801308 0.146332 -0.580080
vn 0.706995 0.172994 -0.685734
vn 0.707051 0.176744 -0.684719
vn 0.529307 0.212065 -0.821500
vn 0.529362 0.214675 -0.820786
vn 0.408260 0.230992 -0.883157
vn 0.974115 0.055285 -0.219190
vn 0.974109 0.053577 -0.219639
vn 0.974104 0.051357 -0.220189
vn 0.933938 0.084711 -0.347251
vn 0.974125 0.026758 -0.224420
vn 0.974153 0.038205 -0.222633
vn 0.974153 0.009939 -0.225671
vn 0.974156 -0.015050 -0.225375
vn 0.974124 -0.046123 -0.221257
vn 0.933975 -0.072924 -0.349817
vn 0.933754 -0.129862 -0.333525
vn 0.876114 -0.174959 -0.449236
vn 0.876018 -0.242348 -0.416966
vn 0.800396 -0.301188 -0.518316
vn 0.801300 -0.374188 -0.466799
vn 0.706969 -0.442294 -0.551879
vn 0.707240 -0.506754 -0.492962
vn 0.529292 -0.608136 -0.591626
vn 0.974034 -0.082128 -0.210980
vn 0.933705 -0.179945 -0.309539
vn 0.876510 -0.301117 -0.375578
vn 0.801622 -0.428551 -0.416829
vn 0.974014 -0.113845 -0.195796
vn 0.933953 -0.223580 -0.278824
vn 0.876778 -0.344761 -0.335261
vn 0.974115 -0.141427 -0.176346
vn 0.934122 -0.255937 -0.248820
vn 0.974186 -0.161884 -0.157336
vn 0.974148 -0.203505 -0.098088
vn 0.974148 -0.196924 -0.110711
vn 0.934031 -0.311376 -0.175015
vn 0.876639 -0.419455 -0.235716
vn 0.801471 -0.521371 -0.292944
vn 0.707156 -0.616431 -0.346328
vn 0.529347 -0.739656 -0.415571
vn 0.408272 -0.795843 -0.447155
vn 0.280124 -0.836913 -0.470220
vn 0.144402 -0.862708 -0.484647
vn 0.000662 -0.873148 -0.487454
vn 0.974128 -0.211176 -0.080498
vn 0.974126 -0.216701 -0.064184
vn 0.974125 -0.220904 -0.047760
vn 0.974125 -0.223625 -0.032744
vn 0.999870 -0.016038 0.001398
vn 0.961925 -0.272282 0.023734
vn 0.933977 -0.353567 -0.051741
vn 0.863606 -0.502263 0.043780
vn 0.876556 -0.476232 -0.069663
vn 0.801381 -0.591858 -0.086556
vn 0.876557 -0.470441 -0.101650
vn 0.801383 -0.584664 -0.126309
vn 0.876559 -0.461490 -0.136642
vn 0.801385 -0.573542 -0.169801
vn 0.876566 -0.449735 -0.171377
vn 0.801395 -0.558939 -0.212963
vn 0.876644 -0.433383 -0.208985
vn 0.801488 -0.538635 -0.259786
vn 0.703282 -0.708225 0.061733
vn 0.707105 -0.699666 -0.102322
vn 0.707106 -0.691164 -0.149309
vn 0.707108 -0.678019 -0.200722
vn 0.707120 -0.660765 -0.251737
vn 0.707200 -0.636801 -0.307170
vn 0.529378 -0.839450 -0.122814
vn 0.494793 -0.865728 0.075462
vn 0.408274 -0.903239 -0.132179
vn 0.260997 -0.961693 0.083827
vn 0.279998 -0.949883 -0.139008
vn 0.144032 -0.979151 -0.143240
vn 0.280000 -0.938345 -0.202754
vn 0.144040 -0.967258 -0.208961
vn 0.280002 -0.920505 -0.272523
vn 0.144044 -0.948868 -0.280893
vn 0.280011 -0.897112 -0.341737
vn 0.144051 -0.924756 -0.352243
vn 0.280123 -0.864609 -0.417113
vn 0.144288 -0.891224 -0.430001
vn -0.000000 -0.996223 0.086837
vn 0.000015 -0.991895 -0.127060
vn 0.000022 -0.981650 -0.190690
vn 0.000029 -0.965048 -0.262074
vn 0.000032 -0.941891 -0.335920
vn 0.000667 -0.912851 -0.408292
vn 0.006202 -0.404691 -0.914432
vn 0.145859 -0.359589 -0.921640
vn 0.279993 -0.195911 -0.939799
vn 0.407836 -0.060926 -0.911020
vn 0.528850 0.037311 -0.847894
vn 0.707101 0.083745 -0.702136
vn 0.801526 0.101013 -0.589366
vn 0.876865 0.099764 -0.470272
vn 0.934200 0.083899 -0.346743
vn 0.000198 -0.230120 -0.973162
vn 0.144011 -0.201949 -0.968750
vn 0.280193 -0.064057 -0.957804
vn 0.407895 0.040087 -0.912149
vn 0.529368 0.100452 -0.842424
vn 0.707256 0.119391 -0.696803
vn 0.801781 0.123993 -0.584614
vn 0.876922 0.113040 -0.467150
vn 0.934133 0.089921 -0.345412
vn 0.002925 -0.070154 -0.997532
vn 0.145375 -0.066046 -0.987170
vn 0.280173 0.042131 -0.959025
vn 0.408267 0.108069 -0.906443
vn 0.529501 0.143213 -0.836133
vn 0.707518 0.146596 -0.691323
vn 0.801856 0.140535 -0.580755
vn 0.876812 0.121167 -0.465316
vn 0.145213 0.043478 -0.988445
vn 0.002320 0.053862 -0.998546
vn 0.144048 0.117166 -0.982610
vn 0.000846 0.196706 -0.980462
vn 0.144252 0.166988 -0.975349
vn 0.144666 0.205154 -0.967979
vn 0.280419 0.199028 -0.939017
vn 0.280498 0.225751 -0.932930
vn 0.408669 0.214656 -0.887081
vn 0.408558 0.230133 -0.883244
vn 0.529666 0.213851 -0.820805
vn 0.144775 0.232725 -0.961706
vn 0.144535 0.249530 -0.957520
vn 0.144104 0.242095 -0.959492
vn 0.000491 0.216241 -0.976340
vn 0.144138 0.234607 -0.961345
vn 0.144157 0.224868 -0.963666
vn 0.279895 0.218158 -0.934915
vn 0.279885 0.206507 -0.937560
vn 0.408021 0.196378 -0.891602
vn 0.408045 0.183184 -0.894395
vn 0.529106 0.170257 -0.831300
vn 0.529182 0.155799 -0.834082
vn 0.706952 0.129861 -0.695237
vn 0.707030 0.116111 -0.697586
vn 0.801327 0.098222 -0.590108
vn 0.801372 0.085161 -0.592073
vn 0.876548 0.068525 -0.476411
vn 0.144096 0.181704 -0.972738
vn 0.144135 0.198559 -0.969433
vn 0.144156 0.212859 -0.966390
vn 0.279892 0.192632 -0.940507
vn -0.000000 -0.087182 -0.996192
vn 0.144834 -0.004562 -0.989445
vn 0.145069 0.018935 -0.989240
vn 0.145149 0.040612 -0.988576
vn 0.280533 0.018365 -0.959669
vn 0.280576 0.039402 -0.959023
vn 0.408562 0.017459 -0.912564
vn 0.198700 -0.085443 -0.976329
vn 0.144168 -0.057151 -0.987901
vn 0.144498 -0.029916 -0.989053
vn 0.280241 -0.029037 -0.959490
vn 0.280413 -0.004437 -0.959869
vn 0.408408 -0.027620 -0.912382
vn 0.408498 -0.004227 -0.912750
vn 0.529496 -0.025677 -0.847924
vn 0.529574 -0.003936 -0.848254
vn 0.707303 -0.021413 -0.706587
vn 0.381719 -0.080580 -0.920759
vn 0.280073 -0.055455 -0.958376
vn 0.408320 -0.052739 -0.911314
vn 0.550561 -0.072779 -0.831617
vn 0.529421 -0.049019 -0.846942
vn 0.707170 -0.040866 -0.705862
vn 0.705157 -0.061816 -0.706351
vn 0.707107 -0.061647 -0.704414
vn 0.801379 -0.052148 -0.595879
vn 0.831811 -0.048391 -0.552945
vn 0.876553 -0.041961 -0.479472
vn 0.922111 -0.033733 -0.385452
vn 0.974224 0.004299 -0.225542
vn 0.974232 0.009261 -0.225359
vn 0.145065 0.060509 -0.987570
vn 0.144051 0.162475 -0.976141
vn 0.144016 0.140882 -0.979496
vn 0.974120 0.056486 -0.218861
vn 0.974123 0.057185 -0.218664
vn 0.801449 -0.034578 -0.597063
vn 0.934231 0.014643 -0.356367
vn 0.876965 0.019727 -0.480150
vn 0.934213 0.006804 -0.356652
vn 0.876935 0.009174 -0.480522
vn 0.934160 -0.001690 -0.356852
vn 0.876849 -0.002262 -0.480760
vn 0.801886 0.024525 -0.596973
vn 0.801849 0.011413 -0.597417
vn 0.707569 0.029005 -0.706048
vn 0.933973 0.050876 -0.353705
vn 0.876520 0.079034 -0.474833
vn 0.801274 0.109852 -0.588126
vn 0.706895 0.141911 -0.692936
vn 0.529077 0.182519 -0.828713
vn 0.408037 0.207456 -0.889082
vn 0.279918 0.227604 -0.932653
vn 0.707095 0.100672 -0.699915
vn 0.529370 0.120783 -0.839749
vn 0.529285 0.139303 -0.836930
vn 0.408266 0.129961 -0.903565
vn 0.408195 0.149884 -0.900506
vn 0.408108 0.167629 -0.897412
vn 0.279987 0.136671 -0.950225
vn 0.279955 0.157620 -0.946985
vn 0.279918 0.176278 -0.943701
vn 0.801237 0.135937 -0.582701
vn 0.876457 0.103542 -0.470216
vn 0.706936 0.167654 -0.687120
vn 0.529230 0.207565 -0.822698
vn 0.408214 0.228183 -0.883908
vn 0.279988 0.242922 -0.928760
vn 0.933926 0.071710 -0.350200
vn 0.933973 0.090414 -0.345717
vn 0.876548 0.121782 -0.465653
vn 0.933965 0.089309 -0.346026
vn 0.876533 0.120296 -0.466067
vn 0.933952 0.087411 -0.346544
vn 0.876510 0.117740 -0.466762
vn 0.801370 0.151351 -0.578704
vn 0.801345 0.149506 -0.579219
vn 0.707091 0.178922 -0.684112
vn 0.933977 0.042313 -0.354818
vn 0.934041 0.015729 -0.356819
vn 0.934048 -0.023810 -0.356352
vn 0.408396 0.154077 -0.899707
vn 0.529709 0.175903 -0.829739
vn 0.408604 0.189264 -0.892873
vn 0.529776 0.199479 -0.824345
vn 0.280149 0.162015 -0.946186
vn 0.279999 0.113645 -0.953250
vn 0.707598 0.166198 -0.686792
vn 0.801715 0.150650 -0.578410
vn 0.876632 0.021204 -0.480693
vn 0.801388 -0.039914 -0.596812
vn 0.707107 -0.144306 -0.692225
vn 0.527276 -0.308727 -0.791623
vn 0.406213 -0.458750 -0.790278
vn 0.279952 -0.600105 -0.749334
vn 0.876640 -0.032094 -0.480076
vn 0.876553 -0.098224 -0.471175
vn 0.801379 -0.122071 -0.585568
vn 0.705696 -0.257272 -0.660155
vn 0.526833 -0.426798 -0.735044
vn 0.408112 -0.570711 -0.712555
vn 0.280339 -0.688006 -0.669371
vn 0.800571 -0.217523 -0.558364
vn 0.705396 -0.356053 -0.612897
vn 0.529179 -0.530507 -0.662217
vn 0.408266 -0.654308 -0.636553
vn 0.934032 -0.321749 -0.155119
vn 0.933983 -0.333889 -0.127252
vn 0.933979 -0.342620 -0.101461
vn 0.933978 -0.349266 -0.075488
vn 0.529427 -0.764096 -0.368599
vn 0.529390 -0.792799 -0.302019
vn 0.529378 -0.813485 -0.240834
vn 0.529377 -0.829253 -0.179165
vn 0.408333 -0.822166 -0.396619
vn 0.408286 -0.853053 -0.324966
vn 0.408275 -0.875304 -0.259144
vn 0.408273 -0.892268 -0.192799
vn 0.280346 0.242041 -0.928882
vn 0.707455 0.178164 -0.683934
vn 0.280268 0.092321 -0.955472
vn 0.408426 0.087797 -0.908559
vn 0.529513 0.081600 -0.844368
vn 0.707327 0.068010 -0.703608
vn 0.801619 0.057533 -0.595060
vn 0.876748 0.046301 -0.478717
vn 0.934096 0.034384 -0.355362
vn 0.974155 -0.122145 0.190008
vn 0.927996 -0.229128 0.293808
vn 0.934012 -0.193178 0.300506
vn 0.876584 -0.260235 0.404819
vn 0.934014 -0.167946 0.315295
vn 0.876588 -0.226244 0.424743
vn 0.934010 -0.139720 0.328790
vn 0.876585 -0.188216 0.442915
vn 0.934020 -0.112174 0.339151
vn 0.876596 -0.151115 0.456884
vn 0.934010 -0.096408 0.343994
vn 0.876584 -0.129871 0.463394
vn 0.922111 -0.104416 0.372569
vn 0.831811 -0.149789 0.534465
vn 0.801399 -0.161413 0.575939
vn 0.705157 -0.191346 0.682744
vn 0.529400 -0.266400 0.805461
vn 0.550561 -0.225280 0.803823
vn 0.408297 -0.286642 0.866678
vn 0.280084 -0.301439 0.911421
vn 0.280057 -0.375460 0.883515
vn 0.144059 -0.387027 0.910745
vn 0.144199 -0.465225 0.873369
vn 0.000422 -0.445029 0.895516
vn 0.000333 -0.539229 0.842159
vn 0.144195 -0.535077 0.832406
vn 0.000332 -0.639192 0.769047
vn 0.124535 -0.634404 0.762904
vn 0.063065 -0.638101 0.767365
vn 0.733986 -0.426184 0.528802
vn 0.801385 -0.323448 0.503153
vn 0.801391 -0.281202 0.527918
vn 0.801399 -0.233928 0.550488
vn 0.801399 -0.187826 0.567874
vn 0.707061 -0.382389 0.594848
vn 0.594780 -0.508418 0.622694
vn 0.529403 -0.458741 0.713644
vn 0.438799 -0.571743 0.693228
vn 0.408297 -0.493601 0.767888
vn 0.346477 -0.598278 0.722508
vn 0.280065 -0.519084 0.807537
vn 0.241908 -0.619899 0.746462
vn 0.184683 -0.628215 0.755803
vn -0.000000 -0.269862 0.962899
vn 0.144250 -0.310727 0.939489
vn 0.381719 -0.249428 0.889987
vn 0.198700 -0.264481 0.943699
vn 0.978754 -0.055332 0.197432
vn 0.974154 -0.060958 0.217506
vn 0.974158 -0.070926 0.214442
vn 0.974154 -0.088345 0.207893
vn 0.974156 -0.106192 0.199359
vn 0.999971 -0.002071 0.007389
vn 0.280070 -0.451327 0.847269
vn 0.408303 -0.429166 0.805670
vn 0.408361 -0.357013 0.840109
vn 0.529411 -0.398847 0.748762
vn 0.529487 -0.331782 0.780746
vn 0.707068 -0.332449 0.624126
vn 0.707104 -0.276551 0.650787
vn 0.707069 -0.222058 0.671375
vn 0.000000 0.041709 -0.999130
vn -0.000000 -0.087182 -0.996192
vn 0.000000 0.041709 -0.999130
vn 0.000000 0.123247 -0.992376
vn 0.000000 0.123245 -0.992376
vn 0.000000 0.214648 -0.976692
vn 0.000000 0.214644 -0.976692
vn 0.000000 0.254397 -0.967100
vn 0.000000 0.254397 -0.967100
vn 0.000000 0.201643 -0.979459
vn 0.000000 0.201644 -0.979459
vn 0.000000 0.053781 -0.998553
vn 0.000000 0.053788 -0.998552
vn -0.000000 -0.070059 -0.997543
vn -0.000000 -0.070061 -0.997543
vn -0.000000 -0.227417 -0.973797
vn -0.000000 -0.227421 -0.973797
vn -0.000000 -0.401562 -0.915832
vn -0.000000 -0.401568 -0.915829
vn -0.000000 -0.560141 -0.828397
vn -0.000000 -0.560146 -0.828394
vn -0.000000 -0.681436 -0.731878
vn -0.000000 -0.681434 -0.731880
vn -0.000000 -0.766695 -0.642012
vn -0.000000 -0.871064 -0.491170
vn -0.000000 -0.871061 -0.491175
vn -0.000000 -0.766695 -0.642011
vn -0.000000 -0.912687 -0.408660
vn -0.000000 -0.912685 -0.408663
vn -0.000000 -0.942127 -0.335258
vn -0.000000 -0.942126 -0.335258
vn -0.000000 -0.965206 -0.261491
vn -0.000000 -0.965212 -0.261470
vn -0.000000 -0.981773 -0.190058
vn -0.000000 -0.981776 -0.190042
vn -0.000000 -0.991972 -0.126454
vn -0.000000 -0.991973 -0.126453
vn 0.000000 -0.996223 0.086837
vn 0.000000 -0.996223 0.086837
vn -0.000000 -0.996223 -0.086837
vn -0.000000 -0.997953 -0.063959
vn 0.000000 -0.991972 0.126454
vn 0.000000 -0.981716 0.190349
vn 0.000000 -0.981773 0.190058
vn 0.000000 -0.965268 0.261261
vn 0.000000 -0.965206 0.261491
vn 0.000000 -0.942092 0.335354
vn 0.000000 -0.942127 0.335258
vn 0.000000 -0.912685 0.408663
vn 0.000000 -0.912687 0.408660
vn 0.000000 -0.871061 0.491175
vn 0.000000 -0.871023 0.491242
vn 0.000000 -0.766814 0.641869
vn 0.000000 -0.681192 0.732105
vn 0.000000 -0.681436 0.731878
vn 0.000000 -0.766695 0.642011
vn 0.000000 -0.560141 0.828397
vn 0.000000 -0.559542 0.828802
vn 0.000000 -0.401562 0.915832
vn 0.000000 -0.401430 0.915890
vn 0.000000 -0.227417 0.973797
vn 0.000000 -0.227358 0.973811
vn 0.000000 -0.070059 0.997543
vn 0.000000 -0.069772 0.997563
vn 0.000000 0.053788 0.998552
vn 0.000000 0.054139 0.998533
vn 0.000000 0.201644 0.979459
vn 0.000000 0.201792 0.979428
vn 0.000000 0.254397 0.967100
vn 0.000000 0.254402 0.967099
vn 0.000000 0.214644 0.976692
vn 0.000000 0.214516 0.976720
vn 0.000000 0.123245 0.992376
vn 0.000000 0.123176 0.992385
vn 0.000000 0.041745 0.999128
vn 0.000000 0.041709 0.999130
vn 0.000000 -0.087182 0.996192
vn -0.117779 -0.524237 0.843388
vn -0.225946 -0.502093 0.834776
vn -0.000543 -0.528386 0.849004
vn -0.225930 -0.430649 0.873784
vn -0.000191 -0.396038 0.918234
vn -0.225870 -0.363665 0.903732
vn -0.225925 -0.297369 0.927647
vn -0.357236 -0.348679 0.866490
vn -0.357208 -0.285122 0.889442
vn -0.481241 -0.327241 0.813216
vn -0.481179 -0.267602 0.834779
vn -0.598126 -0.299173 0.743465
vn -0.598069 -0.244656 0.763188
vn -0.707107 -0.263972 0.655987
vn -0.707079 -0.215869 0.673379
vn -0.848304 -0.197672 0.491229
vn -0.848307 -0.161644 0.504228
vn -0.912813 -0.152452 0.378854
vn -0.912819 -0.124663 0.388871
vn -0.959982 -0.104551 0.259816
vn -0.959985 -0.085491 0.266683
vn -0.989571 -0.053775 0.133634
vn -0.989572 -0.043971 0.137166
vn -1.000000 0.000000 -0.000000
vn -1.000000 0.000000 -0.000000
vn -0.226173 -0.513476 0.827761
vn -0.357182 -0.481421 0.800409
vn -0.357202 -0.412914 0.837800
vn -0.418457 -0.476702 0.773077
vn -0.481133 -0.451848 0.751229
vn -0.481168 -0.387537 0.786316
vn -0.582415 -0.424285 0.693379
vn -0.598025 -0.413110 0.686808
vn -0.598059 -0.354299 0.718886
vn -0.707051 -0.364503 0.605984
vn -0.729195 -0.354786 0.585151
vn -0.846731 -0.273731 0.456199
vn -0.707072 -0.312604 0.634293
vn -0.930142 -0.187383 0.315789
vn -0.848305 -0.234077 0.474959
vn -0.912818 -0.180525 0.366297
vn -1.000000 0.000000 -0.000000
vn -0.989572 -0.063677 0.129203
vn -0.959985 -0.123802 0.251201
vn -1.000000 -0.000000 0.000000
vn -0.999971 -0.002071 0.007389
vn -0.989571 -0.038873 0.138703
vn -0.978754 -0.055332 0.197432
vn -0.959982 -0.075578 0.269672
vn -0.912813 -0.110206 0.393227
vn -0.848304 -0.142895 0.509864
vn -0.831811 -0.149789 0.534465
vn -0.922111 -0.104416 0.372569
vn -0.705157 -0.191346 0.682744
vn -0.707107 -0.190821 0.680872
vn -0.550561 -0.225280 0.803823
vn -0.381719 -0.249428 0.889987
vn -0.198700 -0.264481 0.943699
vn -0.000000 -0.269862 0.962899
vn -0.001953 0.041554 -0.999134
vn -0.226244 -0.029518 -0.973623
vn -0.000000 -0.087182 -0.996192
vn -0.226022 -0.056298 -0.972494
vn -0.198700 -0.085443 -0.976329
vn -0.357320 -0.053987 -0.932420
vn -0.381719 -0.080580 -0.920759
vn -0.481296 -0.050673 -0.875092
vn -0.598179 -0.046333 -0.800022
vn -0.598269 -0.024308 -0.800926
vn -0.707302 -0.021456 -0.706586
vn -0.707437 -0.003356 -0.706769
vn -0.848659 -0.002530 -0.528934
vn -0.848754 0.010035 -0.528692
vn -0.913124 0.007731 -0.407609
vn -0.913147 0.016678 -0.407289
vn -0.960151 0.011436 -0.279249
vn -0.960139 0.017075 -0.279001
vn -0.989613 0.008785 -0.143489
vn -0.989604 0.011436 -0.143360
vn -1.000000 -0.000000 -0.000000
vn -0.989593 0.013838 -0.143228
vn -1.000000 -0.000000 -0.000000
vn -0.989581 0.015995 -0.143083
vn -0.989574 0.017905 -0.142910
vn -0.960022 0.031087 -0.278194
vn -0.959993 0.034808 -0.277854
vn -0.912893 0.045318 -0.405675
vn -0.912836 0.050750 -0.405161
vn -0.848424 0.058748 -0.526048
vn -0.848341 0.065796 -0.525346
vn -0.707203 0.078443 -0.702646
vn -0.707119 0.087861 -0.701614
vn -0.598203 0.088900 -0.796398
vn -0.598145 0.099573 -0.795178
vn -0.481316 0.097237 -0.871137
vn -0.481268 0.108912 -0.869781
vn -0.357348 0.103601 -0.928207
vn -0.357279 0.116045 -0.926761
vn -0.226073 0.108042 -0.968100
vn -0.225936 0.121028 -0.966595
vn -0.000040 0.125009 -0.992156
vn -0.225913 0.138406 -0.964265
vn -0.225905 0.159631 -0.960981
vn -0.357198 0.153056 -0.921403
vn -0.357127 0.171194 -0.918234
vn -0.481063 0.160678 -0.861836
vn -0.480988 0.175612 -0.858959
vn -0.597864 0.160559 -0.785353
vn -0.597835 0.172171 -0.782911
vn -0.706872 0.151914 -0.690836
vn -0.706889 0.160518 -0.688870
vn -0.848219 0.120185 -0.515830
vn -0.848243 0.125410 -0.514544
vn -0.912778 0.096716 -0.396841
vn -0.912796 0.099820 -0.396030
vn -0.959973 0.068453 -0.271598
vn -0.959981 0.069955 -0.271187
vn -0.989571 0.035980 -0.139483
vn -0.989572 0.036434 -0.139355
vn -1.000000 -0.000000 -0.000000
vn -0.989572 0.036571 -0.139316
vn -0.989581 0.037144 -0.139102
vn -0.959988 0.071103 -0.270864
vn -0.960021 0.072237 -0.270448
vn -0.912827 0.103680 -0.394965
vn -0.912892 0.105365 -0.394370
vn -0.848329 0.134434 -0.512119
vn -0.848424 0.136658 -0.511372
vn -0.707107 0.179536 -0.683935
vn -0.707221 0.182582 -0.683010
vn -0.598136 0.203477 -0.775133
vn -0.598237 0.206966 -0.774130
vn -0.481261 0.222566 -0.847852
vn -0.481353 0.226410 -0.846781
vn -0.357268 0.237147 -0.903394
vn -0.357366 0.241263 -0.902265
vn -0.225915 0.247340 -0.942224
vn -0.226045 0.251655 -0.941049
vn -0.000032 0.253336 -0.967378
vn -0.226334 0.245854 -0.942512
vn -0.000862 0.196587 -0.980486
vn -0.226520 0.229299 -0.946631
vn -0.226431 0.202071 -0.952836
vn -0.357631 0.193753 -0.913542
vn -0.357401 0.157574 -0.920562
vn -0.481379 0.147905 -0.863943
vn -0.481246 0.103529 -0.870450
vn -0.598122 0.094666 -0.795794
vn -0.597663 0.034578 -0.801001
vn -0.706899 0.030545 -0.706654
vn -0.706865 -0.048068 -0.705713
vn -0.848397 -0.035959 -0.528137
vn -0.848329 -0.108889 -0.518152
vn -0.912827 -0.083979 -0.399618
vn -0.912531 -0.149123 -0.380854
vn -0.959852 -0.102251 -0.261205
vn -0.959823 -0.141505 -0.242313
vn -0.989525 -0.072810 -0.124655
vn -0.989569 -0.090344 -0.112213
vn -1.000000 -0.000000 0.000000
vn -1.000000 -0.000000 -0.000000
vn -0.989598 -0.103322 -0.100102
vn -1.000000 -0.000000 -0.000000
vn -0.989634 -0.112884 -0.088777
vn -0.989619 -0.120366 -0.078519
vn -0.960222 -0.219482 -0.172631
vn -0.960166 -0.234051 -0.152646
vn -0.913278 -0.320155 -0.251840
vn -0.913171 -0.341409 -0.222619
vn -0.848932 -0.415372 -0.326773
vn -0.848787 -0.442919 -0.288761
vn -0.707441 -0.555453 -0.437034
vn -0.707359 -0.592152 -0.386004
vn -0.598039 -0.629858 -0.495609
vn -0.598059 -0.671392 -0.437673
vn -0.481046 -0.688965 -0.542146
vn -0.481094 -0.734388 -0.478771
vn -0.357509 -0.733916 -0.577542
vn -0.357450 -0.782349 -0.510058
vn -0.227357 -0.765263 -0.602230
vn -0.227013 -0.815837 -0.531860
vn -0.004292 -0.764338 -0.644802
vn -0.000713 -0.873229 -0.487310
vn -0.226481 0.077273 -0.970946
vn -0.226630 0.059412 -0.972167
vn -0.226686 0.039844 -0.973153
vn -0.357626 0.056972 -0.932125
vn -0.357653 0.038205 -0.933073
vn -0.481502 0.053471 -0.874812
vn -0.481518 0.035854 -0.875702
vn -0.598433 0.048881 -0.799681
vn -0.598454 0.032773 -0.800487
vn -0.707535 0.043120 -0.705362
vn -0.707567 0.028906 -0.706055
vn -0.848755 0.032277 -0.527800
vn -0.848788 0.021630 -0.528291
vn -0.913124 0.024894 -0.406921
vn -0.000490 0.216219 -0.976345
vn -0.225896 0.178544 -0.957650
vn -0.357075 0.187104 -0.915145
vn -0.480960 0.188314 -0.856280
vn -0.597854 0.181925 -0.780688
vn -0.706934 0.167498 -0.687160
vn -0.848274 0.129434 -0.513496
vn -0.912812 0.102009 -0.395433
vn -0.959986 0.070837 -0.270939
vn -0.225911 0.230738 -0.946427
vn -0.225903 0.221109 -0.948725
vn -0.225896 0.209248 -0.951413
vn -0.357071 0.212009 -0.909699
vn -0.357056 0.200637 -0.912281
vn -0.480978 0.198986 -0.853853
vn -0.002296 0.053859 -0.998546
vn -0.225931 0.115042 -0.967327
vn -0.226106 0.164327 -0.960142
vn -0.226454 0.041910 -0.973120
vn -0.002954 -0.070142 -0.997533
vn -0.226523 -0.066183 -0.971755
vn -0.225915 -0.200337 -0.953324
vn -0.357268 -0.192081 -0.914038
vn -0.355968 -0.341298 -0.869944
vn -0.479210 -0.320470 -0.817103
vn -0.478796 -0.442254 -0.758397
vn -0.595727 -0.404696 -0.693780
vn -0.597948 -0.502346 -0.624585
vn -0.706974 -0.443316 -0.551052
vn -0.707246 -0.507483 -0.492204
vn -0.848577 -0.379832 -0.368300
vn -0.000178 -0.229987 -0.973194
vn -0.226310 -0.355768 -0.906760
vn -0.355704 -0.470726 -0.807398
vn -0.481069 -0.549363 -0.683208
vn -0.598099 -0.575268 -0.557982
vn -0.006179 -0.404749 -0.914407
vn -0.226381 -0.490569 -0.841483
vn -0.357145 -0.585248 -0.727964
vn -0.481176 -0.629243 -0.610346
vn -0.003868 -0.554677 -0.832057
vn -0.225951 -0.610351 -0.759222
vn -0.357369 -0.670394 -0.650277
vn -0.000402 -0.679430 -0.733740
vn -0.226505 -0.699112 -0.678187
vn -0.000679 -0.912774 -0.408465
vn -0.226099 -0.877921 -0.422059
vn -0.226141 -0.849835 -0.476069
vn -0.357305 -0.814832 -0.456489
vn -0.481227 -0.764765 -0.428433
vn -0.598120 -0.699174 -0.391673
vn -0.707159 -0.616859 -0.345559
vn -0.848423 -0.461778 -0.258727
vn -0.912898 -0.356088 -0.199547
vn -0.960025 -0.244174 -0.136863
vn -0.989582 -0.125579 -0.070406
vn -1.000000 0.000000 0.000000
vn -0.225943 -0.910814 -0.345497
vn -0.000018 -0.941935 -0.335795
vn -0.225934 -0.934420 -0.275341
vn -0.000016 -0.965072 -0.261983
vn -0.225931 -0.952413 -0.204607
vn -0.000012 -0.981671 -0.190586
vn -0.225926 -0.964025 -0.140046
vn -0.000009 -0.991909 -0.126949
vn -0.262068 -0.961404 0.083802
vn 0.000000 -0.996223 0.086837
vn -0.357266 -0.924298 -0.134290
vn -0.497098 -0.864417 0.075348
vn -0.481254 -0.867477 -0.126012
vn -0.598130 -0.793080 -0.115171
vn -0.481253 -0.857028 -0.184116
vn -0.598129 -0.783527 -0.168306
vn -0.481254 -0.840836 -0.247771
vn -0.598130 -0.768722 -0.226512
vn -0.481267 -0.819582 -0.310914
vn -0.598144 -0.749282 -0.284253
vn -0.481304 -0.790017 -0.379762
vn -0.598194 -0.722242 -0.347175
vn -0.707107 -0.704436 0.061403
vn -0.707105 -0.699771 -0.101597
vn -0.707106 -0.691340 -0.148493
vn -0.707108 -0.678274 -0.199858
vn -0.707121 -0.661113 -0.250818
vn -0.707203 -0.637222 -0.306288
vn -0.848331 -0.523971 -0.076083
vn -0.867694 -0.495221 0.043166
vn -0.912829 -0.404100 -0.058698
vn -0.965049 -0.261078 0.022757
vn -0.959989 -0.277125 -0.040275
vn -0.989573 -0.142534 -0.020728
vn -0.959990 -0.273781 -0.058846
vn -0.989573 -0.140814 -0.030277
vn -0.959991 -0.268605 -0.079179
vn -0.989573 -0.138152 -0.040732
vn -0.959994 -0.261796 -0.099372
vn -0.989574 -0.134648 -0.051120
vn -0.960025 -0.252316 -0.121195
vn -0.989582 -0.129780 -0.062321
vn -1.000000 0.000000 -0.000000
vn -1.000000 0.000000 0.000000
vn -1.000000 -0.000000 -0.000000
vn -1.000000 -0.000000 0.000000
vn -1.000000 0.000000 0.000000
vn -1.000000 -0.000000 0.000000
vn -1.000000 0.000000 0.000000
vn -0.989533 -0.052591 -0.134379
vn -0.959988 -0.057591 -0.274055
vn -0.912911 -0.027712 -0.407216
vn -0.848393 0.022870 -0.528873
vn -0.707101 0.083539 -0.702160
vn -0.598269 0.135237 -0.789801
vn -0.481587 0.181850 -0.857324
vn -0.357700 0.219838 -0.907591
vn -1.000000 -0.000000 -0.000000
vn -0.989572 -0.029621 -0.140957
vn -0.960036 -0.018992 -0.279231
vn -0.912903 0.017625 -0.407795
vn -0.848331 0.062552 -0.525759
vn -0.707262 0.119343 -0.696805
vn -0.598501 0.166252 -0.783682
vn -0.481653 0.206310 -0.851731
vn -0.357574 0.235698 -0.903652
vn -1.000000 0.000000 0.000000
vn -0.989584 -0.009762 -0.143623
vn -0.960032 0.012075 -0.279631
vn -0.912829 0.048237 -0.405482
vn -0.848463 0.089391 -0.521651
vn -0.707531 0.146678 -0.691293
vn -0.598574 0.188589 -0.778552
vn -0.481542 0.221182 -0.848054
vn -0.989583 0.006205 -0.143828
vn -1.000000 0.000000 -0.000000
vn -0.989573 0.017010 -0.143026
vn -1.000000 -0.000000 -0.000000
vn -0.989585 0.024344 -0.141877
vn -0.989606 0.029879 -0.140667
vn -0.960112 0.058082 -0.273515
vn -0.960135 0.065800 -0.271683
vn -0.913118 0.095973 -0.396237
vn -0.913031 0.102869 -0.394705
vn -0.848631 0.133440 -0.511879
vn -0.989600 0.036258 -0.139201
vn -0.989612 0.033838 -0.139725
vn -0.989568 0.035207 -0.139696
vn -1.000000 -0.000000 -0.000000
vn -0.989566 0.034112 -0.139985
vn -0.989564 0.032691 -0.140337
vn -0.959958 0.063561 -0.272840
vn -0.959954 0.060156 -0.273622
vn -0.912757 0.087721 -0.398974
vn -0.912762 0.081809 -0.400217
vn -0.848218 0.106077 -0.518917
vn -0.848247 0.097059 -0.520631
vn -0.706951 0.129623 -0.695283
vn -0.707029 0.115886 -0.697624
vn -0.598038 0.131336 -0.790633
vn -0.598121 0.113865 -0.793275
vn -0.481247 0.124545 -0.867692
vn -0.989566 0.026403 -0.141640
vn -0.989564 0.028855 -0.141177
vn -0.989563 0.030940 -0.140740
vn -0.959957 0.056102 -0.274473
vn -1.000000 -0.000000 0.000000
vn -0.989604 -0.000701 -0.143819
vn -0.989613 0.002722 -0.143733
vn -0.989616 0.005882 -0.143616
vn -0.960139 0.005297 -0.279474
vn -1.000000 -0.000000 -0.000000
vn -0.999971 -0.000669 -0.007644
vn -0.989572 -0.012557 -0.143487
vn -0.989578 -0.008344 -0.143753
vn -0.978754 -0.017876 -0.204259
vn -0.960010 -0.016215 -0.279494
vn -0.959988 -0.024414 -0.278975
vn -0.912871 -0.023633 -0.407564
vn -0.912827 -0.035600 -0.406792
vn -0.848392 -0.030630 -0.528482
vn -0.848329 -0.046160 -0.527454
vn -0.707170 -0.040888 -0.705861
vn -0.831811 -0.048391 -0.552945
vn -0.707107 -0.061647 -0.704414
vn -0.705157 -0.061816 -0.706351
vn -0.598136 -0.069867 -0.798343
vn -0.550561 -0.072779 -0.831617
vn -0.922111 -0.033733 -0.385452
vn -0.989591 -0.004390 -0.143842
vn -0.960057 -0.008524 -0.279674
vn -0.912963 -0.012416 -0.407853
vn -0.848524 -0.016083 -0.528912
vn -0.226631 0.018525 -0.973805
vn -0.357624 0.017758 -0.933697
vn -0.481498 0.016662 -0.876289
vn -0.598429 0.015225 -0.801031
vn -0.707533 0.013424 -0.706553
vn -0.989569 0.023606 -0.142111
vn -0.989572 0.020466 -0.142578
vn -0.225893 0.195134 -0.954408
vn -0.225920 0.243382 -0.943253
vn -0.225918 0.246438 -0.942459
vn -0.357431 -0.028313 -0.933510
vn -0.357544 -0.004405 -0.933886
vn -0.226471 -0.004585 -0.974007
vn -0.481369 -0.026580 -0.876115
vn -0.481444 -0.004141 -0.876467
vn -0.960105 -0.001354 -0.279636
vn -0.913057 -0.001962 -0.407826
vn -0.357553 0.074101 -0.930949
vn -0.357451 0.089631 -0.929621
vn -0.226277 0.093470 -0.969568
vn -0.481453 0.069550 -0.873708
vn -0.481385 0.084126 -0.872463
vn -0.598372 0.063583 -0.798691
vn -0.598288 0.076912 -0.797581
vn -0.707447 0.056095 -0.704537
vn -0.707325 0.067861 -0.703623
vn -0.848667 0.042000 -0.527257
vn -0.848546 0.050819 -0.526676
vn -0.913063 0.032397 -0.406531
vn -0.912978 0.039202 -0.406121
vn -0.960108 0.022224 -0.278746
vn -0.960065 0.026893 -0.278482
vn -0.357258 0.132703 -0.924531
vn -0.481164 0.143651 -0.864781
vn -0.597938 0.146904 -0.787965
vn -0.706893 0.141671 -0.692988
vn -0.848208 0.113744 -0.517305
vn -0.912763 0.092686 -0.397835
vn -0.959965 0.066324 -0.272156
vn -0.707095 0.100470 -0.699944
vn -0.848322 0.075231 -0.524108
vn -0.848288 0.086775 -0.522377
vn -0.912823 0.058021 -0.404212
vn -0.912803 0.066924 -0.402880
vn -0.912779 0.074855 -0.401537
vn -0.959986 0.039791 -0.277206
vn -0.959976 0.045896 -0.276295
vn -0.959965 0.051334 -0.275377
vn -0.357111 0.221239 -0.907483
vn -0.357165 0.228347 -0.905699
vn -0.225917 0.238155 -0.944586
vn -0.357217 0.233355 -0.904401
vn -0.357254 0.236282 -0.903626
vn -0.481034 0.207644 -0.851757
vn -0.481110 0.214311 -0.850061
vn -0.481185 0.219008 -0.848821
vn -0.481239 0.221754 -0.848077
vn -0.597911 0.189838 -0.778758
vn -0.597986 0.195929 -0.777190
vn -0.598061 0.200221 -0.776038
vn -0.598115 0.202732 -0.775344
vn -0.707091 0.178876 -0.684124
vn -0.707051 0.176659 -0.684741
vn -0.706994 0.172872 -0.685766
vn -0.848322 0.133935 -0.512261
vn -0.848303 0.132272 -0.512725
vn -0.912823 0.103294 -0.395075
vn -0.357262 0.110297 -0.927469
vn -0.357056 0.040183 -0.933218
vn -0.357022 -0.063461 -0.931938
vn -0.912918 0.068962 -0.402274
vn -0.848693 0.109809 -0.517361
vn -0.913074 0.084687 -0.398904
vn -0.848759 0.124483 -0.513918
vn -0.960034 0.047311 -0.275855
vn -0.959989 0.033076 -0.278076
vn -0.707612 0.166351 -0.686741
vn -0.598449 0.202175 -0.775232
vn -0.480740 0.037760 -0.876050
vn -0.597593 -0.054484 -0.799946
vn -0.707107 -0.145422 -0.691992
vn -0.847761 -0.193418 -0.493852
vn -0.912468 -0.206298 -0.353333
vn -0.959975 -0.175630 -0.218178
vn -0.480664 -0.059580 -0.874879
vn -0.481261 -0.180272 -0.857840
vn -0.598136 -0.164812 -0.784265
vn -0.705692 -0.258503 -0.659678
vn -0.847642 -0.267478 -0.458212
vn -0.912799 -0.256075 -0.318157
vn -0.960084 -0.200861 -0.194660
vn -0.596133 -0.293044 -0.747496
vn -0.705402 -0.357226 -0.612207
vn -0.848275 -0.332003 -0.412557
vn -0.913013 -0.292897 -0.283935
vn -0.357347 -0.841762 -0.404647
vn -0.357280 -0.873275 -0.331273
vn -0.357268 -0.895913 -0.264006
vn -0.357266 -0.913165 -0.196189
vn -0.848432 -0.477078 -0.229260
vn -0.848344 -0.495007 -0.187832
vn -0.848335 -0.507867 -0.149663
vn -0.848333 -0.517654 -0.111203
vn -0.912900 -0.367923 -0.176767
vn -0.912838 -0.381754 -0.144880
vn -0.912832 -0.391678 -0.115439
vn -0.912831 -0.399226 -0.085782
vn -0.960091 0.070518 -0.270653
vn -0.707464 0.178332 -0.683881
vn -0.598362 -0.003793 -0.801217
vn -1.000000 0.000000 -0.000000
vn -0.999971 -0.000669 0.007644
vn -0.989571 -0.012558 0.143498
vn -0.978754 -0.017876 0.204259
vn -0.989576 -0.008858 0.143741
vn -0.960000 -0.017214 0.279471
vn -0.960039 -0.010399 0.279674
vn -0.912926 -0.015150 0.407845
vn -0.913011 -0.005793 0.407893
vn -0.848589 -0.007496 0.529000
vn -0.848691 0.003876 0.528875
vn -0.707491 0.005198 0.706703
vn -0.707558 0.021325 0.706333
vn -0.598438 0.024181 0.800804
vn -0.598440 0.041005 0.800118
vn -0.481496 0.044858 0.875299
vn -0.481462 0.061701 0.874292
vn -0.357565 0.065740 0.931572
vn -0.357475 0.082064 0.930310
vn -0.226341 0.085578 0.970281
vn -0.226130 0.100958 0.968851
vn -0.000040 0.125009 0.992156
vn -0.225950 0.114732 0.967359
vn -0.225874 0.126936 0.965851
vn -0.357278 0.110013 0.927496
vn -0.357239 0.121705 0.926050
vn -0.481269 0.103253 0.870470
vn -0.481243 0.114222 0.869114
vn -0.598160 0.094400 0.795797
vn -0.598127 0.104425 0.794569
vn -0.707153 0.083296 0.702137
vn -0.707107 0.092138 0.701078
vn -0.848352 0.062386 0.525744
vn -0.848306 0.068996 0.524992
vn -0.912846 0.048123 0.405458
vn -0.912814 0.053213 0.404893
vn -0.959999 0.033009 0.278053
vn -0.959982 0.036493 0.277673
vn -0.989575 0.016982 0.143012
vn -0.989571 0.018770 0.142818
vn -1.000000 -0.000000 -0.000000
vn -0.989569 0.022080 0.142356
vn -0.989566 0.025050 0.141886
vn -0.959965 0.048702 0.275855
vn -0.959954 0.053806 0.274941
vn -0.912756 0.078459 0.400900
vn -0.912745 0.084925 0.399606
vn -0.848188 0.110119 0.518123
vn -0.848189 0.117243 0.516555
vn -0.706876 0.156577 0.689789
vn -0.706910 0.164422 0.687927
vn -0.597872 0.186352 0.779630
vn -0.597942 0.193369 0.777865
vn -0.481056 0.211510 0.850793
vn -0.481125 0.216565 0.849481
vn -0.357159 0.230750 0.905092
vn -0.357201 0.234500 0.904111
vn -0.225878 0.244577 0.942954
vn -0.225876 0.246793 0.942376
vn -0.000032 0.253336 0.967378
vn -0.225874 0.247320 0.942239
vn -0.226015 0.251634 0.941062
vn -0.357239 0.237128 0.903411
vn -0.357345 0.241243 0.902278
vn -0.481243 0.222549 0.847867
vn -0.481342 0.226391 0.846793
vn -0.598127 0.203460 0.775144
vn -0.598237 0.206947 0.774135
vn -0.707107 0.179521 0.683939
vn -0.707231 0.182562 0.683005
vn -0.848306 0.134431 0.512157
vn -0.848410 0.136650 0.511398
vn -0.912814 0.103679 0.394995
vn -0.912884 0.105358 0.394389
vn -0.959982 0.071102 0.270885
vn -0.960017 0.072232 0.270461
vn -0.989571 0.036571 0.139327
vn -0.989580 0.037141 0.139109
vn -1.000000 -0.000000 -0.000000
vn -0.989599 0.036261 0.139211
vn -1.000000 -0.000000 -0.000000
vn -0.989610 0.033954 0.139709
vn -0.989605 0.030217 0.140598
vn -0.960111 0.058740 0.273381
vn -0.960032 0.047899 0.275760
vn -0.912914 0.069820 0.402137
vn -0.912816 0.048869 0.405437
vn -0.848308 0.063370 0.525698
vn -0.848370 0.022872 0.528909
vn -0.706899 0.030545 0.706654
vn -0.706921 -0.068231 0.703994
vn -0.597709 -0.077327 0.797975
vn -0.597516 -0.223999 0.769934
vn -0.480616 -0.245110 0.841979
vn -0.478464 -0.403750 0.779781
vn -0.355477 -0.429741 0.830035
vn -0.356992 -0.573358 0.737440
vn -0.225946 -0.597907 0.769061
vn -0.226595 -0.707527 0.669373
vn -0.000402 -0.679430 0.733740
vn -0.004292 -0.764338 0.644802
vn -0.227342 -0.783928 0.577730
vn -0.226830 -0.822333 0.521840
vn -0.357483 -0.751812 0.554062
vn -0.357397 -0.788560 0.500440
vn -0.481022 -0.705767 0.520106
vn -0.481097 -0.740200 0.469733
vn -0.598027 -0.645218 0.475455
vn -0.598060 -0.676705 0.429411
vn -0.707446 -0.568985 0.419256
vn -0.707326 -0.596865 0.378737
vn -0.848919 -0.425495 0.313512
vn -0.848705 -0.446532 0.283387
vn -0.913273 -0.327942 0.241632
vn -0.913113 -0.344215 0.218495
vn -0.960220 -0.224810 0.165644
vn -0.960137 -0.235982 0.149828
vn -0.989634 -0.115619 0.085191
vn -0.989612 -0.121360 0.077072
vn -1.000000 0.000000 -0.000000
vn -1.000000 0.000000 -0.000000
vn -1.000000 -0.000000 -0.000000
vn -0.989598 -0.002053 0.143848
vn -0.989586 -0.005354 0.143843
vn -0.989597 0.012669 0.143306
vn -0.989608 0.010143 0.143436
vn -0.989614 0.007366 0.143564
vn -0.960120 0.019712 0.278894
vn -0.960142 0.014318 0.279147
vn -0.913085 0.028736 0.406756
vn -0.913128 0.020877 0.407137
vn -0.848695 0.037256 0.527569
vn -0.848757 0.027073 0.528089
vn -0.707497 0.049760 0.704962
vn -0.707559 0.036170 0.705728
vn -0.598398 0.056406 0.799211
vn -1.000000 -0.000000 -0.000000
vn -0.989563 0.027674 0.141418
vn -0.959949 0.058240 0.274055
vn -0.912746 0.090418 0.398396
vn -0.848208 0.123115 0.515156
vn -0.706966 0.170612 0.686361
vn -0.598011 0.197988 0.776649
vn -0.481186 0.220081 0.848542
vn -0.357229 0.236623 0.903547
vn -0.989566 0.034749 0.139830
vn -0.989563 0.033488 0.140153
vn -0.989562 0.031891 0.140536
vn -0.959955 0.065111 0.272483
vn -0.959950 0.062006 0.273226
vn -0.912757 0.094946 0.397315
vn -1.000000 -0.000000 -0.000000
vn -0.989571 0.017233 0.143010
vn -0.989584 0.024647 0.141828
vn -0.989582 0.006206 0.143839
vn -1.000000 0.000000 -0.000000
vn -0.989580 -0.013866 0.143315
vn -1.000000 0.000000 -0.000000
vn -0.989559 -0.040170 0.138417
vn -1.000000 -0.000000 0.000000
vn -0.989518 -0.066429 0.128227
vn -1.000000 0.000000 -0.000000
vn -0.989563 -0.088553 0.113677
vn -1.000000 0.000000 -0.000000
vn -0.989602 -0.104548 0.098781
vn -1.000000 0.000000 0.000000
vn -0.989581 -0.129790 0.062325
vn -0.989578 -0.125971 0.069761
vn -0.960009 -0.244932 0.135610
vn -0.912867 -0.357185 0.197721
vn -0.848376 -0.463185 0.256354
vn -0.707145 -0.618660 0.342352
vn -0.598115 -0.701206 0.388031
vn -0.481217 -0.766989 0.424449
vn -0.357266 -0.817210 0.452248
vn -0.226041 -0.852321 0.471652
vn -0.000713 -0.873229 0.487310
vn -0.989572 -0.134658 0.051123
vn -1.000000 0.000000 -0.000000
vn -0.989572 -0.138162 0.040735
vn -1.000000 0.000000 -0.000000
vn -0.989571 -0.140825 0.030280
vn -1.000000 -0.000000 0.000000
vn -0.989571 -0.142545 0.020729
vn -0.999874 -0.015790 -0.001376
vn -0.962232 -0.271203 -0.023640
vn -1.000000 0.000000 -0.000000
vn -0.864496 -0.500741 -0.043648
vn -0.912817 -0.404129 0.058702
vn -0.959984 -0.277145 0.040278
vn -0.848309 -0.524006 0.076088
vn -0.704782 -0.706744 -0.061604
vn -0.707105 -0.699771 0.101597
vn -0.598121 -0.793087 0.115172
vn -0.707106 -0.691340 0.148493
vn -0.598120 -0.783534 0.168307
vn -0.707108 -0.678274 0.199858
vn -0.598121 -0.768728 0.226514
vn -0.707121 -0.661113 0.250818
vn -0.598135 -0.749288 0.284255
vn -0.707203 -0.637222 0.306288
vn -0.598185 -0.722248 0.347177
vn -0.496245 -0.864903 -0.075390
vn -0.481235 -0.867487 0.126013
vn -0.481234 -0.857038 0.184118
vn -0.481235 -0.840845 0.247774
vn -0.481249 -0.819592 0.310917
vn -0.481286 -0.790026 0.379767
vn -0.357237 -0.924309 0.134292
vn -0.261941 -0.961438 -0.083805
vn -0.225885 -0.964035 0.140048
vn -0.000000 -0.996223 -0.086837
vn -0.000009 -0.991909 0.126949
vn -0.000012 -0.981671 0.190586
vn -0.225889 -0.952423 0.204609
vn -0.357237 -0.913176 0.196192
vn -0.357239 -0.895924 0.264009
vn -0.000016 -0.965072 0.261983
vn -0.225893 -0.934429 0.275344
vn -0.357250 -0.873285 0.331277
vn -0.000018 -0.941935 0.335795
vn -0.225902 -0.910823 0.345500
vn -0.357318 -0.841772 0.404652
vn -0.000679 -0.912774 0.408465
vn -0.226058 -0.877930 0.422063
vn -0.003868 -0.554677 0.832057
vn -0.226403 -0.447825 0.864982
vn -0.356841 -0.261212 0.896902
vn -0.480783 -0.084551 0.872754
vn -0.597655 0.034578 0.801008
vn -0.707103 0.084626 0.702029
vn -0.848453 0.090503 0.521476
vn -0.913069 0.085649 0.398709
vn -0.960128 0.066026 0.271651
vn -0.006179 -0.404749 0.914407
vn -0.225996 -0.272413 0.935263
vn -0.357050 -0.090057 0.929734
vn -0.480722 0.037760 0.876060
vn -0.598118 0.095900 0.795650
vn -0.707276 0.120821 0.696536
vn -0.848682 0.111059 0.517111
vn -0.913105 0.096302 0.396189
vn -0.960085 0.070523 0.270672
vn -0.000178 -0.229987 0.973194
vn -0.226342 -0.093923 0.969509
vn -0.357027 0.040184 0.933229
vn -0.481232 0.104882 0.870296
vn -0.598272 0.136915 0.789509
vn -0.707545 0.148343 0.690923
vn -0.848735 0.124911 0.513854
vn -0.913018 0.102876 0.394733
vn -0.002954 -0.070142 0.997533
vn -0.226413 0.041910 0.973129
vn -0.357235 0.111741 0.927306
vn -0.481372 0.149740 0.863631
vn -0.598504 0.168144 0.783275
vn -0.707610 0.166913 0.686606
vn -0.848608 0.133449 0.511913
vn -0.002296 0.053859 0.998546
vn -0.225885 0.116547 0.967157
vn -0.357384 0.159530 0.920232
vn -0.481579 0.183922 0.856886
vn -0.598564 0.189228 0.778405
vn -0.707464 0.178332 0.683881
vn -0.000862 0.196587 0.980486
vn -0.226082 0.166367 0.959796
vn -0.357614 0.195963 0.913078
vn -0.481634 0.207012 0.851572
vn -0.598440 0.202177 0.775238
vn -0.226477 0.230079 0.946452
vn -0.226407 0.204376 0.952350
vn -0.000490 0.216219 0.976345
vn -0.225874 0.235038 0.945377
vn -0.225878 0.240663 0.943960
vn -0.225859 0.169379 0.959322
vn -0.225852 0.187132 0.956019
vn -0.225852 0.202561 0.952869
vn -0.357068 0.179430 0.916683
vn -0.357032 0.194226 0.913676
vn -0.481002 0.168409 0.860393
vn -0.480949 0.182297 0.857587
vn -0.597887 0.153972 0.786653
vn -0.597834 0.166670 0.784101
vn -0.706918 0.135858 0.694125
vn -0.706878 0.147060 0.691880
vn -0.848208 0.101733 0.519802
vn -0.001953 0.041554 0.999134
vn -0.226524 0.068554 0.971590
vn -0.357617 0.047796 0.932644
vn -0.481495 0.026457 0.876050
vn -0.598392 0.005902 0.801182
vn -0.707389 -0.009988 0.706754
vn -0.848466 -0.019628 0.528886
vn -0.912849 -0.025090 0.407526
vn -0.922111 -0.033733 0.385452
vn -0.959982 -0.024416 0.278995
vn 0.000000 -0.087182 0.996192
vn -0.226350 -0.013720 0.973949
vn -0.226521 0.007197 0.973980
vn -0.226631 0.029406 0.973537
vn -0.357560 0.006893 0.933865
vn -0.357616 0.028194 0.933443
vn -0.481456 0.006464 0.876446
vn -0.198700 -0.085443 0.976329
vn -0.225958 -0.059776 0.972301
vn -0.226143 -0.036040 0.973427
vn -0.357372 -0.034566 0.933322
vn -0.357474 -0.013164 0.933830
vn -0.481331 -0.032449 0.875938
vn -0.481399 -0.012363 0.876414
vn -0.598236 -0.029672 0.800770
vn -0.598321 -0.011310 0.801177
vn -0.707266 -0.026189 0.706462
vn -0.381719 -0.080580 0.920759
vn -0.357280 -0.057321 0.932237
vn -0.481270 -0.053802 0.874920
vn -0.550561 -0.072779 0.831617
vn -0.598127 -0.069867 0.798350
vn -0.705157 -0.061816 0.706351
vn -0.598161 -0.049192 0.799865
vn -0.707107 -0.061647 0.704414
vn -0.707156 -0.043411 0.705723
vn -0.831811 -0.048391 0.552945
vn -0.848356 -0.032521 0.528427
vn -0.848306 -0.046163 0.527490
vn -0.912814 -0.035603 0.406820
vn -0.989571 0.036489 0.139350
vn -0.989570 0.036159 0.139444
vn -0.959981 0.070945 0.270930
vn -0.959977 0.070304 0.271110
vn -0.912812 0.103451 0.395060
vn -0.912804 0.102517 0.395322
vn -0.848302 0.134138 0.512241
vn -0.848288 0.132929 0.512580
vn -0.707097 0.179133 0.684051
vn -0.707066 0.177523 0.684502
vn -0.598113 0.203024 0.775269
vn -0.598072 0.201202 0.775776
vn -0.481228 0.222073 0.847999
vn -0.989568 0.035580 0.139605
vn -0.959971 0.069178 0.271422
vn -0.912791 0.100876 0.395774
vn -0.848265 0.130802 0.513164
vn -0.707019 0.174687 0.685280
vn -0.225866 0.226496 0.947462
vn -0.225858 0.215677 0.949985
vn -0.989562 0.029954 0.140963
vn -0.225868 0.149308 0.962648
vn -0.357203 0.143157 0.922991
vn -0.481193 0.134358 0.866257
vn -0.598077 0.122838 0.791969
vn -0.707067 0.108387 0.698791
vn -0.848285 0.081165 0.523283
vn -0.912802 0.062598 0.403577
vn -0.959976 0.042929 0.276772
vn -0.989585 0.014948 0.143168
vn -0.960037 0.029052 0.278363
vn -0.912921 0.042349 0.405933
vn -0.848460 0.054897 0.526405
vn -0.707262 0.073299 0.703141
vn -0.598236 0.083072 0.797003
vn -0.481331 0.090864 0.871817
vn -0.357369 0.096810 0.928932
vn -0.226630 0.049845 0.972705
vn -0.989607 0.001044 0.143792
vn -0.989614 0.004335 0.143688
vn -0.960142 0.008430 0.279386
vn -0.913128 0.012298 0.407486
vn -0.960118 0.002036 0.279586
vn -0.913083 0.002979 0.407764
vn -0.960082 -0.003982 0.279689
vn -0.848757 0.015954 0.528542
vn -0.357133 0.162405 0.919827
vn -0.481094 0.152427 0.863316
vn -0.597978 0.139360 0.789304
vn -0.706989 0.122966 0.696452
vn -0.848244 0.092081 0.521539
vn -0.912778 0.071016 0.402236
vn -0.960081 0.024620 0.278636
vn -0.913009 0.035889 0.406357
vn -0.848586 0.046525 0.527007
vn -0.707389 0.062128 0.704089
vn -0.598323 0.070417 0.798154
vn -0.481402 0.077024 0.873109
vn -0.597831 0.177458 0.781733
vn -0.480945 0.194100 0.854995
vn -0.480986 0.203830 0.852705
vn -0.357030 0.206802 0.910913
vn -0.357060 0.217173 0.908484
vn -0.357111 0.225360 0.906468
vn -0.226293 0.245856 0.942521
vn -0.357545 0.235701 0.903663
vn -0.481524 0.221185 0.848064
vn -0.959983 0.033510 0.278046
vn -0.960026 0.012076 0.279651
vn -0.960019 -0.026973 0.278632
vn -0.959941 -0.078121 0.269091
vn -0.959797 -0.129111 0.249239
vn -0.959956 -0.172139 0.221025
vn -0.960100 -0.203245 0.192093
vn -0.357670 0.220586 0.907422
vn -0.912891 0.017626 0.407824
vn -0.848359 -0.051060 0.526954
vn -0.706676 -0.197536 0.679403
vn -0.595411 -0.369437 0.713443
vn -0.480855 -0.538259 0.692138
vn -0.357362 -0.678480 0.641840
vn -0.912879 -0.039356 0.406329
vn -0.912724 -0.113949 0.392364
vn -0.912410 -0.188244 0.363417
vn -0.912758 -0.250975 0.322312
vn -0.913041 -0.296383 0.280201
vn -0.848134 -0.147803 0.508746
vn -0.705186 -0.326056 0.629603
vn -0.597750 -0.492244 0.632764
vn -0.481138 -0.636847 0.602439
vn -0.847534 -0.244097 0.471279
vn -0.848198 -0.325382 0.417955
vn -0.848610 -0.384375 0.363480
vn -0.706840 -0.434427 0.558257
vn -0.598082 -0.582216 0.550747
vn -0.707276 -0.513582 0.485792
vn -0.960019 -0.252335 0.121203
vn -0.959988 -0.261815 0.099380
vn -0.959985 -0.268624 0.079185
vn -0.959984 -0.273801 0.058851
vn -0.912887 -0.367949 0.176780
vn -0.912825 -0.381781 0.144890
vn -0.912819 -0.391705 0.115447
vn -0.912818 -0.399254 0.085788
vn -0.848409 -0.477111 0.229275
vn -0.848322 -0.495040 0.187844
vn -0.848312 -0.507902 0.149673
vn -0.848310 -0.517689 0.111210
vn -0.959963 0.067562 0.271856
vn -0.912775 0.098521 0.396404
vn -0.848237 0.127750 0.513978
vn 0.000000 -0.528362 0.849019
vn 0.000000 -0.445045 0.895508
vn 0.000000 -0.535285 0.844671
vn 0.000000 -0.539179 0.842191
vn 0.000000 -0.581495 0.813550
vn 0.000000 -0.638970 0.769232
vn 0.000000 -0.396132 0.918194
vn -1.000000 -0.000000 -0.000000
vn -1.000000 -0.000000 -0.000000
vn -1.000000 -0.000000 -0.000000
usemtl Plastic_-_Glossy_(Black)
f 652/909/733 704/910/734 651/911/735
f 651/911/735 704/910/734 699/912/736
f 651/913/735 699/914/736 674/915/737
f 674/915/737 699/914/736 814/916/738
f 674/915/737 814/916/738 673/917/739
f 673/917/739 814/916/738 809/918/740
f 673/917/739 809/918/740 672/919/741
f 672/919/741 809/918/740 804/920/742
f 672/919/741 804/920/742 671/921/743
f 671/921/743 804/920/742 799/922/744
f 671/921/743 799/922/744 670/923/745
f 670/923/745 799/922/744 794/924/746
f 670/923/745 794/924/746 669/925/747
f 669/925/747 794/924/746 789/926/748
f 669/925/747 789/926/748 668/927/749
f 668/927/749 789/926/748 784/928/750
f 668/927/749 784/928/750 667/929/751
f 667/929/751 784/928/750 779/930/752
f 667/929/751 779/930/752 666/931/753
f 666/931/753 779/930/752 774/932/754
f 666/931/753 774/932/754 665/933/755
f 665/933/755 774/932/754 769/934/756
f 665/933/755 769/934/756 664/935/757
f 664/935/757 769/934/756 764/936/758
f 664/935/757 764/936/758 663/937/759
f 663/937/759 764/936/758 759/938/760
f 663/937/759 759/938/760 662/939/761
f 662/939/761 759/938/760 754/940/762
f 662/939/761 754/940/762 661/941/763
f 661/941/763 754/940/762 749/942/764
f 661/941/763 749/942/764 660/943/765
f 660/943/765 749/942/764 744/944/766
f 660/943/765 744/944/766 659/945/767
f 659/945/767 744/944/766 739/946/768
f 659/945/767 739/946/768 658/947/769
f 658/947/769 739/946/768 734/948/770
f 658/947/769 734/948/770 657/949/771
f 657/949/771 734/948/770 729/950/772
f 657/949/771 729/950/772 656/951/773
f 656/951/773 729/950/772 724/952/774
f 656/951/773 724/952/774 655/953/775
f 655/953/775 724/952/774 719/954/776
f 655/953/775 719/954/776 654/955/777
f 654/955/777 719/954/776 714/956/778
f 654/955/777 714/956/778 653/957/779
f 653/957/779 714/956/778 709/958/780
f 653/957/779 709/958/780 652/909/733
f 652/909/733 709/958/780 704/910/734
f 676/959/781 818/960/782 675/961/783
f 675/961/783 818/960/782 703/962/784
f 675/963/783 703/964/784 698/965/785
f 698/965/785 703/964/784 708/966/786
f 698/965/785 708/966/786 697/967/787
f 697/967/787 708/966/786 713/968/788
f 697/967/787 713/968/788 696/969/789
f 696/969/789 713/968/788 718/970/790
f 696/969/789 718/970/790 695/971/791
f 695/971/791 718/970/790 723/972/792
f 695/971/791 723/972/792 694/973/793
f 694/973/793 723/972/792 728/974/794
f 694/973/793 728/974/794 693/975/795
f 693/975/795 728/974/794 733/976/796
f 693/975/795 733/976/796 692/977/797
f 692/977/797 733/976/796 738/978/798
f 692/977/797 738/978/798 691/979/799
f 691/979/799 738/978/798 743/980/800
f 691/979/799 743/980/800 690/981/801
f 690/981/801 743/980/800 748/982/802
f 690/981/801 748/982/802 689/983/803
f 689/983/803 748/982/802 753/984/804
f 689/983/803 753/984/804 688/985/805
f 688/985/805 753/984/804 758/986/806
f 688/985/805 758/986/806 687/987/807
f 687/987/807 758/986/806 763/988/808
f 687/987/807 763/988/808 686/989/809
f 686/989/809 763/988/808 768/990/810
f 686/989/809 768/990/810 685/991/811
f 685/991/811 768/990/810 773/992/812
f 685/991/811 773/992/812 684/993/813
f 684/993/813 773/992/812 778/994/814
f 684/993/813 778/994/814 683/995/815
f 683/995/815 778/994/814 783/996/816
f 683/995/815 783/996/816 682/997/817
f 682/997/817 783/996/816 788/998/818
f 682/997/817 788/998/818 681/999/819
f 681/999/819 788/998/818 793/1000/820
f 681/999/819 793/1000/820 680/1001/821
f 680/1001/821 793/1000/820 798/1002/822
f 680/1001/821 798/1002/822 679/1003/823
f 679/1003/823 798/1002/822 803/1004/824
f 679/1003/823 803/1004/824 678/1005/825
f 678/1005/825 803/1004/824 808/1006/826
f 678/1005/825 808/1006/826 677/1007/827
f 677/1007/827 808/1006/826 813/1008/828
f 677/1007/827 813/1008/828 676/959/781
f 676/959/781 813/1008/828 818/960/782
f 699/914/736 700/1009/829 814/916/738
f 814/916/738 700/1009/829 815/1010/830
f 814/916/738 815/1010/830 809/918/740
f 809/918/740 815/1010/830 810/1011/831
f 809/918/740 810/1011/831 804/920/742
f 804/920/742 810/1011/831 805/1012/832
f 804/920/742 805/1012/832 799/922/744
f 799/922/744 805/1012/832 800/1013/833
f 799/922/744 800/1013/833 794/924/746
f 794/924/746 800/1013/833 795/1014/834
f 794/924/746 795/1014/834 789/926/748
f 789/926/748 795/1014/834 790/1015/835
f 789/926/748 790/1015/835 784/928/750
f 784/928/750 790/1015/835 785/1016/836
f 784/928/750 785/1016/836 779/930/752
f 779/930/752 785/1016/836 780/1017/837
f 779/930/752 780/1017/837 774/932/754
f 774/932/754 780/1017/837 775/1018/838
f 774/932/754 775/1018/838 769/934/756
f 769/934/756 775/1018/838 770/1019/839
f 769/934/756 770/1019/839 764/936/758
f 764/936/758 770/1019/839 765/1020/840
f 764/936/758 765/1020/840 759/938/760
f 759/938/760 765/1020/840 760/1021/841
f 759/938/760 760/1021/841 754/940/762
f 754/940/762 760/1021/841 755/1022/842
f 754/940/762 755/1022/842 749/942/764
f 749/942/764 755/1022/842 750/1023/843
f 749/942/764 750/1023/843 744/944/766
f 744/944/766 750/1023/843 745/1024/844
f 744/944/766 745/1024/844 739/946/768
f 739/946/768 745/1024/844 740/1025/845
f 739/946/768 740/1025/845 734/948/770
f 734/948/770 740/1025/845 735/1026/846
f 734/948/770 735/1026/846 729/950/772
f 729/950/772 735/1026/846 730/1027/847
f 729/950/772 730/1027/847 724/952/774
f 724/952/774 730/1027/847 725/1028/848
f 724/952/774 725/1028/848 719/954/776
f 719/954/776 725/1028/848 720/1029/849
f 719/954/776 720/1029/849 714/956/778
f 714/956/778 720/1029/849 715/1030/850
f 714/956/778 715/1030/850 709/958/780
f 709/958/780 715/1030/850 710/1031/851
f 709/958/780 710/1031/851 704/910/734
f 704/910/734 710/1031/851 705/1032/852
f 704/910/734 705/1032/852 699/912/736
f 699/912/736 705/1032/852 700/1033/829
f 700/1009/829 701/1034/853 815/1010/830
f 815/1010/830 701/1034/853 816/1035/854
f 815/1010/830 816/1035/854 810/1011/831
f 810/1011/831 816/1035/854 811/1036/855
f 810/1011/831 811/1036/855 805/1012/832
f 805/1012/832 811/1036/855 806/1037/856
f 805/1012/832 806/1037/856 800/1013/833
f 800/1013/833 806/1037/856 801/1038/857
f 800/1013/833 801/1038/857 795/1014/834
f 795/1014/834 801/1038/857 796/1039/858
f 795/1014/834 796/1039/858 790/1015/835
f 790/1015/835 796/1039/858 791/1040/859
f 790/1015/835 791/1040/859 785/1016/836
f 785/1016/836 791/1040/859 786/1041/860
f 785/1016/836 786/1041/860 780/1017/837
f 780/1017/837 786/1041/860 781/1042/861
f 780/1017/837 781/1042/861 775/1018/838
f 775/1018/838 781/1042/861 776/1043/862
f 775/1018/838 776/1043/862 770/1019/839
f 770/1019/839 776/1043/862 771/1044/863
f 770/1019/839 771/1044/863 765/1020/840
f 765/1020/840 771/1044/863 766/1045/864
f 765/1020/840 766/1045/864 760/1021/841
f 760/1021/841 766/1045/864 761/1046/865
f 760/1021/841 761/1046/865 755/1022/842
f 755/1022/842 761/1046/865 756/1047/866
f 755/1022/842 756/1047/866 750/1023/843
f 750/1023/843 756/1047/866 751/1048/867
f 750/1023/843 751/1048/867 745/1024/844
f 745/1024/844 751/1048/867 746/1049/868
f 745/1024/844 746/1049/868 740/1025/845
f 740/1025/845 746/1049/868 741/1050/869
f 740/1025/845 741/1050/869 735/1026/846
f 735/1026/846 741/1050/869 736/1051/870
f 735/1026/846 736/1051/870 730/1027/847
f 730/1027/847 736/1051/870 731/1052/871
f 730/1027/847 731/1052/871 725/1028/848
f 725/1028/848 731/1052/871 726/1053/872
f 725/1028/848 726/1053/872 720/1029/849
f 720/1029/849 726/1053/872 721/1054/873
f 720/1029/849 721/1054/873 715/1030/850
f 715/1030/850 721/1054/873 716/1055/874
f 715/1030/850 716/1055/874 710/1031/851
f 710/1031/851 716/1055/874 711/1056/875
f 710/1031/851 711/1056/875 705/1032/852
f 705/1032/852 711/1056/875 706/1057/876
f 705/1032/852 706/1057/876 700/1033/829
f 700/1033/829 706/1057/876 701/1058/853
f 701/1034/853 702/1059/877 816/1035/854
f 816/1035/854 702/1059/877 817/1060/878
f 816/1035/854 817/1060/878 811/1036/855
f 811/1036/855 817/1060/878 812/1061/879
f 811/1036/855 812/1061/879 806/1037/856
f 806/1037/856 812/1061/879 807/1062/880
f 806/1037/856 807/1062/880 801/1038/857
f 801/1038/857 807/1062/880 802/1063/881
f 801/1038/857 802/1063/881 796/1039/858
f 796/1039/858 802/1063/881 797/1064/882
f 796/1039/858 797/1064/882 791/1040/859
f 791/1040/859 797/1064/882 792/1065/883
f 791/1040/859 792/1065/883 786/1041/860
f 786/1041/860 792/1065/883 787/1066/884
f 786/1041/860 787/1066/884 781/1042/861
f 781/1042/861 787/1066/884 782/1067/885
f 781/1042/861 782/1067/885 776/1043/862
f 776/1043/862 782/1067/885 777/1068/886
f 776/1043/862 777/1068/886 771/1044/863
f 771/1044/863 777/1068/886 772/1069/887
f 771/1044/863 772/1069/887 766/1045/864
f 766/1045/864 772/1069/887 767/1070/888
f 766/1045/864 767/1070/888 761/1046/865
f 761/1046/865 767/1070/888 762/1071/889
f 761/1046/865 762/1071/889 756/1047/866
f 756/1047/866 762/1071/889 757/1072/890
f 756/1047/866 757/1072/890 751/1048/867
f 751/1048/867 757/1072/890 752/1073/891
f 751/1048/867 752/1073/891 746/1049/868
f 746/1049/868 752/1073/891 747/1074/892
f 746/1049/868 747/1074/892 741/1050/869
f 741/1050/869 747/1074/892 742/1075/893
f 741/1050/869 742/1075/893 736/1051/870
f 736/1051/870 742/1075/893 737/1076/894
f 736/1051/870 737/1076/894 731/1052/871
f 731/1052/871 737/1076/894 732/1077/895
f 731/1052/871 732/1077/895 726/1053/872
f 726/1053/872 732/1077/895 727/1078/896
f 726/1053/872 727/1078/896 721/1054/873
f 721/1054/873 727/1078/896 722/1079/897
f 721/1054/873 722/1079/897 716/1055/874
f 716/1055/874 722/1079/897 717/1080/898
f 716/1055/874 717/1080/898 711/1056/875
f 711/1056/875 717/1080/898 712/1081/899
f 711/1056/875 712/1081/899 706/1057/876
f 706/1057/876 712/1081/899 707/1082/900
f 706/1057/876 707/1082/900 701/1058/853
f 701/1058/853 707/1082/900 702/1083/877
f 702/1059/877 703/962/784 817/1060/878
f 817/1060/878 703/962/784 818/960/782
f 817/1060/878 818/960/782 812/1061/879
f 812/1061/879 818/960/782 813/1008/828
f 812/1061/879 813/1008/828 807/1062/880
f 807/1062/880 813/1008/828 808/1006/826
f 807/1062/880 808/1006/826 802/1063/881
f 802/1063/881 808/1006/826 803/1004/824
f 802/1063/881 803/1004/824 797/1064/882
f 797/1064/882 803/1004/824 798/1002/822
f 797/1064/882 798/1002/822 792/1065/883
f 792/1065/883 798/1002/822 793/1000/820
f 792/1065/883 793/1000/820 787/1066/884
f 787/1066/884 793/1000/820 788/998/818
f 787/1066/884 788/998/818 782/1067/885
f 782/1067/885 788/998/818 783/996/816
f 782/1067/885 783/996/816 777/1068/886
f 777/1068/886 783/996/816 778/994/814
f 777/1068/886 778/994/814 772/1069/887
f 772/1069/887 778/994/814 773/992/812
f 772/1069/887 773/992/812 767/1070/888
f 767/1070/888 773/992/812 768/990/810
f 767/1070/888 768/990/810 762/1071/889
f 762/1071/889 768/990/810 763/988/808
f 762/1071/889 763/988/808 757/1072/890
f 757/1072/890 763/988/808 758/986/806
f 757/1072/890 758/986/806 752/1073/891
f 752/1073/891 758/986/806 753/984/804
f 752/1073/891 753/984/804 747/1074/892
f 747/1074/892 753/984/804 748/982/802
f 747/1074/892 748/982/802 742/1075/893
f 742/1075/893 748/982/802 743/980/800
f 742/1075/893 743/980/800 737/1076/894
f 737/1076/894 743/980/800 738/978/798
f 737/1076/894 738/978/798 732/1077/895
f 732/1077/895 738/978/798 733/976/796
f 732/1077/895 733/976/796 727/1078/896
f 727/1078/896 733/976/796 728/974/794
f 727/1078/896 728/974/794 722/1079/897
f 722/1079/897 728/974/794 723/972/792
f 722/1079/897 723/972/792 717/1080/898
f 717/1080/898 723/972/792 718/970/790
f 717/1080/898 718/970/790 712/1081/899
f 712/1081/899 718/970/790 713/968/788
f 712/1081/899 713/968/788 707/1082/900
f 707/1082/900 713/968/788 708/966/786
f 707/1082/900 708/966/786 702/1083/877
f 702/1083/877 708/966/786 703/964/784
f 843/1084/901 819/1085/902 675/1086/903
f 675/1087/903 819/1088/902 820/1089/904
f 675/1087/903 820/1089/904 676/1090/905
f 676/1090/905 820/1089/904 821/1091/906
f 676/1090/905 821/1091/906 677/1092/907
f 677/1092/907 821/1091/906 822/1093/908
f 677/1092/907 822/1093/908 678/1094/909
f 678/1094/909 822/1093/908 823/1095/910
f 678/1094/909 823/1095/910 679/1096/911
f 679/1096/911 823/1095/910 824/1097/912
f 679/1096/911 824/1097/912 680/1098/913
f 680/1098/913 824/1097/912 825/1099/914
f 680/1098/913 825/1099/914 681/1100/915
f 681/1100/915 825/1099/914 826/1101/916
f 681/1100/915 826/1101/916 682/1102/917
f 682/1102/917 826/1101/916 827/1103/918
f 682/1102/917 827/1103/918 683/1104/919
f 683/1104/919 827/1103/918 828/1105/920
f 683/1104/919 828/1105/920 684/1106/921
f 684/1106/921 828/1105/920 829/1107/922
f 684/1106/921 829/1107/922 685/1108/923
f 685/1108/923 829/1107/922 830/1109/924
f 685/1108/923 830/1109/924 686/1110/925
f 686/1110/925 830/1109/924 831/1111/926
f 686/1110/925 831/1111/926 687/1112/927
f 687/1112/927 831/1111/926 832/1113/928
f 687/1112/927 832/1113/928 688/1114/929
f 688/1114/929 832/1113/928 833/1115/930
f 688/1114/929 833/1115/930 689/1116/931
f 689/1116/931 833/1115/930 834/1117/932
f 689/1116/931 834/1117/932 690/1118/933
f 690/1118/933 834/1117/932 835/1119/934
f 690/1118/933 835/1119/934 691/1120/935
f 691/1120/935 835/1119/934 836/1121/936
f 691/1120/935 836/1121/936 692/1122/937
f 692/1122/937 836/1121/936 837/1123/938
f 692/1122/937 837/1123/938 693/1124/939
f 693/1124/939 837/1123/938 838/1125/940
f 693/1124/939 838/1125/940 694/1126/941
f 694/1126/941 838/1125/940 839/1127/942
f 694/1126/941 839/1127/942 695/1128/943
f 695/1128/943 839/1127/942 840/1129/944
f 695/1128/943 840/1129/944 696/1130/945
f 696/1130/945 840/1129/944 841/1131/946
f 696/1130/945 841/1131/946 697/1132/947
f 697/1132/947 841/1131/946 842/1133/948
f 697/1132/947 842/1133/948 698/1134/949
f 698/1134/949 842/1133/948 843/1084/901
f 698/1134/949 843/1084/901 675/1086/903
f 674/1135/737 664/1136/757 651/1137/735
f 651/1137/735 664/1136/757 663/1138/759
f 651/1137/735 663/1138/759 652/1139/733
f 652/1139/733 663/1138/759 662/1140/761
f 652/1139/733 662/1140/761 653/1141/779
f 653/1141/779 662/1140/761 661/1142/763
f 653/1141/779 661/1142/763 654/1143/777
f 654/1143/777 661/1142/763 660/1144/765
f 654/1143/777 660/1144/765 655/1145/775
f 655/1145/775 660/1144/765 659/1146/767
f 655/1145/775 659/1146/767 656/1147/773
f 656/1147/773 659/1146/767 658/1148/769
f 656/1147/773 658/1148/769 657/1149/771
f 664/1136/757 674/1135/737 665/1150/755
f 665/1150/755 674/1135/737 673/1151/739
f 665/1150/755 673/1151/739 666/1152/753
f 666/1152/753 673/1151/739 672/1153/741
f 666/1152/753 672/1153/741 667/1154/751
f 667/1154/751 672/1153/741 671/1155/743
f 667/1154/751 671/1155/743 668/1156/749
f 668/1156/749 671/1155/743 670/1157/745
f 668/1156/749 670/1157/745 669/1158/747
f 845/1159/950 918/1160/951 844/1161/952
f 844/1161/952 918/1160/951 917/1162/953
f 844/1161/952 917/1162/953 888/1163/954
f 888/1163/954 917/1162/953 942/1164/955
f 888/1163/954 942/1164/955 887/1165/956
f 887/1165/956 942/1164/955 941/1166/957
f 887/1165/956 941/1166/957 886/1167/958
f 886/1167/958 941/1166/957 940/1168/959
f 886/1167/958 940/1168/959 885/1169/960
f 885/1169/960 940/1168/959 939/1170/961
f 885/1169/960 939/1170/961 884/1171/962
f 884/1171/962 939/1170/961 938/1172/963
f 884/1171/962 938/1172/963 883/1173/964
f 883/1173/964 938/1172/963 937/1174/965
f 883/1173/964 937/1174/965 882/1175/966
f 882/1175/966 937/1174/965 936/1176/967
f 882/1175/966 936/1176/967 881/1177/968
f 881/1177/968 936/1176/967 935/1178/969
f 881/1177/968 935/1178/969 880/1179/970
f 880/1179/970 935/1178/969 934/1180/971
f 880/1179/970 934/1180/971 879/1181/972
f 879/1181/972 934/1180/971 933/1182/973
f 879/1181/972 933/1182/973 878/1183/974
f 878/1183/974 933/1182/973 932/1184/975
f 878/1183/974 932/1184/975 877/1185/976
f 877/1185/976 932/1184/975 931/1186/977
f 877/1185/976 931/1186/977 876/1187/978
f 876/1187/978 931/1186/977 930/1188/979
f 876/1187/978 930/1188/979 875/1189/980
f 875/1189/980 930/1188/979 929/1190/981
f 875/1189/980 929/1190/981 874/1191/982
f 874/1191/982 929/1190/981 928/1192/983
f 874/1191/982 928/1192/983 873/1193/984
f 873/1193/984 928/1192/983 927/1194/985
f 873/1193/984 927/1194/985 872/1195/986
f 872/1195/986 927/1194/985 926/1196/987
f 872/1195/986 926/1196/987 871/1197/988
f 871/1197/988 926/1196/987 916/1198/989
f 871/1197/988 916/1198/989 870/1199/990
f 870/1200/990 916/1201/989 925/1202/991
f 870/1200/990 925/1202/991 869/1203/992
f 869/1203/992 925/1202/991 924/1204/993
f 869/1203/992 924/1204/993 868/1205/994
f 868/1205/994 924/1204/993 923/1206/995
f 868/1205/994 923/1206/995 867/1207/996
f 867/1207/996 923/1206/995 922/1208/997
f 867/1207/996 922/1208/997 866/1209/998
f 866/1209/998 922/1208/997 921/1210/999
f 866/1209/998 921/1210/999 865/1211/1000
f 865/1211/1000 921/1210/999 864/1212/1001
f 864/1212/1001 921/1210/999 863/1213/1002
f 863/1213/1002 921/1210/999 862/1214/1003
f 862/1214/1003 921/1210/999 861/1215/1004
f 861/1215/1004 921/1210/999 860/1216/1005
f 860/1216/1005 921/1210/999 859/1217/1006
f 859/1217/1006 921/1210/999 858/1218/1007
f 858/1218/1007 921/1210/999 857/1219/1008
f 857/1219/1008 921/1210/999 856/1220/1009
f 856/1220/1009 921/1210/999 920/1221/1010
f 856/1220/1009 920/1221/1010 855/1222/1011
f 855/1222/1011 920/1221/1010 919/1223/1012
f 855/1222/1011 919/1223/1012 854/1224/1013
f 854/1224/1013 919/1223/1012 918/1160/951
f 854/1224/1013 918/1160/951 853/1225/1014
f 853/1225/1014 918/1160/951 852/1226/1015
f 852/1226/1015 918/1160/951 851/1227/1016
f 851/1227/1016 918/1160/951 850/1228/1017
f 850/1228/1017 918/1160/951 849/1229/1018
f 849/1229/1018 918/1160/951 848/1230/1019
f 848/1230/1019 918/1160/951 847/1231/1020
f 847/1231/1020 918/1160/951 846/1232/1021
f 846/1232/1021 918/1160/951 845/1159/950
f 890/1233/1022 925/1202/991 889/1234/1023
f 889/1234/1023 925/1202/991 916/1201/989
f 889/1235/1023 916/1198/989 915/1236/1024
f 915/1236/1024 916/1198/989 926/1196/987
f 915/1236/1024 926/1196/987 914/1237/1025
f 914/1237/1025 926/1196/987 927/1194/985
f 914/1237/1025 927/1194/985 913/1238/1026
f 913/1238/1026 927/1194/985 928/1192/983
f 913/1238/1026 928/1192/983 912/1239/1027
f 912/1239/1027 928/1192/983 929/1190/981
f 912/1239/1027 929/1190/981 911/1240/1028
f 911/1240/1028 929/1190/981 930/1188/979
f 911/1240/1028 930/1188/979 910/1241/1029
f 910/1241/1029 930/1188/979 931/1186/977
f 910/1241/1029 931/1186/977 909/1242/1030
f 909/1242/1030 931/1186/977 932/1184/975
f 909/1242/1030 932/1184/975 908/1243/1031
f 908/1243/1031 932/1184/975 933/1182/973
f 908/1243/1031 933/1182/973 907/1244/1032
f 907/1244/1032 933/1182/973 934/1180/971
f 907/1244/1032 934/1180/971 906/1245/1033
f 906/1245/1033 934/1180/971 935/1178/969
f 906/1245/1033 935/1178/969 905/1246/1034
f 905/1246/1034 935/1178/969 936/1176/967
f 905/1246/1034 936/1176/967 904/1247/1035
f 904/1247/1035 936/1176/967 937/1174/965
f 904/1247/1035 937/1174/965 903/1248/1036
f 903/1248/1036 937/1174/965 938/1172/963
f 903/1248/1036 938/1172/963 902/1249/1037
f 902/1249/1037 938/1172/963 939/1170/961
f 902/1249/1037 939/1170/961 901/1250/1038
f 901/1250/1038 939/1170/961 940/1168/959
f 901/1250/1038 940/1168/959 900/1251/1039
f 900/1251/1039 940/1168/959 941/1166/957
f 900/1251/1039 941/1166/957 899/1252/1040
f 899/1252/1040 941/1166/957 942/1164/955
f 899/1252/1040 942/1164/955 898/1253/1041
f 898/1253/1041 942/1164/955 917/1162/953
f 898/1253/1041 917/1162/953 897/1254/1042
f 897/1254/1042 917/1162/953 918/1160/951
f 897/1254/1042 918/1160/951 896/1255/1043
f 896/1255/1043 918/1160/951 919/1223/1012
f 896/1255/1043 919/1223/1012 895/1256/1044
f 895/1256/1044 919/1223/1012 920/1221/1010
f 895/1256/1044 920/1221/1010 894/1257/1045
f 894/1257/1045 920/1221/1010 921/1210/999
f 894/1257/1045 921/1210/999 893/1258/1046
f 893/1258/1046 921/1210/999 922/1208/997
f 893/1258/1046 922/1208/997 892/1259/1047
f 892/1259/1047 922/1208/997 923/1206/995
f 892/1259/1047 923/1206/995 891/1260/1048
f 891/1260/1048 923/1206/995 924/1204/993
f 891/1260/1048 924/1204/993 890/1233/1022
f 890/1233/1022 924/1204/993 925/1202/991
f 843/1261/901 943/1262/1049 819/1263/902
f 819/1264/902 943/1265/1049 944/1266/1050
f 819/1264/902 944/1266/1050 820/1267/904
f 820/1267/904 944/1266/1050 945/1268/1051
f 820/1267/904 945/1268/1051 821/1269/906
f 821/1269/906 945/1268/1051 946/1270/1052
f 821/1269/906 946/1270/1052 822/1271/908
f 822/1271/908 946/1270/1052 947/1272/1053
f 822/1271/908 947/1272/1053 823/1273/910
f 823/1273/910 947/1272/1053 948/1274/1054
f 823/1273/910 948/1274/1054 824/1275/912
f 824/1275/912 948/1274/1054 949/1276/1055
f 824/1275/912 949/1276/1055 825/1277/914
f 825/1277/914 949/1276/1055 950/1278/1056
f 825/1277/914 950/1278/1056 826/1279/916
f 826/1279/916 950/1278/1056 951/1280/1057
f 826/1279/916 951/1280/1057 827/1281/918
f 827/1281/918 951/1280/1057 952/1282/1058
f 827/1281/918 952/1282/1058 828/1283/920
f 828/1283/920 952/1282/1058 953/1284/1059
f 828/1283/920 953/1284/1059 829/1285/922
f 829/1285/922 953/1284/1059 954/1286/1060
f 829/1285/922 954/1286/1060 830/1287/924
f 830/1287/924 954/1286/1060 955/1288/1061
f 830/1287/924 955/1288/1061 831/1289/926
f 831/1289/926 955/1288/1061 956/1290/1062
f 831/1289/926 956/1290/1062 832/1291/928
f 832/1291/928 956/1290/1062 957/1292/1063
f 832/1291/928 957/1292/1063 833/1293/930
f 833/1293/930 957/1292/1063 958/1294/1064
f 833/1293/930 958/1294/1064 834/1295/932
f 834/1295/932 958/1294/1064 959/1296/1065
f 834/1295/932 959/1296/1065 835/1297/934
f 835/1297/934 959/1296/1065 960/1298/1066
f 835/1297/934 960/1298/1066 836/1299/936
f 836/1299/936 960/1298/1066 961/1300/1067
f 836/1299/936 961/1300/1067 837/1301/938
f 837/1301/938 961/1300/1067 962/1302/1068
f 837/1301/938 962/1302/1068 838/1303/940
f 838/1303/940 962/1302/1068 963/1304/1069
f 838/1303/940 963/1304/1069 839/1305/942
f 839/1305/942 963/1304/1069 964/1306/1070
f 839/1305/942 964/1306/1070 840/1307/944
f 840/1307/944 964/1306/1070 965/1308/1071
f 840/1307/944 965/1308/1071 841/1309/946
f 841/1309/946 965/1308/1071 966/1310/1072
f 841/1309/946 966/1310/1072 842/1311/948
f 842/1311/948 966/1310/1072 967/1312/1073
f 842/1311/948 967/1312/1073 843/1261/901
f 843/1261/901 967/1312/1073 943/1262/1049
f 890/1313/1022 889/1314/1023 943/1315/1049
f 943/1316/1049 889/1317/1023 915/1318/1024
f 943/1316/1049 915/1318/1024 944/1319/1050
f 944/1319/1050 915/1318/1024 914/1320/1025
f 944/1319/1050 914/1320/1025 945/1321/1051
f 945/1321/1051 914/1320/1025 913/1322/1026
f 945/1321/1051 913/1322/1026 946/1323/1052
f 946/1323/1052 913/1322/1026 912/1324/1027
f 946/1323/1052 912/1324/1027 947/1325/1053
f 947/1325/1053 912/1324/1027 911/1326/1028
f 947/1325/1053 911/1326/1028 948/1327/1054
f 948/1327/1054 911/1326/1028 910/1328/1029
f 948/1327/1054 910/1328/1029 949/1329/1055
f 949/1329/1055 910/1328/1029 909/1330/1030
f 949/1329/1055 909/1330/1030 950/1331/1056
f 950/1331/1056 909/1330/1030 908/1332/1031
f 950/1331/1056 908/1332/1031 951/1333/1057
f 951/1333/1057 908/1332/1031 907/1334/1032
f 951/1333/1057 907/1334/1032 952/1335/1058
f 952/1335/1058 907/1334/1032 906/1336/1033
f 952/1335/1058 906/1336/1033 953/1337/1059
f 953/1337/1059 906/1336/1033 905/1338/1034
f 953/1337/1059 905/1338/1034 954/1339/1060
f 954/1339/1060 905/1338/1034 904/1340/1035
f 954/1339/1060 904/1340/1035 955/1341/1061
f 955/1341/1061 904/1340/1035 903/1342/1036
f 955/1341/1061 903/1342/1036 902/1343/1037
f 955/1341/1061 902/1343/1037 956/1344/1062
f 956/1344/1062 902/1343/1037 901/1345/1038
f 956/1344/1062 901/1345/1038 957/1346/1063
f 957/1346/1063 901/1345/1038 900/1347/1039
f 957/1346/1063 900/1347/1039 958/1348/1064
f 958/1348/1064 900/1347/1039 899/1349/1040
f 958/1348/1064 899/1349/1040 959/1350/1065
f 959/1350/1065 899/1349/1040 898/1351/1041
f 959/1350/1065 898/1351/1041 960/1352/1066
f 960/1352/1066 898/1351/1041 897/1353/1042
f 960/1352/1066 897/1353/1042 961/1354/1067
f 961/1354/1067 897/1353/1042 896/1355/1043
f 961/1354/1067 896/1355/1043 962/1356/1068
f 962/1356/1068 896/1355/1043 895/1357/1044
f 962/1356/1068 895/1357/1044 963/1358/1069
f 963/1358/1069 895/1357/1044 894/1359/1045
f 963/1358/1069 894/1359/1045 964/1360/1070
f 964/1360/1070 894/1359/1045 893/1361/1046
f 964/1360/1070 893/1361/1046 965/1362/1071
f 965/1362/1071 893/1361/1046 892/1363/1047
f 965/1362/1071 892/1363/1047 966/1364/1072
f 966/1364/1072 892/1363/1047 891/1365/1048
f 966/1364/1072 891/1365/1048 967/1366/1073
f 967/1366/1073 891/1365/1048 890/1313/1022
f 967/1366/1073 890/1313/1022 943/1315/1049
f 994/1367/1074 968/1368/1075 888/1369/954
f 888/1369/954 968/1368/1075 969/1370/1076
f 888/1369/954 969/1370/1076 844/1371/952
f 887/1372/956 1011/1373/1077 888/1369/954
f 888/1369/954 1011/1373/1077 1012/1374/1078
f 888/1369/954 1012/1374/1078 994/1367/1074
f 994/1367/1074 1012/1374/1078 993/1375/1079
f 993/1375/1079 1012/1374/1078 992/1376/1080
f 992/1376/1080 1012/1374/1078 991/1377/1081
f 991/1377/1081 1012/1374/1078 990/1378/1082
f 990/1378/1082 1012/1374/1078 989/1379/1083
f 989/1379/1083 1012/1374/1078 988/1380/1084
f 988/1380/1084 1012/1374/1078 987/1381/1085
f 987/1381/1085 1012/1374/1078 986/1382/1086
f 986/1382/1086 1012/1374/1078 985/1383/1087
f 985/1383/1087 1012/1374/1078 1013/1384/1088
f 985/1383/1087 1013/1384/1088 984/1385/1089
f 984/1385/1089 1013/1384/1088 983/1386/1090
f 983/1386/1090 1013/1384/1088 1014/1387/1091
f 983/1386/1090 1014/1387/1091 982/1388/1092
f 982/1388/1092 1014/1387/1091 1015/1389/1093
f 982/1388/1092 1015/1389/1093 981/1390/1094
f 981/1390/1094 1015/1389/1093 980/1391/1095
f 980/1391/1095 1015/1389/1093 979/1392/1096
f 979/1392/1096 1015/1389/1093 1016/1393/1097
f 979/1392/1096 1016/1393/1097 978/1394/1098
f 978/1394/1098 1016/1393/1097 977/1395/1099
f 977/1395/1099 1016/1393/1097 976/1396/1100
f 976/1396/1100 1016/1393/1097 975/1397/1101
f 975/1397/1101 1016/1393/1097 974/1398/1102
f 974/1398/1102 1016/1393/1097 973/1399/1103
f 973/1399/1103 1016/1393/1097 972/1400/1104
f 972/1400/1104 1016/1393/1097 866/1401/998
f 972/1400/1104 866/1401/998 971/1402/1105
f 971/1402/1105 866/1401/998 865/1403/1000
f 971/1402/1105 865/1403/1000 970/1404/1106
f 1011/1373/1077 887/1372/956 1010/1405/1107
f 1010/1405/1107 887/1372/956 886/1406/958
f 1010/1405/1107 886/1406/958 1009/1407/1108
f 1009/1407/1108 886/1406/958 885/1408/960
f 1009/1407/1108 885/1408/960 1008/1409/1109
f 1008/1409/1109 885/1408/960 884/1410/962
f 1008/1409/1109 884/1410/962 1007/1411/1110
f 1007/1411/1110 884/1410/962 883/1412/964
f 1007/1411/1110 883/1412/964 1006/1413/1111
f 1006/1413/1111 883/1412/964 882/1414/966
f 1006/1413/1111 882/1414/966 1005/1415/1112
f 1005/1415/1112 882/1414/966 881/1416/968
f 1005/1415/1112 881/1416/968 880/1417/970
f 1005/1415/1112 880/1417/970 1004/1418/1113
f 1004/1418/1113 880/1417/970 879/1419/972
f 1004/1418/1113 879/1419/972 1003/1420/1114
f 1003/1420/1114 879/1419/972 878/1421/974
f 1003/1420/1114 878/1421/974 1002/1422/1115
f 1002/1422/1115 878/1421/974 877/1423/976
f 1002/1422/1115 877/1423/976 1001/1424/1116
f 1001/1424/1116 877/1423/976 876/1425/978
f 1001/1424/1116 876/1425/978 1000/1426/1117
f 1000/1426/1117 876/1425/978 875/1427/980
f 1000/1426/1117 875/1427/980 999/1428/1118
f 999/1428/1118 875/1427/980 874/1429/982
f 999/1428/1118 874/1429/982 998/1430/1119
f 998/1430/1119 874/1429/982 873/1431/984
f 998/1430/1119 873/1431/984 997/1432/1120
f 997/1432/1120 873/1431/984 872/1433/986
f 997/1432/1120 872/1433/986 996/1434/1121
f 996/1434/1121 872/1433/986 871/1435/988
f 996/1434/1121 871/1435/988 995/1436/1122
f 995/1437/1122 871/1438/988 870/1439/990
f 995/1437/1122 870/1439/990 1019/1440/1123
f 1019/1440/1123 870/1439/990 869/1441/992
f 1019/1440/1123 869/1441/992 1018/1442/1124
f 1018/1442/1124 869/1441/992 868/1443/994
f 1018/1442/1124 868/1443/994 1017/1444/1125
f 1017/1444/1125 868/1443/994 867/1445/996
f 1017/1444/1125 867/1445/996 1016/1393/1097
f 1016/1393/1097 867/1445/996 866/1401/998
f 996/1446/1126 995/1447/1127 1012/1448/1128
f 1012/1448/1128 995/1447/1127 1019/1449/1129
f 1012/1448/1128 1019/1449/1129 1018/1450/1130
f 1018/1450/1130 1017/1451/1131 1012/1448/1128
f 1012/1448/1128 1017/1451/1131 1016/1452/1132
f 1012/1448/1128 1016/1452/1132 1015/1453/1133
f 1014/1454/1134 1013/1455/1135 1015/1453/1133
f 1015/1453/1133 1013/1455/1135 1012/1448/1128
f 1011/1456/1136 1003/1457/1137 1012/1448/1128
f 1012/1448/1128 1003/1457/1137 1002/1458/1138
f 1012/1448/1128 1002/1458/1138 1001/1459/1139
f 1003/1457/1137 1011/1456/1136 1004/1460/1140
f 1004/1460/1140 1011/1456/1136 1010/1461/1141
f 1004/1460/1140 1010/1461/1141 1005/1462/1142
f 1005/1462/1142 1010/1461/1141 1009/1463/1143
f 1005/1462/1142 1009/1463/1143 1006/1464/1144
f 1006/1464/1144 1009/1463/1143 1008/1465/1145
f 1006/1464/1144 1008/1465/1145 1007/1466/1146
f 1001/1459/1139 1000/1467/1147 1012/1448/1128
f 1012/1448/1128 1000/1467/1147 999/1468/1148
f 1012/1448/1128 999/1468/1148 998/1469/1149
f 998/1469/1149 997/1470/1150 1012/1448/1128
f 1012/1448/1128 997/1470/1150 996/1446/1126
f 1032/1471/1151 853/1472/1152 1033/1473/1153
f 1033/1473/1153 853/1472/1152 852/1474/1154
f 1033/1473/1153 852/1474/1154 1044/1475/1155
f 1044/1475/1155 852/1474/1154 1043/1476/1156
f 1044/1475/1155 1043/1476/1156 1054/1477/1157
f 1054/1477/1157 1043/1476/1156 1055/1478/1158
f 1054/1477/1157 1055/1478/1158 1051/1479/1159
f 1051/1479/1159 1055/1478/1158 1050/1480/1160
f 1051/1479/1159 1050/1480/1160 1062/1481/1161
f 1062/1481/1161 1050/1480/1160 1063/1482/1162
f 1062/1481/1161 1063/1482/1162 1071/1483/1163
f 1071/1483/1163 1063/1482/1162 1070/1484/1164
f 1071/1483/1163 1070/1484/1164 1027/1485/1165
f 1027/1485/1165 1070/1484/1164 1069/1486/1166
f 1027/1485/1165 1069/1486/1166 1026/1487/1167
f 1026/1487/1167 1069/1486/1166 1065/1488/1168
f 1026/1487/1167 1065/1488/1168 1073/1489/1169
f 1073/1489/1169 1065/1488/1168 1037/1490/1170
f 1073/1489/1169 1037/1490/1170 1025/1491/1171
f 1025/1491/1171 1037/1490/1170 1024/1492/1172
f 1024/1492/1172 1037/1490/1170 1066/1493/1173
f 1024/1492/1172 1066/1493/1173 1023/1494/1174
f 1023/1494/1174 1066/1493/1173 1067/1495/1175
f 1023/1494/1174 1067/1495/1175 1068/1496/1176
f 1068/1496/1176 1067/1495/1175 1036/1497/1177
f 1068/1496/1176 1036/1497/1177 1021/1498/1178
f 1021/1498/1178 1036/1497/1177 1020/1499/1179
f 1020/1499/1179 1036/1497/1177 1061/1500/1180
f 1020/1499/1179 1061/1500/1180 1034/1501/1181
f 1034/1501/1181 1061/1500/1180 1060/1502/1182
f 1034/1501/1181 1060/1502/1182 1038/1503/1183
f 1038/1503/1183 1060/1502/1182 1059/1504/1184
f 1038/1503/1183 1059/1504/1184 1039/1505/1185
f 1039/1505/1185 1059/1504/1184 1058/1506/1186
f 1039/1505/1185 1058/1506/1186 1040/1507/1187
f 1040/1507/1187 1058/1506/1186 1057/1508/1188
f 1040/1507/1187 1057/1508/1188 1041/1509/1189
f 1041/1509/1189 1057/1508/1188 1056/1510/1190
f 1041/1509/1189 1056/1510/1190 1042/1511/1191
f 1042/1511/1191 1056/1510/1190 1055/1478/1158
f 1042/1511/1191 1055/1478/1158 1043/1476/1156
f 852/1474/1154 851/1512/1192 1043/1476/1156
f 1043/1476/1156 851/1512/1192 850/1513/1193
f 1043/1476/1156 850/1513/1193 1042/1511/1191
f 1042/1511/1191 850/1513/1193 849/1514/1194
f 1042/1511/1191 849/1514/1194 1041/1509/1189
f 1041/1509/1189 849/1514/1194 1040/1507/1187
f 849/1514/1194 848/1515/1195 1040/1507/1187
f 1040/1507/1187 848/1515/1195 1039/1505/1185
f 848/1515/1195 847/1516/1196 1039/1505/1185
f 1039/1505/1185 847/1516/1196 1038/1503/1183
f 847/1516/1196 846/1517/1197 1038/1503/1183
f 1038/1503/1183 846/1517/1197 1034/1501/1181
f 846/1517/1197 845/1518/1198 1034/1501/1181
f 1034/1501/1181 845/1518/1198 1020/1499/1179
f 1021/1498/1178 1022/1519/1199 1068/1496/1176
f 1068/1496/1176 1022/1519/1199 1023/1494/1174
f 1025/1491/1171 1026/1487/1167 1073/1489/1169
f 1027/1485/1165 1028/1520/1200 1071/1483/1163
f 1071/1483/1163 1028/1520/1200 1062/1481/1161
f 1029/1521/1201 1072/1522/1202 1028/1520/1200
f 1028/1520/1200 1072/1522/1202 1035/1523/1203
f 1028/1520/1200 1035/1523/1203 1062/1481/1161
f 1062/1481/1161 1035/1523/1203 1051/1479/1159
f 1030/1524/1204 1031/1525/1205 1029/1521/1201
f 1029/1521/1201 1031/1525/1205 1072/1522/1202
f 1072/1522/1202 1031/1525/1205 1035/1523/1203
f 1035/1523/1203 1031/1525/1205 1032/1471/1151
f 1035/1523/1203 1032/1471/1151 1052/1526/1206
f 1052/1526/1206 1032/1471/1151 1053/1527/1207
f 1052/1526/1206 1053/1527/1207 1054/1477/1157
f 1054/1477/1157 1053/1527/1207 1044/1475/1155
f 1053/1527/1207 1032/1471/1151 1033/1473/1153
f 1051/1479/1159 1035/1523/1203 1052/1526/1206
f 1053/1527/1207 1033/1473/1153 1044/1475/1155
f 1060/1502/1182 1061/1500/1180 1045/1528/1208
f 1045/1528/1208 1061/1500/1180 1036/1497/1177
f 1045/1528/1208 1036/1497/1177 1067/1495/1175
f 1059/1504/1184 1060/1502/1182 1046/1529/1209
f 1046/1529/1209 1060/1502/1182 1045/1528/1208
f 1046/1529/1209 1045/1528/1208 1066/1493/1173
f 1066/1493/1173 1045/1528/1208 1067/1495/1175
f 1058/1506/1186 1059/1504/1184 1047/1530/1210
f 1047/1530/1210 1059/1504/1184 1046/1529/1209
f 1047/1530/1210 1046/1529/1209 1037/1490/1170
f 1037/1490/1170 1046/1529/1209 1066/1493/1173
f 1057/1508/1188 1058/1506/1186 1048/1531/1211
f 1048/1531/1211 1058/1506/1186 1047/1530/1210
f 1048/1531/1211 1047/1530/1210 1065/1488/1168
f 1065/1488/1168 1047/1530/1210 1037/1490/1170
f 1056/1510/1190 1057/1508/1188 1049/1532/1212
f 1049/1532/1212 1057/1508/1188 1048/1531/1211
f 1049/1532/1212 1048/1531/1211 1064/1533/1213
f 1064/1533/1213 1048/1531/1211 1065/1488/1168
f 1064/1533/1213 1065/1488/1168 1069/1486/1166
f 1055/1478/1158 1056/1510/1190 1050/1480/1160
f 1050/1480/1160 1056/1510/1190 1049/1532/1212
f 1050/1480/1160 1049/1532/1212 1063/1482/1162
f 1063/1482/1162 1049/1532/1212 1064/1533/1213
f 1063/1482/1162 1064/1533/1213 1070/1484/1164
f 1070/1484/1164 1064/1533/1213 1069/1486/1166
f 1051/1479/1159 1052/1526/1206 1054/1477/1157
f 1020/1534/1214 845/1535/1215 1075/1536/1216
f 1075/1536/1216 845/1535/1215 844/1537/1217
f 1075/1536/1216 844/1537/1217 1074/1538/1218
f 1074/1538/1218 844/1537/1217 969/1539/1219
f 1074/1538/1218 969/1539/1219 968/1540/1220
f 1075/1536/1216 1076/1541/1221 1020/1534/1214
f 1020/1534/1214 1076/1541/1221 1021/1542/1178
f 994/1543/1222 992/1544/1223 968/1545/1224
f 968/1545/1224 992/1544/1223 1098/1546/1225
f 968/1545/1224 1098/1546/1225 1074/1547/1226
f 1074/1547/1226 1098/1546/1225 1107/1548/1227
f 1074/1547/1226 1107/1548/1227 1075/1549/1228
f 1075/1549/1228 1107/1548/1227 1089/1550/1229
f 1075/1549/1228 1089/1550/1229 1076/1551/1221
f 1076/1551/1221 1089/1550/1229 1120/1552/1230
f 1076/1551/1221 1120/1552/1230 1121/1553/1231
f 1121/1553/1231 1120/1552/1230 1106/1554/1232
f 1121/1553/1231 1106/1554/1232 1105/1555/1233
f 1105/1555/1233 1106/1554/1232 1109/1556/1234
f 1105/1555/1233 1109/1556/1234 1110/1557/1235
f 1110/1557/1235 1109/1556/1234 1095/1558/1236
f 1110/1557/1235 1095/1558/1236 1094/1559/1237
f 1094/1559/1237 1095/1558/1236 987/1560/1238
f 1094/1559/1237 987/1560/1238 986/1561/1239
f 994/1543/1222 993/1562/1240 992/1544/1223
f 991/1563/1241 990/1564/1242 992/1544/1223
f 992/1544/1223 990/1564/1242 1098/1546/1225
f 1098/1546/1225 990/1564/1242 1097/1565/1243
f 1097/1565/1243 990/1564/1242 989/1566/1244
f 1097/1565/1243 989/1566/1244 1096/1567/1245
f 1096/1567/1245 989/1566/1244 988/1568/1246
f 1096/1567/1245 988/1568/1246 1095/1558/1236
f 1095/1558/1236 988/1568/1246 987/1560/1238
f 985/1569/1247 1088/1570/1248 986/1561/1239
f 986/1561/1239 1088/1570/1248 1091/1571/1249
f 986/1561/1239 1091/1571/1249 1092/1572/1250
f 1092/1572/1250 1091/1571/1249 1113/1573/1251
f 1092/1572/1250 1113/1573/1251 1112/1574/1252
f 1112/1574/1252 1113/1573/1251 1102/1575/1253
f 1112/1574/1252 1102/1575/1253 1103/1576/1254
f 1103/1576/1254 1102/1575/1253 1124/1577/1255
f 1103/1576/1254 1124/1577/1255 1123/1578/1256
f 1123/1578/1256 1124/1577/1255 1086/1579/1257
f 1123/1578/1256 1086/1579/1257 1122/1580/1258
f 1122/1580/1258 1086/1579/1257 1087/1581/1259
f 1122/1580/1258 1087/1581/1259 1121/1553/1231
f 1121/1553/1231 1087/1581/1259 1076/1551/1221
f 985/1569/1247 1077/1582/1260 1088/1570/1248
f 1088/1570/1248 1077/1582/1260 1115/1583/1261
f 1088/1570/1248 1115/1583/1261 1114/1584/1262
f 1114/1584/1262 1115/1583/1261 1100/1585/1263
f 1114/1584/1262 1100/1585/1263 1101/1586/1264
f 1101/1586/1264 1100/1585/1263 1126/1587/1265
f 1101/1586/1264 1126/1587/1265 1125/1588/1266
f 1125/1588/1266 1126/1587/1265 1117/1589/1267
f 1125/1588/1266 1117/1589/1267 1116/1590/1268
f 1116/1590/1268 1117/1589/1267 1083/1591/1269
f 1116/1590/1268 1083/1591/1269 1084/1592/1270
f 1078/1593/1271 1090/1594/1272 1077/1582/1260
f 1077/1582/1260 1090/1594/1272 1099/1595/1273
f 1077/1582/1260 1099/1595/1273 1115/1583/1261
f 1115/1583/1261 1099/1595/1273 1100/1585/1263
f 1079/1596/1274 1080/1597/1275 1078/1593/1271
f 1078/1593/1271 1080/1597/1275 1081/1598/1276
f 1078/1593/1271 1081/1598/1276 1119/1599/1277
f 1119/1599/1277 1081/1598/1276 1118/1600/1278
f 1119/1599/1277 1118/1600/1278 1127/1601/1279
f 1127/1601/1279 1118/1600/1278 1126/1587/1265
f 1127/1601/1279 1126/1587/1265 1100/1585/1263
f 1081/1598/1276 1082/1602/1280 1118/1600/1278
f 1118/1600/1278 1082/1602/1280 1117/1589/1267
f 1118/1600/1278 1117/1589/1267 1126/1587/1265
f 1082/1602/1280 1083/1591/1269 1117/1589/1267
f 1116/1590/1268 1084/1592/1270 1124/1577/1255
f 1124/1577/1255 1084/1592/1270 1085/1603/1281
f 1124/1577/1255 1085/1603/1281 1086/1579/1257
f 1078/1593/1271 1119/1599/1277 1090/1594/1272
f 1090/1594/1272 1119/1599/1277 1127/1601/1279
f 1090/1594/1272 1127/1601/1279 1099/1595/1273
f 1099/1595/1273 1127/1601/1279 1100/1585/1263
f 1113/1573/1251 1091/1571/1249 1114/1584/1262
f 1114/1584/1262 1091/1571/1249 1088/1570/1248
f 1094/1559/1237 986/1561/1239 1093/1604/1282
f 1093/1604/1282 986/1561/1239 1092/1572/1250
f 1093/1604/1282 1092/1572/1250 1112/1574/1252
f 1094/1559/1237 1093/1604/1282 1111/1605/1283
f 1111/1605/1283 1093/1604/1282 1112/1574/1252
f 1111/1605/1283 1112/1574/1252 1103/1576/1254
f 1095/1558/1236 1109/1556/1234 1096/1567/1245
f 1096/1567/1245 1109/1556/1234 1108/1606/1284
f 1096/1567/1245 1108/1606/1284 1097/1565/1243
f 1097/1565/1243 1108/1606/1284 1107/1548/1227
f 1097/1565/1243 1107/1548/1227 1098/1546/1225
f 1113/1573/1251 1114/1584/1262 1101/1586/1264
f 1113/1573/1251 1101/1586/1264 1102/1575/1253
f 1102/1575/1253 1101/1586/1264 1125/1588/1266
f 1102/1575/1253 1125/1588/1266 1124/1577/1255
f 1124/1577/1255 1125/1588/1266 1116/1590/1268
f 1103/1576/1254 1104/1607/1285 1111/1605/1283
f 1111/1605/1283 1104/1607/1285 1110/1557/1235
f 1111/1605/1283 1110/1557/1235 1094/1559/1237
f 1110/1557/1235 1104/1607/1285 1105/1555/1233
f 1105/1555/1233 1104/1607/1285 1122/1580/1258
f 1105/1555/1233 1122/1580/1258 1121/1553/1231
f 1122/1580/1258 1104/1607/1285 1123/1578/1256
f 1123/1578/1256 1104/1607/1285 1103/1576/1254
f 1108/1606/1284 1109/1556/1234 1106/1554/1232
f 1107/1548/1227 1108/1606/1284 1089/1550/1229
f 1089/1550/1229 1108/1606/1284 1106/1554/1232
f 1089/1550/1229 1106/1554/1232 1120/1552/1230
f 985/1608/1247 984/1609/1286 1077/1610/1260
f 1077/1610/1260 984/1609/1286 1078/1611/1271
f 1078/1611/1271 984/1609/1286 983/1612/1287
f 1078/1611/1271 983/1612/1287 1079/1613/1274
f 1079/1613/1274 983/1612/1287 1168/1614/1288
f 1168/1614/1288 983/1612/1287 1131/1615/1289
f 1168/1614/1288 1131/1615/1289 1167/1616/1290
f 1167/1616/1290 1131/1615/1289 1132/1617/1291
f 1167/1616/1290 1132/1617/1291 1133/1618/1292
f 982/1619/1293 1129/1620/1294 983/1612/1287
f 983/1612/1287 1129/1620/1294 1130/1621/1295
f 983/1612/1287 1130/1621/1295 1131/1615/1289
f 981/1622/1296 1128/1623/1297 982/1619/1293
f 982/1619/1293 1128/1623/1297 1129/1620/1294
f 1167/1616/1290 1133/1618/1292 1166/1624/1298
f 1166/1624/1298 1133/1618/1292 1134/1625/1299
f 1166/1624/1298 1134/1625/1299 1165/1626/1300
f 1165/1626/1300 1134/1625/1299 1153/1627/1301
f 1165/1626/1300 1153/1627/1301 1154/1628/1302
f 1135/1629/1303 1144/1630/1304 1134/1625/1299
f 1134/1625/1299 1144/1630/1304 1145/1631/1305
f 1134/1625/1299 1145/1631/1305 1146/1632/1306
f 1136/1633/1307 1142/1634/1308 1135/1629/1303
f 1135/1629/1303 1142/1634/1308 1143/1635/1309
f 1135/1629/1303 1143/1635/1309 1144/1630/1304
f 1137/1636/1310 1139/1637/1311 1136/1633/1307
f 1136/1633/1307 1139/1637/1311 1140/1638/1312
f 1136/1633/1307 1140/1638/1312 1141/1639/1313
f 1137/1636/1310 1138/1640/1314 1139/1637/1311
f 1141/1639/1313 1142/1634/1308 1136/1633/1307
f 1146/1632/1306 1147/1641/1315 1134/1625/1299
f 1134/1625/1299 1147/1641/1315 1152/1642/1316
f 1134/1625/1299 1152/1642/1316 1153/1627/1301
f 1147/1641/1315 1148/1643/1317 1152/1642/1316
f 1152/1642/1316 1148/1643/1317 1151/1644/1318
f 1151/1644/1318 1148/1643/1317 1149/1645/1319
f 1151/1644/1318 1149/1645/1319 1150/1646/1320
f 1154/1628/1302 1155/1647/1321 1165/1626/1300
f 1165/1626/1300 1155/1647/1321 1164/1648/1322
f 1164/1648/1322 1155/1647/1321 1156/1649/1323
f 1164/1648/1322 1156/1649/1323 1157/1650/1324
f 1164/1648/1322 1157/1650/1324 1163/1651/1325
f 1163/1651/1325 1157/1650/1324 1158/1652/1326
f 1163/1651/1325 1158/1652/1326 1159/1653/1327
f 1159/1653/1327 1160/1654/1328 1163/1651/1325
f 1163/1651/1325 1160/1654/1328 1162/1655/1329
f 1162/1655/1329 1160/1654/1328 1161/1656/1330
f 1170/1657/1331 1553/1658/1332 1169/1659/1333
f 1169/1659/1333 1553/1658/1332 1215/1660/1334
f 1169/1659/1333 1215/1660/1334 1216/1661/1335
f 1216/1661/1335 1215/1660/1334 1569/1662/1336
f 1216/1661/1335 1569/1662/1336 1568/1663/1337
f 1568/1663/1337 1569/1662/1336 1560/1664/1338
f 1568/1663/1337 1560/1664/1338 1559/1665/1339
f 1559/1665/1339 1560/1664/1338 1550/1666/1340
f 1559/1665/1339 1550/1666/1340 1549/1667/1341
f 1549/1667/1341 1550/1666/1340 1237/1668/1342
f 1549/1667/1341 1237/1668/1342 1236/1669/1343
f 1236/1669/1343 1237/1668/1342 1229/1670/1344
f 1236/1669/1343 1229/1670/1344 1230/1671/1345
f 1230/1671/1345 1229/1670/1344 1538/1672/1346
f 1230/1671/1345 1538/1672/1346 1537/1673/1347
f 1537/1673/1347 1538/1672/1346 1530/1674/1348
f 1537/1673/1347 1530/1674/1348 1529/1675/1349
f 1529/1675/1349 1530/1674/1348 1520/1676/1350
f 1529/1675/1349 1520/1676/1350 1133/1677/1292
f 1133/1677/1292 1520/1676/1350 1251/1678/1351
f 1133/1677/1292 1251/1678/1351 1250/1679/1352
f 1250/1679/1352 1251/1678/1351 1252/1680/1353
f 1250/1679/1352 1252/1680/1353 1249/1681/1354
f 1249/1681/1354 1252/1680/1353 1253/1682/1355
f 1249/1681/1354 1253/1682/1355 1248/1683/1356
f 1248/1683/1356 1253/1682/1355 1254/1684/1357
f 1248/1683/1356 1254/1684/1357 1247/1685/1358
f 1247/1685/1358 1254/1684/1357 1255/1686/1359
f 1247/1685/1358 1255/1686/1359 1246/1687/1360
f 1246/1687/1360 1255/1686/1359 1256/1688/1361
f 1246/1687/1360 1256/1688/1361 1245/1689/1362
f 1245/1689/1362 1256/1688/1361 1257/1690/1363
f 1245/1689/1362 1257/1690/1363 1244/1691/1364
f 1244/1691/1364 1257/1690/1363 1258/1692/1365
f 1244/1691/1364 1258/1692/1365 1243/1693/1366
f 1243/1693/1366 1258/1692/1365 1259/1694/1367
f 1243/1693/1366 1259/1694/1367 1242/1695/1368
f 1242/1695/1368 1259/1694/1367 1171/1696/1369
f 1242/1695/1368 1171/1696/1369 1512/1697/1370
f 1512/1697/1370 1171/1696/1369 1209/1698/1371
f 1512/1697/1370 1209/1698/1371 1511/1699/1372
f 1511/1699/1372 1209/1698/1371 1276/1700/1373
f 1511/1699/1372 1276/1700/1373 1275/1701/1374
f 1275/1701/1374 1276/1700/1373 1262/1702/1375
f 1275/1701/1374 1262/1702/1375 1263/1703/1376
f 1263/1703/1376 1262/1702/1375 1500/1704/1377
f 1263/1703/1376 1500/1704/1377 1499/1705/1378
f 1499/1705/1378 1500/1704/1377 1492/1706/1379
f 1499/1705/1378 1492/1706/1379 1491/1707/1380
f 1491/1707/1380 1492/1706/1379 1482/1708/1381
f 1491/1707/1380 1482/1708/1381 1481/1709/1382
f 1481/1709/1382 1482/1708/1381 1289/1710/1383
f 1481/1709/1382 1289/1710/1383 1288/1711/1384
f 1288/1711/1384 1289/1710/1383 1285/1712/1385
f 1288/1711/1384 1285/1712/1385 1286/1713/1386
f 1286/1713/1386 1285/1712/1385 1206/1714/1387
f 1286/1713/1386 1206/1714/1387 1135/1715/1303
f 1135/1715/1303 1206/1714/1387 1463/1716/1388
f 1135/1715/1303 1463/1716/1388 1136/1717/1307
f 1136/1717/1307 1463/1716/1388 1454/1718/1389
f 1136/1717/1307 1454/1718/1389 1303/1719/1390
f 1303/1719/1390 1454/1718/1389 1455/1720/1391
f 1303/1719/1390 1455/1720/1391 1304/1721/1392
f 1304/1721/1392 1455/1720/1391 1456/1722/1393
f 1304/1721/1392 1456/1722/1393 1305/1723/1394
f 1305/1723/1394 1456/1722/1393 1457/1724/1395
f 1305/1723/1394 1457/1724/1395 1306/1725/1396
f 1306/1725/1396 1457/1724/1395 1458/1726/1397
f 1306/1725/1396 1458/1726/1397 1307/1727/1398
f 1307/1727/1398 1458/1726/1397 1459/1728/1399
f 1307/1727/1398 1459/1728/1399 1308/1729/1400
f 1308/1729/1400 1459/1728/1399 1460/1730/1401
f 1308/1729/1400 1460/1730/1401 1309/1731/1402
f 1309/1731/1402 1460/1730/1401 1461/1732/1403
f 1309/1731/1402 1461/1732/1403 1310/1733/1404
f 1310/1733/1404 1461/1732/1403 1205/1734/1405
f 1310/1733/1404 1205/1734/1405 1311/1735/1406
f 1311/1735/1406 1205/1734/1405 1174/1736/1407
f 1311/1735/1406 1174/1736/1407 1203/1737/1408
f 1203/1737/1408 1174/1736/1407 1175/1738/1409
f 1203/1737/1408 1175/1738/1409 1329/1739/1410
f 1329/1739/1410 1175/1738/1409 1312/1740/1411
f 1329/1739/1410 1312/1740/1411 1313/1741/1412
f 1313/1741/1412 1312/1740/1411 1346/1742/1413
f 1313/1741/1412 1346/1742/1413 1345/1743/1414
f 1345/1743/1414 1346/1742/1413 1332/1744/1415
f 1345/1743/1414 1332/1744/1415 1333/1745/1416
f 1333/1745/1416 1332/1744/1415 1351/1746/1417
f 1333/1745/1416 1351/1746/1417 1352/1747/1418
f 1352/1747/1418 1351/1746/1417 1361/1748/1419
f 1352/1747/1418 1361/1748/1419 1362/1749/1420
f 1362/1749/1420 1361/1748/1419 1371/1750/1421
f 1362/1749/1420 1371/1750/1421 1372/1751/1422
f 1372/1751/1422 1371/1750/1421 1381/1752/1423
f 1372/1751/1422 1381/1752/1423 1382/1753/1424
f 1382/1753/1424 1381/1752/1423 1391/1754/1425
f 1382/1753/1424 1391/1754/1425 1392/1755/1426
f 1392/1755/1426 1391/1754/1425 1202/1756/1427
f 1392/1755/1426 1202/1756/1427 1143/1757/1309
f 1143/1757/1309 1202/1756/1427 1144/1758/1304
f 1144/1758/1304 1202/1756/1427 1402/1759/1428
f 1144/1758/1304 1402/1759/1428 1401/1760/1429
f 1401/1760/1429 1402/1759/1428 1403/1761/1430
f 1401/1760/1429 1403/1761/1430 1400/1762/1431
f 1400/1762/1431 1403/1761/1430 1404/1763/1432
f 1400/1762/1431 1404/1763/1432 1399/1764/1433
f 1399/1764/1433 1404/1763/1432 1405/1765/1434
f 1399/1764/1433 1405/1765/1434 1398/1766/1435
f 1398/1766/1435 1405/1765/1434 1406/1767/1436
f 1398/1766/1435 1406/1767/1436 1397/1768/1437
f 1397/1768/1437 1406/1767/1436 1407/1769/1438
f 1397/1768/1437 1407/1769/1438 1396/1770/1439
f 1396/1770/1439 1407/1769/1438 1408/1771/1440
f 1396/1770/1439 1408/1771/1440 1395/1772/1441
f 1395/1772/1441 1408/1771/1440 1409/1773/1442
f 1395/1772/1441 1409/1773/1442 1394/1774/1443
f 1394/1774/1443 1409/1773/1442 1410/1775/1444
f 1394/1774/1443 1410/1775/1444 1393/1776/1445
f 1393/1776/1445 1410/1775/1444 1182/1777/1446
f 1393/1776/1445 1182/1777/1446 1183/1778/1447
f 1171/1696/1369 1528/1779/1448 1170/1657/1331
f 1170/1657/1331 1528/1779/1448 1544/1780/1449
f 1170/1657/1331 1544/1780/1449 1224/1781/1450
f 1224/1781/1450 1544/1780/1449 1543/1782/1451
f 1224/1781/1450 1543/1782/1451 1225/1783/1452
f 1225/1783/1452 1543/1782/1451 1542/1784/1453
f 1225/1783/1452 1542/1784/1453 1226/1785/1454
f 1226/1785/1454 1542/1784/1453 1541/1786/1455
f 1226/1785/1454 1541/1786/1455 1227/1787/1456
f 1227/1787/1456 1541/1786/1455 1540/1788/1457
f 1227/1787/1456 1540/1788/1457 1228/1789/1458
f 1228/1789/1458 1540/1788/1457 1539/1790/1459
f 1228/1789/1458 1539/1790/1459 1229/1670/1344
f 1229/1670/1344 1539/1790/1459 1538/1672/1346
f 1171/1696/1369 1172/1791/1460 1209/1698/1371
f 1209/1698/1371 1172/1791/1460 1277/1792/1461
f 1209/1698/1371 1277/1792/1461 1276/1700/1373
f 1276/1700/1373 1277/1792/1461 1261/1793/1462
f 1276/1700/1373 1261/1793/1462 1262/1702/1375
f 1262/1702/1375 1261/1793/1462 1501/1794/1463
f 1262/1702/1375 1501/1794/1463 1500/1704/1377
f 1500/1704/1377 1501/1794/1463 1493/1795/1464
f 1500/1704/1377 1493/1795/1464 1492/1706/1379
f 1492/1706/1379 1493/1795/1464 1483/1796/1465
f 1492/1706/1379 1483/1796/1465 1482/1708/1381
f 1482/1708/1381 1483/1796/1465 1290/1797/1466
f 1482/1708/1381 1290/1797/1466 1289/1710/1383
f 1289/1710/1383 1290/1797/1466 1284/1798/1467
f 1289/1710/1383 1284/1798/1467 1285/1712/1385
f 1285/1712/1385 1284/1798/1467 1471/1799/1468
f 1285/1712/1385 1471/1799/1468 1206/1714/1387
f 1206/1714/1387 1471/1799/1468 1463/1716/1388
f 1173/1800/1469 1487/1801/1470 1172/1791/1460
f 1172/1791/1460 1487/1801/1470 1503/1802/1471
f 1172/1791/1460 1503/1802/1471 1260/1803/1472
f 1260/1803/1472 1503/1802/1471 1502/1804/1473
f 1260/1803/1472 1502/1804/1473 1261/1793/1462
f 1261/1793/1462 1502/1804/1473 1501/1794/1463
f 1174/1736/1407 1462/1805/1474 1173/1800/1469
f 1173/1800/1469 1462/1805/1474 1478/1806/1475
f 1173/1800/1469 1478/1806/1475 1278/1807/1476
f 1278/1807/1476 1478/1806/1475 1477/1808/1477
f 1278/1807/1476 1477/1808/1477 1279/1809/1478
f 1279/1809/1478 1477/1808/1477 1476/1810/1479
f 1279/1809/1478 1476/1810/1479 1280/1811/1480
f 1280/1811/1480 1476/1810/1479 1475/1812/1481
f 1280/1811/1480 1475/1812/1481 1281/1813/1482
f 1281/1813/1482 1475/1812/1481 1474/1814/1483
f 1281/1813/1482 1474/1814/1483 1282/1815/1484
f 1282/1815/1484 1474/1814/1483 1473/1816/1485
f 1282/1815/1484 1473/1816/1485 1283/1817/1486
f 1283/1817/1486 1473/1816/1485 1472/1818/1487
f 1283/1817/1486 1472/1818/1487 1284/1798/1467
f 1284/1798/1467 1472/1818/1487 1471/1799/1468
f 1175/1738/1409 1176/1819/1488 1312/1740/1411
f 1312/1740/1411 1176/1819/1488 1347/1820/1489
f 1312/1740/1411 1347/1820/1489 1346/1742/1413
f 1346/1742/1413 1347/1820/1489 1331/1821/1490
f 1346/1742/1413 1331/1821/1490 1332/1744/1415
f 1332/1744/1415 1331/1821/1490 1350/1822/1491
f 1332/1744/1415 1350/1822/1491 1351/1746/1417
f 1351/1746/1417 1350/1822/1491 1360/1823/1492
f 1351/1746/1417 1360/1823/1492 1361/1748/1419
f 1361/1748/1419 1360/1823/1492 1370/1824/1493
f 1361/1748/1419 1370/1824/1493 1371/1750/1421
f 1371/1750/1421 1370/1824/1493 1380/1825/1494
f 1371/1750/1421 1380/1825/1494 1381/1752/1423
f 1381/1752/1423 1380/1825/1494 1390/1826/1495
f 1381/1752/1423 1390/1826/1495 1391/1754/1425
f 1391/1754/1425 1390/1826/1495 1447/1827/1496
f 1391/1754/1425 1447/1827/1496 1202/1756/1427
f 1202/1756/1427 1447/1827/1496 1402/1759/1428
f 1347/1820/1489 1176/1819/1488 1330/1828/1497
f 1330/1828/1497 1176/1819/1488 1177/1829/1498
f 1330/1828/1497 1177/1829/1498 1348/1830/1499
f 1348/1830/1499 1177/1829/1498 1178/1831/1500
f 1348/1830/1499 1178/1831/1500 1357/1832/1501
f 1357/1832/1501 1178/1831/1500 1179/1833/1502
f 1357/1832/1501 1179/1833/1502 1366/1834/1503
f 1366/1834/1503 1179/1833/1502 1180/1835/1504
f 1366/1834/1503 1180/1835/1504 1375/1836/1505
f 1375/1836/1505 1180/1835/1504 1181/1837/1506
f 1375/1836/1505 1181/1837/1506 1384/1838/1507
f 1384/1838/1507 1181/1837/1506 1201/1839/1508
f 1384/1838/1507 1201/1839/1508 1453/1840/1509
f 1453/1840/1509 1201/1839/1508 1409/1773/1442
f 1453/1840/1509 1409/1773/1442 1408/1771/1440
f 1181/1837/1506 1182/1777/1446 1201/1839/1508
f 1201/1839/1508 1182/1777/1446 1410/1775/1444
f 1201/1839/1508 1410/1775/1444 1409/1773/1442
f 1393/1776/1445 1183/1778/1447 1411/1841/1510
f 1411/1841/1510 1183/1778/1447 1184/1842/1511
f 1411/1841/1510 1184/1842/1511 1420/1843/1512
f 1420/1843/1512 1184/1842/1511 1185/1844/1513
f 1420/1843/1512 1185/1844/1513 1429/1845/1514
f 1429/1845/1514 1185/1844/1513 1186/1846/1515
f 1429/1845/1514 1186/1846/1515 1438/1847/1516
f 1438/1847/1516 1186/1846/1515 1187/1848/1517
f 1438/1847/1516 1187/1848/1517 1188/1849/1518
f 1189/1850/1519 1440/1851/1520 1188/1849/1518
f 1188/1849/1518 1440/1851/1520 1439/1852/1521
f 1188/1849/1518 1439/1852/1521 1438/1847/1516
f 1438/1847/1516 1439/1852/1521 1429/1845/1514
f 1440/1851/1520 1189/1850/1519 1441/1853/1522
f 1441/1853/1522 1189/1850/1519 1190/1854/1523
f 1441/1853/1522 1190/1854/1523 1442/1855/1524
f 1442/1855/1524 1190/1854/1523 1443/1856/1525
f 1442/1855/1524 1443/1856/1525 1433/1857/1526
f 1433/1857/1526 1443/1856/1525 1434/1858/1527
f 1433/1857/1526 1434/1858/1527 1424/1859/1528
f 1424/1859/1528 1434/1858/1527 1425/1860/1529
f 1424/1859/1528 1425/1860/1529 1415/1861/1530
f 1415/1861/1530 1425/1860/1529 1416/1862/1531
f 1415/1861/1530 1416/1862/1531 1397/1768/1437
f 1397/1768/1437 1416/1862/1531 1398/1766/1435
f 1190/1854/1523 1191/1863/1532 1443/1856/1525
f 1443/1856/1525 1191/1863/1532 1444/1864/1533
f 1443/1856/1525 1444/1864/1533 1434/1858/1527
f 1434/1858/1527 1444/1864/1533 1435/1865/1534
f 1434/1858/1527 1435/1865/1534 1425/1860/1529
f 1425/1860/1529 1435/1865/1534 1426/1866/1535
f 1425/1860/1529 1426/1866/1535 1416/1862/1531
f 1416/1862/1531 1426/1866/1535 1417/1867/1536
f 1416/1862/1531 1417/1867/1536 1398/1766/1435
f 1398/1766/1435 1417/1867/1536 1399/1764/1433
f 1444/1864/1533 1191/1863/1532 1445/1868/1537
f 1445/1868/1537 1191/1863/1532 1192/1869/1538
f 1445/1868/1537 1192/1869/1538 1446/1870/1539
f 1446/1870/1539 1192/1869/1538 1149/1871/1319
f 1446/1870/1539 1149/1871/1319 1148/1872/1317
f 1446/1870/1539 1148/1872/1317 1437/1873/1540
f 1437/1873/1540 1148/1872/1317 1147/1874/1315
f 1437/1873/1540 1147/1874/1315 1428/1875/1541
f 1428/1875/1541 1147/1874/1315 1146/1876/1306
f 1428/1875/1541 1146/1876/1306 1419/1877/1542
f 1419/1877/1542 1146/1876/1306 1145/1878/1305
f 1419/1877/1542 1145/1878/1305 1401/1760/1429
f 1401/1760/1429 1145/1878/1305 1144/1758/1304
f 1392/1755/1426 1143/1757/1309 1383/1879/1543
f 1383/1879/1543 1143/1757/1309 1142/1880/1308
f 1383/1879/1543 1142/1880/1308 1374/1881/1544
f 1374/1881/1544 1142/1880/1308 1141/1882/1313
f 1374/1881/1544 1141/1882/1313 1365/1883/1545
f 1365/1883/1545 1141/1882/1313 1140/1884/1312
f 1365/1883/1545 1140/1884/1312 1356/1885/1546
f 1356/1885/1546 1140/1884/1312 1139/1886/1311
f 1356/1885/1546 1139/1886/1311 1338/1887/1547
f 1338/1887/1547 1139/1886/1311 1138/1888/1314
f 1338/1887/1547 1138/1888/1314 1339/1889/1548
f 1339/1889/1548 1138/1888/1314 1320/1890/1549
f 1339/1889/1548 1320/1890/1549 1319/1891/1550
f 1319/1891/1550 1320/1890/1549 1322/1892/1551
f 1319/1891/1550 1322/1892/1551 1323/1893/1552
f 1323/1893/1552 1322/1892/1551 1301/1894/1553
f 1323/1893/1552 1301/1894/1553 1300/1895/1554
f 1300/1895/1554 1301/1894/1553 1306/1725/1396
f 1300/1895/1554 1306/1725/1396 1307/1727/1398
f 1138/1888/1314 1137/1896/1310 1320/1890/1549
f 1320/1890/1549 1137/1896/1310 1321/1897/1555
f 1320/1890/1549 1321/1897/1555 1322/1892/1551
f 1322/1892/1551 1321/1897/1555 1302/1898/1556
f 1322/1892/1551 1302/1898/1556 1301/1894/1553
f 1301/1894/1553 1302/1898/1556 1305/1723/1394
f 1301/1894/1553 1305/1723/1394 1306/1725/1396
f 1321/1897/1555 1137/1896/1310 1204/1899/1557
f 1204/1899/1557 1137/1896/1310 1136/1717/1307
f 1204/1899/1557 1136/1717/1307 1303/1719/1390
f 1134/1900/1299 1488/1901/1558 1135/1715/1303
f 1135/1715/1303 1488/1901/1558 1479/1902/1559
f 1135/1715/1303 1479/1902/1559 1287/1903/1560
f 1287/1903/1560 1479/1902/1559 1480/1904/1561
f 1287/1903/1560 1480/1904/1561 1288/1711/1384
f 1288/1711/1384 1480/1904/1561 1481/1709/1382
f 1133/1677/1292 1504/1905/1562 1134/1900/1299
f 1134/1900/1299 1504/1905/1562 1269/1906/1563
f 1134/1900/1299 1269/1906/1563 1268/1907/1564
f 1268/1907/1564 1269/1906/1563 1270/1908/1565
f 1268/1907/1564 1270/1908/1565 1267/1909/1566
f 1267/1909/1566 1270/1908/1565 1271/1910/1567
f 1267/1909/1566 1271/1910/1567 1266/1911/1568
f 1266/1911/1568 1271/1910/1567 1272/1912/1569
f 1266/1911/1568 1272/1912/1569 1265/1913/1570
f 1265/1913/1570 1272/1912/1569 1273/1914/1571
f 1265/1913/1570 1273/1914/1571 1264/1915/1572
f 1264/1915/1572 1273/1914/1571 1274/1916/1573
f 1264/1915/1572 1274/1916/1573 1263/1703/1376
f 1263/1703/1376 1274/1916/1573 1275/1701/1374
f 1133/1677/1292 1132/1917/1291 1529/1675/1349
f 1529/1675/1349 1132/1917/1291 1212/1918/1574
f 1529/1675/1349 1212/1918/1574 1537/1673/1347
f 1537/1673/1347 1212/1918/1574 1231/1919/1575
f 1537/1673/1347 1231/1919/1575 1230/1671/1345
f 1230/1671/1345 1231/1919/1575 1235/1920/1576
f 1230/1671/1345 1235/1920/1576 1236/1669/1343
f 1236/1669/1343 1235/1920/1576 1548/1921/1577
f 1236/1669/1343 1548/1921/1577 1549/1667/1341
f 1549/1667/1341 1548/1921/1577 1558/1922/1578
f 1549/1667/1341 1558/1922/1578 1559/1665/1339
f 1559/1665/1339 1558/1922/1578 1567/1923/1579
f 1559/1665/1339 1567/1923/1579 1568/1663/1337
f 1568/1663/1337 1567/1923/1579 1217/1924/1580
f 1568/1663/1337 1217/1924/1580 1216/1661/1335
f 1216/1661/1335 1217/1924/1580 1200/1925/1581
f 1216/1661/1335 1200/1925/1581 1169/1659/1333
f 1131/1926/1289 1554/1927/1582 1132/1917/1291
f 1132/1917/1291 1554/1927/1582 1545/1928/1583
f 1132/1917/1291 1545/1928/1583 1233/1929/1584
f 1233/1929/1584 1545/1928/1583 1546/1930/1585
f 1233/1929/1584 1546/1930/1585 1234/1931/1586
f 1234/1931/1586 1546/1930/1585 1547/1932/1587
f 1234/1931/1586 1547/1932/1587 1235/1920/1576
f 1235/1920/1576 1547/1932/1587 1548/1921/1577
f 1130/1933/1295 1193/1934/1588 1131/1926/1289
f 1131/1926/1289 1193/1934/1588 1194/1935/1589
f 1131/1926/1289 1194/1935/1589 1223/1936/1590
f 1223/1936/1590 1194/1935/1589 1195/1937/1591
f 1223/1936/1590 1195/1937/1591 1222/1938/1592
f 1222/1938/1592 1195/1937/1591 1221/1939/1593
f 1222/1938/1592 1221/1939/1593 1563/1940/1594
f 1563/1940/1594 1221/1939/1593 1564/1941/1595
f 1563/1940/1594 1564/1941/1595 1555/1942/1596
f 1555/1942/1596 1564/1941/1595 1556/1943/1597
f 1555/1942/1596 1556/1943/1597 1546/1930/1585
f 1546/1930/1585 1556/1943/1597 1547/1932/1587
f 1195/1937/1591 1196/1944/1598 1221/1939/1593
f 1221/1939/1593 1196/1944/1598 1220/1945/1599
f 1221/1939/1593 1220/1945/1599 1564/1941/1595
f 1564/1941/1595 1220/1945/1599 1565/1946/1600
f 1564/1941/1595 1565/1946/1600 1556/1943/1597
f 1556/1943/1597 1565/1946/1600 1557/1947/1601
f 1556/1943/1597 1557/1947/1601 1547/1932/1587
f 1547/1932/1587 1557/1947/1601 1548/1921/1577
f 1196/1944/1598 1197/1948/1602 1220/1945/1599
f 1220/1945/1599 1197/1948/1602 1219/1949/1603
f 1220/1945/1599 1219/1949/1603 1565/1946/1600
f 1565/1946/1600 1219/1949/1603 1566/1950/1604
f 1565/1946/1600 1566/1950/1604 1557/1947/1601
f 1557/1947/1601 1566/1950/1604 1558/1922/1578
f 1557/1947/1601 1558/1922/1578 1548/1921/1577
f 1197/1948/1602 1198/1951/1605 1219/1949/1603
f 1219/1949/1603 1198/1951/1605 1218/1952/1606
f 1219/1949/1603 1218/1952/1606 1566/1950/1604
f 1566/1950/1604 1218/1952/1606 1567/1923/1579
f 1566/1950/1604 1567/1923/1579 1558/1922/1578
f 1198/1951/1605 1199/1953/1607 1218/1952/1606
f 1218/1952/1606 1199/1953/1607 1217/1924/1580
f 1218/1952/1606 1217/1924/1580 1567/1923/1579
f 1199/1953/1607 1200/1925/1581 1217/1924/1580
f 1462/1805/1474 1174/1736/1407 1205/1734/1405
f 1207/1954/1608 1173/1800/1469 1295/1955/1609
f 1295/1955/1609 1173/1800/1469 1278/1807/1476
f 1295/1955/1609 1278/1807/1476 1279/1809/1478
f 1134/1900/1299 1268/1907/1564 1208/1956/1610
f 1208/1956/1610 1268/1907/1564 1267/1909/1566
f 1208/1956/1610 1267/1909/1566 1496/1957/1611
f 1496/1957/1611 1267/1909/1566 1266/1911/1568
f 1496/1957/1611 1266/1911/1568 1497/1958/1612
f 1497/1958/1612 1266/1911/1568 1265/1913/1570
f 1497/1958/1612 1265/1913/1570 1498/1959/1613
f 1498/1959/1613 1265/1913/1570 1264/1915/1572
f 1498/1959/1613 1264/1915/1572 1499/1705/1378
f 1499/1705/1378 1264/1915/1572 1263/1703/1376
f 1133/1677/1292 1250/1679/1352 1210/1960/1614
f 1210/1960/1614 1250/1679/1352 1249/1681/1354
f 1210/1960/1614 1249/1681/1354 1513/1961/1615
f 1513/1961/1615 1249/1681/1354 1248/1683/1356
f 1513/1961/1615 1248/1683/1356 1514/1962/1616
f 1514/1962/1616 1248/1683/1356 1247/1685/1358
f 1514/1962/1616 1247/1685/1358 1515/1963/1617
f 1515/1963/1617 1247/1685/1358 1246/1687/1360
f 1515/1963/1617 1246/1687/1360 1516/1964/1618
f 1516/1964/1618 1246/1687/1360 1245/1689/1362
f 1516/1964/1618 1245/1689/1362 1517/1965/1619
f 1517/1965/1619 1245/1689/1362 1244/1691/1364
f 1517/1965/1619 1244/1691/1364 1518/1966/1620
f 1518/1966/1620 1244/1691/1364 1243/1693/1366
f 1518/1966/1620 1243/1693/1366 1519/1967/1621
f 1519/1967/1621 1243/1693/1366 1242/1695/1368
f 1519/1967/1621 1242/1695/1368 1512/1697/1370
f 1171/1696/1369 1259/1694/1367 1211/1968/1622
f 1211/1968/1622 1259/1694/1367 1258/1692/1365
f 1211/1968/1622 1258/1692/1365 1527/1969/1623
f 1527/1969/1623 1258/1692/1365 1257/1690/1363
f 1527/1969/1623 1257/1690/1363 1526/1970/1624
f 1526/1970/1624 1257/1690/1363 1256/1688/1361
f 1526/1970/1624 1256/1688/1361 1525/1971/1625
f 1525/1971/1625 1256/1688/1361 1255/1686/1359
f 1525/1971/1625 1255/1686/1359 1524/1972/1626
f 1524/1972/1626 1255/1686/1359 1254/1684/1357
f 1524/1972/1626 1254/1684/1357 1523/1973/1627
f 1523/1973/1627 1254/1684/1357 1253/1682/1355
f 1523/1973/1627 1253/1682/1355 1522/1974/1628
f 1522/1974/1628 1253/1682/1355 1252/1680/1353
f 1522/1974/1628 1252/1680/1353 1521/1975/1629
f 1521/1975/1629 1252/1680/1353 1251/1678/1351
f 1521/1975/1629 1251/1678/1351 1520/1676/1350
f 1212/1918/1574 1132/1917/1291 1232/1976/1630
f 1232/1976/1630 1132/1917/1291 1233/1929/1584
f 1232/1976/1630 1233/1929/1584 1234/1931/1586
f 1213/1977/1631 1170/1657/1331 1241/1978/1632
f 1241/1978/1632 1170/1657/1331 1224/1781/1450
f 1241/1978/1632 1224/1781/1450 1225/1783/1452
f 1131/1926/1289 1223/1936/1590 1214/1979/1633
f 1214/1979/1633 1223/1936/1590 1222/1938/1592
f 1214/1979/1633 1222/1938/1592 1563/1940/1594
f 1131/1926/1289 1214/1979/1633 1554/1927/1582
f 1554/1927/1582 1214/1979/1633 1563/1940/1594
f 1554/1927/1582 1563/1940/1594 1555/1942/1596
f 1225/1783/1452 1226/1785/1454 1240/1980/1634
f 1240/1980/1634 1226/1785/1454 1239/1981/1635
f 1240/1980/1634 1239/1981/1635 1552/1982/1636
f 1552/1982/1636 1239/1981/1635 1551/1983/1637
f 1552/1982/1636 1551/1983/1637 1561/1984/1638
f 1561/1984/1638 1551/1983/1637 1560/1664/1338
f 1561/1984/1638 1560/1664/1338 1569/1662/1336
f 1226/1785/1454 1227/1787/1456 1239/1981/1635
f 1239/1981/1635 1227/1787/1456 1238/1985/1639
f 1239/1981/1635 1238/1985/1639 1551/1983/1637
f 1551/1983/1637 1238/1985/1639 1550/1666/1340
f 1551/1983/1637 1550/1666/1340 1560/1664/1338
f 1227/1787/1456 1228/1789/1458 1238/1985/1639
f 1238/1985/1639 1228/1789/1458 1237/1668/1342
f 1238/1985/1639 1237/1668/1342 1550/1666/1340
f 1228/1789/1458 1229/1670/1344 1237/1668/1342
f 1234/1931/1586 1235/1920/1576 1231/1919/1575
f 1212/1918/1574 1232/1976/1630 1231/1919/1575
f 1231/1919/1575 1232/1976/1630 1234/1931/1586
f 1213/1977/1631 1241/1978/1632 1240/1980/1634
f 1240/1980/1634 1241/1978/1632 1225/1783/1452
f 1213/1977/1631 1240/1980/1634 1552/1982/1636
f 1170/1657/1331 1213/1977/1631 1562/1986/1640
f 1562/1986/1640 1213/1977/1631 1552/1982/1636
f 1562/1986/1640 1552/1982/1636 1561/1984/1638
f 1133/1677/1292 1210/1960/1614 1504/1905/1562
f 1504/1905/1562 1210/1960/1614 1513/1961/1615
f 1504/1905/1562 1513/1961/1615 1505/1987/1641
f 1505/1987/1641 1513/1961/1615 1514/1962/1616
f 1505/1987/1641 1514/1962/1616 1506/1988/1642
f 1506/1988/1642 1514/1962/1616 1515/1963/1617
f 1506/1988/1642 1515/1963/1617 1507/1989/1643
f 1507/1989/1643 1515/1963/1617 1516/1964/1618
f 1507/1989/1643 1516/1964/1618 1508/1990/1644
f 1508/1990/1644 1516/1964/1618 1517/1965/1619
f 1508/1990/1644 1517/1965/1619 1509/1991/1645
f 1509/1991/1645 1517/1965/1619 1518/1966/1620
f 1509/1991/1645 1518/1966/1620 1510/1992/1646
f 1510/1992/1646 1518/1966/1620 1519/1967/1621
f 1510/1992/1646 1519/1967/1621 1511/1699/1372
f 1511/1699/1372 1519/1967/1621 1512/1697/1370
f 1171/1696/1369 1211/1968/1622 1528/1779/1448
f 1528/1779/1448 1211/1968/1622 1527/1969/1623
f 1528/1779/1448 1527/1969/1623 1536/1993/1647
f 1536/1993/1647 1527/1969/1623 1526/1970/1624
f 1536/1993/1647 1526/1970/1624 1535/1994/1648
f 1535/1994/1648 1526/1970/1624 1525/1971/1625
f 1535/1994/1648 1525/1971/1625 1534/1995/1649
f 1534/1995/1649 1525/1971/1625 1524/1972/1626
f 1534/1995/1649 1524/1972/1626 1533/1996/1650
f 1533/1996/1650 1524/1972/1626 1523/1973/1627
f 1533/1996/1650 1523/1973/1627 1532/1997/1651
f 1532/1997/1651 1523/1973/1627 1522/1974/1628
f 1532/1997/1651 1522/1974/1628 1531/1998/1652
f 1531/1998/1652 1522/1974/1628 1521/1975/1629
f 1531/1998/1652 1521/1975/1629 1530/1674/1348
f 1530/1674/1348 1521/1975/1629 1520/1676/1350
f 1172/1791/1460 1260/1803/1472 1277/1792/1461
f 1277/1792/1461 1260/1803/1472 1261/1793/1462
f 1134/1900/1299 1208/1956/1610 1488/1901/1558
f 1488/1901/1558 1208/1956/1610 1496/1957/1611
f 1488/1901/1558 1496/1957/1611 1489/1999/1653
f 1489/1999/1653 1496/1957/1611 1497/1958/1612
f 1489/1999/1653 1497/1958/1612 1490/2000/1654
f 1490/2000/1654 1497/1958/1612 1498/1959/1613
f 1490/2000/1654 1498/1959/1613 1491/1707/1380
f 1491/1707/1380 1498/1959/1613 1499/1705/1378
f 1504/1905/1562 1505/1987/1641 1269/1906/1563
f 1269/1906/1563 1505/1987/1641 1270/1908/1565
f 1505/1987/1641 1506/1988/1642 1270/1908/1565
f 1270/1908/1565 1506/1988/1642 1271/1910/1567
f 1506/1988/1642 1507/1989/1643 1271/1910/1567
f 1271/1910/1567 1507/1989/1643 1272/1912/1569
f 1507/1989/1643 1508/1990/1644 1272/1912/1569
f 1272/1912/1569 1508/1990/1644 1273/1914/1571
f 1508/1990/1644 1509/1991/1645 1273/1914/1571
f 1273/1914/1571 1509/1991/1645 1274/1916/1573
f 1509/1991/1645 1510/1992/1646 1274/1916/1573
f 1274/1916/1573 1510/1992/1646 1275/1701/1374
f 1510/1992/1646 1511/1699/1372 1275/1701/1374
f 1279/1809/1478 1280/1811/1480 1294/2001/1655
f 1294/2001/1655 1280/1811/1480 1293/2002/1656
f 1294/2001/1655 1293/2002/1656 1486/2003/1657
f 1486/2003/1657 1293/2002/1656 1485/2004/1658
f 1486/2003/1657 1485/2004/1658 1495/2005/1659
f 1495/2005/1659 1485/2004/1658 1494/2006/1660
f 1495/2005/1659 1494/2006/1660 1502/1804/1473
f 1502/1804/1473 1494/2006/1660 1501/1794/1463
f 1280/1811/1480 1281/1813/1482 1293/2002/1656
f 1293/2002/1656 1281/1813/1482 1292/2007/1661
f 1293/2002/1656 1292/2007/1661 1485/2004/1658
f 1485/2004/1658 1292/2007/1661 1484/2008/1662
f 1485/2004/1658 1484/2008/1662 1494/2006/1660
f 1494/2006/1660 1484/2008/1662 1493/1795/1464
f 1494/2006/1660 1493/1795/1464 1501/1794/1463
f 1281/1813/1482 1282/1815/1484 1292/2007/1661
f 1292/2007/1661 1282/1815/1484 1291/2009/1663
f 1292/2007/1661 1291/2009/1663 1484/2008/1662
f 1484/2008/1662 1291/2009/1663 1483/1796/1465
f 1484/2008/1662 1483/1796/1465 1493/1795/1464
f 1282/1815/1484 1283/1817/1486 1291/2009/1663
f 1291/2009/1663 1283/1817/1486 1290/1797/1466
f 1291/2009/1663 1290/1797/1466 1483/1796/1465
f 1283/1817/1486 1284/1798/1467 1290/1797/1466
f 1287/1903/1560 1288/1711/1384 1286/1713/1386
f 1135/1715/1303 1287/1903/1560 1286/1713/1386
f 1207/1954/1608 1295/1955/1609 1294/2001/1655
f 1294/2001/1655 1295/1955/1609 1279/1809/1478
f 1207/1954/1608 1294/2001/1655 1486/2003/1657
f 1173/1800/1469 1207/1954/1608 1487/1801/1470
f 1487/1801/1470 1207/1954/1608 1486/2003/1657
f 1487/1801/1470 1486/2003/1657 1495/2005/1659
f 1310/1733/1404 1311/1735/1406 1296/2010/1664
f 1296/2010/1664 1311/1735/1406 1203/1737/1408
f 1296/2010/1664 1203/1737/1408 1328/2011/1665
f 1328/2011/1665 1203/1737/1408 1329/1739/1410
f 1328/2011/1665 1329/1739/1410 1313/1741/1412
f 1309/1731/1402 1310/1733/1404 1297/2012/1666
f 1297/2012/1666 1310/1733/1404 1296/2010/1664
f 1297/2012/1666 1296/2010/1664 1327/2013/1667
f 1327/2013/1667 1296/2010/1664 1328/2011/1665
f 1327/2013/1667 1328/2011/1665 1314/2014/1668
f 1314/2014/1668 1328/2011/1665 1313/1741/1412
f 1314/2014/1668 1313/1741/1412 1345/1743/1414
f 1308/1729/1400 1309/1731/1402 1298/2015/1669
f 1298/2015/1669 1309/1731/1402 1297/2012/1666
f 1298/2015/1669 1297/2012/1666 1326/2016/1670
f 1326/2016/1670 1297/2012/1666 1327/2013/1667
f 1326/2016/1670 1327/2013/1667 1315/2017/1671
f 1315/2017/1671 1327/2013/1667 1314/2014/1668
f 1315/2017/1671 1314/2014/1668 1344/2018/1672
f 1344/2018/1672 1314/2014/1668 1345/1743/1414
f 1344/2018/1672 1345/1743/1414 1333/1745/1416
f 1307/1727/1398 1308/1729/1400 1299/2019/1673
f 1299/2019/1673 1308/1729/1400 1298/2015/1669
f 1299/2019/1673 1298/2015/1669 1325/2020/1674
f 1325/2020/1674 1298/2015/1669 1326/2016/1670
f 1325/2020/1674 1326/2016/1670 1316/2021/1675
f 1316/2021/1675 1326/2016/1670 1315/2017/1671
f 1316/2021/1675 1315/2017/1671 1343/2022/1676
f 1343/2022/1676 1315/2017/1671 1344/2018/1672
f 1343/2022/1676 1344/2018/1672 1334/2023/1677
f 1334/2023/1677 1344/2018/1672 1333/1745/1416
f 1334/2023/1677 1333/1745/1416 1352/1747/1418
f 1307/1727/1398 1299/2019/1673 1300/1895/1554
f 1300/1895/1554 1299/2019/1673 1324/2024/1678
f 1300/1895/1554 1324/2024/1678 1323/1893/1552
f 1323/1893/1552 1324/2024/1678 1318/2025/1679
f 1323/1893/1552 1318/2025/1679 1319/1891/1550
f 1319/1891/1550 1318/2025/1679 1340/2026/1680
f 1319/1891/1550 1340/2026/1680 1339/1889/1548
f 1339/1889/1548 1340/2026/1680 1338/1887/1547
f 1324/2024/1678 1299/2019/1673 1325/2020/1674
f 1304/1721/1392 1305/1723/1394 1302/1898/1556
f 1303/1719/1390 1304/1721/1392 1204/1899/1557
f 1204/1899/1557 1304/1721/1392 1302/1898/1556
f 1204/1899/1557 1302/1898/1556 1321/1897/1555
f 1324/2024/1678 1325/2020/1674 1317/2027/1681
f 1317/2027/1681 1325/2020/1674 1316/2021/1675
f 1317/2027/1681 1316/2021/1675 1342/2028/1682
f 1342/2028/1682 1316/2021/1675 1343/2022/1676
f 1342/2028/1682 1343/2022/1676 1335/2029/1683
f 1335/2029/1683 1343/2022/1676 1334/2023/1677
f 1335/2029/1683 1334/2023/1677 1353/2030/1684
f 1353/2030/1684 1334/2023/1677 1352/1747/1418
f 1353/2030/1684 1352/1747/1418 1362/1749/1420
f 1324/2024/1678 1317/2027/1681 1318/2025/1679
f 1318/2025/1679 1317/2027/1681 1341/2031/1685
f 1318/2025/1679 1341/2031/1685 1340/2026/1680
f 1340/2026/1680 1341/2031/1685 1337/2032/1686
f 1340/2026/1680 1337/2032/1686 1338/1887/1547
f 1338/1887/1547 1337/2032/1686 1356/1885/1546
f 1341/2031/1685 1317/2027/1681 1342/2028/1682
f 1347/1820/1489 1330/1828/1497 1331/1821/1490
f 1331/1821/1490 1330/1828/1497 1349/2033/1687
f 1331/1821/1490 1349/2033/1687 1350/1822/1491
f 1350/1822/1491 1349/2033/1687 1359/2034/1688
f 1350/1822/1491 1359/2034/1688 1360/1823/1492
f 1360/1823/1492 1359/2034/1688 1369/2035/1689
f 1360/1823/1492 1369/2035/1689 1370/1824/1493
f 1370/1824/1493 1369/2035/1689 1379/2036/1690
f 1370/1824/1493 1379/2036/1690 1380/1825/1494
f 1380/1825/1494 1379/2036/1690 1389/2037/1691
f 1380/1825/1494 1389/2037/1691 1390/1826/1495
f 1390/1826/1495 1389/2037/1691 1448/2038/1692
f 1390/1826/1495 1448/2038/1692 1447/1827/1496
f 1447/1827/1496 1448/2038/1692 1403/1761/1430
f 1447/1827/1496 1403/1761/1430 1402/1759/1428
f 1341/2031/1685 1342/2028/1682 1336/2039/1693
f 1336/2039/1693 1342/2028/1682 1335/2029/1683
f 1336/2039/1693 1335/2029/1683 1354/2040/1694
f 1354/2040/1694 1335/2029/1683 1353/2030/1684
f 1354/2040/1694 1353/2030/1684 1363/2041/1695
f 1363/2041/1695 1353/2030/1684 1362/1749/1420
f 1363/2041/1695 1362/1749/1420 1372/1751/1422
f 1341/2031/1685 1336/2039/1693 1337/2032/1686
f 1337/2032/1686 1336/2039/1693 1355/2042/1696
f 1337/2032/1686 1355/2042/1696 1356/1885/1546
f 1356/1885/1546 1355/2042/1696 1365/1883/1545
f 1355/2042/1696 1336/2039/1693 1354/2040/1694
f 1330/1828/1497 1348/1830/1499 1349/2033/1687
f 1349/2033/1687 1348/1830/1499 1358/2043/1697
f 1349/2033/1687 1358/2043/1697 1359/2034/1688
f 1359/2034/1688 1358/2043/1697 1368/2044/1698
f 1359/2034/1688 1368/2044/1698 1369/2035/1689
f 1369/2035/1689 1368/2044/1698 1378/2045/1699
f 1369/2035/1689 1378/2045/1699 1379/2036/1690
f 1379/2036/1690 1378/2045/1699 1388/2046/1700
f 1379/2036/1690 1388/2046/1700 1389/2037/1691
f 1389/2037/1691 1388/2046/1700 1449/2047/1701
f 1389/2037/1691 1449/2047/1701 1448/2038/1692
f 1448/2038/1692 1449/2047/1701 1404/1763/1432
f 1448/2038/1692 1404/1763/1432 1403/1761/1430
f 1355/2042/1696 1354/2040/1694 1364/2048/1702
f 1364/2048/1702 1354/2040/1694 1363/2041/1695
f 1364/2048/1702 1363/2041/1695 1373/2049/1703
f 1373/2049/1703 1363/2041/1695 1372/1751/1422
f 1373/2049/1703 1372/1751/1422 1382/1753/1424
f 1348/1830/1499 1357/1832/1501 1358/2043/1697
f 1358/2043/1697 1357/1832/1501 1367/2050/1704
f 1358/2043/1697 1367/2050/1704 1368/2044/1698
f 1368/2044/1698 1367/2050/1704 1377/2051/1705
f 1368/2044/1698 1377/2051/1705 1378/2045/1699
f 1378/2045/1699 1377/2051/1705 1387/2052/1706
f 1378/2045/1699 1387/2052/1706 1388/2046/1700
f 1388/2046/1700 1387/2052/1706 1450/2053/1707
f 1388/2046/1700 1450/2053/1707 1449/2047/1701
f 1449/2047/1701 1450/2053/1707 1405/1765/1434
f 1449/2047/1701 1405/1765/1434 1404/1763/1432
f 1374/1881/1544 1365/1883/1545 1364/2048/1702
f 1364/2048/1702 1365/1883/1545 1355/2042/1696
f 1374/1881/1544 1364/2048/1702 1373/2049/1703
f 1357/1832/1501 1366/1834/1503 1367/2050/1704
f 1367/2050/1704 1366/1834/1503 1376/2054/1708
f 1367/2050/1704 1376/2054/1708 1377/2051/1705
f 1377/2051/1705 1376/2054/1708 1386/2055/1709
f 1377/2051/1705 1386/2055/1709 1387/2052/1706
f 1387/2052/1706 1386/2055/1709 1451/2056/1710
f 1387/2052/1706 1451/2056/1710 1450/2053/1707
f 1450/2053/1707 1451/2056/1710 1406/1767/1436
f 1450/2053/1707 1406/1767/1436 1405/1765/1434
f 1383/1879/1543 1374/1881/1544 1373/2049/1703
f 1383/1879/1543 1373/2049/1703 1382/1753/1424
f 1366/1834/1503 1375/1836/1505 1376/2054/1708
f 1376/2054/1708 1375/1836/1505 1385/2057/1711
f 1376/2054/1708 1385/2057/1711 1386/2055/1709
f 1386/2055/1709 1385/2057/1711 1452/2058/1712
f 1386/2055/1709 1452/2058/1712 1451/2056/1710
f 1451/2056/1710 1452/2058/1712 1407/1769/1438
f 1451/2056/1710 1407/1769/1438 1406/1767/1436
f 1392/1755/1426 1383/1879/1543 1382/1753/1424
f 1375/1836/1505 1384/1838/1507 1385/2057/1711
f 1385/2057/1711 1384/1838/1507 1453/1840/1509
f 1385/2057/1711 1453/1840/1509 1452/2058/1712
f 1452/2058/1712 1453/1840/1509 1408/1771/1440
f 1452/2058/1712 1408/1771/1440 1407/1769/1438
f 1394/1774/1443 1393/1776/1445 1412/2059/1713
f 1412/2059/1713 1393/1776/1445 1411/1841/1510
f 1412/2059/1713 1411/1841/1510 1421/2060/1714
f 1421/2060/1714 1411/1841/1510 1420/1843/1512
f 1421/2060/1714 1420/1843/1512 1430/2061/1715
f 1430/2061/1715 1420/1843/1512 1429/1845/1514
f 1430/2061/1715 1429/1845/1514 1439/1852/1521
f 1395/1772/1441 1394/1774/1443 1413/2062/1716
f 1413/2062/1716 1394/1774/1443 1412/2059/1713
f 1413/2062/1716 1412/2059/1713 1422/2063/1717
f 1422/2063/1717 1412/2059/1713 1421/2060/1714
f 1422/2063/1717 1421/2060/1714 1431/2064/1718
f 1431/2064/1718 1421/2060/1714 1430/2061/1715
f 1431/2064/1718 1430/2061/1715 1440/1851/1520
f 1440/1851/1520 1430/2061/1715 1439/1852/1521
f 1415/1861/1530 1397/1768/1437 1396/1770/1439
f 1396/1770/1439 1395/1772/1441 1414/2065/1719
f 1414/2065/1719 1395/1772/1441 1413/2062/1716
f 1414/2065/1719 1413/2062/1716 1423/2066/1720
f 1423/2066/1720 1413/2062/1716 1422/2063/1717
f 1423/2066/1720 1422/2063/1717 1432/2067/1721
f 1432/2067/1721 1422/2063/1717 1431/2064/1718
f 1432/2067/1721 1431/2064/1718 1441/1853/1522
f 1441/1853/1522 1431/2064/1718 1440/1851/1520
f 1419/1877/1542 1401/1760/1429 1400/1762/1431
f 1400/1762/1431 1399/1764/1433 1418/2068/1722
f 1418/2068/1722 1399/1764/1433 1417/1867/1536
f 1418/2068/1722 1417/1867/1536 1427/2069/1723
f 1427/2069/1723 1417/1867/1536 1426/1866/1535
f 1427/2069/1723 1426/1866/1535 1436/2070/1724
f 1436/2070/1724 1426/1866/1535 1435/1865/1534
f 1436/2070/1724 1435/1865/1534 1445/1868/1537
f 1445/1868/1537 1435/1865/1534 1444/1864/1533
f 1424/1859/1528 1415/1861/1530 1414/2065/1719
f 1414/2065/1719 1415/1861/1530 1396/1770/1439
f 1424/1859/1528 1414/2065/1719 1423/2066/1720
f 1428/1875/1541 1419/1877/1542 1418/2068/1722
f 1418/2068/1722 1419/1877/1542 1400/1762/1431
f 1428/1875/1541 1418/2068/1722 1427/2069/1723
f 1433/1857/1526 1424/1859/1528 1423/2066/1720
f 1433/1857/1526 1423/2066/1720 1432/2067/1721
f 1437/1873/1540 1428/1875/1541 1427/2069/1723
f 1437/1873/1540 1427/2069/1723 1436/2070/1724
f 1442/1855/1524 1433/1857/1526 1432/2067/1721
f 1442/1855/1524 1432/2067/1721 1441/1853/1522
f 1446/1870/1539 1437/1873/1540 1436/2070/1724
f 1446/1870/1539 1436/2070/1724 1445/1868/1537
f 1455/1720/1391 1454/1718/1389 1464/2071/1725
f 1464/2071/1725 1454/1718/1389 1463/1716/1388
f 1464/2071/1725 1463/1716/1388 1471/1799/1468
f 1456/1722/1393 1455/1720/1391 1465/2072/1726
f 1465/2072/1726 1455/1720/1391 1464/2071/1725
f 1465/2072/1726 1464/2071/1725 1472/1818/1487
f 1472/1818/1487 1464/2071/1725 1471/1799/1468
f 1457/1724/1395 1456/1722/1393 1466/2073/1727
f 1466/2073/1727 1456/1722/1393 1465/2072/1726
f 1466/2073/1727 1465/2072/1726 1473/1816/1485
f 1473/1816/1485 1465/2072/1726 1472/1818/1487
f 1458/1726/1397 1457/1724/1395 1467/2074/1728
f 1467/2074/1728 1457/1724/1395 1466/2073/1727
f 1467/2074/1728 1466/2073/1727 1474/1814/1483
f 1474/1814/1483 1466/2073/1727 1473/1816/1485
f 1459/1728/1399 1458/1726/1397 1468/2075/1729
f 1468/2075/1729 1458/1726/1397 1467/2074/1728
f 1468/2075/1729 1467/2074/1728 1475/1812/1481
f 1475/1812/1481 1467/2074/1728 1474/1814/1483
f 1460/1730/1401 1459/1728/1399 1469/2076/1730
f 1469/2076/1730 1459/1728/1399 1468/2075/1729
f 1469/2076/1730 1468/2075/1729 1476/1810/1479
f 1476/1810/1479 1468/2075/1729 1475/1812/1481
f 1462/1805/1474 1205/1734/1405 1461/1732/1403
f 1461/1732/1403 1460/1730/1401 1470/2077/1731
f 1470/2077/1731 1460/1730/1401 1469/2076/1730
f 1470/2077/1731 1469/2076/1730 1477/1808/1477
f 1477/1808/1477 1469/2076/1730 1476/1810/1479
f 1478/1806/1475 1462/1805/1474 1470/2077/1731
f 1470/2077/1731 1462/1805/1474 1461/1732/1403
f 1478/1806/1475 1470/2077/1731 1477/1808/1477
f 1488/1901/1558 1489/1999/1653 1479/1902/1559
f 1479/1902/1559 1489/1999/1653 1480/1904/1561
f 1489/1999/1653 1490/2000/1654 1480/1904/1561
f 1480/1904/1561 1490/2000/1654 1481/1709/1382
f 1490/2000/1654 1491/1707/1380 1481/1709/1382
f 1503/1802/1471 1487/1801/1470 1495/2005/1659
f 1503/1802/1471 1495/2005/1659 1502/1804/1473
f 1530/1674/1348 1538/1672/1346 1531/1998/1652
f 1531/1998/1652 1538/1672/1346 1539/1790/1459
f 1531/1998/1652 1539/1790/1459 1532/1997/1651
f 1532/1997/1651 1539/1790/1459 1540/1788/1457
f 1532/1997/1651 1540/1788/1457 1533/1996/1650
f 1533/1996/1650 1540/1788/1457 1541/1786/1455
f 1533/1996/1650 1541/1786/1455 1534/1995/1649
f 1534/1995/1649 1541/1786/1455 1542/1784/1453
f 1534/1995/1649 1542/1784/1453 1535/1994/1648
f 1535/1994/1648 1542/1784/1453 1543/1782/1451
f 1535/1994/1648 1543/1782/1451 1536/1993/1647
f 1536/1993/1647 1543/1782/1451 1544/1780/1449
f 1536/1993/1647 1544/1780/1449 1528/1779/1448
f 1555/1942/1596 1546/1930/1585 1545/1928/1583
f 1554/1927/1582 1555/1942/1596 1545/1928/1583
f 1170/1657/1331 1562/1986/1640 1553/1658/1332
f 1553/1658/1332 1562/1986/1640 1561/1984/1638
f 1553/1658/1332 1561/1984/1638 1569/1662/1336
f 1215/1660/1334 1553/1658/1332 1569/1662/1336
f 1079/2078/1274 1168/2079/1288 1080/2080/1732
f 1080/2080/1732 1168/2079/1288 1081/2081/1733
f 1081/2081/1733 1168/2079/1288 1605/2082/1734
f 1081/2081/1733 1605/2082/1734 1606/2083/1735
f 1606/2083/1735 1605/2082/1734 1612/2084/1736
f 1606/2083/1735 1612/2084/1736 1608/2085/1737
f 1608/2085/1737 1612/2084/1736 1968/2086/1738
f 1608/2085/1737 1968/2086/1738 1967/2087/1739
f 1967/2087/1739 1968/2086/1738 1960/2088/1740
f 1967/2087/1739 1960/2088/1740 1959/2089/1741
f 1959/2089/1741 1960/2088/1740 1950/2090/1742
f 1959/2089/1741 1950/2090/1742 1949/2091/1743
f 1949/2091/1743 1950/2090/1742 1630/2092/1744
f 1949/2091/1743 1630/2092/1744 1629/2093/1745
f 1629/2093/1745 1630/2092/1744 1624/2094/1746
f 1629/2093/1745 1624/2094/1746 1625/2095/1747
f 1625/2095/1747 1624/2094/1746 1938/2096/1748
f 1625/2095/1747 1938/2096/1748 1591/2097/1749
f 1591/2097/1749 1938/2096/1748 1930/2098/1750
f 1591/2097/1749 1930/2098/1750 1587/2099/1751
f 1587/2099/1751 1930/2098/1750 1586/2100/1752
f 1586/2100/1752 1930/2098/1750 1921/2101/1753
f 1586/2100/1752 1921/2101/1753 1645/2102/1754
f 1645/2102/1754 1921/2101/1753 1922/2103/1755
f 1645/2102/1754 1922/2103/1755 1646/2104/1756
f 1646/2104/1756 1922/2103/1755 1923/2105/1757
f 1646/2104/1756 1923/2105/1757 1647/2106/1758
f 1647/2106/1758 1923/2105/1757 1924/2107/1759
f 1647/2106/1758 1924/2107/1759 1648/2108/1760
f 1648/2108/1760 1924/2107/1759 1925/2109/1761
f 1648/2108/1760 1925/2109/1761 1649/2110/1762
f 1649/2110/1762 1925/2109/1761 1926/2111/1763
f 1649/2110/1762 1926/2111/1763 1650/2112/1764
f 1650/2112/1764 1926/2111/1763 1927/2113/1765
f 1650/2112/1764 1927/2113/1765 1651/2114/1766
f 1651/2114/1766 1927/2113/1765 1928/2115/1767
f 1651/2114/1766 1928/2115/1767 1652/2116/1768
f 1652/2116/1768 1928/2115/1767 1592/2117/1769
f 1652/2116/1768 1592/2117/1769 1653/2118/1770
f 1653/2118/1770 1592/2117/1769 1166/2119/1298
f 1653/2118/1770 1166/2119/1298 1636/2120/1771
f 1636/2120/1771 1166/2119/1298 1920/2121/1772
f 1636/2120/1771 1920/2121/1772 1919/2122/1773
f 1919/2122/1773 1920/2121/1772 1912/2123/1774
f 1919/2122/1773 1912/2123/1774 1911/2124/1775
f 1911/2124/1775 1912/2123/1774 1902/2125/1776
f 1911/2124/1775 1902/2125/1776 1901/2126/1777
f 1901/2126/1777 1902/2125/1776 1668/2127/1778
f 1901/2126/1777 1668/2127/1778 1667/2128/1779
f 1667/2128/1779 1668/2127/1778 1658/2129/1780
f 1667/2128/1779 1658/2129/1780 1659/2130/1781
f 1659/2130/1781 1658/2129/1780 1890/2131/1782
f 1659/2130/1781 1890/2131/1782 1889/2132/1783
f 1889/2132/1783 1890/2131/1782 1882/2133/1784
f 1889/2132/1783 1882/2133/1784 1881/2134/1785
f 1881/2134/1785 1882/2133/1784 1872/2135/1786
f 1881/2134/1785 1872/2135/1786 1871/2136/1787
f 1871/2136/1787 1872/2135/1786 1681/2137/1788
f 1871/2136/1787 1681/2137/1788 1584/2138/1789
f 1584/2138/1789 1681/2137/1788 1680/2139/1790
f 1584/2138/1789 1680/2139/1790 1597/2140/1791
f 1597/2140/1791 1680/2139/1790 1679/2141/1792
f 1597/2140/1791 1679/2141/1792 1863/2142/1793
f 1863/2142/1793 1679/2141/1792 1678/2143/1794
f 1863/2142/1793 1678/2143/1794 1864/2144/1795
f 1864/2144/1795 1678/2143/1794 1677/2145/1796
f 1864/2144/1795 1677/2145/1796 1865/2146/1797
f 1865/2146/1797 1677/2145/1796 1676/2147/1798
f 1865/2146/1797 1676/2147/1798 1866/2148/1799
f 1866/2148/1799 1676/2147/1798 1675/2149/1800
f 1866/2148/1799 1675/2149/1800 1867/2150/1801
f 1867/2150/1801 1675/2149/1800 1674/2151/1802
f 1867/2150/1801 1674/2151/1802 1868/2152/1803
f 1868/2152/1803 1674/2151/1802 1673/2153/1804
f 1868/2152/1803 1673/2153/1804 1869/2154/1805
f 1869/2154/1805 1673/2153/1804 1672/2155/1806
f 1869/2154/1805 1672/2155/1806 1870/2156/1807
f 1870/2156/1807 1672/2155/1806 1164/2157/1322
f 1870/2156/1807 1164/2157/1322 1854/2158/1808
f 1854/2158/1808 1164/2157/1322 1163/2159/1325
f 1854/2158/1808 1163/2159/1325 1598/2160/1809
f 1598/2160/1809 1163/2159/1325 1707/2161/1810
f 1598/2160/1809 1707/2161/1810 1706/2162/1811
f 1706/2162/1811 1707/2161/1810 1691/2163/1812
f 1706/2162/1811 1691/2163/1812 1692/2164/1813
f 1692/2164/1813 1691/2163/1812 1720/2165/1814
f 1692/2164/1813 1720/2165/1814 1719/2166/1815
f 1719/2166/1815 1720/2165/1814 1710/2167/1816
f 1719/2166/1815 1710/2167/1816 1711/2168/1817
f 1711/2168/1817 1710/2167/1816 1735/2169/1818
f 1711/2168/1817 1735/2169/1818 1734/2170/1819
f 1734/2170/1819 1735/2169/1818 1727/2171/1820
f 1734/2170/1819 1727/2171/1820 1728/2172/1821
f 1728/2172/1821 1727/2171/1820 1746/2173/1822
f 1728/2172/1821 1746/2173/1822 1747/2174/1823
f 1747/2174/1823 1746/2173/1822 1756/2175/1824
f 1747/2174/1823 1756/2175/1824 1757/2176/1825
f 1757/2176/1825 1756/2175/1824 1766/2177/1826
f 1757/2176/1825 1766/2177/1826 1578/2178/1827
f 1578/2178/1827 1766/2177/1826 1577/2179/1828
f 1577/2179/1828 1766/2177/1826 1775/2180/1829
f 1577/2179/1828 1775/2180/1829 1576/2181/1830
f 1576/2181/1830 1775/2180/1829 1784/2182/1831
f 1576/2181/1830 1784/2182/1831 1603/2183/1832
f 1603/2183/1832 1784/2182/1831 1783/2184/1833
f 1603/2183/1832 1783/2184/1833 1839/2185/1834
f 1839/2185/1834 1783/2184/1833 1782/2186/1835
f 1839/2185/1834 1782/2186/1835 1840/2187/1836
f 1840/2187/1836 1782/2186/1835 1781/2188/1837
f 1840/2187/1836 1781/2188/1837 1841/2189/1838
f 1841/2189/1838 1781/2188/1837 1780/2190/1839
f 1841/2189/1838 1780/2190/1839 1842/2191/1840
f 1842/2191/1840 1780/2190/1839 1779/2192/1841
f 1842/2191/1840 1779/2192/1841 1843/2193/1842
f 1843/2193/1842 1779/2192/1841 1778/2194/1843
f 1843/2193/1842 1778/2194/1843 1844/2195/1844
f 1844/2195/1844 1778/2194/1843 1777/2196/1845
f 1844/2195/1844 1777/2196/1845 1845/2197/1846
f 1845/2197/1846 1777/2196/1845 1776/2198/1847
f 1845/2197/1846 1776/2198/1847 1604/2199/1848
f 1604/2199/1848 1776/2198/1847 1156/2200/1323
f 1604/2199/1848 1156/2200/1323 1155/2201/1321
f 1167/2202/1290 1954/2203/1849 1168/2079/1288
f 1168/2079/1288 1954/2203/1849 1970/2204/1850
f 1168/2079/1288 1970/2204/1850 1611/2205/1851
f 1611/2205/1851 1970/2204/1850 1969/2206/1852
f 1611/2205/1851 1969/2206/1852 1612/2084/1736
f 1612/2084/1736 1969/2206/1852 1968/2086/1738
f 1166/2119/1298 1929/2207/1853 1167/2202/1290
f 1167/2202/1290 1929/2207/1853 1945/2208/1854
f 1167/2202/1290 1945/2208/1854 1618/2209/1855
f 1618/2209/1855 1945/2208/1854 1944/2210/1856
f 1618/2209/1855 1944/2210/1856 1619/2211/1857
f 1619/2211/1857 1944/2210/1856 1943/2212/1858
f 1619/2211/1857 1943/2212/1858 1620/2213/1859
f 1620/2213/1859 1943/2212/1858 1942/2214/1860
f 1620/2213/1859 1942/2214/1860 1621/2215/1861
f 1621/2215/1861 1942/2214/1860 1941/2216/1862
f 1621/2215/1861 1941/2216/1862 1622/2217/1863
f 1622/2217/1863 1941/2216/1862 1940/2218/1864
f 1622/2217/1863 1940/2218/1864 1623/2219/1865
f 1623/2219/1865 1940/2218/1864 1939/2220/1866
f 1623/2219/1865 1939/2220/1866 1624/2094/1746
f 1624/2094/1746 1939/2220/1866 1938/2096/1748
f 1920/2121/1772 1166/2119/1298 1904/2221/1867
f 1904/2221/1867 1166/2119/1298 1165/2222/1300
f 1904/2221/1867 1165/2222/1300 1594/2223/1868
f 1594/2223/1868 1165/2222/1300 1671/2224/1869
f 1594/2223/1868 1671/2224/1869 1670/2225/1870
f 1670/2225/1870 1671/2224/1869 1655/2226/1871
f 1670/2225/1870 1655/2226/1871 1656/2227/1872
f 1656/2227/1872 1655/2226/1871 1893/2228/1873
f 1656/2227/1872 1893/2228/1873 1892/2229/1874
f 1892/2229/1874 1893/2228/1873 1885/2230/1875
f 1892/2229/1874 1885/2230/1875 1884/2231/1876
f 1884/2231/1876 1885/2230/1875 1875/2232/1877
f 1884/2231/1876 1875/2232/1877 1874/2233/1878
f 1874/2233/1878 1875/2232/1877 1684/2234/1879
f 1874/2233/1878 1684/2234/1879 1683/2235/1880
f 1683/2235/1880 1684/2234/1879 1678/2143/1794
f 1683/2235/1880 1678/2143/1794 1679/2141/1792
f 1164/2157/1322 1879/2236/1881 1165/2222/1300
f 1165/2222/1300 1879/2236/1881 1895/2237/1882
f 1165/2222/1300 1895/2237/1882 1654/2238/1883
f 1654/2238/1883 1895/2237/1882 1894/2239/1884
f 1654/2238/1883 1894/2239/1884 1655/2226/1871
f 1655/2226/1871 1894/2239/1884 1893/2228/1873
f 1162/2240/1329 1600/2241/1885 1163/2159/1325
f 1163/2159/1325 1600/2241/1885 1690/2242/1886
f 1163/2159/1325 1690/2242/1886 1707/2161/1810
f 1707/2161/1810 1690/2242/1886 1691/2163/1812
f 1600/2241/1885 1162/2240/1329 1602/2243/1887
f 1602/2243/1887 1162/2240/1329 1161/2244/1330
f 1602/2243/1887 1161/2244/1330 1739/2245/1888
f 1739/2245/1888 1161/2244/1330 1722/2246/1889
f 1739/2245/1888 1722/2246/1889 1723/2247/1890
f 1723/2247/1890 1722/2246/1889 1741/2248/1891
f 1723/2247/1890 1741/2248/1891 1742/2249/1892
f 1742/2249/1892 1741/2248/1891 1751/2250/1893
f 1742/2249/1892 1751/2250/1893 1752/2251/1894
f 1752/2251/1894 1751/2250/1893 1761/2252/1895
f 1752/2251/1894 1761/2252/1895 1762/2253/1896
f 1762/2253/1896 1761/2252/1895 1771/2254/1897
f 1762/2253/1896 1771/2254/1897 1772/2255/1898
f 1772/2255/1898 1771/2254/1897 1781/2188/1837
f 1772/2255/1898 1781/2188/1837 1782/2186/1835
f 1161/2244/1330 1160/2256/1328 1722/2246/1889
f 1722/2246/1889 1160/2256/1328 1740/2257/1899
f 1722/2246/1889 1740/2257/1899 1741/2248/1891
f 1741/2248/1891 1740/2257/1899 1750/2258/1900
f 1741/2248/1891 1750/2258/1900 1751/2250/1893
f 1751/2250/1893 1750/2258/1900 1760/2259/1901
f 1751/2250/1893 1760/2259/1901 1761/2252/1895
f 1761/2252/1895 1760/2259/1901 1770/2260/1902
f 1761/2252/1895 1770/2260/1902 1771/2254/1897
f 1771/2254/1897 1770/2260/1902 1780/2190/1839
f 1771/2254/1897 1780/2190/1839 1781/2188/1837
f 1160/2256/1328 1159/2261/1327 1740/2257/1899
f 1740/2257/1899 1159/2261/1327 1749/2262/1903
f 1740/2257/1899 1749/2262/1903 1750/2258/1900
f 1750/2258/1900 1749/2262/1903 1759/2263/1904
f 1750/2258/1900 1759/2263/1904 1760/2259/1901
f 1760/2259/1901 1759/2263/1904 1769/2264/1905
f 1760/2259/1901 1769/2264/1905 1770/2260/1902
f 1770/2260/1902 1769/2264/1905 1779/2192/1841
f 1770/2260/1902 1779/2192/1841 1780/2190/1839
f 1159/2261/1327 1158/2265/1326 1749/2262/1903
f 1749/2262/1903 1158/2265/1326 1758/2266/1906
f 1749/2262/1903 1758/2266/1906 1759/2263/1904
f 1759/2263/1904 1758/2266/1906 1768/2267/1907
f 1759/2263/1904 1768/2267/1907 1769/2264/1905
f 1769/2264/1905 1768/2267/1907 1778/2194/1843
f 1769/2264/1905 1778/2194/1843 1779/2192/1841
f 1158/2265/1326 1157/2268/1324 1758/2266/1906
f 1758/2266/1906 1157/2268/1324 1767/2269/1908
f 1758/2266/1906 1767/2269/1908 1768/2267/1907
f 1768/2267/1907 1767/2269/1908 1777/2196/1845
f 1768/2267/1907 1777/2196/1845 1778/2194/1843
f 1157/2268/1324 1156/2200/1323 1767/2269/1908
f 1767/2269/1908 1156/2200/1323 1776/2198/1847
f 1767/2269/1908 1776/2198/1847 1777/2196/1845
f 1154/2270/1302 1785/2271/1909 1155/2201/1321
f 1155/2201/1321 1785/2271/1909 1802/2272/1910
f 1155/2201/1321 1802/2272/1910 1604/2199/1848
f 1604/2199/1848 1802/2272/1910 1801/2273/1911
f 1604/2199/1848 1801/2273/1911 1845/2197/1846
f 1845/2197/1846 1801/2273/1911 1800/2274/1912
f 1845/2197/1846 1800/2274/1912 1844/2195/1844
f 1844/2195/1844 1800/2274/1912 1799/2275/1913
f 1844/2195/1844 1799/2275/1913 1843/2193/1842
f 1843/2193/1842 1799/2275/1913 1798/2276/1914
f 1843/2193/1842 1798/2276/1914 1842/2191/1840
f 1842/2191/1840 1798/2276/1914 1797/2277/1915
f 1842/2191/1840 1797/2277/1915 1841/2189/1838
f 1841/2189/1838 1797/2277/1915 1796/2278/1916
f 1841/2189/1838 1796/2278/1916 1840/2187/1836
f 1840/2187/1836 1796/2278/1916 1795/2279/1917
f 1840/2187/1836 1795/2279/1917 1839/2185/1834
f 1839/2185/1834 1795/2279/1917 1794/2280/1918
f 1839/2185/1834 1794/2280/1918 1603/2183/1832
f 1603/2183/1832 1794/2280/1918 1575/2281/1919
f 1603/2183/1832 1575/2281/1919 1576/2181/1830
f 1785/2271/1909 1154/2270/1302 1803/2282/1920
f 1803/2282/1920 1154/2270/1302 1153/2283/1301
f 1803/2282/1920 1153/2283/1301 1812/2284/1921
f 1812/2284/1921 1153/2283/1301 1152/2285/1316
f 1812/2284/1921 1152/2285/1316 1821/2286/1922
f 1821/2286/1922 1152/2285/1316 1151/2287/1318
f 1821/2286/1922 1151/2287/1318 1830/2288/1923
f 1830/2288/1923 1151/2287/1318 1149/2289/1924
f 1830/2288/1923 1149/2289/1924 1192/2290/1925
f 1151/2287/1318 1150/2291/1320 1149/2289/1924
f 1830/2288/1923 1192/2290/1925 1831/2292/1926
f 1831/2292/1926 1192/2290/1925 1191/2293/1927
f 1831/2292/1926 1191/2293/1927 1832/2294/1928
f 1832/2294/1928 1191/2293/1927 1833/2295/1929
f 1832/2294/1928 1833/2295/1929 1823/2296/1930
f 1823/2296/1930 1833/2295/1929 1824/2297/1931
f 1823/2296/1930 1824/2297/1931 1814/2298/1932
f 1814/2298/1932 1824/2297/1931 1815/2299/1933
f 1814/2298/1932 1815/2299/1933 1805/2300/1934
f 1805/2300/1934 1815/2299/1933 1806/2301/1935
f 1805/2300/1934 1806/2301/1935 1787/2302/1936
f 1787/2302/1936 1806/2301/1935 1788/2303/1937
f 1787/2302/1936 1788/2303/1937 1800/2274/1912
f 1800/2274/1912 1788/2303/1937 1799/2275/1913
f 1191/2293/1927 1190/2304/1938 1833/2295/1929
f 1833/2295/1929 1190/2304/1938 1834/2305/1939
f 1833/2295/1929 1834/2305/1939 1824/2297/1931
f 1824/2297/1931 1834/2305/1939 1825/2306/1940
f 1824/2297/1931 1825/2306/1940 1815/2299/1933
f 1815/2299/1933 1825/2306/1940 1816/2307/1941
f 1815/2299/1933 1816/2307/1941 1806/2301/1935
f 1806/2301/1935 1816/2307/1941 1807/2308/1942
f 1806/2301/1935 1807/2308/1942 1788/2303/1937
f 1788/2303/1937 1807/2308/1942 1789/2309/1943
f 1788/2303/1937 1789/2309/1943 1799/2275/1913
f 1799/2275/1913 1789/2309/1943 1798/2276/1914
f 1834/2305/1939 1190/2304/1938 1835/2310/1944
f 1835/2310/1944 1190/2304/1938 1189/2311/1945
f 1835/2310/1944 1189/2311/1945 1836/2312/1946
f 1836/2312/1946 1189/2311/1945 1188/2313/1947
f 1836/2312/1946 1188/2313/1947 1837/2314/1948
f 1837/2314/1948 1188/2313/1947 1838/2315/1949
f 1837/2314/1948 1838/2315/1949 1828/2316/1950
f 1828/2316/1950 1838/2315/1949 1829/2317/1951
f 1828/2316/1950 1829/2317/1951 1819/2318/1952
f 1819/2318/1952 1829/2317/1951 1820/2319/1953
f 1819/2318/1952 1820/2319/1953 1810/2320/1954
f 1810/2320/1954 1820/2319/1953 1811/2321/1955
f 1810/2320/1954 1811/2321/1955 1792/2322/1956
f 1792/2322/1956 1811/2321/1955 1793/2323/1957
f 1792/2322/1956 1793/2323/1957 1795/2279/1917
f 1795/2279/1917 1793/2323/1957 1794/2280/1918
f 1188/2313/1947 1187/2324/1958 1838/2315/1949
f 1838/2315/1949 1187/2324/1958 1570/2325/1959
f 1838/2315/1949 1570/2325/1959 1571/2326/1960
f 1838/2315/1949 1571/2326/1960 1829/2317/1951
f 1829/2317/1951 1571/2326/1960 1572/2327/1961
f 1829/2317/1951 1572/2327/1961 1820/2319/1953
f 1820/2319/1953 1572/2327/1961 1573/2328/1962
f 1820/2319/1953 1573/2328/1962 1811/2321/1955
f 1811/2321/1955 1573/2328/1962 1574/2329/1963
f 1811/2321/1955 1574/2329/1963 1793/2323/1957
f 1793/2323/1957 1574/2329/1963 1575/2281/1919
f 1793/2323/1957 1575/2281/1919 1794/2280/1918
f 1578/2178/1827 1579/2330/1964 1757/2176/1825
f 1757/2176/1825 1579/2330/1964 1748/2331/1965
f 1757/2176/1825 1748/2331/1965 1747/2174/1823
f 1747/2174/1823 1748/2331/1965 1729/2332/1966
f 1747/2174/1823 1729/2332/1966 1728/2172/1821
f 1728/2172/1821 1729/2332/1966 1733/2333/1967
f 1728/2172/1821 1733/2333/1967 1734/2170/1819
f 1734/2170/1819 1733/2333/1967 1712/2334/1968
f 1734/2170/1819 1712/2334/1968 1711/2168/1817
f 1711/2168/1817 1712/2334/1968 1718/2335/1969
f 1711/2168/1817 1718/2335/1969 1719/2166/1815
f 1719/2166/1815 1718/2335/1969 1693/2336/1970
f 1719/2166/1815 1693/2336/1970 1692/2164/1813
f 1692/2164/1813 1693/2336/1970 1705/2337/1971
f 1692/2164/1813 1705/2337/1971 1706/2162/1811
f 1706/2162/1811 1705/2337/1971 1853/2338/1972
f 1706/2162/1811 1853/2338/1972 1598/2160/1809
f 1598/2160/1809 1853/2338/1972 1854/2158/1808
f 1579/2330/1964 1580/2339/1973 1748/2331/1965
f 1748/2331/1965 1580/2339/1973 1730/2340/1974
f 1748/2331/1965 1730/2340/1974 1729/2332/1966
f 1729/2332/1966 1730/2340/1974 1732/2341/1975
f 1729/2332/1966 1732/2341/1975 1733/2333/1967
f 1733/2333/1967 1732/2341/1975 1713/2342/1976
f 1733/2333/1967 1713/2342/1976 1712/2334/1968
f 1712/2334/1968 1713/2342/1976 1717/2343/1977
f 1712/2334/1968 1717/2343/1977 1718/2335/1969
f 1718/2335/1969 1717/2343/1977 1694/2344/1978
f 1718/2335/1969 1694/2344/1978 1693/2336/1970
f 1693/2336/1970 1694/2344/1978 1704/2345/1979
f 1693/2336/1970 1704/2345/1979 1705/2337/1971
f 1705/2337/1971 1704/2345/1979 1852/2346/1980
f 1705/2337/1971 1852/2346/1980 1853/2338/1972
f 1853/2338/1972 1852/2346/1980 1862/2347/1981
f 1853/2338/1972 1862/2347/1981 1854/2158/1808
f 1854/2158/1808 1862/2347/1981 1870/2156/1807
f 1580/2339/1973 1581/2348/1982 1730/2340/1974
f 1730/2340/1974 1581/2348/1982 1731/2349/1983
f 1730/2340/1974 1731/2349/1983 1732/2341/1975
f 1732/2341/1975 1731/2349/1983 1714/2350/1984
f 1732/2341/1975 1714/2350/1984 1713/2342/1976
f 1713/2342/1976 1714/2350/1984 1716/2351/1985
f 1713/2342/1976 1716/2351/1985 1717/2343/1977
f 1717/2343/1977 1716/2351/1985 1695/2352/1986
f 1717/2343/1977 1695/2352/1986 1694/2344/1978
f 1694/2344/1978 1695/2352/1986 1703/2353/1987
f 1694/2344/1978 1703/2353/1987 1704/2345/1979
f 1704/2345/1979 1703/2353/1987 1851/2354/1988
f 1704/2345/1979 1851/2354/1988 1852/2346/1980
f 1852/2346/1980 1851/2354/1988 1861/2355/1989
f 1852/2346/1980 1861/2355/1989 1862/2347/1981
f 1862/2347/1981 1861/2355/1989 1869/2154/1805
f 1862/2347/1981 1869/2154/1805 1870/2156/1807
f 1731/2349/1983 1581/2348/1982 1601/2356/1990
f 1601/2356/1990 1581/2348/1982 1582/2357/1991
f 1601/2356/1990 1582/2357/1991 1599/2358/1992
f 1599/2358/1992 1582/2357/1991 1583/2359/1993
f 1599/2358/1992 1583/2359/1993 1698/2360/1994
f 1698/2360/1994 1583/2359/1993 1699/2361/1995
f 1698/2360/1994 1699/2361/1995 1700/2362/1996
f 1700/2362/1996 1699/2361/1995 1847/2363/1997
f 1700/2362/1996 1847/2363/1997 1848/2364/1998
f 1848/2364/1998 1847/2363/1997 1857/2365/1999
f 1848/2364/1998 1857/2365/1999 1858/2366/2000
f 1858/2366/2000 1857/2365/1999 1865/2146/1797
f 1858/2366/2000 1865/2146/1797 1866/2148/1799
f 1699/2361/1995 1583/2359/1993 1846/2367/2001
f 1846/2367/2001 1583/2359/1993 1584/2138/1789
f 1846/2367/2001 1584/2138/1789 1855/2368/2002
f 1855/2368/2002 1584/2138/1789 1597/2140/1791
f 1855/2368/2002 1597/2140/1791 1863/2142/1793
f 1871/2136/1787 1584/2138/1789 1880/2369/2003
f 1880/2369/2003 1584/2138/1789 1585/2370/2004
f 1880/2369/2003 1585/2370/2004 1595/2371/2005
f 1595/2371/2005 1585/2370/2004 1662/2372/2006
f 1595/2371/2005 1662/2372/2006 1661/2373/2007
f 1661/2373/2007 1662/2372/2006 1664/2374/2008
f 1661/2373/2007 1664/2374/2008 1665/2375/2009
f 1665/2375/2009 1664/2374/2008 1898/2376/2010
f 1665/2375/2009 1898/2376/2010 1899/2377/2011
f 1899/2377/2011 1898/2376/2010 1908/2378/2012
f 1899/2377/2011 1908/2378/2012 1909/2379/2013
f 1909/2379/2013 1908/2378/2012 1916/2380/2014
f 1909/2379/2013 1916/2380/2014 1917/2381/2015
f 1917/2381/2015 1916/2380/2014 1639/2382/2016
f 1917/2381/2015 1639/2382/2016 1638/2383/2017
f 1638/2383/2017 1639/2382/2016 1651/2114/1766
f 1638/2383/2017 1651/2114/1766 1652/2116/1768
f 1586/2100/1752 1905/2384/2018 1585/2370/2004
f 1585/2370/2004 1905/2384/2018 1896/2385/2019
f 1585/2370/2004 1896/2385/2019 1663/2386/2020
f 1663/2386/2020 1896/2385/2019 1897/2387/2021
f 1663/2386/2020 1897/2387/2021 1664/2374/2008
f 1664/2374/2008 1897/2387/2021 1898/2376/2010
f 1076/2388/2022 1955/2389/2023 1587/2099/1751
f 1587/2099/1751 1955/2389/2023 1946/2390/2024
f 1587/2099/1751 1946/2390/2024 1627/2391/2025
f 1627/2391/2025 1946/2390/2024 1947/2392/2026
f 1627/2391/2025 1947/2392/2026 1628/2393/2027
f 1628/2393/2027 1947/2392/2026 1948/2394/2028
f 1628/2393/2027 1948/2394/2028 1629/2093/1745
f 1629/2093/1745 1948/2394/2028 1949/2091/1743
f 1087/2395/2029 1617/2396/2030 1076/2388/2022
f 1076/2388/2022 1617/2396/2030 1589/2397/2031
f 1076/2388/2022 1589/2397/2031 1955/2389/2023
f 1955/2389/2023 1589/2397/2031 1963/2398/2032
f 1955/2389/2023 1963/2398/2032 1956/2399/2033
f 1956/2399/2033 1963/2398/2032 1964/2400/2034
f 1956/2399/2033 1964/2400/2034 1957/2401/2035
f 1957/2401/2035 1964/2400/2034 1965/2402/2036
f 1957/2401/2035 1965/2402/2036 1958/2403/2037
f 1958/2403/2037 1965/2402/2036 1966/2404/2038
f 1958/2403/2037 1966/2404/2038 1959/2089/1741
f 1959/2089/1741 1966/2404/2038 1967/2087/1739
f 1087/2395/2029 1086/2405/2039 1617/2396/2030
f 1617/2396/2030 1086/2405/2039 1616/2406/2040
f 1617/2396/2030 1616/2406/2040 1589/2397/2031
f 1589/2397/2031 1616/2406/2040 1963/2398/2032
f 1616/2406/2040 1086/2405/2039 1615/2407/2041
f 1615/2407/2041 1086/2405/2039 1085/2408/2042
f 1615/2407/2041 1085/2408/2042 1588/2409/2043
f 1588/2409/2043 1085/2408/2042 1614/2410/2044
f 1588/2409/2043 1614/2410/2044 1965/2402/2036
f 1965/2402/2036 1614/2410/2044 1966/2404/2038
f 1085/2408/2042 1084/2411/2045 1614/2410/2044
f 1614/2410/2044 1084/2411/2045 1610/2412/2046
f 1614/2410/2044 1610/2412/2046 1609/2413/2047
f 1609/2413/2047 1610/2412/2046 1084/2411/2045
f 1609/2413/2047 1084/2411/2045 1083/2414/2048
f 1609/2413/2047 1083/2414/2048 1607/2415/2049
f 1607/2415/2049 1083/2414/2048 1082/2416/2050
f 1607/2415/2049 1082/2416/2050 1608/2085/1737
f 1608/2085/1737 1082/2416/2050 1606/2083/1735
f 1082/2416/2050 1081/2081/1733 1606/2083/1735
f 1590/2417/2051 1167/2202/1290 1635/2418/2052
f 1635/2418/2052 1167/2202/1290 1618/2209/1855
f 1635/2418/2052 1618/2209/1855 1619/2211/1857
f 1591/2097/1749 1587/2099/1751 1626/2419/2053
f 1626/2419/2053 1587/2099/1751 1627/2391/2025
f 1626/2419/2053 1627/2391/2025 1628/2393/2027
f 1929/2207/1853 1166/2119/1298 1592/2117/1769
f 1593/2420/2054 1586/2100/1752 1644/2421/2055
f 1644/2421/2055 1586/2100/1752 1645/2102/1754
f 1644/2421/2055 1645/2102/1754 1646/2104/1756
f 1912/2123/1774 1920/2121/1772 1904/2221/1867
f 1881/2134/1785 1871/2136/1787 1880/2369/2003
f 1596/2422/2056 1164/2157/1322 1689/2423/2057
f 1689/2423/2057 1164/2157/1322 1672/2155/1806
f 1689/2423/2057 1672/2155/1806 1673/2153/1804
f 1612/2084/1736 1605/2082/1734 1611/2205/1851
f 1611/2205/1851 1605/2082/1734 1168/2079/1288
f 1609/2413/2047 1607/2415/2049 1613/2424/2058
f 1613/2424/2058 1607/2415/2049 1608/2085/1737
f 1613/2424/2058 1608/2085/1737 1967/2087/1739
f 1966/2404/2038 1614/2410/2044 1613/2424/2058
f 1613/2424/2058 1614/2410/2044 1609/2413/2047
f 1966/2404/2038 1613/2424/2058 1967/2087/1739
f 1963/2398/2032 1616/2406/2040 1615/2407/2041
f 1965/2402/2036 1964/2400/2034 1588/2409/2043
f 1588/2409/2043 1964/2400/2034 1615/2407/2041
f 1964/2400/2034 1963/2398/2032 1615/2407/2041
f 1619/2211/1857 1620/2213/1859 1634/2425/2059
f 1634/2425/2059 1620/2213/1859 1633/2426/2060
f 1634/2425/2059 1633/2426/2060 1953/2427/2061
f 1953/2427/2061 1633/2426/2060 1952/2428/2062
f 1953/2427/2061 1952/2428/2062 1962/2429/2063
f 1962/2429/2063 1952/2428/2062 1961/2430/2064
f 1962/2429/2063 1961/2430/2064 1969/2206/1852
f 1969/2206/1852 1961/2430/2064 1968/2086/1738
f 1620/2213/1859 1621/2215/1861 1633/2426/2060
f 1633/2426/2060 1621/2215/1861 1632/2431/2065
f 1633/2426/2060 1632/2431/2065 1952/2428/2062
f 1952/2428/2062 1632/2431/2065 1951/2432/2066
f 1952/2428/2062 1951/2432/2066 1961/2430/2064
f 1961/2430/2064 1951/2432/2066 1960/2088/1740
f 1961/2430/2064 1960/2088/1740 1968/2086/1738
f 1621/2215/1861 1622/2217/1863 1632/2431/2065
f 1632/2431/2065 1622/2217/1863 1631/2433/2067
f 1632/2431/2065 1631/2433/2067 1951/2432/2066
f 1951/2432/2066 1631/2433/2067 1950/2090/1742
f 1951/2432/2066 1950/2090/1742 1960/2088/1740
f 1622/2217/1863 1623/2219/1865 1631/2433/2067
f 1631/2433/2067 1623/2219/1865 1630/2092/1744
f 1631/2433/2067 1630/2092/1744 1950/2090/1742
f 1623/2219/1865 1624/2094/1746 1630/2092/1744
f 1628/2393/2027 1629/2093/1745 1625/2095/1747
f 1591/2097/1749 1626/2419/2053 1625/2095/1747
f 1625/2095/1747 1626/2419/2053 1628/2393/2027
f 1590/2417/2051 1635/2418/2052 1634/2425/2059
f 1634/2425/2059 1635/2418/2052 1619/2211/1857
f 1590/2417/2051 1634/2425/2059 1953/2427/2061
f 1167/2202/1290 1590/2417/2051 1954/2203/1849
f 1954/2203/1849 1590/2417/2051 1953/2427/2061
f 1954/2203/1849 1953/2427/2061 1962/2429/2063
f 1652/2116/1768 1653/2118/1770 1637/2434/2068
f 1637/2434/2068 1653/2118/1770 1636/2120/1771
f 1637/2434/2068 1636/2120/1771 1919/2122/1773
f 1652/2116/1768 1637/2434/2068 1638/2383/2017
f 1638/2383/2017 1637/2434/2068 1918/2435/2069
f 1638/2383/2017 1918/2435/2069 1917/2381/2015
f 1917/2381/2015 1918/2435/2069 1910/2436/2070
f 1917/2381/2015 1910/2436/2070 1909/2379/2013
f 1909/2379/2013 1910/2436/2070 1900/2437/2071
f 1909/2379/2013 1900/2437/2071 1899/2377/2011
f 1899/2377/2011 1900/2437/2071 1666/2438/2072
f 1899/2377/2011 1666/2438/2072 1665/2375/2009
f 1665/2375/2009 1666/2438/2072 1660/2439/2073
f 1665/2375/2009 1660/2439/2073 1661/2373/2007
f 1661/2373/2007 1660/2439/2073 1888/2440/2074
f 1661/2373/2007 1888/2440/2074 1595/2371/2005
f 1595/2371/2005 1888/2440/2074 1880/2369/2003
f 1918/2435/2069 1637/2434/2068 1919/2122/1773
f 1650/2112/1764 1651/2114/1766 1639/2382/2016
f 1649/2110/1762 1650/2112/1764 1640/2441/2075
f 1640/2441/2075 1650/2112/1764 1639/2382/2016
f 1640/2441/2075 1639/2382/2016 1916/2380/2014
f 1648/2108/1760 1649/2110/1762 1641/2442/2076
f 1641/2442/2076 1649/2110/1762 1640/2441/2075
f 1641/2442/2076 1640/2441/2075 1915/2443/2077
f 1915/2443/2077 1640/2441/2075 1916/2380/2014
f 1915/2443/2077 1916/2380/2014 1908/2378/2012
f 1647/2106/1758 1648/2108/1760 1642/2444/2078
f 1642/2444/2078 1648/2108/1760 1641/2442/2076
f 1642/2444/2078 1641/2442/2076 1914/2445/2079
f 1914/2445/2079 1641/2442/2076 1915/2443/2077
f 1914/2445/2079 1915/2443/2077 1907/2446/2080
f 1907/2446/2080 1915/2443/2077 1908/2378/2012
f 1907/2446/2080 1908/2378/2012 1898/2376/2010
f 1646/2104/1756 1647/2106/1758 1643/2447/2081
f 1643/2447/2081 1647/2106/1758 1642/2444/2078
f 1643/2447/2081 1642/2444/2078 1913/2448/2082
f 1913/2448/2082 1642/2444/2078 1914/2445/2079
f 1913/2448/2082 1914/2445/2079 1906/2449/2083
f 1906/2449/2083 1914/2445/2079 1907/2446/2080
f 1906/2449/2083 1907/2446/2080 1897/2387/2021
f 1897/2387/2021 1907/2446/2080 1898/2376/2010
f 1593/2420/2054 1644/2421/2055 1643/2447/2081
f 1643/2447/2081 1644/2421/2055 1646/2104/1756
f 1593/2420/2054 1643/2447/2081 1913/2448/2082
f 1586/2100/1752 1593/2420/2054 1905/2384/2018
f 1905/2384/2018 1593/2420/2054 1913/2448/2082
f 1905/2384/2018 1913/2448/2082 1906/2449/2083
f 1165/2222/1300 1654/2238/1883 1671/2224/1869
f 1671/2224/1869 1654/2238/1883 1655/2226/1871
f 1656/2227/1872 1657/2450/2084 1669/2451/2085
f 1669/2451/2085 1657/2450/2084 1668/2127/1778
f 1669/2451/2085 1668/2127/1778 1902/2125/1776
f 1668/2127/1778 1657/2450/2084 1658/2129/1780
f 1658/2129/1780 1657/2450/2084 1891/2452/2086
f 1658/2129/1780 1891/2452/2086 1890/2131/1782
f 1890/2131/1782 1891/2452/2086 1883/2453/2087
f 1890/2131/1782 1883/2453/2087 1882/2133/1784
f 1882/2133/1784 1883/2453/2087 1873/2454/2088
f 1882/2133/1784 1873/2454/2088 1872/2135/1786
f 1872/2135/1786 1873/2454/2088 1682/2455/2089
f 1872/2135/1786 1682/2455/2089 1681/2137/1788
f 1681/2137/1788 1682/2455/2089 1680/2139/1790
f 1891/2452/2086 1657/2450/2084 1892/2229/1874
f 1892/2229/1874 1657/2450/2084 1656/2227/1872
f 1667/2128/1779 1659/2130/1781 1666/2438/2072
f 1666/2438/2072 1659/2130/1781 1660/2439/2073
f 1888/2440/2074 1660/2439/2073 1889/2132/1783
f 1889/2132/1783 1660/2439/2073 1659/2130/1781
f 1663/2386/2020 1664/2374/2008 1662/2372/2006
f 1585/2370/2004 1663/2386/2020 1662/2372/2006
f 1901/2126/1777 1667/2128/1779 1900/2437/2071
f 1900/2437/2071 1667/2128/1779 1666/2438/2072
f 1656/2227/1872 1669/2451/2085 1670/2225/1870
f 1670/2225/1870 1669/2451/2085 1903/2456/2090
f 1670/2225/1870 1903/2456/2090 1594/2223/1868
f 1594/2223/1868 1903/2456/2090 1904/2221/1867
f 1903/2456/2090 1669/2451/2085 1902/2125/1776
f 1673/2153/1804 1674/2151/1802 1688/2457/2091
f 1688/2457/2091 1674/2151/1802 1687/2458/2092
f 1688/2457/2091 1687/2458/2092 1878/2459/2093
f 1878/2459/2093 1687/2458/2092 1877/2460/2094
f 1878/2459/2093 1877/2460/2094 1887/2461/2095
f 1887/2461/2095 1877/2460/2094 1886/2462/2096
f 1887/2461/2095 1886/2462/2096 1894/2239/1884
f 1894/2239/1884 1886/2462/2096 1893/2228/1873
f 1674/2151/1802 1675/2149/1800 1687/2458/2092
f 1687/2458/2092 1675/2149/1800 1686/2463/2097
f 1687/2458/2092 1686/2463/2097 1877/2460/2094
f 1877/2460/2094 1686/2463/2097 1876/2464/2098
f 1877/2460/2094 1876/2464/2098 1886/2462/2096
f 1886/2462/2096 1876/2464/2098 1885/2230/1875
f 1886/2462/2096 1885/2230/1875 1893/2228/1873
f 1675/2149/1800 1676/2147/1798 1686/2463/2097
f 1686/2463/2097 1676/2147/1798 1685/2465/2099
f 1686/2463/2097 1685/2465/2099 1876/2464/2098
f 1876/2464/2098 1685/2465/2099 1875/2232/1877
f 1876/2464/2098 1875/2232/1877 1885/2230/1875
f 1676/2147/1798 1677/2145/1796 1685/2465/2099
f 1685/2465/2099 1677/2145/1796 1684/2234/1879
f 1685/2465/2099 1684/2234/1879 1875/2232/1877
f 1677/2145/1796 1678/2143/1794 1684/2234/1879
f 1683/2235/1880 1679/2141/1792 1682/2455/2089
f 1682/2455/2089 1679/2141/1792 1680/2139/1790
f 1874/2233/1878 1683/2235/1880 1873/2454/2088
f 1873/2454/2088 1683/2235/1880 1682/2455/2089
f 1596/2422/2056 1689/2423/2057 1688/2457/2091
f 1688/2457/2091 1689/2423/2057 1673/2153/1804
f 1596/2422/2056 1688/2457/2091 1878/2459/2093
f 1164/2157/1322 1596/2422/2056 1879/2236/1881
f 1879/2236/1881 1596/2422/2056 1878/2459/2093
f 1879/2236/1881 1878/2459/2093 1887/2461/2095
f 1691/2163/1812 1690/2242/1886 1721/2466/2100
f 1721/2466/2100 1690/2242/1886 1600/2241/1885
f 1721/2466/2100 1600/2241/1885 1708/2467/2101
f 1708/2467/2101 1600/2241/1885 1602/2243/1887
f 1708/2467/2101 1602/2243/1887 1738/2468/2102
f 1738/2468/2102 1602/2243/1887 1739/2245/1888
f 1738/2468/2102 1739/2245/1888 1723/2247/1890
f 1695/2352/1986 1696/2469/2103 1702/2470/2104
f 1702/2470/2104 1696/2469/2103 1701/2471/2105
f 1702/2470/2104 1701/2471/2105 1849/2472/2106
f 1849/2472/2106 1701/2471/2105 1848/2364/1998
f 1849/2472/2106 1848/2364/1998 1858/2366/2000
f 1696/2469/2103 1697/2473/2107 1701/2471/2105
f 1701/2471/2105 1697/2473/2107 1700/2362/1996
f 1701/2471/2105 1700/2362/1996 1848/2364/1998
f 1695/2352/1986 1716/2351/1985 1696/2469/2103
f 1696/2469/2103 1716/2351/1985 1715/2474/2108
f 1696/2469/2103 1715/2474/2108 1697/2473/2107
f 1697/2473/2107 1715/2474/2108 1599/2358/1992
f 1697/2473/2107 1599/2358/1992 1698/2360/1994
f 1697/2473/2107 1698/2360/1994 1700/2362/1996
f 1695/2352/1986 1702/2470/2104 1703/2353/1987
f 1703/2353/1987 1702/2470/2104 1850/2475/2109
f 1703/2353/1987 1850/2475/2109 1851/2354/1988
f 1851/2354/1988 1850/2475/2109 1860/2476/2110
f 1851/2354/1988 1860/2476/2110 1861/2355/1989
f 1861/2355/1989 1860/2476/2110 1868/2152/1803
f 1861/2355/1989 1868/2152/1803 1869/2154/1805
f 1850/2475/2109 1702/2470/2104 1849/2472/2106
f 1708/2467/2101 1709/2477/2111 1721/2466/2100
f 1721/2466/2100 1709/2477/2111 1720/2165/1814
f 1721/2466/2100 1720/2165/1814 1691/2163/1812
f 1720/2165/1814 1709/2477/2111 1710/2167/1816
f 1710/2167/1816 1709/2477/2111 1736/2478/2112
f 1710/2167/1816 1736/2478/2112 1735/2169/1818
f 1735/2169/1818 1736/2478/2112 1726/2479/2113
f 1735/2169/1818 1726/2479/2113 1727/2171/1820
f 1727/2171/1820 1726/2479/2113 1745/2480/2114
f 1727/2171/1820 1745/2480/2114 1746/2173/1822
f 1746/2173/1822 1745/2480/2114 1755/2481/2115
f 1746/2173/1822 1755/2481/2115 1756/2175/1824
f 1756/2175/1824 1755/2481/2115 1765/2482/2116
f 1756/2175/1824 1765/2482/2116 1766/2177/1826
f 1766/2177/1826 1765/2482/2116 1775/2180/1829
f 1709/2477/2111 1708/2467/2101 1737/2483/2117
f 1737/2483/2117 1708/2467/2101 1738/2468/2102
f 1737/2483/2117 1738/2468/2102 1724/2484/2118
f 1724/2484/2118 1738/2468/2102 1723/2247/1890
f 1724/2484/2118 1723/2247/1890 1742/2249/1892
f 1715/2474/2108 1716/2351/1985 1714/2350/1984
f 1599/2358/1992 1715/2474/2108 1601/2356/1990
f 1601/2356/1990 1715/2474/2108 1714/2350/1984
f 1601/2356/1990 1714/2350/1984 1731/2349/1983
f 1724/2484/2118 1725/2485/2119 1737/2483/2117
f 1737/2483/2117 1725/2485/2119 1736/2478/2112
f 1737/2483/2117 1736/2478/2112 1709/2477/2111
f 1736/2478/2112 1725/2485/2119 1726/2479/2113
f 1726/2479/2113 1725/2485/2119 1744/2486/2120
f 1726/2479/2113 1744/2486/2120 1745/2480/2114
f 1745/2480/2114 1744/2486/2120 1754/2487/2121
f 1745/2480/2114 1754/2487/2121 1755/2481/2115
f 1755/2481/2115 1754/2487/2121 1764/2488/2122
f 1755/2481/2115 1764/2488/2122 1765/2482/2116
f 1765/2482/2116 1764/2488/2122 1774/2489/2123
f 1765/2482/2116 1774/2489/2123 1775/2180/1829
f 1775/2180/1829 1774/2489/2123 1784/2182/1831
f 1725/2485/2119 1724/2484/2118 1743/2490/2124
f 1743/2490/2124 1724/2484/2118 1742/2249/1892
f 1743/2490/2124 1742/2249/1892 1752/2251/1894
f 1725/2485/2119 1743/2490/2124 1744/2486/2120
f 1744/2486/2120 1743/2490/2124 1753/2491/2125
f 1744/2486/2120 1753/2491/2125 1754/2487/2121
f 1754/2487/2121 1753/2491/2125 1763/2492/2126
f 1754/2487/2121 1763/2492/2126 1764/2488/2122
f 1764/2488/2122 1763/2492/2126 1773/2493/2127
f 1764/2488/2122 1773/2493/2127 1774/2489/2123
f 1774/2489/2123 1773/2493/2127 1783/2184/1833
f 1774/2489/2123 1783/2184/1833 1784/2182/1831
f 1753/2491/2125 1743/2490/2124 1752/2251/1894
f 1763/2492/2126 1753/2491/2125 1762/2253/1896
f 1762/2253/1896 1753/2491/2125 1752/2251/1894
f 1773/2493/2127 1763/2492/2126 1772/2255/1898
f 1772/2255/1898 1763/2492/2126 1762/2253/1896
f 1783/2184/1833 1773/2493/2127 1782/2186/1835
f 1782/2186/1835 1773/2493/2127 1772/2255/1898
f 1801/2273/1911 1802/2272/1910 1786/2494/2128
f 1786/2494/2128 1802/2272/1910 1785/2271/1909
f 1786/2494/2128 1785/2271/1909 1804/2495/2129
f 1804/2495/2129 1785/2271/1909 1803/2282/1920
f 1804/2495/2129 1803/2282/1920 1813/2496/2130
f 1813/2496/2130 1803/2282/1920 1812/2284/1921
f 1813/2496/2130 1812/2284/1921 1822/2497/2131
f 1822/2497/2131 1812/2284/1921 1821/2286/1922
f 1822/2497/2131 1821/2286/1922 1831/2292/1926
f 1831/2292/1926 1821/2286/1922 1830/2288/1923
f 1800/2274/1912 1801/2273/1911 1787/2302/1936
f 1787/2302/1936 1801/2273/1911 1786/2494/2128
f 1787/2302/1936 1786/2494/2128 1805/2300/1934
f 1805/2300/1934 1786/2494/2128 1804/2495/2129
f 1805/2300/1934 1804/2495/2129 1814/2298/1932
f 1814/2298/1932 1804/2495/2129 1813/2496/2130
f 1814/2298/1932 1813/2496/2130 1823/2296/1930
f 1823/2296/1930 1813/2496/2130 1822/2497/2131
f 1823/2296/1930 1822/2497/2131 1832/2294/1928
f 1832/2294/1928 1822/2497/2131 1831/2292/1926
f 1797/2277/1915 1798/2276/1914 1790/2498/2132
f 1790/2498/2132 1798/2276/1914 1789/2309/1943
f 1790/2498/2132 1789/2309/1943 1808/2499/2133
f 1808/2499/2133 1789/2309/1943 1807/2308/1942
f 1808/2499/2133 1807/2308/1942 1817/2500/2134
f 1817/2500/2134 1807/2308/1942 1816/2307/1941
f 1817/2500/2134 1816/2307/1941 1826/2501/2135
f 1826/2501/2135 1816/2307/1941 1825/2306/1940
f 1826/2501/2135 1825/2306/1940 1835/2310/1944
f 1835/2310/1944 1825/2306/1940 1834/2305/1939
f 1796/2278/1916 1797/2277/1915 1791/2502/2136
f 1791/2502/2136 1797/2277/1915 1790/2498/2132
f 1791/2502/2136 1790/2498/2132 1809/2503/2137
f 1809/2503/2137 1790/2498/2132 1808/2499/2133
f 1809/2503/2137 1808/2499/2133 1818/2504/2138
f 1818/2504/2138 1808/2499/2133 1817/2500/2134
f 1818/2504/2138 1817/2500/2134 1827/2505/2139
f 1827/2505/2139 1817/2500/2134 1826/2501/2135
f 1827/2505/2139 1826/2501/2135 1836/2312/1946
f 1836/2312/1946 1826/2501/2135 1835/2310/1944
f 1795/2279/1917 1796/2278/1916 1792/2322/1956
f 1792/2322/1956 1796/2278/1916 1791/2502/2136
f 1792/2322/1956 1791/2502/2136 1810/2320/1954
f 1810/2320/1954 1791/2502/2136 1809/2503/2137
f 1810/2320/1954 1809/2503/2137 1819/2318/1952
f 1819/2318/1952 1809/2503/2137 1818/2504/2138
f 1819/2318/1952 1818/2504/2138 1828/2316/1950
f 1828/2316/1950 1818/2504/2138 1827/2505/2139
f 1828/2316/1950 1827/2505/2139 1837/2314/1948
f 1837/2314/1948 1827/2505/2139 1836/2312/1946
f 1699/2361/1995 1846/2367/2001 1847/2363/1997
f 1847/2363/1997 1846/2367/2001 1856/2506/2140
f 1847/2363/1997 1856/2506/2140 1857/2365/1999
f 1857/2365/1999 1856/2506/2140 1864/2144/1795
f 1857/2365/1999 1864/2144/1795 1865/2146/1797
f 1850/2475/2109 1849/2472/2106 1859/2507/2141
f 1859/2507/2141 1849/2472/2106 1858/2366/2000
f 1859/2507/2141 1858/2366/2000 1866/2148/1799
f 1846/2367/2001 1855/2368/2002 1856/2506/2140
f 1856/2506/2140 1855/2368/2002 1863/2142/1793
f 1856/2506/2140 1863/2142/1793 1864/2144/1795
f 1850/2475/2109 1859/2507/2141 1860/2476/2110
f 1860/2476/2110 1859/2507/2141 1867/2150/1801
f 1860/2476/2110 1867/2150/1801 1868/2152/1803
f 1867/2150/1801 1859/2507/2141 1866/2148/1799
f 1884/2231/1876 1874/2233/1878 1883/2453/2087
f 1883/2453/2087 1874/2233/1878 1873/2454/2088
f 1889/2132/1783 1881/2134/1785 1888/2440/2074
f 1888/2440/2074 1881/2134/1785 1880/2369/2003
f 1892/2229/1874 1884/2231/1876 1891/2452/2086
f 1891/2452/2086 1884/2231/1876 1883/2453/2087
f 1895/2237/1882 1879/2236/1881 1887/2461/2095
f 1895/2237/1882 1887/2461/2095 1894/2239/1884
f 1906/2449/2083 1897/2387/2021 1896/2385/2019
f 1905/2384/2018 1906/2449/2083 1896/2385/2019
f 1911/2124/1775 1901/2126/1777 1910/2436/2070
f 1910/2436/2070 1901/2126/1777 1900/2437/2071
f 1904/2221/1867 1903/2456/2090 1912/2123/1774
f 1912/2123/1774 1903/2456/2090 1902/2125/1776
f 1919/2122/1773 1911/2124/1775 1918/2435/2069
f 1918/2435/2069 1911/2124/1775 1910/2436/2070
f 1922/2103/1755 1921/2101/1753 1931/2508/2142
f 1931/2508/2142 1921/2101/1753 1930/2098/1750
f 1931/2508/2142 1930/2098/1750 1938/2096/1748
f 1923/2105/1757 1922/2103/1755 1932/2509/2143
f 1932/2509/2143 1922/2103/1755 1931/2508/2142
f 1932/2509/2143 1931/2508/2142 1939/2220/1866
f 1939/2220/1866 1931/2508/2142 1938/2096/1748
f 1924/2107/1759 1923/2105/1757 1933/2510/2144
f 1933/2510/2144 1923/2105/1757 1932/2509/2143
f 1933/2510/2144 1932/2509/2143 1940/2218/1864
f 1940/2218/1864 1932/2509/2143 1939/2220/1866
f 1925/2109/1761 1924/2107/1759 1934/2511/2145
f 1934/2511/2145 1924/2107/1759 1933/2510/2144
f 1934/2511/2145 1933/2510/2144 1941/2216/1862
f 1941/2216/1862 1933/2510/2144 1940/2218/1864
f 1926/2111/1763 1925/2109/1761 1935/2512/2146
f 1935/2512/2146 1925/2109/1761 1934/2511/2145
f 1935/2512/2146 1934/2511/2145 1942/2214/1860
f 1942/2214/1860 1934/2511/2145 1941/2216/1862
f 1927/2113/1765 1926/2111/1763 1936/2513/2147
f 1936/2513/2147 1926/2111/1763 1935/2512/2146
f 1936/2513/2147 1935/2512/2146 1943/2212/1858
f 1943/2212/1858 1935/2512/2146 1942/2214/1860
f 1929/2207/1853 1592/2117/1769 1928/2115/1767
f 1928/2115/1767 1927/2113/1765 1937/2514/2148
f 1937/2514/2148 1927/2113/1765 1936/2513/2147
f 1937/2514/2148 1936/2513/2147 1944/2210/1856
f 1944/2210/1856 1936/2513/2147 1943/2212/1858
f 1945/2208/1854 1929/2207/1853 1937/2514/2148
f 1937/2514/2148 1929/2207/1853 1928/2115/1767
f 1945/2208/1854 1937/2514/2148 1944/2210/1856
f 1955/2389/2023 1956/2399/2033 1946/2390/2024
f 1946/2390/2024 1956/2399/2033 1947/2392/2026
f 1956/2399/2033 1957/2401/2035 1947/2392/2026
f 1947/2392/2026 1957/2401/2035 1948/2394/2028
f 1957/2401/2035 1958/2403/2037 1948/2394/2028
f 1948/2394/2028 1958/2403/2037 1949/2091/1743
f 1958/2403/2037 1959/2089/1741 1949/2091/1743
f 1970/2204/1850 1954/2203/1849 1962/2429/2063
f 1970/2204/1850 1962/2429/2063 1969/2206/1852
f 1128/2515/1297 981/2516/1296 1976/2517/2149
f 1976/2517/2149 981/2516/1296 980/2518/2150
f 1976/2517/2149 980/2518/2150 1984/2519/2151
f 1984/2519/2151 980/2518/2150 1983/2520/2152
f 1984/2519/2151 1983/2520/2152 1992/2521/2153
f 1992/2521/2153 1983/2520/2152 1991/2522/2154
f 1992/2521/2153 1991/2522/2154 2000/2523/2155
f 2000/2523/2155 1991/2522/2154 1999/2524/2156
f 2000/2523/2155 1999/2524/2156 2002/2525/2157
f 2002/2525/2157 1999/2524/2156 2003/2526/2158
f 2002/2525/2157 2003/2526/2158 2011/2527/2159
f 2011/2527/2159 2003/2526/2158 2010/2528/2160
f 2011/2527/2159 2010/2528/2160 1195/2529/2161
f 1195/2529/2161 2010/2528/2160 1196/2530/2162
f 1196/2530/2162 2010/2528/2160 1973/2531/2163
f 1196/2530/2162 1973/2531/2163 1197/2532/2164
f 1197/2532/2164 1973/2531/2163 2006/2533/2165
f 1197/2532/2164 2006/2533/2165 1198/2534/2166
f 1198/2534/2166 2006/2533/2165 2007/2535/2167
f 1198/2534/2166 2007/2535/2167 2008/2536/2168
f 2008/2536/2168 2007/2535/2167 1994/2537/2169
f 2008/2536/2168 1994/2537/2169 1974/2538/2170
f 1974/2538/2170 1994/2537/2169 1985/2539/2171
f 1974/2538/2170 1985/2539/2171 1972/2540/2172
f 1972/2540/2172 1985/2539/2171 1971/2541/2173
f 1971/2541/2173 1985/2539/2171 1977/2542/2174
f 1971/2541/2173 1977/2542/2174 971/2543/2175
f 971/2543/2175 1977/2542/2174 973/2544/2176
f 971/2543/2175 973/2544/2176 972/2545/2177
f 980/2518/2150 979/2546/2178 1983/2520/2152
f 1983/2520/2152 979/2546/2178 1982/2547/2179
f 1983/2520/2152 1982/2547/2179 1991/2522/2154
f 1991/2522/2154 1982/2547/2179 1990/2548/2180
f 1991/2522/2154 1990/2548/2180 1999/2524/2156
f 1999/2524/2156 1990/2548/2180 1998/2549/2181
f 1999/2524/2156 1998/2549/2181 2003/2526/2158
f 2003/2526/2158 1998/2549/2181 2004/2550/2182
f 2003/2526/2158 2004/2550/2182 2010/2528/2160
f 2010/2528/2160 2004/2550/2182 1973/2531/2163
f 1982/2547/2179 979/2546/2178 1981/2551/2183
f 1981/2551/2183 979/2546/2178 978/2552/2184
f 1981/2551/2183 978/2552/2184 1980/2553/2185
f 1980/2553/2185 978/2552/2184 977/2554/2186
f 1980/2553/2185 977/2554/2186 1979/2555/2187
f 1979/2555/2187 977/2554/2186 976/2556/2188
f 1979/2555/2187 976/2556/2188 1978/2557/2189
f 1978/2557/2189 976/2556/2188 975/2558/2190
f 1978/2557/2189 975/2558/2190 1977/2542/2174
f 1977/2542/2174 975/2558/2190 974/2559/2191
f 1977/2542/2174 974/2559/2191 973/2544/2176
f 1972/2540/2172 1169/2560/2192 1974/2538/2170
f 1974/2538/2170 1169/2560/2192 2009/2561/2193
f 1974/2538/2170 2009/2561/2193 2008/2536/2168
f 2008/2536/2168 2009/2561/2193 1199/2562/2194
f 2008/2536/2168 1199/2562/2194 1198/2534/2166
f 1169/2560/2192 1200/2563/2195 2009/2561/2193
f 2009/2561/2193 1200/2563/2195 1199/2562/2194
f 1195/2529/2161 1194/2564/2196 2011/2527/2159
f 2011/2527/2159 1194/2564/2196 2012/2565/2197
f 2011/2527/2159 2012/2565/2197 2002/2525/2157
f 2002/2525/2157 2012/2565/2197 1975/2566/2198
f 2002/2525/2157 1975/2566/2198 2000/2523/2155
f 2000/2523/2155 1975/2566/2198 2001/2567/2199
f 2000/2523/2155 2001/2567/2199 1992/2521/2153
f 1992/2521/2153 2001/2567/2199 1993/2568/2200
f 1992/2521/2153 1993/2568/2200 1984/2519/2151
f 1984/2519/2151 1993/2568/2200 1976/2517/2149
f 2012/2565/2197 1194/2564/2196 1129/2569/1294
f 1129/2569/1294 1194/2564/2196 1193/2570/2201
f 1129/2569/1294 1193/2570/2201 1130/2571/1295
f 2012/2565/2197 1129/2569/1294 1975/2566/2198
f 1975/2566/2198 1129/2569/1294 1128/2515/1297
f 1975/2566/2198 1128/2515/1297 2001/2567/2199
f 2001/2567/2199 1128/2515/1297 1993/2568/2200
f 1993/2568/2200 1128/2515/1297 1976/2517/2149
f 1978/2557/2189 1977/2542/2174 1986/2572/2202
f 1986/2572/2202 1977/2542/2174 1985/2539/2171
f 1986/2572/2202 1985/2539/2171 1994/2537/2169
f 1979/2555/2187 1978/2557/2189 1987/2573/2203
f 1987/2573/2203 1978/2557/2189 1986/2572/2202
f 1987/2573/2203 1986/2572/2202 1995/2574/2204
f 1995/2574/2204 1986/2572/2202 1994/2537/2169
f 1995/2574/2204 1994/2537/2169 2007/2535/2167
f 1980/2553/2185 1979/2555/2187 1988/2575/2205
f 1988/2575/2205 1979/2555/2187 1987/2573/2203
f 1988/2575/2205 1987/2573/2203 1996/2576/2206
f 1996/2576/2206 1987/2573/2203 1995/2574/2204
f 1996/2576/2206 1995/2574/2204 2006/2533/2165
f 2006/2533/2165 1995/2574/2204 2007/2535/2167
f 1990/2548/2180 1982/2547/2179 1981/2551/2183
f 1981/2551/2183 1980/2553/2185 1989/2577/2207
f 1989/2577/2207 1980/2553/2185 1988/2575/2205
f 1989/2577/2207 1988/2575/2205 1997/2578/2208
f 1997/2578/2208 1988/2575/2205 1996/2576/2206
f 1997/2578/2208 1996/2576/2206 2005/2579/2209
f 2005/2579/2209 1996/2576/2206 2006/2533/2165
f 2005/2579/2209 2006/2533/2165 1973/2531/2163
f 1998/2549/2181 1990/2548/2180 1989/2577/2207
f 1989/2577/2207 1990/2548/2180 1981/2551/2183
f 1998/2549/2181 1989/2577/2207 1997/2578/2208
f 2004/2550/2182 1998/2549/2181 1997/2578/2208
f 2004/2550/2182 1997/2578/2208 2005/2579/2209
f 2004/2550/2182 2005/2579/2209 1973/2531/2163
f 1076/2580/2022 1587/2581/2210 1021/2582/2211
f 1021/2582/2211 1587/2581/2210 2031/2583/2212
f 2031/2583/2212 1587/2581/2210 1586/2584/2213
f 2031/2583/2212 1586/2584/2213 2030/2585/2214
f 2030/2585/2214 1586/2584/2213 1585/2586/2215
f 2030/2585/2214 1585/2586/2215 2029/2587/2216
f 2029/2587/2216 1585/2586/2215 1584/2588/2217
f 2029/2587/2216 1584/2588/2217 2028/2589/2218
f 2028/2589/2218 1584/2588/2217 1583/2590/2219
f 2028/2589/2218 1583/2590/2219 2027/2591/2220
f 2027/2591/2220 1583/2590/2219 1582/2592/2221
f 2027/2591/2220 1582/2592/2221 2026/2593/2222
f 2026/2593/2222 1582/2592/2221 2025/2594/2223
f 2025/2594/2223 1582/2592/2221 1581/2595/2224
f 2025/2594/2223 1581/2595/2224 2024/2596/2225
f 2024/2596/2225 1581/2595/2224 1580/2597/2226
f 2024/2596/2225 1580/2597/2226 2023/2598/2227
f 2023/2598/2227 1580/2597/2226 1579/2599/2228
f 2023/2598/2227 1579/2599/2228 2022/2600/2229
f 2022/2600/2229 1579/2599/2228 1578/2601/2230
f 2022/2600/2229 1578/2601/2230 2021/2602/2231
f 2021/2602/2231 1578/2601/2230 1577/2603/2232
f 2021/2602/2231 1577/2603/2232 1576/2604/2233
f 1575/2605/2234 2019/2606/2235 1576/2604/2233
f 1576/2604/2233 2019/2606/2235 2020/2607/2236
f 1576/2604/2233 2020/2607/2236 2021/2602/2231
f 1575/2605/2234 1574/2608/2237 2019/2606/2235
f 2019/2606/2235 1574/2608/2237 2018/2609/2238
f 2018/2609/2238 1574/2608/2237 2017/2610/2239
f 2017/2610/2239 1574/2608/2237 1573/2611/2240
f 2017/2610/2239 1573/2611/2240 2016/2612/2241
f 2016/2612/2241 1573/2611/2240 1572/2613/2242
f 2016/2612/2241 1572/2613/2242 2015/2614/2243
f 2015/2614/2243 1572/2613/2242 1571/2615/2244
f 2015/2614/2243 1571/2615/2244 2014/2616/2245
f 2014/2616/2245 1571/2615/2244 1570/2617/2246
f 2014/2616/2245 1570/2617/2246 2013/2618/2247
f 2013/2618/2247 1570/2617/2246 1187/2619/2248
f 2013/2620/2249 1187/2621/2250 2050/2622/2251
f 2050/2622/2251 1187/2621/2250 1186/2623/2252
f 2050/2622/2251 1186/2623/2252 2049/2624/2253
f 2049/2624/2253 1186/2623/2252 1185/2625/2254
f 2049/2624/2253 1185/2625/2254 2048/2626/2255
f 2048/2626/2255 1185/2625/2254 1184/2627/2256
f 2048/2626/2255 1184/2627/2256 2047/2628/2257
f 2047/2628/2257 1184/2627/2256 2046/2629/2258
f 2046/2629/2258 1184/2627/2256 1183/2630/2259
f 2046/2629/2258 1183/2630/2259 2045/2631/2260
f 2045/2631/2260 1183/2630/2259 1182/2632/2261
f 2045/2631/2260 1182/2632/2261 1181/2633/2262
f 1180/2634/2263 2043/2635/2264 1181/2633/2262
f 1181/2633/2262 2043/2635/2264 2044/2636/2265
f 1181/2633/2262 2044/2636/2265 2045/2631/2260
f 2043/2635/2264 1180/2634/2263 2042/2637/2266
f 2042/2637/2266 1180/2634/2263 1179/2638/2267
f 2042/2637/2266 1179/2638/2267 2041/2639/2268
f 2041/2639/2268 1179/2638/2267 1178/2640/2269
f 2041/2639/2268 1178/2640/2269 2040/2641/2270
f 2040/2641/2270 1178/2640/2269 1177/2642/2271
f 2040/2641/2270 1177/2642/2271 2039/2643/2272
f 2039/2643/2272 1177/2642/2271 1176/2644/2273
f 2039/2643/2272 1176/2644/2273 2038/2645/2274
f 2038/2645/2274 1176/2644/2273 1175/2646/2275
f 2038/2645/2274 1175/2646/2275 2037/2647/2276
f 2037/2647/2276 1175/2646/2275 1174/2648/2277
f 2037/2647/2276 1174/2648/2277 2036/2649/2278
f 2036/2649/2278 1174/2648/2277 1173/2650/2279
f 2036/2649/2278 1173/2650/2279 2035/2651/2280
f 2035/2651/2280 1173/2650/2279 1172/2652/2281
f 2035/2651/2280 1172/2652/2281 2034/2653/2282
f 2034/2653/2282 1172/2652/2281 1171/2654/2283
f 2034/2653/2282 1171/2654/2283 1170/2655/2284
f 2034/2653/2282 1170/2655/2284 2033/2656/2285
f 2033/2656/2285 1170/2655/2284 1169/2657/1333
f 2033/2656/2285 1169/2657/1333 2032/2658/2286
f 863/2659/2287 2070/2660/2288 864/2661/2289
f 864/2661/2289 2070/2660/2288 2065/2662/2290
f 864/2661/2289 2065/2662/2290 2062/2663/2291
f 2062/2663/2291 2065/2662/2290 2087/2664/2292
f 2062/2663/2291 2087/2664/2292 2064/2665/2293
f 2064/2665/2293 2087/2664/2292 2086/2666/2294
f 2064/2665/2293 2086/2666/2294 2094/2667/2295
f 2094/2667/2295 2086/2666/2294 2085/2668/2296
f 2094/2667/2295 2085/2668/2296 2095/2669/2297
f 2095/2669/2297 2085/2668/2296 2084/2670/2298
f 2095/2669/2297 2084/2670/2298 2096/2671/2299
f 2096/2671/2299 2084/2670/2298 2083/2672/2300
f 2096/2671/2299 2083/2672/2300 2097/2673/2301
f 2097/2673/2301 2083/2672/2300 2082/2674/2302
f 2097/2673/2301 2082/2674/2302 2089/2675/2303
f 2089/2675/2303 2082/2674/2302 2081/2676/2304
f 2089/2675/2303 2081/2676/2304 2098/2677/2305
f 2098/2677/2305 2081/2676/2304 2080/2678/2306
f 2098/2677/2305 2080/2678/2306 2093/2679/2307
f 2093/2679/2307 2080/2678/2306 2079/2680/2308
f 2093/2679/2307 2079/2680/2308 2063/2681/2309
f 2063/2681/2309 2079/2680/2308 2051/2682/2310
f 2063/2681/2309 2051/2682/2310 2052/2683/2311
f 863/2659/2287 862/2684/2312 2070/2660/2288
f 2070/2660/2288 862/2684/2312 2069/2685/2313
f 2070/2660/2288 2069/2685/2313 2065/2662/2290
f 2065/2662/2290 2069/2685/2313 2078/2686/2314
f 2065/2662/2290 2078/2686/2314 2087/2664/2292
f 2087/2664/2292 2078/2686/2314 2086/2666/2294
f 862/2684/2312 861/2687/2315 2069/2685/2313
f 2069/2685/2313 861/2687/2315 2068/2688/2316
f 2069/2685/2313 2068/2688/2316 2078/2686/2314
f 2078/2686/2314 2068/2688/2316 2077/2689/2317
f 2078/2686/2314 2077/2689/2317 2086/2666/2294
f 2086/2666/2294 2077/2689/2317 2085/2668/2296
f 861/2687/2315 860/2690/2318 2068/2688/2316
f 2068/2688/2316 860/2690/2318 2067/2691/2319
f 2068/2688/2316 2067/2691/2319 2077/2689/2317
f 2077/2689/2317 2067/2691/2319 2076/2692/2320
f 2077/2689/2317 2076/2692/2320 2085/2668/2296
f 2085/2668/2296 2076/2692/2320 2084/2670/2298
f 2067/2691/2319 860/2690/2318 2066/2693/2321
f 2066/2693/2321 860/2690/2318 859/2694/2322
f 2066/2693/2321 859/2694/2322 858/2695/2323
f 2066/2693/2321 858/2695/2323 2075/2696/2324
f 2075/2696/2324 858/2695/2323 857/2697/2325
f 2075/2696/2324 857/2697/2325 2074/2698/2326
f 2074/2698/2326 857/2697/2325 2073/2699/2327
f 2074/2698/2326 2073/2699/2327 2082/2674/2302
f 2082/2674/2302 2073/2699/2327 2081/2676/2304
f 856/2700/2328 2071/2701/2329 857/2697/2325
f 857/2697/2325 2071/2701/2329 2072/2702/2330
f 857/2697/2325 2072/2702/2330 2073/2699/2327
f 2073/2699/2327 2072/2702/2330 2081/2676/2304
f 856/2700/2328 2051/2682/2310 2071/2701/2329
f 2071/2701/2329 2051/2682/2310 2079/2680/2308
f 2071/2701/2329 2079/2680/2308 2080/2678/2306
f 2053/2703/2331 2054/2704/2332 2052/2683/2311
f 2052/2683/2311 2054/2704/2332 2092/2705/2333
f 2052/2683/2311 2092/2705/2333 2063/2681/2309
f 2063/2681/2309 2092/2705/2333 2055/2706/2334
f 2063/2681/2309 2055/2706/2334 2093/2679/2307
f 2093/2679/2307 2055/2706/2334 2091/2707/2335
f 2093/2679/2307 2091/2707/2335 2098/2677/2305
f 2098/2677/2305 2091/2707/2335 2090/2708/2336
f 2098/2677/2305 2090/2708/2336 2089/2675/2303
f 2089/2675/2303 2090/2708/2336 2088/2709/2337
f 2089/2675/2303 2088/2709/2337 2057/2710/2338
f 2057/2710/2338 2088/2709/2337 2056/2711/2339
f 2056/2711/2339 2088/2709/2337 2090/2708/2336
f 2056/2711/2339 2090/2708/2336 2091/2707/2335
f 2054/2704/2332 2055/2706/2334 2092/2705/2333
f 2055/2706/2334 2056/2711/2339 2091/2707/2335
f 2058/2712/2340 2099/2713/2341 2057/2710/2338
f 2057/2710/2338 2099/2713/2341 2097/2673/2301
f 2057/2710/2338 2097/2673/2301 2089/2675/2303
f 2058/2712/2340 2059/2714/2342 2099/2713/2341
f 2099/2713/2341 2059/2714/2342 2097/2673/2301
f 2097/2673/2301 2059/2714/2342 2096/2671/2299
f 2096/2671/2299 2059/2714/2342 2060/2715/2343
f 2096/2671/2299 2060/2715/2343 2095/2669/2297
f 2095/2669/2297 2060/2715/2343 2061/2716/2344
f 2095/2669/2297 2061/2716/2344 2094/2667/2295
f 2094/2667/2295 2061/2716/2344 2064/2665/2293
f 2061/2716/2344 2032/2717/2345 2064/2665/2293
f 2064/2665/2293 2032/2717/2345 2062/2663/2291
f 2076/2692/2320 2067/2691/2319 2066/2693/2321
f 2081/2676/2304 2072/2702/2330 2080/2678/2306
f 2080/2678/2306 2072/2702/2330 2071/2701/2329
f 2084/2670/2298 2076/2692/2320 2075/2696/2324
f 2075/2696/2324 2076/2692/2320 2066/2693/2321
f 2082/2674/2302 2083/2672/2300 2074/2698/2326
f 2074/2698/2326 2083/2672/2300 2075/2696/2324
f 2083/2672/2300 2084/2670/2298 2075/2696/2324
f 2031/2718/2346 2492/2719/2347 1021/2720/2348
f 1021/2720/2348 2492/2719/2347 2141/2721/2349
f 1021/2720/2348 2141/2721/2349 1022/2722/2350
f 1022/2722/2350 2141/2721/2349 2142/2723/2351
f 1022/2722/2350 2142/2723/2351 1023/2724/2352
f 1023/2724/2352 2142/2723/2351 2143/2725/2353
f 1023/2724/2352 2143/2725/2353 2144/2726/2354
f 2144/2726/2354 2143/2725/2353 2506/2727/2355
f 2144/2726/2354 2506/2727/2355 2505/2728/2356
f 2505/2728/2356 2506/2727/2355 2497/2729/2357
f 2505/2728/2356 2497/2729/2357 2496/2730/2358
f 2496/2730/2358 2497/2729/2357 2487/2731/2359
f 2496/2730/2358 2487/2731/2359 2486/2732/2360
f 2486/2732/2360 2487/2731/2359 2167/2733/2361
f 2486/2732/2360 2167/2733/2361 2166/2734/2362
f 2166/2734/2362 2167/2733/2361 2163/2735/2363
f 2166/2734/2362 2163/2735/2363 2164/2736/2364
f 2164/2736/2364 2163/2735/2363 2127/2737/2365
f 2164/2736/2364 2127/2737/2365 2123/2738/2366
f 2123/2738/2366 2127/2737/2365 2468/2739/2367
f 2123/2738/2366 2468/2739/2367 2122/2740/2368
f 2122/2740/2368 2468/2739/2367 2459/2741/2369
f 2122/2740/2368 2459/2741/2369 2183/2742/2370
f 2183/2742/2370 2459/2741/2369 2460/2743/2371
f 2183/2742/2370 2460/2743/2371 2184/2744/2372
f 2184/2744/2372 2460/2743/2371 2461/2745/2373
f 2184/2744/2372 2461/2745/2373 2185/2746/2374
f 2185/2746/2374 2461/2745/2373 2462/2747/2375
f 2185/2746/2374 2462/2747/2375 2186/2748/2376
f 2186/2748/2376 2462/2747/2375 2463/2749/2377
f 2186/2748/2376 2463/2749/2377 2187/2750/2378
f 2187/2750/2378 2463/2749/2377 2464/2751/2379
f 2187/2750/2378 2464/2751/2379 2188/2752/2380
f 2188/2752/2380 2464/2751/2379 2465/2753/2381
f 2188/2752/2380 2465/2753/2381 2189/2754/2382
f 2189/2754/2382 2465/2753/2381 2466/2755/2383
f 2189/2754/2382 2466/2755/2383 2190/2756/2384
f 2190/2756/2384 2466/2755/2383 2128/2757/2385
f 2190/2756/2384 2128/2757/2385 2191/2758/2386
f 2191/2758/2386 2128/2757/2385 2030/2759/2387
f 2191/2758/2386 2030/2759/2387 2174/2760/2388
f 2174/2760/2388 2030/2759/2387 2442/2761/2389
f 2174/2760/2388 2442/2761/2389 2458/2762/2390
f 2458/2762/2390 2442/2761/2389 2450/2763/2391
f 2458/2762/2390 2450/2763/2391 2449/2764/2392
f 2449/2764/2392 2450/2763/2391 2440/2765/2393
f 2449/2764/2392 2440/2765/2393 2439/2766/2394
f 2439/2766/2394 2440/2765/2393 2206/2767/2395
f 2439/2766/2394 2206/2767/2395 2205/2768/2396
f 2205/2768/2396 2206/2767/2395 2196/2769/2397
f 2205/2768/2396 2196/2769/2397 2197/2770/2398
f 2197/2770/2398 2196/2769/2397 2429/2771/2399
f 2197/2770/2398 2429/2771/2399 2428/2772/2400
f 2428/2772/2400 2429/2771/2399 2420/2773/2401
f 2428/2772/2400 2420/2773/2401 2419/2774/2402
f 2419/2774/2402 2420/2773/2401 2410/2775/2403
f 2419/2774/2402 2410/2775/2403 2409/2776/2404
f 2409/2776/2404 2410/2775/2403 2219/2777/2405
f 2409/2776/2404 2219/2777/2405 2120/2778/2406
f 2120/2778/2406 2219/2777/2405 2218/2779/2407
f 2120/2778/2406 2218/2779/2407 2133/2780/2408
f 2133/2780/2408 2218/2779/2407 2217/2781/2409
f 2133/2780/2408 2217/2781/2409 2401/2782/2410
f 2401/2782/2410 2217/2781/2409 2216/2783/2411
f 2401/2782/2410 2216/2783/2411 2402/2784/2412
f 2402/2784/2412 2216/2783/2411 2215/2785/2413
f 2402/2784/2412 2215/2785/2413 2403/2786/2414
f 2403/2786/2414 2215/2785/2413 2214/2787/2415
f 2403/2786/2414 2214/2787/2415 2404/2788/2416
f 2404/2788/2416 2214/2787/2415 2213/2789/2417
f 2404/2788/2416 2213/2789/2417 2405/2790/2418
f 2405/2790/2418 2213/2789/2417 2212/2791/2419
f 2405/2790/2418 2212/2791/2419 2406/2792/2420
f 2406/2792/2420 2212/2791/2419 2211/2793/2421
f 2406/2792/2420 2211/2793/2421 2407/2794/2422
f 2407/2794/2422 2211/2793/2421 2210/2795/2423
f 2407/2794/2422 2210/2795/2423 2408/2796/2424
f 2408/2796/2424 2210/2795/2423 2028/2797/2425
f 2408/2796/2424 2028/2797/2425 2392/2798/2426
f 2392/2798/2426 2028/2797/2425 2027/2799/2427
f 2392/2798/2426 2027/2799/2427 2134/2800/2428
f 2134/2800/2428 2027/2799/2427 2245/2801/2429
f 2134/2800/2428 2245/2801/2429 2244/2802/2430
f 2244/2802/2430 2245/2801/2429 2229/2803/2431
f 2244/2802/2430 2229/2803/2431 2230/2804/2432
f 2230/2804/2432 2229/2803/2431 2258/2805/2433
f 2230/2804/2432 2258/2805/2433 2257/2806/2434
f 2257/2806/2434 2258/2805/2433 2248/2807/2435
f 2257/2806/2434 2248/2807/2435 2249/2808/2436
f 2249/2808/2436 2248/2807/2435 2273/2809/2437
f 2249/2808/2436 2273/2809/2437 2272/2810/2438
f 2272/2810/2438 2273/2809/2437 2265/2811/2439
f 2272/2810/2438 2265/2811/2439 2266/2812/2440
f 2266/2812/2440 2265/2811/2439 2284/2813/2441
f 2266/2812/2440 2284/2813/2441 2285/2814/2442
f 2285/2814/2442 2284/2813/2441 2294/2815/2443
f 2285/2814/2442 2294/2815/2443 2295/2816/2444
f 2295/2816/2444 2294/2815/2443 2304/2817/2445
f 2295/2816/2444 2304/2817/2445 2114/2818/2446
f 2114/2818/2446 2304/2817/2445 2113/2819/2447
f 2113/2819/2447 2304/2817/2445 2313/2820/2448
f 2113/2819/2447 2313/2820/2448 2112/2821/2449
f 2112/2821/2449 2313/2820/2448 2322/2822/2450
f 2112/2821/2449 2322/2822/2450 2139/2823/2451
f 2139/2823/2451 2322/2822/2450 2321/2824/2452
f 2139/2823/2451 2321/2824/2452 2377/2825/2453
f 2377/2825/2453 2321/2824/2452 2320/2826/2454
f 2377/2825/2453 2320/2826/2454 2378/2827/2455
f 2378/2827/2455 2320/2826/2454 2319/2828/2456
f 2378/2827/2455 2319/2828/2456 2379/2829/2457
f 2379/2829/2457 2319/2828/2456 2318/2830/2458
f 2379/2829/2457 2318/2830/2458 2380/2831/2459
f 2380/2831/2459 2318/2830/2458 2317/2832/2460
f 2380/2831/2459 2317/2832/2460 2381/2833/2461
f 2381/2833/2461 2317/2832/2460 2316/2834/2462
f 2381/2833/2461 2316/2834/2462 2382/2835/2463
f 2382/2835/2463 2316/2834/2462 2315/2836/2464
f 2382/2835/2463 2315/2836/2464 2383/2837/2465
f 2383/2837/2465 2315/2836/2464 2314/2838/2466
f 2383/2837/2465 2314/2838/2466 2140/2839/2467
f 2140/2839/2467 2314/2838/2466 2020/2840/2468
f 2140/2839/2467 2020/2840/2468 2019/2841/2469
f 2030/2759/2387 2467/2842/2470 2031/2718/2346
f 2031/2718/2346 2467/2842/2470 2156/2843/2471
f 2031/2718/2346 2156/2843/2471 2173/2844/2472
f 2173/2844/2472 2156/2843/2471 2157/2845/2473
f 2173/2844/2472 2157/2845/2473 2172/2846/2474
f 2172/2846/2474 2157/2845/2473 2158/2847/2475
f 2172/2846/2474 2158/2847/2475 2171/2848/2476
f 2171/2848/2476 2158/2847/2475 2159/2849/2477
f 2171/2848/2476 2159/2849/2477 2170/2850/2478
f 2170/2850/2478 2159/2849/2477 2160/2851/2479
f 2170/2850/2478 2160/2851/2479 2169/2852/2480
f 2169/2852/2480 2160/2851/2479 2161/2853/2481
f 2169/2852/2480 2161/2853/2481 2168/2854/2482
f 2168/2854/2482 2161/2853/2481 2162/2855/2483
f 2168/2854/2482 2162/2855/2483 2167/2733/2361
f 2167/2733/2361 2162/2855/2483 2163/2735/2363
f 2030/2759/2387 2029/2856/2484 2442/2761/2389
f 2442/2761/2389 2029/2856/2484 2451/2857/2485
f 2442/2761/2389 2451/2857/2485 2450/2763/2391
f 2450/2763/2391 2451/2857/2485 2441/2858/2486
f 2450/2763/2391 2441/2858/2486 2440/2765/2393
f 2440/2765/2393 2441/2858/2486 2207/2859/2487
f 2440/2765/2393 2207/2859/2487 2206/2767/2395
f 2206/2767/2395 2207/2859/2487 2195/2860/2488
f 2206/2767/2395 2195/2860/2488 2196/2769/2397
f 2196/2769/2397 2195/2860/2488 2430/2861/2489
f 2196/2769/2397 2430/2861/2489 2429/2771/2399
f 2429/2771/2399 2430/2861/2489 2421/2862/2490
f 2429/2771/2399 2421/2862/2490 2420/2773/2401
f 2420/2773/2401 2421/2862/2490 2411/2863/2491
f 2420/2773/2401 2411/2863/2491 2410/2775/2403
f 2410/2775/2403 2411/2863/2491 2220/2864/2492
f 2410/2775/2403 2220/2864/2492 2219/2777/2405
f 2219/2777/2405 2220/2864/2492 2218/2779/2407
f 2028/2797/2425 2417/2865/2493 2029/2856/2484
f 2029/2856/2484 2417/2865/2493 2192/2866/2494
f 2029/2856/2484 2192/2866/2494 2209/2867/2495
f 2209/2867/2495 2192/2866/2494 2193/2868/2496
f 2209/2867/2495 2193/2868/2496 2208/2869/2497
f 2208/2869/2497 2193/2868/2496 2194/2870/2498
f 2208/2869/2497 2194/2870/2498 2207/2859/2487
f 2207/2859/2487 2194/2870/2498 2195/2860/2488
f 2026/2871/2499 2136/2872/2500 2027/2799/2427
f 2027/2799/2427 2136/2872/2500 2228/2873/2501
f 2027/2799/2427 2228/2873/2501 2245/2801/2429
f 2245/2801/2429 2228/2873/2501 2229/2803/2431
f 2136/2872/2500 2026/2871/2499 2138/2874/2502
f 2138/2874/2502 2026/2871/2499 2025/2875/2503
f 2138/2874/2502 2025/2875/2503 2277/2876/2504
f 2277/2876/2504 2025/2875/2503 2260/2877/2505
f 2277/2876/2504 2260/2877/2505 2261/2878/2506
f 2261/2878/2506 2260/2877/2505 2279/2879/2507
f 2261/2878/2506 2279/2879/2507 2280/2880/2508
f 2280/2880/2508 2279/2879/2507 2289/2881/2509
f 2280/2880/2508 2289/2881/2509 2290/2882/2510
f 2290/2882/2510 2289/2881/2509 2299/2883/2511
f 2290/2882/2510 2299/2883/2511 2300/2884/2512
f 2300/2884/2512 2299/2883/2511 2309/2885/2513
f 2300/2884/2512 2309/2885/2513 2310/2886/2514
f 2310/2886/2514 2309/2885/2513 2319/2828/2456
f 2310/2886/2514 2319/2828/2456 2320/2826/2454
f 2025/2875/2503 2024/2887/2515 2260/2877/2505
f 2260/2877/2505 2024/2887/2515 2278/2888/2516
f 2260/2877/2505 2278/2888/2516 2279/2879/2507
f 2279/2879/2507 2278/2888/2516 2288/2889/2517
f 2279/2879/2507 2288/2889/2517 2289/2881/2509
f 2289/2881/2509 2288/2889/2517 2298/2890/2518
f 2289/2881/2509 2298/2890/2518 2299/2883/2511
f 2299/2883/2511 2298/2890/2518 2308/2891/2519
f 2299/2883/2511 2308/2891/2519 2309/2885/2513
f 2309/2885/2513 2308/2891/2519 2318/2830/2458
f 2309/2885/2513 2318/2830/2458 2319/2828/2456
f 2024/2887/2515 2023/2892/2520 2278/2888/2516
f 2278/2888/2516 2023/2892/2520 2287/2893/2521
f 2278/2888/2516 2287/2893/2521 2288/2889/2517
f 2288/2889/2517 2287/2893/2521 2297/2894/2522
f 2288/2889/2517 2297/2894/2522 2298/2890/2518
f 2298/2890/2518 2297/2894/2522 2307/2895/2523
f 2298/2890/2518 2307/2895/2523 2308/2891/2519
f 2308/2891/2519 2307/2895/2523 2317/2832/2460
f 2308/2891/2519 2317/2832/2460 2318/2830/2458
f 2023/2892/2520 2022/2896/2524 2287/2893/2521
f 2287/2893/2521 2022/2896/2524 2296/2897/2525
f 2287/2893/2521 2296/2897/2525 2297/2894/2522
f 2297/2894/2522 2296/2897/2525 2306/2898/2526
f 2297/2894/2522 2306/2898/2526 2307/2895/2523
f 2307/2895/2523 2306/2898/2526 2316/2834/2462
f 2307/2895/2523 2316/2834/2462 2317/2832/2460
f 2022/2896/2524 2021/2899/2527 2296/2897/2525
f 2296/2897/2525 2021/2899/2527 2305/2900/2528
f 2296/2897/2525 2305/2900/2528 2306/2898/2526
f 2306/2898/2526 2305/2900/2528 2315/2836/2464
f 2306/2898/2526 2315/2836/2464 2316/2834/2462
f 2021/2899/2527 2020/2840/2468 2305/2900/2528
f 2305/2900/2528 2020/2840/2468 2314/2838/2466
f 2305/2900/2528 2314/2838/2466 2315/2836/2464
f 2018/2901/2529 2323/2902/2530 2019/2841/2469
f 2019/2841/2469 2323/2902/2530 2340/2903/2531
f 2019/2841/2469 2340/2903/2531 2140/2839/2467
f 2140/2839/2467 2340/2903/2531 2339/2904/2532
f 2140/2839/2467 2339/2904/2532 2383/2837/2465
f 2383/2837/2465 2339/2904/2532 2338/2905/2533
f 2383/2837/2465 2338/2905/2533 2382/2835/2463
f 2382/2835/2463 2338/2905/2533 2337/2906/2534
f 2382/2835/2463 2337/2906/2534 2381/2833/2461
f 2381/2833/2461 2337/2906/2534 2336/2907/2535
f 2381/2833/2461 2336/2907/2535 2380/2831/2459
f 2380/2831/2459 2336/2907/2535 2335/2908/2536
f 2380/2831/2459 2335/2908/2536 2379/2829/2457
f 2379/2829/2457 2335/2908/2536 2334/2909/2537
f 2379/2829/2457 2334/2909/2537 2378/2827/2455
f 2378/2827/2455 2334/2909/2537 2333/2910/2538
f 2378/2827/2455 2333/2910/2538 2377/2825/2453
f 2377/2825/2453 2333/2910/2538 2332/2911/2539
f 2377/2825/2453 2332/2911/2539 2139/2823/2451
f 2139/2823/2451 2332/2911/2539 2111/2912/2540
f 2139/2823/2451 2111/2912/2540 2112/2821/2449
f 2323/2902/2530 2018/2901/2529 2341/2913/2541
f 2341/2913/2541 2018/2901/2529 2017/2914/2542
f 2341/2913/2541 2017/2914/2542 2350/2915/2543
f 2350/2915/2543 2017/2914/2542 2016/2916/2544
f 2350/2915/2543 2016/2916/2544 2359/2917/2545
f 2359/2917/2545 2016/2916/2544 2015/2918/2546
f 2359/2917/2545 2015/2918/2546 2368/2919/2547
f 2368/2919/2547 2015/2918/2546 2014/2920/2548
f 2368/2919/2547 2014/2920/2548 2100/2921/2549
f 2100/2921/2549 2014/2920/2548 2013/2922/2550
f 2368/2919/2547 2100/2921/2549 2369/2923/2551
f 2369/2923/2551 2100/2921/2549 2101/2924/2552
f 2369/2923/2551 2101/2924/2552 2370/2925/2553
f 2370/2925/2553 2101/2924/2552 2371/2926/2554
f 2370/2925/2553 2371/2926/2554 2361/2927/2555
f 2361/2927/2555 2371/2926/2554 2362/2928/2556
f 2361/2927/2555 2362/2928/2556 2352/2929/2557
f 2352/2929/2557 2362/2928/2556 2353/2930/2558
f 2352/2929/2557 2353/2930/2558 2343/2931/2559
f 2343/2931/2559 2353/2930/2558 2344/2932/2560
f 2343/2931/2559 2344/2932/2560 2325/2933/2561
f 2325/2933/2561 2344/2932/2560 2326/2934/2562
f 2325/2933/2561 2326/2934/2562 2338/2905/2533
f 2338/2905/2533 2326/2934/2562 2337/2906/2534
f 2101/2924/2552 2102/2935/2563 2371/2926/2554
f 2371/2926/2554 2102/2935/2563 2372/2936/2564
f 2371/2926/2554 2372/2936/2564 2362/2928/2556
f 2362/2928/2556 2372/2936/2564 2363/2937/2565
f 2362/2928/2556 2363/2937/2565 2353/2930/2558
f 2353/2930/2558 2363/2937/2565 2354/2938/2566
f 2353/2930/2558 2354/2938/2566 2344/2932/2560
f 2344/2932/2560 2354/2938/2566 2345/2939/2567
f 2344/2932/2560 2345/2939/2567 2326/2934/2562
f 2326/2934/2562 2345/2939/2567 2327/2940/2568
f 2326/2934/2562 2327/2940/2568 2337/2906/2534
f 2337/2906/2534 2327/2940/2568 2336/2907/2535
f 2372/2936/2564 2102/2935/2563 2373/2941/2569
f 2373/2941/2569 2102/2935/2563 2103/2942/2570
f 2373/2941/2569 2103/2942/2570 2374/2943/2571
f 2374/2943/2571 2103/2942/2570 2104/2944/2572
f 2374/2943/2571 2104/2944/2572 2375/2945/2573
f 2375/2945/2573 2104/2944/2572 2376/2946/2574
f 2375/2945/2573 2376/2946/2574 2366/2947/2575
f 2366/2947/2575 2376/2946/2574 2367/2948/2576
f 2366/2947/2575 2367/2948/2576 2357/2949/2577
f 2357/2949/2577 2367/2948/2576 2358/2950/2578
f 2357/2949/2577 2358/2950/2578 2348/2951/2579
f 2348/2951/2579 2358/2950/2578 2349/2952/2580
f 2348/2951/2579 2349/2952/2580 2330/2953/2581
f 2330/2953/2581 2349/2952/2580 2331/2954/2582
f 2330/2953/2581 2331/2954/2582 2333/2910/2538
f 2333/2910/2538 2331/2954/2582 2332/2911/2539
f 2104/2944/2572 2105/2955/2583 2376/2946/2574
f 2376/2946/2574 2105/2955/2583 2106/2956/2584
f 2376/2946/2574 2106/2956/2584 2107/2957/2585
f 2376/2946/2574 2107/2957/2585 2367/2948/2576
f 2367/2948/2576 2107/2957/2585 2108/2958/2586
f 2367/2948/2576 2108/2958/2586 2358/2950/2578
f 2358/2950/2578 2108/2958/2586 2109/2959/2587
f 2358/2950/2578 2109/2959/2587 2349/2952/2580
f 2349/2952/2580 2109/2959/2587 2110/2960/2588
f 2349/2952/2580 2110/2960/2588 2331/2954/2582
f 2331/2954/2582 2110/2960/2588 2111/2912/2540
f 2331/2954/2582 2111/2912/2540 2332/2911/2539
f 2114/2818/2446 2115/2961/2589 2295/2816/2444
f 2295/2816/2444 2115/2961/2589 2286/2962/2590
f 2295/2816/2444 2286/2962/2590 2285/2814/2442
f 2285/2814/2442 2286/2962/2590 2267/2963/2591
f 2285/2814/2442 2267/2963/2591 2266/2812/2440
f 2266/2812/2440 2267/2963/2591 2271/2964/2592
f 2266/2812/2440 2271/2964/2592 2272/2810/2438
f 2272/2810/2438 2271/2964/2592 2250/2965/2593
f 2272/2810/2438 2250/2965/2593 2249/2808/2436
f 2249/2808/2436 2250/2965/2593 2256/2966/2594
f 2249/2808/2436 2256/2966/2594 2257/2806/2434
f 2257/2806/2434 2256/2966/2594 2231/2967/2595
f 2257/2806/2434 2231/2967/2595 2230/2804/2432
f 2230/2804/2432 2231/2967/2595 2243/2968/2596
f 2230/2804/2432 2243/2968/2596 2244/2802/2430
f 2244/2802/2430 2243/2968/2596 2391/2969/2597
f 2244/2802/2430 2391/2969/2597 2134/2800/2428
f 2134/2800/2428 2391/2969/2597 2392/2798/2426
f 2115/2961/2589 2116/2970/2598 2286/2962/2590
f 2286/2962/2590 2116/2970/2598 2268/2971/2599
f 2286/2962/2590 2268/2971/2599 2267/2963/2591
f 2267/2963/2591 2268/2971/2599 2270/2972/2600
f 2267/2963/2591 2270/2972/2600 2271/2964/2592
f 2271/2964/2592 2270/2972/2600 2251/2973/2601
f 2271/2964/2592 2251/2973/2601 2250/2965/2593
f 2250/2965/2593 2251/2973/2601 2255/2974/2602
f 2250/2965/2593 2255/2974/2602 2256/2966/2594
f 2256/2966/2594 2255/2974/2602 2232/2975/2603
f 2256/2966/2594 2232/2975/2603 2231/2967/2595
f 2231/2967/2595 2232/2975/2603 2242/2976/2604
f 2231/2967/2595 2242/2976/2604 2243/2968/2596
f 2243/2968/2596 2242/2976/2604 2390/2977/2605
f 2243/2968/2596 2390/2977/2605 2391/2969/2597
f 2391/2969/2597 2390/2977/2605 2400/2978/2606
f 2391/2969/2597 2400/2978/2606 2392/2798/2426
f 2392/2798/2426 2400/2978/2606 2408/2796/2424
f 2116/2970/2598 2117/2979/2607 2268/2971/2599
f 2268/2971/2599 2117/2979/2607 2269/2980/2608
f 2268/2971/2599 2269/2980/2608 2270/2972/2600
f 2270/2972/2600 2269/2980/2608 2252/2981/2609
f 2270/2972/2600 2252/2981/2609 2251/2973/2601
f 2251/2973/2601 2252/2981/2609 2254/2982/2610
f 2251/2973/2601 2254/2982/2610 2255/2974/2602
f 2255/2974/2602 2254/2982/2610 2233/2983/2611
f 2255/2974/2602 2233/2983/2611 2232/2975/2603
f 2232/2975/2603 2233/2983/2611 2241/2984/2612
f 2232/2975/2603 2241/2984/2612 2242/2976/2604
f 2242/2976/2604 2241/2984/2612 2389/2985/2613
f 2242/2976/2604 2389/2985/2613 2390/2977/2605
f 2390/2977/2605 2389/2985/2613 2399/2986/2614
f 2390/2977/2605 2399/2986/2614 2400/2978/2606
f 2400/2978/2606 2399/2986/2614 2407/2794/2422
f 2400/2978/2606 2407/2794/2422 2408/2796/2424
f 2269/2980/2608 2117/2979/2607 2137/2987/2615
f 2137/2987/2615 2117/2979/2607 2118/2988/2616
f 2137/2987/2615 2118/2988/2616 2135/2989/2617
f 2135/2989/2617 2118/2988/2616 2119/2990/2618
f 2135/2989/2617 2119/2990/2618 2236/2991/2619
f 2236/2991/2619 2119/2990/2618 2237/2992/2620
f 2236/2991/2619 2237/2992/2620 2238/2993/2621
f 2238/2993/2621 2237/2992/2620 2385/2994/2622
f 2238/2993/2621 2385/2994/2622 2386/2995/2623
f 2386/2995/2623 2385/2994/2622 2395/2996/2624
f 2386/2995/2623 2395/2996/2624 2396/2997/2625
f 2396/2997/2625 2395/2996/2624 2403/2786/2414
f 2396/2997/2625 2403/2786/2414 2404/2788/2416
f 2120/2778/2406 2393/2998/2626 2119/2990/2618
f 2119/2990/2618 2393/2998/2626 2384/2999/2627
f 2119/2990/2618 2384/2999/2627 2237/2992/2620
f 2237/2992/2620 2384/2999/2627 2385/2994/2622
f 2409/2776/2404 2120/2778/2406 2418/3000/2628
f 2418/3000/2628 2120/2778/2406 2121/3001/2629
f 2418/3000/2628 2121/3001/2629 2131/3002/2630
f 2131/3002/2630 2121/3001/2629 2200/3003/2631
f 2131/3002/2630 2200/3003/2631 2199/3004/2632
f 2199/3004/2632 2200/3003/2631 2202/3005/2633
f 2199/3004/2632 2202/3005/2633 2203/3006/2634
f 2203/3006/2634 2202/3005/2633 2436/3007/2635
f 2203/3006/2634 2436/3007/2635 2437/3008/2636
f 2437/3008/2636 2436/3007/2635 2446/3009/2637
f 2437/3008/2636 2446/3009/2637 2447/3010/2638
f 2447/3010/2638 2446/3009/2637 2455/3011/2639
f 2447/3010/2638 2455/3011/2639 2456/3012/2640
f 2456/3012/2640 2455/3011/2639 2177/3013/2641
f 2456/3012/2640 2177/3013/2641 2176/3014/2642
f 2176/3014/2642 2177/3013/2641 2189/2754/2382
f 2176/3014/2642 2189/2754/2382 2190/2756/2384
f 2122/2740/2368 2443/3015/2643 2121/3001/2629
f 2121/3001/2629 2443/3015/2643 2434/3016/2644
f 2121/3001/2629 2434/3016/2644 2201/3017/2645
f 2201/3017/2645 2434/3016/2644 2435/3018/2646
f 2201/3017/2645 2435/3018/2646 2202/3005/2633
f 2202/3005/2633 2435/3018/2646 2436/3007/2635
f 2124/3019/2647 2493/3020/2648 2123/2738/2366
f 2123/2738/2366 2493/3020/2648 2484/3021/2649
f 2123/2738/2366 2484/3021/2649 2165/3022/2650
f 2165/3022/2650 2484/3021/2649 2485/3023/2651
f 2165/3022/2650 2485/3023/2651 2166/2734/2362
f 2166/2734/2362 2485/3023/2651 2486/2732/2360
f 1030/3024/2652 1029/3025/2653 2124/3019/2647
f 2124/3019/2647 1029/3025/2653 2150/3026/2654
f 2124/3019/2647 2150/3026/2654 2149/3027/2655
f 2149/3027/2655 2150/3026/2654 1028/3028/2656
f 2149/3027/2655 1028/3028/2656 2148/3029/2657
f 2148/3029/2657 1028/3028/2656 2151/3030/2658
f 2148/3029/2657 2151/3030/2658 2147/3031/2659
f 2147/3031/2659 2151/3030/2658 2152/3032/2660
f 2147/3031/2659 2152/3032/2660 2146/3033/2661
f 2146/3033/2661 2152/3032/2660 2153/3034/2662
f 2146/3033/2661 2153/3034/2662 2145/3035/2663
f 2145/3035/2663 2153/3034/2662 1026/3036/2664
f 2145/3035/2663 1026/3036/2664 2154/3037/2665
f 2154/3037/2665 1026/3036/2664 1025/3038/2666
f 2154/3037/2665 1025/3038/2666 2144/2726/2354
f 2144/2726/2354 1025/3038/2666 2155/3039/2667
f 2144/2726/2354 2155/3039/2667 1024/3040/2668
f 1024/3040/2668 2155/3039/2667 1025/3038/2666
f 1029/3025/2653 1028/3028/2656 2150/3026/2654
f 1028/3028/2656 1027/3041/2669 2151/3030/2658
f 2151/3030/2658 1027/3041/2669 2152/3032/2660
f 2152/3032/2660 1027/3041/2669 2153/3034/2662
f 2153/3034/2662 1027/3041/2669 1026/3036/2664
f 1024/3040/2668 1023/2724/2352 2144/2726/2354
f 2124/3019/2647 2149/3027/2655 2125/3042/2670
f 2125/3042/2670 2149/3027/2655 2148/3029/2657
f 2125/3042/2670 2148/3029/2657 2502/3043/2671
f 2502/3043/2671 2148/3029/2657 2147/3031/2659
f 2502/3043/2671 2147/3031/2659 2503/3044/2672
f 2503/3044/2672 2147/3031/2659 2146/3033/2661
f 2503/3044/2672 2146/3033/2661 2504/3045/2673
f 2504/3045/2673 2146/3033/2661 2145/3035/2663
f 2504/3045/2673 2145/3035/2663 2505/2728/2356
f 2505/2728/2356 2145/3035/2663 2144/2726/2354
f 2031/2718/2346 2173/2844/2472 2126/3046/2674
f 2126/3046/2674 2173/2844/2472 2172/2846/2474
f 2126/3046/2674 2172/2846/2474 2491/3047/2675
f 2491/3047/2675 2172/2846/2474 2171/2848/2476
f 2491/3047/2675 2171/2848/2476 2490/3048/2676
f 2490/3048/2676 2171/2848/2476 2170/2850/2478
f 2490/3048/2676 2170/2850/2478 2489/3049/2677
f 2489/3049/2677 2170/2850/2478 2169/2852/2480
f 2489/3049/2677 2169/2852/2480 2488/3050/2678
f 2488/3050/2678 2169/2852/2480 2168/2854/2482
f 2488/3050/2678 2168/2854/2482 2487/2731/2359
f 2487/2731/2359 2168/2854/2482 2167/2733/2361
f 2129/3051/2679 2122/2740/2368 2182/3052/2680
f 2182/3052/2680 2122/2740/2368 2183/2742/2370
f 2182/3052/2680 2183/2742/2370 2184/2744/2372
f 2029/2856/2484 2209/2867/2495 2130/3053/2681
f 2130/3053/2681 2209/2867/2495 2208/2869/2497
f 2130/3053/2681 2208/2869/2497 2441/2858/2486
f 2441/2858/2486 2208/2869/2497 2207/2859/2487
f 2419/2774/2402 2409/2776/2404 2418/3000/2628
f 2132/3054/2682 2028/2797/2425 2227/3055/2683
f 2227/3055/2683 2028/2797/2425 2210/2795/2423
f 2227/3055/2683 2210/2795/2423 2211/2793/2421
f 2393/2998/2626 2120/2778/2406 2133/2780/2408
f 2142/2723/2351 2141/2721/2349 2508/3056/2684
f 2508/3056/2684 2141/2721/2349 2492/2719/2347
f 2508/3056/2684 2492/2719/2347 2500/3057/2685
f 2500/3057/2685 2492/2719/2347 2501/3058/2686
f 2500/3057/2685 2501/3058/2686 2491/3047/2675
f 2491/3047/2675 2501/3058/2686 2126/3046/2674
f 2143/2725/2353 2142/2723/2351 2507/3059/2687
f 2507/3059/2687 2142/2723/2351 2508/3056/2684
f 2507/3059/2687 2508/3056/2684 2499/3060/2688
f 2499/3060/2688 2508/3056/2684 2500/3057/2685
f 2499/3060/2688 2500/3057/2685 2490/3048/2676
f 2490/3048/2676 2500/3057/2685 2491/3047/2675
f 2144/2726/2354 2145/3035/2663 2154/3037/2665
f 2124/3019/2647 2125/3042/2670 2493/3020/2648
f 2493/3020/2648 2125/3042/2670 2502/3043/2671
f 2493/3020/2648 2502/3043/2671 2494/3061/2689
f 2494/3061/2689 2502/3043/2671 2503/3044/2672
f 2494/3061/2689 2503/3044/2672 2495/3062/2690
f 2495/3062/2690 2503/3044/2672 2504/3045/2673
f 2495/3062/2690 2504/3045/2673 2496/2730/2358
f 2496/2730/2358 2504/3045/2673 2505/2728/2356
f 2157/2845/2473 2156/2843/2471 2483/3063/2691
f 2483/3063/2691 2156/2843/2471 2467/2842/2470
f 2483/3063/2691 2467/2842/2470 2475/3064/2692
f 2475/3064/2692 2467/2842/2470 2476/3065/2693
f 2475/3064/2692 2476/3065/2693 2466/2755/2383
f 2466/2755/2383 2476/3065/2693 2128/2757/2385
f 2158/2847/2475 2157/2845/2473 2482/3066/2694
f 2482/3066/2694 2157/2845/2473 2483/3063/2691
f 2482/3066/2694 2483/3063/2691 2474/3067/2695
f 2474/3067/2695 2483/3063/2691 2475/3064/2692
f 2474/3067/2695 2475/3064/2692 2465/2753/2381
f 2465/2753/2381 2475/3064/2692 2466/2755/2383
f 2159/2849/2477 2158/2847/2475 2481/3068/2696
f 2481/3068/2696 2158/2847/2475 2482/3066/2694
f 2481/3068/2696 2482/3066/2694 2473/3069/2697
f 2473/3069/2697 2482/3066/2694 2474/3067/2695
f 2473/3069/2697 2474/3067/2695 2464/2751/2379
f 2464/2751/2379 2474/3067/2695 2465/2753/2381
f 2160/2851/2479 2159/2849/2477 2480/3070/2698
f 2480/3070/2698 2159/2849/2477 2481/3068/2696
f 2480/3070/2698 2481/3068/2696 2472/3071/2699
f 2472/3071/2699 2481/3068/2696 2473/3069/2697
f 2472/3071/2699 2473/3069/2697 2463/2749/2377
f 2463/2749/2377 2473/3069/2697 2464/2751/2379
f 2161/2853/2481 2160/2851/2479 2479/3072/2700
f 2479/3072/2700 2160/2851/2479 2480/3070/2698
f 2479/3072/2700 2480/3070/2698 2471/3073/2701
f 2471/3073/2701 2480/3070/2698 2472/3071/2699
f 2471/3073/2701 2472/3071/2699 2462/2747/2375
f 2462/2747/2375 2472/3071/2699 2463/2749/2377
f 2162/2855/2483 2161/2853/2481 2478/3074/2702
f 2478/3074/2702 2161/2853/2481 2479/3072/2700
f 2478/3074/2702 2479/3072/2700 2470/3075/2703
f 2470/3075/2703 2479/3072/2700 2471/3073/2701
f 2470/3075/2703 2471/3073/2701 2461/2745/2373
f 2461/2745/2373 2471/3073/2701 2462/2747/2375
f 2165/3022/2650 2166/2734/2362 2164/2736/2364
f 2163/2735/2363 2162/2855/2483 2477/3076/2704
f 2477/3076/2704 2162/2855/2483 2478/3074/2702
f 2477/3076/2704 2478/3074/2702 2469/3077/2705
f 2469/3077/2705 2478/3074/2702 2470/3075/2703
f 2469/3077/2705 2470/3075/2703 2460/2743/2371
f 2460/2743/2371 2470/3075/2703 2461/2745/2373
f 2123/2738/2366 2165/3022/2650 2164/2736/2364
f 2492/2719/2347 2031/2718/2346 2501/3058/2686
f 2501/3058/2686 2031/2718/2346 2126/3046/2674
f 2190/2756/2384 2191/2758/2386 2175/3078/2706
f 2175/3078/2706 2191/2758/2386 2174/2760/2388
f 2175/3078/2706 2174/2760/2388 2458/2762/2390
f 2190/2756/2384 2175/3078/2706 2176/3014/2642
f 2176/3014/2642 2175/3078/2706 2457/3079/2707
f 2176/3014/2642 2457/3079/2707 2456/3012/2640
f 2456/3012/2640 2457/3079/2707 2448/3080/2708
f 2456/3012/2640 2448/3080/2708 2447/3010/2638
f 2447/3010/2638 2448/3080/2708 2438/3081/2709
f 2447/3010/2638 2438/3081/2709 2437/3008/2636
f 2437/3008/2636 2438/3081/2709 2204/3082/2710
f 2437/3008/2636 2204/3082/2710 2203/3006/2634
f 2203/3006/2634 2204/3082/2710 2198/3083/2711
f 2203/3006/2634 2198/3083/2711 2199/3004/2632
f 2199/3004/2632 2198/3083/2711 2427/3084/2712
f 2199/3004/2632 2427/3084/2712 2131/3002/2630
f 2131/3002/2630 2427/3084/2712 2418/3000/2628
f 2457/3079/2707 2175/3078/2706 2458/2762/2390
f 2188/2752/2380 2189/2754/2382 2177/3013/2641
f 2187/2750/2378 2188/2752/2380 2178/3085/2713
f 2178/3085/2713 2188/2752/2380 2177/3013/2641
f 2178/3085/2713 2177/3013/2641 2455/3011/2639
f 2186/2748/2376 2187/2750/2378 2179/3086/2714
f 2179/3086/2714 2187/2750/2378 2178/3085/2713
f 2179/3086/2714 2178/3085/2713 2454/3087/2715
f 2454/3087/2715 2178/3085/2713 2455/3011/2639
f 2454/3087/2715 2455/3011/2639 2446/3009/2637
f 2185/2746/2374 2186/2748/2376 2180/3088/2716
f 2180/3088/2716 2186/2748/2376 2179/3086/2714
f 2180/3088/2716 2179/3086/2714 2453/3089/2717
f 2453/3089/2717 2179/3086/2714 2454/3087/2715
f 2453/3089/2717 2454/3087/2715 2445/3090/2718
f 2445/3090/2718 2454/3087/2715 2446/3009/2637
f 2445/3090/2718 2446/3009/2637 2436/3007/2635
f 2184/2744/2372 2185/2746/2374 2181/3091/2719
f 2181/3091/2719 2185/2746/2374 2180/3088/2716
f 2181/3091/2719 2180/3088/2716 2452/3092/2720
f 2452/3092/2720 2180/3088/2716 2453/3089/2717
f 2452/3092/2720 2453/3089/2717 2444/3093/2721
f 2444/3093/2721 2453/3089/2717 2445/3090/2718
f 2444/3093/2721 2445/3090/2718 2435/3018/2646
f 2435/3018/2646 2445/3090/2718 2436/3007/2635
f 2129/3051/2679 2182/3052/2680 2181/3091/2719
f 2181/3091/2719 2182/3052/2680 2184/2744/2372
f 2129/3051/2679 2181/3091/2719 2452/3092/2720
f 2122/2740/2368 2129/3051/2679 2443/3015/2643
f 2443/3015/2643 2129/3051/2679 2452/3092/2720
f 2443/3015/2643 2452/3092/2720 2444/3093/2721
f 2467/2842/2470 2030/2759/2387 2476/3065/2693
f 2476/3065/2693 2030/2759/2387 2128/2757/2385
f 2193/2868/2496 2192/2866/2494 2433/3094/2722
f 2433/3094/2722 2192/2866/2494 2417/2865/2493
f 2433/3094/2722 2417/2865/2493 2425/3095/2723
f 2425/3095/2723 2417/2865/2493 2426/3096/2724
f 2425/3095/2723 2426/3096/2724 2416/3097/2725
f 2416/3097/2725 2426/3096/2724 2132/3054/2682
f 2416/3097/2725 2132/3054/2682 2226/3098/2726
f 2226/3098/2726 2132/3054/2682 2227/3055/2683
f 2226/3098/2726 2227/3055/2683 2211/2793/2421
f 2194/2870/2498 2193/2868/2496 2432/3099/2727
f 2432/3099/2727 2193/2868/2496 2433/3094/2722
f 2432/3099/2727 2433/3094/2722 2424/3100/2728
f 2424/3100/2728 2433/3094/2722 2425/3095/2723
f 2424/3100/2728 2425/3095/2723 2415/3101/2729
f 2415/3101/2729 2425/3095/2723 2416/3097/2725
f 2415/3101/2729 2416/3097/2725 2225/3102/2730
f 2225/3102/2730 2416/3097/2725 2226/3098/2726
f 2225/3102/2730 2226/3098/2726 2212/2791/2419
f 2212/2791/2419 2226/3098/2726 2211/2793/2421
f 2195/2860/2488 2194/2870/2498 2431/3103/2731
f 2431/3103/2731 2194/2870/2498 2432/3099/2727
f 2431/3103/2731 2432/3099/2727 2423/3104/2732
f 2423/3104/2732 2432/3099/2727 2424/3100/2728
f 2423/3104/2732 2424/3100/2728 2414/3105/2733
f 2414/3105/2733 2424/3100/2728 2415/3101/2729
f 2414/3105/2733 2415/3101/2729 2224/3106/2734
f 2224/3106/2734 2415/3101/2729 2225/3102/2730
f 2224/3106/2734 2225/3102/2730 2213/2789/2417
f 2213/2789/2417 2225/3102/2730 2212/2791/2419
f 2205/2768/2396 2197/2770/2398 2204/3082/2710
f 2204/3082/2710 2197/2770/2398 2198/3083/2711
f 2427/3084/2712 2198/3083/2711 2428/2772/2400
f 2428/2772/2400 2198/3083/2711 2197/2770/2398
f 2201/3017/2645 2202/3005/2633 2200/3003/2631
f 2121/3001/2629 2201/3017/2645 2200/3003/2631
f 2439/2766/2394 2205/2768/2396 2438/3081/2709
f 2438/3081/2709 2205/2768/2396 2204/3082/2710
f 2441/2858/2486 2451/2857/2485 2130/3053/2681
f 2130/3053/2681 2451/2857/2485 2029/2856/2484
f 2213/2789/2417 2214/2787/2415 2224/3106/2734
f 2224/3106/2734 2214/2787/2415 2223/3107/2735
f 2224/3106/2734 2223/3107/2735 2414/3105/2733
f 2414/3105/2733 2223/3107/2735 2413/3108/2736
f 2414/3105/2733 2413/3108/2736 2423/3104/2732
f 2423/3104/2732 2413/3108/2736 2422/3109/2737
f 2423/3104/2732 2422/3109/2737 2431/3103/2731
f 2431/3103/2731 2422/3109/2737 2430/2861/2489
f 2431/3103/2731 2430/2861/2489 2195/2860/2488
f 2214/2787/2415 2215/2785/2413 2223/3107/2735
f 2223/3107/2735 2215/2785/2413 2222/3110/2738
f 2223/3107/2735 2222/3110/2738 2413/3108/2736
f 2413/3108/2736 2222/3110/2738 2412/3111/2739
f 2413/3108/2736 2412/3111/2739 2422/3109/2737
f 2422/3109/2737 2412/3111/2739 2421/2862/2490
f 2422/3109/2737 2421/2862/2490 2430/2861/2489
f 2215/2785/2413 2216/2783/2411 2222/3110/2738
f 2222/3110/2738 2216/2783/2411 2221/3112/2740
f 2222/3110/2738 2221/3112/2740 2412/3111/2739
f 2412/3111/2739 2221/3112/2740 2411/2863/2491
f 2412/3111/2739 2411/2863/2491 2421/2862/2490
f 2216/2783/2411 2217/2781/2409 2221/3112/2740
f 2221/3112/2740 2217/2781/2409 2220/2864/2492
f 2221/3112/2740 2220/2864/2492 2411/2863/2491
f 2217/2781/2409 2218/2779/2407 2220/2864/2492
f 2417/2865/2493 2028/2797/2425 2426/3096/2724
f 2426/3096/2724 2028/2797/2425 2132/3054/2682
f 2229/2803/2431 2228/2873/2501 2259/3113/2741
f 2259/3113/2741 2228/2873/2501 2136/2872/2500
f 2259/3113/2741 2136/2872/2500 2246/3114/2742
f 2246/3114/2742 2136/2872/2500 2138/2874/2502
f 2246/3114/2742 2138/2874/2502 2276/3115/2743
f 2276/3115/2743 2138/2874/2502 2277/2876/2504
f 2276/3115/2743 2277/2876/2504 2261/2878/2506
f 2233/2983/2611 2234/3116/2744 2240/3117/2745
f 2240/3117/2745 2234/3116/2744 2239/3118/2746
f 2240/3117/2745 2239/3118/2746 2387/3119/2747
f 2387/3119/2747 2239/3118/2746 2386/2995/2623
f 2387/3119/2747 2386/2995/2623 2396/2997/2625
f 2234/3116/2744 2235/3120/2748 2239/3118/2746
f 2239/3118/2746 2235/3120/2748 2238/2993/2621
f 2239/3118/2746 2238/2993/2621 2386/2995/2623
f 2233/2983/2611 2254/2982/2610 2234/3116/2744
f 2234/3116/2744 2254/2982/2610 2253/3121/2749
f 2234/3116/2744 2253/3121/2749 2235/3120/2748
f 2235/3120/2748 2253/3121/2749 2135/2989/2617
f 2235/3120/2748 2135/2989/2617 2236/2991/2619
f 2235/3120/2748 2236/2991/2619 2238/2993/2621
f 2233/2983/2611 2240/3117/2745 2241/2984/2612
f 2241/2984/2612 2240/3117/2745 2388/3122/2750
f 2241/2984/2612 2388/3122/2750 2389/2985/2613
f 2389/2985/2613 2388/3122/2750 2398/3123/2751
f 2389/2985/2613 2398/3123/2751 2399/2986/2614
f 2399/2986/2614 2398/3123/2751 2406/2792/2420
f 2399/2986/2614 2406/2792/2420 2407/2794/2422
f 2388/3122/2750 2240/3117/2745 2387/3119/2747
f 2246/3114/2742 2247/3124/2752 2259/3113/2741
f 2259/3113/2741 2247/3124/2752 2258/2805/2433
f 2259/3113/2741 2258/2805/2433 2229/2803/2431
f 2258/2805/2433 2247/3124/2752 2248/2807/2435
f 2248/2807/2435 2247/3124/2752 2274/3125/2753
f 2248/2807/2435 2274/3125/2753 2273/2809/2437
f 2273/2809/2437 2274/3125/2753 2264/3126/2754
f 2273/2809/2437 2264/3126/2754 2265/2811/2439
f 2265/2811/2439 2264/3126/2754 2283/3127/2755
f 2265/2811/2439 2283/3127/2755 2284/2813/2441
f 2284/2813/2441 2283/3127/2755 2293/3128/2756
f 2284/2813/2441 2293/3128/2756 2294/2815/2443
f 2294/2815/2443 2293/3128/2756 2303/3129/2757
f 2294/2815/2443 2303/3129/2757 2304/2817/2445
f 2304/2817/2445 2303/3129/2757 2313/2820/2448
f 2247/3124/2752 2246/3114/2742 2275/3130/2758
f 2275/3130/2758 2246/3114/2742 2276/3115/2743
f 2275/3130/2758 2276/3115/2743 2262/3131/2759
f 2262/3131/2759 2276/3115/2743 2261/2878/2506
f 2262/3131/2759 2261/2878/2506 2280/2880/2508
f 2253/3121/2749 2254/2982/2610 2252/2981/2609
f 2135/2989/2617 2253/3121/2749 2137/2987/2615
f 2137/2987/2615 2253/3121/2749 2252/2981/2609
f 2137/2987/2615 2252/2981/2609 2269/2980/2608
f 2262/3131/2759 2263/3132/2760 2275/3130/2758
f 2275/3130/2758 2263/3132/2760 2274/3125/2753
f 2275/3130/2758 2274/3125/2753 2247/3124/2752
f 2274/3125/2753 2263/3132/2760 2264/3126/2754
f 2264/3126/2754 2263/3132/2760 2282/3133/2761
f 2264/3126/2754 2282/3133/2761 2283/3127/2755
f 2283/3127/2755 2282/3133/2761 2292/3134/2762
f 2283/3127/2755 2292/3134/2762 2293/3128/2756
f 2293/3128/2756 2292/3134/2762 2302/3135/2763
f 2293/3128/2756 2302/3135/2763 2303/3129/2757
f 2303/3129/2757 2302/3135/2763 2312/3136/2764
f 2303/3129/2757 2312/3136/2764 2313/2820/2448
f 2313/2820/2448 2312/3136/2764 2322/2822/2450
f 2263/3132/2760 2262/3131/2759 2281/3137/2765
f 2281/3137/2765 2262/3131/2759 2280/2880/2508
f 2281/3137/2765 2280/2880/2508 2290/2882/2510
f 2263/3132/2760 2281/3137/2765 2282/3133/2761
f 2282/3133/2761 2281/3137/2765 2291/3138/2766
f 2282/3133/2761 2291/3138/2766 2292/3134/2762
f 2292/3134/2762 2291/3138/2766 2301/3139/2767
f 2292/3134/2762 2301/3139/2767 2302/3135/2763
f 2302/3135/2763 2301/3139/2767 2311/3140/2768
f 2302/3135/2763 2311/3140/2768 2312/3136/2764
f 2312/3136/2764 2311/3140/2768 2321/2824/2452
f 2312/3136/2764 2321/2824/2452 2322/2822/2450
f 2291/3138/2766 2281/3137/2765 2290/2882/2510
f 2301/3139/2767 2291/3138/2766 2300/2884/2512
f 2300/2884/2512 2291/3138/2766 2290/2882/2510
f 2311/3140/2768 2301/3139/2767 2310/2886/2514
f 2310/2886/2514 2301/3139/2767 2300/2884/2512
f 2321/2824/2452 2311/3140/2768 2320/2826/2454
f 2320/2826/2454 2311/3140/2768 2310/2886/2514
f 2339/2904/2532 2340/2903/2531 2324/3141/2769
f 2324/3141/2769 2340/2903/2531 2323/2902/2530
f 2324/3141/2769 2323/2902/2530 2342/3142/2770
f 2342/3142/2770 2323/2902/2530 2341/2913/2541
f 2342/3142/2770 2341/2913/2541 2351/3143/2771
f 2351/3143/2771 2341/2913/2541 2350/2915/2543
f 2351/3143/2771 2350/2915/2543 2360/3144/2772
f 2360/3144/2772 2350/2915/2543 2359/2917/2545
f 2360/3144/2772 2359/2917/2545 2369/2923/2551
f 2369/2923/2551 2359/2917/2545 2368/2919/2547
f 2338/2905/2533 2339/2904/2532 2325/2933/2561
f 2325/2933/2561 2339/2904/2532 2324/3141/2769
f 2325/2933/2561 2324/3141/2769 2343/2931/2559
f 2343/2931/2559 2324/3141/2769 2342/3142/2770
f 2343/2931/2559 2342/3142/2770 2352/2929/2557
f 2352/2929/2557 2342/3142/2770 2351/3143/2771
f 2352/2929/2557 2351/3143/2771 2361/2927/2555
f 2361/2927/2555 2351/3143/2771 2360/3144/2772
f 2361/2927/2555 2360/3144/2772 2370/2925/2553
f 2370/2925/2553 2360/3144/2772 2369/2923/2551
f 2335/2908/2536 2336/2907/2535 2328/3145/2773
f 2328/3145/2773 2336/2907/2535 2327/2940/2568
f 2328/3145/2773 2327/2940/2568 2346/3146/2774
f 2346/3146/2774 2327/2940/2568 2345/2939/2567
f 2346/3146/2774 2345/2939/2567 2355/3147/2775
f 2355/3147/2775 2345/2939/2567 2354/2938/2566
f 2355/3147/2775 2354/2938/2566 2364/3148/2776
f 2364/3148/2776 2354/2938/2566 2363/2937/2565
f 2364/3148/2776 2363/2937/2565 2373/2941/2569
f 2373/2941/2569 2363/2937/2565 2372/2936/2564
f 2334/2909/2537 2335/2908/2536 2329/3149/2777
f 2329/3149/2777 2335/2908/2536 2328/3145/2773
f 2329/3149/2777 2328/3145/2773 2347/3150/2778
f 2347/3150/2778 2328/3145/2773 2346/3146/2774
f 2347/3150/2778 2346/3146/2774 2356/3151/2779
f 2356/3151/2779 2346/3146/2774 2355/3147/2775
f 2356/3151/2779 2355/3147/2775 2365/3152/2780
f 2365/3152/2780 2355/3147/2775 2364/3148/2776
f 2365/3152/2780 2364/3148/2776 2374/2943/2571
f 2374/2943/2571 2364/3148/2776 2373/2941/2569
f 2333/2910/2538 2334/2909/2537 2330/2953/2581
f 2330/2953/2581 2334/2909/2537 2329/3149/2777
f 2330/2953/2581 2329/3149/2777 2348/2951/2579
f 2348/2951/2579 2329/3149/2777 2347/3150/2778
f 2348/2951/2579 2347/3150/2778 2357/2949/2577
f 2357/2949/2577 2347/3150/2778 2356/3151/2779
f 2357/2949/2577 2356/3151/2779 2366/2947/2575
f 2366/2947/2575 2356/3151/2779 2365/3152/2780
f 2366/2947/2575 2365/3152/2780 2375/2945/2573
f 2375/2945/2573 2365/3152/2780 2374/2943/2571
f 2385/2994/2622 2384/2999/2627 2394/3153/2781
f 2394/3153/2781 2384/2999/2627 2393/2998/2626
f 2394/3153/2781 2393/2998/2626 2401/2782/2410
f 2401/2782/2410 2393/2998/2626 2133/2780/2408
f 2388/3122/2750 2387/3119/2747 2397/3154/2782
f 2397/3154/2782 2387/3119/2747 2396/2997/2625
f 2397/3154/2782 2396/2997/2625 2404/2788/2416
f 2385/2994/2622 2394/3153/2781 2395/2996/2624
f 2395/2996/2624 2394/3153/2781 2402/2784/2412
f 2395/2996/2624 2402/2784/2412 2403/2786/2414
f 2402/2784/2412 2394/3153/2781 2401/2782/2410
f 2388/3122/2750 2397/3154/2782 2398/3123/2751
f 2398/3123/2751 2397/3154/2782 2405/2790/2418
f 2398/3123/2751 2405/2790/2418 2406/2792/2420
f 2405/2790/2418 2397/3154/2782 2404/2788/2416
f 2428/2772/2400 2419/2774/2402 2427/3084/2712
f 2427/3084/2712 2419/2774/2402 2418/3000/2628
f 2444/3093/2721 2435/3018/2646 2434/3016/2644
f 2443/3015/2643 2444/3093/2721 2434/3016/2644
f 2449/2764/2392 2439/2766/2394 2448/3080/2708
f 2448/3080/2708 2439/2766/2394 2438/3081/2709
f 2458/2762/2390 2449/2764/2392 2457/3079/2707
f 2457/3079/2707 2449/2764/2392 2448/3080/2708
f 2469/3077/2705 2460/2743/2371 2459/2741/2369
f 2477/3076/2704 2469/3077/2705 2468/2739/2367
f 2468/2739/2367 2469/3077/2705 2459/2741/2369
f 2163/2735/2363 2477/3076/2704 2127/2737/2365
f 2127/2737/2365 2477/3076/2704 2468/2739/2367
f 2493/3020/2648 2494/3061/2689 2484/3021/2649
f 2484/3021/2649 2494/3061/2689 2485/3023/2651
f 2494/3061/2689 2495/3062/2690 2485/3023/2651
f 2485/3023/2651 2495/3062/2690 2486/2732/2360
f 2495/3062/2690 2496/2730/2358 2486/2732/2360
f 2487/2731/2359 2497/2729/2357 2488/3050/2678
f 2488/3050/2678 2497/2729/2357 2498/3155/2783
f 2488/3050/2678 2498/3155/2783 2489/3049/2677
f 2489/3049/2677 2498/3155/2783 2499/3060/2688
f 2489/3049/2677 2499/3060/2688 2490/3048/2676
f 2507/3059/2687 2499/3060/2688 2498/3155/2783
f 2507/3059/2687 2498/3155/2783 2506/2727/2355
f 2506/2727/2355 2498/3155/2783 2497/2729/2357
f 2143/2725/2353 2507/3059/2687 2506/2727/2355
f 2053/3156/2331 2509/3157/2784 2054/3158/2785
f 2054/3158/2785 2509/3157/2784 2545/3159/2786
f 2054/3158/2785 2545/3159/2786 2055/3160/2787
f 2055/3160/2787 2545/3159/2786 2552/3161/2788
f 2055/3160/2787 2552/3161/2788 2546/3162/2789
f 2546/3162/2789 2552/3161/2788 2910/3163/2790
f 2546/3162/2789 2910/3163/2790 2909/3164/2791
f 2909/3164/2791 2910/3163/2790 2902/3165/2792
f 2909/3164/2791 2902/3165/2792 2901/3166/2793
f 2901/3166/2793 2902/3165/2792 2892/3167/2794
f 2901/3166/2793 2892/3167/2794 2891/3168/2795
f 2891/3168/2795 2892/3167/2794 2572/3169/2796
f 2891/3168/2795 2572/3169/2796 2571/3170/2797
f 2571/3170/2797 2572/3169/2796 2564/3171/2798
f 2571/3170/2797 2564/3171/2798 2565/3172/2799
f 2565/3172/2799 2564/3171/2798 2880/3173/2800
f 2565/3172/2799 2880/3173/2800 2879/3174/2801
f 2879/3174/2801 2880/3173/2800 2872/3175/2802
f 2879/3174/2801 2872/3175/2802 2871/3176/2803
f 2871/3176/2803 2872/3175/2802 2862/3177/2804
f 2871/3176/2803 2862/3177/2804 2034/3178/2805
f 2034/3178/2805 2862/3177/2804 2586/3179/2806
f 2034/3178/2805 2586/3179/2806 2585/3180/2807
f 2585/3180/2807 2586/3179/2806 2587/3181/2808
f 2585/3180/2807 2587/3181/2808 2584/3182/2809
f 2584/3182/2809 2587/3181/2808 2588/3183/2810
f 2584/3182/2809 2588/3183/2810 2583/3184/2811
f 2583/3184/2811 2588/3183/2810 2589/3185/2812
f 2583/3184/2811 2589/3185/2812 2582/3186/2813
f 2582/3186/2813 2589/3185/2812 2590/3187/2814
f 2582/3186/2813 2590/3187/2814 2581/3188/2815
f 2581/3188/2815 2590/3187/2814 2591/3189/2816
f 2581/3188/2815 2591/3189/2816 2580/3190/2817
f 2580/3190/2817 2591/3189/2816 2592/3191/2818
f 2580/3190/2817 2592/3191/2818 2579/3192/2819
f 2579/3192/2819 2592/3191/2818 2593/3193/2820
f 2579/3192/2819 2593/3193/2820 2578/3194/2821
f 2578/3194/2821 2593/3193/2820 2594/3195/2822
f 2578/3194/2821 2594/3195/2822 2577/3196/2823
f 2577/3196/2823 2594/3195/2822 2511/3197/2824
f 2577/3196/2823 2511/3197/2824 2861/3198/2825
f 2861/3198/2825 2511/3197/2824 2845/3199/2826
f 2861/3198/2825 2845/3199/2826 2853/3200/2827
f 2853/3200/2827 2845/3199/2826 2844/3201/2828
f 2853/3200/2827 2844/3201/2828 2843/3202/2829
f 2843/3202/2829 2844/3201/2828 2610/3203/2830
f 2843/3202/2829 2610/3203/2830 2609/3204/2831
f 2609/3204/2831 2610/3203/2830 2598/3205/2832
f 2609/3204/2831 2598/3205/2832 2599/3206/2833
f 2599/3206/2833 2598/3205/2832 2832/3207/2834
f 2599/3206/2833 2832/3207/2834 2831/3208/2835
f 2831/3208/2835 2832/3207/2834 2824/3209/2836
f 2831/3208/2835 2824/3209/2836 2823/3210/2837
f 2823/3210/2837 2824/3209/2836 2814/3211/2838
f 2823/3210/2837 2814/3211/2838 2813/3212/2839
f 2813/3212/2839 2814/3211/2838 2779/3213/2840
f 2813/3212/2839 2779/3213/2840 2778/3214/2841
f 2778/3214/2841 2779/3213/2840 2622/3215/2842
f 2778/3214/2841 2622/3215/2842 2036/3216/2843
f 2036/3216/2843 2622/3215/2842 2621/3217/2844
f 2036/3216/2843 2621/3217/2844 2535/3218/2845
f 2535/3218/2845 2621/3217/2844 2620/3219/2846
f 2535/3218/2845 2620/3219/2846 2804/3220/2847
f 2804/3220/2847 2620/3219/2846 2619/3221/2848
f 2804/3220/2847 2619/3221/2848 2805/3222/2849
f 2805/3222/2849 2619/3221/2848 2618/3223/2850
f 2805/3222/2849 2618/3223/2850 2806/3224/2851
f 2806/3224/2851 2618/3223/2850 2617/3225/2852
f 2806/3224/2851 2617/3225/2852 2807/3226/2853
f 2807/3226/2853 2617/3225/2852 2616/3227/2854
f 2807/3226/2853 2616/3227/2854 2808/3228/2855
f 2808/3228/2855 2616/3227/2854 2615/3229/2856
f 2808/3228/2855 2615/3229/2856 2809/3230/2857
f 2809/3230/2857 2615/3229/2856 2614/3231/2858
f 2809/3230/2857 2614/3231/2858 2810/3232/2859
f 2810/3232/2859 2614/3231/2858 2613/3233/2860
f 2810/3232/2859 2613/3233/2860 2811/3234/2861
f 2811/3234/2861 2613/3233/2860 2513/3235/2862
f 2811/3234/2861 2513/3235/2862 2795/3236/2863
f 2795/3236/2863 2513/3235/2862 2514/3237/2864
f 2795/3236/2863 2514/3237/2864 2534/3238/2865
f 2534/3238/2865 2514/3237/2864 2648/3239/2866
f 2534/3238/2865 2648/3239/2866 2647/3240/2867
f 2647/3240/2867 2648/3239/2866 2632/3241/2868
f 2647/3240/2867 2632/3241/2868 2633/3242/2869
f 2633/3242/2869 2632/3241/2868 2663/3243/2870
f 2633/3242/2869 2663/3243/2870 2662/3244/2871
f 2662/3244/2871 2663/3243/2870 2652/3245/2872
f 2662/3244/2871 2652/3245/2872 2653/3246/2873
f 2653/3246/2873 2652/3245/2872 2669/3247/2874
f 2653/3246/2873 2669/3247/2874 2670/3248/2875
f 2670/3248/2875 2669/3247/2874 2679/3249/2876
f 2670/3248/2875 2679/3249/2876 2680/3250/2877
f 2680/3250/2877 2679/3249/2876 2689/3251/2878
f 2680/3250/2877 2689/3251/2878 2690/3252/2879
f 2690/3252/2879 2689/3251/2878 2699/3253/2880
f 2690/3252/2879 2699/3253/2880 2700/3254/2881
f 2700/3254/2881 2699/3253/2880 2709/3255/2882
f 2700/3254/2881 2709/3255/2882 2043/3256/2883
f 2043/3256/2883 2709/3255/2882 2044/3257/2884
f 2044/3257/2884 2709/3255/2882 2718/3258/2885
f 2044/3257/2884 2718/3258/2885 2531/3259/2886
f 2531/3259/2886 2718/3258/2885 2717/3260/2887
f 2531/3259/2886 2717/3260/2887 2728/3261/2888
f 2728/3261/2888 2717/3260/2887 2716/3262/2889
f 2728/3261/2888 2716/3262/2889 2729/3263/2890
f 2729/3263/2890 2716/3262/2889 2715/3264/2891
f 2729/3263/2890 2715/3264/2891 2730/3265/2892
f 2730/3265/2892 2715/3264/2891 2714/3266/2893
f 2730/3265/2892 2714/3266/2893 2731/3267/2894
f 2731/3267/2894 2714/3266/2893 2713/3268/2895
f 2731/3267/2894 2713/3268/2895 2732/3269/2896
f 2732/3269/2896 2713/3268/2895 2712/3270/2897
f 2732/3269/2896 2712/3270/2897 2733/3271/2898
f 2733/3271/2898 2712/3270/2897 2711/3272/2899
f 2733/3271/2898 2711/3272/2899 2734/3273/2900
f 2734/3273/2900 2711/3272/2899 2710/3274/2901
f 2734/3273/2900 2710/3274/2901 2530/3275/2902
f 2530/3275/2902 2710/3274/2901 2521/3276/2903
f 2530/3275/2902 2521/3276/2903 2522/3277/2904
f 2510/3278/2905 2895/3279/2906 2509/3157/2784
f 2509/3157/2784 2895/3279/2906 2911/3280/2907
f 2509/3157/2784 2911/3280/2907 2552/3161/2788
f 2552/3161/2788 2911/3280/2907 2910/3163/2790
f 2511/3197/2824 2870/3281/2908 2510/3278/2905
f 2510/3278/2905 2870/3281/2908 2886/3282/2909
f 2510/3278/2905 2886/3282/2909 2559/3283/2910
f 2559/3283/2910 2886/3282/2909 2885/3284/2911
f 2559/3283/2910 2885/3284/2911 2560/3285/2912
f 2560/3285/2912 2885/3284/2911 2884/3286/2913
f 2560/3285/2912 2884/3286/2913 2561/3287/2914
f 2561/3287/2914 2884/3286/2913 2883/3288/2915
f 2561/3287/2914 2883/3288/2915 2562/3289/2916
f 2562/3289/2916 2883/3288/2915 2882/3290/2917
f 2562/3289/2916 2882/3290/2917 2563/3291/2918
f 2563/3291/2918 2882/3290/2917 2881/3292/2919
f 2563/3291/2918 2881/3292/2919 2564/3171/2798
f 2564/3171/2798 2881/3292/2919 2880/3173/2800
f 2511/3197/2824 2512/3293/2920 2845/3199/2826
f 2845/3199/2826 2512/3293/2920 2538/3294/2921
f 2845/3199/2826 2538/3294/2921 2844/3201/2828
f 2844/3201/2828 2538/3294/2921 2611/3295/2922
f 2844/3201/2828 2611/3295/2922 2610/3203/2830
f 2610/3203/2830 2611/3295/2922 2597/3296/2923
f 2610/3203/2830 2597/3296/2923 2598/3205/2832
f 2598/3205/2832 2597/3296/2923 2833/3297/2924
f 2598/3205/2832 2833/3297/2924 2832/3207/2834
f 2832/3207/2834 2833/3297/2924 2825/3298/2925
f 2832/3207/2834 2825/3298/2925 2824/3209/2836
f 2824/3209/2836 2825/3298/2925 2815/3299/2926
f 2824/3209/2836 2815/3299/2926 2814/3211/2838
f 2814/3211/2838 2815/3299/2926 2780/3300/2927
f 2814/3211/2838 2780/3300/2927 2779/3213/2840
f 2779/3213/2840 2780/3300/2927 2623/3301/2928
f 2779/3213/2840 2623/3301/2928 2622/3215/2842
f 2622/3215/2842 2623/3301/2928 2621/3217/2844
f 2513/3235/2862 2820/3302/2929 2512/3293/2920
f 2512/3293/2920 2820/3302/2929 2836/3303/2930
f 2512/3293/2920 2836/3303/2930 2595/3304/2931
f 2595/3304/2931 2836/3303/2930 2835/3305/2932
f 2595/3304/2931 2835/3305/2932 2596/3306/2933
f 2596/3306/2933 2835/3305/2932 2834/3307/2934
f 2596/3306/2933 2834/3307/2934 2597/3296/2923
f 2597/3296/2923 2834/3307/2934 2833/3297/2924
f 2515/3308/2935 2532/3309/2936 2514/3237/2864
f 2514/3237/2864 2532/3309/2936 2631/3310/2937
f 2514/3237/2864 2631/3310/2937 2648/3239/2866
f 2648/3239/2866 2631/3310/2937 2632/3241/2868
f 2532/3309/2936 2515/3308/2935 2649/3311/2938
f 2649/3311/2938 2515/3308/2935 2516/3312/2939
f 2649/3311/2938 2516/3312/2939 2665/3313/2940
f 2665/3313/2940 2516/3312/2939 2517/3314/2941
f 2665/3313/2940 2517/3314/2941 2674/3315/2942
f 2674/3315/2942 2517/3314/2941 2518/3316/2943
f 2674/3315/2942 2518/3316/2943 2683/3317/2944
f 2683/3317/2944 2518/3316/2943 2519/3318/2945
f 2683/3317/2944 2519/3318/2945 2692/3319/2946
f 2692/3319/2946 2519/3318/2945 2520/3320/2947
f 2692/3319/2946 2520/3320/2947 2701/3321/2948
f 2701/3321/2948 2520/3320/2947 2521/3276/2903
f 2701/3321/2948 2521/3276/2903 2710/3274/2901
f 2523/3322/2949 2528/3323/2950 2522/3277/2904
f 2522/3277/2904 2528/3323/2950 2719/3324/2951
f 2522/3277/2904 2719/3324/2951 2530/3275/2902
f 2530/3275/2902 2719/3324/2951 2720/3325/2952
f 2530/3275/2902 2720/3325/2952 2734/3273/2900
f 2734/3273/2900 2720/3325/2952 2721/3326/2953
f 2734/3273/2900 2721/3326/2953 2733/3271/2898
f 2733/3271/2898 2721/3326/2953 2722/3327/2954
f 2733/3271/2898 2722/3327/2954 2732/3269/2896
f 2732/3269/2896 2722/3327/2954 2723/3328/2955
f 2732/3269/2896 2723/3328/2955 2731/3267/2894
f 2731/3267/2894 2723/3328/2955 2724/3329/2956
f 2731/3267/2894 2724/3329/2956 2730/3265/2892
f 2730/3265/2892 2724/3329/2956 2725/3330/2957
f 2730/3265/2892 2725/3330/2957 2729/3263/2890
f 2729/3263/2890 2725/3330/2957 2726/3331/2958
f 2729/3263/2890 2726/3331/2958 2728/3261/2888
f 2728/3261/2888 2726/3331/2958 2727/3332/2959
f 2728/3261/2888 2727/3332/2959 2531/3259/2886
f 2531/3259/2886 2727/3332/2959 2045/3333/2960
f 2531/3259/2886 2045/3333/2960 2044/3257/2884
f 2528/3323/2950 2523/3322/2949 2735/3334/2961
f 2735/3334/2961 2523/3322/2949 2524/3335/2962
f 2735/3334/2961 2524/3335/2962 2751/3336/2963
f 2751/3336/2963 2524/3335/2962 2525/3337/2964
f 2751/3336/2963 2525/3337/2964 2760/3338/2965
f 2760/3338/2965 2525/3337/2964 2526/3339/2966
f 2760/3338/2965 2526/3339/2966 2769/3340/2967
f 2769/3340/2967 2526/3339/2966 2105/3341/2968
f 2769/3340/2967 2105/3341/2968 2104/3342/2969
f 2526/3339/2966 2527/3343/2970 2105/3341/2968
f 2103/3344/2971 2771/3345/2972 2104/3342/2969
f 2104/3342/2969 2771/3345/2972 2770/3346/2973
f 2104/3342/2969 2770/3346/2973 2769/3340/2967
f 2769/3340/2967 2770/3346/2973 2760/3338/2965
f 2771/3345/2972 2103/3344/2971 2772/3347/2974
f 2772/3347/2974 2103/3344/2971 2102/3348/2975
f 2772/3347/2974 2102/3348/2975 2773/3349/2976
f 2773/3349/2976 2102/3348/2975 2774/3350/2977
f 2773/3349/2976 2774/3350/2977 2764/3351/2978
f 2764/3351/2978 2774/3350/2977 2765/3352/2979
f 2764/3351/2978 2765/3352/2979 2755/3353/2980
f 2755/3353/2980 2765/3352/2979 2756/3354/2981
f 2755/3353/2980 2756/3354/2981 2739/3355/2982
f 2739/3355/2982 2756/3354/2981 2740/3356/2983
f 2739/3355/2982 2740/3356/2983 2747/3357/2984
f 2747/3357/2984 2740/3356/2983 2746/3358/2985
f 2747/3357/2984 2746/3358/2985 2723/3328/2955
f 2723/3328/2955 2746/3358/2985 2724/3329/2956
f 2102/3348/2975 2101/3359/2986 2774/3350/2977
f 2774/3350/2977 2101/3359/2986 2775/3360/2987
f 2774/3350/2977 2775/3360/2987 2765/3352/2979
f 2765/3352/2979 2775/3360/2987 2766/3361/2988
f 2765/3352/2979 2766/3361/2988 2756/3354/2981
f 2756/3354/2981 2766/3361/2988 2757/3362/2989
f 2756/3354/2981 2757/3362/2989 2740/3356/2983
f 2740/3356/2983 2757/3362/2989 2741/3363/2990
f 2740/3356/2983 2741/3363/2990 2746/3358/2985
f 2746/3358/2985 2741/3363/2990 2745/3364/2991
f 2746/3358/2985 2745/3364/2991 2724/3329/2956
f 2724/3329/2956 2745/3364/2991 2725/3330/2957
f 2775/3360/2987 2101/3359/2986 2776/3365/2992
f 2776/3365/2992 2101/3359/2986 2100/3366/2993
f 2776/3365/2992 2100/3366/2993 2777/3367/2994
f 2777/3367/2994 2100/3366/2993 2013/3368/2995
f 2777/3367/2994 2013/3368/2995 2050/3369/2996
f 2050/3369/2996 2049/3370/2997 2777/3367/2994
f 2777/3367/2994 2049/3370/2997 2768/3371/2998
f 2777/3367/2994 2768/3371/2998 2767/3372/2999
f 2767/3372/2999 2768/3371/2998 2758/3373/3000
f 2767/3372/2999 2758/3373/3000 2757/3362/2989
f 2757/3362/2989 2758/3373/3000 2741/3363/2990
f 2049/3370/2997 2048/3374/3001 2768/3371/2998
f 2768/3371/2998 2048/3374/3001 2759/3375/3002
f 2768/3371/2998 2759/3375/3002 2758/3373/3000
f 2758/3373/3000 2759/3375/3002 2742/3376/3003
f 2758/3373/3000 2742/3376/3003 2741/3363/2990
f 2741/3363/2990 2742/3376/3003 2745/3364/2991
f 2048/3374/3001 2047/3377/3004 2759/3375/3002
f 2759/3375/3002 2047/3377/3004 2743/3378/3005
f 2759/3375/3002 2743/3378/3005 2742/3376/3003
f 2742/3376/3003 2743/3378/3005 2744/3379/3006
f 2742/3376/3003 2744/3379/3006 2745/3364/2991
f 2745/3364/2991 2744/3379/3006 2725/3330/2957
f 2047/3377/3004 2046/3380/3007 2743/3378/3005
f 2743/3378/3005 2046/3380/3007 2529/3381/3008
f 2743/3378/3005 2529/3381/3008 2744/3379/3006
f 2744/3379/3006 2529/3381/3008 2726/3331/2958
f 2744/3379/3006 2726/3331/2958 2725/3330/2957
f 2046/3380/3007 2045/3333/2960 2529/3381/3008
f 2529/3381/3008 2045/3333/2960 2727/3332/2959
f 2529/3381/3008 2727/3332/2959 2726/3331/2958
f 2043/3256/2883 2042/3382/3009 2700/3254/2881
f 2700/3254/2881 2042/3382/3009 2691/3383/3010
f 2700/3254/2881 2691/3383/3010 2690/3252/2879
f 2690/3252/2879 2691/3383/3010 2681/3384/3011
f 2690/3252/2879 2681/3384/3011 2680/3250/2877
f 2680/3250/2877 2681/3384/3011 2671/3385/3012
f 2680/3250/2877 2671/3385/3012 2670/3248/2875
f 2670/3248/2875 2671/3385/3012 2654/3386/3013
f 2670/3248/2875 2654/3386/3013 2653/3246/2873
f 2653/3246/2873 2654/3386/3013 2661/3387/3014
f 2653/3246/2873 2661/3387/3014 2662/3244/2871
f 2662/3244/2871 2661/3387/3014 2634/3388/3015
f 2662/3244/2871 2634/3388/3015 2633/3242/2869
f 2633/3242/2869 2634/3388/3015 2646/3389/3016
f 2633/3242/2869 2646/3389/3016 2647/3240/2867
f 2647/3240/2867 2646/3389/3016 2794/3390/3017
f 2647/3240/2867 2794/3390/3017 2534/3238/2865
f 2534/3238/2865 2794/3390/3017 2795/3236/2863
f 2042/3382/3009 2041/3391/3018 2691/3383/3010
f 2691/3383/3010 2041/3391/3018 2682/3392/3019
f 2691/3383/3010 2682/3392/3019 2681/3384/3011
f 2681/3384/3011 2682/3392/3019 2672/3393/3020
f 2681/3384/3011 2672/3393/3020 2671/3385/3012
f 2671/3385/3012 2672/3393/3020 2655/3394/3021
f 2671/3385/3012 2655/3394/3021 2654/3386/3013
f 2654/3386/3013 2655/3394/3021 2660/3395/3022
f 2654/3386/3013 2660/3395/3022 2661/3387/3014
f 2661/3387/3014 2660/3395/3022 2635/3396/3023
f 2661/3387/3014 2635/3396/3023 2634/3388/3015
f 2634/3388/3015 2635/3396/3023 2645/3397/3024
f 2634/3388/3015 2645/3397/3024 2646/3389/3016
f 2646/3389/3016 2645/3397/3024 2793/3398/3025
f 2646/3389/3016 2793/3398/3025 2794/3390/3017
f 2794/3390/3017 2793/3398/3025 2803/3399/3026
f 2794/3390/3017 2803/3399/3026 2795/3236/2863
f 2795/3236/2863 2803/3399/3026 2811/3234/2861
f 2041/3391/3018 2040/3400/3027 2682/3392/3019
f 2682/3392/3019 2040/3400/3027 2673/3401/3028
f 2682/3392/3019 2673/3401/3028 2672/3393/3020
f 2672/3393/3020 2673/3401/3028 2656/3402/3029
f 2672/3393/3020 2656/3402/3029 2655/3394/3021
f 2655/3394/3021 2656/3402/3029 2659/3403/3030
f 2655/3394/3021 2659/3403/3030 2660/3395/3022
f 2660/3395/3022 2659/3403/3030 2636/3404/3031
f 2660/3395/3022 2636/3404/3031 2635/3396/3023
f 2635/3396/3023 2636/3404/3031 2644/3405/3032
f 2635/3396/3023 2644/3405/3032 2645/3397/3024
f 2645/3397/3024 2644/3405/3032 2792/3406/3033
f 2645/3397/3024 2792/3406/3033 2793/3398/3025
f 2793/3398/3025 2792/3406/3033 2802/3407/3034
f 2793/3398/3025 2802/3407/3034 2803/3399/3026
f 2803/3399/3026 2802/3407/3034 2810/3232/2859
f 2803/3399/3026 2810/3232/2859 2811/3234/2861
f 2040/3400/3027 2039/3408/3035 2673/3401/3028
f 2673/3401/3028 2039/3408/3035 2657/3409/3036
f 2673/3401/3028 2657/3409/3036 2656/3402/3029
f 2656/3402/3029 2657/3409/3036 2658/3410/3037
f 2656/3402/3029 2658/3410/3037 2659/3403/3030
f 2659/3403/3030 2658/3410/3037 2637/3411/3038
f 2659/3403/3030 2637/3411/3038 2636/3404/3031
f 2636/3404/3031 2637/3411/3038 2643/3412/3039
f 2636/3404/3031 2643/3412/3039 2644/3405/3032
f 2644/3405/3032 2643/3412/3039 2791/3413/3040
f 2644/3405/3032 2791/3413/3040 2792/3406/3033
f 2792/3406/3033 2791/3413/3040 2801/3414/3041
f 2792/3406/3033 2801/3414/3041 2802/3407/3034
f 2802/3407/3034 2801/3414/3041 2809/3230/2857
f 2802/3407/3034 2809/3230/2857 2810/3232/2859
f 2039/3408/3035 2038/3415/3042 2657/3409/3036
f 2657/3409/3036 2038/3415/3042 2533/3416/3043
f 2657/3409/3036 2533/3416/3043 2658/3410/3037
f 2658/3410/3037 2533/3416/3043 2638/3417/3044
f 2658/3410/3037 2638/3417/3044 2637/3411/3038
f 2637/3411/3038 2638/3417/3044 2642/3418/3045
f 2637/3411/3038 2642/3418/3045 2643/3412/3039
f 2643/3412/3039 2642/3418/3045 2790/3419/3046
f 2643/3412/3039 2790/3419/3046 2791/3413/3040
f 2791/3413/3040 2790/3419/3046 2800/3420/3047
f 2791/3413/3040 2800/3420/3047 2801/3414/3041
f 2801/3414/3041 2800/3420/3047 2808/3228/2855
f 2801/3414/3041 2808/3228/2855 2809/3230/2857
f 2038/3415/3042 2037/3421/3048 2533/3416/3043
f 2533/3416/3043 2037/3421/3048 2639/3422/3049
f 2533/3416/3043 2639/3422/3049 2638/3417/3044
f 2638/3417/3044 2639/3422/3049 2641/3423/3050
f 2638/3417/3044 2641/3423/3050 2642/3418/3045
f 2642/3418/3045 2641/3423/3050 2789/3424/3051
f 2642/3418/3045 2789/3424/3051 2790/3419/3046
f 2790/3419/3046 2789/3424/3051 2799/3425/3052
f 2790/3419/3046 2799/3425/3052 2800/3420/3047
f 2800/3420/3047 2799/3425/3052 2807/3226/2853
f 2800/3420/3047 2807/3226/2853 2808/3228/2855
f 2036/3216/2843 2787/3426/3053 2037/3421/3048
f 2037/3421/3048 2787/3426/3053 2640/3427/3054
f 2037/3421/3048 2640/3427/3054 2639/3422/3049
f 2639/3422/3049 2640/3427/3054 2641/3423/3050
f 2035/3428/3055 2821/3429/3056 2036/3216/2843
f 2036/3216/2843 2821/3429/3056 2812/3430/3057
f 2036/3216/2843 2812/3430/3057 2778/3214/2841
f 2778/3214/2841 2812/3430/3057 2813/3212/2839
f 2034/3178/2805 2846/3431/3058 2035/3428/3055
f 2035/3428/3055 2846/3431/3058 2837/3432/3059
f 2035/3428/3055 2837/3432/3059 2604/3433/3060
f 2604/3433/3060 2837/3432/3059 2838/3434/3061
f 2604/3433/3060 2838/3434/3061 2605/3435/3062
f 2605/3435/3062 2838/3434/3061 2839/3436/3063
f 2605/3435/3062 2839/3436/3063 2606/3437/3064
f 2606/3437/3064 2839/3436/3063 2840/3438/3065
f 2606/3437/3064 2840/3438/3065 2607/3439/3066
f 2607/3439/3066 2840/3438/3065 2841/3440/3067
f 2607/3439/3066 2841/3440/3067 2608/3441/3068
f 2608/3441/3068 2841/3440/3067 2842/3442/3069
f 2608/3441/3068 2842/3442/3069 2609/3204/2831
f 2609/3204/2831 2842/3442/3069 2843/3202/2829
f 2034/3178/2805 2033/3443/3070 2871/3176/2803
f 2871/3176/2803 2033/3443/3070 2541/3444/3071
f 2871/3176/2803 2541/3444/3071 2879/3174/2801
f 2879/3174/2801 2541/3444/3071 2566/3445/3072
f 2879/3174/2801 2566/3445/3072 2565/3172/2799
f 2565/3172/2799 2566/3445/3072 2570/3446/3073
f 2565/3172/2799 2570/3446/3073 2571/3170/2797
f 2571/3170/2797 2570/3446/3073 2890/3447/3074
f 2571/3170/2797 2890/3447/3074 2891/3168/2795
f 2891/3168/2795 2890/3447/3074 2900/3448/3075
f 2891/3168/2795 2900/3448/3075 2901/3166/2793
f 2901/3166/2793 2900/3448/3075 2908/3449/3076
f 2901/3166/2793 2908/3449/3076 2909/3164/2791
f 2909/3164/2791 2908/3449/3076 2548/3450/3077
f 2909/3164/2791 2548/3450/3077 2546/3162/2789
f 2546/3162/2789 2548/3450/3077 2056/3451/3078
f 2546/3162/2789 2056/3451/3078 2556/3452/3079
f 2556/3452/3079 2056/3451/3078 2055/3160/2787
f 2556/3452/3079 2055/3160/2787 2546/3162/2789
f 2032/3453/3080 2896/3454/3081 2033/3443/3070
f 2033/3443/3070 2896/3454/3081 2887/3455/3082
f 2033/3443/3070 2887/3455/3082 2568/3456/3083
f 2568/3456/3083 2887/3455/3082 2888/3457/3084
f 2568/3456/3083 2888/3457/3084 2569/3458/3085
f 2569/3458/3085 2888/3457/3084 2889/3459/3086
f 2569/3458/3085 2889/3459/3086 2570/3446/3073
f 2570/3446/3073 2889/3459/3086 2890/3447/3074
f 2061/3460/3087 2555/3461/3088 2032/3453/3080
f 2032/3453/3080 2555/3461/3088 2543/3462/3089
f 2032/3453/3080 2543/3462/3089 2896/3454/3081
f 2896/3454/3081 2543/3462/3089 2904/3463/3090
f 2896/3454/3081 2904/3463/3090 2897/3464/3091
f 2897/3464/3091 2904/3463/3090 2905/3465/3092
f 2897/3464/3091 2905/3465/3092 2898/3466/3093
f 2898/3466/3093 2905/3465/3092 2906/3467/3094
f 2898/3466/3093 2906/3467/3094 2899/3468/3095
f 2899/3468/3095 2906/3467/3094 2907/3469/3096
f 2899/3468/3095 2907/3469/3096 2900/3448/3075
f 2900/3448/3075 2907/3469/3096 2908/3449/3076
f 2061/3460/3087 2060/3470/3097 2555/3461/3088
f 2555/3461/3088 2060/3470/3097 2554/3471/3098
f 2555/3461/3088 2554/3471/3098 2543/3462/3089
f 2543/3462/3089 2554/3471/3098 2904/3463/3090
f 2554/3471/3098 2060/3470/3097 2544/3472/3099
f 2544/3472/3099 2060/3470/3097 2059/3473/3100
f 2544/3472/3099 2059/3473/3100 2558/3474/3101
f 2558/3474/3101 2059/3473/3100 2058/3475/3102
f 2558/3474/3101 2058/3475/3102 2551/3476/3103
f 2551/3476/3103 2058/3475/3102 2557/3477/3104
f 2551/3476/3103 2557/3477/3104 2550/3478/3105
f 2550/3478/3105 2557/3477/3104 2057/3479/3106
f 2550/3478/3105 2057/3479/3106 2553/3480/3107
f 2553/3480/3107 2057/3479/3106 2549/3481/3108
f 2553/3480/3107 2549/3481/3108 2547/3482/3109
f 2547/3482/3109 2549/3481/3108 2056/3451/3078
f 2547/3482/3109 2056/3451/3078 2548/3450/3077
f 2058/3475/3102 2057/3479/3106 2557/3477/3104
f 2057/3479/3106 2056/3451/3078 2549/3481/3108
f 2513/3235/2862 2630/3483/3110 2786/3484/3111
f 2786/3484/3111 2630/3483/3110 2629/3485/3112
f 2786/3484/3111 2629/3485/3112 2785/3486/3113
f 2785/3486/3113 2629/3485/3112 2628/3487/3114
f 2785/3486/3113 2628/3487/3114 2784/3488/3115
f 2784/3488/3115 2628/3487/3114 2627/3489/3116
f 2784/3488/3115 2627/3489/3116 2783/3490/3117
f 2783/3490/3117 2627/3489/3116 2626/3491/3118
f 2783/3490/3117 2626/3491/3118 2782/3492/3119
f 2782/3492/3119 2626/3491/3118 2625/3493/3120
f 2782/3492/3119 2625/3493/3120 2781/3494/3121
f 2781/3494/3121 2625/3493/3120 2624/3495/3122
f 2781/3494/3121 2624/3495/3122 2780/3300/2927
f 2780/3300/2927 2624/3495/3122 2623/3301/2928
f 2513/3235/2862 2786/3484/3111 2536/3496/3123
f 2536/3496/3123 2786/3484/3111 2785/3486/3113
f 2536/3496/3123 2785/3486/3113 2819/3497/3124
f 2819/3497/3124 2785/3486/3113 2784/3488/3115
f 2819/3497/3124 2784/3488/3115 2818/3498/3125
f 2818/3498/3125 2784/3488/3115 2783/3490/3117
f 2818/3498/3125 2783/3490/3117 2817/3499/3126
f 2817/3499/3126 2783/3490/3117 2782/3492/3119
f 2817/3499/3126 2782/3492/3119 2816/3500/3127
f 2816/3500/3127 2782/3492/3119 2781/3494/3121
f 2816/3500/3127 2781/3494/3121 2815/3299/2926
f 2815/3299/2926 2781/3494/3121 2780/3300/2927
f 2537/3501/3128 2035/3428/3055 2603/3502/3129
f 2603/3502/3129 2035/3428/3055 2604/3433/3060
f 2603/3502/3129 2604/3433/3060 2605/3435/3062
f 2538/3294/2921 2512/3293/2920 2612/3503/3130
f 2612/3503/3130 2512/3293/2920 2595/3304/2931
f 2612/3503/3130 2595/3304/2931 2596/3306/2933
f 2034/3178/2805 2585/3180/2807 2539/3504/3131
f 2539/3504/3131 2585/3180/2807 2584/3182/2809
f 2539/3504/3131 2584/3182/2809 2854/3505/3132
f 2854/3505/3132 2584/3182/2809 2583/3184/2811
f 2854/3505/3132 2583/3184/2811 2855/3506/3133
f 2855/3506/3133 2583/3184/2811 2582/3186/2813
f 2855/3506/3133 2582/3186/2813 2856/3507/3134
f 2856/3507/3134 2582/3186/2813 2581/3188/2815
f 2856/3507/3134 2581/3188/2815 2857/3508/3135
f 2857/3508/3135 2581/3188/2815 2580/3190/2817
f 2857/3508/3135 2580/3190/2817 2858/3509/3136
f 2858/3509/3136 2580/3190/2817 2579/3192/2819
f 2858/3509/3136 2579/3192/2819 2859/3510/3137
f 2859/3510/3137 2579/3192/2819 2578/3194/2821
f 2859/3510/3137 2578/3194/2821 2860/3511/3138
f 2860/3511/3138 2578/3194/2821 2577/3196/2823
f 2860/3511/3138 2577/3196/2823 2861/3198/2825
f 2511/3197/2824 2594/3195/2822 2540/3512/3139
f 2540/3512/3139 2594/3195/2822 2593/3193/2820
f 2540/3512/3139 2593/3193/2820 2869/3513/3140
f 2869/3513/3140 2593/3193/2820 2592/3191/2818
f 2869/3513/3140 2592/3191/2818 2868/3514/3141
f 2868/3514/3141 2592/3191/2818 2591/3189/2816
f 2868/3514/3141 2591/3189/2816 2867/3515/3142
f 2867/3515/3142 2591/3189/2816 2590/3187/2814
f 2867/3515/3142 2590/3187/2814 2866/3516/3143
f 2866/3516/3143 2590/3187/2814 2589/3185/2812
f 2866/3516/3143 2589/3185/2812 2865/3517/3144
f 2865/3517/3144 2589/3185/2812 2588/3183/2810
f 2865/3517/3144 2588/3183/2810 2864/3518/3145
f 2864/3518/3145 2588/3183/2810 2587/3181/2808
f 2864/3518/3145 2587/3181/2808 2863/3519/3146
f 2863/3519/3146 2587/3181/2808 2586/3179/2806
f 2863/3519/3146 2586/3179/2806 2862/3177/2804
f 2541/3444/3071 2033/3443/3070 2567/3520/3147
f 2567/3520/3147 2033/3443/3070 2568/3456/3083
f 2567/3520/3147 2568/3456/3083 2569/3458/3085
f 2542/3521/3148 2510/3278/2905 2576/3522/3149
f 2576/3522/3149 2510/3278/2905 2559/3283/2910
f 2576/3522/3149 2559/3283/2910 2560/3285/2912
f 2552/3161/2788 2545/3159/2786 2509/3157/2784
f 2553/3480/3107 2547/3482/3109 2548/3450/3077
f 2544/3472/3099 2558/3474/3101 2551/3476/3103
f 2548/3450/3077 2908/3449/3076 2553/3480/3107
f 2553/3480/3107 2908/3449/3076 2907/3469/3096
f 2553/3480/3107 2907/3469/3096 2550/3478/3105
f 2550/3478/3105 2907/3469/3096 2906/3467/3094
f 2550/3478/3105 2906/3467/3094 2551/3476/3103
f 2551/3476/3103 2906/3467/3094 2905/3465/3092
f 2551/3476/3103 2905/3465/3092 2544/3472/3099
f 2544/3472/3099 2905/3465/3092 2904/3463/3090
f 2544/3472/3099 2904/3463/3090 2554/3471/3098
f 2560/3285/2912 2561/3287/2914 2575/3523/3150
f 2575/3523/3150 2561/3287/2914 2574/3524/3151
f 2575/3523/3150 2574/3524/3151 2894/3525/3152
f 2894/3525/3152 2574/3524/3151 2893/3526/3153
f 2894/3525/3152 2893/3526/3153 2903/3527/3154
f 2903/3527/3154 2893/3526/3153 2902/3165/2792
f 2903/3527/3154 2902/3165/2792 2910/3163/2790
f 2561/3287/2914 2562/3289/2916 2574/3524/3151
f 2574/3524/3151 2562/3289/2916 2573/3528/3155
f 2574/3524/3151 2573/3528/3155 2893/3526/3153
f 2893/3526/3153 2573/3528/3155 2892/3167/2794
f 2893/3526/3153 2892/3167/2794 2902/3165/2792
f 2562/3289/2916 2563/3291/2918 2573/3528/3155
f 2573/3528/3155 2563/3291/2918 2572/3169/2796
f 2573/3528/3155 2572/3169/2796 2892/3167/2794
f 2563/3291/2918 2564/3171/2798 2572/3169/2796
f 2569/3458/3085 2570/3446/3073 2566/3445/3072
f 2541/3444/3071 2567/3520/3147 2566/3445/3072
f 2566/3445/3072 2567/3520/3147 2569/3458/3085
f 2542/3521/3148 2576/3522/3149 2575/3523/3150
f 2575/3523/3150 2576/3522/3149 2560/3285/2912
f 2542/3521/3148 2575/3523/3150 2894/3525/3152
f 2510/3278/2905 2542/3521/3148 2895/3279/2906
f 2895/3279/2906 2542/3521/3148 2894/3525/3152
f 2895/3279/2906 2894/3525/3152 2903/3527/3154
f 2034/3178/2805 2539/3504/3131 2846/3431/3058
f 2846/3431/3058 2539/3504/3131 2854/3505/3132
f 2846/3431/3058 2854/3505/3132 2847/3529/3156
f 2847/3529/3156 2854/3505/3132 2855/3506/3133
f 2847/3529/3156 2855/3506/3133 2848/3530/3157
f 2848/3530/3157 2855/3506/3133 2856/3507/3134
f 2848/3530/3157 2856/3507/3134 2849/3531/3158
f 2849/3531/3158 2856/3507/3134 2857/3508/3135
f 2849/3531/3158 2857/3508/3135 2850/3532/3159
f 2850/3532/3159 2857/3508/3135 2858/3509/3136
f 2850/3532/3159 2858/3509/3136 2851/3533/3160
f 2851/3533/3160 2858/3509/3136 2859/3510/3137
f 2851/3533/3160 2859/3510/3137 2852/3534/3161
f 2852/3534/3161 2859/3510/3137 2860/3511/3138
f 2852/3534/3161 2860/3511/3138 2853/3200/2827
f 2853/3200/2827 2860/3511/3138 2861/3198/2825
f 2511/3197/2824 2540/3512/3139 2870/3281/2908
f 2870/3281/2908 2540/3512/3139 2869/3513/3140
f 2870/3281/2908 2869/3513/3140 2878/3535/3162
f 2878/3535/3162 2869/3513/3140 2868/3514/3141
f 2878/3535/3162 2868/3514/3141 2877/3536/3163
f 2877/3536/3163 2868/3514/3141 2867/3515/3142
f 2877/3536/3163 2867/3515/3142 2876/3537/3164
f 2876/3537/3164 2867/3515/3142 2866/3516/3143
f 2876/3537/3164 2866/3516/3143 2875/3538/3165
f 2875/3538/3165 2866/3516/3143 2865/3517/3144
f 2875/3538/3165 2865/3517/3144 2874/3539/3166
f 2874/3539/3166 2865/3517/3144 2864/3518/3145
f 2874/3539/3166 2864/3518/3145 2873/3540/3167
f 2873/3540/3167 2864/3518/3145 2863/3519/3146
f 2873/3540/3167 2863/3519/3146 2872/3175/2802
f 2872/3175/2802 2863/3519/3146 2862/3177/2804
f 2612/3503/3130 2596/3306/2933 2611/3295/2922
f 2611/3295/2922 2596/3306/2933 2597/3296/2923
f 2608/3441/3068 2609/3204/2831 2599/3206/2833
f 2607/3439/3066 2608/3441/3068 2600/3541/3168
f 2600/3541/3168 2608/3441/3068 2599/3206/2833
f 2600/3541/3168 2599/3206/2833 2831/3208/2835
f 2606/3437/3064 2607/3439/3066 2601/3542/3169
f 2601/3542/3169 2607/3439/3066 2600/3541/3168
f 2601/3542/3169 2600/3541/3168 2830/3543/3170
f 2830/3543/3170 2600/3541/3168 2831/3208/2835
f 2830/3543/3170 2831/3208/2835 2823/3210/2837
f 2605/3435/3062 2606/3437/3064 2602/3544/3171
f 2602/3544/3171 2606/3437/3064 2601/3542/3169
f 2602/3544/3171 2601/3542/3169 2829/3545/3172
f 2829/3545/3172 2601/3542/3169 2830/3543/3170
f 2829/3545/3172 2830/3543/3170 2822/3546/3173
f 2822/3546/3173 2830/3543/3170 2823/3210/2837
f 2822/3546/3173 2823/3210/2837 2813/3212/2839
f 2537/3501/3128 2603/3502/3129 2602/3544/3171
f 2602/3544/3171 2603/3502/3129 2605/3435/3062
f 2537/3501/3128 2602/3544/3171 2829/3545/3172
f 2035/3428/3055 2537/3501/3128 2821/3429/3056
f 2821/3429/3056 2537/3501/3128 2829/3545/3172
f 2821/3429/3056 2829/3545/3172 2822/3546/3173
f 2538/3294/2921 2612/3503/3130 2611/3295/2922
f 2629/3485/3112 2630/3483/3110 2614/3231/2858
f 2614/3231/2858 2630/3483/3110 2613/3233/2860
f 2628/3487/3114 2629/3485/3112 2615/3229/2856
f 2615/3229/2856 2629/3485/3112 2614/3231/2858
f 2627/3489/3116 2628/3487/3114 2616/3227/2854
f 2616/3227/2854 2628/3487/3114 2615/3229/2856
f 2626/3491/3118 2627/3489/3116 2617/3225/2852
f 2617/3225/2852 2627/3489/3116 2616/3227/2854
f 2625/3493/3120 2626/3491/3118 2618/3223/2850
f 2618/3223/2850 2626/3491/3118 2617/3225/2852
f 2624/3495/3122 2625/3493/3120 2619/3221/2848
f 2619/3221/2848 2625/3493/3120 2618/3223/2850
f 2623/3301/2928 2624/3495/3122 2620/3219/2846
f 2620/3219/2846 2624/3495/3122 2619/3221/2848
f 2620/3219/2846 2621/3217/2844 2623/3301/2928
f 2036/3216/2843 2535/3218/2845 2796/3547/3174
f 2796/3547/3174 2535/3218/2845 2804/3220/2847
f 2796/3547/3174 2804/3220/2847 2797/3548/3175
f 2797/3548/3175 2804/3220/2847 2805/3222/2849
f 2797/3548/3175 2805/3222/2849 2798/3549/3176
f 2798/3549/3176 2805/3222/2849 2806/3224/2851
f 2798/3549/3176 2806/3224/2851 2799/3425/3052
f 2799/3425/3052 2806/3224/2851 2807/3226/2853
f 2630/3483/3110 2513/3235/2862 2613/3233/2860
f 2632/3241/2868 2631/3310/2937 2664/3550/3177
f 2664/3550/3177 2631/3310/2937 2532/3309/2936
f 2664/3550/3177 2532/3309/2936 2650/3551/3178
f 2650/3551/3178 2532/3309/2936 2649/3311/2938
f 2650/3551/3178 2649/3311/2938 2666/3552/3179
f 2666/3552/3179 2649/3311/2938 2665/3313/2940
f 2666/3552/3179 2665/3313/2940 2675/3553/3180
f 2675/3553/3180 2665/3313/2940 2674/3315/2942
f 2675/3553/3180 2674/3315/2942 2684/3554/3181
f 2684/3554/3181 2674/3315/2942 2683/3317/2944
f 2684/3554/3181 2683/3317/2944 2693/3555/3182
f 2693/3555/3182 2683/3317/2944 2692/3319/2946
f 2693/3555/3182 2692/3319/2946 2702/3556/3183
f 2702/3556/3183 2692/3319/2946 2701/3321/2948
f 2702/3556/3183 2701/3321/2948 2711/3272/2899
f 2711/3272/2899 2701/3321/2948 2710/3274/2901
f 2641/3423/3050 2640/3427/3054 2788/3557/3184
f 2788/3557/3184 2640/3427/3054 2787/3426/3053
f 2788/3557/3184 2787/3426/3053 2797/3548/3175
f 2797/3548/3175 2787/3426/3053 2796/3547/3174
f 2650/3551/3178 2651/3558/3185 2664/3550/3177
f 2664/3550/3177 2651/3558/3185 2663/3243/2870
f 2664/3550/3177 2663/3243/2870 2632/3241/2868
f 2663/3243/2870 2651/3558/3185 2652/3245/2872
f 2652/3245/2872 2651/3558/3185 2668/3559/3186
f 2652/3245/2872 2668/3559/3186 2669/3247/2874
f 2669/3247/2874 2668/3559/3186 2678/3560/3187
f 2669/3247/2874 2678/3560/3187 2679/3249/2876
f 2679/3249/2876 2678/3560/3187 2688/3561/3188
f 2679/3249/2876 2688/3561/3188 2689/3251/2878
f 2689/3251/2878 2688/3561/3188 2698/3562/3189
f 2689/3251/2878 2698/3562/3189 2699/3253/2880
f 2699/3253/2880 2698/3562/3189 2708/3563/3190
f 2699/3253/2880 2708/3563/3190 2709/3255/2882
f 2709/3255/2882 2708/3563/3190 2718/3258/2885
f 2651/3558/3185 2650/3551/3178 2667/3564/3191
f 2667/3564/3191 2650/3551/3178 2666/3552/3179
f 2667/3564/3191 2666/3552/3179 2676/3565/3192
f 2676/3565/3192 2666/3552/3179 2675/3553/3180
f 2676/3565/3192 2675/3553/3180 2685/3566/3193
f 2685/3566/3193 2675/3553/3180 2684/3554/3181
f 2685/3566/3193 2684/3554/3181 2694/3567/3194
f 2694/3567/3194 2684/3554/3181 2693/3555/3182
f 2694/3567/3194 2693/3555/3182 2703/3568/3195
f 2703/3568/3195 2693/3555/3182 2702/3556/3183
f 2703/3568/3195 2702/3556/3183 2712/3270/2897
f 2712/3270/2897 2702/3556/3183 2711/3272/2899
f 2651/3558/3185 2667/3564/3191 2668/3559/3186
f 2668/3559/3186 2667/3564/3191 2677/3569/3196
f 2668/3559/3186 2677/3569/3196 2678/3560/3187
f 2678/3560/3187 2677/3569/3196 2687/3570/3197
f 2678/3560/3187 2687/3570/3197 2688/3561/3188
f 2688/3561/3188 2687/3570/3197 2697/3571/3198
f 2688/3561/3188 2697/3571/3198 2698/3562/3189
f 2698/3562/3189 2697/3571/3198 2707/3572/3199
f 2698/3562/3189 2707/3572/3199 2708/3563/3190
f 2708/3563/3190 2707/3572/3199 2717/3260/2887
f 2708/3563/3190 2717/3260/2887 2718/3258/2885
f 2677/3569/3196 2667/3564/3191 2676/3565/3192
f 2677/3569/3196 2676/3565/3192 2686/3573/3200
f 2686/3573/3200 2676/3565/3192 2685/3566/3193
f 2686/3573/3200 2685/3566/3193 2695/3574/3201
f 2695/3574/3201 2685/3566/3193 2694/3567/3194
f 2695/3574/3201 2694/3567/3194 2704/3575/3202
f 2704/3575/3202 2694/3567/3194 2703/3568/3195
f 2704/3575/3202 2703/3568/3195 2713/3268/2895
f 2713/3268/2895 2703/3568/3195 2712/3270/2897
f 2677/3569/3196 2686/3573/3200 2687/3570/3197
f 2687/3570/3197 2686/3573/3200 2696/3576/3203
f 2687/3570/3197 2696/3576/3203 2697/3571/3198
f 2697/3571/3198 2696/3576/3203 2706/3577/3204
f 2697/3571/3198 2706/3577/3204 2707/3572/3199
f 2707/3572/3199 2706/3577/3204 2716/3262/2889
f 2707/3572/3199 2716/3262/2889 2717/3260/2887
f 2696/3576/3203 2686/3573/3200 2695/3574/3201
f 2696/3576/3203 2695/3574/3201 2705/3578/3205
f 2705/3578/3205 2695/3574/3201 2704/3575/3202
f 2705/3578/3205 2704/3575/3202 2714/3266/2893
f 2714/3266/2893 2704/3575/3202 2713/3268/2895
f 2696/3576/3203 2705/3578/3205 2706/3577/3204
f 2706/3577/3204 2705/3578/3205 2715/3264/2891
f 2706/3577/3204 2715/3264/2891 2716/3262/2889
f 2715/3264/2891 2705/3578/3205 2714/3266/2893
f 2720/3325/2952 2719/3324/2951 2750/3579/3206
f 2750/3579/3206 2719/3324/2951 2528/3323/2950
f 2750/3579/3206 2528/3323/2950 2736/3580/3207
f 2736/3580/3207 2528/3323/2950 2735/3334/2961
f 2736/3580/3207 2735/3334/2961 2752/3581/3208
f 2752/3581/3208 2735/3334/2961 2751/3336/2963
f 2752/3581/3208 2751/3336/2963 2761/3582/3209
f 2761/3582/3209 2751/3336/2963 2760/3338/2965
f 2761/3582/3209 2760/3338/2965 2770/3346/2973
f 2721/3326/2953 2720/3325/2952 2749/3583/3210
f 2749/3583/3210 2720/3325/2952 2750/3579/3206
f 2749/3583/3210 2750/3579/3206 2737/3584/3211
f 2737/3584/3211 2750/3579/3206 2736/3580/3207
f 2737/3584/3211 2736/3580/3207 2753/3585/3212
f 2753/3585/3212 2736/3580/3207 2752/3581/3208
f 2753/3585/3212 2752/3581/3208 2762/3586/3213
f 2762/3586/3213 2752/3581/3208 2761/3582/3209
f 2762/3586/3213 2761/3582/3209 2771/3345/2972
f 2771/3345/2972 2761/3582/3209 2770/3346/2973
f 2747/3357/2984 2723/3328/2955 2722/3327/2954
f 2722/3327/2954 2721/3326/2953 2748/3587/3214
f 2748/3587/3214 2721/3326/2953 2749/3583/3210
f 2748/3587/3214 2749/3583/3210 2738/3588/3215
f 2738/3588/3215 2749/3583/3210 2737/3584/3211
f 2738/3588/3215 2737/3584/3211 2754/3589/3216
f 2754/3589/3216 2737/3584/3211 2753/3585/3212
f 2754/3589/3216 2753/3585/3212 2763/3590/3217
f 2763/3590/3217 2753/3585/3212 2762/3586/3213
f 2763/3590/3217 2762/3586/3213 2772/3347/2974
f 2772/3347/2974 2762/3586/3213 2771/3345/2972
f 2738/3588/3215 2739/3355/2982 2748/3587/3214
f 2748/3587/3214 2739/3355/2982 2747/3357/2984
f 2748/3587/3214 2747/3357/2984 2722/3327/2954
f 2739/3355/2982 2738/3588/3215 2755/3353/2980
f 2755/3353/2980 2738/3588/3215 2754/3589/3216
f 2755/3353/2980 2754/3589/3216 2764/3351/2978
f 2764/3351/2978 2754/3589/3216 2763/3590/3217
f 2764/3351/2978 2763/3590/3217 2773/3349/2976
f 2773/3349/2976 2763/3590/3217 2772/3347/2974
f 2767/3372/2999 2757/3362/2989 2766/3361/2988
f 2775/3360/2987 2776/3365/2992 2766/3361/2988
f 2766/3361/2988 2776/3365/2992 2767/3372/2999
f 2776/3365/2992 2777/3367/2994 2767/3372/2999
f 2513/3235/2862 2536/3496/3123 2820/3302/2929
f 2820/3302/2929 2536/3496/3123 2819/3497/3124
f 2820/3302/2929 2819/3497/3124 2828/3591/3218
f 2828/3591/3218 2819/3497/3124 2818/3498/3125
f 2828/3591/3218 2818/3498/3125 2827/3592/3219
f 2827/3592/3219 2818/3498/3125 2817/3499/3126
f 2827/3592/3219 2817/3499/3126 2826/3593/3220
f 2826/3593/3220 2817/3499/3126 2816/3500/3127
f 2826/3593/3220 2816/3500/3127 2825/3298/2925
f 2825/3298/2925 2816/3500/3127 2815/3299/2926
f 2641/3423/3050 2788/3557/3184 2789/3424/3051
f 2789/3424/3051 2788/3557/3184 2798/3549/3176
f 2789/3424/3051 2798/3549/3176 2799/3425/3052
f 2798/3549/3176 2788/3557/3184 2797/3548/3175
f 2036/3216/2843 2796/3547/3174 2787/3426/3053
f 2822/3546/3173 2813/3212/2839 2812/3430/3057
f 2821/3429/3056 2822/3546/3173 2812/3430/3057
f 2825/3298/2925 2833/3297/2924 2826/3593/3220
f 2826/3593/3220 2833/3297/2924 2834/3307/2934
f 2826/3593/3220 2834/3307/2934 2827/3592/3219
f 2827/3592/3219 2834/3307/2934 2835/3305/2932
f 2827/3592/3219 2835/3305/2932 2828/3591/3218
f 2828/3591/3218 2835/3305/2932 2836/3303/2930
f 2828/3591/3218 2836/3303/2930 2820/3302/2929
f 2846/3431/3058 2847/3529/3156 2837/3432/3059
f 2837/3432/3059 2847/3529/3156 2838/3434/3061
f 2847/3529/3156 2848/3530/3157 2838/3434/3061
f 2838/3434/3061 2848/3530/3157 2839/3436/3063
f 2848/3530/3157 2849/3531/3158 2839/3436/3063
f 2839/3436/3063 2849/3531/3158 2840/3438/3065
f 2849/3531/3158 2850/3532/3159 2840/3438/3065
f 2840/3438/3065 2850/3532/3159 2841/3440/3067
f 2850/3532/3159 2851/3533/3160 2841/3440/3067
f 2841/3440/3067 2851/3533/3160 2842/3442/3069
f 2851/3533/3160 2852/3534/3161 2842/3442/3069
f 2842/3442/3069 2852/3534/3161 2843/3202/2829
f 2852/3534/3161 2853/3200/2827 2843/3202/2829
f 2872/3175/2802 2880/3173/2800 2873/3540/3167
f 2873/3540/3167 2880/3173/2800 2881/3292/2919
f 2873/3540/3167 2881/3292/2919 2874/3539/3166
f 2874/3539/3166 2881/3292/2919 2882/3290/2917
f 2874/3539/3166 2882/3290/2917 2875/3538/3165
f 2875/3538/3165 2882/3290/2917 2883/3288/2915
f 2875/3538/3165 2883/3288/2915 2876/3537/3164
f 2876/3537/3164 2883/3288/2915 2884/3286/2913
f 2876/3537/3164 2884/3286/2913 2877/3536/3163
f 2877/3536/3163 2884/3286/2913 2885/3284/2911
f 2877/3536/3163 2885/3284/2911 2878/3535/3162
f 2878/3535/3162 2885/3284/2911 2886/3282/2909
f 2878/3535/3162 2886/3282/2909 2870/3281/2908
f 2896/3454/3081 2897/3464/3091 2887/3455/3082
f 2887/3455/3082 2897/3464/3091 2888/3457/3084
f 2897/3464/3091 2898/3466/3093 2888/3457/3084
f 2888/3457/3084 2898/3466/3093 2889/3459/3086
f 2898/3466/3093 2899/3468/3095 2889/3459/3086
f 2889/3459/3086 2899/3468/3095 2890/3447/3074
f 2899/3468/3095 2900/3448/3075 2890/3447/3074
f 2911/3280/2907 2895/3279/2906 2903/3527/3154
f 2911/3280/2907 2903/3527/3154 2910/3163/2790
f 864/3594/3221 1972/3595/3222 865/3596/3223
f 865/3596/3223 1972/3595/3222 1971/3597/3224
f 865/3596/3223 1971/3597/3224 970/3598/3225
f 970/3598/3225 1971/3597/3224 971/3599/3226
f 864/3594/3221 2062/3600/3227 1972/3595/3222
f 1972/3595/3222 2062/3600/3227 1169/3601/2192
f 1169/3601/2192 2062/3600/3227 2032/3602/2345
f 856/3603/2328 855/3604/3228 2051/3605/2310
f 2051/3605/2310 855/3604/3228 2052/3606/2311
f 2052/3606/2311 855/3604/3228 2053/3607/2331
f 2053/3607/2331 855/3604/3228 2509/3608/2784
f 2509/3608/2784 855/3604/3228 2124/3609/3229
f 2509/3608/2784 2124/3609/3229 2510/3610/2905
f 2510/3610/2905 2124/3609/3229 2123/3611/2366
f 2510/3610/2905 2123/3611/2366 2511/3612/2824
f 2511/3612/2824 2123/3611/2366 2122/3613/2368
f 2511/3612/2824 2122/3613/2368 2512/3614/2920
f 2512/3614/2920 2122/3613/2368 2121/3615/2629
f 2512/3614/2920 2121/3615/2629 2524/3616/2962
f 2524/3616/2962 2121/3615/2629 2525/3617/2964
f 2525/3617/2964 2121/3615/2629 2108/3618/2586
f 2525/3617/2964 2108/3618/2586 2526/3619/2966
f 2526/3619/2966 2108/3618/2586 2107/3620/2585
f 2526/3619/2966 2107/3620/2585 2105/3621/2583
f 2105/3621/2583 2107/3620/2585 2106/3622/2584
f 855/3604/3228 854/3623/3230 2124/3609/3229
f 2124/3609/3229 854/3623/3230 1030/3624/1204
f 1030/3624/1204 854/3623/3230 1031/3625/1205
f 1031/3625/1205 854/3623/3230 1032/3626/1151
f 1032/3626/1151 854/3623/3230 853/3627/1152
f 2120/3628/2406 2111/3629/2540 2121/3615/2629
f 2121/3615/2629 2111/3629/2540 2110/3630/2588
f 2121/3615/2629 2110/3630/2588 2109/3631/2587
f 2119/3632/2618 2113/3633/2447 2120/3628/2406
f 2120/3628/2406 2113/3633/2447 2112/3634/2449
f 2120/3628/2406 2112/3634/2449 2111/3629/2540
f 2118/3635/2616 2116/3636/2598 2119/3632/2618
f 2119/3632/2618 2116/3636/2598 2115/3637/2589
f 2119/3632/2618 2115/3637/2589 2114/3638/2446
f 2118/3635/2616 2117/3639/2607 2116/3636/2598
f 2114/3638/2446 2113/3633/2447 2119/3632/2618
f 2109/3631/2587 2108/3618/2586 2121/3615/2629
f 2105/3621/2583 2527/3640/2970 2526/3619/2966
f 2524/3616/2962 2523/3641/2949 2512/3614/2920
f 2512/3614/2920 2523/3641/2949 2522/3642/2904
f 2512/3614/2920 2522/3642/2904 2513/3643/2862
f 2513/3643/2862 2522/3642/2904 2521/3644/2903
f 2513/3643/2862 2521/3644/2903 2520/3645/2947
f 2513/3643/2862 2520/3645/2947 2514/3646/2864
f 2514/3646/2864 2520/3645/2947 2519/3647/2945
f 2514/3646/2864 2519/3647/2945 2518/3648/2943
f 2518/3648/2943 2517/3649/2941 2514/3646/2864
f 2514/3646/2864 2517/3649/2941 2515/3650/2935
f 2515/3650/2935 2517/3649/2941 2516/3651/2939
# 2911 vertices
# 3651 texture params
# 3230 normals
# 5810 facets

# 3 groups
