# WaveFront *.obj file (generated by Autodesk ATF)

mtllib Ice Debris.mtl

g Body40

v 0.831994 3.813374 5.898572
v 0.831994 3.729699 5.861627
v 0.835168 3.729532 5.860735
v 0.838236 3.729286 5.859418
v 0.843897 3.728569 5.855582
v 0.848681 3.727585 5.850320
v 0.852341 3.726386 5.843903
v 0.854779 3.734872 5.840616
v 0.855607 3.743880 5.837126
v 0.855607 3.752310 5.840848
v 0.853884 3.773517 5.860896
v 0.848922 3.792167 5.878525
v 0.845400 3.799809 5.885749
v 0.841320 3.806009 5.891610
v 0.836806 3.810577 5.895928
v 0.834428 3.812203 5.897465
v 0.855607 3.747051 5.830547
v 0.855600 3.747242 5.829515
v 0.853716 3.750330 5.814489
v 0.851577 3.751920 5.807903
v 0.848715 3.753477 5.802201
v 0.845216 3.754956 5.797550
v 0.841181 3.756313 5.794088
v 0.839000 3.756933 5.792835
v 0.836731 3.757508 5.791915
v 0.834390 3.758034 5.791334
v 0.831994 3.758507 5.791096
v 0.855268 3.710604 5.847133
v 0.852577 3.684717 5.884924
v 0.850289 3.673043 5.901966
v 0.847442 3.662597 5.917215
v 0.844104 3.653631 5.930304
v 0.840355 3.646360 5.940918
v 0.836286 3.640960 5.948802
v 0.834162 3.639003 5.951659
v 0.831994 3.637559 5.953767
v 0.831994 3.677311 5.863736
v 0.833902 3.678214 5.862690
v 0.835777 3.679406 5.861310
v 0.839397 3.682632 5.857575
v 0.845884 3.692219 5.846476
v 0.850975 3.705362 5.831260
v 0.854294 3.721088 5.813054
v 0.603394 3.900840 5.981254
v 0.603394 3.738677 5.909653
v 0.603394 3.800615 5.784928
v 0.851260 3.720586 5.852371
v 0.847582 3.732399 5.813970
v 0.845395 3.737518 5.797330
v 0.843007 3.742035 5.782647
v 0.840444 3.745900 5.770080
v 0.837734 3.749073 5.759769
v 0.834907 3.751516 5.751825
v 0.831994 3.753205 5.746336
v 0.831994 3.776265 5.694109
v 0.836806 3.773793 5.702899
v 0.841320 3.770780 5.714933
v 0.845400 3.767318 5.729848
v 0.848922 3.763512 5.747188
v 0.853884 3.755337 5.786982
v 0.855607 3.747240 5.829515
v 0.848922 3.751425 5.774564
v 0.852568 3.756496 5.776803
v 0.844096 3.747260 5.772725
v 0.853077 3.717437 5.850718
v 0.854421 3.714089 5.848961
v 0.855021 3.718550 5.811336
v 0.855460 3.715959 5.809582
v 0.855607 3.713341 5.807810
v 0.855607 3.728612 5.724401
v 0.853884 3.743873 5.695320
v 0.848922 3.757292 5.669746
v 0.845400 3.762792 5.659265
v 0.841320 3.767253 5.650764
v 0.836806 3.770540 5.644500
v 0.834428 3.771710 5.642269
v 0.831994 3.772553 5.640664
v 0.848922 3.743344 5.745927
v 0.852568 3.737892 5.744928
v 0.854837 3.731759 5.743806
v 0.844096 3.747823 5.746747
v 0.838350 3.751086 5.747344
v 0.831994 3.689837 5.723379
v 0.855607 3.696105 5.756909
v 0.855173 3.695000 5.750996
v 0.853884 3.693928 5.745264
v 0.851779 3.692923 5.739885
v 0.848922 3.692014 5.735024
v 0.845400 3.691229 5.730827
v 0.841320 3.690593 5.727423
v 0.836806 3.690124 5.724915
v 0.831994 3.574846 5.672607
v 0.855607 3.651473 5.737202
v 0.853884 3.624861 5.714768
v 0.848922 3.601458 5.695040
v 0.845400 3.591868 5.686956
v 0.841320 3.584088 5.680398
v 0.836806 3.578356 5.675566
v 0.834428 3.576315 5.673845
v 0.855607 3.702743 5.814480
v 0.854531 3.700462 5.825095
v 0.851382 3.698353 5.834911
v 0.847703 3.683036 5.820465
v 0.843103 3.670537 5.808675
v 0.837788 3.661410 5.800066
v 0.834935 3.658245 5.797081
v 0.831994 3.656063 5.795023
v 0.852568 3.643868 5.748937
v 0.854837 3.649063 5.745490
v 0.848922 3.639249 5.752001
v 0.844096 3.635455 5.754518
v 0.838350 3.632691 5.756352
v 0.831994 3.571282 5.745649
v 0.854531 3.684486 5.835150
v 0.855607 3.669490 5.835407
v 0.855607 3.638402 5.817303
v 0.853884 3.615092 5.792418
v 0.848922 3.594592 5.770534
v 0.845400 3.586192 5.761566
v 0.841320 3.579377 5.754291
v 0.836806 3.574357 5.748931
v 0.834428 3.572569 5.747023
v 0.855607 3.652685 5.845984
v 0.855524 3.651808 5.849112
v 0.853281 3.636711 5.839243
v 0.848205 3.623633 5.830693
v 0.844766 3.618304 5.827210
v 0.840845 3.613984 5.824385
v 0.836549 3.610789 5.822297
v 0.834296 3.609642 5.821547
v 0.831994 3.608806 5.821000
v 0.831994 3.506248 5.815947
v 0.855607 3.644796 5.850949
v 0.855607 3.577744 5.847645
v 0.853884 3.552914 5.836636
v 0.848922 3.531078 5.826955
v 0.845400 3.522130 5.822988
v 0.841320 3.514872 5.819770
v 0.836806 3.509524 5.817399
v 0.834428 3.507619 5.816554
v 0.855607 3.605671 5.875572
v 0.855566 3.605453 5.877517
v 0.853470 3.593221 5.878458
v 0.851287 3.587622 5.878888
v 0.848422 3.582580 5.879276
v 0.844957 3.578237 5.879610
v 0.840987 3.574716 5.879881
v 0.836626 3.572114 5.880081
v 0.831994 3.570506 5.880205
v 0.603394 3.877490 5.365056
v 0.716473 3.804358 5.580051
v 0.603394 3.787624 5.568588
v 0.603394 3.680859 5.675353
v 0.603394 3.465088 5.580082
v 0.603394 3.526799 5.673098
v 0.603394 3.475140 5.643013
v 0.603394 3.542040 5.777353
v 0.603394 3.403840 5.770543
v 0.603394 3.517573 5.884276
v 0.831994 3.501629 5.974301
v 0.834336 3.503638 5.972429
v 0.836626 3.506406 5.969849
v 0.840987 3.514134 5.962644
v 0.844957 3.524596 5.952892
v 0.848422 3.537498 5.940864
v 0.851287 3.552478 5.926900
v 0.853470 3.569114 5.911392
v 0.854837 3.605093 5.883722
v 0.852568 3.608414 5.888999
v 0.848922 3.611366 5.893690
v 0.844096 3.613791 5.897544
v 0.838350 3.615558 5.900351
v 0.603394 3.587171 5.968092
v 0.603394 3.344366 6.120902
v 0.603394 3.513591 6.134740
v 0.569857 3.808074 5.587935
v 0.569888 3.810135 5.584008
v 0.571042 3.804409 5.580086
v 0.573802 3.799084 5.576438
v 0.578006 3.794472 5.573278
v 0.583407 3.790843 5.570793
v 0.589690 3.788410 5.569126
v 0.596485 3.787315 5.568376
v 0.600301 3.680776 5.674908
v 0.597186 3.680769 5.674868
v 0.591037 3.680979 5.675995
v 0.585238 3.681482 5.678682
v 0.580065 3.682252 5.682801
v 0.575762 3.683253 5.688156
v 0.572535 3.684437 5.694493
v 0.570535 3.685750 5.701513
v 0.569857 3.687127 5.708882
v 0.570741 3.744112 5.641926
v 0.573337 3.739434 5.637248
v 0.577485 3.735354 5.633168
v 0.582929 3.732124 5.629938
v 0.589332 3.729944 5.627758
v 0.596297 3.728948 5.626762
v 0.569857 3.771218 5.789234
v 0.570741 3.778584 5.788155
v 0.573337 3.785494 5.787143
v 0.577485 3.791522 5.786260
v 0.582929 3.796293 5.785561
v 0.589332 3.799514 5.785089
v 0.596297 3.800985 5.784873
v 0.601894 3.878052 5.363230
v 0.601140 3.878257 5.362562
v 0.600384 3.878413 5.362057
v 0.599626 3.878518 5.361716
v 0.598868 3.878572 5.361539
v 0.598109 3.878576 5.361527
v 0.597351 3.878529 5.361680
v 0.596593 3.878431 5.361996
v 0.595837 3.878284 5.362477
v 0.594330 3.877837 5.363929
v 0.591356 3.876345 5.368779
v 0.588461 3.874070 5.376175
v 0.585679 3.871037 5.386034
v 0.583040 3.867280 5.398246
v 0.580575 3.862842 5.412671
v 0.576274 3.852131 5.447492
v 0.572969 3.839382 5.488933
v 0.570807 3.825171 5.535130
v 0.570741 3.804571 5.646220
v 0.573337 3.811078 5.647411
v 0.573337 3.837495 5.503127
v 0.577485 3.816753 5.648450
v 0.577485 3.843171 5.504166
v 0.582929 3.821246 5.649273
v 0.582929 3.847664 5.504989
v 0.589332 3.824279 5.649828
v 0.589332 3.850697 5.505544
v 0.596297 3.825664 5.650082
v 0.596297 3.852082 5.505798
v 0.569857 3.839776 5.923530
v 0.572535 3.865981 5.948302
v 0.575762 3.877523 5.959212
v 0.580065 3.887276 5.968431
v 0.585238 3.894776 5.975522
v 0.588076 3.897566 5.978159
v 0.591037 3.899669 5.980147
v 0.594085 3.901061 5.981462
v 0.595632 3.901484 5.981862
v 0.597186 3.901723 5.982089
v 0.598744 3.901778 5.982141
v 0.600301 3.901649 5.982019
v 0.601853 3.901336 5.981723
v 0.596297 3.849153 5.879227
v 0.589332 3.847899 5.879867
v 0.582929 3.845153 5.881269
v 0.577485 3.841084 5.883346
v 0.573337 3.835946 5.885970
v 0.570741 3.830054 5.888977
v 0.569857 3.732409 5.876124
v 0.570535 3.733787 5.883493
v 0.572535 3.735099 5.890513
v 0.575762 3.736284 5.896850
v 0.580065 3.737285 5.902205
v 0.585238 3.738055 5.906324
v 0.591037 3.738557 5.909011
v 0.597186 3.738768 5.910138
v 0.600301 3.738760 5.910098
v 0.596297 3.811355 5.942130
v 0.589332 3.811924 5.940842
v 0.582929 3.813169 5.938022
v 0.577485 3.815014 5.933843
v 0.573337 3.817344 5.928565
v 0.570741 3.820016 5.922513
v 0.569857 3.600138 6.008395
v 0.570535 3.581117 6.036163
v 0.572535 3.562997 6.062614
v 0.575762 3.546639 6.086495
v 0.580065 3.532816 6.106674
v 0.585238 3.522185 6.122193
v 0.591037 3.515250 6.132317
v 0.592552 3.514136 6.133943
v 0.594085 3.513278 6.135196
v 0.595632 3.512679 6.136071
v 0.597186 3.512339 6.136567
v 0.597965 3.512267 6.136671
v 0.598744 3.512261 6.136681
v 0.599523 3.512320 6.136595
v 0.600301 3.512444 6.136414
v 0.601853 3.512888 6.135766
v 0.596297 3.672441 5.976391
v 0.596297 3.592323 6.056508
v 0.589332 3.671445 5.975395
v 0.589332 3.591327 6.055513
v 0.582929 3.669265 5.973215
v 0.582929 3.589147 6.053332
v 0.577485 3.666035 5.969985
v 0.577485 3.585917 6.050102
v 0.573337 3.661955 5.965905
v 0.573337 3.581837 6.046023
v 0.570741 3.657277 5.961227
v 0.569857 3.650101 5.895237
v 0.572535 3.623096 5.926501
v 0.575762 3.611201 5.940272
v 0.580065 3.601151 5.951908
v 0.585238 3.593421 5.960857
v 0.588076 3.590545 5.964186
v 0.591037 3.588378 5.966695
v 0.594085 3.586944 5.968355
v 0.595632 3.586508 5.968859
v 0.597186 3.586261 5.969145
v 0.598744 3.586204 5.969211
v 0.600301 3.586337 5.969057
v 0.601853 3.586660 5.968684
v 0.570741 3.587800 6.018881
v 0.596297 3.568183 6.010220
v 0.589332 3.569471 6.010789
v 0.582929 3.572292 6.012034
v 0.577485 3.576471 6.013879
v 0.573337 3.581749 6.016209
v 0.569857 3.454158 6.018554
v 0.570535 3.430028 6.041048
v 0.572535 3.407042 6.062476
v 0.575762 3.386290 6.081821
v 0.580065 3.368755 6.098167
v 0.585238 3.355269 6.110738
v 0.588076 3.350252 6.115415
v 0.591037 3.346471 6.118940
v 0.592552 3.345058 6.120257
v 0.594085 3.343970 6.121271
v 0.595632 3.343209 6.121980
v 0.597186 3.342778 6.122382
v 0.597965 3.342687 6.122467
v 0.598744 3.342679 6.122475
v 0.599523 3.342754 6.122405
v 0.600301 3.342911 6.122258
v 0.601853 3.343474 6.121734
v 0.596297 3.557732 5.987038
v 0.596297 3.450185 6.054723
v 0.589332 3.556982 5.985846
v 0.589332 3.449435 6.053532
v 0.582929 3.555340 5.983237
v 0.582929 3.447792 6.050922
v 0.577485 3.552907 5.979371
v 0.577485 3.445359 6.047056
v 0.573337 3.549833 5.974488
v 0.573337 3.442286 6.042173
v 0.570741 3.546310 5.968889
v 0.570741 3.438763 6.036574
v 0.569857 3.554528 5.881434
v 0.570535 3.546406 5.882058
v 0.572535 3.538669 5.882653
v 0.575762 3.531684 5.883191
v 0.580065 3.525782 5.883645
v 0.585238 3.521243 5.883994
v 0.591037 3.518282 5.884221
v 0.594085 3.517440 5.884286
v 0.597186 3.517039 5.884317
v 0.600301 3.517083 5.884314
v 0.596297 3.437138 5.993562
v 0.589332 3.438275 5.994394
v 0.582929 3.440763 5.996215
v 0.577485 3.444448 5.998913
v 0.573337 3.449104 6.002321
v 0.570741 3.454442 6.006228
v 0.569857 3.475335 5.802241
v 0.572535 3.444654 5.788638
v 0.575762 3.431140 5.782647
v 0.580065 3.419722 5.777584
v 0.585238 3.410940 5.773691
v 0.588076 3.407673 5.772242
v 0.591037 3.405211 5.771151
v 0.594085 3.403582 5.770429
v 0.595632 3.403087 5.770209
v 0.597186 3.402806 5.770085
v 0.598744 3.402741 5.770056
v 0.600301 3.402893 5.770123
v 0.601853 3.403259 5.770285
v 0.596297 3.468588 5.835792
v 0.589332 3.469584 5.834796
v 0.582929 3.471764 5.832616
v 0.577485 3.474994 5.829386
v 0.573337 3.479074 5.825306
v 0.570741 3.483751 5.820628
v 0.569857 3.588652 5.807825
v 0.572535 3.568649 5.794748
v 0.575762 3.559839 5.788989
v 0.580065 3.552395 5.784122
v 0.585238 3.546669 5.780379
v 0.588076 3.544539 5.778987
v 0.591037 3.542934 5.777937
v 0.594085 3.541872 5.777243
v 0.597186 3.541366 5.776912
v 0.600301 3.541423 5.776949
v 0.596297 3.496396 5.774749
v 0.589332 3.496327 5.776156
v 0.582929 3.496175 5.779235
v 0.577485 3.495950 5.783797
v 0.573337 3.495666 5.789560
v 0.570741 3.495341 5.796167
v 0.569857 3.542260 5.714667
v 0.572535 3.513456 5.683918
v 0.575762 3.500770 5.670374
v 0.580065 3.490050 5.658931
v 0.585238 3.481805 5.650129
v 0.588076 3.478738 5.646855
v 0.591037 3.476427 5.644387
v 0.594085 3.474898 5.642755
v 0.595632 3.474433 5.642258
v 0.597186 3.474169 5.641977
v 0.598744 3.474108 5.641912
v 0.600301 3.474250 5.642064
v 0.601853 3.474594 5.642431
v 0.596297 3.518662 5.731203
v 0.589332 3.519922 5.730575
v 0.582929 3.522682 5.729200
v 0.577485 3.526771 5.727164
v 0.573337 3.531936 5.724592
v 0.570741 3.537857 5.721643
v 0.569857 3.617043 5.758219
v 0.572535 3.578316 5.721690
v 0.575762 3.561259 5.705601
v 0.580065 3.546846 5.692007
v 0.585238 3.535761 5.681551
v 0.588076 3.531638 5.677662
v 0.591037 3.528530 5.674730
v 0.592552 3.527368 5.673635
v 0.594085 3.526474 5.672791
v 0.595632 3.525848 5.672201
v 0.597186 3.525494 5.671867
v 0.598744 3.525413 5.671790
v 0.600301 3.525603 5.671970
v 0.601853 3.526066 5.672407
v 0.570741 3.541935 5.706318
v 0.573337 3.545264 5.700602
v 0.577485 3.548167 5.695616
v 0.569857 3.541715 5.644677
v 0.572535 3.508831 5.616957
v 0.575762 3.494348 5.604748
v 0.580065 3.482110 5.594431
v 0.585238 3.472697 5.586497
v 0.588076 3.469196 5.583546
v 0.591037 3.466557 5.581321
v 0.594085 3.464811 5.579849
v 0.595632 3.464281 5.579402
v 0.597186 3.463980 5.579148
v 0.598744 3.463910 5.579090
v 0.600301 3.464072 5.579226
v 0.601853 3.464465 5.579557
v 0.582929 3.532380 5.674026
v 0.573337 3.540994 5.668311
v 0.577485 3.536186 5.671501
v 0.570741 3.546506 5.664654
v 0.596297 3.581258 5.630988
v 0.589332 3.580689 5.632276
v 0.582929 3.579444 5.635097
v 0.577485 3.577599 5.639275
v 0.573337 3.575268 5.644553
v 0.570741 3.572596 5.650605
v 0.578006 3.839749 5.470734
v 0.583407 3.835793 5.468987
v 0.589690 3.833141 5.467816
v 0.596485 3.831949 5.467290
vt 0.091960 0.019949 0.000000
vt 0.000491 0.019949 0.000000
vt 0.090442 0.017455 0.000000
vt -0.000021 0.016686 0.000000
vt 0.088332 0.014962 0.000000
vt -0.000779 0.013423 0.000000
vt 0.082410 0.009975 0.000000
vt -0.002984 0.006898 0.000000
vt 0.074372 0.004987 0.000000
vt -0.006009 0.000372 0.000000
vt 0.064462 0.000000 0.000000
vt -0.009698 -0.006153 0.000000
vt 0.040281 -0.009975 0.000000
vt -0.003263 -0.013051 0.000000
vt 0.012783 -0.019949 0.000000
vt 0.003568 -0.019949 0.000000
vt -0.039248 -0.019949 0.000000
vt -0.038415 -0.019310 0.000000
vt -0.050814 -0.019949 0.000000
vt -0.078311 -0.009975 0.000000
vt -0.026436 -0.009496 0.000000
vt -0.021293 -0.004588 0.000000
vt -0.102492 -0.000000 0.000000
vt -0.016923 0.000319 0.000000
vt -0.112402 0.004987 0.000000
vt -0.013453 0.005227 0.000000
vt -0.120440 0.009975 0.000000
vt -0.010986 0.010134 0.000000
vt -0.010152 0.012588 0.000000
vt -0.126363 0.014962 0.000000
vt -0.009594 0.015042 0.000000
vt -0.128472 0.017455 0.000000
vt -0.009316 0.017495 0.000000
vt -0.129990 0.019949 0.000000
vt -0.009319 0.019949 0.000000
vt -0.051739 -0.015542 0.000000
vt -0.006712 -0.006669 0.000000
vt -0.087149 -0.011251 0.000000
vt -0.064142 -0.003451 0.000000
vt 0.013594 -0.002233 0.000000
vt 0.031763 0.002204 0.000000
vt -0.044914 0.004349 0.000000
vt 0.047358 0.006640 0.000000
vt -0.030888 0.012149 0.000000
vt 0.060005 0.011076 0.000000
vt 0.069399 0.015513 0.000000
vt -0.026168 0.016049 0.000000
vt 0.072802 0.017731 0.000000
vt -0.024424 0.017999 0.000000
vt -0.023103 0.019949 0.000000
vt 0.075314 0.019949 0.000000
vt -0.079754 0.023977 0.000000
vt 0.011715 0.023977 0.000000
vt -0.052142 0.256104 0.000000
vt 0.125125 0.256104 0.000000
vt -0.001410 0.023977 0.000000
vt -0.015062 0.256104 0.000000
vt -0.122081 0.023977 0.000000
vt -0.235491 0.256104 0.000000
vt 0.038461 -0.003979 0.000000
vt -0.045173 -0.006650 0.000000
vt 0.028372 -0.006153 0.000000
vt -0.035393 -0.009975 0.000000
vt 0.021937 -0.013051 0.000000
vt 0.006786 -0.019949 0.000000
vt 0.015106 -0.019949 0.000000
vt -0.045173 -0.000000 0.000000
vt -0.001440 0.002003 0.000000
vt -0.018729 0.004994 0.000000
vt -0.045173 0.006650 0.000000
vt -0.033986 0.007985 0.000000
vt -0.047043 0.010976 0.000000
vt -0.107541 0.009975 0.000000
vt -0.057757 0.013967 0.000000
vt -0.119767 0.014962 0.000000
vt -0.066011 0.016958 0.000000
vt -0.128807 0.019949 0.000000
vt -0.071715 0.019949 0.000000
vt -0.092499 0.004987 0.000000
vt -0.075099 -0.000000 0.000000
vt -0.110051 -0.007833 0.000000
vt -0.002307 -0.006650 0.000000
vt -0.111110 -0.003979 0.000000
vt -0.002307 -0.000000 0.000000
vt -0.071209 0.002003 0.000000
vt -0.053920 0.004994 0.000000
vt -0.002307 0.006650 0.000000
vt -0.038663 0.007985 0.000000
vt -0.025606 0.010976 0.000000
vt 0.095605 0.009975 0.000000
vt -0.002307 0.013299 0.000000
vt 0.102359 0.014962 0.000000
vt -0.006638 0.016958 0.000000
vt 0.104764 0.017455 0.000000
vt -0.000934 0.019949 0.000000
vt 0.106495 0.019949 0.000000
vt -0.072345 -0.011251 0.000000
vt -0.108926 -0.011687 0.000000
vt -0.107755 -0.015542 0.000000
vt -0.002307 -0.013299 0.000000
vt -0.071113 -0.014150 0.000000
vt -0.069854 -0.017050 0.000000
vt -0.068582 -0.019949 0.000000
vt 0.016213 -0.019949 0.000000
vt 0.047567 -0.009975 0.000000
vt 0.075140 -0.000000 0.000000
vt 0.086440 0.004987 0.000000
vt -0.014892 0.013967 0.000000
vt -0.164578 0.019949 0.000000
vt -0.162847 0.017455 0.000000
vt -0.047601 0.019949 0.000000
vt -0.046718 0.014962 0.000000
vt -0.160442 0.014962 0.000000
vt -0.153689 0.009975 0.000000
vt -0.045276 0.009975 0.000000
vt -0.144523 0.004987 0.000000
vt -0.043319 0.004987 0.000000
vt -0.133223 -0.000000 0.000000
vt -0.040906 -0.000000 0.000000
vt -0.038111 -0.004987 0.000000
vt -0.105651 -0.009975 0.000000
vt -0.035019 -0.009975 0.000000
vt -0.031723 -0.014962 0.000000
vt -0.074296 -0.019949 0.000000
vt -0.028324 -0.019949 0.000000
vt 0.075751 0.019949 0.000000
vt -0.049950 0.019949 0.000000
vt 0.073907 0.017455 0.000000
vt -0.050833 0.014962 0.000000
vt 0.071344 0.014962 0.000000
vt 0.064149 0.009975 0.000000
vt -0.052275 0.009975 0.000000
vt 0.054384 0.004987 0.000000
vt -0.054232 0.004987 0.000000
vt 0.042345 -0.000000 0.000000
vt -0.056645 0.000000 0.000000
vt -0.059440 -0.004987 0.000000
vt 0.012968 -0.009975 0.000000
vt -0.062532 -0.009975 0.000000
vt -0.065828 -0.014962 0.000000
vt -0.069227 -0.019949 0.000000
vt -0.020438 -0.019949 0.000000
vt -0.071913 -0.019949 0.000000
vt 0.020825 -0.019949 0.000000
vt -0.066339 -0.013299 0.000000
vt 0.028410 -0.012081 0.000000
vt -0.066339 -0.006650 0.000000
vt 0.035424 -0.004212 0.000000
vt -0.066339 -0.000000 0.000000
vt 0.014918 0.001828 0.000000
vt -0.066339 0.006650 0.000000
vt -0.001817 0.007869 0.000000
vt -0.066339 0.013299 0.000000
vt -0.014035 0.013909 0.000000
vt -0.018273 0.016929 0.000000
vt -0.166258 0.017455 0.000000
vt -0.021194 0.019949 0.000000
vt -0.168102 0.019949 0.000000
vt -0.163695 0.014962 0.000000
vt -0.156500 0.009975 0.000000
vt -0.146735 0.004987 0.000000
vt -0.134696 -0.000000 0.000000
vt -0.105319 -0.009975 0.000000
vt 0.064090 0.019949 0.000000
vt -0.034020 0.019949 0.000000
vt 0.062287 0.017455 0.000000
vt -0.036941 0.016929 0.000000
vt 0.059781 0.014962 0.000000
vt -0.041179 0.013909 0.000000
vt 0.052745 0.009975 0.000000
vt -0.053398 0.007869 0.000000
vt 0.043196 0.004987 0.000000
vt -0.070132 0.001828 0.000000
vt 0.031423 -0.000000 0.000000
vt -0.090638 -0.004212 0.000000
vt 0.002696 -0.009975 0.000000
vt -0.078776 -0.012081 0.000000
vt -0.029971 -0.019949 0.000000
vt -0.065946 -0.019949 0.000000
vt 0.026485 -0.019949 0.000000
vt 0.028894 -0.017767 0.000000
vt -0.005556 -0.019949 0.000000
vt -0.038223 -0.009975 0.000000
vt 0.013330 -0.008338 0.000000
vt -0.066950 0.000000 0.000000
vt -0.000153 0.001091 0.000000
vt -0.078722 0.004987 0.000000
vt -0.005647 0.005806 0.000000
vt -0.088272 0.009975 0.000000
vt -0.010101 0.010520 0.000000
vt -0.095308 0.014962 0.000000
vt -0.013395 0.015235 0.000000
vt -0.097814 0.017455 0.000000
vt -0.014577 0.017592 0.000000
vt -0.099617 0.019949 0.000000
vt -0.015439 0.019949 0.000000
vt 0.081653 0.019949 0.000000
vt -0.021030 0.019949 0.000000
vt 0.080254 0.017455 0.000000
vt -0.021891 0.017592 0.000000
vt -0.023074 0.015235 0.000000
vt 0.078310 0.014962 0.000000
vt -0.026368 0.010520 0.000000
vt 0.072852 0.009975 0.000000
vt -0.030822 0.005806 0.000000
vt 0.065444 0.004987 0.000000
vt -0.036315 0.001091 0.000000
vt 0.056311 -0.000000 0.000000
vt -0.049798 -0.008338 0.000000
vt 0.034026 -0.009975 0.000000
vt -0.065362 -0.017767 0.000000
vt 0.008684 -0.019949 0.000000
vt -0.058449 -0.019949 0.000000
vt 0.008969 -0.019949 0.000000
vt 0.010190 -0.018419 0.000000
vt -0.030526 -0.019949 0.000000
vt -0.055868 -0.009975 0.000000
vt 0.002206 -0.008827 0.000000
vt -0.001449 -0.004031 0.000000
vt -0.078153 -0.000000 0.000000
vt -0.004740 0.000765 0.000000
vt -0.087286 0.004987 0.000000
vt -0.007574 0.005561 0.000000
vt -0.094694 0.009975 0.000000
vt -0.009873 0.010357 0.000000
vt -0.100152 0.014962 0.000000
vt -0.011571 0.015153 0.000000
vt -0.102096 0.017455 0.000000
vt -0.012620 0.019949 0.000000
vt -0.103495 0.019949 0.000000
vt -0.059807 0.001750 0.000000
vt -0.087766 0.001920 0.000000
vt -0.103103 -0.000000 0.000000
vt -0.103103 0.000007 0.000000
vt -0.104152 -0.000000 0.000000
vt -0.019192 0.006788 0.000000
vt -0.066621 0.014649 0.000000
vt -0.070272 0.010552 0.000000
vt -0.075113 0.006998 0.000000
vt -0.001449 0.010365 0.000000
vt -0.063283 0.023977 0.000000
vt -0.063602 0.021545 0.000000
vt -0.064269 0.019168 0.000000
vt 0.013844 0.014508 0.000000
vt 0.026225 0.019092 0.000000
vt 0.035316 0.023977 0.000000
vt 0.377219 0.256104 0.000000
vt -0.049632 0.256104 0.000000
vt -0.065277 0.016864 0.000000
vt -0.081002 0.004092 0.000000
vt -0.035316 0.023977 0.000000
vt -0.208095 0.141281 0.000000
vt -0.092408 0.023977 0.000000
vt -0.434310 0.256104 0.000000
vt -0.211822 0.256104 0.000000
vt -0.094071 0.023977 0.000000
vt 0.013358 0.023977 0.000000
vt 0.078708 0.141281 0.000000
vt -0.002852 0.023977 0.000000
vt -0.030464 0.256104 0.000000
vt -0.119829 0.023977 0.000000
vt -0.185179 0.141281 0.000000
vt -0.181452 0.256104 0.000000
vt -0.111469 0.023977 0.000000
vt 0.014232 0.023977 0.000000
vt -0.083858 0.256104 0.000000
vt 0.152010 0.256104 0.000000
vt -0.017876 0.023977 0.000000
vt -0.190936 0.256104 0.000000
vt -0.164783 0.023977 0.000000
vt -0.302562 0.256104 0.000000
vt -0.084193 0.023977 0.000000
vt 0.013917 0.023977 0.000000
vt 0.088867 0.256104 0.000000
vt 0.148648 0.256104 0.000000
vt -0.007110 0.023977 0.000000
vt -0.075944 0.256104 0.000000
vt -0.091288 0.023977 0.000000
vt -0.226020 0.256104 0.000000
vt -0.091886 0.023977 0.000000
vt 0.010796 0.023977 0.000000
vt -0.023053 0.256104 0.000000
vt 0.115315 0.256104 0.000000
vt 0.074782 0.039577 0.000000
vt 0.029705 -0.010172 0.000000
vt 0.074782 0.000082 0.000000
vt 0.010435 0.018140 0.000000
vt 0.001254 -0.016644 0.000000
vt 0.020616 -0.012240 0.000000
vt -0.119045 0.020043 0.000000
vt -0.049268 -0.028137 0.000000
vt -0.073072 0.020043 0.000000
vt -0.037057 -0.025359 0.000000
vt -0.055447 0.065538 0.000000
vt -0.053461 -0.079054 0.000000
vt -0.050132 -0.070461 0.000000
vt -0.057027 -0.068052 0.000000
vt -0.057890 -0.067455 0.000000
vt -0.003569 0.023977 0.000000
vt -0.038120 0.256104 0.000000
vt -0.094444 0.023977 0.000000
vt -0.198962 0.256104 0.000000
vt -0.050471 0.019949 0.000000
vt -0.051743 0.017050 0.000000
vt -0.037949 0.019949 0.000000
vt -0.030364 0.012081 0.000000
vt -0.053002 0.014150 0.000000
vt -0.054234 0.011251 0.000000
vt -0.023350 0.004212 0.000000
vt -0.031228 0.003451 0.000000
vt 0.081578 0.000000 0.000000
vt -0.012000 -0.004349 0.000000
vt 0.081578 -0.006650 0.000000
vt 0.002026 -0.012149 0.000000
vt 0.081578 -0.013299 0.000000
vt 0.006746 -0.016049 0.000000
vt 0.214692 -0.017551 0.000000
vt 0.008490 -0.017999 0.000000
vt 0.217390 -0.019949 0.000000
vt 0.009811 -0.019949 0.000000
vt 0.210976 -0.015153 0.000000
vt 0.200598 -0.010357 0.000000
vt 0.186548 -0.005561 0.000000
vt 0.169222 -0.000765 0.000000
vt 0.149106 0.004031 0.000000
vt 0.081578 0.006650 0.000000
vt 0.126766 0.008827 0.000000
vt -0.011488 0.012081 0.000000
vt 0.081578 0.013299 0.000000
vt 0.023606 0.017767 0.000000
vt 0.077968 0.018419 0.000000
vt 0.030519 0.019949 0.000000
vt 0.076747 0.019949 0.000000
vt 0.021197 0.019949 0.000000
vt 0.001341 0.019949 0.000000
vt -0.021010 -0.018419 0.000000
vt 0.027788 -0.008827 0.000000
vt -0.013026 -0.008827 0.000000
vt -0.009371 -0.004031 0.000000
vt 0.050128 -0.004031 0.000000
vt -0.006080 0.000765 0.000000
vt 0.070244 0.000765 0.000000
vt -0.003246 0.005561 0.000000
vt 0.087570 0.005561 0.000000
vt -0.000947 0.010357 0.000000
vt 0.101620 0.010357 0.000000
vt 0.000751 0.015153 0.000000
vt 0.111997 0.015153 0.000000
vt 0.115714 0.017551 0.000000
vt 0.118412 0.019949 0.000000
vt 0.001800 0.019949 0.000000
vt -0.013622 0.023977 0.000000
vt -0.145495 0.256104 0.000000
vt -0.221200 0.023977 0.000000
vt -0.432384 0.256104 0.000000
vt -0.076144 0.023977 0.000000
vt 0.022273 0.023977 0.000000
vt 0.055730 0.256104 0.000000
vt 0.237899 0.256104 0.000000
vt -0.120342 0.019949 0.000000
vt -0.117830 0.017731 0.000000
vt 0.009964 0.019949 0.000000
vt 0.010477 0.016686 0.000000
vt -0.114427 0.015513 0.000000
vt 0.011234 0.013423 0.000000
vt -0.105033 0.011076 0.000000
vt 0.013439 0.006898 0.000000
vt -0.092386 0.006640 0.000000
vt -0.076791 0.002204 0.000000
vt 0.016465 0.000372 0.000000
vt -0.058622 -0.002233 0.000000
vt 0.010065 -0.003979 0.000000
vt -0.038316 -0.006669 0.000000
vt 0.009007 -0.007833 0.000000
vt 0.007882 -0.011687 0.000000
vt 0.006711 -0.015542 0.000000
vt 0.020153 -0.006153 0.000000
vt -0.002852 0.023977 0.000000
vt -0.030464 0.256104 0.000000
vt -0.133158 0.023977 0.000000
vt -0.348784 0.256104 0.000000
vt -0.231214 0.023616 0.000000
vt -0.143575 0.017812 0.000000
vt -0.226981 0.024936 0.000000
vt -0.060172 0.018702 0.000000
vt -0.055935 0.024936 0.000000
vt -0.229939 0.016680 0.000000
vt -0.143575 0.010687 0.000000
vt -0.064208 0.012468 0.000000
vt -0.067851 0.006234 0.000000
vt -0.143575 0.003562 0.000000
vt -0.070930 -0.000000 0.000000
vt -0.143575 -0.003562 0.000000
vt -0.073298 -0.006234 0.000000
vt -0.143575 -0.010687 0.000000
vt -0.074843 -0.012468 0.000000
vt -0.143575 -0.017812 0.000000
vt -0.075491 -0.018702 0.000000
vt -0.075468 -0.021819 0.000000
vt -0.226132 -0.018000 0.000000
vt -0.226201 -0.024936 0.000000
vt -0.228753 0.009744 0.000000
vt -0.227726 0.002808 0.000000
vt -0.226917 -0.004128 0.000000
vt -0.226376 -0.011064 0.000000
vt -0.075212 -0.024936 0.000000
vt 0.201689 0.024936 0.000000
vt -0.002956 0.024936 0.000000
vt 0.205923 0.023616 0.000000
vt 0.143726 0.017812 0.000000
vt 0.256710 0.017547 0.000000
vt 0.143726 0.010687 0.000000
vt 0.290409 0.010687 0.000000
vt 0.290409 0.003562 0.000000
vt 0.347770 0.005409 0.000000
vt 0.383951 -0.000660 0.000000
vt 0.290409 -0.003562 0.000000
vt 0.398940 -0.003695 0.000000
vt 0.411628 -0.006729 0.000000
vt 0.290409 -0.010687 0.000000
vt 0.421872 -0.009764 0.000000
vt 0.429557 -0.012798 0.000000
vt 0.290409 -0.017812 0.000000
vt 0.434597 -0.015833 0.000000
vt 0.436105 -0.017350 0.000000
vt 0.436605 -0.018109 0.000000
vt 0.436934 -0.018867 0.000000
vt 0.437092 -0.019626 0.000000
vt 0.437079 -0.020385 0.000000
vt 0.436896 -0.021143 0.000000
vt 0.433425 -0.024936 0.000000
vt 0.436542 -0.021902 0.000000
vt 0.436017 -0.022660 0.000000
vt 0.435322 -0.023419 0.000000
vt -0.000568 0.017812 0.000000
vt 0.001672 0.010687 0.000000
vt 0.003626 0.003562 0.000000
vt 0.143726 0.003562 0.000000
vt 0.005173 -0.003562 0.000000
vt 0.143726 -0.003562 0.000000
vt 0.006217 -0.010687 0.000000
vt 0.143726 -0.010687 0.000000
vt 0.006694 -0.017812 0.000000
vt 0.143726 -0.017812 0.000000
vt 0.006574 -0.024936 0.000000
vt 0.304711 0.011478 0.000000
vt -0.243400 -0.024936 0.000000
vt -0.022971 -0.024936 0.000000
vt -0.244043 -0.023378 0.000000
vt -0.244449 -0.021819 0.000000
vt -0.129028 -0.017812 0.000000
vt -0.244617 -0.020261 0.000000
vt -0.244545 -0.018702 0.000000
vt -0.244234 -0.017144 0.000000
vt -0.243686 -0.015585 0.000000
vt -0.129028 -0.010687 0.000000
vt -0.241882 -0.012468 0.000000
vt -0.239155 -0.009351 0.000000
vt -0.235538 -0.006234 0.000000
vt -0.129028 -0.003562 0.000000
vt -0.225812 0.000000 0.000000
vt -0.129028 0.003562 0.000000
vt -0.213167 0.006234 0.000000
vt -0.129028 0.010687 0.000000
vt -0.198201 0.012468 0.000000
vt -0.129028 0.017812 0.000000
vt -0.164224 0.024936 0.000000
vt -0.013440 0.024936 0.000000
vt -0.015828 0.017812 0.000000
vt -0.018069 0.010687 0.000000
vt -0.020023 0.003562 0.000000
vt -0.021570 -0.003562 0.000000
vt -0.022614 -0.010687 0.000000
vt -0.023091 -0.017812 0.000000
vt 0.028103 -0.024936 0.000000
vt 0.205370 -0.024936 0.000000
vt 0.028358 -0.021819 0.000000
vt 0.107706 -0.017812 0.000000
vt 0.028382 -0.018702 0.000000
vt 0.027733 -0.012468 0.000000
vt 0.107706 -0.010687 0.000000
vt 0.026189 -0.006234 0.000000
vt 0.107706 -0.003562 0.000000
vt 0.023821 -0.000000 0.000000
vt 0.107706 0.003562 0.000000
vt 0.020742 0.006234 0.000000
vt 0.107706 0.010687 0.000000
vt 0.017099 0.012468 0.000000
vt 0.107706 0.017812 0.000000
vt 0.013063 0.018702 0.000000
vt 0.126194 0.024936 0.000000
vt 0.008826 0.024936 0.000000
vt 0.206013 -0.023378 0.000000
vt 0.206419 -0.021819 0.000000
vt 0.206586 -0.020261 0.000000
vt 0.206515 -0.018702 0.000000
vt 0.206204 -0.017144 0.000000
vt 0.205656 -0.015585 0.000000
vt 0.203852 -0.012468 0.000000
vt 0.201125 -0.009351 0.000000
vt 0.197507 -0.006234 0.000000
vt 0.187782 0.000000 0.000000
vt 0.175137 0.006234 0.000000
vt 0.160171 0.012468 0.000000
vt -0.335968 -0.024936 0.000000
vt -0.017648 -0.024936 0.000000
vt -0.337191 -0.023378 0.000000
vt -0.017903 -0.021819 0.000000
vt -0.337963 -0.021819 0.000000
vt -0.338178 -0.021040 0.000000
vt -0.338281 -0.020261 0.000000
vt -0.338269 -0.019482 0.000000
vt -0.224977 -0.017812 0.000000
vt -0.338144 -0.018702 0.000000
vt -0.337554 -0.017144 0.000000
vt -0.336511 -0.015585 0.000000
vt -0.335018 -0.014027 0.000000
vt -0.224977 -0.010687 0.000000
vt -0.333081 -0.012468 0.000000
vt -0.321018 -0.006234 0.000000
vt -0.224977 -0.003562 0.000000
vt -0.302528 0.000000 0.000000
vt -0.224977 0.003562 0.000000
vt -0.278485 0.006234 0.000000
vt -0.224977 0.010687 0.000000
vt -0.250032 0.012468 0.000000
vt -0.111674 0.010687 0.000000
vt -0.111674 0.017812 0.000000
vt -0.006643 0.012468 0.000000
vt -0.002607 0.018702 0.000000
vt -0.111674 -0.017812 0.000000
vt -0.017926 -0.018702 0.000000
vt -0.017278 -0.012468 0.000000
vt -0.111674 -0.010687 0.000000
vt -0.015733 -0.006234 0.000000
vt -0.111674 -0.003562 0.000000
vt -0.013366 -0.000000 0.000000
vt -0.111674 0.003562 0.000000
vt -0.010287 0.006234 0.000000
vt 0.001629 0.024936 0.000000
vt -0.185430 0.024936 0.000000
vt -0.218515 0.018702 0.000000
vt 0.108770 -0.024936 0.000000
vt 0.290939 -0.024936 0.000000
vt 0.109518 -0.023378 0.000000
vt 0.292163 -0.023378 0.000000
vt 0.109990 -0.021819 0.000000
vt 0.292934 -0.021819 0.000000
vt 0.293150 -0.021040 0.000000
vt 0.154978 -0.017812 0.000000
vt 0.293253 -0.020261 0.000000
vt 0.293241 -0.019482 0.000000
vt 0.293116 -0.018702 0.000000
vt 0.292526 -0.017144 0.000000
vt 0.291483 -0.015585 0.000000
vt 0.289990 -0.014027 0.000000
vt 0.154978 -0.010687 0.000000
vt 0.109103 -0.015585 0.000000
vt 0.107005 -0.012468 0.000000
vt 0.103834 -0.009351 0.000000
vt 0.099628 -0.006234 0.000000
vt 0.154978 -0.003562 0.000000
vt 0.088319 0.000000 0.000000
vt 0.154978 0.003562 0.000000
vt 0.073615 0.006234 0.000000
vt 0.154978 0.010687 0.000000
vt 0.056213 0.012468 0.000000
vt 0.154978 0.017812 0.000000
vt 0.016704 0.024936 0.000000
vt 0.140402 0.024936 0.000000
vt 0.173487 0.018702 0.000000
vt 0.205004 0.012468 0.000000
vt 0.233457 0.006234 0.000000
vt 0.257499 -0.000000 0.000000
vt 0.275990 -0.006234 0.000000
vt 0.288053 -0.012468 0.000000
vt 0.109740 -0.017144 0.000000
vt 0.110102 -0.018702 0.000000
vt 0.110185 -0.020261 0.000000
vt -0.141685 -0.024936 0.000000
vt -0.142433 -0.023378 0.000000
vt -0.428574 -0.024936 0.000000
vt -0.429772 -0.023378 0.000000
vt -0.142905 -0.021819 0.000000
vt -0.430528 -0.021819 0.000000
vt -0.430739 -0.021040 0.000000
vt -0.143099 -0.020261 0.000000
vt -0.430839 -0.020261 0.000000
vt -0.430828 -0.019482 0.000000
vt -0.430706 -0.018702 0.000000
vt -0.303766 -0.017812 0.000000
vt -0.430127 -0.017144 0.000000
vt -0.429106 -0.015585 0.000000
vt -0.427644 -0.014027 0.000000
vt -0.303766 -0.010687 0.000000
vt -0.425747 -0.012468 0.000000
vt -0.420669 -0.009351 0.000000
vt -0.413933 -0.006234 0.000000
vt -0.303766 -0.003562 0.000000
vt -0.395823 0.000000 0.000000
vt -0.303766 0.003562 0.000000
vt -0.372276 0.006234 0.000000
vt -0.303766 0.010687 0.000000
vt -0.344408 0.012468 0.000000
vt -0.303766 0.017812 0.000000
vt -0.313541 0.018702 0.000000
vt -0.176692 0.017812 0.000000
vt -0.281138 0.024936 0.000000
vt -0.049619 0.024936 0.000000
vt -0.089128 0.012468 0.000000
vt -0.176692 0.010687 0.000000
vt -0.106529 0.006234 0.000000
vt -0.176692 0.003562 0.000000
vt -0.121233 -0.000000 0.000000
vt -0.176692 -0.003562 0.000000
vt -0.132542 -0.006234 0.000000
vt -0.176692 -0.010687 0.000000
vt -0.136749 -0.009351 0.000000
vt -0.139919 -0.012468 0.000000
vt -0.142017 -0.015585 0.000000
vt -0.176692 -0.017812 0.000000
vt -0.142655 -0.017144 0.000000
vt -0.143016 -0.018702 0.000000
vt 0.036351 -0.024936 0.000000
vt 0.329596 -0.024936 0.000000
vt 0.036670 -0.021819 0.000000
vt 0.172045 -0.017812 0.000000
vt 0.036700 -0.018702 0.000000
vt 0.036438 -0.015585 0.000000
vt 0.172045 -0.010687 0.000000
vt 0.035888 -0.012468 0.000000
vt 0.033955 -0.006234 0.000000
vt 0.172045 -0.003562 0.000000
vt 0.030992 0.000000 0.000000
vt 0.172045 0.003562 0.000000
vt 0.027140 0.006234 0.000000
vt 0.172045 0.010687 0.000000
vt 0.022581 0.012468 0.000000
vt 0.172045 0.017812 0.000000
vt 0.017531 0.018702 0.000000
vt 0.012230 0.024936 0.000000
vt 0.214563 0.018702 0.000000
vt 0.182160 0.024936 0.000000
vt 0.330794 -0.023378 0.000000
vt 0.331550 -0.021819 0.000000
vt 0.331761 -0.021040 0.000000
vt 0.331861 -0.020261 0.000000
vt 0.331850 -0.019482 0.000000
vt 0.331728 -0.018702 0.000000
vt 0.331149 -0.017144 0.000000
vt 0.330128 -0.015585 0.000000
vt 0.328666 -0.014027 0.000000
vt 0.326769 -0.012468 0.000000
vt 0.321691 -0.009351 0.000000
vt 0.314954 -0.006234 0.000000
vt 0.296845 -0.000000 0.000000
vt 0.273298 0.006234 0.000000
vt 0.245430 0.012468 0.000000
vt -0.208014 -0.024936 0.000000
vt -0.047171 -0.024936 0.000000
vt -0.208607 -0.023378 0.000000
vt -0.047490 -0.021819 0.000000
vt -0.208981 -0.021819 0.000000
vt -0.209135 -0.020261 0.000000
vt -0.116092 -0.017812 0.000000
vt -0.209069 -0.018702 0.000000
vt -0.208783 -0.017144 0.000000
vt -0.208277 -0.015585 0.000000
vt -0.116092 -0.010687 0.000000
vt -0.206615 -0.012468 0.000000
vt -0.204101 -0.009351 0.000000
vt -0.200767 -0.006234 0.000000
vt -0.116092 -0.003562 0.000000
vt -0.191805 0.000000 0.000000
vt -0.116092 0.003562 0.000000
vt -0.180151 0.006234 0.000000
vt -0.116092 0.010687 0.000000
vt -0.166359 0.012468 0.000000
vt -0.116092 0.017812 0.000000
vt -0.135045 0.024936 0.000000
vt -0.028351 0.018702 0.000000
vt -0.023050 0.024936 0.000000
vt -0.047520 -0.018702 0.000000
vt -0.047258 -0.015585 0.000000
vt -0.046708 -0.012468 0.000000
vt -0.044775 -0.006234 0.000000
vt -0.041813 0.000000 0.000000
vt -0.037960 0.006234 0.000000
vt -0.033401 0.012468 0.000000
vt 0.186172 -0.024936 0.000000
vt 0.186765 -0.023378 0.000000
vt 0.047804 -0.024936 0.000000
vt 0.048441 -0.021819 0.000000
vt 0.187139 -0.021819 0.000000
vt 0.093521 -0.017812 0.000000
vt 0.187293 -0.020261 0.000000
vt 0.187227 -0.018702 0.000000
vt 0.186941 -0.017144 0.000000
vt 0.186435 -0.015585 0.000000
vt 0.093521 -0.010687 0.000000
vt 0.184773 -0.012468 0.000000
vt 0.182260 -0.009351 0.000000
vt 0.178926 -0.006234 0.000000
vt 0.093521 -0.003562 0.000000
vt 0.043032 -0.006234 0.000000
vt 0.037129 0.000000 0.000000
vt 0.093521 0.003562 0.000000
vt 0.029454 0.006234 0.000000
vt 0.093521 0.010687 0.000000
vt 0.020371 0.012468 0.000000
vt 0.093521 0.017812 0.000000
vt -0.000251 0.024936 0.000000
vt 0.113203 0.024936 0.000000
vt 0.144517 0.012468 0.000000
vt 0.158309 0.006234 0.000000
vt 0.169963 0.000000 0.000000
vt 0.045227 -0.009351 0.000000
vt 0.046883 -0.012468 0.000000
vt 0.047977 -0.015585 0.000000
vt 0.048499 -0.018702 0.000000
vt -0.234348 -0.024936 0.000000
vt -0.084272 -0.024936 0.000000
vt -0.235113 -0.023378 0.000000
vt -0.084909 -0.021819 0.000000
vt -0.235595 -0.021819 0.000000
vt -0.235794 -0.020261 0.000000
vt -0.136005 -0.017812 0.000000
vt -0.235708 -0.018702 0.000000
vt -0.235339 -0.017144 0.000000
vt -0.234688 -0.015585 0.000000
vt -0.232545 -0.012468 0.000000
vt -0.136005 -0.010687 0.000000
vt -0.229305 -0.009351 0.000000
vt -0.225007 -0.006234 0.000000
vt -0.136005 -0.003562 0.000000
vt -0.213454 0.000000 0.000000
vt -0.136005 0.003562 0.000000
vt -0.198431 0.006234 0.000000
vt -0.136005 0.010687 0.000000
vt -0.180652 0.012468 0.000000
vt -0.136005 0.017812 0.000000
vt -0.140287 0.024936 0.000000
vt -0.036217 0.024936 0.000000
vt -0.056839 0.012468 0.000000
vt -0.065922 0.006234 0.000000
vt -0.073597 0.000000 0.000000
vt -0.079500 -0.006234 0.000000
vt -0.081696 -0.009351 0.000000
vt -0.083351 -0.012468 0.000000
vt -0.084446 -0.015585 0.000000
vt -0.084967 -0.018702 0.000000
vt 0.139040 -0.024936 0.000000
vt 0.198822 -0.024936 0.000000
vt 0.140022 -0.023378 0.000000
vt 0.199586 -0.023378 0.000000
vt 0.140642 -0.021819 0.000000
vt 0.200068 -0.021819 0.000000
vt 0.140897 -0.020261 0.000000
vt 0.200267 -0.020261 0.000000
vt 0.200182 -0.018702 0.000000
vt 0.140787 -0.018702 0.000000
vt 0.199813 -0.017144 0.000000
vt 0.140313 -0.017144 0.000000
vt 0.199161 -0.015585 0.000000
vt 0.139476 -0.015585 0.000000
vt 0.138279 -0.014027 0.000000
vt 0.197018 -0.012468 0.000000
vt 0.136724 -0.012468 0.000000
vt 0.193779 -0.009351 0.000000
vt 0.132563 -0.009351 0.000000
vt 0.189481 -0.006234 0.000000
vt 0.127042 -0.006234 0.000000
vt 0.177927 0.000000 0.000000
vt 0.112202 0.000000 0.000000
vt 0.109244 0.003562 0.000000
vt 0.092905 0.006234 0.000000
vt 0.162905 0.006234 0.000000
vt 0.109244 0.010687 0.000000
vt 0.145126 0.012468 0.000000
vt 0.109244 0.017812 0.000000
vt 0.104760 0.024936 0.000000
vt 0.018220 0.024936 0.000000
vt 0.070069 0.012468 0.000000
vt -0.194255 -0.024936 0.000000
vt -0.195236 -0.023378 0.000000
vt -0.305880 -0.024936 0.000000
vt -0.306662 -0.023378 0.000000
vt -0.195856 -0.021819 0.000000
vt -0.307155 -0.021819 0.000000
vt -0.196111 -0.020261 0.000000
vt -0.307358 -0.020261 0.000000
vt -0.307271 -0.018702 0.000000
vt -0.196002 -0.018702 0.000000
vt -0.306894 -0.017144 0.000000
vt -0.195528 -0.017144 0.000000
vt -0.306227 -0.015585 0.000000
vt -0.194691 -0.015585 0.000000
vt -0.193493 -0.014027 0.000000
vt -0.304036 -0.012468 0.000000
vt -0.191938 -0.012468 0.000000
vt -0.300723 -0.009351 0.000000
vt -0.187777 -0.009351 0.000000
vt -0.296328 -0.006234 0.000000
vt -0.182257 -0.006234 0.000000
vt -0.190396 -0.003562 0.000000
vt -0.167416 0.000000 0.000000
vt -0.284513 0.000000 0.000000
vt -0.190396 0.003562 0.000000
vt -0.269151 0.006234 0.000000
vt -0.190396 0.010687 0.000000
vt -0.250970 0.012468 0.000000
vt -0.190396 0.017812 0.000000
vt -0.209692 0.024936 0.000000
vt -0.073434 0.024936 0.000000
vt -0.125283 0.012468 0.000000
vt -0.148120 0.006234 0.000000
vt -0.022338 -0.024936 0.000000
vt 0.213529 -0.024936 0.000000
vt -0.022083 -0.021819 0.000000
vt 0.086696 -0.017812 0.000000
vt -0.022060 -0.018702 0.000000
vt -0.022708 -0.012468 0.000000
vt 0.086696 -0.010687 0.000000
vt -0.024253 -0.006234 0.000000
vt 0.086696 -0.003562 0.000000
vt -0.026621 -0.000000 0.000000
vt 0.086696 0.003562 0.000000
vt -0.029699 0.006234 0.000000
vt 0.086696 0.010687 0.000000
vt -0.033343 0.012468 0.000000
vt 0.086696 0.017812 0.000000
vt -0.037379 0.018702 0.000000
vt 0.117341 0.024936 0.000000
vt -0.041615 0.024936 0.000000
vt 0.214311 -0.023378 0.000000
vt 0.214804 -0.021819 0.000000
vt 0.215007 -0.020261 0.000000
vt 0.214920 -0.018702 0.000000
vt 0.214543 -0.017144 0.000000
vt 0.213877 -0.015585 0.000000
vt 0.211685 -0.012468 0.000000
vt 0.208372 -0.009351 0.000000
vt 0.203977 -0.006234 0.000000
vt 0.192162 0.000000 0.000000
vt 0.176800 0.006234 0.000000
vt 0.158619 0.012468 0.000000
vt -0.094798 0.023977 0.000000
vt 0.021814 0.023977 0.000000
vt -0.060247 0.256104 0.000000
vt 0.232998 0.256104 0.000000
vt 0.271729 0.060352 0.000000
vt 0.100684 0.060352 0.000000
vt 0.103328 -0.055927 0.000000
vt 0.016241 0.075022 0.000000
vt -0.057270 -0.045240 0.000000
vt -0.038911 0.060020 0.000000
vt -0.115090 0.032101 0.000000
vt -0.115090 0.144096 0.000000
vt 0.043261 0.208573 0.000000
vt -0.005843 0.158697 0.000000
vt -0.283022 0.006115 0.000000
vt -0.172614 -0.089926 0.000000
vt 0.014445 -0.089926 0.000000
vt 0.056844 -0.199367 0.000000
vt -0.243207 0.023616 0.000000
vt -0.293994 0.017547 0.000000
vt -0.244482 0.016680 0.000000
vt -0.341995 0.011478 0.000000
vt -0.245668 0.009744 0.000000
vt -0.385054 0.005409 0.000000
vt -0.246696 0.002808 0.000000
vt -0.358791 0.002808 0.000000
vt -0.247504 -0.004128 0.000000
vt -0.358791 -0.004128 0.000000
vt -0.248046 -0.011064 0.000000
vt -0.358791 -0.011064 0.000000
vt -0.248289 -0.018000 0.000000
vt -0.358791 -0.018000 0.000000
vt -0.248221 -0.024936 0.000000
vt -0.474180 -0.021143 0.000000
vt -0.473825 -0.021902 0.000000
vt -0.421234 -0.000660 0.000000
vt -0.436223 -0.003695 0.000000
vt -0.448912 -0.006729 0.000000
vt -0.459156 -0.009764 0.000000
vt -0.466841 -0.012798 0.000000
vt -0.471881 -0.015833 0.000000
vt -0.473389 -0.017350 0.000000
vt -0.473889 -0.018109 0.000000
vt -0.474217 -0.018867 0.000000
vt -0.474376 -0.019626 0.000000
vt -0.474363 -0.020385 0.000000
vt -0.473301 -0.022660 0.000000
vt -0.472606 -0.023419 0.000000
vt -0.470709 -0.024936 0.000000
vn 0.173648 -0.397777 0.900899
vn 0.173648 -0.397777 0.900899
vn 0.258819 -0.390151 0.883626
vn 0.284723 -0.387196 0.876933
vn 0.342020 -0.379555 0.859628
vn 0.392090 -0.371571 0.841546
vn 0.500000 -0.349800 0.792238
vn 0.590172 -0.326071 0.738495
vn 0.642788 -0.309416 0.700775
vn 0.757608 -0.263638 0.597097
vn 0.766044 -0.259631 0.588020
vn 0.885705 -0.187516 0.424693
vn 0.939693 -0.138147 0.312879
vn 0.971006 -0.096558 0.218687
vn 1.000000 -0.000000 0.000000
vn 1.000000 -0.000000 0.000000
vn 1.000000 -0.000000 0.000000
vn 0.999750 0.019905 -0.010162
vn 0.939693 0.304622 -0.155510
vn 0.933827 0.318608 -0.162650
vn 0.858956 0.456058 -0.232819
vn 0.766044 0.572502 -0.292263
vn 0.758813 0.580091 -0.296137
vn 0.642788 0.682281 -0.348306
vn 0.636344 0.687055 -0.350743
vn 0.500000 0.771329 -0.393765
vn 0.495153 0.773806 -0.395029
vn 0.418816 0.808778 -0.412882
vn 0.342020 0.836941 -0.427260
vn 0.339393 0.837789 -0.427693
vn 0.258819 0.860306 -0.439188
vn 0.257469 0.860627 -0.439352
vn 0.173648 0.877123 -0.447773
vn 0.173648 0.877123 -0.447773
vn 0.988128 -0.140545 -0.062055
vn 0.893933 -0.410012 -0.181034
vn 0.954025 -0.274190 -0.121064
vn 0.837900 -0.499318 -0.220466
vn 0.813877 -0.531531 -0.234689
vn 0.714243 -0.640265 -0.282698
vn 0.659731 -0.687472 -0.303542
vn 0.597428 -0.733597 -0.323908
vn 0.432710 -0.824720 -0.364142
vn 0.466241 -0.809282 -0.357325
vn 0.323840 -0.865500 -0.382148
vn 0.306025 -0.870908 -0.384535
vn 0.249495 -0.885868 -0.391140
vn 0.240396 -0.887971 -0.392069
vn 0.173648 -0.900899 -0.397777
vn 0.173648 -0.900899 -0.397777
vn 0.173648 -0.397777 0.900899
vn 0.173648 -0.397777 0.900899
vn 0.173648 0.877123 -0.447773
vn 0.173648 0.877123 -0.447773
vn 0.847844 -0.485068 -0.214174
vn 0.893633 -0.410560 -0.181276
vn 0.885705 -0.424693 -0.187516
vn 0.939693 -0.312879 -0.138147
vn 0.971006 -0.218687 -0.096558
vn 1.000000 0.000000 0.000000
vn 0.766044 -0.588020 -0.259631
vn 0.719139 -0.635662 -0.280666
vn 0.642603 -0.700917 -0.309478
vn 0.597159 -0.733780 -0.323989
vn 0.559033 -0.758500 -0.334903
vn 0.469344 -0.807780 -0.356662
vn 0.500000 -0.792238 -0.349800
vn 0.374517 -0.848218 -0.374517
vn 0.342020 -0.859628 -0.379555
vn 0.275591 -0.879372 -0.388272
vn 0.173648 -0.900899 -0.397777
vn 0.173648 -0.900899 -0.397777
vn 0.642788 -0.700775 -0.309416
vn 0.766044 -0.588020 -0.259631
vn 0.911447 0.404691 0.074095
vn 0.893633 0.441461 0.080828
vn 0.847844 0.521576 0.095496
vn 0.766044 0.632277 0.115765
vn 0.719139 0.683504 0.125144
vn 0.642603 0.753671 0.137991
vn 0.597159 0.789007 0.144461
vn 0.559033 0.815588 0.149327
vn 0.469344 0.868577 0.159029
vn 0.500000 0.851865 0.155969
vn 0.396080 0.903202 0.165369
vn 0.342020 0.924327 0.169236
vn 0.275591 0.945557 0.173123
vn 0.258819 0.950132 0.173961
vn 0.173648 0.968705 0.177362
vn 0.173648 0.968705 0.177362
vn 0.954025 0.294827 0.053980
vn 0.958493 0.280454 0.051349
vn 0.988128 0.151123 0.027669
vn 0.973045 0.226845 0.041533
vn 0.979479 0.198253 0.036298
vn 0.994856 0.099639 0.018243
vn 1.000000 -0.000000 -0.000000
vn 1.000000 -0.000000 -0.000000
vn 0.939693 0.336428 0.061597
vn 0.766044 0.632277 0.115765
vn 0.642788 0.753519 0.137963
vn 0.374517 0.912059 0.166990
vn 0.173648 -0.696364 -0.696364
vn 0.258819 -0.683013 -0.683013
vn 0.173648 -0.696364 -0.696364
vn 0.342020 -0.664463 -0.664463
vn 0.342020 -0.664463 -0.664463
vn 0.500000 -0.612372 -0.612372
vn 0.500000 -0.612372 -0.612372
vn 0.642788 -0.541675 -0.541675
vn 0.642788 -0.541675 -0.541675
vn 0.766044 -0.454519 -0.454519
vn 0.766044 -0.454519 -0.454519
vn 0.866025 -0.353553 -0.353553
vn 0.939693 -0.241845 -0.241845
vn 0.939693 -0.241845 -0.241845
vn 0.984808 -0.122788 -0.122788
vn 1.000000 0.000000 0.000000
vn 0.173648 0.397777 -0.900899
vn 0.173648 0.397777 -0.900899
vn 0.258819 0.390151 -0.883626
vn 0.342020 0.379555 -0.859628
vn 0.342020 0.379555 -0.859628
vn 0.500000 0.349800 -0.792238
vn 0.500000 0.349800 -0.792238
vn 0.642788 0.309416 -0.700775
vn 0.642788 0.309416 -0.700775
vn 0.766044 0.259631 -0.588020
vn 0.766044 0.259631 -0.588020
vn 0.866025 0.201957 -0.457399
vn 0.939693 0.138147 -0.312879
vn 0.939693 0.138147 -0.312879
vn 0.984808 0.070139 -0.158853
vn 1.000000 -0.000000 0.000000
vn 1.000000 -0.000000 0.000000
vn 0.973045 -0.192169 0.127494
vn 0.962326 -0.226570 0.150318
vn 0.893633 -0.373978 0.248116
vn 0.852141 -0.436068 0.289309
vn 0.766044 -0.535626 0.355361
vn 0.723377 -0.575345 0.381712
vn 0.597159 -0.668398 0.443448
vn 0.562411 -0.689009 0.457123
vn 0.396080 -0.765136 0.507629
vn 0.376408 -0.772001 0.512184
vn 0.276571 -0.800782 0.531279
vn 0.258819 -0.804892 0.534005
vn 0.173648 -0.820626 0.544444
vn 0.173648 -0.820626 0.544444
vn 0.342020 -0.783032 0.519503
vn 0.500000 -0.721646 0.478776
vn 0.642788 -0.638334 0.423502
vn 0.766044 -0.535626 0.355361
vn 0.939693 -0.285000 0.189083
vn 0.173648 0.495603 -0.851014
vn 0.173648 0.495603 -0.851014
vn 0.258819 0.486100 -0.834697
vn 0.276571 0.483618 -0.830435
vn 0.342020 0.472899 -0.812028
vn 0.376408 0.466236 -0.800588
vn 0.500000 0.435826 -0.748369
vn 0.562411 0.416115 -0.714523
vn 0.642788 0.385510 -0.661971
vn 0.723377 0.347469 -0.596650
vn 0.766044 0.323482 -0.555460
vn 0.852141 0.263356 -0.452216
vn 0.939693 0.172121 -0.295554
vn 0.962326 0.136833 -0.234960
vn 1.000000 0.000000 -0.000000
vn 1.000000 0.000000 -0.000000
vn 1.000000 -0.000000 0.000000
vn 0.997086 -0.068292 0.034009
vn 0.939693 -0.306157 0.152465
vn 0.918574 -0.353806 0.176193
vn 0.766044 -0.575388 0.286540
vn 0.740949 -0.601144 0.299367
vn 0.642788 -0.685720 0.341485
vn 0.620590 -0.701914 0.349549
vn 0.500000 -0.775218 0.386054
vn 0.483376 -0.783621 0.390239
vn 0.342020 -0.841160 0.418893
vn 0.333035 -0.844044 0.420330
vn 0.258819 -0.864643 0.430587
vn 0.254206 -0.865739 0.431133
vn 0.173648 -0.881545 0.439005
vn 0.173648 -0.881545 0.439005
vn 0.173648 0.048470 -0.983614
vn 0.173648 0.048470 -0.983614
vn 0.258819 0.047541 -0.964755
vn 0.254206 0.047601 -0.965978
vn 0.333035 0.046408 -0.941772
vn 0.342020 0.046250 -0.938554
vn 0.483376 0.043086 -0.874352
vn 0.500000 0.042624 -0.864976
vn 0.620590 0.038594 -0.783185
vn 0.642788 0.037703 -0.765116
vn 0.740949 0.033053 -0.670748
vn 0.766044 0.031637 -0.642009
vn 0.918574 0.019453 -0.394771
vn 0.939693 0.016834 -0.341606
vn 0.997086 0.003755 -0.076199
vn 1.000000 -0.000000 0.000000
vn 1.000000 -0.000000 -0.000000
vn 1.000000 0.000000 -0.000000
vn 0.998566 -0.037851 0.037851
vn 0.939693 -0.241845 0.241845
vn 0.925201 -0.268331 0.268331
vn 0.848808 -0.373849 0.373849
vn 0.766044 -0.454519 0.454519
vn 0.748560 -0.468860 0.468860
vn 0.642788 -0.541675 0.541675
vn 0.627274 -0.550694 0.550694
vn 0.500000 -0.612372 0.612372
vn 0.488361 -0.617051 0.617051
vn 0.342020 -0.664463 0.664463
vn 0.335722 -0.666067 0.666067
vn 0.258819 -0.683013 0.683013
vn 0.173648 -0.696364 0.696364
vn 0.173648 -0.696364 0.696364
vn 0.173648 0.968705 0.177362
vn 0.173648 0.968705 0.177362
vn 0.173648 0.968705 0.177362
vn 0.173648 0.968705 0.177362
vn 0.173648 0.968705 0.177362
vn 0.173648 0.968705 0.177362
vn 0.173648 0.968705 0.177362
vn 0.173648 0.968705 0.177362
vn 0.173648 0.968705 0.177362
vn 0.173648 0.968705 0.177362
vn 0.173648 0.968705 0.177362
vn 0.173648 0.968705 0.177362
vn 0.173648 0.968705 0.177362
vn 0.173648 0.968705 0.177362
vn 0.173648 0.968705 0.177362
vn 0.173648 0.968705 0.177362
vn 0.173648 0.968705 0.177362
vn 0.173648 0.968705 0.177362
vn 0.173648 0.968705 0.177362
vn 0.173648 0.968705 0.177362
vn 0.173648 -0.900899 -0.397777
vn 0.173648 -0.900899 -0.397777
vn 0.173648 -0.900899 -0.397777
vn 0.173648 0.968705 0.177362
vn 0.173648 -0.696364 -0.696364
vn 0.173648 -0.696364 -0.696364
vn 0.173648 -0.696364 -0.696364
vn 0.173648 0.397777 -0.900899
vn 0.173648 0.397777 -0.900899
vn 0.173648 -0.820626 0.544444
vn 0.173648 -0.820626 0.544444
vn 0.173648 0.495603 -0.851014
vn 0.173648 0.495603 -0.851014
vn 0.173648 -0.881545 0.439005
vn 0.173648 -0.881545 0.439005
vn 0.173648 0.048470 -0.983614
vn 0.173648 0.048470 -0.983614
vn 0.173648 -0.696364 0.696364
vn 0.173648 -0.696364 0.696364
vn 0.994856 0.053954 0.085730
vn 0.962326 0.144826 0.230119
vn 0.979479 0.107354 0.170578
vn 0.954025 0.159649 0.253671
vn 0.852141 0.278740 0.442899
vn 0.837900 0.290730 0.461951
vn 0.766044 0.342378 0.544016
vn 0.659731 0.400284 0.636025
vn 0.597159 0.427247 0.678868
vn 0.432710 0.480198 0.763002
vn 0.396080 0.489084 0.777122
vn 0.306025 0.507091 0.805734
vn 0.255584 0.514955 0.818229
vn 0.240396 0.517026 0.821519
vn 0.173648 0.524553 0.833481
vn 0.173648 0.524553 0.833481
vn 0.335722 0.501731 0.797218
vn 0.488361 0.464809 0.738550
vn 0.627274 0.414823 0.659127
vn 0.748560 0.353180 0.561179
vn 0.848808 0.281611 0.447461
vn 0.893633 0.239051 0.379836
vn 0.925201 0.202127 0.321167
vn 0.962326 0.144826 0.230119
vn 0.973045 0.122837 0.195179
vn 0.997086 0.040636 0.064568
vn 0.998566 0.028512 0.045304
vn 0.998566 -0.043194 -0.031617
vn 0.925201 -0.306209 -0.224141
vn 0.925201 -0.306209 -0.224141
vn 0.848808 -0.426622 -0.312281
vn 0.848808 -0.426622 -0.312281
vn 0.748560 -0.535044 -0.391645
vn 0.748560 -0.535044 -0.391645
vn 0.627274 -0.628430 -0.460003
vn 0.627274 -0.628430 -0.460003
vn 0.488361 -0.704155 -0.515432
vn 0.488361 -0.704155 -0.515432
vn 0.335722 -0.760090 -0.556376
vn 0.335722 -0.760090 -0.556376
vn 0.255584 -0.780122 -0.571039
vn 0.173648 -0.794664 -0.581683
vn 0.173648 -0.794664 -0.581683
vn 0.173648 0.524553 0.833481
vn 0.173648 0.524553 0.833481
vn 0.173648 -0.900899 -0.397777
vn 0.173648 -0.900899 -0.397777
vn 0.173648 0.696364 0.696364
vn 0.249495 0.684745 0.684745
vn 0.173648 0.696364 0.696364
vn 0.284723 0.677839 0.677839
vn 0.323840 0.669002 0.669002
vn 0.392090 0.650487 0.650487
vn 0.466241 0.625547 0.625547
vn 0.590172 0.570832 0.570832
vn 0.597428 0.567045 0.567045
vn 0.714243 0.494903 0.494903
vn 0.757608 0.461535 0.461535
vn 0.813877 0.410855 0.410855
vn 0.847844 0.374941 0.374941
vn 0.893933 0.316925 0.316925
vn 0.911447 0.290916 0.290916
vn 0.958493 0.201608 0.201608
vn 0.988128 0.108637 0.108637
vn 0.885705 0.328273 0.328273
vn 0.173648 0.696364 0.696364
vn 0.173648 0.696364 0.696364
vn -0.998933 -0.032657 -0.032657
vn -0.969077 -0.174484 -0.174484
vn -1.000000 -0.000000 -0.000000
vn -0.976296 -0.153046 -0.153046
vn -1.000000 -0.000000 -0.000000
vn -0.958549 -0.201475 -0.201475
vn -0.878222 -0.338177 -0.338177
vn -0.906308 -0.298836 -0.298836
vn -0.793353 -0.430459 -0.430459
vn -0.733052 -0.480955 -0.480955
vn -0.642788 -0.541675 -0.541675
vn -0.542546 -0.593988 -0.593988
vn -0.461749 -0.627211 -0.627211
vn -0.318487 -0.670286 -0.670286
vn -0.258819 -0.683013 -0.683013
vn -0.074730 -0.705130 -0.705130
vn -0.043619 -0.706434 -0.706434
vn 0.065403 -0.705593 -0.705593
vn -0.068147 -0.705463 -0.705463
vn -0.861964 -0.358482 -0.358482
vn -0.714842 -0.494470 -0.494470
vn -0.525809 -0.601467 -0.601467
vn -0.305947 -0.673200 -0.673200
vn -1.000000 -0.000000 -0.000000
vn -0.998933 0.045428 0.008318
vn -0.969077 0.242723 0.044440
vn -0.966751 0.251537 0.046054
vn -0.878222 0.470434 0.086132
vn -0.878222 0.470434 0.086132
vn -0.733052 0.669051 0.122498
vn -0.775447 0.621088 0.113716
vn -0.624922 0.767922 0.140600
vn -0.542546 0.826290 0.151287
vn -0.538652 0.828752 0.151737
vn -0.446313 0.880245 0.161165
vn -0.318487 0.932428 0.170720
vn -0.348945 0.921820 0.168777
vn -0.247646 0.953009 0.174488
vn -0.074730 0.980898 0.179594
vn -0.143556 0.973460 0.178232
vn -0.090831 0.979583 0.179353
vn -0.064363 0.981609 0.179724
vn -0.037849 0.982944 0.179969
vn -0.011309 0.983586 0.180086
vn 0.015239 0.983535 0.180077
vn 0.041776 0.982790 0.179940
vn 0.068284 0.981353 0.179677
vn 0.094744 0.979224 0.179288
vn 0.121137 0.976405 0.178771
vn -0.969077 0.242723 0.044440
vn -0.878222 0.470434 0.086132
vn -0.733052 0.669051 0.122498
vn -0.733052 0.669051 0.122498
vn -0.542546 0.826290 0.151287
vn -0.542546 0.826290 0.151287
vn -0.318487 0.932428 0.170720
vn -0.318487 0.932428 0.170720
vn -0.074730 0.980898 0.179594
vn -0.074730 0.980898 0.179594
vn -0.891123 0.446342 0.081721
vn 0.119704 0.884250 -0.451411
vn 0.065403 0.888748 -0.453707
vn -0.074730 0.888164 -0.453409
vn 0.010908 0.890602 -0.454654
vn -0.043619 0.889807 -0.454248
vn -0.098017 0.886366 -0.452491
vn -0.152123 0.880289 -0.449389
vn -0.318487 0.844276 -0.431004
vn -0.258819 0.860306 -0.439188
vn -0.362438 0.830097 -0.423766
vn -0.461749 0.790020 -0.403307
vn -0.542546 0.748173 -0.381944
vn -0.642788 0.682281 -0.348306
vn -0.733052 0.605799 -0.309261
vn -0.793353 0.542196 -0.276792
vn -0.878222 0.425959 -0.217453
vn -0.906308 0.376407 -0.192156
vn -0.969077 0.219776 -0.112196
vn -1.000000 -0.000000 0.000000
vn -0.969077 0.219776 -0.112196
vn -0.878222 0.425959 -0.217453
vn -0.733052 0.605799 -0.309261
vn -0.542546 0.748173 -0.381944
vn -0.318487 0.844276 -0.431004
vn -0.074730 0.888164 -0.453409
vn 0.065403 -0.403049 0.912838
vn -0.074730 -0.402784 0.912239
vn -0.043619 -0.403529 0.913926
vn -0.258819 -0.390151 0.883626
vn -0.318487 -0.382881 0.867161
vn -0.461749 -0.358276 0.811435
vn -0.542546 -0.339298 0.768453
vn -0.642788 -0.309416 0.700775
vn -0.733052 -0.274731 0.622220
vn -0.793353 -0.245887 0.556893
vn -0.878222 -0.193173 0.437505
vn -0.906308 -0.170701 0.386610
vn -0.969077 -0.099669 0.225733
vn -0.976296 -0.087423 0.197998
vn -1.000000 -0.000000 0.000000
vn 0.119704 -0.401009 0.908219
vn 0.065403 -0.403049 0.912838
vn 0.010908 -0.403890 0.914743
vn -0.043619 -0.403529 0.913926
vn -0.098017 -0.401969 0.910392
vn -0.152123 -0.399213 0.904150
vn -0.258819 -0.390151 0.883626
vn -0.362438 -0.376451 0.852598
vn -0.461749 -0.358276 0.811435
vn -0.642788 -0.309416 0.700775
vn -0.793353 -0.245887 0.556893
vn -0.906308 -0.170701 0.386610
vn 0.119704 0.702022 0.702022
vn 0.065403 0.705593 0.705593
vn 0.065403 0.705593 0.705593
vn 0.038170 0.706591 0.706591
vn 0.010908 0.707065 0.707065
vn -0.016362 0.707012 0.707012
vn -0.074730 0.705130 0.705130
vn -0.043619 0.706434 0.706434
vn -0.098017 0.703702 0.703702
vn -0.152123 0.698877 0.698877
vn -0.205777 0.691974 0.691974
vn -0.318487 0.670286 0.670286
vn -0.258819 0.683013 0.683013
vn -0.461749 0.627211 0.627211
vn -0.542546 0.593988 0.593988
vn -0.642788 0.541675 0.541675
vn -0.733052 0.480955 0.480955
vn -0.793353 0.430459 0.430459
vn -0.878222 0.338177 0.338177
vn -0.906308 0.298836 0.298836
vn -0.878222 0.338177 0.338177
vn -0.969077 0.174484 0.174484
vn -0.906308 0.298836 0.298836
vn -0.976296 0.153046 0.153046
vn -0.074730 0.705130 0.705130
vn -0.043619 0.706434 0.706434
vn -0.258819 0.683013 0.683013
vn -0.318487 0.670286 0.670286
vn -0.461749 0.627211 0.627211
vn -0.542546 0.593988 0.593988
vn -0.642788 0.541675 0.541675
vn -0.733052 0.480955 0.480955
vn -0.793353 0.430459 0.430459
vn -1.000000 -0.000000 -0.000000
vn -0.976296 0.153046 0.153046
vn 0.119704 -0.908219 -0.401009
vn 0.119704 -0.908219 -0.401009
vn 0.065403 -0.912838 -0.403049
vn 0.065403 -0.912838 -0.403049
vn 0.038170 -0.914130 -0.403619
vn -0.074730 -0.912239 -0.402784
vn 0.010908 -0.914743 -0.403890
vn -0.016362 -0.914675 -0.403860
vn -0.043619 -0.913926 -0.403529
vn -0.098017 -0.910392 -0.401969
vn -0.152123 -0.904150 -0.399213
vn -0.205777 -0.895219 -0.395269
vn -0.318487 -0.867161 -0.382881
vn -0.152123 -0.904150 -0.399213
vn -0.258819 -0.883626 -0.390151
vn -0.362438 -0.852598 -0.376451
vn -0.461749 -0.811435 -0.358276
vn -0.542546 -0.768453 -0.339298
vn -0.642788 -0.700775 -0.309416
vn -0.733052 -0.622220 -0.274731
vn -0.793353 -0.556893 -0.245887
vn -0.878222 -0.437505 -0.193173
vn -0.906308 -0.386610 -0.170701
vn -0.969077 -0.225733 -0.099669
vn -1.000000 0.000000 0.000000
vn -0.976296 -0.197998 -0.087423
vn -0.906308 -0.386610 -0.170701
vn -0.793353 -0.556893 -0.245887
vn -0.642788 -0.700775 -0.309416
vn -0.461749 -0.811435 -0.358276
vn -0.258819 -0.883626 -0.390151
vn -0.098017 -0.910392 -0.401969
vn -0.043619 -0.913926 -0.403529
vn 0.010908 -0.914743 -0.403890
vn 0.119704 0.528816 0.840253
vn 0.119704 0.528816 0.840253
vn 0.065403 0.531505 0.844526
vn 0.065403 0.531505 0.844526
vn 0.038170 0.532257 0.845722
vn 0.010908 0.532614 0.846288
vn 0.010908 0.532614 0.846288
vn -0.016362 0.532574 0.846225
vn -0.043619 0.532139 0.845533
vn -0.074730 0.531156 0.843972
vn -0.098017 0.530081 0.842263
vn -0.152123 0.526446 0.836488
vn -0.205777 0.521246 0.828226
vn -0.318487 0.504909 0.802267
vn -0.258819 0.514496 0.817500
vn -0.362438 0.496430 0.788794
vn -0.461749 0.472462 0.750711
vn -0.542546 0.447436 0.710946
vn -0.642788 0.408030 0.648333
vn -0.733052 0.362291 0.575656
vn -0.793353 0.324254 0.515218
vn -0.878222 0.254740 0.404765
vn -0.906308 0.225106 0.357678
vn -0.969077 0.131434 0.208840
vn -0.976296 0.115286 0.183181
vn -0.969077 0.131434 0.208840
vn -1.000000 -0.000000 -0.000000
vn -0.906308 0.225106 0.357678
vn -0.878222 0.254740 0.404765
vn -0.793353 0.324254 0.515218
vn -0.733052 0.362291 0.575656
vn -0.642788 0.408030 0.648333
vn -0.542546 0.447436 0.710946
vn -0.461749 0.472462 0.750711
vn -0.318487 0.504909 0.802267
vn -0.362438 0.496430 0.788794
vn -0.258819 0.514496 0.817500
vn -0.152123 0.526446 0.836488
vn -0.074730 0.531156 0.843972
vn -0.098017 0.530081 0.842263
vn -0.043619 0.532139 0.845533
vn 0.173648 -0.794664 -0.581683
vn 0.173648 -0.794664 -0.581683
vn 0.065403 -0.805195 -0.589392
vn -0.074730 -0.804667 -0.589005
vn -0.043619 -0.806155 -0.590095
vn -0.152123 -0.797531 -0.583783
vn -0.318487 -0.764904 -0.559900
vn -0.258819 -0.779428 -0.570531
vn -0.461749 -0.715749 -0.523919
vn -0.542546 -0.677836 -0.496167
vn -0.642788 -0.618139 -0.452469
vn -0.733052 -0.548847 -0.401749
vn -0.793353 -0.491223 -0.359569
vn -0.878222 -0.385914 -0.282484
vn -0.906308 -0.341020 -0.249622
vn -0.969077 -0.199114 -0.145749
vn -0.976296 -0.174650 -0.127842
vn -1.000000 0.000000 0.000000
vn -0.976296 -0.174650 -0.127842
vn 0.119704 -0.801121 -0.586410
vn 0.065403 -0.805195 -0.589392
vn 0.038170 -0.806335 -0.590226
vn 0.010908 -0.806875 -0.590622
vn -0.016362 -0.806815 -0.590578
vn -0.043619 -0.806155 -0.590095
vn -0.098017 -0.803037 -0.587813
vn -0.152123 -0.797531 -0.583783
vn -0.205777 -0.789654 -0.578016
vn -0.258819 -0.779428 -0.570531
vn -0.362438 -0.752058 -0.550497
vn -0.461749 -0.715749 -0.523919
vn -0.642788 -0.618139 -0.452469
vn -0.793353 -0.491223 -0.359569
vn -0.906308 -0.341020 -0.249622
vn 0.119704 -0.702022 0.702022
vn 0.065403 -0.705593 0.705593
vn 0.065403 -0.705593 0.705593
vn 0.010908 -0.707065 0.707065
vn -0.074730 -0.705130 0.705130
vn -0.043619 -0.706434 0.706434
vn -0.098017 -0.703702 0.703702
vn -0.152123 -0.698877 0.698877
vn -0.318487 -0.670286 0.670286
vn -0.258819 -0.683013 0.683013
vn -0.362438 -0.659029 0.659029
vn -0.461749 -0.627211 0.627211
vn -0.542546 -0.593988 0.593988
vn -0.642788 -0.541675 0.541675
vn -0.733052 -0.480955 0.480955
vn -0.793353 -0.430459 0.430459
vn -0.878222 -0.338177 0.338177
vn -0.906308 -0.298836 0.298836
vn -0.969077 -0.174484 0.174484
vn -1.000000 0.000000 -0.000000
vn -0.976296 -0.153046 0.153046
vn -0.043619 -0.706434 0.706434
vn -0.152123 -0.698877 0.698877
vn -0.258819 -0.683013 0.683013
vn -0.461749 -0.627211 0.627211
vn -0.642788 -0.541675 0.541675
vn -0.793353 -0.430459 0.430459
vn -0.906308 -0.298836 0.298836
vn 0.119704 0.048864 -0.991606
vn 0.065403 0.049113 -0.996650
vn 0.065403 0.049113 -0.996650
vn -0.074730 0.049080 -0.995995
vn 0.010908 0.049215 -0.998729
vn -0.043619 0.049171 -0.997837
vn -0.098017 0.048981 -0.993979
vn -0.152123 0.048645 -0.987164
vn -0.318487 0.046655 -0.946779
vn -0.258819 0.047541 -0.964755
vn -0.362438 0.045872 -0.930878
vn -0.461749 0.043657 -0.885936
vn -0.542546 0.041344 -0.839008
vn -0.461749 0.043657 -0.885936
vn -0.642788 0.037703 -0.765116
vn -0.733052 0.033477 -0.679348
vn -0.793353 0.029962 -0.608024
vn -0.878222 0.023539 -0.477674
vn -0.906308 0.020800 -0.422106
vn -0.969077 0.012145 -0.246458
vn -1.000000 -0.000000 0.000000
vn -0.906308 0.020800 -0.422106
vn -0.793353 0.029962 -0.608024
vn -0.642788 0.037703 -0.765116
vn -0.362438 0.045872 -0.930878
vn -0.258819 0.047541 -0.964755
vn -0.152123 0.048645 -0.987164
vn -0.043619 0.049171 -0.997837
vn 0.119704 -0.888708 0.442572
vn 0.065403 -0.893228 0.444822
vn 0.065403 -0.893228 0.444822
vn 0.010908 -0.895091 0.445750
vn -0.074730 -0.892641 0.444530
vn -0.043619 -0.894292 0.445353
vn -0.098017 -0.890834 0.443630
vn -0.152123 -0.884726 0.440589
vn -0.258819 -0.864643 0.430587
vn -0.318487 -0.848532 0.422564
vn -0.362438 -0.834281 0.415468
vn -0.461749 -0.794002 0.395409
vn -0.542546 -0.751944 0.374464
vn -0.642788 -0.685720 0.341485
vn -0.733052 -0.608853 0.303205
vn -0.793353 -0.544929 0.271372
vn -0.878222 -0.428106 0.213195
vn -0.906308 -0.378304 0.188393
vn -0.969077 -0.220883 0.109999
vn -1.000000 -0.000000 0.000000
vn -0.906308 -0.378304 0.188393
vn -0.793353 -0.544929 0.271372
vn -0.642788 -0.685720 0.341485
vn -0.461749 -0.794002 0.395409
vn -0.362438 -0.834281 0.415468
vn -0.258819 -0.864643 0.430587
vn -0.152123 -0.884726 0.440589
vn -0.043619 -0.894292 0.445353
vn 0.119704 0.499630 -0.857929
vn 0.119704 0.499630 -0.857929
vn 0.065403 0.502171 -0.862292
vn 0.065403 0.502171 -0.862292
vn 0.010908 0.503218 -0.864091
vn 0.010908 0.503218 -0.864091
vn -0.043619 0.502769 -0.863320
vn -0.043619 0.502769 -0.863320
vn -0.098017 0.500825 -0.859981
vn -0.098017 0.500825 -0.859981
vn -0.152123 0.497391 -0.854085
vn -0.152123 0.497391 -0.854085
vn -0.205777 0.492478 -0.845648
vn -0.258819 0.486100 -0.834697
vn -0.258819 0.486100 -0.834697
vn -0.362438 0.469031 -0.805387
vn -0.362438 0.469031 -0.805387
vn -0.461749 0.446387 -0.766503
vn -0.461749 0.446387 -0.766503
vn -0.642788 0.385510 -0.661971
vn -0.642788 0.385510 -0.661971
vn -0.733052 0.342296 -0.587766
vn -0.793353 0.306358 -0.526056
vn -0.793353 0.306358 -0.526056
vn -0.878222 0.240680 -0.413279
vn -0.906308 0.212682 -0.365202
vn -0.969077 0.124180 -0.213233
vn -1.000000 -0.000000 0.000000
vn -0.906308 0.212682 -0.365202
vn 0.119704 -0.827294 0.548868
vn 0.119704 -0.827294 0.548868
vn 0.065403 -0.831501 0.551659
vn 0.065403 -0.831501 0.551659
vn 0.010908 -0.833236 0.552810
vn 0.010908 -0.833236 0.552810
vn -0.043619 -0.832492 0.552317
vn -0.043619 -0.832492 0.552317
vn -0.098017 -0.829273 0.550181
vn -0.098017 -0.829273 0.550181
vn -0.152123 -0.823587 0.546409
vn -0.152123 -0.823587 0.546409
vn -0.205777 -0.815452 0.541012
vn -0.258819 -0.804892 0.534005
vn -0.258819 -0.804892 0.534005
vn -0.362438 -0.776629 0.515254
vn -0.362438 -0.776629 0.515254
vn -0.461749 -0.739133 0.490378
vn -0.461749 -0.739133 0.490378
vn -0.542546 -0.699981 0.464403
vn -0.642788 -0.638334 0.423502
vn -0.642788 -0.638334 0.423502
vn -0.733052 -0.566778 0.376029
vn -0.793353 -0.507272 0.336550
vn -0.878222 -0.398522 0.264399
vn -0.906308 -0.352162 0.233642
vn -0.969077 -0.205619 0.136418
vn -1.000000 0.000000 -0.000000
vn -0.906308 -0.352162 0.233642
vn -0.793353 -0.507272 0.336550
vn 0.065403 0.403049 -0.912838
vn -0.074730 0.402784 -0.912239
vn -0.043619 0.403529 -0.913926
vn -0.258819 0.390151 -0.883626
vn -0.318487 0.382881 -0.867161
vn -0.461749 0.358276 -0.811435
vn -0.542546 0.339298 -0.768453
vn -0.642788 0.309416 -0.700775
vn -0.733052 0.274731 -0.622220
vn -0.793353 0.245887 -0.556893
vn -0.878222 0.193173 -0.437505
vn -0.906308 0.170701 -0.386610
vn -0.969077 0.099669 -0.225733
vn -0.976296 0.087423 -0.197998
vn 0.119704 0.401009 -0.908219
vn 0.065403 0.403049 -0.912838
vn 0.010908 0.403890 -0.914743
vn -0.043619 0.403529 -0.913926
vn -0.098017 0.401969 -0.910392
vn -0.152123 0.399213 -0.904150
vn -0.258819 0.390151 -0.883626
vn -0.362438 0.376451 -0.852598
vn -0.461749 0.358276 -0.811435
vn -0.642788 0.309416 -0.700775
vn -0.793353 0.245887 -0.556893
vn -0.906308 0.170701 -0.386610
vn 0.173648 -0.794664 -0.581683
vn -0.998933 -0.042248 -0.018654
vn -0.966751 -0.233931 -0.103288
vn -0.958549 -0.260652 -0.115087
vn -0.891123 -0.415100 -0.183281
vn -0.861964 -0.463774 -0.204772
vn -0.775447 -0.577614 -0.255036
vn -0.714842 -0.639705 -0.282451
vn -0.714842 -0.639705 -0.282451
vn -0.525809 -0.778129 -0.343570
vn -0.525809 -0.778129 -0.343570
vn -0.305947 -0.870931 -0.384545
vn -0.305947 -0.870931 -0.384545
vn -0.068147 -0.912670 -0.402975
vn -0.068147 -0.912670 -0.402975
vn 0.041776 -0.913998 -0.403561
vn 0.068284 -0.912662 -0.402971
vn -0.624922 -0.714170 -0.315330
vn -0.538652 -0.770743 -0.340309
vn -0.446313 -0.818631 -0.361453
vn -0.348945 -0.857296 -0.378525
vn -0.247646 -0.886302 -0.391332
vn -0.143556 -0.905322 -0.399730
vn -0.090831 -0.911016 -0.402244
vn -0.064363 -0.912900 -0.403076
vn -0.037849 -0.914142 -0.403624
vn -0.011309 -0.914739 -0.403888
vn 0.015239 -0.914691 -0.403867
vn 0.094744 -0.910682 -0.402097
vn 0.121137 -0.908060 -0.400939
usemtl Water_-_Clear
f 1/1/1 2/2/2 16/3/3
f 16/3/3 2/2/2 3/4/4
f 16/3/3 3/4/4 15/5/5
f 15/5/5 3/4/4 4/6/6
f 15/5/5 4/6/6 14/7/7
f 14/7/7 4/6/6 5/8/8
f 14/7/7 5/8/8 13/9/9
f 13/9/9 5/8/8 6/10/10
f 13/9/9 6/10/10 12/11/11
f 12/11/11 6/10/10 7/12/12
f 12/11/11 7/12/12 11/13/13
f 11/13/13 7/12/12 8/14/14
f 11/13/13 8/14/14 10/15/15
f 10/15/15 8/14/14 9/16/16
f 17/17/17 18/18/18 10/19/15
f 10/19/15 18/18/18 11/20/19
f 11/20/19 18/18/18 19/21/20
f 11/20/19 19/21/20 20/22/21
f 11/20/19 20/22/21 12/23/22
f 12/23/22 20/22/21 21/24/23
f 12/23/22 21/24/23 13/25/24
f 13/25/24 21/24/23 22/26/25
f 13/25/24 22/26/25 14/27/26
f 14/27/26 22/26/25 23/28/27
f 14/27/26 23/28/27 24/29/28
f 14/27/26 24/29/28 15/30/29
f 15/30/29 24/29/28 25/31/30
f 15/30/29 25/31/30 16/32/31
f 16/32/31 25/31/30 26/33/32
f 16/32/31 26/33/32 1/34/33
f 1/34/33 26/33/32 27/35/34
f 28/36/35 29/37/36 43/38/37
f 43/38/37 29/37/36 42/39/38
f 42/39/38 29/37/36 30/40/39
f 42/39/38 30/40/39 31/41/40
f 42/39/38 31/41/40 41/42/41
f 41/42/41 31/41/40 32/43/42
f 41/42/41 32/43/42 40/44/43
f 40/44/43 32/43/42 33/45/44
f 40/44/43 33/45/44 34/46/45
f 40/44/43 34/46/45 39/47/46
f 39/47/46 34/46/45 35/48/47
f 39/47/46 35/48/47 38/49/48
f 38/49/48 35/48/47 37/50/49
f 37/50/49 35/48/47 36/51/50
f 2/52/2 1/53/1 45/54/51
f 45/54/51 1/53/1 44/55/52
f 27/56/34 46/57/53 1/58/33
f 1/58/33 46/57/53 44/59/54
f 47/60/55 63/61/56 7/62/57
f 7/62/57 63/61/56 60/63/58
f 7/62/57 60/63/58 8/64/59
f 8/64/59 60/63/58 61/65/60
f 8/64/59 61/65/60 9/66/16
f 63/61/56 47/60/55 62/67/61
f 62/67/61 47/60/55 48/68/62
f 62/67/61 48/68/62 49/69/63
f 62/67/61 49/69/63 64/70/64
f 64/70/64 49/69/63 50/71/65
f 64/70/64 50/71/65 51/72/66
f 64/70/64 51/72/66 57/73/67
f 57/73/67 51/72/66 52/74/68
f 57/73/67 52/74/68 56/75/69
f 56/75/69 52/74/68 53/76/70
f 56/75/69 53/76/70 55/77/71
f 55/77/71 53/76/70 54/78/72
f 57/73/67 58/79/73 64/70/64
f 64/70/64 58/79/73 62/67/61
f 58/79/73 59/80/74 62/67/61
f 62/67/61 59/80/74 63/61/56
f 59/80/74 60/63/58 63/61/56
f 65/81/75 79/82/76 47/83/77
f 47/83/77 79/82/76 78/84/78
f 47/83/77 78/84/78 48/85/79
f 48/85/79 78/84/78 49/86/80
f 49/86/80 78/84/78 81/87/81
f 49/86/80 81/87/81 50/88/82
f 50/88/82 81/87/81 51/89/83
f 51/89/83 81/87/81 74/90/84
f 51/89/83 74/90/84 82/91/85
f 82/91/85 74/90/84 75/92/86
f 82/91/85 75/92/86 53/93/87
f 53/93/87 75/92/86 76/94/88
f 53/93/87 76/94/88 54/95/89
f 54/95/89 76/94/88 77/96/90
f 79/82/76 65/81/75 43/97/91
f 43/97/91 65/81/75 66/98/92
f 43/97/91 66/98/92 28/99/93
f 79/82/76 43/97/91 80/100/94
f 80/100/94 43/97/91 67/101/95
f 80/100/94 67/101/95 68/102/96
f 69/103/97 70/104/98 68/102/96
f 68/102/96 70/104/98 80/100/94
f 70/104/98 71/105/99 80/100/94
f 80/100/94 71/105/99 79/82/76
f 71/105/99 72/106/100 79/82/76
f 79/82/76 72/106/100 78/84/78
f 72/106/100 73/107/101 78/84/78
f 78/84/78 73/107/101 81/87/81
f 73/107/101 74/90/84 81/87/81
f 53/93/87 52/108/102 82/91/85
f 82/91/85 52/108/102 51/89/83
f 77/109/103 76/110/104 83/111/105
f 83/111/105 76/110/104 91/112/106
f 91/112/106 76/110/104 75/113/107
f 91/112/106 75/113/107 74/114/108
f 91/112/106 74/114/108 90/115/109
f 90/115/109 74/114/108 73/116/110
f 90/115/109 73/116/110 89/117/111
f 89/117/111 73/116/110 72/118/112
f 89/117/111 72/118/112 88/119/113
f 88/119/113 72/118/112 87/120/114
f 87/120/114 72/118/112 71/121/115
f 87/120/114 71/121/115 86/122/116
f 86/122/116 71/121/115 85/123/117
f 85/123/117 71/121/115 70/124/98
f 85/123/117 70/124/98 84/125/118
f 92/126/119 83/127/120 99/128/121
f 99/128/121 83/127/120 91/129/122
f 99/128/121 91/129/122 98/130/123
f 98/130/123 91/129/122 97/131/124
f 97/131/124 91/129/122 90/132/125
f 97/131/124 90/132/125 96/133/126
f 96/133/126 90/132/125 89/134/127
f 96/133/126 89/134/127 95/135/128
f 95/135/128 89/134/127 88/136/129
f 95/135/128 88/136/129 87/137/130
f 95/135/128 87/137/130 94/138/131
f 94/138/131 87/137/130 86/139/132
f 94/138/131 86/139/132 85/140/133
f 84/141/118 93/142/134 85/140/133
f 85/140/133 93/142/134 94/138/131
f 93/143/134 100/144/135 109/145/136
f 109/145/136 100/144/135 101/146/137
f 109/145/136 101/146/137 108/147/138
f 108/147/138 101/146/137 102/148/139
f 108/147/138 102/148/139 110/149/140
f 110/149/140 102/148/139 103/150/141
f 110/149/140 103/150/141 111/151/142
f 111/151/142 103/150/141 104/152/143
f 111/151/142 104/152/143 112/153/144
f 112/153/144 104/152/143 105/154/145
f 112/153/144 105/154/145 106/155/146
f 112/153/144 106/155/146 99/156/147
f 99/156/147 106/155/146 107/157/148
f 99/156/147 107/157/148 92/158/149
f 99/156/147 98/159/150 112/153/144
f 112/153/144 98/159/150 97/160/151
f 112/153/144 97/160/151 111/151/142
f 111/151/142 97/160/151 96/161/152
f 111/151/142 96/161/152 110/149/140
f 110/149/140 96/161/152 95/162/153
f 110/149/140 95/162/153 108/147/138
f 108/147/138 95/162/153 94/163/154
f 108/147/138 94/163/154 109/145/136
f 109/145/136 94/163/154 93/143/134
f 113/164/155 107/165/156 122/166/157
f 122/166/157 107/165/156 106/167/158
f 122/166/157 106/167/158 121/168/159
f 121/168/159 106/167/158 105/169/160
f 121/168/159 105/169/160 120/170/161
f 120/170/161 105/169/160 104/171/162
f 120/170/161 104/171/162 119/172/163
f 119/172/163 104/171/162 103/173/164
f 119/172/163 103/173/164 118/174/165
f 118/174/165 103/173/164 102/175/166
f 118/174/165 102/175/166 117/176/167
f 117/176/167 102/175/166 114/177/168
f 117/176/167 114/177/168 116/178/169
f 116/178/169 114/177/168 115/179/170
f 123/180/171 124/181/172 116/182/169
f 116/182/169 124/181/172 117/183/173
f 117/183/173 124/181/172 125/184/174
f 117/183/173 125/184/174 118/185/175
f 118/185/175 125/184/174 126/186/176
f 118/185/175 126/186/176 119/187/177
f 119/187/177 126/186/176 127/188/178
f 119/187/177 127/188/178 120/189/179
f 120/189/179 127/188/178 128/190/180
f 120/189/179 128/190/180 121/191/181
f 121/191/181 128/190/180 129/192/182
f 121/191/181 129/192/182 122/193/183
f 122/193/183 129/192/182 130/194/184
f 122/193/183 130/194/184 113/195/185
f 113/195/185 130/194/184 131/196/186
f 132/197/187 131/198/188 140/199/189
f 140/199/189 131/198/188 130/200/190
f 140/199/189 130/200/190 129/201/191
f 140/199/189 129/201/191 139/202/192
f 139/202/192 129/201/191 128/203/193
f 139/202/192 128/203/193 138/204/194
f 138/204/194 128/203/193 127/205/195
f 138/204/194 127/205/195 137/206/196
f 137/206/196 127/205/195 126/207/197
f 137/206/196 126/207/197 136/208/198
f 136/208/198 126/207/197 125/209/199
f 136/208/198 125/209/199 135/210/200
f 135/210/200 125/209/199 124/211/201
f 135/210/200 124/211/201 134/212/202
f 134/212/202 124/211/201 133/213/203
f 141/214/204 142/215/205 134/216/202
f 134/216/202 142/215/205 135/217/206
f 135/217/206 142/215/205 143/218/207
f 135/217/206 143/218/207 144/219/208
f 135/217/206 144/219/208 136/220/209
f 136/220/209 144/219/208 145/221/210
f 136/220/209 145/221/210 137/222/211
f 137/222/211 145/221/210 146/223/212
f 137/222/211 146/223/212 138/224/213
f 138/224/213 146/223/212 147/225/214
f 138/224/213 147/225/214 139/226/215
f 139/226/215 147/225/214 148/227/216
f 139/226/215 148/227/216 140/228/217
f 140/228/217 148/227/216 149/229/218
f 140/228/217 149/229/218 132/230/219
f 60/231/220 19/232/221 61/233/222
f 61/233/222 19/232/221 18/234/223
f 61/233/222 18/234/223 17/235/224
f 59/236/225 23/237/226 60/231/220
f 60/231/220 23/237/226 22/238/227
f 60/231/220 22/238/227 21/239/228
f 58/240/229 27/241/230 59/236/225
f 59/236/225 27/241/230 26/242/231
f 59/236/225 26/242/231 25/243/232
f 58/240/229 57/244/233 27/241/230
f 27/241/230 57/244/233 56/245/234
f 27/241/230 56/245/234 55/246/235
f 150/247/236 46/248/237 55/246/235
f 55/246/235 46/248/237 27/241/230
f 25/243/232 24/249/238 59/236/225
f 59/236/225 24/249/238 23/237/226
f 21/239/228 20/250/239 60/231/220
f 60/231/220 20/250/239 19/232/221
f 54/251/72 151/252/240 55/253/71
f 55/253/71 151/252/240 150/254/241
f 150/254/241 151/252/240 152/255/242
f 54/256/89 77/257/90 151/258/243
f 83/259/105 153/260/244 77/261/103
f 77/261/103 153/260/244 151/262/245
f 151/262/245 153/260/244 152/263/246
f 83/264/120 92/265/119 153/266/247
f 153/266/247 92/265/119 154/267/248
f 107/268/148 155/269/249 92/270/149
f 92/270/149 155/269/249 154/271/250
f 107/272/156 113/273/155 155/274/251
f 155/274/251 113/273/155 156/275/252
f 131/276/186 157/277/253 113/278/185
f 113/278/185 157/277/253 156/279/254
f 131/280/188 132/281/187 157/282/255
f 157/282/255 132/281/187 158/283/256
f 134/284/202 133/285/203 141/286/204
f 116/287/169 115/288/170 123/289/171
f 70/290/98 69/291/97 84/292/118
f 84/292/118 69/291/97 100/293/135
f 84/292/118 100/293/135 93/294/134
f 10/295/15 9/296/16 17/297/17
f 17/297/17 9/296/16 61/298/60
f 149/299/218 159/300/257 132/301/219
f 132/301/219 159/300/257 158/302/258
f 69/303/97 68/304/259 100/305/135
f 100/305/135 68/304/259 101/306/260
f 101/306/260 68/304/259 67/307/261
f 101/306/260 67/307/261 43/308/262
f 101/306/260 43/308/262 102/309/263
f 102/309/263 43/308/262 42/310/264
f 102/309/263 42/310/264 170/311/265
f 170/311/265 42/310/264 41/312/266
f 170/311/265 41/312/266 171/313/267
f 171/313/267 41/312/266 40/314/268
f 171/313/267 40/314/268 172/315/269
f 172/315/269 40/314/268 39/316/270
f 172/315/269 39/316/270 161/317/271
f 161/317/271 39/316/270 38/318/272
f 161/317/271 38/318/272 160/319/273
f 160/319/273 38/318/272 37/320/274
f 161/317/271 162/321/275 172/315/269
f 172/315/269 162/321/275 163/322/276
f 172/315/269 163/322/276 171/313/267
f 171/313/267 163/322/276 164/323/277
f 171/313/267 164/323/277 165/324/278
f 171/313/267 165/324/278 170/311/265
f 170/311/265 165/324/278 166/325/279
f 170/311/265 166/325/279 169/326/280
f 169/326/280 166/325/279 167/327/281
f 169/326/280 167/327/281 114/328/282
f 114/328/282 167/327/281 168/329/283
f 114/328/282 168/329/283 124/330/284
f 124/330/284 168/329/283 142/331/285
f 124/330/284 142/331/285 133/332/203
f 133/332/203 142/331/285 141/333/204
f 167/327/281 142/331/285 168/329/283
f 123/334/171 115/335/170 124/330/284
f 124/330/284 115/335/170 114/328/282
f 114/328/282 102/309/263 169/326/280
f 169/326/280 102/309/263 170/311/265
f 142/336/286 167/337/287 143/338/288
f 143/338/288 167/337/287 144/339/289
f 144/339/289 167/337/287 166/340/290
f 144/339/289 166/340/290 145/341/291
f 145/341/291 166/340/290 165/342/292
f 145/341/291 165/342/292 146/343/293
f 146/343/293 165/342/292 164/344/294
f 146/343/293 164/344/294 147/345/295
f 147/345/295 164/344/294 163/346/296
f 147/345/295 163/346/296 148/347/297
f 148/347/297 163/346/296 162/348/298
f 148/347/297 162/348/298 161/349/299
f 160/350/300 149/351/301 161/349/299
f 161/349/299 149/351/301 148/347/297
f 37/352/274 173/353/302 160/354/273
f 160/354/273 173/353/302 174/355/303
f 37/356/49 36/357/50 173/358/304
f 173/358/304 36/357/50 175/359/305
f 36/360/306 35/361/307 2/362/308
f 2/362/308 35/361/307 3/363/309
f 3/363/309 35/361/307 34/364/310
f 3/363/309 34/364/310 4/365/311
f 4/365/311 34/364/310 33/366/312
f 4/365/311 33/366/312 5/367/313
f 5/367/313 33/366/312 32/368/314
f 5/367/313 32/368/314 31/369/315
f 5/367/313 31/369/315 6/370/316
f 6/370/316 31/369/315 30/371/317
f 6/370/316 30/371/317 47/372/318
f 47/372/318 30/371/317 29/373/319
f 47/372/318 29/373/319 65/374/320
f 65/374/320 29/373/319 66/375/321
f 66/375/321 29/373/319 28/376/322
f 47/372/318 7/377/323 6/370/316
f 2/378/308 45/379/324 36/380/306
f 36/380/306 45/379/324 175/381/325
f 177/382/326 193/383/327 176/384/328
f 176/384/328 193/383/327 191/385/329
f 176/384/328 191/385/329 192/386/330
f 177/382/326 178/387/331 193/383/327
f 193/383/327 178/387/331 194/388/332
f 193/383/327 194/388/332 190/389/333
f 190/389/333 194/388/332 189/390/334
f 189/390/334 194/388/332 195/391/335
f 189/390/334 195/391/335 188/392/336
f 188/392/336 195/391/335 196/393/337
f 188/392/336 196/393/337 187/394/338
f 187/394/338 196/393/337 197/395/339
f 187/394/338 197/395/339 186/396/340
f 186/396/340 197/395/339 198/397/341
f 186/396/340 198/397/341 185/398/342
f 185/398/342 198/397/341 184/399/343
f 184/399/343 198/397/341 183/400/344
f 184/399/343 183/400/344 152/401/246
f 178/387/331 179/402/345 194/388/332
f 194/388/332 179/402/345 195/391/335
f 179/402/345 180/403/346 195/391/335
f 195/391/335 180/403/346 196/393/337
f 180/403/346 181/404/347 196/393/337
f 196/393/337 181/404/347 197/395/339
f 181/404/347 182/405/348 197/395/339
f 197/395/339 182/405/348 198/397/341
f 182/405/348 183/400/344 198/397/341
f 152/401/246 153/406/244 184/399/343
f 190/389/333 191/385/329 193/383/327
f 176/407/328 199/408/349 177/409/350
f 177/409/350 199/408/349 224/410/351
f 177/409/350 224/410/351 223/411/352
f 223/411/352 224/410/351 225/412/353
f 223/411/352 225/412/353 226/413/354
f 226/413/354 225/412/353 228/414/355
f 226/413/354 228/414/355 221/415/356
f 221/415/356 228/414/355 220/416/357
f 220/416/357 228/414/355 230/417/358
f 220/416/357 230/417/358 219/418/359
f 219/418/359 230/417/358 218/419/360
f 218/419/360 230/417/358 232/420/361
f 218/419/360 232/420/361 217/421/362
f 217/421/362 232/420/361 216/422/363
f 216/422/363 232/420/361 234/423/364
f 216/422/363 234/423/364 215/424/365
f 215/424/365 234/423/364 214/425/366
f 214/425/366 234/423/364 213/426/367
f 213/426/367 234/423/364 212/427/368
f 212/427/368 234/423/364 211/428/369
f 211/428/369 234/423/364 210/429/370
f 210/429/370 234/423/364 209/430/371
f 209/430/371 234/423/364 150/431/236
f 209/430/371 150/431/236 208/432/372
f 208/432/372 150/431/236 207/433/373
f 207/433/373 150/431/236 206/434/374
f 199/408/349 200/435/375 224/410/351
f 224/410/351 200/435/375 201/436/376
f 224/410/351 201/436/376 225/412/353
f 225/412/353 201/436/376 202/437/377
f 225/412/353 202/437/377 227/438/378
f 227/438/378 202/437/377 203/439/379
f 227/438/378 203/439/379 229/440/380
f 229/440/380 203/439/379 204/441/381
f 229/440/380 204/441/381 231/442/382
f 231/442/382 204/441/381 205/443/383
f 231/442/382 205/443/383 233/444/384
f 233/444/384 205/443/383 46/445/237
f 233/444/384 46/445/237 234/423/364
f 234/423/364 46/445/237 150/431/236
f 221/415/356 222/446/385 226/413/354
f 226/413/354 222/446/385 223/411/352
f 228/414/355 225/412/353 227/438/378
f 230/417/358 228/414/355 227/438/378
f 232/420/361 230/417/358 229/440/380
f 229/440/380 230/417/358 227/438/378
f 234/423/364 232/420/361 231/442/382
f 231/442/382 232/420/361 229/440/380
f 233/444/384 234/423/364 231/442/382
f 44/447/54 46/448/53 247/449/386
f 247/449/386 46/448/53 246/450/387
f 246/450/387 46/448/53 248/451/388
f 246/450/387 248/451/388 245/452/389
f 245/452/389 248/451/388 244/453/390
f 244/453/390 248/451/388 243/454/391
f 243/454/391 248/451/388 242/455/392
f 242/455/392 248/451/388 249/456/393
f 242/455/392 249/456/393 241/457/394
f 241/457/394 249/456/393 240/458/395
f 240/458/395 249/456/393 239/459/396
f 239/459/396 249/456/393 250/460/397
f 239/459/396 250/460/397 238/461/398
f 238/461/398 250/460/397 251/462/399
f 238/461/398 251/462/399 237/463/400
f 237/463/400 251/462/399 252/464/401
f 237/463/400 252/464/401 236/465/402
f 236/465/402 252/464/401 253/466/403
f 236/465/402 253/466/403 235/467/404
f 235/467/404 253/466/403 199/468/349
f 199/468/349 253/466/403 200/469/405
f 200/469/405 253/466/403 201/470/406
f 201/470/406 253/466/403 252/464/401
f 201/470/406 252/464/401 202/471/407
f 202/471/407 252/464/401 251/462/399
f 202/471/407 251/462/399 203/472/408
f 203/472/408 251/462/399 250/460/397
f 203/472/408 250/460/397 204/473/409
f 204/473/409 250/460/397 249/456/393
f 204/473/409 249/456/393 205/474/410
f 205/474/410 249/456/393 248/451/388
f 205/474/410 248/451/388 46/448/53
f 45/475/51 44/476/52 262/477/411
f 262/477/411 44/476/52 263/478/412
f 262/477/411 263/478/412 261/479/413
f 261/479/413 263/478/412 260/480/414
f 260/480/414 263/478/412 264/481/415
f 260/480/414 264/481/415 259/482/416
f 259/482/416 264/481/415 265/483/417
f 259/482/416 265/483/417 258/484/418
f 258/484/418 265/483/417 266/485/419
f 258/484/418 266/485/419 257/486/420
f 257/486/420 266/485/419 267/487/421
f 257/486/420 267/487/421 256/488/422
f 256/488/422 267/487/421 268/489/423
f 256/488/422 268/489/423 255/490/424
f 255/490/424 268/489/423 235/491/404
f 255/490/424 235/491/404 254/492/425
f 247/493/426 246/494/427 44/476/52
f 44/476/52 246/494/427 263/478/412
f 246/494/427 245/495/428 263/478/412
f 263/478/412 245/495/428 244/496/429
f 263/478/412 244/496/429 243/497/430
f 243/497/430 242/498/431 263/478/412
f 263/478/412 242/498/431 264/481/415
f 242/498/431 241/499/432 264/481/415
f 264/481/415 241/499/432 240/500/433
f 264/481/415 240/500/433 239/501/434
f 264/481/415 239/501/434 265/483/417
f 265/483/417 239/501/434 238/502/435
f 265/483/417 238/502/435 266/485/419
f 266/485/419 238/502/435 237/503/436
f 266/485/419 237/503/436 267/487/421
f 267/487/421 237/503/436 236/504/437
f 267/487/421 236/504/437 268/489/423
f 268/489/423 236/504/437 235/491/404
f 175/505/325 45/506/324 284/507/438
f 284/507/438 45/506/324 262/508/439
f 284/507/438 262/508/439 283/509/440
f 283/509/440 262/508/439 282/510/441
f 282/510/441 262/508/439 281/511/442
f 281/511/442 262/508/439 280/512/443
f 280/512/443 262/508/439 286/513/444
f 280/512/443 286/513/444 279/514/445
f 279/514/445 286/513/444 278/515/446
f 278/515/446 286/513/444 277/516/447
f 277/516/447 286/513/444 276/517/448
f 276/517/448 286/513/444 288/518/449
f 276/517/448 288/518/449 275/519/450
f 275/519/450 288/518/449 274/520/451
f 274/520/451 288/518/449 290/521/452
f 274/520/451 290/521/452 273/522/453
f 273/522/453 290/521/452 292/523/454
f 273/522/453 292/523/454 272/524/455
f 272/524/455 292/523/454 294/525/456
f 272/524/455 294/525/456 271/526/457
f 271/526/457 294/525/456 293/527/458
f 271/526/457 293/527/458 295/528/459
f 295/528/459 293/527/458 256/529/460
f 295/528/459 256/529/460 255/530/461
f 286/513/444 262/508/439 285/531/462
f 285/531/462 262/508/439 261/532/463
f 285/531/462 261/532/463 260/533/464
f 285/531/462 260/533/464 287/534/465
f 287/534/465 260/533/464 259/535/466
f 287/534/465 259/535/466 289/536/467
f 289/536/467 259/535/466 258/537/468
f 289/536/467 258/537/468 291/538/469
f 291/538/469 258/537/468 257/539/470
f 291/538/469 257/539/470 293/527/458
f 293/527/458 257/539/470 256/529/460
f 254/540/425 269/541/471 255/530/461
f 255/530/461 269/541/471 295/528/459
f 269/541/471 270/542/472 295/528/459
f 295/528/459 270/542/472 271/526/457
f 288/518/449 286/513/444 285/531/462
f 290/521/452 288/518/449 287/534/465
f 287/534/465 288/518/449 285/531/462
f 292/523/454 290/521/452 289/536/467
f 289/536/467 290/521/452 287/534/465
f 294/525/456 292/523/454 291/538/469
f 291/538/469 292/523/454 289/536/467
f 293/527/458 294/525/456 291/538/469
f 173/543/304 175/544/305 308/545/473
f 308/545/473 175/544/305 284/546/474
f 308/545/473 284/546/474 307/547/475
f 307/547/475 284/546/474 283/548/476
f 307/547/475 283/548/476 282/549/477
f 307/547/475 282/549/477 310/550/478
f 310/550/478 282/549/477 281/551/479
f 310/550/478 281/551/479 280/552/480
f 280/552/480 279/553/481 310/550/478
f 310/550/478 279/553/481 278/554/482
f 310/550/478 278/554/482 277/555/483
f 277/555/483 276/556/484 310/550/478
f 310/550/478 276/556/484 311/557/485
f 310/550/478 311/557/485 303/558/486
f 303/558/486 311/557/485 302/559/487
f 302/559/487 311/557/485 301/560/488
f 301/560/488 311/557/485 300/561/489
f 300/561/489 311/557/485 312/562/490
f 300/561/489 312/562/490 299/563/491
f 299/563/491 312/562/490 313/564/492
f 299/563/491 313/564/492 298/565/493
f 298/565/493 313/564/492 314/566/494
f 298/565/493 314/566/494 297/567/495
f 297/567/495 314/566/494 309/568/496
f 297/567/495 309/568/496 296/569/497
f 296/569/497 309/568/496 269/570/471
f 269/570/471 309/568/496 270/571/498
f 270/571/498 309/568/496 271/572/499
f 271/572/499 309/568/496 314/566/494
f 271/572/499 314/566/494 272/573/500
f 272/573/500 314/566/494 313/564/492
f 272/573/500 313/564/492 273/574/501
f 273/574/501 313/564/492 312/562/490
f 273/574/501 312/562/490 274/575/502
f 274/575/502 312/562/490 311/557/485
f 274/575/502 311/557/485 275/576/503
f 275/576/503 311/557/485 276/556/484
f 303/558/486 304/577/504 310/550/478
f 310/550/478 304/577/504 305/578/505
f 310/550/478 305/578/505 306/579/506
f 306/579/506 307/547/475 310/550/478
f 173/580/302 308/581/507 174/582/303
f 174/582/303 308/581/507 331/583/508
f 331/583/508 308/581/507 307/584/509
f 331/583/508 307/584/509 330/585/510
f 330/585/510 307/584/509 329/586/511
f 329/586/511 307/584/509 306/587/512
f 329/586/511 306/587/512 328/588/513
f 328/588/513 306/587/512 327/589/514
f 327/589/514 306/587/512 326/590/515
f 326/590/515 306/587/512 333/591/516
f 326/590/515 333/591/516 325/592/517
f 325/592/517 333/591/516 324/593/518
f 324/593/518 333/591/516 323/594/519
f 323/594/519 333/591/516 335/595/520
f 323/594/519 335/595/520 322/596/521
f 322/596/521 335/595/520 321/597/522
f 321/597/522 335/595/520 320/598/523
f 320/598/523 335/595/520 337/599/524
f 320/598/523 337/599/524 319/600/525
f 319/600/525 337/599/524 339/601/526
f 319/600/525 339/601/526 318/602/527
f 318/602/527 339/601/526 341/603/528
f 318/602/527 341/603/528 317/604/529
f 317/604/529 341/603/528 343/605/530
f 317/604/529 343/605/530 316/606/531
f 316/606/531 343/605/530 342/607/532
f 316/606/531 342/607/532 315/608/533
f 315/608/533 342/607/532 296/609/497
f 296/609/497 342/607/532 297/610/534
f 297/610/534 342/607/532 340/611/535
f 297/610/534 340/611/535 298/612/536
f 298/612/536 340/611/535 338/613/537
f 298/612/536 338/613/537 299/614/538
f 299/614/538 338/613/537 336/615/539
f 299/614/538 336/615/539 300/616/540
f 300/616/540 336/615/539 334/617/541
f 300/616/540 334/617/541 301/618/542
f 301/618/542 334/617/541 302/619/543
f 302/619/543 334/617/541 303/620/544
f 303/620/544 334/617/541 332/621/545
f 303/620/544 332/621/545 304/622/546
f 304/622/546 332/621/545 305/623/547
f 305/623/547 332/621/545 306/587/512
f 306/587/512 332/621/545 333/591/516
f 335/595/520 333/591/516 332/621/545
f 337/599/524 335/595/520 334/617/541
f 334/617/541 335/595/520 332/621/545
f 339/601/526 337/599/524 336/615/539
f 336/615/539 337/599/524 334/617/541
f 341/603/528 339/601/526 338/613/537
f 338/613/537 339/601/526 336/615/539
f 343/605/530 341/603/528 340/611/535
f 340/611/535 341/603/528 338/613/537
f 342/607/532 343/605/530 340/611/535
f 159/624/548 174/625/549 353/626/550
f 353/626/550 174/625/549 354/627/551
f 353/626/550 354/627/551 352/628/552
f 352/628/552 354/627/551 351/629/553
f 351/629/553 354/627/551 355/630/554
f 351/629/553 355/630/554 350/631/555
f 350/631/555 355/630/554 349/632/556
f 349/632/556 355/630/554 356/633/557
f 349/632/556 356/633/557 348/634/558
f 348/634/558 356/633/557 357/635/559
f 348/634/558 357/635/559 347/636/560
f 347/636/560 357/635/559 358/637/561
f 347/636/560 358/637/561 346/638/562
f 346/638/562 358/637/561 359/639/563
f 346/638/562 359/639/563 345/640/564
f 345/640/564 359/639/563 344/641/565
f 344/641/565 359/639/563 316/642/566
f 344/641/565 316/642/566 315/643/533
f 331/644/567 330/645/568 174/625/549
f 174/625/549 330/645/568 329/646/569
f 174/625/549 329/646/569 354/627/551
f 354/627/551 329/646/569 328/647/570
f 354/627/551 328/647/570 327/648/571
f 327/648/571 326/649/572 354/627/551
f 354/627/551 326/649/572 325/650/573
f 354/627/551 325/650/573 324/651/574
f 324/651/574 323/652/575 354/627/551
f 354/627/551 323/652/575 355/630/554
f 323/652/575 322/653/576 355/630/554
f 355/630/554 322/653/576 321/654/577
f 355/630/554 321/654/577 320/655/578
f 355/630/554 320/655/578 356/633/557
f 356/633/557 320/655/578 319/656/579
f 356/633/557 319/656/579 357/635/559
f 357/635/559 319/656/579 318/657/580
f 357/635/559 318/657/580 358/637/561
f 358/637/561 318/657/580 317/658/581
f 358/637/561 317/658/581 359/639/563
f 359/639/563 317/658/581 316/642/566
f 158/659/258 159/660/257 372/661/582
f 372/661/582 159/660/257 353/662/583
f 372/661/582 353/662/583 371/663/584
f 371/663/584 353/662/583 370/664/585
f 370/664/585 353/662/583 373/665/586
f 370/664/585 373/665/586 369/666/587
f 369/666/587 373/665/586 368/667/588
f 368/667/588 373/665/586 367/668/589
f 367/668/589 373/665/586 374/669/590
f 367/668/589 374/669/590 366/670/591
f 366/670/591 374/669/590 365/671/592
f 365/671/592 374/669/590 364/672/593
f 364/672/593 374/669/590 375/673/594
f 364/672/593 375/673/594 363/674/595
f 363/674/595 375/673/594 376/675/596
f 363/674/595 376/675/596 362/676/597
f 362/676/597 376/675/596 377/677/598
f 362/676/597 377/677/598 361/678/599
f 361/678/599 377/677/598 378/679/600
f 361/678/599 378/679/600 360/680/601
f 360/680/601 378/679/600 345/681/602
f 360/680/601 345/681/602 344/682/565
f 353/662/583 352/683/603 373/665/586
f 373/665/586 352/683/603 351/684/604
f 373/665/586 351/684/604 374/669/590
f 374/669/590 351/684/604 350/685/605
f 374/669/590 350/685/605 349/686/606
f 374/669/590 349/686/606 375/673/594
f 375/673/594 349/686/606 348/687/607
f 375/673/594 348/687/607 376/675/596
f 376/675/596 348/687/607 347/688/608
f 376/675/596 347/688/608 377/677/598
f 377/677/598 347/688/608 346/689/609
f 377/677/598 346/689/609 378/679/600
f 378/679/600 346/689/609 345/681/602
f 158/690/256 372/691/610 157/692/255
f 157/692/255 372/691/610 388/693/611
f 388/693/611 372/691/610 371/694/612
f 388/693/611 371/694/612 389/695/613
f 389/695/613 371/694/612 370/696/614
f 389/695/613 370/696/614 369/697/615
f 369/697/615 368/698/616 389/695/613
f 389/695/613 368/698/616 367/699/617
f 389/695/613 367/699/617 390/700/618
f 390/700/618 367/699/617 366/701/619
f 390/700/618 366/701/619 365/702/620
f 365/702/620 364/703/621 390/700/618
f 390/700/618 364/703/621 391/704/622
f 390/700/618 391/704/622 383/705/623
f 383/705/623 391/704/622 382/706/624
f 382/706/624 391/704/622 392/707/625
f 382/706/624 392/707/625 381/708/626
f 381/708/626 392/707/625 393/709/627
f 381/708/626 393/709/627 380/710/628
f 380/710/628 393/709/627 394/711/629
f 380/710/628 394/711/629 379/712/630
f 379/712/630 394/711/629 360/713/601
f 360/713/601 394/711/629 361/714/631
f 361/714/631 394/711/629 393/709/627
f 361/714/631 393/709/627 362/715/632
f 362/715/632 393/709/627 392/707/625
f 362/715/632 392/707/625 363/716/633
f 363/716/633 392/707/625 391/704/622
f 363/716/633 391/704/622 364/703/621
f 383/705/623 384/717/634 390/700/618
f 390/700/618 384/717/634 385/718/635
f 390/700/618 385/718/635 386/719/636
f 390/700/618 386/719/636 389/695/613
f 389/695/613 386/719/636 387/720/637
f 389/695/613 387/720/637 388/693/611
f 156/721/254 157/722/253 407/723/638
f 407/723/638 157/722/253 388/724/639
f 407/723/638 388/724/639 406/725/640
f 406/725/640 388/724/639 405/726/641
f 405/726/641 388/724/639 408/727/642
f 405/726/641 408/727/642 404/728/643
f 404/728/643 408/727/642 403/729/644
f 403/729/644 408/727/642 402/730/645
f 402/730/645 408/727/642 401/731/646
f 401/731/646 408/727/642 409/732/647
f 401/731/646 409/732/647 400/733/648
f 400/733/648 409/732/647 399/734/649
f 399/734/649 409/732/647 410/735/650
f 399/734/649 410/735/650 398/736/651
f 398/736/651 410/735/650 411/737/652
f 398/736/651 411/737/652 397/738/653
f 397/738/653 411/737/652 412/739/654
f 397/738/653 412/739/654 396/740/655
f 396/740/655 412/739/654 413/741/656
f 396/740/655 413/741/656 395/742/657
f 395/742/657 413/741/656 379/743/630
f 379/743/630 413/741/656 380/744/658
f 380/744/658 413/741/656 412/739/654
f 380/744/658 412/739/654 381/745/659
f 381/745/659 412/739/654 411/737/652
f 381/745/659 411/737/652 382/746/660
f 382/746/660 411/737/652 410/735/650
f 382/746/660 410/735/650 383/747/661
f 383/747/661 410/735/650 409/732/647
f 383/747/661 409/732/647 384/748/662
f 384/748/662 409/732/647 385/749/663
f 385/749/663 409/732/647 386/750/664
f 386/750/664 409/732/647 408/727/642
f 386/750/664 408/727/642 387/751/665
f 387/751/665 408/727/642 388/724/639
f 155/752/251 156/753/252 427/754/666
f 427/754/666 156/753/252 407/755/667
f 427/754/666 407/755/667 426/756/668
f 426/756/668 407/755/667 406/757/669
f 426/756/668 406/757/669 425/758/670
f 425/758/670 406/757/669 405/759/671
f 425/758/670 405/759/671 404/760/672
f 425/758/670 404/760/672 424/761/673
f 424/761/673 404/760/672 403/762/674
f 424/761/673 403/762/674 423/763/675
f 423/763/675 403/762/674 402/764/676
f 423/763/675 402/764/676 422/765/677
f 422/765/677 402/764/676 421/766/678
f 421/766/678 402/764/676 401/767/679
f 421/766/678 401/767/679 420/768/680
f 420/768/680 401/767/679 400/769/681
f 420/768/680 400/769/681 419/770/682
f 419/770/682 400/769/681 399/771/683
f 419/770/682 399/771/683 418/772/684
f 418/772/684 399/771/683 398/773/685
f 418/772/684 398/773/685 417/774/686
f 417/774/686 398/773/685 430/775/687
f 417/774/686 430/775/687 416/776/688
f 416/776/688 430/775/687 397/777/689
f 416/776/688 397/777/689 429/778/690
f 429/778/690 397/777/689 396/779/691
f 429/778/690 396/779/691 428/780/692
f 428/780/692 396/779/691 395/781/657
f 428/780/692 395/781/657 414/782/693
f 398/773/685 397/777/689 430/775/687
f 414/782/693 415/783/694 428/780/692
f 428/780/692 415/783/694 429/778/690
f 415/783/694 416/776/688 429/778/690
f 155/784/249 427/785/695 154/786/250
f 154/786/250 427/785/695 443/787/696
f 443/787/696 427/785/695 426/788/697
f 443/787/696 426/788/697 442/789/698
f 442/789/698 426/788/697 425/790/699
f 442/789/698 425/790/699 441/791/700
f 441/791/700 425/790/699 440/792/701
f 440/792/701 425/790/699 424/793/702
f 440/792/701 424/793/702 439/794/703
f 439/794/703 424/793/702 423/795/704
f 439/794/703 423/795/704 438/796/705
f 438/796/705 423/795/704 422/797/706
f 438/796/705 422/797/706 421/798/707
f 438/796/705 421/798/707 437/799/708
f 437/799/708 421/798/707 420/800/709
f 437/799/708 420/800/709 436/801/710
f 436/801/710 420/800/709 419/802/711
f 436/801/710 419/802/711 435/803/712
f 435/803/712 419/802/711 418/804/713
f 435/803/712 418/804/713 444/805/714
f 444/805/714 418/804/713 417/806/715
f 444/805/714 417/806/715 434/807/716
f 434/807/716 417/806/715 446/808/717
f 434/807/716 446/808/717 433/809/718
f 433/809/718 446/808/717 445/810/719
f 433/809/718 445/810/719 432/811/720
f 432/811/720 445/810/719 447/812/721
f 432/811/720 447/812/721 431/813/722
f 431/813/722 447/812/721 414/814/693
f 414/814/693 447/812/721 415/815/723
f 415/815/723 447/812/721 445/810/719
f 415/815/723 445/810/719 416/816/724
f 416/816/724 445/810/719 446/808/717
f 416/816/724 446/808/717 417/806/715
f 434/807/716 435/803/712 444/805/714
f 153/817/247 154/818/248 184/819/725
f 184/819/725 154/818/248 448/820/726
f 184/819/725 448/820/726 185/821/727
f 185/821/727 448/820/726 186/822/728
f 186/822/728 448/820/726 449/823/729
f 186/822/728 449/823/729 187/824/730
f 187/824/730 449/823/729 450/825/731
f 187/824/730 450/825/731 188/826/732
f 188/826/732 450/825/731 451/827/733
f 188/826/732 451/827/733 189/828/734
f 189/828/734 451/827/733 452/829/735
f 189/828/734 452/829/735 190/830/736
f 190/830/736 452/829/735 453/831/737
f 190/830/736 453/831/737 191/832/738
f 191/832/738 453/831/737 431/833/722
f 191/832/738 431/833/722 192/834/330
f 443/835/739 442/836/740 154/818/248
f 154/818/248 442/836/740 448/820/726
f 442/836/740 441/837/741 448/820/726
f 448/820/726 441/837/741 440/838/742
f 448/820/726 440/838/742 439/839/743
f 439/839/743 438/840/744 448/820/726
f 448/820/726 438/840/744 449/823/729
f 438/840/744 437/841/745 449/823/729
f 449/823/729 437/841/745 436/842/746
f 449/823/729 436/842/746 435/843/747
f 449/823/729 435/843/747 450/825/731
f 450/825/731 435/843/747 434/844/748
f 450/825/731 434/844/748 451/827/733
f 451/827/733 434/844/748 433/845/749
f 451/827/733 433/845/749 452/829/735
f 452/829/735 433/845/749 432/846/750
f 452/829/735 432/846/750 453/831/737
f 453/831/737 432/846/750 431/833/722
f 149/847/301 160/848/300 159/849/548
f 159/849/548 160/848/300 174/850/751
f 176/851/328 192/852/330 199/853/349
f 199/853/349 192/852/330 414/854/693
f 199/853/349 414/854/693 296/855/497
f 296/855/497 414/854/693 379/856/630
f 296/855/497 379/856/630 344/857/565
f 344/857/565 379/856/630 360/858/601
f 192/852/330 431/859/722 414/854/693
f 414/854/693 395/860/657 379/856/630
f 344/857/565 315/861/533 296/855/497
f 269/862/471 254/863/425 296/855/497
f 296/855/497 254/863/425 199/853/349
f 254/863/425 235/864/404 199/853/349
f 177/865/752 223/866/753 178/867/754
f 178/867/754 223/866/753 222/868/755
f 178/867/754 222/868/755 179/869/756
f 179/869/756 222/868/755 221/870/757
f 179/869/756 221/870/757 180/871/758
f 180/871/758 221/870/757 454/872/759
f 180/871/758 454/872/759 181/873/760
f 181/873/760 454/872/759 455/874/761
f 181/873/760 455/874/761 182/875/762
f 182/875/762 455/874/761 456/876/763
f 182/875/762 456/876/763 183/877/764
f 183/877/764 456/876/763 457/878/765
f 183/877/764 457/878/765 152/879/242
f 152/879/242 457/878/765 209/880/766
f 152/879/242 209/880/766 208/881/767
f 221/870/757 220/882/768 454/872/759
f 454/872/759 220/882/768 455/874/761
f 220/882/768 219/883/769 455/874/761
f 455/874/761 219/883/769 218/884/770
f 455/874/761 218/884/770 456/876/763
f 456/876/763 218/884/770 217/885/771
f 456/876/763 217/885/771 216/886/772
f 456/876/763 216/886/772 457/878/765
f 457/878/765 216/886/772 215/887/773
f 457/878/765 215/887/773 214/888/774
f 214/888/774 213/889/775 457/878/765
f 457/878/765 213/889/775 212/890/776
f 457/878/765 212/890/776 211/891/777
f 211/891/777 210/892/778 457/878/765
f 457/878/765 210/892/778 209/880/766
f 208/881/767 207/893/779 152/879/242
f 152/879/242 207/893/779 206/894/780
f 152/879/242 206/894/780 150/895/241
g Body41

v 0.831994 3.836231 6.318795
v 0.831994 3.857343 6.296798
v 0.833052 3.857641 6.296847
v 0.834075 3.858082 6.296920
v 0.835962 3.859365 6.297133
v 0.837557 3.861125 6.297425
v 0.838777 3.863272 6.297780
v 0.839589 3.863334 6.300813
v 0.839865 3.863400 6.304033
v 0.839865 3.861273 6.306249
v 0.839291 3.852576 6.310606
v 0.837637 3.844928 6.314438
v 0.836463 3.841794 6.316008
v 0.835103 3.839251 6.317282
v 0.833598 3.837378 6.318220
v 0.832806 3.836711 6.318555
v 0.839865 3.865100 6.305776
v 0.839863 3.865401 6.305953
v 0.839235 3.869756 6.308634
v 0.838522 3.871637 6.309883
v 0.837568 3.873246 6.311020
v 0.836402 3.874534 6.312014
v 0.835057 3.875464 6.312834
v 0.834330 3.875786 6.313171
v 0.833573 3.876008 6.313456
v 0.832793 3.876130 6.313687
v 0.831994 3.876151 6.313862
v 0.839752 3.864060 6.292469
v 0.838855 3.855174 6.280052
v 0.838093 3.851167 6.274452
v 0.837144 3.847581 6.269442
v 0.836031 3.844503 6.265141
v 0.834781 3.842007 6.261654
v 0.833425 3.840154 6.259063
v 0.832717 3.839482 6.258125
v 0.831994 3.838986 6.257432
v 0.831994 3.862655 6.280148
v 0.832630 3.862879 6.280550
v 0.833255 3.863176 6.281080
v 0.834462 3.863978 6.282517
v 0.836624 3.866362 6.286785
v 0.838321 3.869629 6.292637
v 0.839427 3.873539 6.299638
v 0.755794 3.800361 6.336766
v 0.755794 3.841276 6.294134
v 0.755794 3.873282 6.327755
v 0.838416 3.861281 6.294998
v 0.837190 3.871963 6.303077
v 0.836461 3.876591 6.306577
v 0.835665 3.880675 6.309666
v 0.834811 3.884171 6.312309
v 0.833908 3.887039 6.314478
v 0.832965 3.889249 6.316150
v 0.831994 3.890776 6.317304
v 0.831994 3.904506 6.330482
v 0.833598 3.902034 6.328705
v 0.835103 3.898608 6.326390
v 0.836463 3.894331 6.323605
v 0.837637 3.889334 6.320436
v 0.839291 3.877801 6.313338
v 0.839865 3.865401 6.305953
v 0.837637 3.882137 6.313529
v 0.838852 3.880857 6.314862
v 0.836028 3.883188 6.312434
v 0.839022 3.862158 6.294200
v 0.839470 3.863090 6.293352
v 0.839670 3.874366 6.299039
v 0.839816 3.875211 6.298427
v 0.839865 3.876065 6.297809
v 0.839865 3.900450 6.312102
v 0.839291 3.907820 6.320197
v 0.837637 3.914300 6.327316
v 0.836463 3.916956 6.330234
v 0.835103 3.919110 6.332600
v 0.833598 3.920698 6.334344
v 0.832806 3.921263 6.334965
v 0.831994 3.921670 6.335412
v 0.837637 3.892028 6.314262
v 0.838852 3.892962 6.312668
v 0.839609 3.894013 6.310875
v 0.836028 3.891261 6.315572
v 0.834113 3.890701 6.316526
v 0.831994 3.905191 6.300073
v 0.839865 3.893974 6.298214
v 0.839721 3.895952 6.298541
v 0.839291 3.897869 6.298859
v 0.838589 3.899669 6.299158
v 0.837637 3.901295 6.299427
v 0.836463 3.902699 6.299660
v 0.835103 3.903838 6.299849
v 0.833598 3.904677 6.299988
v 0.831994 3.934204 6.269842
v 0.839865 3.905235 6.286480
v 0.839291 3.915296 6.280702
v 0.837637 3.924143 6.275621
v 0.836463 3.927769 6.273538
v 0.835103 3.930710 6.271849
v 0.833598 3.932877 6.270605
v 0.832806 3.933649 6.270161
v 0.839865 3.875184 6.293729
v 0.839507 3.872119 6.291804
v 0.838457 3.869285 6.290025
v 0.837231 3.875556 6.286874
v 0.835697 3.880674 6.284303
v 0.833926 3.884411 6.282426
v 0.832975 3.885707 6.281775
v 0.831994 3.886600 6.281326
v 0.838852 3.902426 6.282760
v 0.839609 3.902913 6.284780
v 0.837637 3.901993 6.280964
v 0.836028 3.901637 6.279489
v 0.834113 3.901378 6.278414
v 0.831994 3.911731 6.260399
v 0.839507 3.870791 6.285654
v 0.839865 3.872420 6.280928
v 0.839865 3.881635 6.273254
v 0.839291 3.892087 6.268789
v 0.837637 3.901279 6.264863
v 0.836463 3.905046 6.263254
v 0.835103 3.908101 6.261949
v 0.833598 3.910353 6.260988
v 0.832806 3.911154 6.260645
v 0.839865 3.871023 6.274458
v 0.839838 3.870143 6.273826
v 0.839090 3.874956 6.270223
v 0.837398 3.879125 6.267101
v 0.836251 3.880823 6.265829
v 0.834945 3.882200 6.264798
v 0.833513 3.883219 6.264035
v 0.832762 3.883584 6.263762
v 0.831994 3.883851 6.263562
v 0.831994 3.897126 6.232014
v 0.839865 3.870367 6.271421
v 0.839865 3.879046 6.250795
v 0.839291 3.885325 6.244272
v 0.837637 3.890847 6.238536
v 0.836463 3.893110 6.236186
v 0.835103 3.894945 6.234279
v 0.833598 3.896298 6.232874
v 0.832806 3.896780 6.232374
v 0.839865 3.867115 6.256358
v 0.839852 3.866530 6.256068
v 0.839153 3.867630 6.252130
v 0.838425 3.868134 6.250327
v 0.837470 3.868587 6.248703
v 0.836315 3.868978 6.247305
v 0.834992 3.869294 6.246171
v 0.833538 3.869528 6.245333
v 0.831994 3.869673 6.244816
v 0.755794 3.996035 6.399703
v 0.793487 3.937029 6.352285
v 0.755794 3.942528 6.348350
v 0.755794 3.921258 6.302736
v 0.755794 3.975699 6.246011
v 0.755794 3.939528 6.254737
v 0.755794 3.954841 6.241985
v 0.755794 3.905134 6.247625
v 0.755794 3.923023 6.205113
v 0.755794 3.874432 6.227771
v 0.831994 3.848051 6.212513
v 0.832775 3.848409 6.213356
v 0.833538 3.848901 6.214517
v 0.834992 3.850277 6.217759
v 0.836315 3.852139 6.222148
v 0.837470 3.854435 6.227561
v 0.838425 3.857102 6.233845
v 0.839153 3.860063 6.240824
v 0.839609 3.864628 6.255248
v 0.838852 3.862596 6.255687
v 0.837637 3.860790 6.256077
v 0.836028 3.859307 6.256397
v 0.834113 3.858226 6.256630
v 0.755794 3.840244 6.240016
v 0.755794 3.820060 6.146540
v 0.755794 3.796433 6.197969
v 0.744615 3.934136 6.352550
v 0.744626 3.935131 6.353643
v 0.745010 3.937013 6.352297
v 0.745930 3.938762 6.351045
v 0.747331 3.940278 6.349960
v 0.749132 3.941470 6.349107
v 0.751226 3.942270 6.348535
v 0.753491 3.942629 6.348277
v 0.754763 3.921406 6.302761
v 0.753725 3.921420 6.302763
v 0.751675 3.921043 6.302700
v 0.749742 3.920144 6.302551
v 0.748018 3.918766 6.302323
v 0.746584 3.916975 6.302026
v 0.745508 3.914854 6.301675
v 0.744841 3.912506 6.301285
v 0.744615 3.910041 6.300877
v 0.744910 3.924517 6.326360
v 0.745775 3.926515 6.325428
v 0.747158 3.928258 6.324615
v 0.748973 3.929638 6.323971
v 0.751107 3.930570 6.323537
v 0.753429 3.930995 6.323339
v 0.744615 3.875285 6.318056
v 0.744910 3.874783 6.320486
v 0.745775 3.874313 6.322766
v 0.747158 3.873902 6.324755
v 0.748973 3.873577 6.326329
v 0.751107 3.873357 6.327392
v 0.753429 3.873257 6.327877
v 0.755294 3.996543 6.400087
v 0.755043 3.996729 6.400227
v 0.754791 3.996869 6.400334
v 0.754538 3.996964 6.400405
v 0.754286 3.997013 6.400443
v 0.754033 3.997016 6.400445
v 0.753780 3.996974 6.400413
v 0.753527 3.996886 6.400346
v 0.753275 3.996752 6.400245
v 0.752773 3.996349 6.399940
v 0.751782 3.994999 6.398920
v 0.750817 3.992942 6.397364
v 0.749889 3.990200 6.395290
v 0.749010 3.986803 6.392721
v 0.748188 3.982790 6.389686
v 0.746754 3.973105 6.382361
v 0.745652 3.961578 6.373644
v 0.744932 3.948727 6.363925
v 0.744910 3.916279 6.344808
v 0.745775 3.915164 6.346710
v 0.745775 3.957347 6.371434
v 0.747158 3.914192 6.348369
v 0.747158 3.956374 6.373093
v 0.748973 3.913422 6.349683
v 0.748973 3.955604 6.374407
v 0.751107 3.912902 6.350570
v 0.751107 3.955084 6.375294
v 0.753429 3.912665 6.350975
v 0.753429 3.954847 6.375699
v 0.744615 3.825403 6.324220
v 0.745508 3.814656 6.329604
v 0.746584 3.809923 6.331975
v 0.748018 3.805924 6.333979
v 0.749742 3.802848 6.335520
v 0.750688 3.801703 6.336093
v 0.751675 3.800841 6.336525
v 0.752691 3.800270 6.336811
v 0.753207 3.800097 6.336898
v 0.753725 3.799999 6.336947
v 0.754244 3.799976 6.336959
v 0.754763 3.800029 6.336932
v 0.755281 3.800157 6.336868
v 0.753429 3.838211 6.332208
v 0.751107 3.838154 6.331742
v 0.748973 3.838028 6.330722
v 0.747158 3.837841 6.329211
v 0.745775 3.837605 6.327302
v 0.744910 3.837335 6.325114
v 0.744615 3.852493 6.295994
v 0.744841 3.850028 6.295585
v 0.745508 3.847679 6.295196
v 0.746584 3.845559 6.294844
v 0.748018 3.843768 6.294547
v 0.749742 3.842390 6.294319
v 0.751675 3.841491 6.294170
v 0.753725 3.841114 6.294108
v 0.754763 3.841127 6.294110
v 0.753429 3.822817 6.313197
v 0.751107 3.823156 6.313522
v 0.748973 3.823897 6.314233
v 0.747158 3.824996 6.315288
v 0.745775 3.826384 6.316620
v 0.744910 3.827974 6.318146
v 0.744615 3.826141 6.239483
v 0.744841 3.819612 6.230359
v 0.745508 3.813392 6.221668
v 0.746584 3.807777 6.213821
v 0.748018 3.803033 6.207191
v 0.749742 3.799383 6.202092
v 0.751675 3.797003 6.198765
v 0.752180 3.796621 6.198231
v 0.752691 3.796326 6.197819
v 0.753207 3.796120 6.197532
v 0.753725 3.796004 6.197369
v 0.753985 3.795979 6.197334
v 0.754244 3.795977 6.197331
v 0.754504 3.795997 6.197359
v 0.754763 3.796040 6.197419
v 0.755281 3.796192 6.197632
v 0.753429 3.827923 6.265779
v 0.753429 3.811962 6.231549
v 0.751107 3.828348 6.265580
v 0.751107 3.812387 6.231351
v 0.748973 3.829280 6.265146
v 0.748973 3.813319 6.230917
v 0.747158 3.830660 6.264503
v 0.747158 3.814699 6.230273
v 0.745775 3.832403 6.263690
v 0.745775 3.816442 6.229460
v 0.744910 3.834401 6.262758
v 0.744615 3.855890 6.268033
v 0.745508 3.849176 6.256010
v 0.746584 3.846218 6.250714
v 0.748018 3.843719 6.246240
v 0.749742 3.841798 6.242798
v 0.750688 3.841083 6.241518
v 0.751675 3.840544 6.240553
v 0.752691 3.840187 6.239915
v 0.753207 3.840079 6.239721
v 0.753725 3.840018 6.239611
v 0.754244 3.840003 6.239585
v 0.754763 3.840036 6.239645
v 0.755281 3.840117 6.239788
v 0.744910 3.824263 6.234422
v 0.753429 3.829213 6.229265
v 0.751107 3.828888 6.229604
v 0.748973 3.828176 6.230345
v 0.747158 3.827122 6.231444
v 0.745775 3.825790 6.232832
v 0.744615 3.839602 6.192599
v 0.744841 3.835307 6.182476
v 0.745508 3.831216 6.172833
v 0.746584 3.827522 6.164128
v 0.748018 3.824401 6.156772
v 0.749742 3.822001 6.151114
v 0.750688 3.821108 6.149010
v 0.751675 3.820435 6.147423
v 0.752180 3.820184 6.146831
v 0.752691 3.819990 6.146374
v 0.753207 3.819854 6.146055
v 0.753725 3.819778 6.145874
v 0.753985 3.819762 6.145836
v 0.754244 3.819760 6.145833
v 0.754504 3.819773 6.145864
v 0.754763 3.819801 6.145930
v 0.755281 3.819902 6.146166
v 0.753429 3.837666 6.228634
v 0.753429 3.828726 6.187231
v 0.751107 3.838124 6.228535
v 0.751107 3.829184 6.187132
v 0.748973 3.839129 6.228318
v 0.748973 3.830189 6.186915
v 0.747158 3.840617 6.227997
v 0.747158 3.831677 6.186593
v 0.745775 3.842497 6.227591
v 0.745775 3.833557 6.186188
v 0.744910 3.844653 6.227126
v 0.744910 3.835713 6.185722
v 0.744615 3.871109 6.239671
v 0.744841 3.871840 6.237055
v 0.745508 3.872535 6.234564
v 0.746584 3.873163 6.232315
v 0.748018 3.873694 6.230414
v 0.749742 3.874102 6.228953
v 0.751675 3.874368 6.227999
v 0.752691 3.874444 6.227728
v 0.753725 3.874480 6.227599
v 0.754763 3.874476 6.227613
v 0.753429 3.849371 6.190117
v 0.751107 3.848981 6.190378
v 0.748973 3.848126 6.190950
v 0.747158 3.846861 6.191797
v 0.745775 3.845263 6.192867
v 0.744910 3.843430 6.194093
v 0.744615 3.904943 6.223893
v 0.745508 3.912702 6.215834
v 0.746584 3.916120 6.212284
v 0.748018 3.919007 6.209285
v 0.749742 3.921228 6.206978
v 0.750688 3.922054 6.206120
v 0.751675 3.922677 6.205473
v 0.752691 3.923088 6.205045
v 0.753207 3.923214 6.204915
v 0.753725 3.923285 6.204841
v 0.754244 3.923301 6.204824
v 0.754763 3.923263 6.204864
v 0.755281 3.923170 6.204960
v 0.753429 3.895204 6.217955
v 0.751107 3.895402 6.218380
v 0.748973 3.895836 6.219312
v 0.747158 3.896480 6.220692
v 0.745775 3.897293 6.222435
v 0.744910 3.898225 6.224433
v 0.744615 3.890275 6.258751
v 0.745508 3.896652 6.253977
v 0.746584 3.899461 6.251873
v 0.748018 3.901834 6.250096
v 0.749742 3.903659 6.248730
v 0.750688 3.904338 6.248221
v 0.751675 3.904849 6.247838
v 0.752691 3.905188 6.247585
v 0.753725 3.905349 6.247464
v 0.754763 3.905331 6.247477
v 0.753429 3.911154 6.233625
v 0.751107 3.910721 6.233443
v 0.748973 3.909774 6.233044
v 0.747158 3.908370 6.232453
v 0.745775 3.906598 6.231707
v 0.744910 3.904565 6.230852
v 0.744615 3.924744 6.254840
v 0.745508 3.937660 6.249324
v 0.746584 3.943348 6.246894
v 0.748018 3.948155 6.244841
v 0.749742 3.951852 6.243262
v 0.750688 3.953227 6.242674
v 0.751675 3.954264 6.242232
v 0.752691 3.954949 6.241939
v 0.753207 3.955158 6.241850
v 0.753725 3.955276 6.241799
v 0.754244 3.955303 6.241788
v 0.754763 3.955240 6.241815
v 0.755281 3.955085 6.241881
v 0.753429 3.922255 6.245564
v 0.751107 3.922308 6.246030
v 0.748973 3.922424 6.247051
v 0.747158 3.922596 6.248564
v 0.745775 3.922813 6.250475
v 0.744910 3.923061 6.252666
v 0.744615 3.902577 6.273300
v 0.745508 3.918434 6.265334
v 0.746584 3.925418 6.261825
v 0.748018 3.931320 6.258860
v 0.749742 3.935858 6.256580
v 0.750688 3.937547 6.255732
v 0.751675 3.938819 6.255093
v 0.752180 3.939295 6.254854
v 0.752691 3.939661 6.254670
v 0.753207 3.939917 6.254541
v 0.753725 3.940062 6.254468
v 0.754244 3.940095 6.254451
v 0.754763 3.940017 6.254491
v 0.755281 3.939828 6.254586
v 0.744910 3.927397 6.255690
v 0.745775 3.928808 6.257385
v 0.747158 3.930038 6.258863
v 0.744615 3.946730 6.262649
v 0.745508 3.959161 6.255509
v 0.746584 3.964637 6.252364
v 0.748018 3.969264 6.249707
v 0.749742 3.972822 6.247663
v 0.750688 3.974146 6.246903
v 0.751675 3.975143 6.246330
v 0.752691 3.975803 6.245951
v 0.753207 3.976004 6.245836
v 0.753725 3.976118 6.245771
v 0.754244 3.976144 6.245756
v 0.754763 3.976083 6.245791
v 0.755281 3.975934 6.245876
v 0.748973 3.938601 6.256379
v 0.745775 3.939409 6.259729
v 0.747158 3.938958 6.257859
v 0.744910 3.939926 6.261872
v 0.753429 3.946509 6.276596
v 0.751107 3.946171 6.276271
v 0.748973 3.945429 6.275559
v 0.747158 3.944331 6.274505
v 0.745775 3.942943 6.273173
v 0.744910 3.941352 6.271646
v 0.747331 3.967236 6.375833
v 0.749132 3.968234 6.374793
v 0.751226 3.968903 6.374096
v 0.753491 3.969204 6.373782
vt 0.030653 0.006650 0.000000
vt 0.000164 0.006650 0.000000
vt 0.030147 0.005818 0.000000
vt -0.000007 0.005562 0.000000
vt 0.029444 0.004987 0.000000
vt -0.000260 0.004474 0.000000
vt 0.027470 0.003325 0.000000
vt -0.000995 0.002299 0.000000
vt 0.024791 0.001662 0.000000
vt -0.002003 0.000124 0.000000
vt 0.021487 -0.000000 0.000000
vt -0.003233 -0.002051 0.000000
vt 0.013427 -0.003325 0.000000
vt -0.001088 -0.004350 0.000000
vt 0.004261 -0.006650 0.000000
vt 0.001189 -0.006650 0.000000
vt -0.013083 -0.006650 0.000000
vt -0.012805 -0.006437 0.000000
vt -0.016938 -0.006650 0.000000
vt -0.026104 -0.003325 0.000000
vt -0.008812 -0.003165 0.000000
vt -0.007098 -0.001529 0.000000
vt -0.034164 -0.000000 0.000000
vt -0.005641 0.000106 0.000000
vt -0.037467 0.001662 0.000000
vt -0.004484 0.001742 0.000000
vt -0.040147 0.003325 0.000000
vt -0.003662 0.003378 0.000000
vt -0.003384 0.004196 0.000000
vt -0.042121 0.004987 0.000000
vt -0.003198 0.005014 0.000000
vt -0.042824 0.005818 0.000000
vt -0.003105 0.005832 0.000000
vt -0.043330 0.006650 0.000000
vt -0.003106 0.006650 0.000000
vt -0.017246 -0.005181 0.000000
vt -0.002237 -0.002223 0.000000
vt -0.029050 -0.003750 0.000000
vt -0.021381 -0.001150 0.000000
vt 0.004531 -0.000744 0.000000
vt 0.010588 0.000735 0.000000
vt -0.014971 0.001450 0.000000
vt 0.015786 0.002213 0.000000
vt -0.010296 0.004050 0.000000
vt 0.020002 0.003692 0.000000
vt 0.023133 0.005171 0.000000
vt -0.008723 0.005350 0.000000
vt 0.024267 0.005910 0.000000
vt -0.008141 0.006000 0.000000
vt -0.007701 0.006650 0.000000
vt 0.025105 0.006650 0.000000
vt -0.026585 0.007992 0.000000
vt 0.003905 0.007992 0.000000
vt -0.017381 0.085368 0.000000
vt 0.041708 0.085368 0.000000
vt -0.000470 0.007992 0.000000
vt -0.005021 0.085368 0.000000
vt -0.040694 0.007992 0.000000
vt -0.078497 0.085368 0.000000
vt 0.012820 -0.001326 0.000000
vt -0.015058 -0.002217 0.000000
vt 0.009457 -0.002051 0.000000
vt -0.011798 -0.003325 0.000000
vt 0.007312 -0.004350 0.000000
vt 0.002262 -0.006650 0.000000
vt 0.005035 -0.006650 0.000000
vt -0.015058 -0.000000 0.000000
vt -0.000480 0.000668 0.000000
vt -0.006243 0.001665 0.000000
vt -0.015058 0.002217 0.000000
vt -0.011329 0.002662 0.000000
vt -0.015681 0.003659 0.000000
vt -0.035847 0.003325 0.000000
vt -0.019252 0.004656 0.000000
vt -0.039922 0.004987 0.000000
vt -0.022004 0.005653 0.000000
vt -0.042936 0.006650 0.000000
vt -0.023905 0.006650 0.000000
vt -0.030833 0.001662 0.000000
vt -0.025033 -0.000000 0.000000
vt -0.036684 -0.002611 0.000000
vt -0.000769 -0.002217 0.000000
vt -0.037037 -0.001326 0.000000
vt -0.000769 -0.000000 0.000000
vt -0.023736 0.000668 0.000000
vt -0.017973 0.001665 0.000000
vt -0.000769 0.002217 0.000000
vt -0.012888 0.002662 0.000000
vt -0.008535 0.003659 0.000000
vt 0.031868 0.003325 0.000000
vt -0.000769 0.004433 0.000000
vt 0.034120 0.004987 0.000000
vt -0.002213 0.005653 0.000000
vt 0.034921 0.005818 0.000000
vt -0.000311 0.006650 0.000000
vt 0.035498 0.006650 0.000000
vt -0.024115 -0.003750 0.000000
vt -0.036309 -0.003896 0.000000
vt -0.035918 -0.005181 0.000000
vt -0.000769 -0.004433 0.000000
vt -0.023704 -0.004717 0.000000
vt -0.023285 -0.005683 0.000000
vt -0.022861 -0.006650 0.000000
vt 0.005404 -0.006650 0.000000
vt 0.015856 -0.003325 0.000000
vt 0.025047 -0.000000 0.000000
vt 0.028813 0.001662 0.000000
vt -0.004964 0.004656 0.000000
vt -0.054859 0.006650 0.000000
vt -0.054282 0.005818 0.000000
vt -0.015867 0.006650 0.000000
vt -0.015573 0.004987 0.000000
vt -0.053481 0.004987 0.000000
vt -0.051230 0.003325 0.000000
vt -0.015092 0.003325 0.000000
vt -0.048174 0.001662 0.000000
vt -0.014440 0.001662 0.000000
vt -0.044408 0.000000 0.000000
vt -0.013635 -0.000000 0.000000
vt -0.012704 -0.001662 0.000000
vt -0.035217 -0.003325 0.000000
vt -0.011673 -0.003325 0.000000
vt -0.010574 -0.004987 0.000000
vt -0.024765 -0.006650 0.000000
vt -0.009441 -0.006650 0.000000
vt 0.025250 0.006650 0.000000
vt -0.016650 0.006650 0.000000
vt 0.024636 0.005818 0.000000
vt -0.016944 0.004987 0.000000
vt 0.023781 0.004987 0.000000
vt 0.021383 0.003325 0.000000
vt -0.017425 0.003325 0.000000
vt 0.018128 0.001662 0.000000
vt -0.018077 0.001662 0.000000
vt 0.014115 0.000000 0.000000
vt -0.018882 0.000000 0.000000
vt -0.019813 -0.001662 0.000000
vt 0.004323 -0.003325 0.000000
vt -0.020844 -0.003325 0.000000
vt -0.021943 -0.004987 0.000000
vt -0.023076 -0.006650 0.000000
vt -0.006813 -0.006650 0.000000
vt -0.023971 -0.006650 0.000000
vt 0.006942 -0.006650 0.000000
vt -0.022113 -0.004433 0.000000
vt 0.009470 -0.004027 0.000000
vt -0.022113 -0.002217 0.000000
vt 0.011808 -0.001404 0.000000
vt -0.022113 -0.000000 0.000000
vt 0.004973 0.000609 0.000000
vt -0.022113 0.002217 0.000000
vt -0.000606 0.002623 0.000000
vt -0.022113 0.004433 0.000000
vt -0.004678 0.004636 0.000000
vt -0.006091 0.005643 0.000000
vt -0.055419 0.005818 0.000000
vt -0.007065 0.006650 0.000000
vt -0.056034 0.006650 0.000000
vt -0.054565 0.004987 0.000000
vt -0.052167 0.003325 0.000000
vt -0.048912 0.001662 0.000000
vt -0.044899 -0.000000 0.000000
vt -0.035106 -0.003325 0.000000
vt 0.021363 0.006650 0.000000
vt -0.011340 0.006650 0.000000
vt 0.020762 0.005818 0.000000
vt -0.012314 0.005643 0.000000
vt 0.019927 0.004987 0.000000
vt -0.013726 0.004636 0.000000
vt 0.017582 0.003325 0.000000
vt -0.017799 0.002623 0.000000
vt 0.014399 0.001662 0.000000
vt -0.023377 0.000609 0.000000
vt 0.010474 0.000000 0.000000
vt -0.030213 -0.001404 0.000000
vt 0.000899 -0.003325 0.000000
vt -0.026259 -0.004027 0.000000
vt -0.009990 -0.006650 0.000000
vt -0.021982 -0.006650 0.000000
vt 0.008828 -0.006650 0.000000
vt 0.009631 -0.005922 0.000000
vt -0.001852 -0.006650 0.000000
vt -0.012741 -0.003325 0.000000
vt 0.004443 -0.002779 0.000000
vt -0.022317 -0.000000 0.000000
vt -0.000051 0.000364 0.000000
vt -0.026241 0.001662 0.000000
vt -0.001882 0.001935 0.000000
vt -0.029424 0.003325 0.000000
vt -0.003367 0.003507 0.000000
vt -0.031769 0.004987 0.000000
vt -0.004465 0.005078 0.000000
vt -0.032605 0.005818 0.000000
vt -0.004859 0.005864 0.000000
vt -0.033206 0.006650 0.000000
vt -0.005146 0.006650 0.000000
vt 0.027218 0.006650 0.000000
vt -0.007010 0.006650 0.000000
vt 0.026751 0.005818 0.000000
vt -0.007297 0.005864 0.000000
vt -0.007691 0.005078 0.000000
vt 0.026103 0.004987 0.000000
vt -0.008789 0.003507 0.000000
vt 0.024284 0.003325 0.000000
vt -0.010274 0.001935 0.000000
vt 0.021815 0.001662 0.000000
vt -0.012105 0.000364 0.000000
vt 0.018770 0.000000 0.000000
vt -0.016599 -0.002779 0.000000
vt 0.011342 -0.003325 0.000000
vt -0.021787 -0.005922 0.000000
vt 0.002895 -0.006650 0.000000
vt -0.019483 -0.006650 0.000000
vt 0.002990 -0.006650 0.000000
vt 0.003397 -0.006140 0.000000
vt -0.010175 -0.006650 0.000000
vt -0.018623 -0.003325 0.000000
vt 0.000735 -0.002942 0.000000
vt -0.000483 -0.001344 0.000000
vt -0.026051 -0.000000 0.000000
vt -0.001580 0.000255 0.000000
vt -0.029095 0.001662 0.000000
vt -0.002525 0.001854 0.000000
vt -0.031565 0.003325 0.000000
vt -0.003291 0.003452 0.000000
vt -0.033384 0.004987 0.000000
vt -0.003857 0.005051 0.000000
vt -0.034032 0.005818 0.000000
vt -0.004207 0.006650 0.000000
vt -0.034498 0.006650 0.000000
vt -0.019936 0.000583 0.000000
vt -0.029255 0.000640 0.000000
vt -0.034368 -0.000000 0.000000
vt -0.034368 0.000002 0.000000
vt -0.034717 -0.000000 0.000000
vt -0.006397 0.002263 0.000000
vt -0.022207 0.004883 0.000000
vt -0.023424 0.003517 0.000000
vt -0.025038 0.002333 0.000000
vt -0.000483 0.003455 0.000000
vt -0.021094 0.007992 0.000000
vt -0.021201 0.007182 0.000000
vt -0.021423 0.006389 0.000000
vt 0.004615 0.004836 0.000000
vt 0.008742 0.006364 0.000000
vt 0.011772 0.007992 0.000000
vt 0.125740 0.085368 0.000000
vt -0.016544 0.085368 0.000000
vt -0.021759 0.005621 0.000000
vt -0.027001 0.001364 0.000000
vt -0.011772 0.007992 0.000000
vt -0.069365 0.047094 0.000000
vt -0.030803 0.007992 0.000000
vt -0.144770 0.085368 0.000000
vt -0.070607 0.085368 0.000000
vt -0.031357 0.007992 0.000000
vt 0.004453 0.007992 0.000000
vt 0.026236 0.047094 0.000000
vt -0.000951 0.007992 0.000000
vt -0.010155 0.085368 0.000000
vt -0.039943 0.007992 0.000000
vt -0.061726 0.047094 0.000000
vt -0.060484 0.085368 0.000000
vt -0.037156 0.007992 0.000000
vt 0.004744 0.007992 0.000000
vt -0.027953 0.085368 0.000000
vt 0.050670 0.085368 0.000000
vt -0.005959 0.007992 0.000000
vt -0.063645 0.085368 0.000000
vt -0.054928 0.007992 0.000000
vt -0.100854 0.085368 0.000000
vt -0.028064 0.007992 0.000000
vt 0.004639 0.007992 0.000000
vt 0.029622 0.085368 0.000000
vt 0.049549 0.085368 0.000000
vt -0.002370 0.007992 0.000000
vt -0.025315 0.085368 0.000000
vt -0.030429 0.007992 0.000000
vt -0.075340 0.085368 0.000000
vt -0.030629 0.007992 0.000000
vt 0.003599 0.007992 0.000000
vt -0.007684 0.085368 0.000000
vt 0.038438 0.085368 0.000000
vt 0.024927 0.013192 0.000000
vt 0.009902 -0.003391 0.000000
vt 0.024927 0.000027 0.000000
vt 0.003478 0.006047 0.000000
vt 0.000418 -0.005548 0.000000
vt 0.006872 -0.004080 0.000000
vt -0.039682 0.006681 0.000000
vt -0.016423 -0.009379 0.000000
vt -0.024357 0.006681 0.000000
vt -0.012352 -0.008453 0.000000
vt -0.018482 0.021846 0.000000
vt -0.017820 -0.026351 0.000000
vt -0.016711 -0.023487 0.000000
vt -0.019009 -0.022684 0.000000
vt -0.019297 -0.022485 0.000000
vt -0.001190 0.007992 0.000000
vt -0.012707 0.085368 0.000000
vt -0.031481 0.007992 0.000000
vt -0.066321 0.085368 0.000000
vt -0.016824 0.006650 0.000000
vt -0.017248 0.005683 0.000000
vt -0.012650 0.006650 0.000000
vt -0.010121 0.004027 0.000000
vt -0.017667 0.004717 0.000000
vt -0.018078 0.003750 0.000000
vt -0.007783 0.001404 0.000000
vt -0.010409 0.001150 0.000000
vt 0.027193 -0.000000 0.000000
vt -0.004000 -0.001450 0.000000
vt 0.027193 -0.002217 0.000000
vt 0.000675 -0.004050 0.000000
vt 0.027193 -0.004433 0.000000
vt 0.002249 -0.005350 0.000000
vt 0.071564 -0.005850 0.000000
vt 0.002830 -0.006000 0.000000
vt 0.072463 -0.006650 0.000000
vt 0.003270 -0.006650 0.000000
vt 0.070325 -0.005051 0.000000
vt 0.066866 -0.003452 0.000000
vt 0.062183 -0.001854 0.000000
vt 0.056407 -0.000255 0.000000
vt 0.049702 0.001344 0.000000
vt 0.027193 0.002217 0.000000
vt 0.042255 0.002942 0.000000
vt -0.003829 0.004027 0.000000
vt 0.027193 0.004433 0.000000
vt 0.007869 0.005922 0.000000
vt 0.025989 0.006140 0.000000
vt 0.010173 0.006650 0.000000
vt 0.025582 0.006650 0.000000
vt 0.007066 0.006650 0.000000
vt 0.000447 0.006650 0.000000
vt -0.007003 -0.006140 0.000000
vt 0.009263 -0.002942 0.000000
vt -0.004342 -0.002942 0.000000
vt -0.003124 -0.001344 0.000000
vt 0.016709 -0.001344 0.000000
vt -0.002027 0.000255 0.000000
vt 0.023415 0.000255 0.000000
vt -0.001082 0.001854 0.000000
vt 0.029190 0.001854 0.000000
vt -0.000316 0.003452 0.000000
vt 0.033873 0.003452 0.000000
vt 0.000250 0.005051 0.000000
vt 0.037332 0.005051 0.000000
vt 0.038571 0.005850 0.000000
vt 0.039471 0.006650 0.000000
vt 0.000600 0.006650 0.000000
vt -0.004541 0.007992 0.000000
vt -0.048498 0.085368 0.000000
vt -0.073733 0.007992 0.000000
vt -0.144128 0.085368 0.000000
vt -0.025381 0.007992 0.000000
vt 0.007424 0.007992 0.000000
vt 0.018577 0.085368 0.000000
vt 0.079300 0.085368 0.000000
vt -0.040114 0.006650 0.000000
vt -0.039277 0.005910 0.000000
vt 0.003321 0.006650 0.000000
vt 0.003492 0.005562 0.000000
vt -0.038142 0.005171 0.000000
vt 0.003745 0.004474 0.000000
vt -0.035011 0.003692 0.000000
vt 0.004480 0.002299 0.000000
vt -0.030795 0.002213 0.000000
vt -0.025597 0.000735 0.000000
vt 0.005488 0.000124 0.000000
vt -0.019541 -0.000744 0.000000
vt 0.003355 -0.001326 0.000000
vt -0.012772 -0.002223 0.000000
vt 0.003002 -0.002611 0.000000
vt 0.002627 -0.003896 0.000000
vt 0.002237 -0.005181 0.000000
vt 0.006718 -0.002051 0.000000
vt -0.000951 0.007992 0.000000
vt -0.010155 0.085368 0.000000
vt -0.044386 0.007992 0.000000
vt -0.116261 0.085368 0.000000
vt -0.077071 0.007872 0.000000
vt -0.047858 0.005937 0.000000
vt -0.075660 0.008312 0.000000
vt -0.020057 0.006234 0.000000
vt -0.018645 0.008312 0.000000
vt -0.076646 0.005560 0.000000
vt -0.047858 0.003562 0.000000
vt -0.021403 0.004156 0.000000
vt -0.022617 0.002078 0.000000
vt -0.047858 0.001187 0.000000
vt -0.023643 0.000000 0.000000
vt -0.047858 -0.001187 0.000000
vt -0.024433 -0.002078 0.000000
vt -0.047858 -0.003562 0.000000
vt -0.024948 -0.004156 0.000000
vt -0.047858 -0.005937 0.000000
vt -0.025164 -0.006234 0.000000
vt -0.025156 -0.007273 0.000000
vt -0.075377 -0.006000 0.000000
vt -0.075400 -0.008312 0.000000
vt -0.076251 0.003248 0.000000
vt -0.075909 0.000936 0.000000
vt -0.075639 -0.001376 0.000000
vt -0.075459 -0.003688 0.000000
vt -0.025071 -0.008312 0.000000
vt 0.067230 0.008312 0.000000
vt -0.000985 0.008312 0.000000
vt 0.068641 0.007872 0.000000
vt 0.047909 0.005937 0.000000
vt 0.085570 0.005849 0.000000
vt 0.047909 0.003562 0.000000
vt 0.096803 0.003562 0.000000
vt 0.096803 0.001187 0.000000
vt 0.115923 0.001803 0.000000
vt 0.127984 -0.000220 0.000000
vt 0.096803 -0.001187 0.000000
vt 0.132980 -0.001232 0.000000
vt 0.137209 -0.002243 0.000000
vt 0.096803 -0.003562 0.000000
vt 0.140624 -0.003255 0.000000
vt 0.143186 -0.004266 0.000000
vt 0.096803 -0.005937 0.000000
vt 0.144866 -0.005278 0.000000
vt 0.145368 -0.005783 0.000000
vt 0.145535 -0.006036 0.000000
vt 0.145645 -0.006289 0.000000
vt 0.145697 -0.006542 0.000000
vt 0.145693 -0.006795 0.000000
vt 0.145632 -0.007048 0.000000
vt 0.144475 -0.008312 0.000000
vt 0.145514 -0.007301 0.000000
vt 0.145339 -0.007553 0.000000
vt 0.145107 -0.007806 0.000000
vt -0.000189 0.005937 0.000000
vt 0.000557 0.003562 0.000000
vt 0.001209 0.001187 0.000000
vt 0.047909 0.001187 0.000000
vt 0.001724 -0.001187 0.000000
vt 0.047909 -0.001187 0.000000
vt 0.002072 -0.003562 0.000000
vt 0.047909 -0.003562 0.000000
vt 0.002231 -0.005937 0.000000
vt 0.047909 -0.005937 0.000000
vt 0.002191 -0.008312 0.000000
vt 0.101570 0.003826 0.000000
vt -0.081133 -0.008312 0.000000
vt -0.007657 -0.008312 0.000000
vt -0.081348 -0.007793 0.000000
vt -0.081483 -0.007273 0.000000
vt -0.043009 -0.005937 0.000000
vt -0.081539 -0.006754 0.000000
vt -0.081515 -0.006234 0.000000
vt -0.081411 -0.005715 0.000000
vt -0.081229 -0.005195 0.000000
vt -0.043009 -0.003562 0.000000
vt -0.080627 -0.004156 0.000000
vt -0.079718 -0.003117 0.000000
vt -0.078513 -0.002078 0.000000
vt -0.043009 -0.001187 0.000000
vt -0.075271 0.000000 0.000000
vt -0.043009 0.001187 0.000000
vt -0.071056 0.002078 0.000000
vt -0.043009 0.003562 0.000000
vt -0.066067 0.004156 0.000000
vt -0.043009 0.005937 0.000000
vt -0.054741 0.008312 0.000000
vt -0.004480 0.008312 0.000000
vt -0.005276 0.005937 0.000000
vt -0.006023 0.003562 0.000000
vt -0.006674 0.001187 0.000000
vt -0.007190 -0.001187 0.000000
vt -0.007538 -0.003562 0.000000
vt -0.007697 -0.005937 0.000000
vt 0.009368 -0.008312 0.000000
vt 0.068457 -0.008312 0.000000
vt 0.009453 -0.007273 0.000000
vt 0.035902 -0.005937 0.000000
vt 0.009461 -0.006234 0.000000
vt 0.009244 -0.004156 0.000000
vt 0.035902 -0.003562 0.000000
vt 0.008730 -0.002078 0.000000
vt 0.035902 -0.001187 0.000000
vt 0.007940 -0.000000 0.000000
vt 0.035902 0.001187 0.000000
vt 0.006914 0.002078 0.000000
vt 0.035902 0.003562 0.000000
vt 0.005700 0.004156 0.000000
vt 0.035902 0.005937 0.000000
vt 0.004354 0.006234 0.000000
vt 0.042065 0.008312 0.000000
vt 0.002942 0.008312 0.000000
vt 0.068671 -0.007793 0.000000
vt 0.068806 -0.007273 0.000000
vt 0.068862 -0.006754 0.000000
vt 0.068838 -0.006234 0.000000
vt 0.068735 -0.005715 0.000000
vt 0.068552 -0.005195 0.000000
vt 0.067951 -0.004156 0.000000
vt 0.067042 -0.003117 0.000000
vt 0.065836 -0.002078 0.000000
vt 0.062594 -0.000000 0.000000
vt 0.058379 0.002078 0.000000
vt 0.053390 0.004156 0.000000
vt -0.111989 -0.008312 0.000000
vt -0.005883 -0.008312 0.000000
vt -0.112397 -0.007793 0.000000
vt -0.005968 -0.007273 0.000000
vt -0.112654 -0.007273 0.000000
vt -0.112726 -0.007013 0.000000
vt -0.112760 -0.006754 0.000000
vt -0.112756 -0.006494 0.000000
vt -0.074992 -0.005937 0.000000
vt -0.112715 -0.006234 0.000000
vt -0.112518 -0.005715 0.000000
vt -0.112170 -0.005195 0.000000
vt -0.111673 -0.004676 0.000000
vt -0.074992 -0.003562 0.000000
vt -0.111027 -0.004156 0.000000
vt -0.107006 -0.002078 0.000000
vt -0.074992 -0.001187 0.000000
vt -0.100843 0.000000 0.000000
vt -0.074992 0.001187 0.000000
vt -0.092828 0.002078 0.000000
vt -0.074992 0.003562 0.000000
vt -0.083344 0.004156 0.000000
vt -0.037225 0.003562 0.000000
vt -0.037225 0.005937 0.000000
vt -0.002214 0.004156 0.000000
vt -0.000869 0.006234 0.000000
vt -0.037225 -0.005937 0.000000
vt -0.005975 -0.006234 0.000000
vt -0.005759 -0.004156 0.000000
vt -0.037225 -0.003562 0.000000
vt -0.005244 -0.002078 0.000000
vt -0.037225 -0.001187 0.000000
vt -0.004455 0.000000 0.000000
vt -0.037225 0.001187 0.000000
vt -0.003429 0.002078 0.000000
vt 0.000543 0.008312 0.000000
vt -0.061810 0.008312 0.000000
vt -0.072838 0.006234 0.000000
vt 0.036257 -0.008312 0.000000
vt 0.096980 -0.008312 0.000000
vt 0.036506 -0.007793 0.000000
vt 0.097388 -0.007793 0.000000
vt 0.036663 -0.007273 0.000000
vt 0.097645 -0.007273 0.000000
vt 0.097717 -0.007013 0.000000
vt 0.051659 -0.005937 0.000000
vt 0.097751 -0.006754 0.000000
vt 0.097747 -0.006494 0.000000
vt 0.097705 -0.006234 0.000000
vt 0.097509 -0.005715 0.000000
vt 0.097161 -0.005195 0.000000
vt 0.096663 -0.004676 0.000000
vt 0.051659 -0.003562 0.000000
vt 0.036368 -0.005195 0.000000
vt 0.035668 -0.004156 0.000000
vt 0.034611 -0.003117 0.000000
vt 0.033209 -0.002078 0.000000
vt 0.051659 -0.001187 0.000000
vt 0.029440 -0.000000 0.000000
vt 0.051659 0.001187 0.000000
vt 0.024538 0.002078 0.000000
vt 0.051659 0.003562 0.000000
vt 0.018738 0.004156 0.000000
vt 0.051659 0.005937 0.000000
vt 0.005568 0.008312 0.000000
vt 0.046801 0.008312 0.000000
vt 0.057829 0.006234 0.000000
vt 0.068335 0.004156 0.000000
vt 0.077819 0.002078 0.000000
vt 0.085833 -0.000000 0.000000
vt 0.091997 -0.002078 0.000000
vt 0.096018 -0.004156 0.000000
vt 0.036580 -0.005715 0.000000
vt 0.036701 -0.006234 0.000000
vt 0.036728 -0.006754 0.000000
vt -0.047228 -0.008312 0.000000
vt -0.047478 -0.007793 0.000000
vt -0.142858 -0.008312 0.000000
vt -0.143257 -0.007793 0.000000
vt -0.047635 -0.007273 0.000000
vt -0.143509 -0.007273 0.000000
vt -0.143580 -0.007013 0.000000
vt -0.047700 -0.006754 0.000000
vt -0.143613 -0.006754 0.000000
vt -0.143609 -0.006494 0.000000
vt -0.143569 -0.006234 0.000000
vt -0.101255 -0.005937 0.000000
vt -0.143376 -0.005715 0.000000
vt -0.143035 -0.005195 0.000000
vt -0.142548 -0.004676 0.000000
vt -0.101255 -0.003562 0.000000
vt -0.141916 -0.004156 0.000000
vt -0.140223 -0.003117 0.000000
vt -0.137978 -0.002078 0.000000
vt -0.101255 -0.001187 0.000000
vt -0.131941 0.000000 0.000000
vt -0.101255 0.001187 0.000000
vt -0.124092 0.002078 0.000000
vt -0.101255 0.003562 0.000000
vt -0.114803 0.004156 0.000000
vt -0.101255 0.005937 0.000000
vt -0.104514 0.006234 0.000000
vt -0.058897 0.005937 0.000000
vt -0.093713 0.008312 0.000000
vt -0.016540 0.008312 0.000000
vt -0.029709 0.004156 0.000000
vt -0.058897 0.003562 0.000000
vt -0.035510 0.002078 0.000000
vt -0.058897 0.001187 0.000000
vt -0.040411 0.000000 0.000000
vt -0.058897 -0.001187 0.000000
vt -0.044181 -0.002078 0.000000
vt -0.058897 -0.003562 0.000000
vt -0.045583 -0.003117 0.000000
vt -0.046640 -0.004156 0.000000
vt -0.047339 -0.005195 0.000000
vt -0.058897 -0.005937 0.000000
vt -0.047552 -0.005715 0.000000
vt -0.047672 -0.006234 0.000000
vt 0.012117 -0.008312 0.000000
vt 0.109865 -0.008312 0.000000
vt 0.012223 -0.007273 0.000000
vt 0.057348 -0.005937 0.000000
vt 0.012233 -0.006234 0.000000
vt 0.012146 -0.005195 0.000000
vt 0.057348 -0.003562 0.000000
vt 0.011963 -0.004156 0.000000
vt 0.011318 -0.002078 0.000000
vt 0.057348 -0.001187 0.000000
vt 0.010331 0.000000 0.000000
vt 0.057348 0.001187 0.000000
vt 0.009047 0.002078 0.000000
vt 0.057348 0.003562 0.000000
vt 0.007527 0.004156 0.000000
vt 0.057348 0.005937 0.000000
vt 0.005844 0.006234 0.000000
vt 0.004077 0.008312 0.000000
vt 0.071521 0.006234 0.000000
vt 0.060720 0.008312 0.000000
vt 0.110265 -0.007793 0.000000
vt 0.110517 -0.007273 0.000000
vt 0.110587 -0.007013 0.000000
vt 0.110620 -0.006754 0.000000
vt 0.110617 -0.006494 0.000000
vt 0.110576 -0.006234 0.000000
vt 0.110383 -0.005715 0.000000
vt 0.110043 -0.005195 0.000000
vt 0.109555 -0.004676 0.000000
vt 0.108923 -0.004156 0.000000
vt 0.107230 -0.003117 0.000000
vt 0.104985 -0.002078 0.000000
vt 0.098948 -0.000000 0.000000
vt 0.091099 0.002078 0.000000
vt 0.081810 0.004156 0.000000
vt -0.069338 -0.008312 0.000000
vt -0.015724 -0.008312 0.000000
vt -0.069536 -0.007793 0.000000
vt -0.015830 -0.007273 0.000000
vt -0.069660 -0.007273 0.000000
vt -0.069712 -0.006754 0.000000
vt -0.038697 -0.005937 0.000000
vt -0.069690 -0.006234 0.000000
vt -0.069594 -0.005715 0.000000
vt -0.069426 -0.005195 0.000000
vt -0.038697 -0.003562 0.000000
vt -0.068872 -0.004156 0.000000
vt -0.068034 -0.003117 0.000000
vt -0.066922 -0.002078 0.000000
vt -0.038697 -0.001187 0.000000
vt -0.063935 0.000000 0.000000
vt -0.038697 0.001187 0.000000
vt -0.060050 0.002078 0.000000
vt -0.038697 0.003562 0.000000
vt -0.055453 0.004156 0.000000
vt -0.038697 0.005937 0.000000
vt -0.045015 0.008312 0.000000
vt -0.009450 0.006234 0.000000
vt -0.007683 0.008312 0.000000
vt -0.015840 -0.006234 0.000000
vt -0.015753 -0.005195 0.000000
vt -0.015569 -0.004156 0.000000
vt -0.014925 -0.002078 0.000000
vt -0.013938 0.000000 0.000000
vt -0.012653 0.002078 0.000000
vt -0.011134 0.004156 0.000000
vt 0.062057 -0.008312 0.000000
vt 0.062255 -0.007793 0.000000
vt 0.015935 -0.008312 0.000000
vt 0.016147 -0.007273 0.000000
vt 0.062380 -0.007273 0.000000
vt 0.031174 -0.005937 0.000000
vt 0.062431 -0.006754 0.000000
vt 0.062409 -0.006234 0.000000
vt 0.062314 -0.005715 0.000000
vt 0.062145 -0.005195 0.000000
vt 0.031174 -0.003562 0.000000
vt 0.061591 -0.004156 0.000000
vt 0.060753 -0.003117 0.000000
vt 0.059642 -0.002078 0.000000
vt 0.031174 -0.001187 0.000000
vt 0.014344 -0.002078 0.000000
vt 0.012376 -0.000000 0.000000
vt 0.031174 0.001187 0.000000
vt 0.009818 0.002078 0.000000
vt 0.031174 0.003562 0.000000
vt 0.006790 0.004156 0.000000
vt 0.031174 0.005937 0.000000
vt -0.000084 0.008312 0.000000
vt 0.037734 0.008312 0.000000
vt 0.048172 0.004156 0.000000
vt 0.052770 0.002078 0.000000
vt 0.056654 -0.000000 0.000000
vt 0.015076 -0.003117 0.000000
vt 0.015628 -0.004156 0.000000
vt 0.015992 -0.005195 0.000000
vt 0.016166 -0.006234 0.000000
vt -0.078116 -0.008312 0.000000
vt -0.028091 -0.008312 0.000000
vt -0.078371 -0.007793 0.000000
vt -0.028303 -0.007273 0.000000
vt -0.078532 -0.007273 0.000000
vt -0.078598 -0.006754 0.000000
vt -0.045335 -0.005937 0.000000
vt -0.078569 -0.006234 0.000000
vt -0.078446 -0.005715 0.000000
vt -0.078229 -0.005195 0.000000
vt -0.077515 -0.004156 0.000000
vt -0.045335 -0.003562 0.000000
vt -0.076435 -0.003117 0.000000
vt -0.075002 -0.002078 0.000000
vt -0.045335 -0.001187 0.000000
vt -0.071151 -0.000000 0.000000
vt -0.045335 0.001187 0.000000
vt -0.066144 0.002078 0.000000
vt -0.045335 0.003562 0.000000
vt -0.060217 0.004156 0.000000
vt -0.045335 0.005937 0.000000
vt -0.046762 0.008312 0.000000
vt -0.012072 0.008312 0.000000
vt -0.018946 0.004156 0.000000
vt -0.021974 0.002078 0.000000
vt -0.024532 0.000000 0.000000
vt -0.026500 -0.002078 0.000000
vt -0.027232 -0.003117 0.000000
vt -0.027784 -0.004156 0.000000
vt -0.028149 -0.005195 0.000000
vt -0.028322 -0.006234 0.000000
vt 0.046347 -0.008312 0.000000
vt 0.066274 -0.008312 0.000000
vt 0.046674 -0.007793 0.000000
vt 0.066529 -0.007793 0.000000
vt 0.046881 -0.007273 0.000000
vt 0.066689 -0.007273 0.000000
vt 0.046966 -0.006754 0.000000
vt 0.066756 -0.006754 0.000000
vt 0.066727 -0.006234 0.000000
vt 0.046929 -0.006234 0.000000
vt 0.066604 -0.005715 0.000000
vt 0.046771 -0.005715 0.000000
vt 0.066387 -0.005195 0.000000
vt 0.046492 -0.005195 0.000000
vt 0.046093 -0.004676 0.000000
vt 0.065673 -0.004156 0.000000
vt 0.045575 -0.004156 0.000000
vt 0.064593 -0.003117 0.000000
vt 0.044188 -0.003117 0.000000
vt 0.063160 -0.002078 0.000000
vt 0.042347 -0.002078 0.000000
vt 0.059309 0.000000 0.000000
vt 0.037401 0.000000 0.000000
vt 0.036415 0.001187 0.000000
vt 0.030968 0.002078 0.000000
vt 0.054302 0.002078 0.000000
vt 0.036415 0.003562 0.000000
vt 0.048375 0.004156 0.000000
vt 0.036415 0.005937 0.000000
vt 0.034920 0.008312 0.000000
vt 0.006073 0.008312 0.000000
vt 0.023356 0.004156 0.000000
vt -0.064752 -0.008312 0.000000
vt -0.065079 -0.007793 0.000000
vt -0.101960 -0.008312 0.000000
vt -0.102221 -0.007793 0.000000
vt -0.065285 -0.007273 0.000000
vt -0.102385 -0.007273 0.000000
vt -0.065370 -0.006754 0.000000
vt -0.102453 -0.006754 0.000000
vt -0.102424 -0.006234 0.000000
vt -0.065334 -0.006234 0.000000
vt -0.102298 -0.005715 0.000000
vt -0.065176 -0.005715 0.000000
vt -0.102076 -0.005195 0.000000
vt -0.064897 -0.005195 0.000000
vt -0.064498 -0.004676 0.000000
vt -0.101345 -0.004156 0.000000
vt -0.063979 -0.004156 0.000000
vt -0.100241 -0.003117 0.000000
vt -0.062592 -0.003117 0.000000
vt -0.098776 -0.002078 0.000000
vt -0.060752 -0.002078 0.000000
vt -0.063465 -0.001187 0.000000
vt -0.055805 0.000000 0.000000
vt -0.094838 0.000000 0.000000
vt -0.063465 0.001187 0.000000
vt -0.089717 0.002078 0.000000
vt -0.063465 0.003562 0.000000
vt -0.083657 0.004156 0.000000
vt -0.063465 0.005937 0.000000
vt -0.069897 0.008312 0.000000
vt -0.024478 0.008312 0.000000
vt -0.041761 0.004156 0.000000
vt -0.049373 0.002078 0.000000
vt -0.007446 -0.008312 0.000000
vt 0.071176 -0.008312 0.000000
vt -0.007361 -0.007273 0.000000
vt 0.028899 -0.005937 0.000000
vt -0.007353 -0.006234 0.000000
vt -0.007569 -0.004156 0.000000
vt 0.028899 -0.003562 0.000000
vt -0.008084 -0.002078 0.000000
vt 0.028899 -0.001187 0.000000
vt -0.008874 -0.000000 0.000000
vt 0.028899 0.001187 0.000000
vt -0.009900 0.002078 0.000000
vt 0.028899 0.003562 0.000000
vt -0.011114 0.004156 0.000000
vt 0.028899 0.005937 0.000000
vt -0.012460 0.006234 0.000000
vt 0.039114 0.008312 0.000000
vt -0.013872 0.008312 0.000000
vt 0.071437 -0.007793 0.000000
vt 0.071601 -0.007273 0.000000
vt 0.071669 -0.006754 0.000000
vt 0.071640 -0.006234 0.000000
vt 0.071514 -0.005715 0.000000
vt 0.071292 -0.005195 0.000000
vt 0.070562 -0.004156 0.000000
vt 0.069457 -0.003117 0.000000
vt 0.067992 -0.002078 0.000000
vt 0.064054 0.000000 0.000000
vt 0.058933 0.002078 0.000000
vt 0.052873 0.004156 0.000000
vt -0.031599 0.007992 0.000000
vt 0.007271 0.007992 0.000000
vt -0.020082 0.085368 0.000000
vt 0.077666 0.085368 0.000000
vt 0.090576 0.020117 0.000000
vt 0.033561 0.020117 0.000000
vt 0.034443 -0.018642 0.000000
vt 0.005414 0.025007 0.000000
vt -0.019090 -0.015080 0.000000
vt -0.012970 0.020007 0.000000
vt -0.038363 0.010700 0.000000
vt -0.038363 0.048032 0.000000
vt 0.014420 0.069524 0.000000
vt -0.001948 0.052899 0.000000
vt -0.094341 0.002038 0.000000
vt -0.057538 -0.029975 0.000000
vt 0.004815 -0.029975 0.000000
vt 0.018948 -0.066456 0.000000
vt -0.081069 0.007872 0.000000
vt -0.097998 0.005849 0.000000
vt -0.081494 0.005560 0.000000
vt -0.113998 0.003826 0.000000
vt -0.081889 0.003248 0.000000
vt -0.128351 0.001803 0.000000
vt -0.082232 0.000936 0.000000
vt -0.119597 0.000936 0.000000
vt -0.082501 -0.001376 0.000000
vt -0.119597 -0.001376 0.000000
vt -0.082682 -0.003688 0.000000
vt -0.119597 -0.003688 0.000000
vt -0.082763 -0.006000 0.000000
vt -0.119597 -0.006000 0.000000
vt -0.082740 -0.008312 0.000000
vt -0.158060 -0.007048 0.000000
vt -0.157942 -0.007301 0.000000
vt -0.140411 -0.000220 0.000000
vt -0.145408 -0.001232 0.000000
vt -0.149637 -0.002243 0.000000
vt -0.153052 -0.003255 0.000000
vt -0.155614 -0.004266 0.000000
vt -0.157294 -0.005278 0.000000
vt -0.157796 -0.005783 0.000000
vt -0.157963 -0.006036 0.000000
vt -0.158072 -0.006289 0.000000
vt -0.158125 -0.006542 0.000000
vt -0.158121 -0.006795 0.000000
vt -0.157767 -0.007553 0.000000
vt -0.157535 -0.007806 0.000000
vt -0.156903 -0.008312 0.000000
vn 0.173648 -0.710521 -0.681914
vn 0.173648 -0.710521 -0.681914
vn 0.258819 -0.696898 -0.668840
vn 0.284723 -0.691619 -0.663774
vn 0.342020 -0.677971 -0.650675
vn 0.392090 -0.663710 -0.636988
vn 0.500000 -0.624821 -0.599665
vn 0.590172 -0.582436 -0.558986
vn 0.642788 -0.552687 -0.530435
vn 0.757608 -0.470918 -0.451958
vn 0.766044 -0.463759 -0.445088
vn 0.885705 -0.334947 -0.321461
vn 0.939693 -0.246761 -0.236826
vn 0.971006 -0.172474 -0.165530
vn 1.000000 0.000000 0.000000
vn 1.000000 0.000000 0.000000
vn 1.000000 -0.000000 -0.000000
vn 0.999750 0.002741 0.022180
vn 1.000000 -0.000000 -0.000000
vn 0.939693 0.041945 0.339438
vn 0.933827 0.043871 0.355023
vn 0.858956 0.062797 0.508183
vn 0.766044 0.078830 0.637935
vn 0.758813 0.079875 0.646392
vn 0.642788 0.093946 0.760262
vn 0.636344 0.094604 0.765582
vn 0.500000 0.106208 0.859488
vn 0.495153 0.106549 0.862248
vn 0.418816 0.111364 0.901216
vn 0.342020 0.115242 0.932599
vn 0.339393 0.115359 0.933544
vn 0.258819 0.118459 0.958634
vn 0.257469 0.118504 0.958992
vn 0.173648 0.120775 0.977374
vn 0.173648 0.120775 0.977374
vn 0.988128 0.106382 -0.110845
vn 0.893933 0.310349 -0.323368
vn 0.954025 0.207542 -0.216248
vn 0.837900 0.377947 -0.393802
vn 0.813877 0.402330 -0.419208
vn 0.714243 0.484633 -0.504963
vn 0.659731 0.520365 -0.542195
vn 0.597428 0.555278 -0.578573
vn 0.432710 0.624252 -0.650439
vn 0.466241 0.612567 -0.638264
vn 0.323840 0.655120 -0.682602
vn 0.306025 0.659213 -0.686867
vn 0.249495 0.670536 -0.698665
vn 0.240396 0.672128 -0.700324
vn 0.173648 0.681914 -0.710521
vn 0.173648 0.681914 -0.710521
vn 0.173648 -0.710521 -0.681914
vn 0.173648 -0.710521 -0.681914
vn 0.173648 0.120775 0.977374
vn 0.173648 0.120775 0.977374
vn 0.847844 0.367160 -0.382563
vn 0.893633 0.310764 -0.323800
vn 0.885705 0.321461 -0.334947
vn 0.939693 0.236826 -0.246761
vn 0.971006 0.165530 -0.172474
vn 1.000000 0.000000 -0.000000
vn 1.000000 -0.000000 0.000000
vn 0.766044 0.445088 -0.463759
vn 0.719139 0.481149 -0.501333
vn 0.642603 0.530542 -0.552799
vn 0.597159 0.555417 -0.578717
vn 0.559033 0.574128 -0.598213
vn 0.469344 0.611430 -0.637079
vn 0.500000 0.599665 -0.624821
vn 0.374517 0.642038 -0.668972
vn 0.342020 0.650675 -0.677971
vn 0.275591 0.665619 -0.693542
vn 0.173648 0.681914 -0.710521
vn 0.173648 0.681914 -0.710521
vn 0.642788 0.530435 -0.552687
vn 0.766044 0.445088 -0.463759
vn 0.911447 -0.208039 0.354943
vn 0.893633 -0.226942 0.387193
vn 0.847844 -0.268126 0.457459
vn 0.766044 -0.325035 0.554552
vn 0.719139 -0.351369 0.599482
vn 0.642603 -0.387439 0.661023
vn 0.597159 -0.405605 0.692016
vn 0.559033 -0.419269 0.715329
vn 0.469344 -0.446509 0.761804
vn 0.500000 -0.437918 0.747146
vn 0.396080 -0.464309 0.792173
vn 0.342020 -0.475169 0.810701
vn 0.275591 -0.486082 0.829321
vn 0.258819 -0.488434 0.833334
vn 0.173648 -0.497982 0.849624
vn 0.173648 -0.497982 0.849624
vn 0.954025 -0.151562 0.258585
vn 0.958493 -0.144173 0.245978
vn 0.988128 -0.077688 0.132546
vn 0.973045 -0.116614 0.198959
vn 0.979479 -0.101916 0.173882
vn 0.994856 -0.051221 0.087390
vn 1.000000 -0.000000 0.000000
vn 1.000000 0.000000 -0.000000
vn 0.939693 -0.172947 0.295071
vn 0.766044 -0.325035 0.554552
vn 0.642788 -0.387361 0.660890
vn 0.374517 -0.468862 0.799941
vn 0.173648 0.892539 -0.416198
vn 0.258819 0.875426 -0.408218
vn 0.173648 0.892539 -0.416198
vn 0.342020 0.851651 -0.397131
vn 0.342020 0.851651 -0.397131
vn 0.500000 0.784886 -0.365998
vn 0.500000 0.784886 -0.365998
vn 0.642788 0.694272 -0.323744
vn 0.642788 0.694272 -0.323744
vn 0.766044 0.582563 -0.271654
vn 0.766044 0.582563 -0.271654
vn 0.866025 0.453154 -0.211309
vn 0.939693 0.309976 -0.144544
vn 0.939693 0.309976 -0.144544
vn 0.984808 0.157379 -0.073387
vn 1.000000 0.000000 -0.000000
vn 0.173648 0.710521 0.681914
vn 0.173648 0.710521 0.681914
vn 0.258819 0.696898 0.668840
vn 0.342020 0.677971 0.650675
vn 0.342020 0.677971 0.650675
vn 0.500000 0.624821 0.599665
vn 0.500000 0.624821 0.599665
vn 0.642788 0.552687 0.530435
vn 0.642788 0.552687 0.530435
vn 0.766044 0.463759 0.445088
vn 0.766044 0.463759 0.445088
vn 0.866025 0.360741 0.346217
vn 0.939693 0.246761 0.236826
vn 0.939693 0.246761 0.236826
vn 0.984808 0.125284 0.120240
vn 1.000000 0.000000 0.000000
vn 1.000000 0.000000 0.000000
vn 0.973045 -0.054080 -0.224185
vn 0.962326 -0.063761 -0.264318
vn 0.893633 -0.105244 -0.436285
vn 0.852141 -0.122718 -0.508720
vn 0.766044 -0.150735 -0.624864
vn 0.723377 -0.161913 -0.671200
vn 0.597159 -0.188100 -0.779756
vn 0.562411 -0.193900 -0.803802
vn 0.396080 -0.215324 -0.892612
vn 0.376408 -0.217256 -0.900621
vn 0.276571 -0.225355 -0.934197
vn 0.258819 -0.226512 -0.938992
vn 0.173648 -0.230940 -0.957347
vn 0.173648 -0.230940 -0.957347
vn 0.342020 -0.220360 -0.913490
vn 0.500000 -0.203085 -0.841877
vn 0.642788 -0.179639 -0.744684
vn 0.766044 -0.150735 -0.624864
vn 0.939693 -0.080204 -0.332483
vn 0.173648 0.630185 0.756778
vn 0.173648 0.630185 0.756778
vn 0.258819 0.618103 0.742268
vn 0.276571 0.614946 0.738478
vn 0.342020 0.601316 0.722109
vn 0.376408 0.592844 0.711936
vn 0.500000 0.554176 0.665499
vn 0.562411 0.529112 0.635401
vn 0.642788 0.490197 0.588669
vn 0.723377 0.441826 0.530581
vn 0.766044 0.411324 0.493952
vn 0.852141 0.334871 0.402140
vn 0.939693 0.218861 0.262826
vn 0.962326 0.173990 0.208942
vn 1.000000 0.000000 0.000000
vn 1.000000 -0.000000 -0.000000
vn 1.000000 -0.000000 -0.000000
vn 0.997086 -0.008601 -0.075805
vn 1.000000 0.000000 0.000000
vn 0.939693 -0.038558 -0.339840
vn 0.918574 -0.044559 -0.392730
vn 0.766044 -0.072465 -0.638690
vn 0.740949 -0.075709 -0.667280
vn 0.642788 -0.086361 -0.761161
vn 0.620590 -0.088400 -0.779137
vn 0.500000 -0.097632 -0.860504
vn 0.483376 -0.098691 -0.869832
vn 0.342020 -0.105937 -0.933702
vn 0.333035 -0.106300 -0.936903
vn 0.258819 -0.108895 -0.959768
vn 0.254206 -0.109033 -0.960985
vn 0.173648 -0.111023 -0.978530
vn 0.173648 -0.111023 -0.978530
vn 0.173648 0.907717 0.381963
vn 0.173648 0.907717 0.381963
vn 0.258819 0.890313 0.374640
vn 0.254206 0.891442 0.375114
vn 0.333035 0.869103 0.365715
vn 0.342020 0.866134 0.364465
vn 0.483376 0.806886 0.339534
vn 0.500000 0.798233 0.335893
vn 0.620590 0.722753 0.304131
vn 0.642788 0.706079 0.297114
vn 0.740949 0.618992 0.260469
vn 0.766044 0.592470 0.249309
vn 0.918574 0.364310 0.153300
vn 0.939693 0.315247 0.132654
vn 0.997086 0.070319 0.029590
vn 1.000000 0.000000 0.000000
vn 1.000000 0.000000 0.000000
vn 1.000000 0.000000 0.000000
vn 0.998566 -0.022622 -0.048514
vn 0.939693 -0.144544 -0.309976
vn 0.925201 -0.160374 -0.343924
vn 0.848808 -0.223439 -0.479167
vn 0.766044 -0.271654 -0.582563
vn 0.748560 -0.280224 -0.600943
vn 0.642788 -0.323744 -0.694272
vn 0.627274 -0.329134 -0.705831
vn 0.500000 -0.365998 -0.784886
vn 0.488361 -0.368794 -0.790882
vn 0.342020 -0.397131 -0.851651
vn 0.335722 -0.398090 -0.853707
vn 0.258819 -0.408218 -0.875426
vn 0.173648 -0.416198 -0.892539
vn 0.173648 -0.416198 -0.892539
vn 0.173648 -0.497982 0.849624
vn 0.173648 -0.497982 0.849624
vn 0.173648 -0.497982 0.849624
vn 0.173648 -0.497982 0.849624
vn 0.173648 -0.497982 0.849624
vn 0.173648 -0.497982 0.849624
vn 0.173648 -0.497982 0.849624
vn 0.173648 -0.497982 0.849624
vn 0.173648 -0.497982 0.849624
vn 0.173648 -0.497982 0.849624
vn 0.173648 -0.497982 0.849624
vn 0.173648 -0.497982 0.849624
vn 0.173648 -0.497982 0.849624
vn 0.173648 -0.497982 0.849624
vn 0.173648 -0.497982 0.849624
vn 0.173648 -0.497982 0.849624
vn 0.173648 -0.497982 0.849624
vn 0.173648 -0.497982 0.849624
vn 0.173648 -0.497982 0.849624
vn 0.173648 -0.497982 0.849624
vn 0.173648 0.681914 -0.710521
vn 0.173648 0.681914 -0.710521
vn 0.173648 0.681914 -0.710521
vn 0.173648 -0.497982 0.849624
vn 0.173648 -0.497982 0.849624
vn 0.173648 0.892539 -0.416198
vn 0.173648 0.892539 -0.416198
vn 0.173648 0.892539 -0.416198
vn 0.173648 0.892539 -0.416198
vn 0.173648 0.710521 0.681914
vn 0.173648 0.710521 0.681914
vn 0.173648 -0.230940 -0.957347
vn 0.173648 -0.230940 -0.957347
vn 0.173648 0.630185 0.756778
vn 0.173648 0.630185 0.756778
vn 0.173648 -0.111023 -0.978530
vn 0.173648 -0.111023 -0.978530
vn 0.173648 0.907717 0.381963
vn 0.173648 0.907717 0.381963
vn 1.000000 -0.000000 -0.000000
vn 0.173648 -0.416198 -0.892539
vn 0.173648 -0.416198 -0.892539
vn 0.994856 -0.099013 0.021379
vn 0.962326 -0.265775 0.057387
vn 0.979479 -0.197008 0.042538
vn 0.954025 -0.292976 0.063260
vn 0.852141 -0.511523 0.110449
vn 0.837900 -0.533528 0.115201
vn 0.766044 -0.628308 0.135666
vn 0.659731 -0.734573 0.158611
vn 0.597159 -0.784054 0.169295
vn 0.432710 -0.881225 0.190276
vn 0.396080 -0.897532 0.193797
vn 0.306025 -0.930578 0.200932
vn 0.255584 -0.945008 0.204048
vn 0.240396 -0.948809 0.204869
vn 0.173648 -0.962623 0.207852
vn 0.173648 -0.962623 0.207852
vn 0.335722 -0.920742 0.198809
vn 0.488361 -0.852984 0.184178
vn 0.627274 -0.761255 0.164372
vn 0.748560 -0.648131 0.139946
vn 0.848808 -0.516792 0.111587
vn 0.893633 -0.438689 0.094723
vn 0.925201 -0.370930 0.080092
vn 0.962326 -0.265775 0.057387
vn 0.973045 -0.225421 0.048673
vn 0.997086 -0.074573 0.016102
vn 0.998566 -0.052324 0.011298
vn 1.000000 -0.000000 0.000000
vn 0.998566 0.044484 -0.029775
vn 0.925201 0.315354 -0.211082
vn 0.925201 0.315354 -0.211082
vn 0.848808 0.439362 -0.294087
vn 0.848808 0.439362 -0.294087
vn 0.748560 0.551022 -0.368827
vn 0.748560 0.551022 -0.368827
vn 0.627274 0.647197 -0.433201
vn 0.627274 0.647197 -0.433201
vn 0.488361 0.725183 -0.485401
vn 0.488361 0.725183 -0.485401
vn 0.335722 0.782788 -0.523959
vn 0.335722 0.782788 -0.523959
vn 0.255584 0.803419 -0.537768
vn 0.173648 0.818395 -0.547792
vn 0.173648 0.818395 -0.547792
vn 0.173648 -0.962623 0.207852
vn 0.173648 -0.962623 0.207852
vn 0.173648 0.681914 -0.710521
vn 0.173648 0.681914 -0.710521
vn 0.173648 -0.892539 0.416198
vn 0.249495 -0.877647 0.409253
vn 0.173648 -0.892539 0.416198
vn 0.284723 -0.868796 0.405126
vn 0.323840 -0.857469 0.399844
vn 0.392090 -0.833737 0.388778
vn 0.466241 -0.801772 0.373872
vn 0.590172 -0.731642 0.341170
vn 0.597428 -0.726789 0.338907
vn 0.714243 -0.634323 0.295790
vn 0.757608 -0.591556 0.275847
vn 0.813877 -0.526599 0.245557
vn 0.847844 -0.480566 0.224092
vn 0.893933 -0.406207 0.189417
vn 0.911447 -0.372871 0.173873
vn 0.958493 -0.258403 0.120495
vn 0.988128 -0.139241 0.064929
vn 0.885705 -0.420752 0.196200
vn 0.173648 -0.892539 0.416198
vn 0.173648 -0.892539 0.416198
vn -0.998933 0.041856 -0.019518
vn -0.969077 0.223638 -0.104284
vn -1.000000 -0.000000 0.000000
vn -0.976296 0.196161 -0.091471
vn -1.000000 -0.000000 0.000000
vn -0.958549 0.258234 -0.120416
vn -0.878222 0.433445 -0.202119
vn -0.906308 0.383022 -0.178606
vn -0.793353 0.551725 -0.257274
vn -0.733052 0.616446 -0.287453
vn -0.642788 0.694272 -0.323744
vn -0.542546 0.761322 -0.355010
vn -0.461749 0.803905 -0.374867
vn -0.318487 0.859114 -0.400611
vn -0.258819 0.875426 -0.408218
vn -0.074730 0.903774 -0.421437
vn -0.043619 0.905445 -0.422216
vn 0.065403 0.904367 -0.421713
vn -0.068147 0.904201 -0.421636
vn -0.861964 0.459470 -0.214255
vn -0.714842 0.633768 -0.295531
vn -0.525809 0.770908 -0.359480
vn -0.305947 0.862849 -0.402353
vn -1.000000 0.000000 -0.000000
vn -0.998933 -0.023353 0.039844
vn -0.969077 -0.124776 0.212885
vn -0.966751 -0.129308 0.220616
vn -0.878222 -0.241836 0.412604
vn -0.878222 -0.241836 0.412604
vn -0.733052 -0.343939 0.586806
vn -0.775447 -0.319283 0.544739
vn -0.624922 -0.394765 0.673522
vn -0.542546 -0.424771 0.724716
vn -0.538652 -0.426036 0.726875
vn -0.446313 -0.452507 0.772038
vn -0.318487 -0.479333 0.817806
vn -0.348945 -0.473880 0.808502
vn -0.247646 -0.489913 0.835857
vn -0.074730 -0.504250 0.860318
vn -0.143556 -0.500427 0.853794
vn -0.090831 -0.503574 0.859164
vn -0.064363 -0.504616 0.860942
vn -0.037849 -0.505302 0.862112
vn -0.011309 -0.505632 0.862675
vn 0.015239 -0.505605 0.862630
vn 0.041776 -0.505223 0.861977
vn 0.068284 -0.504484 0.860717
vn 0.094744 -0.503390 0.858850
vn 0.121137 -0.501940 0.856377
vn -0.969077 -0.124776 0.212885
vn -0.878222 -0.241836 0.412604
vn -0.733052 -0.343939 0.586806
vn -0.733052 -0.343939 0.586806
vn -0.542546 -0.424771 0.724716
vn -0.542546 -0.424771 0.724716
vn -0.318487 -0.479333 0.817806
vn -0.318487 -0.479333 0.817806
vn -0.074730 -0.504250 0.860318
vn -0.074730 -0.504250 0.860318
vn -0.891123 -0.229451 0.391474
vn 0.119704 0.121756 0.985315
vn 0.065403 0.122376 0.990327
vn -0.074730 0.122295 0.989676
vn 0.010908 0.122631 0.992392
vn -0.043619 0.122522 0.991507
vn -0.098017 0.122048 0.987673
vn -0.152123 0.121211 0.980901
vn -0.318487 0.116252 0.940772
vn -0.258819 0.118459 0.958634
vn -0.362438 0.114300 0.924973
vn -0.461749 0.108781 0.880315
vn -0.542546 0.103019 0.833685
vn -0.642788 0.093946 0.760262
vn -0.733052 0.083415 0.675038
vn -0.793353 0.074657 0.604166
vn -0.878222 0.058652 0.474644
vn -0.906308 0.051829 0.419428
vn -0.969077 0.030262 0.244895
vn -1.000000 0.000000 0.000000
vn -0.969077 0.030262 0.244895
vn -0.878222 0.058652 0.474644
vn -0.733052 0.083415 0.675038
vn -0.542546 0.103019 0.833685
vn -0.318487 0.116252 0.940772
vn -0.074730 0.122295 0.989676
vn 0.065403 -0.719937 -0.690951
vn -0.074730 -0.719464 -0.690498
vn -0.043619 -0.720795 -0.691775
vn -0.258819 -0.696898 -0.668840
vn -0.318487 -0.683912 -0.656377
vn -0.461749 -0.639962 -0.614196
vn -0.542546 -0.606063 -0.581662
vn -0.642788 -0.552687 -0.530435
vn -0.733052 -0.490732 -0.470975
vn -0.793353 -0.439210 -0.421527
vn -0.878222 -0.345051 -0.331159
vn -0.906308 -0.304911 -0.292635
vn -0.969077 -0.178031 -0.170863
vn -0.976296 -0.156157 -0.149870
vn -1.000000 -0.000000 -0.000000
vn 0.119704 -0.716294 -0.687455
vn 0.065403 -0.719937 -0.690951
vn 0.010908 -0.721439 -0.692393
vn -0.043619 -0.720795 -0.691775
vn -0.098017 -0.718007 -0.689099
vn -0.152123 -0.713085 -0.684375
vn -0.258819 -0.696898 -0.668840
vn -0.362438 -0.672426 -0.645354
vn -0.461749 -0.639962 -0.614196
vn -0.642788 -0.552687 -0.530435
vn -0.793353 -0.439210 -0.421527
vn -0.906308 -0.304911 -0.292635
vn 0.119704 -0.899791 0.419579
vn 0.065403 -0.904367 0.421713
vn 0.065403 -0.904367 0.421713
vn 0.038170 -0.905647 0.422310
vn 0.010908 -0.906254 0.422593
vn -0.016362 -0.906186 0.422562
vn -0.074730 -0.903774 0.421437
vn -0.043619 -0.905445 0.422216
vn -0.098017 -0.901944 0.420583
vn -0.152123 -0.895760 0.417700
vn -0.205777 -0.886912 0.413574
vn -0.318487 -0.859114 0.400611
vn -0.258819 -0.875426 0.408218
vn -0.461749 -0.803905 0.374867
vn -0.542546 -0.761322 0.355010
vn -0.642788 -0.694272 0.323744
vn -0.733052 -0.616446 0.287453
vn -0.793353 -0.551725 0.257274
vn -0.878222 -0.433445 0.202119
vn -0.906308 -0.383022 0.178606
vn -0.878222 -0.433445 0.202119
vn -0.969077 -0.223638 0.104284
vn -0.906308 -0.383022 0.178606
vn -0.976296 -0.196161 0.091471
vn -0.074730 -0.903774 0.421437
vn -0.043619 -0.905445 0.422216
vn -0.258819 -0.875426 0.408218
vn -0.318487 -0.859114 0.400611
vn -0.461749 -0.803905 0.374867
vn -0.542546 -0.761322 0.355010
vn -0.642788 -0.694272 0.323744
vn -0.733052 -0.616446 0.287453
vn -0.793353 -0.551725 0.257274
vn -1.000000 0.000000 -0.000000
vn -1.000000 0.000000 -0.000000
vn -0.976296 -0.196161 0.091471
vn 0.119704 0.687455 -0.716294
vn 0.119704 0.687455 -0.716294
vn 0.065403 0.690951 -0.719937
vn 0.065403 0.690951 -0.719937
vn 0.038170 0.691929 -0.720956
vn -0.074730 0.690498 -0.719464
vn 0.010908 0.692393 -0.721439
vn -0.016362 0.692341 -0.721385
vn -0.043619 0.691775 -0.720795
vn -0.098017 0.689099 -0.718007
vn -0.152123 0.684375 -0.713085
vn -0.205777 0.677615 -0.706041
vn -0.318487 0.656377 -0.683912
vn -0.152123 0.684375 -0.713085
vn -0.258819 0.668840 -0.696898
vn -0.362438 0.645354 -0.672426
vn -0.461749 0.614196 -0.639962
vn -0.542546 0.581662 -0.606063
vn -0.642788 0.530435 -0.552687
vn -0.733052 0.470975 -0.490732
vn -0.793353 0.421527 -0.439210
vn -0.878222 0.331159 -0.345051
vn -0.906308 0.292635 -0.304911
vn -0.969077 0.170863 -0.178031
vn -1.000000 0.000000 -0.000000
vn -0.976296 0.149870 -0.156157
vn -0.906308 0.292635 -0.304911
vn -0.793353 0.421527 -0.439210
vn -0.642788 0.530435 -0.552687
vn -0.461749 0.614196 -0.639962
vn -0.258819 0.668840 -0.696898
vn -0.098017 0.689099 -0.718007
vn -0.043619 0.691775 -0.720795
vn 0.010908 0.692393 -0.721439
vn 0.119704 -0.970445 0.209541
vn 0.119704 -0.970445 0.209541
vn 0.065403 -0.975381 0.210606
vn 0.065403 -0.975381 0.210606
vn 0.038170 -0.976761 0.210904
vn 0.010908 -0.977415 0.211046
vn 0.010908 -0.977415 0.211046
vn -0.016362 -0.977343 0.211030
vn -0.043619 -0.976543 0.210857
vn -0.074730 -0.974740 0.210468
vn -0.098017 -0.972767 0.210042
vn -0.152123 -0.966097 0.208602
vn -0.205777 -0.956554 0.206541
vn -0.318487 -0.926574 0.200068
vn -0.258819 -0.944167 0.203867
vn -0.362438 -0.911013 0.196708
vn -0.461749 -0.867030 0.187211
vn -0.542546 -0.821103 0.177294
vn -0.642788 -0.748788 0.161680
vn -0.733052 -0.664851 0.143556
vn -0.793353 -0.595048 0.128484
vn -0.878222 -0.467481 0.100939
vn -0.906308 -0.413098 0.089197
vn -0.969077 -0.241199 0.052080
vn -0.976296 -0.211564 0.045681
vn -0.969077 -0.241199 0.052080
vn -1.000000 0.000000 -0.000000
vn -1.000000 0.000000 -0.000000
vn -0.906308 -0.413098 0.089197
vn -0.878222 -0.467481 0.100939
vn -0.793353 -0.595048 0.128484
vn -0.733052 -0.664851 0.143556
vn -0.642788 -0.748788 0.161680
vn -0.542546 -0.821103 0.177294
vn -0.461749 -0.867030 0.187211
vn -0.318487 -0.926574 0.200068
vn -0.362438 -0.911013 0.196708
vn -0.258819 -0.944167 0.203867
vn -0.152123 -0.966097 0.208602
vn -0.074730 -0.974740 0.210468
vn -0.098017 -0.972767 0.210042
vn -0.043619 -0.976543 0.210857
vn 0.173648 0.818395 -0.547792
vn 0.173648 0.818395 -0.547792
vn 0.065403 0.829241 -0.555052
vn -0.074730 0.828696 -0.554687
vn -0.043619 0.830229 -0.555713
vn -0.152123 0.821348 -0.549769
vn -0.318487 0.787746 -0.527278
vn -0.258819 0.802703 -0.537289
vn -0.461749 0.737124 -0.493393
vn -0.542546 0.698078 -0.467258
vn -0.642788 0.636598 -0.426107
vn -0.733052 0.565237 -0.378341
vn -0.793353 0.505893 -0.338619
vn -0.878222 0.397439 -0.266025
vn -0.906308 0.351204 -0.235078
vn -0.969077 0.205060 -0.137257
vn -0.976296 0.179866 -0.120393
vn -1.000000 -0.000000 0.000000
vn -0.976296 0.179866 -0.120393
vn 0.119704 0.825044 -0.552243
vn 0.065403 0.829241 -0.555052
vn 0.038170 0.830414 -0.555838
vn 0.010908 0.830970 -0.556210
vn -0.016362 0.830909 -0.556168
vn -0.043619 0.830229 -0.555713
vn -0.098017 0.827018 -0.553564
vn -0.152123 0.821348 -0.549769
vn -0.205777 0.813235 -0.544339
vn -0.258819 0.802703 -0.537289
vn -0.362438 0.774517 -0.518423
vn -0.461749 0.737124 -0.493393
vn -0.642788 0.636598 -0.426107
vn -0.793353 0.505893 -0.338619
vn -0.906308 0.351204 -0.235078
vn 0.119704 -0.419579 -0.899791
vn 0.065403 -0.421713 -0.904367
vn 0.065403 -0.421713 -0.904367
vn 0.010908 -0.422593 -0.906254
vn -0.074730 -0.421437 -0.903774
vn -0.043619 -0.422216 -0.905445
vn -0.098017 -0.420583 -0.901944
vn -0.152123 -0.417700 -0.895760
vn -0.318487 -0.400611 -0.859114
vn -0.258819 -0.408218 -0.875426
vn -0.362438 -0.393884 -0.844686
vn -0.461749 -0.374867 -0.803905
vn -0.542546 -0.355010 -0.761322
vn -0.642788 -0.323744 -0.694272
vn -0.733052 -0.287453 -0.616446
vn -0.793353 -0.257274 -0.551725
vn -0.878222 -0.202119 -0.433445
vn -0.906308 -0.178606 -0.383022
vn -0.969077 -0.104284 -0.223638
vn -1.000000 -0.000000 -0.000000
vn -0.976296 -0.091471 -0.196161
vn -1.000000 0.000000 0.000000
vn -0.043619 -0.422216 -0.905445
vn -0.152123 -0.417700 -0.895760
vn -0.258819 -0.408218 -0.875426
vn -0.461749 -0.374867 -0.803905
vn -0.642788 -0.323744 -0.694272
vn -0.793353 -0.257274 -0.551725
vn -0.906308 -0.178606 -0.383022
vn 0.119704 0.915093 0.385067
vn 0.065403 0.919747 0.387025
vn 0.065403 0.919747 0.387025
vn -0.074730 0.919143 0.386771
vn 0.010908 0.921665 0.387832
vn -0.043619 0.920843 0.387486
vn -0.098017 0.917282 0.385988
vn -0.152123 0.910993 0.383341
vn -0.318487 0.873724 0.367659
vn -0.258819 0.890313 0.374640
vn -0.362438 0.859051 0.361484
vn -0.461749 0.817576 0.344032
vn -0.542546 0.774269 0.325809
vn -0.461749 0.817576 0.344032
vn -0.642788 0.706079 0.297114
vn -0.733052 0.626929 0.263809
vn -0.793353 0.561108 0.236111
vn -0.878222 0.440816 0.185493
vn -0.906308 0.389536 0.163915
vn -0.969077 0.227441 0.095706
vn -1.000000 0.000000 0.000000
vn -0.906308 0.389536 0.163915
vn -0.793353 0.561108 0.236111
vn -0.642788 0.706079 0.297114
vn -0.362438 0.859051 0.361484
vn -0.258819 0.890313 0.374640
vn -0.152123 0.910993 0.383341
vn -0.043619 0.920843 0.387486
vn 0.119704 -0.111925 -0.986480
vn 0.065403 -0.112495 -0.991498
vn 0.065403 -0.112495 -0.991498
vn 0.010908 -0.112729 -0.993566
vn -0.074730 -0.112421 -0.990847
vn -0.043619 -0.112629 -0.992679
vn -0.098017 -0.112193 -0.988840
vn -0.152123 -0.111424 -0.982061
vn -0.258819 -0.108895 -0.959768
vn -0.318487 -0.106866 -0.941884
vn -0.362438 -0.105071 -0.926066
vn -0.461749 -0.099998 -0.881356
vn -0.542546 -0.094701 -0.834671
vn -0.642788 -0.086361 -0.761161
vn -0.733052 -0.076680 -0.675837
vn -0.793353 -0.068629 -0.604881
vn -0.878222 -0.053916 -0.475205
vn -0.906308 -0.047644 -0.419924
vn -0.969077 -0.027818 -0.245184
vn -1.000000 0.000000 0.000000
vn -1.000000 0.000000 0.000000
vn -0.906308 -0.047644 -0.419924
vn -0.793353 -0.068629 -0.604881
vn -0.642788 -0.086361 -0.761161
vn -0.461749 -0.099998 -0.881356
vn -0.362438 -0.105071 -0.926066
vn -0.258819 -0.108895 -0.959768
vn -0.152123 -0.111424 -0.982061
vn -0.043619 -0.112629 -0.992679
vn 0.119704 0.635306 0.762927
vn 0.119704 0.635306 0.762927
vn 0.065403 0.638537 0.766807
vn 0.065403 0.638537 0.766807
vn 0.010908 0.639869 0.768407
vn 0.010908 0.639869 0.768407
vn -0.043619 0.639298 0.767721
vn -0.043619 0.639298 0.767721
vn -0.098017 0.636826 0.764752
vn -0.098017 0.636826 0.764752
vn -0.152123 0.632459 0.759509
vn -0.152123 0.632459 0.759509
vn -0.205777 0.626212 0.752007
vn -0.258819 0.618103 0.742268
vn -0.258819 0.618103 0.742268
vn -0.362438 0.596398 0.716204
vn -0.362438 0.596398 0.716204
vn -0.461749 0.567604 0.681626
vn -0.461749 0.567604 0.681626
vn -0.642788 0.490197 0.588669
vn -0.642788 0.490197 0.588669
vn -0.733052 0.435247 0.522680
vn -0.793353 0.389551 0.467804
vn -0.793353 0.389551 0.467804
vn -0.878222 0.306038 0.367515
vn -0.906308 0.270436 0.324762
vn -0.969077 0.157902 0.189621
vn -1.000000 -0.000000 -0.000000
vn -0.906308 0.270436 0.324762
vn 0.119704 -0.232816 -0.965126
vn 0.119704 -0.232816 -0.965126
vn 0.065403 -0.234000 -0.970034
vn 0.065403 -0.234000 -0.970034
vn 0.010908 -0.234488 -0.972058
vn 0.010908 -0.234488 -0.972058
vn -0.043619 -0.234279 -0.971190
vn -0.043619 -0.234279 -0.971190
vn -0.098017 -0.233373 -0.967435
vn -0.098017 -0.233373 -0.967435
vn -0.152123 -0.231773 -0.960802
vn -0.152123 -0.231773 -0.960802
vn -0.205777 -0.229484 -0.951311
vn -0.258819 -0.226512 -0.938992
vn -0.258819 -0.226512 -0.938992
vn -0.362438 -0.218558 -0.906019
vn -0.362438 -0.218558 -0.906019
vn -0.461749 -0.208006 -0.862277
vn -0.461749 -0.208006 -0.862277
vn -0.542546 -0.196988 -0.816602
vn -0.642788 -0.179639 -0.744684
vn -0.642788 -0.179639 -0.744684
vn -0.733052 -0.159502 -0.661207
vn -0.793353 -0.142756 -0.591786
vn -0.878222 -0.112152 -0.464918
vn -0.906308 -0.099105 -0.410834
vn -0.969077 -0.057865 -0.239877
vn -1.000000 0.000000 0.000000
vn -0.906308 -0.099105 -0.410834
vn -0.793353 -0.142756 -0.591786
vn 0.065403 0.719937 0.690951
vn -0.074730 0.719464 0.690498
vn -0.043619 0.720795 0.691775
vn -0.258819 0.696898 0.668840
vn -0.318487 0.683912 0.656377
vn -0.461749 0.639962 0.614196
vn -0.542546 0.606063 0.581662
vn -0.642788 0.552687 0.530435
vn -0.733052 0.490732 0.470975
vn -0.793353 0.439210 0.421527
vn -0.878222 0.345051 0.331159
vn -0.906308 0.304911 0.292635
vn -0.969077 0.178031 0.170863
vn -0.976296 0.156157 0.149870
vn 0.119704 0.716294 0.687455
vn 0.065403 0.719937 0.690951
vn 0.010908 0.721439 0.692393
vn -0.043619 0.720795 0.691775
vn -0.098017 0.718007 0.689099
vn -0.152123 0.713085 0.684375
vn -0.258819 0.696898 0.668840
vn -0.362438 0.672426 0.645354
vn -0.461749 0.639962 0.614196
vn -0.642788 0.552687 0.530435
vn -0.793353 0.439210 0.421527
vn -0.906308 0.304911 0.292635
vn -1.000000 0.000000 0.000000
vn -0.998933 0.031979 -0.033320
vn -0.966751 0.177068 -0.184496
vn -0.958549 0.197295 -0.205571
vn -0.891123 0.314200 -0.327381
vn -0.861964 0.351043 -0.365769
vn -0.775447 0.437211 -0.455552
vn -0.714842 0.484209 -0.504522
vn -0.714842 0.484209 -0.504522
vn -0.525809 0.588986 -0.613694
vn -0.525809 0.588986 -0.613694
vn -0.305947 0.659231 -0.686885
vn -0.305947 0.659231 -0.686885
vn -0.068147 0.690824 -0.719804
vn -0.068147 0.690824 -0.719804
vn 0.041776 0.691829 -0.720852
vn 0.068284 0.690818 -0.719797
vn -0.624922 0.540574 -0.563251
vn -0.538652 0.583395 -0.607869
vn -0.446313 0.619643 -0.645637
vn -0.348945 0.648910 -0.676131
vn -0.247646 0.670865 -0.699008
vn -0.143556 0.685262 -0.714008
vn -0.090831 0.689571 -0.718499
vn -0.064363 0.690998 -0.719986
vn -0.037849 0.691938 -0.720964
vn -0.011309 0.692389 -0.721435
vn 0.015239 0.692353 -0.721398
vn 0.094744 0.689319 -0.718236
vn 0.121137 0.687335 -0.716168
f 458/896/781 459/897/782 473/898/783
f 473/898/783 459/897/782 460/899/784
f 473/898/783 460/899/784 472/900/785
f 472/900/785 460/899/784 461/901/786
f 472/900/785 461/901/786 471/902/787
f 471/902/787 461/901/786 462/903/788
f 471/902/787 462/903/788 470/904/789
f 470/904/789 462/903/788 463/905/790
f 470/904/789 463/905/790 469/906/791
f 469/906/791 463/905/790 464/907/792
f 469/906/791 464/907/792 468/908/793
f 468/908/793 464/907/792 465/909/794
f 468/908/793 465/909/794 467/910/795
f 467/910/795 465/909/794 466/911/796
f 474/912/797 475/913/798 467/914/799
f 467/914/799 475/913/798 468/915/800
f 468/915/800 475/913/798 476/916/801
f 468/915/800 476/916/801 477/917/802
f 468/915/800 477/917/802 469/918/803
f 469/918/803 477/917/802 478/919/804
f 469/918/803 478/919/804 470/920/805
f 470/920/805 478/919/804 479/921/806
f 470/920/805 479/921/806 471/922/807
f 471/922/807 479/921/806 480/923/808
f 471/922/807 480/923/808 481/924/809
f 471/922/807 481/924/809 472/925/810
f 472/925/810 481/924/809 482/926/811
f 472/925/810 482/926/811 473/927/812
f 473/927/812 482/926/811 483/928/813
f 473/927/812 483/928/813 458/929/814
f 458/929/814 483/928/813 484/930/815
f 485/931/816 486/932/817 500/933/818
f 500/933/818 486/932/817 499/934/819
f 499/934/819 486/932/817 487/935/820
f 499/934/819 487/935/820 488/936/821
f 499/934/819 488/936/821 498/937/822
f 498/937/822 488/936/821 489/938/823
f 498/937/822 489/938/823 497/939/824
f 497/939/824 489/938/823 490/940/825
f 497/939/824 490/940/825 491/941/826
f 497/939/824 491/941/826 496/942/827
f 496/942/827 491/941/826 492/943/828
f 496/942/827 492/943/828 495/944/829
f 495/944/829 492/943/828 494/945/830
f 494/945/830 492/943/828 493/946/831
f 459/947/782 458/948/781 502/949/832
f 502/949/832 458/948/781 501/950/833
f 484/951/815 503/952/834 458/953/814
f 458/953/814 503/952/834 501/954/835
f 504/955/836 520/956/837 464/957/838
f 464/957/838 520/956/837 517/958/839
f 464/957/838 517/958/839 465/959/840
f 465/959/840 517/958/839 518/960/841
f 465/959/840 518/960/841 466/961/842
f 520/956/837 504/955/836 519/962/843
f 519/962/843 504/955/836 505/963/844
f 519/962/843 505/963/844 506/964/845
f 519/962/843 506/964/845 521/965/846
f 521/965/846 506/964/845 507/966/847
f 521/965/846 507/966/847 508/967/848
f 521/965/846 508/967/848 514/968/849
f 514/968/849 508/967/848 509/969/850
f 514/968/849 509/969/850 513/970/851
f 513/970/851 509/969/850 510/971/852
f 513/970/851 510/971/852 512/972/853
f 512/972/853 510/971/852 511/973/854
f 514/968/849 515/974/855 521/965/846
f 521/965/846 515/974/855 519/962/843
f 515/974/855 516/975/856 519/962/843
f 519/962/843 516/975/856 520/956/837
f 516/975/856 517/958/839 520/956/837
f 522/976/857 536/977/858 504/978/859
f 504/978/859 536/977/858 535/979/860
f 504/978/859 535/979/860 505/980/861
f 505/980/861 535/979/860 506/981/862
f 506/981/862 535/979/860 538/982/863
f 506/981/862 538/982/863 507/983/864
f 507/983/864 538/982/863 508/984/865
f 508/984/865 538/982/863 531/985/866
f 508/984/865 531/985/866 539/986/867
f 539/986/867 531/985/866 532/987/868
f 539/986/867 532/987/868 510/988/869
f 510/988/869 532/987/868 533/989/870
f 510/988/869 533/989/870 511/990/871
f 511/990/871 533/989/870 534/991/872
f 536/977/858 522/976/857 500/992/873
f 500/992/873 522/976/857 523/993/874
f 500/992/873 523/993/874 485/994/875
f 536/977/858 500/992/873 537/995/876
f 537/995/876 500/992/873 524/996/877
f 537/995/876 524/996/877 525/997/878
f 526/998/879 527/999/880 525/997/878
f 525/997/878 527/999/880 537/995/876
f 527/999/880 528/1000/881 537/995/876
f 537/995/876 528/1000/881 536/977/858
f 528/1000/881 529/1001/882 536/977/858
f 536/977/858 529/1001/882 535/979/860
f 529/1001/882 530/1002/883 535/979/860
f 535/979/860 530/1002/883 538/982/863
f 530/1002/883 531/985/866 538/982/863
f 510/988/869 509/1003/884 539/986/867
f 539/986/867 509/1003/884 508/984/865
f 534/1004/885 533/1005/886 540/1006/887
f 540/1006/887 533/1005/886 548/1007/888
f 548/1007/888 533/1005/886 532/1008/889
f 548/1007/888 532/1008/889 531/1009/890
f 548/1007/888 531/1009/890 547/1010/891
f 547/1010/891 531/1009/890 530/1011/892
f 547/1010/891 530/1011/892 546/1012/893
f 546/1012/893 530/1011/892 529/1013/894
f 546/1012/893 529/1013/894 545/1014/895
f 545/1014/895 529/1013/894 544/1015/896
f 544/1015/896 529/1013/894 528/1016/897
f 544/1015/896 528/1016/897 543/1017/898
f 543/1017/898 528/1016/897 542/1018/899
f 542/1018/899 528/1016/897 527/1019/880
f 542/1018/899 527/1019/880 541/1020/900
f 549/1021/901 540/1022/902 556/1023/903
f 556/1023/903 540/1022/902 548/1024/904
f 556/1023/903 548/1024/904 555/1025/905
f 555/1025/905 548/1024/904 554/1026/906
f 554/1026/906 548/1024/904 547/1027/907
f 554/1026/906 547/1027/907 553/1028/908
f 553/1028/908 547/1027/907 546/1029/909
f 553/1028/908 546/1029/909 552/1030/910
f 552/1030/910 546/1029/909 545/1031/911
f 552/1030/910 545/1031/911 544/1032/912
f 552/1030/910 544/1032/912 551/1033/913
f 551/1033/913 544/1032/912 543/1034/914
f 551/1033/913 543/1034/914 542/1035/915
f 541/1036/900 550/1037/916 542/1035/915
f 542/1035/915 550/1037/916 551/1033/913
f 550/1038/916 557/1039/917 566/1040/918
f 566/1040/918 557/1039/917 558/1041/919
f 566/1040/918 558/1041/919 565/1042/920
f 565/1042/920 558/1041/919 559/1043/921
f 565/1042/920 559/1043/921 567/1044/922
f 567/1044/922 559/1043/921 560/1045/923
f 567/1044/922 560/1045/923 568/1046/924
f 568/1046/924 560/1045/923 561/1047/925
f 568/1046/924 561/1047/925 569/1048/926
f 569/1048/926 561/1047/925 562/1049/927
f 569/1048/926 562/1049/927 563/1050/928
f 569/1048/926 563/1050/928 556/1051/929
f 556/1051/929 563/1050/928 564/1052/930
f 556/1051/929 564/1052/930 549/1053/931
f 556/1051/929 555/1054/932 569/1048/926
f 569/1048/926 555/1054/932 554/1055/933
f 569/1048/926 554/1055/933 568/1046/924
f 568/1046/924 554/1055/933 553/1056/934
f 568/1046/924 553/1056/934 567/1044/922
f 567/1044/922 553/1056/934 552/1057/935
f 567/1044/922 552/1057/935 565/1042/920
f 565/1042/920 552/1057/935 551/1058/936
f 565/1042/920 551/1058/936 566/1040/918
f 566/1040/918 551/1058/936 550/1038/916
f 570/1059/937 564/1060/938 579/1061/939
f 579/1061/939 564/1060/938 563/1062/940
f 579/1061/939 563/1062/940 578/1063/941
f 578/1063/941 563/1062/940 562/1064/942
f 578/1063/941 562/1064/942 577/1065/943
f 577/1065/943 562/1064/942 561/1066/944
f 577/1065/943 561/1066/944 576/1067/945
f 576/1067/945 561/1066/944 560/1068/946
f 576/1067/945 560/1068/946 575/1069/947
f 575/1069/947 560/1068/946 559/1070/948
f 575/1069/947 559/1070/948 574/1071/949
f 574/1071/949 559/1070/948 571/1072/950
f 574/1071/949 571/1072/950 573/1073/951
f 573/1073/951 571/1072/950 572/1074/952
f 580/1075/953 581/1076/954 573/1077/955
f 573/1077/955 581/1076/954 574/1078/956
f 574/1078/956 581/1076/954 582/1079/957
f 574/1078/956 582/1079/957 575/1080/958
f 575/1080/958 582/1079/957 583/1081/959
f 575/1080/958 583/1081/959 576/1082/960
f 576/1082/960 583/1081/959 584/1083/961
f 576/1082/960 584/1083/961 577/1084/962
f 577/1084/962 584/1083/961 585/1085/963
f 577/1084/962 585/1085/963 578/1086/964
f 578/1086/964 585/1085/963 586/1087/965
f 578/1086/964 586/1087/965 579/1088/966
f 579/1088/966 586/1087/965 587/1089/967
f 579/1088/966 587/1089/967 570/1090/968
f 570/1090/968 587/1089/967 588/1091/969
f 589/1092/970 588/1093/971 597/1094/972
f 597/1094/972 588/1093/971 587/1095/973
f 597/1094/972 587/1095/973 586/1096/974
f 597/1094/972 586/1096/974 596/1097/975
f 596/1097/975 586/1096/974 585/1098/976
f 596/1097/975 585/1098/976 595/1099/977
f 595/1099/977 585/1098/976 584/1100/978
f 595/1099/977 584/1100/978 594/1101/979
f 594/1101/979 584/1100/978 583/1102/980
f 594/1101/979 583/1102/980 593/1103/981
f 593/1103/981 583/1102/980 582/1104/982
f 593/1103/981 582/1104/982 592/1105/983
f 592/1105/983 582/1104/982 581/1106/984
f 592/1105/983 581/1106/984 591/1107/985
f 591/1107/985 581/1106/984 590/1108/986
f 598/1109/987 599/1110/988 591/1111/985
f 591/1111/985 599/1110/988 592/1112/989
f 592/1112/989 599/1110/988 600/1113/990
f 592/1112/989 600/1113/990 601/1114/991
f 592/1112/989 601/1114/991 593/1115/992
f 593/1115/992 601/1114/991 602/1116/993
f 593/1115/992 602/1116/993 594/1117/994
f 594/1117/994 602/1116/993 603/1118/995
f 594/1117/994 603/1118/995 595/1119/996
f 595/1119/996 603/1118/995 604/1120/997
f 595/1119/996 604/1120/997 596/1121/998
f 596/1121/998 604/1120/997 605/1122/999
f 596/1121/998 605/1122/999 597/1123/1000
f 597/1123/1000 605/1122/999 606/1124/1001
f 597/1123/1000 606/1124/1001 589/1125/1002
f 517/1126/1003 476/1127/1004 518/1128/1005
f 518/1128/1005 476/1127/1004 475/1129/1006
f 518/1128/1005 475/1129/1006 474/1130/1007
f 516/1131/1008 480/1132/1009 517/1126/1003
f 517/1126/1003 480/1132/1009 479/1133/1010
f 517/1126/1003 479/1133/1010 478/1134/1011
f 515/1135/1012 484/1136/1013 516/1131/1008
f 516/1131/1008 484/1136/1013 483/1137/1014
f 516/1131/1008 483/1137/1014 482/1138/1015
f 515/1135/1012 514/1139/1016 484/1136/1013
f 484/1136/1013 514/1139/1016 513/1140/1017
f 484/1136/1013 513/1140/1017 512/1141/1018
f 607/1142/1019 503/1143/1020 512/1141/1018
f 512/1141/1018 503/1143/1020 484/1136/1013
f 482/1138/1015 481/1144/1021 516/1131/1008
f 516/1131/1008 481/1144/1021 480/1132/1009
f 478/1134/1011 477/1145/1022 517/1126/1003
f 517/1126/1003 477/1145/1022 476/1127/1004
f 511/1146/854 608/1147/1023 512/1148/853
f 512/1148/853 608/1147/1023 607/1149/1024
f 607/1149/1024 608/1147/1023 609/1150/1025
f 511/1151/871 534/1152/1026 608/1153/1027
f 540/1154/887 610/1155/1028 534/1156/1029
f 534/1156/1029 610/1155/1028 608/1157/1030
f 608/1157/1030 610/1155/1028 609/1158/1031
f 540/1159/902 549/1160/901 610/1161/1032
f 610/1161/1032 549/1160/901 611/1162/1033
f 564/1163/930 612/1164/1034 549/1165/931
f 549/1165/931 612/1164/1034 611/1166/1035
f 564/1167/938 570/1168/937 612/1169/1036
f 612/1169/1036 570/1168/937 613/1170/1037
f 588/1171/969 614/1172/1038 570/1173/968
f 570/1173/968 614/1172/1038 613/1174/1039
f 588/1175/971 589/1176/970 614/1177/1040
f 614/1177/1040 589/1176/970 615/1178/1041
f 591/1179/985 590/1180/986 598/1181/987
f 573/1182/951 572/1183/952 580/1184/953
f 527/1185/880 526/1186/879 541/1187/900
f 541/1187/900 526/1186/879 557/1188/917
f 541/1187/900 557/1188/917 550/1189/916
f 467/1190/795 466/1191/796 474/1192/1042
f 474/1192/1042 466/1191/796 518/1193/841
f 606/1194/1001 616/1195/1043 589/1196/1002
f 589/1196/1002 616/1195/1043 615/1197/1044
f 526/1198/879 525/1199/1045 557/1200/917
f 557/1200/917 525/1199/1045 558/1201/1046
f 558/1201/1046 525/1199/1045 524/1202/1047
f 558/1201/1046 524/1202/1047 500/1203/1048
f 558/1201/1046 500/1203/1048 559/1204/1049
f 559/1204/1049 500/1203/1048 499/1205/1050
f 559/1204/1049 499/1205/1050 627/1206/1051
f 627/1206/1051 499/1205/1050 498/1207/1052
f 627/1206/1051 498/1207/1052 628/1208/1053
f 628/1208/1053 498/1207/1052 497/1209/1054
f 628/1208/1053 497/1209/1054 629/1210/1055
f 629/1210/1055 497/1209/1054 496/1211/1056
f 629/1210/1055 496/1211/1056 618/1212/1057
f 618/1212/1057 496/1211/1056 495/1213/1058
f 618/1212/1057 495/1213/1058 617/1214/1059
f 617/1214/1059 495/1213/1058 494/1215/1060
f 618/1212/1057 619/1216/1061 629/1210/1055
f 629/1210/1055 619/1216/1061 620/1217/1062
f 629/1210/1055 620/1217/1062 628/1208/1053
f 628/1208/1053 620/1217/1062 621/1218/1063
f 628/1208/1053 621/1218/1063 622/1219/1064
f 628/1208/1053 622/1219/1064 627/1206/1051
f 627/1206/1051 622/1219/1064 623/1220/1065
f 627/1206/1051 623/1220/1065 626/1221/1066
f 626/1221/1066 623/1220/1065 624/1222/1067
f 626/1221/1066 624/1222/1067 571/1223/1068
f 571/1223/1068 624/1222/1067 625/1224/1069
f 571/1223/1068 625/1224/1069 581/1225/1070
f 581/1225/1070 625/1224/1069 599/1226/1071
f 581/1225/1070 599/1226/1071 590/1227/986
f 590/1227/986 599/1226/1071 598/1228/1072
f 624/1222/1067 599/1226/1071 625/1224/1069
f 580/1229/953 572/1230/952 581/1225/1070
f 581/1225/1070 572/1230/952 571/1223/1068
f 571/1223/1068 559/1204/1049 626/1221/1066
f 626/1221/1066 559/1204/1049 627/1206/1051
f 599/1231/1073 624/1232/1074 600/1233/1075
f 600/1233/1075 624/1232/1074 601/1234/1076
f 601/1234/1076 624/1232/1074 623/1235/1077
f 601/1234/1076 623/1235/1077 602/1236/1078
f 602/1236/1078 623/1235/1077 622/1237/1079
f 602/1236/1078 622/1237/1079 603/1238/1080
f 603/1238/1080 622/1237/1079 621/1239/1081
f 603/1238/1080 621/1239/1081 604/1240/1082
f 604/1240/1082 621/1239/1081 620/1241/1083
f 604/1240/1082 620/1241/1083 605/1242/1084
f 605/1242/1084 620/1241/1083 619/1243/1085
f 605/1242/1084 619/1243/1085 618/1244/1086
f 617/1245/1087 606/1246/1088 618/1244/1086
f 618/1244/1086 606/1246/1088 605/1242/1084
f 494/1247/1060 630/1248/1089 617/1249/1059
f 617/1249/1059 630/1248/1089 631/1250/1090
f 494/1251/830 493/1252/831 630/1253/1091
f 630/1253/1091 493/1252/831 632/1254/1092
f 493/1255/1093 492/1256/1094 459/1257/1095
f 459/1257/1095 492/1256/1094 460/1258/1096
f 460/1258/1096 492/1256/1094 491/1259/1097
f 460/1258/1096 491/1259/1097 461/1260/1098
f 461/1260/1098 491/1259/1097 490/1261/1099
f 461/1260/1098 490/1261/1099 462/1262/1100
f 462/1262/1100 490/1261/1099 489/1263/1101
f 462/1262/1100 489/1263/1101 488/1264/1102
f 462/1262/1100 488/1264/1102 463/1265/1103
f 463/1265/1103 488/1264/1102 487/1266/1104
f 463/1265/1103 487/1266/1104 504/1267/1105
f 504/1267/1105 487/1266/1104 486/1268/1106
f 504/1267/1105 486/1268/1106 522/1269/1107
f 522/1269/1107 486/1268/1106 523/1270/1108
f 523/1270/1108 486/1268/1106 485/1271/1109
f 504/1267/1105 464/1272/1110 463/1265/1103
f 459/1273/1095 502/1274/1111 493/1275/1093
f 493/1275/1093 502/1274/1111 632/1276/1112
f 634/1277/1113 650/1278/1114 633/1279/1115
f 633/1279/1115 650/1278/1114 648/1280/1116
f 633/1279/1115 648/1280/1116 649/1281/1117
f 634/1277/1113 635/1282/1118 650/1278/1114
f 650/1278/1114 635/1282/1118 651/1283/1119
f 650/1278/1114 651/1283/1119 647/1284/1120
f 647/1284/1120 651/1283/1119 646/1285/1121
f 646/1285/1121 651/1283/1119 652/1286/1122
f 646/1285/1121 652/1286/1122 645/1287/1123
f 645/1287/1123 652/1286/1122 653/1288/1124
f 645/1287/1123 653/1288/1124 644/1289/1125
f 644/1289/1125 653/1288/1124 654/1290/1126
f 644/1289/1125 654/1290/1126 643/1291/1127
f 643/1291/1127 654/1290/1126 655/1292/1128
f 643/1291/1127 655/1292/1128 642/1293/1129
f 642/1293/1129 655/1292/1128 641/1294/1130
f 641/1294/1130 655/1292/1128 640/1295/1131
f 641/1294/1130 640/1295/1131 609/1296/1031
f 635/1282/1118 636/1297/1132 651/1283/1119
f 651/1283/1119 636/1297/1132 652/1286/1122
f 636/1297/1132 637/1298/1133 652/1286/1122
f 652/1286/1122 637/1298/1133 653/1288/1124
f 637/1298/1133 638/1299/1134 653/1288/1124
f 653/1288/1124 638/1299/1134 654/1290/1126
f 638/1299/1134 639/1300/1135 654/1290/1126
f 654/1290/1126 639/1300/1135 655/1292/1128
f 639/1300/1135 640/1295/1131 655/1292/1128
f 609/1296/1031 610/1301/1028 641/1294/1130
f 647/1284/1120 648/1280/1116 650/1278/1114
f 633/1302/1115 656/1303/1136 634/1304/1137
f 634/1304/1137 656/1303/1136 681/1305/1138
f 634/1304/1137 681/1305/1138 680/1306/1139
f 680/1306/1139 681/1305/1138 682/1307/1140
f 680/1306/1139 682/1307/1140 683/1308/1141
f 683/1308/1141 682/1307/1140 685/1309/1142
f 683/1308/1141 685/1309/1142 678/1310/1143
f 678/1310/1143 685/1309/1142 677/1311/1144
f 677/1311/1144 685/1309/1142 687/1312/1145
f 677/1311/1144 687/1312/1145 676/1313/1146
f 676/1313/1146 687/1312/1145 675/1314/1147
f 675/1314/1147 687/1312/1145 689/1315/1148
f 675/1314/1147 689/1315/1148 674/1316/1149
f 674/1316/1149 689/1315/1148 673/1317/1150
f 673/1317/1150 689/1315/1148 691/1318/1151
f 673/1317/1150 691/1318/1151 672/1319/1152
f 672/1319/1152 691/1318/1151 671/1320/1153
f 671/1320/1153 691/1318/1151 670/1321/1154
f 670/1321/1154 691/1318/1151 669/1322/1155
f 669/1322/1155 691/1318/1151 668/1323/1156
f 668/1323/1156 691/1318/1151 667/1324/1157
f 667/1324/1157 691/1318/1151 666/1325/1158
f 666/1325/1158 691/1318/1151 607/1326/1019
f 666/1325/1158 607/1326/1019 665/1327/1159
f 665/1327/1159 607/1326/1019 664/1328/1160
f 664/1328/1160 607/1326/1019 663/1329/1161
f 656/1303/1136 657/1330/1162 681/1305/1138
f 681/1305/1138 657/1330/1162 658/1331/1163
f 681/1305/1138 658/1331/1163 682/1307/1140
f 682/1307/1140 658/1331/1163 659/1332/1164
f 682/1307/1140 659/1332/1164 684/1333/1165
f 684/1333/1165 659/1332/1164 660/1334/1166
f 684/1333/1165 660/1334/1166 686/1335/1167
f 686/1335/1167 660/1334/1166 661/1336/1168
f 686/1335/1167 661/1336/1168 688/1337/1169
f 688/1337/1169 661/1336/1168 662/1338/1170
f 688/1337/1169 662/1338/1170 690/1339/1171
f 690/1339/1171 662/1338/1170 503/1340/1020
f 690/1339/1171 503/1340/1020 691/1318/1151
f 691/1318/1151 503/1340/1020 607/1326/1019
f 678/1310/1143 679/1341/1172 683/1308/1141
f 683/1308/1141 679/1341/1172 680/1306/1139
f 685/1309/1142 682/1307/1140 684/1333/1165
f 687/1312/1145 685/1309/1142 684/1333/1165
f 689/1315/1148 687/1312/1145 686/1335/1167
f 686/1335/1167 687/1312/1145 684/1333/1165
f 691/1318/1151 689/1315/1148 688/1337/1169
f 688/1337/1169 689/1315/1148 686/1335/1167
f 690/1339/1171 691/1318/1151 688/1337/1169
f 501/1342/835 503/1343/834 704/1344/1173
f 704/1344/1173 503/1343/834 703/1345/1174
f 703/1345/1174 503/1343/834 705/1346/1175
f 703/1345/1174 705/1346/1175 702/1347/1176
f 702/1347/1176 705/1346/1175 701/1348/1177
f 701/1348/1177 705/1346/1175 700/1349/1178
f 700/1349/1178 705/1346/1175 699/1350/1179
f 699/1350/1179 705/1346/1175 706/1351/1180
f 699/1350/1179 706/1351/1180 698/1352/1181
f 698/1352/1181 706/1351/1180 697/1353/1182
f 697/1353/1182 706/1351/1180 696/1354/1183
f 696/1354/1183 706/1351/1180 707/1355/1184
f 696/1354/1183 707/1355/1184 695/1356/1185
f 695/1356/1185 707/1355/1184 708/1357/1186
f 695/1356/1185 708/1357/1186 694/1358/1187
f 694/1358/1187 708/1357/1186 709/1359/1188
f 694/1358/1187 709/1359/1188 693/1360/1189
f 693/1360/1189 709/1359/1188 710/1361/1190
f 693/1360/1189 710/1361/1190 692/1362/1191
f 692/1362/1191 710/1361/1190 656/1363/1136
f 656/1363/1136 710/1361/1190 657/1364/1192
f 657/1364/1192 710/1361/1190 658/1365/1193
f 658/1365/1193 710/1361/1190 709/1359/1188
f 658/1365/1193 709/1359/1188 659/1366/1194
f 659/1366/1194 709/1359/1188 708/1357/1186
f 659/1366/1194 708/1357/1186 660/1367/1195
f 660/1367/1195 708/1357/1186 707/1355/1184
f 660/1367/1195 707/1355/1184 661/1368/1196
f 661/1368/1196 707/1355/1184 706/1351/1180
f 661/1368/1196 706/1351/1180 662/1369/1197
f 662/1369/1197 706/1351/1180 705/1346/1175
f 662/1369/1197 705/1346/1175 503/1343/834
f 502/1370/832 501/1371/833 719/1372/1198
f 719/1372/1198 501/1371/833 720/1373/1199
f 719/1372/1198 720/1373/1199 718/1374/1200
f 718/1374/1200 720/1373/1199 717/1375/1201
f 717/1375/1201 720/1373/1199 721/1376/1202
f 717/1375/1201 721/1376/1202 716/1377/1203
f 716/1377/1203 721/1376/1202 722/1378/1204
f 716/1377/1203 722/1378/1204 715/1379/1205
f 715/1379/1205 722/1378/1204 723/1380/1206
f 715/1379/1205 723/1380/1206 714/1381/1207
f 714/1381/1207 723/1380/1206 724/1382/1208
f 714/1381/1207 724/1382/1208 713/1383/1209
f 713/1383/1209 724/1382/1208 725/1384/1210
f 713/1383/1209 725/1384/1210 712/1385/1211
f 712/1385/1211 725/1384/1210 692/1386/1191
f 712/1385/1211 692/1386/1191 711/1387/1212
f 704/1388/1213 703/1389/1214 501/1371/833
f 501/1371/833 703/1389/1214 720/1373/1199
f 703/1389/1214 702/1390/1215 720/1373/1199
f 720/1373/1199 702/1390/1215 701/1391/1216
f 720/1373/1199 701/1391/1216 700/1392/1217
f 700/1392/1217 699/1393/1218 720/1373/1199
f 720/1373/1199 699/1393/1218 721/1376/1202
f 699/1393/1218 698/1394/1219 721/1376/1202
f 721/1376/1202 698/1394/1219 697/1395/1220
f 721/1376/1202 697/1395/1220 696/1396/1221
f 721/1376/1202 696/1396/1221 722/1378/1204
f 722/1378/1204 696/1396/1221 695/1397/1222
f 722/1378/1204 695/1397/1222 723/1380/1206
f 723/1380/1206 695/1397/1222 694/1398/1223
f 723/1380/1206 694/1398/1223 724/1382/1208
f 724/1382/1208 694/1398/1223 693/1399/1224
f 724/1382/1208 693/1399/1224 725/1384/1210
f 725/1384/1210 693/1399/1224 692/1386/1191
f 632/1400/1112 502/1401/1111 741/1402/1225
f 741/1402/1225 502/1401/1111 719/1403/1226
f 741/1402/1225 719/1403/1226 740/1404/1227
f 740/1404/1227 719/1403/1226 739/1405/1228
f 739/1405/1228 719/1403/1226 738/1406/1229
f 738/1406/1229 719/1403/1226 737/1407/1230
f 737/1407/1230 719/1403/1226 743/1408/1231
f 737/1407/1230 743/1408/1231 736/1409/1232
f 736/1409/1232 743/1408/1231 735/1410/1233
f 735/1410/1233 743/1408/1231 734/1411/1234
f 734/1411/1234 743/1408/1231 733/1412/1235
f 733/1412/1235 743/1408/1231 745/1413/1236
f 733/1412/1235 745/1413/1236 732/1414/1237
f 732/1414/1237 745/1413/1236 731/1415/1238
f 731/1415/1238 745/1413/1236 747/1416/1239
f 731/1415/1238 747/1416/1239 730/1417/1240
f 730/1417/1240 747/1416/1239 749/1418/1241
f 730/1417/1240 749/1418/1241 729/1419/1242
f 729/1419/1242 749/1418/1241 751/1420/1243
f 729/1419/1242 751/1420/1243 728/1421/1244
f 728/1421/1244 751/1420/1243 750/1422/1245
f 728/1421/1244 750/1422/1245 752/1423/1246
f 752/1423/1246 750/1422/1245 713/1424/1247
f 752/1423/1246 713/1424/1247 712/1425/1248
f 743/1408/1231 719/1403/1226 742/1426/1249
f 742/1426/1249 719/1403/1226 718/1427/1250
f 742/1426/1249 718/1427/1250 717/1428/1251
f 742/1426/1249 717/1428/1251 744/1429/1252
f 744/1429/1252 717/1428/1251 716/1430/1253
f 744/1429/1252 716/1430/1253 746/1431/1254
f 746/1431/1254 716/1430/1253 715/1432/1255
f 746/1431/1254 715/1432/1255 748/1433/1256
f 748/1433/1256 715/1432/1255 714/1434/1257
f 748/1433/1256 714/1434/1257 750/1422/1245
f 750/1422/1245 714/1434/1257 713/1424/1247
f 711/1435/1258 726/1436/1259 712/1425/1248
f 712/1425/1248 726/1436/1259 752/1423/1246
f 726/1436/1259 727/1437/1260 752/1423/1246
f 752/1423/1246 727/1437/1260 728/1421/1244
f 745/1413/1236 743/1408/1231 742/1426/1249
f 747/1416/1239 745/1413/1236 744/1429/1252
f 744/1429/1252 745/1413/1236 742/1426/1249
f 749/1418/1241 747/1416/1239 746/1431/1254
f 746/1431/1254 747/1416/1239 744/1429/1252
f 751/1420/1243 749/1418/1241 748/1433/1256
f 748/1433/1256 749/1418/1241 746/1431/1254
f 750/1422/1245 751/1420/1243 748/1433/1256
f 630/1438/1091 632/1439/1092 765/1440/1261
f 765/1440/1261 632/1439/1092 741/1441/1262
f 765/1440/1261 741/1441/1262 764/1442/1263
f 764/1442/1263 741/1441/1262 740/1443/1264
f 764/1442/1263 740/1443/1264 739/1444/1265
f 764/1442/1263 739/1444/1265 767/1445/1266
f 767/1445/1266 739/1444/1265 738/1446/1267
f 767/1445/1266 738/1446/1267 737/1447/1268
f 737/1447/1268 736/1448/1269 767/1445/1266
f 767/1445/1266 736/1448/1269 735/1449/1270
f 767/1445/1266 735/1449/1270 734/1450/1271
f 734/1450/1271 733/1451/1272 767/1445/1266
f 767/1445/1266 733/1451/1272 768/1452/1273
f 767/1445/1266 768/1452/1273 760/1453/1274
f 760/1453/1274 768/1452/1273 759/1454/1275
f 759/1454/1275 768/1452/1273 758/1455/1276
f 758/1455/1276 768/1452/1273 757/1456/1277
f 757/1456/1277 768/1452/1273 769/1457/1278
f 757/1456/1277 769/1457/1278 756/1458/1279
f 756/1458/1279 769/1457/1278 770/1459/1280
f 756/1458/1279 770/1459/1280 755/1460/1281
f 755/1460/1281 770/1459/1280 771/1461/1282
f 755/1460/1281 771/1461/1282 754/1462/1283
f 754/1462/1283 771/1461/1282 766/1463/1284
f 754/1462/1283 766/1463/1284 753/1464/1285
f 753/1464/1285 766/1463/1284 726/1465/1259
f 726/1465/1259 766/1463/1284 727/1466/1286
f 727/1466/1286 766/1463/1284 728/1467/1287
f 728/1467/1287 766/1463/1284 771/1461/1282
f 728/1467/1287 771/1461/1282 729/1468/1288
f 729/1468/1288 771/1461/1282 770/1459/1280
f 729/1468/1288 770/1459/1280 730/1469/1289
f 730/1469/1289 770/1459/1280 769/1457/1278
f 730/1469/1289 769/1457/1278 731/1470/1290
f 731/1470/1290 769/1457/1278 768/1452/1273
f 731/1470/1290 768/1452/1273 732/1471/1291
f 732/1471/1291 768/1452/1273 733/1451/1272
f 760/1453/1274 761/1472/1292 767/1445/1266
f 767/1445/1266 761/1472/1292 762/1473/1293
f 767/1445/1266 762/1473/1293 763/1474/1294
f 763/1474/1294 764/1442/1263 767/1445/1266
f 630/1475/1089 765/1476/1295 631/1477/1090
f 631/1477/1090 765/1476/1295 788/1478/1296
f 788/1478/1296 765/1476/1295 764/1479/1297
f 788/1478/1296 764/1479/1297 787/1480/1298
f 787/1480/1298 764/1479/1297 786/1481/1299
f 786/1481/1299 764/1479/1297 763/1482/1300
f 786/1481/1299 763/1482/1300 785/1483/1301
f 785/1483/1301 763/1482/1300 784/1484/1302
f 784/1484/1302 763/1482/1300 783/1485/1303
f 783/1485/1303 763/1482/1300 790/1486/1304
f 783/1485/1303 790/1486/1304 782/1487/1305
f 782/1487/1305 790/1486/1304 781/1488/1306
f 781/1488/1306 790/1486/1304 780/1489/1307
f 780/1489/1307 790/1486/1304 792/1490/1308
f 780/1489/1307 792/1490/1308 779/1491/1309
f 779/1491/1309 792/1490/1308 778/1492/1310
f 778/1492/1310 792/1490/1308 777/1493/1311
f 777/1493/1311 792/1490/1308 794/1494/1312
f 777/1493/1311 794/1494/1312 776/1495/1313
f 776/1495/1313 794/1494/1312 796/1496/1314
f 776/1495/1313 796/1496/1314 775/1497/1315
f 775/1497/1315 796/1496/1314 798/1498/1316
f 775/1497/1315 798/1498/1316 774/1499/1317
f 774/1499/1317 798/1498/1316 800/1500/1318
f 774/1499/1317 800/1500/1318 773/1501/1319
f 773/1501/1319 800/1500/1318 799/1502/1320
f 773/1501/1319 799/1502/1320 772/1503/1321
f 772/1503/1321 799/1502/1320 753/1504/1322
f 753/1504/1322 799/1502/1320 754/1505/1323
f 754/1505/1323 799/1502/1320 797/1506/1324
f 754/1505/1323 797/1506/1324 755/1507/1325
f 755/1507/1325 797/1506/1324 795/1508/1326
f 755/1507/1325 795/1508/1326 756/1509/1327
f 756/1509/1327 795/1508/1326 793/1510/1328
f 756/1509/1327 793/1510/1328 757/1511/1329
f 757/1511/1329 793/1510/1328 791/1512/1330
f 757/1511/1329 791/1512/1330 758/1513/1331
f 758/1513/1331 791/1512/1330 759/1514/1332
f 759/1514/1332 791/1512/1330 760/1515/1333
f 760/1515/1333 791/1512/1330 789/1516/1334
f 760/1515/1333 789/1516/1334 761/1517/1335
f 761/1517/1335 789/1516/1334 762/1518/1336
f 762/1518/1336 789/1516/1334 763/1482/1300
f 763/1482/1300 789/1516/1334 790/1486/1304
f 792/1490/1308 790/1486/1304 789/1516/1334
f 794/1494/1312 792/1490/1308 791/1512/1330
f 791/1512/1330 792/1490/1308 789/1516/1334
f 796/1496/1314 794/1494/1312 793/1510/1328
f 793/1510/1328 794/1494/1312 791/1512/1330
f 798/1498/1316 796/1496/1314 795/1508/1326
f 795/1508/1326 796/1496/1314 793/1510/1328
f 800/1500/1318 798/1498/1316 797/1506/1324
f 797/1506/1324 798/1498/1316 795/1508/1326
f 799/1502/1320 800/1500/1318 797/1506/1324
f 616/1519/1337 631/1520/1338 810/1521/1339
f 810/1521/1339 631/1520/1338 811/1522/1340
f 810/1521/1339 811/1522/1340 809/1523/1341
f 809/1523/1341 811/1522/1340 808/1524/1342
f 808/1524/1342 811/1522/1340 812/1525/1343
f 808/1524/1342 812/1525/1343 807/1526/1344
f 807/1526/1344 812/1525/1343 806/1527/1345
f 806/1527/1345 812/1525/1343 813/1528/1346
f 806/1527/1345 813/1528/1346 805/1529/1347
f 805/1529/1347 813/1528/1346 814/1530/1348
f 805/1529/1347 814/1530/1348 804/1531/1349
f 804/1531/1349 814/1530/1348 815/1532/1350
f 804/1531/1349 815/1532/1350 803/1533/1351
f 803/1533/1351 815/1532/1350 816/1534/1352
f 803/1533/1351 816/1534/1352 802/1535/1353
f 802/1535/1353 816/1534/1352 801/1536/1354
f 801/1536/1354 816/1534/1352 773/1537/1355
f 801/1536/1354 773/1537/1355 772/1538/1321
f 788/1539/1356 787/1540/1357 631/1520/1338
f 631/1520/1338 787/1540/1357 786/1541/1358
f 631/1520/1338 786/1541/1358 811/1522/1340
f 811/1522/1340 786/1541/1358 785/1542/1359
f 811/1522/1340 785/1542/1359 784/1543/1360
f 784/1543/1360 783/1544/1361 811/1522/1340
f 811/1522/1340 783/1544/1361 782/1545/1362
f 811/1522/1340 782/1545/1362 781/1546/1363
f 781/1546/1363 780/1547/1364 811/1522/1340
f 811/1522/1340 780/1547/1364 812/1525/1343
f 780/1547/1364 779/1548/1365 812/1525/1343
f 812/1525/1343 779/1548/1365 778/1549/1366
f 812/1525/1343 778/1549/1366 777/1550/1367
f 812/1525/1343 777/1550/1367 813/1528/1346
f 813/1528/1346 777/1550/1367 776/1551/1368
f 813/1528/1346 776/1551/1368 814/1530/1348
f 814/1530/1348 776/1551/1368 775/1552/1369
f 814/1530/1348 775/1552/1369 815/1532/1350
f 815/1532/1350 775/1552/1369 774/1553/1370
f 815/1532/1350 774/1553/1370 816/1534/1352
f 816/1534/1352 774/1553/1370 773/1537/1355
f 615/1554/1044 616/1555/1043 829/1556/1371
f 829/1556/1371 616/1555/1043 810/1557/1372
f 829/1556/1371 810/1557/1372 828/1558/1373
f 828/1558/1373 810/1557/1372 827/1559/1374
f 827/1559/1374 810/1557/1372 830/1560/1375
f 827/1559/1374 830/1560/1375 826/1561/1376
f 826/1561/1376 830/1560/1375 825/1562/1377
f 825/1562/1377 830/1560/1375 824/1563/1378
f 824/1563/1378 830/1560/1375 831/1564/1379
f 824/1563/1378 831/1564/1379 823/1565/1380
f 823/1565/1380 831/1564/1379 822/1566/1381
f 822/1566/1381 831/1564/1379 821/1567/1382
f 821/1567/1382 831/1564/1379 832/1568/1383
f 821/1567/1382 832/1568/1383 820/1569/1384
f 820/1569/1384 832/1568/1383 833/1570/1385
f 820/1569/1384 833/1570/1385 819/1571/1386
f 819/1571/1386 833/1570/1385 834/1572/1387
f 819/1571/1386 834/1572/1387 818/1573/1388
f 818/1573/1388 834/1572/1387 835/1574/1389
f 818/1573/1388 835/1574/1389 817/1575/1390
f 817/1575/1390 835/1574/1389 802/1576/1391
f 817/1575/1390 802/1576/1391 801/1577/1392
f 810/1557/1372 809/1578/1393 830/1560/1375
f 830/1560/1375 809/1578/1393 808/1579/1394
f 830/1560/1375 808/1579/1394 831/1564/1379
f 831/1564/1379 808/1579/1394 807/1580/1395
f 831/1564/1379 807/1580/1395 806/1581/1396
f 831/1564/1379 806/1581/1396 832/1568/1383
f 832/1568/1383 806/1581/1396 805/1582/1397
f 832/1568/1383 805/1582/1397 833/1570/1385
f 833/1570/1385 805/1582/1397 804/1583/1398
f 833/1570/1385 804/1583/1398 834/1572/1387
f 834/1572/1387 804/1583/1398 803/1584/1399
f 834/1572/1387 803/1584/1399 835/1574/1389
f 835/1574/1389 803/1584/1399 802/1576/1391
f 615/1585/1041 829/1586/1400 614/1587/1040
f 614/1587/1040 829/1586/1400 845/1588/1401
f 845/1588/1401 829/1586/1400 828/1589/1402
f 845/1588/1401 828/1589/1402 846/1590/1403
f 846/1590/1403 828/1589/1402 827/1591/1404
f 846/1590/1403 827/1591/1404 826/1592/1405
f 826/1592/1405 825/1593/1406 846/1590/1403
f 846/1590/1403 825/1593/1406 824/1594/1407
f 846/1590/1403 824/1594/1407 847/1595/1408
f 847/1595/1408 824/1594/1407 823/1596/1409
f 847/1595/1408 823/1596/1409 822/1597/1410
f 822/1597/1410 821/1598/1411 847/1595/1408
f 847/1595/1408 821/1598/1411 848/1599/1412
f 847/1595/1408 848/1599/1412 840/1600/1413
f 840/1600/1413 848/1599/1412 839/1601/1414
f 839/1601/1414 848/1599/1412 849/1602/1415
f 839/1601/1414 849/1602/1415 838/1603/1416
f 838/1603/1416 849/1602/1415 850/1604/1417
f 838/1603/1416 850/1604/1417 837/1605/1418
f 837/1605/1418 850/1604/1417 851/1606/1419
f 837/1605/1418 851/1606/1419 836/1607/1420
f 836/1607/1420 851/1606/1419 817/1608/1390
f 817/1608/1390 851/1606/1419 818/1609/1421
f 818/1609/1421 851/1606/1419 850/1604/1417
f 818/1609/1421 850/1604/1417 819/1610/1422
f 819/1610/1422 850/1604/1417 849/1602/1415
f 819/1610/1422 849/1602/1415 820/1611/1423
f 820/1611/1423 849/1602/1415 848/1599/1412
f 820/1611/1423 848/1599/1412 821/1598/1411
f 840/1600/1413 841/1612/1424 847/1595/1408
f 847/1595/1408 841/1612/1424 842/1613/1425
f 847/1595/1408 842/1613/1425 843/1614/1426
f 847/1595/1408 843/1614/1426 846/1590/1403
f 846/1590/1403 843/1614/1426 844/1615/1427
f 846/1590/1403 844/1615/1427 845/1588/1401
f 613/1616/1039 614/1617/1038 864/1618/1428
f 864/1618/1428 614/1617/1038 845/1619/1429
f 864/1618/1428 845/1619/1429 863/1620/1430
f 863/1620/1430 845/1619/1429 862/1621/1431
f 862/1621/1431 845/1619/1429 865/1622/1432
f 862/1621/1431 865/1622/1432 861/1623/1433
f 861/1623/1433 865/1622/1432 860/1624/1434
f 860/1624/1434 865/1622/1432 859/1625/1435
f 859/1625/1435 865/1622/1432 858/1626/1436
f 858/1626/1436 865/1622/1432 866/1627/1437
f 858/1626/1436 866/1627/1437 857/1628/1438
f 857/1628/1438 866/1627/1437 856/1629/1439
f 856/1629/1439 866/1627/1437 867/1630/1440
f 856/1629/1439 867/1630/1440 855/1631/1441
f 855/1631/1441 867/1630/1440 868/1632/1442
f 855/1631/1441 868/1632/1442 854/1633/1443
f 854/1633/1443 868/1632/1442 869/1634/1444
f 854/1633/1443 869/1634/1444 853/1635/1445
f 853/1635/1445 869/1634/1444 870/1636/1446
f 853/1635/1445 870/1636/1446 852/1637/1447
f 852/1637/1447 870/1636/1446 836/1638/1448
f 836/1638/1448 870/1636/1446 837/1639/1449
f 837/1639/1449 870/1636/1446 869/1634/1444
f 837/1639/1449 869/1634/1444 838/1640/1450
f 838/1640/1450 869/1634/1444 868/1632/1442
f 838/1640/1450 868/1632/1442 839/1641/1451
f 839/1641/1451 868/1632/1442 867/1630/1440
f 839/1641/1451 867/1630/1440 840/1642/1452
f 840/1642/1452 867/1630/1440 866/1627/1437
f 840/1642/1452 866/1627/1437 841/1643/1453
f 841/1643/1453 866/1627/1437 842/1644/1454
f 842/1644/1454 866/1627/1437 843/1645/1455
f 843/1645/1455 866/1627/1437 865/1622/1432
f 843/1645/1455 865/1622/1432 844/1646/1456
f 844/1646/1456 865/1622/1432 845/1619/1429
f 612/1647/1036 613/1648/1037 884/1649/1457
f 884/1649/1457 613/1648/1037 864/1650/1458
f 884/1649/1457 864/1650/1458 883/1651/1459
f 883/1651/1459 864/1650/1458 863/1652/1460
f 883/1651/1459 863/1652/1460 882/1653/1461
f 882/1653/1461 863/1652/1460 862/1654/1462
f 882/1653/1461 862/1654/1462 861/1655/1463
f 882/1653/1461 861/1655/1463 881/1656/1464
f 881/1656/1464 861/1655/1463 860/1657/1465
f 881/1656/1464 860/1657/1465 880/1658/1466
f 880/1658/1466 860/1657/1465 859/1659/1467
f 880/1658/1466 859/1659/1467 879/1660/1468
f 879/1660/1468 859/1659/1467 878/1661/1469
f 878/1661/1469 859/1659/1467 858/1662/1470
f 878/1661/1469 858/1662/1470 877/1663/1471
f 877/1663/1471 858/1662/1470 857/1664/1472
f 877/1663/1471 857/1664/1472 876/1665/1473
f 876/1665/1473 857/1664/1472 856/1666/1474
f 876/1665/1473 856/1666/1474 875/1667/1475
f 875/1667/1475 856/1666/1474 855/1668/1476
f 875/1667/1475 855/1668/1476 874/1669/1477
f 874/1669/1477 855/1668/1476 887/1670/1478
f 874/1669/1477 887/1670/1478 873/1671/1479
f 873/1671/1479 887/1670/1478 854/1672/1480
f 873/1671/1479 854/1672/1480 886/1673/1481
f 886/1673/1481 854/1672/1480 853/1674/1482
f 886/1673/1481 853/1674/1482 885/1675/1483
f 885/1675/1483 853/1674/1482 852/1676/1447
f 885/1675/1483 852/1676/1447 871/1677/1484
f 855/1668/1476 854/1672/1480 887/1670/1478
f 871/1677/1484 872/1678/1485 885/1675/1483
f 885/1675/1483 872/1678/1485 886/1673/1481
f 872/1678/1485 873/1671/1479 886/1673/1481
f 612/1679/1034 884/1680/1486 611/1681/1035
f 611/1681/1035 884/1680/1486 900/1682/1487
f 900/1682/1487 884/1680/1486 883/1683/1488
f 900/1682/1487 883/1683/1488 899/1684/1489
f 899/1684/1489 883/1683/1488 882/1685/1490
f 899/1684/1489 882/1685/1490 898/1686/1491
f 898/1686/1491 882/1685/1490 897/1687/1492
f 897/1687/1492 882/1685/1490 881/1688/1493
f 897/1687/1492 881/1688/1493 896/1689/1494
f 896/1689/1494 881/1688/1493 880/1690/1495
f 896/1689/1494 880/1690/1495 895/1691/1496
f 895/1691/1496 880/1690/1495 879/1692/1497
f 895/1691/1496 879/1692/1497 878/1693/1498
f 895/1691/1496 878/1693/1498 894/1694/1499
f 894/1694/1499 878/1693/1498 877/1695/1500
f 894/1694/1499 877/1695/1500 893/1696/1501
f 893/1696/1501 877/1695/1500 876/1697/1502
f 893/1696/1501 876/1697/1502 892/1698/1503
f 892/1698/1503 876/1697/1502 875/1699/1504
f 892/1698/1503 875/1699/1504 901/1700/1505
f 901/1700/1505 875/1699/1504 874/1701/1506
f 901/1700/1505 874/1701/1506 891/1702/1507
f 891/1702/1507 874/1701/1506 903/1703/1508
f 891/1702/1507 903/1703/1508 890/1704/1509
f 890/1704/1509 903/1703/1508 902/1705/1510
f 890/1704/1509 902/1705/1510 889/1706/1511
f 889/1706/1511 902/1705/1510 904/1707/1512
f 889/1706/1511 904/1707/1512 888/1708/1513
f 888/1708/1513 904/1707/1512 871/1709/1484
f 871/1709/1484 904/1707/1512 872/1710/1514
f 872/1710/1514 904/1707/1512 902/1705/1510
f 872/1710/1514 902/1705/1510 873/1711/1515
f 873/1711/1515 902/1705/1510 903/1703/1508
f 873/1711/1515 903/1703/1508 874/1701/1506
f 891/1702/1507 892/1698/1503 901/1700/1505
f 610/1712/1032 611/1713/1033 641/1714/1516
f 641/1714/1516 611/1713/1033 905/1715/1517
f 641/1714/1516 905/1715/1517 642/1716/1518
f 642/1716/1518 905/1715/1517 643/1717/1519
f 643/1717/1519 905/1715/1517 906/1718/1520
f 643/1717/1519 906/1718/1520 644/1719/1521
f 644/1719/1521 906/1718/1520 907/1720/1522
f 644/1719/1521 907/1720/1522 645/1721/1523
f 645/1721/1523 907/1720/1522 908/1722/1524
f 645/1721/1523 908/1722/1524 646/1723/1525
f 646/1723/1525 908/1722/1524 909/1724/1526
f 646/1723/1525 909/1724/1526 647/1725/1527
f 647/1725/1527 909/1724/1526 910/1726/1528
f 647/1725/1527 910/1726/1528 648/1727/1529
f 648/1727/1529 910/1726/1528 888/1728/1513
f 648/1727/1529 888/1728/1513 649/1729/1117
f 900/1730/1530 899/1731/1531 611/1713/1033
f 611/1713/1033 899/1731/1531 905/1715/1517
f 899/1731/1531 898/1732/1532 905/1715/1517
f 905/1715/1517 898/1732/1532 897/1733/1533
f 905/1715/1517 897/1733/1533 896/1734/1534
f 896/1734/1534 895/1735/1535 905/1715/1517
f 905/1715/1517 895/1735/1535 906/1718/1520
f 895/1735/1535 894/1736/1536 906/1718/1520
f 906/1718/1520 894/1736/1536 893/1737/1537
f 906/1718/1520 893/1737/1537 892/1738/1538
f 906/1718/1520 892/1738/1538 907/1720/1522
f 907/1720/1522 892/1738/1538 891/1739/1539
f 907/1720/1522 891/1739/1539 908/1722/1524
f 908/1722/1524 891/1739/1539 890/1740/1540
f 908/1722/1524 890/1740/1540 909/1724/1526
f 909/1724/1526 890/1740/1540 889/1741/1541
f 909/1724/1526 889/1741/1541 910/1726/1528
f 910/1726/1528 889/1741/1541 888/1728/1513
f 606/1742/1088 617/1743/1087 616/1744/1337
f 616/1744/1337 617/1743/1087 631/1745/1338
f 633/1746/1115 649/1747/1117 656/1748/1136
f 656/1748/1136 649/1747/1117 871/1749/1484
f 656/1748/1136 871/1749/1484 753/1750/1322
f 753/1750/1322 871/1749/1484 836/1751/1542
f 753/1750/1322 836/1751/1542 801/1752/1354
f 801/1752/1354 836/1751/1542 817/1753/1390
f 649/1747/1117 888/1754/1513 871/1749/1484
f 871/1749/1484 852/1755/1447 836/1751/1542
f 801/1752/1354 772/1756/1321 753/1750/1322
f 726/1757/1259 711/1758/1212 753/1750/1322
f 753/1750/1322 711/1758/1212 656/1748/1136
f 711/1758/1212 692/1759/1191 656/1748/1136
f 634/1760/1543 680/1761/1544 635/1762/1545
f 635/1762/1545 680/1761/1544 679/1763/1546
f 635/1762/1545 679/1763/1546 636/1764/1547
f 636/1764/1547 679/1763/1546 678/1765/1548
f 636/1764/1547 678/1765/1548 637/1766/1549
f 637/1766/1549 678/1765/1548 911/1767/1550
f 637/1766/1549 911/1767/1550 638/1768/1551
f 638/1768/1551 911/1767/1550 912/1769/1552
f 638/1768/1551 912/1769/1552 639/1770/1553
f 639/1770/1553 912/1769/1552 913/1771/1554
f 639/1770/1553 913/1771/1554 640/1772/1555
f 640/1772/1555 913/1771/1554 914/1773/1556
f 640/1772/1555 914/1773/1556 609/1774/1025
f 609/1774/1025 914/1773/1556 666/1775/1557
f 609/1774/1025 666/1775/1557 665/1776/1558
f 678/1765/1548 677/1777/1559 911/1767/1550
f 911/1767/1550 677/1777/1559 912/1769/1552
f 677/1777/1559 676/1778/1560 912/1769/1552
f 912/1769/1552 676/1778/1560 675/1779/1561
f 912/1769/1552 675/1779/1561 913/1771/1554
f 913/1771/1554 675/1779/1561 674/1780/1562
f 913/1771/1554 674/1780/1562 673/1781/1563
f 913/1771/1554 673/1781/1563 914/1773/1556
f 914/1773/1556 673/1781/1563 672/1782/1564
f 914/1773/1556 672/1782/1564 671/1783/1565
f 671/1783/1565 670/1784/1566 914/1773/1556
f 914/1773/1556 670/1784/1566 669/1785/1567
f 914/1773/1556 669/1785/1567 668/1786/1568
f 668/1786/1568 667/1787/1569 914/1773/1556
f 914/1773/1556 667/1787/1569 666/1775/1557
f 665/1776/1558 664/1788/1570 609/1774/1025
f 609/1774/1025 664/1788/1570 663/1789/1571
f 609/1774/1025 663/1789/1571 607/1790/1024
g Body42

v 0.831994 3.371959 6.561062
v 0.831994 3.349930 6.504201
v 0.834110 3.350272 6.503702
v 0.836156 3.350777 6.502965
v 0.839929 3.352247 6.500819
v 0.843119 3.354264 6.497874
v 0.845559 3.356723 6.494284
v 0.847184 3.362273 6.496735
v 0.847736 3.368165 6.499336
v 0.847736 3.370384 6.505065
v 0.846588 3.370931 6.524512
v 0.843280 3.371412 6.541614
v 0.838211 3.371769 6.554308
v 0.835202 3.371886 6.558497
v 0.833617 3.371928 6.559988
v 0.847736 3.372761 6.497730
v 0.846588 3.381482 6.491955
v 0.845184 3.385432 6.489528
v 0.843280 3.388945 6.487510
v 0.840931 3.391915 6.485963
v 0.838211 3.394251 6.484933
v 0.836737 3.395158 6.484622
v 0.835202 3.395882 6.484451
v 0.833617 3.396417 6.484421
v 0.831994 3.396759 6.484533
v 0.847510 3.347761 6.488367
v 0.845716 3.317743 6.493979
v 0.842293 3.292094 6.498773
v 0.840067 3.281697 6.500717
v 0.837568 3.273265 6.502293
v 0.834856 3.267003 6.503464
v 0.833439 3.264734 6.503888
v 0.831994 3.263060 6.504201
v 0.831994 3.324240 6.480499
v 0.833266 3.325158 6.480432
v 0.834516 3.326371 6.480343
v 0.836929 3.329652 6.480103
v 0.841254 3.339404 6.479391
v 0.844648 3.352773 6.478413
v 0.846861 3.368768 6.477244
v 0.679594 3.374214 6.641270
v 0.679594 3.331522 6.531073
v 0.679594 3.419517 6.501475
v 0.844838 3.349997 6.495542
v 0.842386 3.373668 6.483008
v 0.839336 3.392977 6.472785
v 0.837627 3.400723 6.468683
v 0.835821 3.407079 6.465317
v 0.833936 3.411976 6.462725
v 0.831994 3.415360 6.460933
v 0.831994 3.450850 6.447184
v 0.835202 3.445541 6.450162
v 0.838211 3.438448 6.454415
v 0.840931 3.429785 6.459814
v 0.843280 3.419817 6.466194
v 0.846588 3.397204 6.481099
v 0.847736 3.373337 6.497332
v 0.843280 3.401213 6.473401
v 0.845710 3.402548 6.476847
v 0.840062 3.400117 6.470570
v 0.846049 3.349292 6.493278
v 0.846946 3.348542 6.490872
v 0.847345 3.368382 6.475238
v 0.847638 3.367987 6.473190
v 0.847736 3.367588 6.471120
v 0.847736 3.414106 6.439000
v 0.846588 3.435009 6.432484
v 0.843280 3.453391 6.426755
v 0.840931 3.460924 6.424407
v 0.838211 3.467035 6.422502
v 0.835202 3.471537 6.421099
v 0.833617 3.473140 6.420599
v 0.831994 3.474294 6.420239
v 0.843280 3.410904 6.456092
v 0.845710 3.408804 6.453051
v 0.847223 3.406443 6.449631
v 0.840062 3.412629 6.458590
v 0.836232 3.413885 6.460409
v 0.831994 3.396309 6.420239
v 0.847736 3.383458 6.439000
v 0.847447 3.385724 6.435692
v 0.846588 3.387921 6.432484
v 0.845184 3.389983 6.429475
v 0.843280 3.391846 6.426755
v 0.840931 3.393455 6.424407
v 0.838211 3.394759 6.422502
v 0.835202 3.395721 6.421099
v 0.831994 3.366036 6.342098
v 0.847736 3.371708 6.408670
v 0.846588 3.369738 6.385550
v 0.843280 3.368006 6.365218
v 0.840931 3.367296 6.356886
v 0.838211 3.366721 6.350127
v 0.835202 3.366296 6.345148
v 0.833617 3.366145 6.343374
v 0.847736 3.359448 6.469268
v 0.847019 3.353368 6.473197
v 0.844920 3.347747 6.476830
v 0.842467 3.347337 6.462800
v 0.839400 3.347002 6.451350
v 0.835857 3.346758 6.442989
v 0.833955 3.346673 6.440090
v 0.831994 3.346615 6.438091
v 0.845710 3.362591 6.410617
v 0.847223 3.366665 6.411441
v 0.843280 3.358969 6.409884
v 0.840062 3.355994 6.409282
v 0.836232 3.353827 6.408844
v 0.831994 3.329924 6.374850
v 0.847019 3.341098 6.470406
v 0.847736 3.333907 6.463458
v 0.847736 3.327787 6.440269
v 0.846588 3.328529 6.417549
v 0.843280 3.329182 6.397570
v 0.840931 3.329449 6.389382
v 0.838211 3.329666 6.382740
v 0.835202 3.329826 6.377847
v 0.833617 3.329883 6.376104
v 0.847736 3.321000 6.460522
v 0.847681 3.319111 6.461583
v 0.846185 3.316647 6.449814
v 0.842801 3.314512 6.439618
v 0.840509 3.313642 6.435465
v 0.837895 3.312937 6.432097
v 0.835031 3.312416 6.429606
v 0.833529 3.312229 6.428712
v 0.831994 3.312092 6.428060
v 0.831994 3.266128 6.377331
v 0.847736 3.314940 6.459144
v 0.847736 3.284889 6.425977
v 0.846588 3.278373 6.409083
v 0.843280 3.272644 6.394226
v 0.840931 3.270296 6.388138
v 0.838211 3.268391 6.383199
v 0.835202 3.266988 6.379560
v 0.833617 3.266488 6.378264
v 0.847736 3.284889 6.452308
v 0.847709 3.283869 6.453121
v 0.846311 3.277660 6.447799
v 0.844856 3.274817 6.445362
v 0.842946 3.272257 6.443168
v 0.840636 3.270053 6.441279
v 0.837990 3.268265 6.439746
v 0.835082 3.266944 6.438614
v 0.831994 3.266128 6.437915
v 0.679594 3.653685 6.339785
v 0.754980 3.517861 6.406660
v 0.679594 3.515376 6.393367
v 0.679594 3.414717 6.393367
v 0.679594 3.357912 6.246741
v 0.679594 3.343155 6.319680
v 0.679594 3.332985 6.281145
v 0.679594 3.301194 6.376011
v 0.679594 3.239256 6.307652
v 0.679594 3.239256 6.414881
v 0.831994 3.189301 6.449803
v 0.833555 3.191131 6.449867
v 0.835082 3.193652 6.449956
v 0.837990 3.200691 6.450203
v 0.840636 3.210221 6.450537
v 0.842946 3.221973 6.450949
v 0.844856 3.235617 6.451428
v 0.846311 3.250770 6.451960
v 0.847223 3.280774 6.455877
v 0.845710 3.279852 6.459930
v 0.843280 3.279033 6.463533
v 0.840062 3.278359 6.466493
v 0.836232 3.277869 6.468649
v 0.679594 3.232554 6.487201
v 0.679594 3.046059 6.444777
v 0.679594 3.119309 6.531073
v 0.657236 3.515896 6.412128
v 0.657257 3.518719 6.411248
v 0.658026 3.517868 6.406700
v 0.659866 3.517078 6.402470
v 0.662669 3.516393 6.398806
v 0.666270 3.515854 6.395924
v 0.670458 3.515493 6.393991
v 0.674988 3.515330 6.393122
v 0.677532 3.414887 6.393119
v 0.675455 3.414903 6.393096
v 0.671356 3.414471 6.393727
v 0.667490 3.413441 6.395230
v 0.664041 3.411862 6.397535
v 0.661173 3.409810 6.400531
v 0.659021 3.407381 6.404077
v 0.657688 3.404690 6.408005
v 0.657236 3.401866 6.412128
v 0.657825 3.460292 6.407427
v 0.659556 3.460292 6.403017
v 0.662322 3.460292 6.399170
v 0.665951 3.460292 6.396125
v 0.670219 3.460292 6.394070
v 0.674863 3.460292 6.393131
v 0.657236 3.403628 6.489647
v 0.657825 3.407609 6.492611
v 0.659556 3.411344 6.495391
v 0.662322 3.414602 6.497816
v 0.665951 3.417181 6.499736
v 0.670219 3.418922 6.501032
v 0.674863 3.419717 6.501624
v 0.678594 3.654811 6.339189
v 0.678091 3.655223 6.338971
v 0.677587 3.655534 6.338806
v 0.677082 3.655744 6.338695
v 0.676577 3.655853 6.338637
v 0.676071 3.655860 6.338633
v 0.675565 3.655766 6.338683
v 0.675060 3.655571 6.338786
v 0.674556 3.655275 6.338943
v 0.673552 3.654380 6.339417
v 0.671569 3.651390 6.341000
v 0.669639 3.646831 6.343414
v 0.667784 3.640754 6.346632
v 0.666025 3.633226 6.350617
v 0.664382 3.624334 6.355326
v 0.661514 3.602870 6.366691
v 0.659310 3.577325 6.380217
v 0.657870 3.548848 6.395295
v 0.657825 3.486769 6.437952
v 0.659556 3.489275 6.441581
v 0.659556 3.569744 6.386018
v 0.662322 3.491460 6.444746
v 0.662322 3.571930 6.389183
v 0.665951 3.493190 6.447252
v 0.665951 3.573660 6.391689
v 0.670219 3.494358 6.448944
v 0.670219 3.574828 6.393381
v 0.674863 3.494892 6.449716
v 0.674863 3.575361 6.394153
v 0.657236 3.372639 6.585274
v 0.659021 3.373315 6.609304
v 0.661173 3.373613 6.619888
v 0.664041 3.373864 6.628831
v 0.667490 3.374058 6.635710
v 0.669382 3.374129 6.638268
v 0.671356 3.374184 6.640197
v 0.673388 3.374220 6.641473
v 0.674419 3.374231 6.641860
v 0.675455 3.374237 6.642080
v 0.676494 3.374238 6.642131
v 0.677532 3.374235 6.642013
v 0.678567 3.374227 6.641725
v 0.674863 3.397944 6.568809
v 0.670219 3.397051 6.568520
v 0.665951 3.395096 6.567886
v 0.662322 3.392199 6.566947
v 0.659556 3.388540 6.565761
v 0.657825 3.384345 6.564402
v 0.657236 3.344373 6.512313
v 0.657688 3.341549 6.516436
v 0.659021 3.338859 6.520363
v 0.661173 3.336429 6.523909
v 0.664041 3.334377 6.526906
v 0.667490 3.332798 6.529210
v 0.671356 3.331769 6.530713
v 0.675455 3.331336 6.531344
v 0.677532 3.331352 6.531322
v 0.674863 3.350473 6.580644
v 0.670219 3.351348 6.580305
v 0.665951 3.353265 6.579562
v 0.662322 3.356105 6.578462
v 0.659556 3.359692 6.577072
v 0.657825 3.363804 6.575479
v 0.657236 3.219667 6.512313
v 0.659021 3.176600 6.520363
v 0.661173 3.157630 6.523909
v 0.664041 3.141602 6.526906
v 0.667490 3.129275 6.529210
v 0.671356 3.121233 6.530713
v 0.672366 3.119942 6.530955
v 0.673388 3.118947 6.531141
v 0.674419 3.118251 6.531271
v 0.675455 3.117858 6.531344
v 0.675975 3.117774 6.531360
v 0.676494 3.117767 6.531361
v 0.677013 3.117835 6.531349
v 0.677532 3.117979 6.531322
v 0.678567 3.118494 6.531226
v 0.674863 3.268838 6.531309
v 0.674863 3.193302 6.531309
v 0.670219 3.268838 6.530371
v 0.670219 3.193302 6.530371
v 0.665951 3.268838 6.528315
v 0.665951 3.193302 6.528315
v 0.662322 3.268838 6.525270
v 0.662322 3.193302 6.525270
v 0.659556 3.268838 6.521423
v 0.659556 3.193302 6.521423
v 0.657825 3.268838 6.517013
v 0.657236 3.296563 6.482522
v 0.659021 3.269094 6.484530
v 0.661173 3.256996 6.485414
v 0.664041 3.246773 6.486162
v 0.667490 3.238910 6.486736
v 0.669382 3.235986 6.486950
v 0.671356 3.233781 6.487111
v 0.673388 3.232323 6.487218
v 0.674419 3.231879 6.487250
v 0.675455 3.231628 6.487269
v 0.676494 3.231570 6.487273
v 0.677532 3.231705 6.487263
v 0.678567 3.232034 6.487239
v 0.657825 3.208908 6.511440
v 0.674863 3.203743 6.498109
v 0.670219 3.204082 6.498984
v 0.665951 3.204825 6.500901
v 0.662322 3.205925 6.503741
v 0.659556 3.207315 6.507328
v 0.657236 3.146062 6.448286
v 0.659021 3.103147 6.446780
v 0.661173 3.084245 6.446117
v 0.664041 3.068273 6.445556
v 0.667490 3.055990 6.445125
v 0.669382 3.051420 6.444965
v 0.671356 3.047976 6.444844
v 0.672366 3.046689 6.444799
v 0.673388 3.045698 6.444764
v 0.674419 3.045005 6.444740
v 0.675455 3.044613 6.444726
v 0.675975 3.044530 6.444723
v 0.676494 3.044522 6.444723
v 0.677013 3.044590 6.444725
v 0.677532 3.044733 6.444730
v 0.678567 3.045246 6.444748
v 0.674863 3.209744 6.482254
v 0.674863 3.127139 6.463463
v 0.670219 3.209953 6.481339
v 0.670219 3.127347 6.462548
v 0.665951 3.210409 6.479335
v 0.665951 3.127803 6.460544
v 0.662322 3.211084 6.476365
v 0.662322 3.128479 6.457574
v 0.659556 3.211937 6.472615
v 0.659556 3.129332 6.453823
v 0.657825 3.212915 6.468314
v 0.657825 3.130310 6.449523
v 0.657236 3.258017 6.430962
v 0.657688 3.253893 6.427427
v 0.659021 3.249966 6.424061
v 0.661173 3.246420 6.421021
v 0.664041 3.243423 6.418453
v 0.667490 3.241119 6.416478
v 0.671356 3.239616 6.415189
v 0.673388 3.239188 6.414823
v 0.675455 3.238985 6.414648
v 0.677532 3.239007 6.414668
v 0.674863 3.149821 6.428481
v 0.670219 3.149964 6.429409
v 0.665951 3.150279 6.431440
v 0.662322 3.150744 6.434450
v 0.659556 3.151333 6.438251
v 0.657825 3.152007 6.442609
v 0.657236 3.258017 6.356298
v 0.659021 3.249966 6.335422
v 0.661173 3.246420 6.326228
v 0.664041 3.243423 6.318458
v 0.667490 3.241119 6.312483
v 0.669382 3.240262 6.310260
v 0.671356 3.239616 6.308585
v 0.673388 3.239188 6.307477
v 0.674419 3.239058 6.307140
v 0.675455 3.238985 6.306949
v 0.676494 3.238968 6.306905
v 0.677532 3.239007 6.307008
v 0.678567 3.239104 6.307257
v 0.674863 3.239020 6.368933
v 0.670219 3.239959 6.368933
v 0.665951 3.242014 6.368933
v 0.662322 3.245059 6.368933
v 0.659556 3.248906 6.368933
v 0.657825 3.253316 6.368933
v 0.657236 3.308802 6.412349
v 0.659021 3.305537 6.396755
v 0.661173 3.304099 6.389886
v 0.664041 3.302884 6.384083
v 0.667490 3.301949 6.379619
v 0.669382 3.301602 6.377959
v 0.671356 3.301340 6.376707
v 0.673388 3.301166 6.375880
v 0.675455 3.301084 6.375485
v 0.677532 3.301093 6.375529
v 0.674863 3.280904 6.353266
v 0.670219 3.280209 6.353897
v 0.665951 3.278686 6.355277
v 0.662322 3.276429 6.357322
v 0.659556 3.273578 6.359904
v 0.657825 3.270310 6.362866
v 0.657236 3.330848 6.346564
v 0.659021 3.331765 6.318490
v 0.661173 3.332169 6.306125
v 0.664041 3.332510 6.295677
v 0.667490 3.332773 6.287642
v 0.669382 3.332870 6.284653
v 0.671356 3.332944 6.282400
v 0.673388 3.332993 6.280909
v 0.674419 3.333007 6.280456
v 0.675455 3.333016 6.280199
v 0.676494 3.333018 6.280140
v 0.677532 3.333013 6.280278
v 0.678567 3.333002 6.280614
v 0.674863 3.311929 6.343234
v 0.670219 3.312819 6.343533
v 0.665951 3.314768 6.344186
v 0.662322 3.317655 6.345154
v 0.659556 3.321302 6.346376
v 0.657825 3.325484 6.347777
v 0.657236 3.345571 6.402348
v 0.659021 3.344534 6.366872
v 0.661173 3.344078 6.351246
v 0.664041 3.343692 6.338044
v 0.667490 3.343395 6.327889
v 0.669382 3.343285 6.324112
v 0.671356 3.343202 6.321265
v 0.672366 3.343171 6.320201
v 0.673388 3.343147 6.319382
v 0.674419 3.343130 6.318809
v 0.675455 3.343120 6.318485
v 0.676494 3.343118 6.318410
v 0.677532 3.343123 6.318584
v 0.678567 3.343136 6.319008
v 0.657825 3.334630 6.342475
v 0.659556 3.338894 6.341349
v 0.662322 3.342613 6.340368
v 0.657236 3.363584 6.313313
v 0.659021 3.361150 6.284745
v 0.661173 3.360078 6.272161
v 0.664041 3.359172 6.261529
v 0.667490 3.358476 6.253352
v 0.669382 3.358217 6.250310
v 0.671356 3.358021 6.248017
v 0.673388 3.357892 6.246501
v 0.674419 3.357853 6.246039
v 0.675455 3.357830 6.245778
v 0.676494 3.357825 6.245718
v 0.677532 3.357837 6.245859
v 0.678567 3.357866 6.246200
v 0.665951 3.345349 6.322748
v 0.659556 3.352104 6.324115
v 0.662322 3.348333 6.323352
v 0.657825 3.356426 6.324989
v 0.674863 3.388678 6.325501
v 0.670219 3.387803 6.325840
v 0.665951 3.385886 6.326583
v 0.662322 3.383047 6.327683
v 0.659556 3.379460 6.329072
v 0.657825 3.375348 6.330665
v 0.662669 3.586077 6.371810
v 0.666270 3.585035 6.369122
v 0.670458 3.584337 6.367320
v 0.674988 3.584023 6.366510
vt 0.061306 0.013299 0.000000
vt 0.000328 0.013299 0.000000
vt 0.060294 0.011637 0.000000
vt -0.000014 0.011124 0.000000
vt 0.058888 0.009975 0.000000
vt -0.000519 0.008949 0.000000
vt 0.054940 0.006650 0.000000
vt -0.001989 0.004599 0.000000
vt 0.042975 0.000000 0.000000
vt -0.004006 0.000248 0.000000
vt -0.006465 -0.004102 0.000000
vt 0.026854 -0.006650 0.000000
vt -0.002176 -0.008701 0.000000
vt 0.008522 -0.013299 0.000000
vt 0.002379 -0.013299 0.000000
vt -0.026165 -0.013299 0.000000
vt -0.017983 -0.006650 0.000000
vt -0.033876 -0.013299 0.000000
vt -0.052208 -0.006650 0.000000
vt -0.014457 -0.003325 0.000000
vt -0.068328 -0.000000 0.000000
vt -0.011454 0.000000 0.000000
vt -0.009066 0.003325 0.000000
vt -0.080293 0.006650 0.000000
vt -0.007366 0.006650 0.000000
vt -0.006791 0.008312 0.000000
vt -0.084242 0.009975 0.000000
vt -0.006405 0.009975 0.000000
vt -0.006212 0.011637 0.000000
vt -0.085648 0.011637 0.000000
vt -0.006213 0.013299 0.000000
vt -0.086660 0.013299 0.000000
vt -0.034493 -0.010361 0.000000
vt -0.004475 -0.004446 0.000000
vt -0.058099 -0.007500 0.000000
vt -0.042761 -0.002300 0.000000
vt 0.021175 0.001469 0.000000
vt -0.029943 0.002899 0.000000
vt 0.031572 0.004427 0.000000
vt -0.020592 0.008099 0.000000
vt 0.040003 0.007384 0.000000
vt 0.046266 0.010342 0.000000
vt -0.017445 0.010699 0.000000
vt 0.048535 0.011821 0.000000
vt -0.016283 0.011999 0.000000
vt -0.015402 0.013299 0.000000
vt 0.050209 0.013299 0.000000
vt -0.053169 0.015985 0.000000
vt 0.007810 0.015985 0.000000
vt -0.034761 0.170736 0.000000
vt 0.083417 0.170736 0.000000
vt -0.000940 0.015985 0.000000
vt -0.010041 0.170736 0.000000
vt -0.081387 0.015985 0.000000
vt -0.156994 0.170736 0.000000
vt 0.025640 -0.002653 0.000000
vt -0.030115 -0.004433 0.000000
vt 0.018915 -0.004102 0.000000
vt -0.023596 -0.006650 0.000000
vt 0.014625 -0.008701 0.000000
vt 0.004524 -0.013299 0.000000
vt 0.010071 -0.013299 0.000000
vt -0.030115 -0.000000 0.000000
vt -0.000960 0.001335 0.000000
vt -0.030115 0.004433 0.000000
vt -0.022657 0.005323 0.000000
vt -0.031362 0.007317 0.000000
vt -0.071694 0.006650 0.000000
vt -0.038505 0.009311 0.000000
vt -0.079845 0.009975 0.000000
vt -0.044008 0.011305 0.000000
vt -0.085871 0.013299 0.000000
vt -0.047810 0.013299 0.000000
vt -0.061666 0.003325 0.000000
vt -0.050066 -0.000000 0.000000
vt -0.073367 -0.005222 0.000000
vt -0.001538 -0.004433 0.000000
vt -0.074073 -0.002653 0.000000
vt -0.001538 -0.000000 0.000000
vt -0.047473 0.001335 0.000000
vt -0.001538 0.004433 0.000000
vt -0.025775 0.005323 0.000000
vt -0.017071 0.007317 0.000000
vt 0.063737 0.006650 0.000000
vt -0.001538 0.008866 0.000000
vt 0.068239 0.009975 0.000000
vt -0.004425 0.011305 0.000000
vt 0.069842 0.011637 0.000000
vt -0.000623 0.013299 0.000000
vt 0.070996 0.013299 0.000000
vt -0.048230 -0.007500 0.000000
vt -0.072617 -0.007792 0.000000
vt -0.071837 -0.010361 0.000000
vt -0.001538 -0.008866 0.000000
vt -0.047409 -0.009433 0.000000
vt -0.046569 -0.011366 0.000000
vt -0.045721 -0.013299 0.000000
vt 0.010808 -0.013299 0.000000
vt 0.031712 -0.006650 0.000000
vt 0.050093 -0.000000 0.000000
vt 0.057626 0.003325 0.000000
vt -0.009928 0.009311 0.000000
vt -0.109719 0.013299 0.000000
vt -0.108565 0.011637 0.000000
vt -0.031734 0.013299 0.000000
vt -0.031145 0.009975 0.000000
vt -0.106961 0.009975 0.000000
vt -0.102459 0.006650 0.000000
vt -0.030184 0.006650 0.000000
vt -0.096349 0.003325 0.000000
vt -0.028879 0.003325 0.000000
vt -0.088816 0.000000 0.000000
vt -0.027271 0.000000 0.000000
vt -0.025407 -0.003325 0.000000
vt -0.070434 -0.006650 0.000000
vt -0.023346 -0.006650 0.000000
vt -0.021149 -0.009975 0.000000
vt -0.049531 -0.013299 0.000000
vt -0.018883 -0.013299 0.000000
vt 0.050501 0.013299 0.000000
vt -0.033300 0.013299 0.000000
vt 0.049271 0.011637 0.000000
vt -0.033889 0.009975 0.000000
vt 0.047563 0.009975 0.000000
vt 0.042766 0.006650 0.000000
vt -0.034850 0.006650 0.000000
vt 0.036256 0.003325 0.000000
vt -0.036155 0.003325 0.000000
vt 0.028230 0.000000 0.000000
vt -0.037763 0.000000 0.000000
vt -0.039627 -0.003325 0.000000
vt 0.008646 -0.006650 0.000000
vt -0.041688 -0.006650 0.000000
vt -0.043885 -0.009975 0.000000
vt -0.046151 -0.013299 0.000000
vt -0.013625 -0.013299 0.000000
vt -0.047942 -0.013299 0.000000
vt 0.013884 -0.013299 0.000000
vt -0.044226 -0.008866 0.000000
vt 0.018940 -0.008054 0.000000
vt -0.044226 -0.004433 0.000000
vt 0.023616 -0.002808 0.000000
vt -0.044226 -0.000000 0.000000
vt 0.009945 0.001219 0.000000
vt -0.044226 0.004433 0.000000
vt -0.001211 0.005246 0.000000
vt -0.044226 0.008866 0.000000
vt -0.009357 0.009273 0.000000
vt -0.012182 0.011286 0.000000
vt -0.110838 0.011637 0.000000
vt -0.014130 0.013299 0.000000
vt -0.112068 0.013299 0.000000
vt -0.109130 0.009975 0.000000
vt -0.104333 0.006650 0.000000
vt -0.097823 0.003325 0.000000
vt -0.089797 -0.000000 0.000000
vt -0.070213 -0.006650 0.000000
vt 0.042727 0.013299 0.000000
vt -0.022680 0.013299 0.000000
vt 0.041525 0.011637 0.000000
vt -0.024628 0.011286 0.000000
vt 0.039854 0.009975 0.000000
vt -0.027453 0.009273 0.000000
vt 0.035163 0.006650 0.000000
vt -0.035599 0.005246 0.000000
vt 0.028797 0.003325 0.000000
vt -0.046755 0.001219 0.000000
vt 0.020949 0.000000 0.000000
vt -0.060425 -0.002808 0.000000
vt 0.001797 -0.006650 0.000000
vt -0.052517 -0.008054 0.000000
vt -0.019981 -0.013299 0.000000
vt -0.043964 -0.013299 0.000000
vt 0.017657 -0.013299 0.000000
vt 0.019263 -0.011845 0.000000
vt -0.003704 -0.013299 0.000000
vt -0.025482 -0.006650 0.000000
vt 0.008886 -0.005559 0.000000
vt -0.044633 -0.000000 0.000000
vt -0.000102 0.000727 0.000000
vt -0.052482 0.003325 0.000000
vt -0.003764 0.003870 0.000000
vt -0.058848 0.006650 0.000000
vt -0.006734 0.007013 0.000000
vt -0.063539 0.009975 0.000000
vt -0.008930 0.010156 0.000000
vt -0.065209 0.011637 0.000000
vt -0.009718 0.011728 0.000000
vt -0.066411 0.013299 0.000000
vt -0.010293 0.013299 0.000000
vt 0.054435 0.013299 0.000000
vt -0.014020 0.013299 0.000000
vt 0.053503 0.011637 0.000000
vt -0.014594 0.011728 0.000000
vt -0.015383 0.010156 0.000000
vt 0.052207 0.009975 0.000000
vt -0.017578 0.007013 0.000000
vt 0.048568 0.006650 0.000000
vt -0.020548 0.003870 0.000000
vt 0.043629 0.003325 0.000000
vt -0.024210 0.000727 0.000000
vt 0.037541 -0.000000 0.000000
vt -0.033199 -0.005559 0.000000
vt 0.022684 -0.006650 0.000000
vt -0.043575 -0.011845 0.000000
vt 0.005789 -0.013299 0.000000
vt -0.038966 -0.013299 0.000000
vt 0.005979 -0.013299 0.000000
vt 0.006793 -0.012279 0.000000
vt -0.020351 -0.013299 0.000000
vt -0.037245 -0.006650 0.000000
vt 0.001471 -0.005885 0.000000
vt -0.000966 -0.002687 0.000000
vt -0.052102 0.000000 0.000000
vt -0.003160 0.000510 0.000000
vt -0.058190 0.003325 0.000000
vt -0.005050 0.003707 0.000000
vt -0.063129 0.006650 0.000000
vt -0.006582 0.006905 0.000000
vt -0.066768 0.009975 0.000000
vt -0.007714 0.010102 0.000000
vt -0.068064 0.011637 0.000000
vt -0.008413 0.013299 0.000000
vt -0.068997 0.013299 0.000000
vt -0.069435 -0.000000 0.000000
vt -0.068735 -0.000000 0.000000
vt -0.058977 0.001167 0.000000
vt -0.039871 0.001167 0.000000
vt -0.054348 0.002592 0.000000
vt -0.050311 0.004526 0.000000
vt -0.046988 0.006910 0.000000
vt -0.044480 0.009672 0.000000
vt -0.012794 0.004526 0.000000
vt -0.043557 0.011169 0.000000
vt -0.042864 0.012728 0.000000
vt -0.042407 0.014337 0.000000
vt -0.042189 0.015985 0.000000
vt -0.000966 0.006910 0.000000
vt 0.009230 0.009672 0.000000
vt 0.017483 0.012728 0.000000
vt 0.023544 0.015985 0.000000
vt -0.033088 0.170736 0.000000
vt 0.251479 0.170736 0.000000
vt -0.023544 0.015985 0.000000
vt -0.138730 0.094187 0.000000
vt -0.061605 0.015985 0.000000
vt -0.289540 0.170736 0.000000
vt -0.141215 0.170736 0.000000
vt -0.062714 0.015985 0.000000
vt 0.008905 0.015985 0.000000
vt 0.052472 0.094187 0.000000
vt -0.001901 0.015985 0.000000
vt -0.020309 0.170736 0.000000
vt -0.079886 0.015985 0.000000
vt -0.123453 0.094187 0.000000
vt -0.120968 0.170736 0.000000
vt -0.074313 0.015985 0.000000
vt 0.009488 0.015985 0.000000
vt -0.055905 0.170736 0.000000
vt 0.101340 0.170736 0.000000
vt -0.011917 0.015985 0.000000
vt -0.127291 0.170736 0.000000
vt -0.109856 0.015985 0.000000
vt -0.201708 0.170736 0.000000
vt -0.056129 0.015985 0.000000
vt 0.009278 0.015985 0.000000
vt 0.059245 0.170736 0.000000
vt 0.099099 0.170736 0.000000
vt -0.004740 0.015985 0.000000
vt -0.050629 0.170736 0.000000
vt -0.060859 0.015985 0.000000
vt -0.150680 0.170736 0.000000
vt -0.061258 0.015985 0.000000
vt 0.007197 0.015985 0.000000
vt -0.015369 0.170736 0.000000
vt 0.076877 0.170736 0.000000
vt 0.049855 0.026385 0.000000
vt 0.019804 -0.006781 0.000000
vt 0.049855 0.000055 0.000000
vt 0.006956 0.012093 0.000000
vt 0.000836 -0.011096 0.000000
vt 0.013744 -0.008160 0.000000
vt -0.079363 0.013362 0.000000
vt -0.032845 -0.018758 0.000000
vt -0.048715 0.013362 0.000000
vt -0.024705 -0.016906 0.000000
vt -0.036965 0.043692 0.000000
vt -0.035641 -0.052703 0.000000
vt -0.033421 -0.046974 0.000000
vt -0.038018 -0.045368 0.000000
vt -0.038593 -0.044970 0.000000
vt -0.002379 0.015985 0.000000
vt -0.025413 0.170736 0.000000
vt -0.062962 0.015985 0.000000
vt -0.132642 0.170736 0.000000
vt -0.033647 0.013299 0.000000
vt -0.034495 0.011366 0.000000
vt -0.025299 0.013299 0.000000
vt -0.020242 0.008054 0.000000
vt -0.035334 0.009433 0.000000
vt -0.036156 0.007500 0.000000
vt -0.015567 0.002808 0.000000
vt -0.020818 0.002300 0.000000
vt 0.054385 0.000000 0.000000
vt -0.008000 -0.002899 0.000000
vt 0.054385 -0.004433 0.000000
vt 0.001351 -0.008099 0.000000
vt 0.054385 -0.008866 0.000000
vt 0.004498 -0.010699 0.000000
vt 0.143128 -0.011701 0.000000
vt 0.005660 -0.011999 0.000000
vt 0.144927 -0.013299 0.000000
vt 0.006541 -0.013299 0.000000
vt 0.140650 -0.010102 0.000000
vt 0.133732 -0.006905 0.000000
vt 0.124366 -0.003707 0.000000
vt 0.112815 -0.000510 0.000000
vt 0.099404 0.002687 0.000000
vt 0.054385 0.004433 0.000000
vt 0.084511 0.005885 0.000000
vt -0.007659 0.008054 0.000000
vt 0.054385 0.008866 0.000000
vt 0.015738 0.011845 0.000000
vt 0.051979 0.012279 0.000000
vt 0.020346 0.013299 0.000000
vt 0.051165 0.013299 0.000000
vt 0.014132 0.013299 0.000000
vt 0.000894 0.013299 0.000000
vt -0.014007 -0.012279 0.000000
vt 0.018525 -0.005885 0.000000
vt -0.008684 -0.005885 0.000000
vt -0.006248 -0.002687 0.000000
vt 0.033419 -0.002687 0.000000
vt -0.004054 0.000510 0.000000
vt 0.046829 0.000510 0.000000
vt -0.002164 0.003707 0.000000
vt 0.058380 0.003707 0.000000
vt -0.000631 0.006905 0.000000
vt 0.067746 0.006905 0.000000
vt 0.000500 0.010102 0.000000
vt 0.074665 0.010102 0.000000
vt 0.077143 0.011701 0.000000
vt 0.078941 0.013299 0.000000
vt 0.001200 0.013299 0.000000
vt -0.009081 0.015985 0.000000
vt -0.096997 0.170736 0.000000
vt -0.147467 0.015985 0.000000
vt -0.288256 0.170736 0.000000
vt -0.050763 0.015985 0.000000
vt 0.014849 0.015985 0.000000
vt 0.037153 0.170736 0.000000
vt 0.158599 0.170736 0.000000
vt -0.080228 0.013299 0.000000
vt -0.078553 0.011821 0.000000
vt 0.006643 0.013299 0.000000
vt 0.006985 0.011124 0.000000
vt -0.076284 0.010342 0.000000
vt 0.007489 0.008949 0.000000
vt -0.070022 0.007384 0.000000
vt 0.008959 0.004599 0.000000
vt -0.061591 0.004427 0.000000
vt -0.051194 0.001469 0.000000
vt -0.025544 -0.004446 0.000000
vt 0.006710 -0.002653 0.000000
vt 0.010976 0.000248 0.000000
vt 0.004474 -0.010361 0.000000
vt 0.005255 -0.007792 0.000000
vt 0.006005 -0.005222 0.000000
vt 0.013436 -0.004102 0.000000
vt -0.001901 0.015985 0.000000
vt -0.020309 0.170736 0.000000
vt -0.088772 0.015985 0.000000
vt -0.232522 0.170736 0.000000
vt -0.154143 0.015744 0.000000
vt -0.095717 0.011874 0.000000
vt -0.151320 0.016624 0.000000
vt -0.040115 0.012468 0.000000
vt -0.037290 0.016624 0.000000
vt -0.153293 0.011120 0.000000
vt -0.095717 0.007125 0.000000
vt -0.042805 0.008312 0.000000
vt -0.045234 0.004156 0.000000
vt -0.095717 0.002375 0.000000
vt -0.047287 -0.000000 0.000000
vt -0.095717 -0.002375 0.000000
vt -0.048865 -0.004156 0.000000
vt -0.095717 -0.007125 0.000000
vt -0.049895 -0.008312 0.000000
vt -0.095717 -0.011874 0.000000
vt -0.050327 -0.012468 0.000000
vt -0.050312 -0.014546 0.000000
vt -0.150755 -0.012000 0.000000
vt -0.150800 -0.016624 0.000000
vt -0.152502 0.006496 0.000000
vt -0.151817 0.001872 0.000000
vt -0.151278 -0.002752 0.000000
vt -0.150917 -0.007376 0.000000
vt -0.050142 -0.016624 0.000000
vt 0.134460 0.016624 0.000000
vt -0.001971 0.016624 0.000000
vt 0.137282 0.015744 0.000000
vt 0.095818 0.011874 0.000000
vt 0.171140 0.011698 0.000000
vt 0.095818 0.007125 0.000000
vt 0.193606 0.007125 0.000000
vt 0.193606 0.002375 0.000000
vt 0.231847 0.003606 0.000000
vt 0.255967 -0.000440 0.000000
vt 0.193606 -0.002375 0.000000
vt 0.265960 -0.002463 0.000000
vt 0.274419 -0.004486 0.000000
vt 0.193606 -0.007125 0.000000
vt 0.281248 -0.006509 0.000000
vt 0.286372 -0.008532 0.000000
vt 0.193606 -0.011874 0.000000
vt 0.289731 -0.010555 0.000000
vt 0.290737 -0.011567 0.000000
vt 0.291070 -0.012072 0.000000
vt 0.291289 -0.012578 0.000000
vt 0.291395 -0.013084 0.000000
vt 0.291386 -0.013590 0.000000
vt 0.291264 -0.014095 0.000000
vt 0.288950 -0.016624 0.000000
vt 0.291028 -0.014601 0.000000
vt 0.290678 -0.015107 0.000000
vt 0.290215 -0.015613 0.000000
vt -0.000379 0.011874 0.000000
vt 0.001115 0.007125 0.000000
vt 0.002417 0.002375 0.000000
vt 0.095818 0.002375 0.000000
vt 0.003449 -0.002375 0.000000
vt 0.095818 -0.002375 0.000000
vt 0.004145 -0.007125 0.000000
vt 0.095818 -0.007125 0.000000
vt 0.004463 -0.011874 0.000000
vt 0.095818 -0.011874 0.000000
vt 0.004383 -0.016624 0.000000
vt 0.203141 0.007652 0.000000
vt -0.162267 -0.016624 0.000000
vt -0.015314 -0.016624 0.000000
vt -0.162696 -0.015585 0.000000
vt -0.162966 -0.014546 0.000000
vt -0.086019 -0.011874 0.000000
vt -0.163078 -0.013507 0.000000
vt -0.163030 -0.012468 0.000000
vt -0.162823 -0.011429 0.000000
vt -0.162457 -0.010390 0.000000
vt -0.086019 -0.007125 0.000000
vt -0.161255 -0.008312 0.000000
vt -0.159437 -0.006234 0.000000
vt -0.157025 -0.004156 0.000000
vt -0.086019 -0.002375 0.000000
vt -0.150541 0.000000 0.000000
vt -0.086019 0.002375 0.000000
vt -0.142111 0.004156 0.000000
vt -0.086019 0.007125 0.000000
vt -0.132134 0.008312 0.000000
vt -0.086019 0.011874 0.000000
vt -0.109483 0.016624 0.000000
vt -0.008960 0.016624 0.000000
vt -0.010552 0.011874 0.000000
vt -0.012046 0.007125 0.000000
vt -0.013348 0.002375 0.000000
vt -0.014380 -0.002375 0.000000
vt -0.015076 -0.007125 0.000000
vt -0.015394 -0.011874 0.000000
vt 0.018735 -0.016624 0.000000
vt 0.136913 -0.016624 0.000000
vt 0.018906 -0.014546 0.000000
vt 0.071804 -0.011874 0.000000
vt 0.018921 -0.012468 0.000000
vt 0.018489 -0.008312 0.000000
vt 0.071804 -0.007125 0.000000
vt 0.017459 -0.004156 0.000000
vt 0.071804 -0.002375 0.000000
vt 0.015881 -0.000000 0.000000
vt 0.071804 0.002375 0.000000
vt 0.013828 0.004156 0.000000
vt 0.071804 0.007125 0.000000
vt 0.011399 0.008312 0.000000
vt 0.071804 0.011874 0.000000
vt 0.008709 0.012468 0.000000
vt 0.084129 0.016624 0.000000
vt 0.005884 0.016624 0.000000
vt 0.137342 -0.015585 0.000000
vt 0.137613 -0.014546 0.000000
vt 0.137724 -0.013507 0.000000
vt 0.137676 -0.012468 0.000000
vt 0.137469 -0.011429 0.000000
vt 0.137104 -0.010390 0.000000
vt 0.135901 -0.008312 0.000000
vt 0.134083 -0.006234 0.000000
vt 0.131671 -0.004156 0.000000
vt 0.125188 -0.000000 0.000000
vt 0.116758 0.004156 0.000000
vt 0.106781 0.008312 0.000000
vt -0.223978 -0.016624 0.000000
vt -0.011765 -0.016624 0.000000
vt -0.224794 -0.015585 0.000000
vt -0.011935 -0.014546 0.000000
vt -0.225308 -0.014546 0.000000
vt -0.225452 -0.014027 0.000000
vt -0.225521 -0.013507 0.000000
vt -0.225513 -0.012988 0.000000
vt -0.149985 -0.011874 0.000000
vt -0.225430 -0.012468 0.000000
vt -0.225036 -0.011429 0.000000
vt -0.224341 -0.010390 0.000000
vt -0.223346 -0.009351 0.000000
vt -0.149985 -0.007125 0.000000
vt -0.222054 -0.008312 0.000000
vt -0.214012 -0.004156 0.000000
vt -0.149985 -0.002375 0.000000
vt -0.201685 -0.000000 0.000000
vt -0.149985 0.002375 0.000000
vt -0.185657 0.004156 0.000000
vt -0.149985 0.007125 0.000000
vt -0.166688 0.008312 0.000000
vt -0.074449 0.007125 0.000000
vt -0.074449 0.011874 0.000000
vt -0.004429 0.008312 0.000000
vt -0.001738 0.012468 0.000000
vt -0.074449 -0.011874 0.000000
vt -0.011951 -0.012468 0.000000
vt -0.011519 -0.008312 0.000000
vt -0.074449 -0.007125 0.000000
vt -0.010489 -0.004156 0.000000
vt -0.074449 -0.002375 0.000000
vt -0.008910 -0.000000 0.000000
vt -0.074449 0.002375 0.000000
vt -0.006858 0.004156 0.000000
vt 0.001086 0.016624 0.000000
vt -0.123620 0.016624 0.000000
vt 0.072514 -0.016624 0.000000
vt 0.193960 -0.016624 0.000000
vt 0.073012 -0.015585 0.000000
vt 0.194775 -0.015585 0.000000
vt 0.073327 -0.014546 0.000000
vt 0.195290 -0.014546 0.000000
vt 0.195434 -0.014027 0.000000
vt 0.103319 -0.011874 0.000000
vt 0.195502 -0.013507 0.000000
vt 0.195494 -0.012988 0.000000
vt 0.195411 -0.012468 0.000000
vt 0.195017 -0.011429 0.000000
vt 0.194322 -0.010390 0.000000
vt 0.193327 -0.009351 0.000000
vt 0.103319 -0.007125 0.000000
vt 0.072735 -0.010390 0.000000
vt 0.071337 -0.008312 0.000000
vt 0.069223 -0.006234 0.000000
vt 0.066418 -0.004156 0.000000
vt 0.103319 -0.002375 0.000000
vt 0.058879 -0.000000 0.000000
vt 0.103319 0.002375 0.000000
vt 0.049077 0.004156 0.000000
vt 0.103319 0.007125 0.000000
vt 0.037476 0.008312 0.000000
vt 0.103319 0.011874 0.000000
vt 0.011136 0.016624 0.000000
vt 0.093602 0.016624 0.000000
vt 0.136669 0.008312 0.000000
vt 0.155638 0.004156 0.000000
vt 0.171666 -0.000000 0.000000
vt 0.183994 -0.004156 0.000000
vt 0.192035 -0.008312 0.000000
vt 0.073160 -0.011429 0.000000
vt 0.073401 -0.012468 0.000000
vt 0.073457 -0.013507 0.000000
vt -0.094456 -0.016624 0.000000
vt -0.094955 -0.015585 0.000000
vt -0.285716 -0.016624 0.000000
vt -0.286515 -0.015585 0.000000
vt -0.095270 -0.014546 0.000000
vt -0.287018 -0.014546 0.000000
vt -0.287159 -0.014027 0.000000
vt -0.095400 -0.013507 0.000000
vt -0.287226 -0.013507 0.000000
vt -0.287219 -0.012988 0.000000
vt -0.287137 -0.012468 0.000000
vt -0.202511 -0.011874 0.000000
vt -0.286752 -0.011429 0.000000
vt -0.286071 -0.010390 0.000000
vt -0.285096 -0.009351 0.000000
vt -0.202511 -0.007125 0.000000
vt -0.283831 -0.008312 0.000000
vt -0.280446 -0.006234 0.000000
vt -0.275955 -0.004156 0.000000
vt -0.202511 -0.002375 0.000000
vt -0.263882 0.000000 0.000000
vt -0.202511 0.002375 0.000000
vt -0.248184 0.004156 0.000000
vt -0.202511 0.007125 0.000000
vt -0.229606 0.008312 0.000000
vt -0.202511 0.011874 0.000000
vt -0.187425 0.016624 0.000000
vt -0.117795 0.011874 0.000000
vt -0.033079 0.016624 0.000000
vt -0.059418 0.008312 0.000000
vt -0.117795 0.007125 0.000000
vt -0.071020 0.004156 0.000000
vt -0.117795 0.002375 0.000000
vt -0.080822 -0.000000 0.000000
vt -0.117795 -0.002375 0.000000
vt -0.088361 -0.004156 0.000000
vt -0.117795 -0.007125 0.000000
vt -0.091166 -0.006234 0.000000
vt -0.093280 -0.008312 0.000000
vt -0.094678 -0.010390 0.000000
vt -0.117795 -0.011874 0.000000
vt -0.095103 -0.011429 0.000000
vt -0.095344 -0.012468 0.000000
vt 0.024234 -0.016624 0.000000
vt 0.219730 -0.016624 0.000000
vt 0.024447 -0.014546 0.000000
vt 0.114697 -0.011874 0.000000
vt 0.024466 -0.012468 0.000000
vt 0.024292 -0.010390 0.000000
vt 0.114697 -0.007125 0.000000
vt 0.023925 -0.008312 0.000000
vt 0.022637 -0.004156 0.000000
vt 0.114697 -0.002375 0.000000
vt 0.020662 0.000000 0.000000
vt 0.114697 0.002375 0.000000
vt 0.018093 0.004156 0.000000
vt 0.114697 0.007125 0.000000
vt 0.015054 0.008312 0.000000
vt 0.114697 0.011874 0.000000
vt 0.011687 0.012468 0.000000
vt 0.121440 0.016624 0.000000
vt 0.008153 0.016624 0.000000
vt 0.220529 -0.015585 0.000000
vt 0.221033 -0.014546 0.000000
vt 0.221174 -0.014027 0.000000
vt 0.221241 -0.013507 0.000000
vt 0.221233 -0.012988 0.000000
vt 0.221152 -0.012468 0.000000
vt 0.220766 -0.011429 0.000000
vt 0.220085 -0.010390 0.000000
vt 0.219111 -0.009351 0.000000
vt 0.217846 -0.008312 0.000000
vt 0.214461 -0.006234 0.000000
vt 0.209970 -0.004156 0.000000
vt 0.197896 -0.000000 0.000000
vt 0.182198 0.004156 0.000000
vt 0.163620 0.008312 0.000000
vt -0.138676 -0.016624 0.000000
vt -0.031447 -0.016624 0.000000
vt -0.139071 -0.015585 0.000000
vt -0.031660 -0.014546 0.000000
vt -0.139320 -0.014546 0.000000
vt -0.139423 -0.013507 0.000000
vt -0.077395 -0.011874 0.000000
vt -0.139379 -0.012468 0.000000
vt -0.139188 -0.011429 0.000000
vt -0.138851 -0.010390 0.000000
vt -0.077395 -0.007125 0.000000
vt -0.137743 -0.008312 0.000000
vt -0.136068 -0.006234 0.000000
vt -0.133845 -0.004156 0.000000
vt -0.077395 -0.002375 0.000000
vt -0.127870 0.000000 0.000000
vt -0.077395 0.002375 0.000000
vt -0.120100 0.004156 0.000000
vt -0.077395 0.007125 0.000000
vt -0.110906 0.008312 0.000000
vt -0.077395 0.011874 0.000000
vt -0.090030 0.016624 0.000000
vt -0.018901 0.012468 0.000000
vt -0.015366 0.016624 0.000000
vt -0.031680 -0.012468 0.000000
vt -0.031505 -0.010390 0.000000
vt -0.031139 -0.008312 0.000000
vt -0.029850 -0.004156 0.000000
vt -0.027875 0.000000 0.000000
vt -0.025307 0.004156 0.000000
vt -0.022267 0.008312 0.000000
vt 0.124115 -0.016624 0.000000
vt 0.124510 -0.015585 0.000000
vt 0.031869 -0.016624 0.000000
vt 0.032294 -0.014546 0.000000
vt 0.124759 -0.014546 0.000000
vt 0.062347 -0.011874 0.000000
vt 0.124862 -0.013507 0.000000
vt 0.124818 -0.012468 0.000000
vt 0.124627 -0.011429 0.000000
vt 0.124290 -0.010390 0.000000
vt 0.062347 -0.007125 0.000000
vt 0.123182 -0.008312 0.000000
vt 0.121506 -0.006234 0.000000
vt 0.119284 -0.004156 0.000000
vt 0.062347 -0.002375 0.000000
vt 0.028688 -0.004156 0.000000
vt 0.024753 -0.000000 0.000000
vt 0.062347 0.002375 0.000000
vt 0.019636 0.004156 0.000000
vt 0.062347 0.007125 0.000000
vt 0.013581 0.008312 0.000000
vt 0.062347 0.011874 0.000000
vt -0.000168 0.016624 0.000000
vt 0.075469 0.016624 0.000000
vt 0.096344 0.008312 0.000000
vt 0.105539 0.004156 0.000000
vt 0.113308 0.000000 0.000000
vt 0.030152 -0.006234 0.000000
vt 0.031255 -0.008312 0.000000
vt 0.031985 -0.010390 0.000000
vt 0.032333 -0.012468 0.000000
vt -0.156232 -0.016624 0.000000
vt -0.056182 -0.016624 0.000000
vt -0.156742 -0.015585 0.000000
vt -0.056606 -0.014546 0.000000
vt -0.157063 -0.014546 0.000000
vt -0.157196 -0.013507 0.000000
vt -0.090670 -0.011874 0.000000
vt -0.157139 -0.012468 0.000000
vt -0.156893 -0.011429 0.000000
vt -0.156458 -0.010390 0.000000
vt -0.155030 -0.008312 0.000000
vt -0.090670 -0.007125 0.000000
vt -0.152870 -0.006234 0.000000
vt -0.150005 -0.004156 0.000000
vt -0.090670 -0.002375 0.000000
vt -0.142302 -0.000000 0.000000
vt -0.090670 0.002375 0.000000
vt -0.132287 0.004156 0.000000
vt -0.090670 0.007125 0.000000
vt -0.120435 0.008312 0.000000
vt -0.090670 0.011874 0.000000
vt -0.093525 0.016624 0.000000
vt -0.024145 0.016624 0.000000
vt -0.037893 0.008312 0.000000
vt -0.043948 0.004156 0.000000
vt -0.049065 0.000000 0.000000
vt -0.053000 -0.004156 0.000000
vt -0.054464 -0.006234 0.000000
vt -0.055567 -0.008312 0.000000
vt -0.056297 -0.010390 0.000000
vt -0.056645 -0.012468 0.000000
vt 0.092694 -0.016624 0.000000
vt 0.132548 -0.016624 0.000000
vt 0.093348 -0.015585 0.000000
vt 0.133057 -0.015585 0.000000
vt 0.093761 -0.014546 0.000000
vt 0.133379 -0.014546 0.000000
vt 0.093931 -0.013507 0.000000
vt 0.133511 -0.013507 0.000000
vt 0.133455 -0.012468 0.000000
vt 0.093858 -0.012468 0.000000
vt 0.133209 -0.011429 0.000000
vt 0.093542 -0.011429 0.000000
vt 0.132774 -0.010390 0.000000
vt 0.092984 -0.010390 0.000000
vt 0.092186 -0.009351 0.000000
vt 0.131345 -0.008312 0.000000
vt 0.091149 -0.008312 0.000000
vt 0.129186 -0.006234 0.000000
vt 0.088375 -0.006234 0.000000
vt 0.126321 -0.004156 0.000000
vt 0.084695 -0.004156 0.000000
vt 0.118618 -0.000000 0.000000
vt 0.074801 -0.000000 0.000000
vt 0.072829 0.002375 0.000000
vt 0.061937 0.004156 0.000000
vt 0.108603 0.004156 0.000000
vt 0.072829 0.007125 0.000000
vt 0.096750 0.008312 0.000000
vt 0.072829 0.011874 0.000000
vt 0.069840 0.016624 0.000000
vt 0.012147 0.016624 0.000000
vt 0.046712 0.008312 0.000000
vt -0.129503 -0.016624 0.000000
vt -0.130158 -0.015585 0.000000
vt -0.203920 -0.016624 0.000000
vt -0.204441 -0.015585 0.000000
vt -0.130571 -0.014546 0.000000
vt -0.204770 -0.014546 0.000000
vt -0.130741 -0.013507 0.000000
vt -0.204906 -0.013507 0.000000
vt -0.204847 -0.012468 0.000000
vt -0.130668 -0.012468 0.000000
vt -0.204596 -0.011429 0.000000
vt -0.130352 -0.011429 0.000000
vt -0.204152 -0.010390 0.000000
vt -0.129794 -0.010390 0.000000
vt -0.128995 -0.009351 0.000000
vt -0.202691 -0.008312 0.000000
vt -0.127959 -0.008312 0.000000
vt -0.200482 -0.006234 0.000000
vt -0.125185 -0.006234 0.000000
vt -0.197552 -0.004156 0.000000
vt -0.121504 -0.004156 0.000000
vt -0.126931 -0.002375 0.000000
vt -0.111611 0.000000 0.000000
vt -0.189675 0.000000 0.000000
vt -0.126931 0.002375 0.000000
vt -0.179434 0.004156 0.000000
vt -0.126931 0.007125 0.000000
vt -0.167313 0.008312 0.000000
vt -0.126931 0.011874 0.000000
vt -0.139794 0.016624 0.000000
vt -0.048956 0.016624 0.000000
vt -0.083522 0.008312 0.000000
vt -0.098747 0.004156 0.000000
vt -0.014892 -0.016624 0.000000
vt 0.142353 -0.016624 0.000000
vt -0.014722 -0.014546 0.000000
vt 0.057797 -0.011874 0.000000
vt -0.014706 -0.012468 0.000000
vt -0.015139 -0.008312 0.000000
vt 0.057797 -0.007125 0.000000
vt -0.016169 -0.004156 0.000000
vt 0.057797 -0.002375 0.000000
vt -0.017747 -0.000000 0.000000
vt 0.057797 0.002375 0.000000
vt -0.019800 0.004156 0.000000
vt 0.057797 0.007125 0.000000
vt -0.022229 0.008312 0.000000
vt 0.057797 0.011874 0.000000
vt -0.024919 0.012468 0.000000
vt 0.078227 0.016624 0.000000
vt -0.027744 0.016624 0.000000
vt 0.142874 -0.015585 0.000000
vt 0.143203 -0.014546 0.000000
vt 0.143338 -0.013507 0.000000
vt 0.143280 -0.012468 0.000000
vt 0.143029 -0.011429 0.000000
vt 0.142584 -0.010390 0.000000
vt 0.141123 -0.008312 0.000000
vt 0.138915 -0.006234 0.000000
vt 0.135985 -0.004156 0.000000
vt 0.128108 -0.000000 0.000000
vt 0.117867 0.004156 0.000000
vt 0.105746 0.008312 0.000000
vt -0.063199 0.015985 0.000000
vt 0.014543 0.015985 0.000000
vt -0.040165 0.170736 0.000000
vt 0.155332 0.170736 0.000000
vt 0.181153 0.040234 0.000000
vt 0.067123 0.040234 0.000000
vt 0.068885 -0.037285 0.000000
vt 0.010827 0.050015 0.000000
vt -0.038180 -0.030160 0.000000
vt -0.025941 0.040014 0.000000
vt -0.076727 0.021401 0.000000
vt -0.076727 0.096064 0.000000
vt 0.028841 0.139049 0.000000
vt -0.003895 0.105798 0.000000
vt -0.188681 0.004076 0.000000
vt -0.115076 -0.059950 0.000000
vt 0.009630 -0.059950 0.000000
vt 0.037896 -0.132911 0.000000
vt -0.162138 0.015744 0.000000
vt -0.195996 0.011698 0.000000
vt -0.162988 0.011120 0.000000
vt -0.227997 0.007652 0.000000
vt -0.163779 0.006496 0.000000
vt -0.256702 0.003606 0.000000
vt -0.164464 0.001872 0.000000
vt -0.239194 0.001872 0.000000
vt -0.165003 -0.002752 0.000000
vt -0.239194 -0.002752 0.000000
vt -0.165364 -0.007376 0.000000
vt -0.239194 -0.007376 0.000000
vt -0.165526 -0.012000 0.000000
vt -0.239194 -0.012000 0.000000
vt -0.165481 -0.016624 0.000000
vt -0.316120 -0.014095 0.000000
vt -0.315884 -0.014601 0.000000
vt -0.280823 -0.000440 0.000000
vt -0.290816 -0.002463 0.000000
vt -0.299274 -0.004486 0.000000
vt -0.306104 -0.006509 0.000000
vt -0.311227 -0.008532 0.000000
vt -0.314587 -0.010555 0.000000
vt -0.315593 -0.011567 0.000000
vt -0.315926 -0.012072 0.000000
vt -0.316145 -0.012578 0.000000
vt -0.316250 -0.013084 0.000000
vt -0.316242 -0.013590 0.000000
vt -0.315534 -0.015107 0.000000
vt -0.315071 -0.015613 0.000000
vt -0.313806 -0.016624 0.000000
vn 0.173648 -0.918303 0.355761
vn 0.173648 -0.918303 0.355761
vn 0.258819 -0.900696 0.348940
vn 0.284723 -0.893874 0.346297
vn 0.342020 -0.876235 0.339463
vn 0.392090 -0.857804 0.332323
vn 0.500000 -0.807542 0.312851
vn 0.590172 -0.752762 0.291628
vn 0.766044 -0.599380 0.232206
vn 0.757608 -0.608632 0.235791
vn 0.885705 -0.432898 0.167709
vn 0.939693 -0.318923 0.123554
vn 0.971006 -0.222912 0.086359
vn 1.000000 -0.000000 0.000000
vn 1.000000 -0.000000 0.000000
vn 1.000000 -0.000000 -0.000000
vn 0.939693 0.325362 0.105438
vn 0.939693 0.325362 0.105438
vn 0.866025 0.475648 0.154140
vn 0.766044 0.611481 0.198159
vn 0.766044 0.611481 0.198159
vn 0.642788 0.728735 0.236156
vn 0.500000 0.823846 0.266978
vn 0.500000 0.823846 0.266978
vn 0.422618 0.862167 0.279397
vn 0.342020 0.893925 0.289689
vn 0.342020 0.893925 0.289689
vn 0.258819 0.918881 0.297776
vn 0.258819 0.918881 0.297776
vn 0.173648 0.936843 0.303597
vn 0.173648 0.936843 0.303597
vn 0.988128 -0.055501 -0.143260
vn 0.893933 -0.161912 -0.417933
vn 0.954025 -0.108277 -0.279487
vn 0.837900 -0.197178 -0.508964
vn 0.714243 -0.252838 -0.652634
vn 0.659731 -0.271479 -0.700752
vn 0.597428 -0.289694 -0.747769
vn 0.432710 -0.325678 -0.840652
vn 0.466241 -0.319582 -0.824916
vn 0.323840 -0.341782 -0.882220
vn 0.306025 -0.343918 -0.887733
vn 0.249495 -0.349825 -0.902981
vn 0.240396 -0.350655 -0.905125
vn 0.173648 -0.355761 -0.918303
vn 0.173648 -0.355761 -0.918303
vn 0.173648 -0.918303 0.355761
vn 0.173648 -0.918303 0.355761
vn 0.173648 0.936843 0.303597
vn 0.173648 0.936843 0.303597
vn 0.847844 -0.191551 -0.494438
vn 0.893633 -0.162128 -0.418491
vn 0.885705 -0.167709 -0.432898
vn 0.939693 -0.123554 -0.318923
vn 0.971006 -0.086359 -0.222912
vn 1.000000 0.000000 0.000000
vn 0.766044 -0.232206 -0.599380
vn 0.719139 -0.251020 -0.647941
vn 0.597159 -0.289766 -0.747955
vn 0.559033 -0.299528 -0.773153
vn 0.469344 -0.318989 -0.823385
vn 0.500000 -0.312851 -0.807542
vn 0.374517 -0.334957 -0.864604
vn 0.342020 -0.339463 -0.876235
vn 0.275591 -0.347260 -0.896359
vn 0.173648 -0.355761 -0.918303
vn 0.173648 -0.355761 -0.918303
vn 0.642788 -0.276733 -0.714313
vn 0.766044 -0.232206 -0.599380
vn 0.911447 0.233766 0.338553
vn 0.893633 0.255006 0.369314
vn 0.847844 0.301284 0.436336
vn 0.766044 0.365230 0.528945
vn 0.719139 0.394820 0.571801
vn 0.597159 0.455764 0.660062
vn 0.559033 0.471117 0.682298
vn 0.469344 0.501726 0.726627
vn 0.500000 0.492073 0.712646
vn 0.396080 0.521727 0.755594
vn 0.342020 0.533930 0.773266
vn 0.275591 0.546193 0.791026
vn 0.258819 0.548836 0.794854
vn 0.173648 0.559564 0.810391
vn 0.173648 0.559564 0.810391
vn 0.954025 0.170304 0.246644
vn 0.958493 0.162002 0.234620
vn 0.988128 0.087295 0.126425
vn 0.973045 0.131035 0.189772
vn 0.979479 0.114519 0.165853
vn 0.994856 0.057556 0.083355
vn 1.000000 -0.000000 0.000000
vn 1.000000 -0.000000 -0.000000
vn 0.939693 0.194335 0.281446
vn 0.766044 0.365230 0.528945
vn 0.642788 0.435264 0.630373
vn 0.374517 0.526843 0.763003
vn 0.173648 -0.000000 -0.984808
vn 0.258819 -0.000000 -0.965926
vn 0.173648 -0.000000 -0.984808
vn 0.342020 -0.000000 -0.939693
vn 0.342020 -0.000000 -0.939693
vn 0.500000 -0.000000 -0.866025
vn 0.500000 -0.000000 -0.866025
vn 0.642788 -0.000000 -0.766044
vn 0.642788 -0.000000 -0.766044
vn 0.766044 -0.000000 -0.642788
vn 0.766044 -0.000000 -0.642788
vn 0.866025 -0.000000 -0.500000
vn 0.939693 -0.000000 -0.342020
vn 0.939693 -0.000000 -0.342020
vn 0.984808 -0.000000 -0.173648
vn 1.000000 -0.000000 0.000000
vn 0.173648 0.918303 -0.355761
vn 0.173648 0.918303 -0.355761
vn 0.258819 0.900696 -0.348940
vn 0.342020 0.876235 -0.339463
vn 0.342020 0.876235 -0.339463
vn 0.500000 0.807542 -0.312851
vn 0.500000 0.807542 -0.312851
vn 0.642788 0.714313 -0.276733
vn 0.642788 0.714313 -0.276733
vn 0.766044 0.599380 -0.232206
vn 0.766044 0.599380 -0.232206
vn 0.866025 0.466235 -0.180625
vn 0.939693 0.318923 -0.123554
vn 0.939693 0.318923 -0.123554
vn 0.984808 0.161922 -0.062730
vn 1.000000 0.000000 -0.000000
vn 1.000000 0.000000 0.000000
vn 0.973045 -0.226036 -0.045732
vn 0.962326 -0.266500 -0.053918
vn 0.893633 -0.439886 -0.088998
vn 0.852141 -0.512919 -0.103774
vn 0.766044 -0.630022 -0.127466
vn 0.723377 -0.676741 -0.136919
vn 0.597159 -0.786194 -0.159063
vn 0.562411 -0.810437 -0.163968
vn 0.396080 -0.899981 -0.182085
vn 0.376408 -0.908056 -0.183718
vn 0.276571 -0.941909 -0.190568
vn 0.258819 -0.946743 -0.191546
vn 0.173648 -0.965250 -0.195290
vn 0.173648 -0.965250 -0.195290
vn 0.342020 -0.921031 -0.186344
vn 0.500000 -0.848827 -0.171735
vn 0.642788 -0.750831 -0.151909
vn 0.766044 -0.630022 -0.127466
vn 0.939693 -0.335228 -0.067824
vn 0.173648 0.952202 -0.251314
vn 0.173648 0.952202 -0.251314
vn 0.258819 0.933945 -0.246495
vn 0.276571 0.929176 -0.245236
vn 0.342020 0.908580 -0.239801
vn 0.376408 0.895780 -0.236422
vn 0.500000 0.837352 -0.221001
vn 0.562411 0.799482 -0.211006
vn 0.642788 0.740681 -0.195487
vn 0.723377 0.667593 -0.176197
vn 0.766044 0.621505 -0.164033
vn 0.852141 0.505985 -0.133544
vn 0.939693 0.330696 -0.087280
vn 0.962326 0.262897 -0.069386
vn 1.000000 0.000000 -0.000000
vn 1.000000 0.000000 -0.000000
vn 1.000000 -0.000000 -0.000000
vn 0.997086 -0.072338 -0.024242
vn 0.939693 -0.324295 -0.108677
vn 0.918574 -0.374766 -0.125591
vn 0.766044 -0.609475 -0.204246
vn 0.740949 -0.636758 -0.213389
vn 0.642788 -0.726344 -0.243411
vn 0.620590 -0.743497 -0.249159
vn 0.500000 -0.821143 -0.275180
vn 0.483376 -0.830044 -0.278163
vn 0.342020 -0.890992 -0.298588
vn 0.333035 -0.894047 -0.299612
vn 0.258819 -0.915866 -0.306923
vn 0.254206 -0.917027 -0.307312
vn 0.173648 -0.933769 -0.312923
vn 0.173648 -0.933769 -0.312923
vn 0.173648 0.729794 -0.661247
vn 0.173648 0.729794 -0.661247
vn 0.258819 0.715801 -0.648568
vn 0.254206 0.716709 -0.649390
vn 0.333035 0.698749 -0.633118
vn 0.342020 0.696361 -0.630954
vn 0.483376 0.648726 -0.587794
vn 0.500000 0.641770 -0.581491
vn 0.620590 0.581085 -0.526506
vn 0.642788 0.567679 -0.514359
vn 0.740949 0.497662 -0.450918
vn 0.766044 0.476339 -0.431598
vn 0.918574 0.292901 -0.265390
vn 0.939693 0.253455 -0.229649
vn 0.997086 0.056536 -0.051226
vn 1.000000 -0.000000 0.000000
vn 1.000000 -0.000000 0.000000
vn 1.000000 -0.000000 -0.000000
vn 0.998566 -0.053529 -0.000000
vn 0.939693 -0.342020 -0.000000
vn 0.925201 -0.379478 -0.000000
vn 0.848808 -0.528702 -0.000000
vn 0.766044 -0.642788 -0.000000
vn 0.748560 -0.663067 -0.000000
vn 0.642788 -0.766044 -0.000000
vn 0.627274 -0.778798 -0.000000
vn 0.500000 -0.866025 -0.000000
vn 0.488361 -0.872642 -0.000000
vn 0.342020 -0.939693 -0.000000
vn 0.335722 -0.941961 -0.000000
vn 0.258819 -0.965926 -0.000000
vn 0.173648 -0.984808 -0.000000
vn 0.173648 -0.984808 -0.000000
vn 0.173648 0.559564 0.810391
vn 0.173648 0.559564 0.810391
vn 0.173648 0.559564 0.810391
vn 0.173648 0.559564 0.810391
vn 0.173648 0.559564 0.810391
vn 0.173648 0.559564 0.810391
vn 0.173648 0.559564 0.810391
vn 0.173648 0.559564 0.810391
vn 0.173648 0.559564 0.810391
vn 0.173648 0.559564 0.810391
vn 0.173648 0.559564 0.810391
vn 0.173648 0.559564 0.810391
vn 0.173648 0.559564 0.810391
vn 0.173648 0.559564 0.810391
vn 0.173648 0.559564 0.810391
vn 0.173648 0.559564 0.810391
vn 0.173648 0.559564 0.810391
vn 0.173648 0.559564 0.810391
vn 0.173648 0.559564 0.810391
vn 0.173648 -0.355761 -0.918303
vn 0.173648 -0.355761 -0.918303
vn 0.173648 -0.355761 -0.918303
vn 0.173648 0.559564 0.810391
vn 0.173648 -0.000000 -0.984808
vn 0.173648 -0.000000 -0.984808
vn 0.173648 -0.000000 -0.984808
vn 0.173648 0.918303 -0.355761
vn 0.173648 0.918303 -0.355761
vn 0.173648 -0.965250 -0.195290
vn 0.173648 -0.965250 -0.195290
vn 0.173648 0.952202 -0.251314
vn 0.173648 0.952202 -0.251314
vn 0.173648 -0.933769 -0.312923
vn 0.173648 -0.933769 -0.312923
vn 0.173648 0.729794 -0.661247
vn 0.173648 0.729794 -0.661247
vn 0.173648 -0.984808 0.000000
vn 0.173648 -0.984808 0.000000
vn 0.994856 -0.022469 0.098772
vn 0.962326 -0.060311 0.265126
vn 0.979479 -0.044706 0.196528
vn 0.954025 -0.066484 0.292262
vn 0.852141 -0.116078 0.510276
vn 0.837900 -0.121072 0.532226
vn 0.766044 -0.142580 0.626775
vn 0.659731 -0.166694 0.732781
vn 0.597159 -0.177922 0.782141
vn 0.432710 -0.199973 0.879075
vn 0.396080 -0.203674 0.895342
vn 0.306025 -0.211173 0.928308
vn 0.255584 -0.214447 0.942703
vn 0.240396 -0.215310 0.946494
vn 0.173648 -0.218445 0.960275
vn 0.173648 -0.218445 0.960275
vn 0.335722 -0.208941 0.918496
vn 0.488361 -0.193565 0.850903
vn 0.627274 -0.172749 0.759398
vn 0.748560 -0.147078 0.646550
vn 0.848808 -0.117274 0.515531
vn 0.893633 -0.099550 0.437619
vn 0.925201 -0.084174 0.370025
vn 0.962326 -0.060311 0.265126
vn 0.973045 -0.051154 0.224871
vn 0.997086 -0.016923 0.074391
vn 0.998566 -0.011874 0.052196
vn 0.998566 -0.008186 -0.052900
vn 0.925201 -0.058031 -0.375015
vn 0.925201 -0.058031 -0.375015
vn 0.848808 -0.080851 -0.522483
vn 0.848808 -0.080851 -0.522483
vn 0.748560 -0.101398 -0.655269
vn 0.748560 -0.101398 -0.655269
vn 0.627274 -0.119096 -0.769638
vn 0.627274 -0.119096 -0.769638
vn 0.488361 -0.133447 -0.862378
vn 0.488361 -0.133447 -0.862378
vn 0.335722 -0.144048 -0.930882
vn 0.335722 -0.144048 -0.930882
vn 0.255584 -0.147844 -0.955415
vn 0.173648 -0.150600 -0.973225
vn 0.173648 -0.150600 -0.973225
vn 0.173648 -0.218445 0.960275
vn 0.173648 -0.218445 0.960275
vn 0.173648 -0.355761 -0.918303
vn 0.173648 -0.355761 -0.918303
vn 0.173648 -0.000000 0.984808
vn 0.249495 -0.000000 0.968376
vn 0.173648 -0.000000 0.984808
vn 0.284723 -0.000000 0.958610
vn 0.323840 -0.000000 0.946112
vn 0.392090 -0.000000 0.919927
vn 0.466241 -0.000000 0.884658
vn 0.590172 -0.000000 0.807278
vn 0.597428 -0.000000 0.801923
vn 0.714243 -0.000000 0.699898
vn 0.893933 -0.000000 0.448200
vn 0.847844 -0.000000 0.530246
vn 0.757608 -0.000000 0.652710
vn 0.988128 -0.000000 0.153635
vn 0.958493 -0.000000 0.285116
vn 0.911447 -0.000000 0.411418
vn 0.885705 -0.000000 0.464249
vn 0.173648 -0.000000 0.984808
vn 0.173648 -0.000000 0.984808
vn -0.998933 0.000000 -0.046183
vn -0.969077 0.000000 -0.246757
vn -1.000000 0.000000 -0.000000
vn -0.976296 0.000000 -0.216440
vn -1.000000 0.000000 -0.000000
vn -0.958549 0.000000 -0.284929
vn -0.878222 0.000000 -0.478254
vn -0.906308 0.000000 -0.422618
vn -0.793353 0.000000 -0.608761
vn -0.733052 0.000000 -0.680173
vn -0.642788 0.000000 -0.766044
vn -0.542546 0.000000 -0.840026
vn -0.461749 0.000000 -0.887011
vn -0.318487 0.000000 -0.947927
vn -0.258819 0.000000 -0.965926
vn -0.074730 0.000000 -0.997204
vn -0.043619 0.000000 -0.999048
vn 0.065403 -0.000000 -0.997859
vn -0.068147 0.000000 -0.997675
vn -0.861964 0.000000 -0.506969
vn -0.714842 0.000000 -0.699286
vn -0.525809 0.000000 -0.850603
vn -0.305947 0.000000 -0.952049
vn -1.000000 0.000000 0.000000
vn -0.998933 0.026241 0.038004
vn -0.969077 0.140207 0.203055
vn -0.966751 0.145298 0.210429
vn -0.878222 0.271742 0.393552
vn -0.878222 0.271742 0.393552
vn -0.733052 0.386472 0.559709
vn -0.775447 0.358766 0.519585
vn -0.624922 0.443584 0.642422
vn -0.542546 0.477300 0.691251
vn -0.538652 0.478722 0.693311
vn -0.446313 0.508466 0.736388
vn -0.318487 0.538609 0.780043
vn -0.348945 0.532481 0.771169
vn -0.247646 0.550497 0.797260
vn -0.074730 0.566608 0.820592
vn -0.143556 0.562311 0.814370
vn -0.090831 0.565848 0.819491
vn -0.064363 0.567018 0.821187
vn -0.037849 0.567789 0.822303
vn -0.011309 0.568160 0.822840
vn 0.015239 0.568130 0.822797
vn 0.041776 0.567700 0.822175
vn 0.068284 0.566870 0.820972
vn 0.094744 0.565640 0.819191
vn 0.121137 0.564012 0.816833
vn -0.969077 0.140207 0.203055
vn -0.878222 0.271742 0.393552
vn -0.733052 0.386472 0.559709
vn -0.733052 0.386472 0.559709
vn -0.542546 0.477300 0.691251
vn -0.542546 0.477300 0.691251
vn -0.318487 0.538609 0.780043
vn -0.318487 0.538609 0.780043
vn -0.074730 0.566608 0.820592
vn -0.074730 0.566608 0.820592
vn -0.891123 0.257826 0.373397
vn 0.119704 0.944456 0.306063
vn 0.065403 0.949259 0.307620
vn -0.074730 0.948636 0.307418
vn 0.010908 0.951239 0.308262
vn -0.043619 0.950390 0.307987
vn -0.098017 0.946715 0.306796
vn -0.152123 0.940224 0.304692
vn -0.318487 0.901759 0.292227
vn -0.258819 0.918881 0.297776
vn -0.362438 0.886615 0.287319
vn -0.461749 0.843810 0.273448
vn -0.542546 0.799113 0.258963
vn -0.642788 0.728735 0.236156
vn -0.733052 0.647045 0.209684
vn -0.793353 0.579112 0.187669
vn -0.878222 0.454961 0.147436
vn -0.906308 0.402035 0.130285
vn -0.969077 0.234739 0.076070
vn -1.000000 -0.000000 -0.000000
vn -0.969077 0.234739 0.076070
vn -0.878222 0.454961 0.147436
vn -0.733052 0.647045 0.209684
vn -0.542546 0.799113 0.258963
vn -0.318487 0.901759 0.292227
vn -0.074730 0.948636 0.307418
vn 0.065403 -0.930473 0.360476
vn -0.074730 -0.929862 0.360239
vn -0.043619 -0.931582 0.360905
vn -0.258819 -0.900696 0.348940
vn -0.318487 -0.883913 0.342438
vn -0.461749 -0.827110 0.320432
vn -0.542546 -0.783298 0.303459
vn -0.642788 -0.714313 0.276733
vn -0.733052 -0.634240 0.245712
vn -0.793353 -0.567651 0.219915
vn -0.878222 -0.445957 0.172769
vn -0.906308 -0.394079 0.152670
vn -0.969077 -0.230094 0.089141
vn -0.976296 -0.201823 0.078189
vn -1.000000 -0.000000 0.000000
vn 0.119704 -0.925765 0.358652
vn 0.065403 -0.930473 0.360476
vn 0.010908 -0.932414 0.361228
vn -0.043619 -0.931582 0.360905
vn -0.098017 -0.927979 0.359510
vn -0.152123 -0.921617 0.357045
vn -0.258819 -0.900696 0.348940
vn -0.362438 -0.869069 0.336687
vn -0.461749 -0.827110 0.320432
vn -0.642788 -0.714313 0.276733
vn -0.793353 -0.567651 0.219915
vn -0.906308 -0.394079 0.152670
vn 0.119704 -0.000000 0.992810
vn 0.065403 -0.000000 0.997859
vn 0.065403 -0.000000 0.997859
vn 0.038170 -0.000000 0.999271
vn 0.010908 -0.000000 0.999941
vn -0.016362 0.000000 0.999866
vn -0.074730 0.000000 0.997204
vn -0.043619 0.000000 0.999048
vn -0.098017 0.000000 0.995185
vn -0.152123 0.000000 0.988362
vn -0.205777 0.000000 0.978599
vn -0.318487 0.000000 0.947927
vn -0.258819 0.000000 0.965926
vn -0.461749 0.000000 0.887011
vn -0.542546 0.000000 0.840026
vn -0.642788 0.000000 0.766044
vn -0.733052 0.000000 0.680173
vn -0.793353 0.000000 0.608761
vn -0.878222 0.000000 0.478254
vn -0.906308 0.000000 0.422618
vn -0.878222 0.000000 0.478254
vn -0.969077 0.000000 0.246757
vn -0.906308 0.000000 0.422618
vn -0.976296 0.000000 0.216440
vn -0.074730 0.000000 0.997204
vn -0.043619 0.000000 0.999048
vn -0.258819 0.000000 0.965926
vn -0.318487 0.000000 0.947927
vn -0.461749 0.000000 0.887011
vn -0.542546 0.000000 0.840026
vn -0.642788 0.000000 0.766044
vn -0.733052 0.000000 0.680173
vn -0.793353 0.000000 0.608761
vn -1.000000 0.000000 -0.000000
vn 0.119704 -0.358652 -0.925765
vn 0.119704 -0.358652 -0.925765
vn 0.065403 -0.360476 -0.930473
vn 0.065403 -0.360476 -0.930473
vn 0.038170 -0.360986 -0.931790
vn -0.074730 -0.360239 -0.929862
vn 0.010908 -0.361228 -0.932414
vn -0.016362 -0.361201 -0.932345
vn -0.043619 -0.360905 -0.931582
vn -0.098017 -0.359510 -0.927979
vn -0.152123 -0.357045 -0.921617
vn -0.205777 -0.353518 -0.912513
vn -0.318487 -0.342438 -0.883913
vn -0.152123 -0.357045 -0.921617
vn -0.258819 -0.348940 -0.900696
vn -0.362438 -0.336687 -0.869069
vn -0.461749 -0.320432 -0.827110
vn -0.542546 -0.303459 -0.783298
vn -0.642788 -0.276733 -0.714313
vn -0.733052 -0.245712 -0.634240
vn -0.793353 -0.219915 -0.567651
vn -0.878222 -0.172769 -0.445957
vn -0.906308 -0.152670 -0.394079
vn -0.969077 -0.089141 -0.230094
vn -1.000000 -0.000000 -0.000000
vn -0.906308 -0.152670 -0.394079
vn -0.793353 -0.219915 -0.567651
vn -0.642788 -0.276733 -0.714313
vn -0.461749 -0.320432 -0.827110
vn -0.258819 -0.348940 -0.900696
vn -0.098017 -0.359510 -0.927979
vn -0.043619 -0.360905 -0.931582
vn 0.010908 -0.361228 -0.932414
vn 0.119704 -0.220219 0.968078
vn 0.119704 -0.220219 0.968078
vn 0.065403 -0.221339 0.973001
vn 0.065403 -0.221339 0.973001
vn 0.038170 -0.221653 0.974378
vn 0.010908 -0.221801 0.975031
vn 0.010908 -0.221801 0.975031
vn -0.016362 -0.221785 0.974958
vn -0.043619 -0.221603 0.974161
vn -0.074730 -0.221194 0.972362
vn -0.098017 -0.220746 0.970394
vn -0.152123 -0.219233 0.963740
vn -0.205777 -0.217067 0.954221
vn -0.318487 -0.210264 0.924313
vn -0.258819 -0.214256 0.941864
vn -0.362438 -0.206733 0.908791
vn -0.461749 -0.196752 0.864914
vn -0.542546 -0.186330 0.819100
vn -0.642788 -0.169920 0.746961
vn -0.733052 -0.150872 0.663229
vn -0.793353 -0.135032 0.593597
vn -0.878222 -0.106084 0.466340
vn -0.906308 -0.093743 0.412090
vn -0.969077 -0.054734 0.240610
vn -1.000000 0.000000 -0.000000
vn -0.969077 -0.054734 0.240610
vn -0.906308 -0.093743 0.412090
vn -0.878222 -0.106084 0.466340
vn -0.793353 -0.135032 0.593597
vn -0.733052 -0.150872 0.663229
vn -0.642788 -0.169920 0.746961
vn -0.542546 -0.186330 0.819100
vn -0.461749 -0.196752 0.864914
vn -0.318487 -0.210264 0.924313
vn -0.362438 -0.206733 0.908791
vn -0.258819 -0.214256 0.941864
vn -0.152123 -0.219233 0.963740
vn -0.074730 -0.221194 0.972362
vn -0.098017 -0.220746 0.970394
vn -0.043619 -0.221603 0.974161
vn 0.173648 -0.150600 -0.973225
vn 0.173648 -0.150600 -0.973225
vn 0.065403 -0.152596 -0.986122
vn -0.074730 -0.152496 -0.985475
vn -0.043619 -0.152778 -0.987298
vn -0.152123 -0.151143 -0.976736
vn -0.318487 -0.144960 -0.936778
vn -0.258819 -0.147712 -0.954565
vn -0.461749 -0.135644 -0.876578
vn -0.542546 -0.128459 -0.830146
vn -0.642788 -0.117146 -0.757034
vn -0.733052 -0.104014 -0.672173
vn -0.793353 -0.093094 -0.601601
vn -0.878222 -0.073136 -0.472629
vn -0.906308 -0.064628 -0.417647
vn -0.969077 -0.037735 -0.243855
vn -0.976296 -0.033099 -0.213894
vn -1.000000 0.000000 0.000000
vn 0.119704 -0.151824 -0.981132
vn 0.065403 -0.152596 -0.986122
vn 0.038170 -0.152812 -0.987518
vn 0.010908 -0.152914 -0.988179
vn -0.016362 -0.152903 -0.988106
vn -0.043619 -0.152778 -0.987298
vn -0.098017 -0.152187 -0.983479
vn -0.152123 -0.151143 -0.976736
vn -0.205777 -0.149650 -0.967089
vn -0.258819 -0.147712 -0.954565
vn -0.362438 -0.142526 -0.921046
vn -0.461749 -0.135644 -0.876578
vn -0.642788 -0.117146 -0.757034
vn -0.793353 -0.093094 -0.601601
vn -0.906308 -0.064628 -0.417647
vn 0.119704 -0.992810 -0.000000
vn 0.065403 -0.997859 -0.000000
vn 0.065403 -0.997859 -0.000000
vn 0.010908 -0.999941 -0.000000
vn -0.074730 -0.997204 -0.000000
vn -0.043619 -0.999048 -0.000000
vn -0.098017 -0.995185 -0.000000
vn -0.152123 -0.988362 -0.000000
vn -0.318487 -0.947927 -0.000000
vn -0.258819 -0.965926 -0.000000
vn -0.362438 -0.932008 -0.000000
vn -0.461749 -0.887011 -0.000000
vn -0.542546 -0.840026 -0.000000
vn -0.642788 -0.766044 -0.000000
vn -0.733052 -0.680173 -0.000000
vn -0.793353 -0.608761 -0.000000
vn -0.878222 -0.478254 -0.000000
vn -0.906308 -0.422618 -0.000000
vn -0.969077 -0.246757 -0.000000
vn -1.000000 -0.000000 -0.000000
vn -0.976296 -0.216440 -0.000000
vn -0.043619 -0.999048 -0.000000
vn -0.152123 -0.988362 -0.000000
vn -0.258819 -0.965926 -0.000000
vn -0.461749 -0.887011 -0.000000
vn -0.642788 -0.766044 -0.000000
vn -0.793353 -0.608761 -0.000000
vn -0.906308 -0.422618 -0.000000
vn 0.119704 0.735724 -0.666620
vn 0.065403 0.739466 -0.670010
vn 0.065403 0.739466 -0.670010
vn -0.074730 0.738980 -0.669570
vn 0.010908 0.741008 -0.671407
vn -0.043619 0.740347 -0.670808
vn -0.098017 0.737484 -0.668214
vn -0.152123 0.732427 -0.663633
vn -0.318487 0.702464 -0.636483
vn -0.258819 0.715801 -0.648568
vn -0.362438 0.690666 -0.625794
vn -0.461749 0.657321 -0.595581
vn -0.542546 0.622503 -0.564033
vn -0.461749 0.657321 -0.595581
vn -0.642788 0.567679 -0.514359
vn -0.733052 0.504043 -0.456700
vn -0.793353 0.451124 -0.408751
vn -0.878222 0.354411 -0.321122
vn -0.906308 0.313182 -0.283766
vn -0.969077 0.182860 -0.165685
vn -1.000000 0.000000 -0.000000
vn -0.906308 0.313182 -0.283766
vn -0.793353 0.451124 -0.408751
vn -0.642788 0.567679 -0.514359
vn -0.362438 0.690666 -0.625794
vn -0.258819 0.715801 -0.648568
vn -0.152123 0.732427 -0.663633
vn -0.043619 0.740347 -0.670808
vn 0.119704 -0.941357 -0.315466
vn 0.065403 -0.946144 -0.317070
vn 0.065403 -0.946144 -0.317070
vn 0.010908 -0.948118 -0.317732
vn -0.074730 -0.945523 -0.316862
vn -0.043619 -0.947272 -0.317448
vn -0.098017 -0.943609 -0.316221
vn -0.152123 -0.937139 -0.314052
vn -0.258819 -0.915866 -0.306923
vn -0.318487 -0.898800 -0.301204
vn -0.362438 -0.883706 -0.296146
vn -0.461749 -0.841041 -0.281848
vn -0.542546 -0.796491 -0.266919
vn -0.642788 -0.726344 -0.243411
vn -0.733052 -0.644922 -0.216125
vn -0.793353 -0.577212 -0.193434
vn -0.878222 -0.453468 -0.151965
vn -0.906308 -0.400716 -0.134287
vn -0.969077 -0.233969 -0.078407
vn -1.000000 0.000000 0.000000
vn -0.906308 -0.400716 -0.134287
vn -0.793353 -0.577212 -0.193434
vn -0.642788 -0.726344 -0.243411
vn -0.461749 -0.841041 -0.281848
vn -0.362438 -0.883706 -0.296146
vn -0.258819 -0.915866 -0.306923
vn -0.152123 -0.937139 -0.314052
vn -0.043619 -0.947272 -0.317448
vn 0.119704 0.959939 -0.253356
vn 0.119704 0.959939 -0.253356
vn 0.065403 0.964821 -0.254644
vn 0.065403 0.964821 -0.254644
vn 0.010908 0.966833 -0.255175
vn 0.010908 0.966833 -0.255175
vn -0.043619 0.965971 -0.254948
vn -0.043619 0.965971 -0.254948
vn -0.098017 0.962235 -0.253962
vn -0.098017 0.962235 -0.253962
vn -0.152123 0.955638 -0.252220
vn -0.152123 0.955638 -0.252220
vn -0.205777 0.946198 -0.249729
vn -0.258819 0.933945 -0.246495
vn -0.258819 0.933945 -0.246495
vn -0.362438 0.901150 -0.237840
vn -0.362438 0.901150 -0.237840
vn -0.461749 0.857643 -0.226357
vn -0.461749 0.857643 -0.226357
vn -0.642788 0.740681 -0.195487
vn -0.642788 0.740681 -0.195487
vn -0.733052 0.657653 -0.173574
vn -0.793353 0.588606 -0.155350
vn -0.793353 0.588606 -0.155350
vn -0.878222 0.462419 -0.122046
vn -0.906308 0.408626 -0.107848
vn -0.969077 0.238587 -0.062970
vn -1.000000 0.000000 -0.000000
vn -0.906308 0.408626 -0.107848
vn 0.119704 -0.973093 -0.196877
vn 0.119704 -0.973093 -0.196877
vn 0.065403 -0.978042 -0.197878
vn 0.065403 -0.978042 -0.197878
vn 0.010908 -0.980083 -0.198291
vn 0.010908 -0.980083 -0.198291
vn -0.043619 -0.979208 -0.198114
vn -0.043619 -0.979208 -0.198114
vn -0.098017 -0.975421 -0.197348
vn -0.098017 -0.975421 -0.197348
vn -0.152123 -0.968733 -0.195995
vn -0.152123 -0.968733 -0.195995
vn -0.205777 -0.959165 -0.194059
vn -0.258819 -0.946743 -0.191546
vn -0.258819 -0.946743 -0.191546
vn -0.362438 -0.913499 -0.184820
vn -0.362438 -0.913499 -0.184820
vn -0.461749 -0.869396 -0.175897
vn -0.461749 -0.869396 -0.175897
vn -0.542546 -0.823344 -0.166579
vn -0.642788 -0.750831 -0.151909
vn -0.642788 -0.750831 -0.151909
vn -0.733052 -0.666665 -0.134880
vn -0.793353 -0.596672 -0.120719
vn -0.878222 -0.468756 -0.094839
vn -0.906308 -0.414225 -0.083806
vn -0.969077 -0.241857 -0.048933
vn -1.000000 0.000000 0.000000
vn -0.906308 -0.414225 -0.083806
vn -0.793353 -0.596672 -0.120719
vn 0.065403 0.930473 -0.360476
vn -0.074730 0.929862 -0.360239
vn -0.043619 0.931582 -0.360905
vn -0.258819 0.900696 -0.348940
vn -0.318487 0.883913 -0.342438
vn -0.461749 0.827110 -0.320432
vn -0.542546 0.783298 -0.303459
vn -0.642788 0.714313 -0.276733
vn -0.733052 0.634240 -0.245712
vn -0.793353 0.567651 -0.219915
vn -0.878222 0.445957 -0.172769
vn -0.906308 0.394079 -0.152670
vn -0.969077 0.230094 -0.089141
vn -0.976296 0.201823 -0.078189
vn 0.119704 0.925765 -0.358652
vn 0.065403 0.930473 -0.360476
vn 0.010908 0.932414 -0.361228
vn -0.043619 0.931582 -0.360905
vn -0.098017 0.927979 -0.359510
vn -0.152123 0.921617 -0.357045
vn -0.258819 0.900696 -0.348940
vn -0.362438 0.869069 -0.336687
vn -0.461749 0.827110 -0.320432
vn -0.642788 0.714313 -0.276733
vn -0.793353 0.567651 -0.219915
vn -0.906308 0.394079 -0.152670
vn -0.998933 -0.016684 -0.043065
vn -0.966751 -0.092378 -0.238450
vn -0.958549 -0.102930 -0.265688
vn -0.891123 -0.163921 -0.423119
vn -0.861964 -0.183142 -0.472733
vn -0.775447 -0.228097 -0.588773
vn -0.714842 -0.252616 -0.652063
vn -0.714842 -0.252616 -0.652063
vn -0.525809 -0.307280 -0.793161
vn -0.525809 -0.307280 -0.793161
vn -0.305947 -0.343927 -0.887756
vn -0.305947 -0.343927 -0.887756
vn -0.068147 -0.360409 -0.930302
vn -0.068147 -0.360409 -0.930302
vn 0.041776 -0.360934 -0.931655
vn 0.068284 -0.360406 -0.930293
vn -0.624922 -0.282023 -0.727967
vn -0.538652 -0.304363 -0.785632
vn -0.446313 -0.323274 -0.834445
vn -0.348945 -0.338542 -0.873857
vn -0.247646 -0.349996 -0.903424
vn -0.143556 -0.357507 -0.922811
vn -0.090831 -0.359756 -0.928615
vn -0.064363 -0.360500 -0.930536
vn -0.037849 -0.360990 -0.931801
vn -0.011309 -0.361226 -0.932410
vn 0.015239 -0.361207 -0.932361
vn 0.094744 -0.359624 -0.928275
vn 0.121137 -0.358589 -0.925602
f 915/1791/1572 916/1792/1573 929/1793/1574
f 929/1793/1574 916/1792/1573 917/1794/1575
f 929/1793/1574 917/1794/1575 928/1795/1576
f 928/1795/1576 917/1794/1575 918/1796/1577
f 928/1795/1576 918/1796/1577 927/1797/1578
f 927/1797/1578 918/1796/1577 919/1798/1579
f 927/1797/1578 919/1798/1579 926/1799/1580
f 926/1799/1580 919/1798/1579 920/1800/1581
f 926/1799/1580 920/1800/1581 921/1801/1582
f 926/1799/1580 921/1801/1582 925/1802/1583
f 925/1802/1583 921/1801/1582 922/1803/1584
f 925/1802/1583 922/1803/1584 924/1804/1585
f 924/1804/1585 922/1803/1584 923/1805/1586
f 930/1806/1587 931/1807/1588 924/1808/1585
f 924/1808/1585 931/1807/1588 925/1809/1589
f 925/1809/1589 931/1807/1588 932/1810/1590
f 925/1809/1589 932/1810/1590 926/1811/1591
f 926/1811/1591 932/1810/1590 933/1812/1592
f 926/1811/1591 933/1812/1592 934/1813/1593
f 926/1811/1591 934/1813/1593 927/1814/1594
f 927/1814/1594 934/1813/1593 935/1815/1595
f 927/1814/1594 935/1815/1595 936/1816/1596
f 927/1814/1594 936/1816/1596 928/1817/1597
f 928/1817/1597 936/1816/1596 937/1818/1598
f 928/1817/1597 937/1818/1598 938/1819/1599
f 928/1817/1597 938/1819/1599 929/1820/1600
f 929/1820/1600 938/1819/1599 939/1821/1601
f 929/1820/1600 939/1821/1601 915/1822/1602
f 940/1823/1603 941/1824/1604 954/1825/1605
f 954/1825/1605 941/1824/1604 953/1826/1606
f 953/1826/1606 941/1824/1604 942/1827/1607
f 953/1826/1606 942/1827/1607 952/1828/1608
f 952/1828/1608 942/1827/1607 943/1829/1609
f 952/1828/1608 943/1829/1609 951/1830/1610
f 951/1830/1610 943/1829/1609 944/1831/1611
f 951/1830/1610 944/1831/1611 945/1832/1612
f 951/1830/1610 945/1832/1612 950/1833/1613
f 950/1833/1613 945/1832/1612 946/1834/1614
f 950/1833/1613 946/1834/1614 949/1835/1615
f 949/1835/1615 946/1834/1614 948/1836/1616
f 948/1836/1616 946/1834/1614 947/1837/1617
f 916/1838/1573 915/1839/1572 956/1840/1618
f 956/1840/1618 915/1839/1572 955/1841/1619
f 939/1842/1601 957/1843/1620 915/1844/1602
f 915/1844/1602 957/1843/1620 955/1845/1621
f 958/1846/1622 973/1847/1623 921/1848/1624
f 921/1848/1624 973/1847/1623 970/1849/1625
f 921/1848/1624 970/1849/1625 922/1850/1626
f 922/1850/1626 970/1849/1625 971/1851/1627
f 922/1850/1626 971/1851/1627 923/1852/1586
f 973/1847/1623 958/1846/1622 972/1853/1628
f 972/1853/1628 958/1846/1622 959/1854/1629
f 972/1853/1628 959/1854/1629 974/1855/1630
f 974/1855/1630 959/1854/1629 960/1856/1631
f 974/1855/1630 960/1856/1631 961/1857/1632
f 974/1855/1630 961/1857/1632 967/1858/1633
f 967/1858/1633 961/1857/1632 962/1859/1634
f 967/1858/1633 962/1859/1634 966/1860/1635
f 966/1860/1635 962/1859/1634 963/1861/1636
f 966/1860/1635 963/1861/1636 965/1862/1637
f 965/1862/1637 963/1861/1636 964/1863/1638
f 967/1858/1633 968/1864/1639 974/1855/1630
f 974/1855/1630 968/1864/1639 972/1853/1628
f 968/1864/1639 969/1865/1640 972/1853/1628
f 972/1853/1628 969/1865/1640 973/1847/1623
f 969/1865/1640 970/1849/1625 973/1847/1623
f 975/1866/1641 989/1867/1642 958/1868/1643
f 958/1868/1643 989/1867/1642 988/1869/1644
f 958/1868/1643 988/1869/1644 959/1870/1645
f 959/1870/1645 988/1869/1644 991/1871/1646
f 959/1870/1645 991/1871/1646 960/1872/1647
f 960/1872/1647 991/1871/1646 961/1873/1648
f 961/1873/1648 991/1871/1646 984/1874/1649
f 961/1873/1648 984/1874/1649 992/1875/1650
f 992/1875/1650 984/1874/1649 985/1876/1651
f 992/1875/1650 985/1876/1651 963/1877/1652
f 963/1877/1652 985/1876/1651 986/1878/1653
f 963/1877/1652 986/1878/1653 964/1879/1654
f 964/1879/1654 986/1878/1653 987/1880/1655
f 989/1867/1642 975/1866/1641 954/1881/1656
f 954/1881/1656 975/1866/1641 976/1882/1657
f 954/1881/1656 976/1882/1657 940/1883/1658
f 989/1867/1642 954/1881/1656 990/1884/1659
f 990/1884/1659 954/1881/1656 977/1885/1660
f 990/1884/1659 977/1885/1660 978/1886/1661
f 979/1887/1662 980/1888/1663 978/1886/1661
f 978/1886/1661 980/1888/1663 990/1884/1659
f 980/1888/1663 981/1889/1664 990/1884/1659
f 990/1884/1659 981/1889/1664 989/1867/1642
f 981/1889/1664 982/1890/1665 989/1867/1642
f 989/1867/1642 982/1890/1665 988/1869/1644
f 982/1890/1665 983/1891/1666 988/1869/1644
f 988/1869/1644 983/1891/1666 991/1871/1646
f 983/1891/1666 984/1874/1649 991/1871/1646
f 963/1877/1652 962/1892/1667 992/1875/1650
f 992/1875/1650 962/1892/1667 961/1873/1648
f 987/1893/1668 986/1894/1669 993/1895/1670
f 993/1895/1670 986/1894/1669 1001/1896/1671
f 1001/1896/1671 986/1894/1669 985/1897/1672
f 1001/1896/1671 985/1897/1672 984/1898/1673
f 1001/1896/1671 984/1898/1673 1000/1899/1674
f 1000/1899/1674 984/1898/1673 983/1900/1675
f 1000/1899/1674 983/1900/1675 999/1901/1676
f 999/1901/1676 983/1900/1675 982/1902/1677
f 999/1901/1676 982/1902/1677 998/1903/1678
f 998/1903/1678 982/1902/1677 997/1904/1679
f 997/1904/1679 982/1902/1677 981/1905/1680
f 997/1904/1679 981/1905/1680 996/1906/1681
f 996/1906/1681 981/1905/1680 995/1907/1682
f 995/1907/1682 981/1905/1680 980/1908/1663
f 995/1907/1682 980/1908/1663 994/1909/1683
f 1002/1910/1684 993/1911/1685 1009/1912/1686
f 1009/1912/1686 993/1911/1685 1001/1913/1687
f 1009/1912/1686 1001/1913/1687 1008/1914/1688
f 1008/1914/1688 1001/1913/1687 1007/1915/1689
f 1007/1915/1689 1001/1913/1687 1000/1916/1690
f 1007/1915/1689 1000/1916/1690 1006/1917/1691
f 1006/1917/1691 1000/1916/1690 999/1918/1692
f 1006/1917/1691 999/1918/1692 1005/1919/1693
f 1005/1919/1693 999/1918/1692 998/1920/1694
f 1005/1919/1693 998/1920/1694 997/1921/1695
f 1005/1919/1693 997/1921/1695 1004/1922/1696
f 1004/1922/1696 997/1921/1695 996/1923/1697
f 1004/1922/1696 996/1923/1697 995/1924/1698
f 994/1925/1683 1003/1926/1699 995/1924/1698
f 995/1924/1698 1003/1926/1699 1004/1922/1696
f 1003/1927/1699 1010/1928/1700 1019/1929/1701
f 1019/1929/1701 1010/1928/1700 1011/1930/1702
f 1019/1929/1701 1011/1930/1702 1018/1931/1703
f 1018/1931/1703 1011/1930/1702 1012/1932/1704
f 1018/1931/1703 1012/1932/1704 1020/1933/1705
f 1020/1933/1705 1012/1932/1704 1013/1934/1706
f 1020/1933/1705 1013/1934/1706 1021/1935/1707
f 1021/1935/1707 1013/1934/1706 1014/1936/1708
f 1021/1935/1707 1014/1936/1708 1022/1937/1709
f 1022/1937/1709 1014/1936/1708 1015/1938/1710
f 1022/1937/1709 1015/1938/1710 1016/1939/1711
f 1022/1937/1709 1016/1939/1711 1009/1940/1712
f 1009/1940/1712 1016/1939/1711 1017/1941/1713
f 1009/1940/1712 1017/1941/1713 1002/1942/1714
f 1009/1940/1712 1008/1943/1715 1022/1937/1709
f 1022/1937/1709 1008/1943/1715 1007/1944/1716
f 1022/1937/1709 1007/1944/1716 1021/1935/1707
f 1021/1935/1707 1007/1944/1716 1006/1945/1717
f 1021/1935/1707 1006/1945/1717 1020/1933/1705
f 1020/1933/1705 1006/1945/1717 1005/1946/1718
f 1020/1933/1705 1005/1946/1718 1018/1931/1703
f 1018/1931/1703 1005/1946/1718 1004/1947/1719
f 1018/1931/1703 1004/1947/1719 1019/1929/1701
f 1019/1929/1701 1004/1947/1719 1003/1927/1699
f 1023/1948/1720 1017/1949/1721 1032/1950/1722
f 1032/1950/1722 1017/1949/1721 1016/1951/1723
f 1032/1950/1722 1016/1951/1723 1031/1952/1724
f 1031/1952/1724 1016/1951/1723 1015/1953/1725
f 1031/1952/1724 1015/1953/1725 1030/1954/1726
f 1030/1954/1726 1015/1953/1725 1014/1955/1727
f 1030/1954/1726 1014/1955/1727 1029/1956/1728
f 1029/1956/1728 1014/1955/1727 1013/1957/1729
f 1029/1956/1728 1013/1957/1729 1028/1958/1730
f 1028/1958/1730 1013/1957/1729 1012/1959/1731
f 1028/1958/1730 1012/1959/1731 1027/1960/1732
f 1027/1960/1732 1012/1959/1731 1024/1961/1733
f 1027/1960/1732 1024/1961/1733 1026/1962/1734
f 1026/1962/1734 1024/1961/1733 1025/1963/1735
f 1033/1964/1736 1034/1965/1737 1026/1966/1734
f 1026/1966/1734 1034/1965/1737 1027/1967/1738
f 1027/1967/1738 1034/1965/1737 1035/1968/1739
f 1027/1967/1738 1035/1968/1739 1028/1969/1740
f 1028/1969/1740 1035/1968/1739 1036/1970/1741
f 1028/1969/1740 1036/1970/1741 1029/1971/1742
f 1029/1971/1742 1036/1970/1741 1037/1972/1743
f 1029/1971/1742 1037/1972/1743 1030/1973/1744
f 1030/1973/1744 1037/1972/1743 1038/1974/1745
f 1030/1973/1744 1038/1974/1745 1031/1975/1746
f 1031/1975/1746 1038/1974/1745 1039/1976/1747
f 1031/1975/1746 1039/1976/1747 1032/1977/1748
f 1032/1977/1748 1039/1976/1747 1040/1978/1749
f 1032/1977/1748 1040/1978/1749 1023/1979/1750
f 1023/1979/1750 1040/1978/1749 1041/1980/1751
f 1042/1981/1752 1041/1982/1753 1050/1983/1754
f 1050/1983/1754 1041/1982/1753 1040/1984/1755
f 1050/1983/1754 1040/1984/1755 1039/1985/1756
f 1050/1983/1754 1039/1985/1756 1049/1986/1757
f 1049/1986/1757 1039/1985/1756 1038/1987/1758
f 1049/1986/1757 1038/1987/1758 1048/1988/1759
f 1048/1988/1759 1038/1987/1758 1037/1989/1760
f 1048/1988/1759 1037/1989/1760 1047/1990/1761
f 1047/1990/1761 1037/1989/1760 1036/1991/1762
f 1047/1990/1761 1036/1991/1762 1046/1992/1763
f 1046/1992/1763 1036/1991/1762 1035/1993/1764
f 1046/1992/1763 1035/1993/1764 1045/1994/1765
f 1045/1994/1765 1035/1993/1764 1034/1995/1766
f 1045/1994/1765 1034/1995/1766 1044/1996/1767
f 1044/1996/1767 1034/1995/1766 1043/1997/1768
f 1051/1998/1769 1052/1999/1770 1044/2000/1767
f 1044/2000/1767 1052/1999/1770 1045/2001/1771
f 1045/2001/1771 1052/1999/1770 1053/2002/1772
f 1045/2001/1771 1053/2002/1772 1054/2003/1773
f 1045/2001/1771 1054/2003/1773 1046/2004/1774
f 1046/2004/1774 1054/2003/1773 1055/2005/1775
f 1046/2004/1774 1055/2005/1775 1047/2006/1776
f 1047/2006/1776 1055/2005/1775 1056/2007/1777
f 1047/2006/1776 1056/2007/1777 1048/2008/1778
f 1048/2008/1778 1056/2007/1777 1057/2009/1779
f 1048/2008/1778 1057/2009/1779 1049/2010/1780
f 1049/2010/1780 1057/2009/1779 1058/2011/1781
f 1049/2010/1780 1058/2011/1781 1050/2012/1782
f 1050/2012/1782 1058/2011/1781 1059/2013/1783
f 1050/2012/1782 1059/2013/1783 1042/2014/1784
f 930/2015/1785 971/2016/1786 931/2017/1787
f 931/2017/1787 971/2016/1786 970/2018/1788
f 931/2017/1787 970/2018/1788 932/2019/1789
f 932/2019/1789 970/2018/1788 933/2020/1790
f 933/2020/1790 970/2018/1788 934/2021/1791
f 934/2021/1791 970/2018/1788 935/2022/1792
f 935/2022/1792 970/2018/1788 969/2023/1793
f 935/2022/1792 969/2023/1793 936/2024/1794
f 936/2024/1794 969/2023/1793 937/2025/1795
f 937/2025/1795 969/2023/1793 938/2026/1796
f 938/2026/1796 969/2023/1793 939/2027/1797
f 939/2027/1797 969/2023/1793 968/2028/1798
f 939/2027/1797 968/2028/1798 967/2029/1799
f 967/2029/1799 966/2030/1800 939/2027/1797
f 939/2027/1797 966/2030/1800 965/2031/1801
f 939/2027/1797 965/2031/1801 957/2032/1802
f 957/2032/1802 965/2031/1801 1060/2033/1803
f 964/2034/1638 1061/2035/1804 965/2036/1637
f 965/2036/1637 1061/2035/1804 1060/2037/1805
f 1060/2037/1805 1061/2035/1804 1062/2038/1806
f 964/2039/1654 987/2040/1655 1061/2041/1807
f 993/2042/1670 1063/2043/1808 987/2044/1668
f 987/2044/1668 1063/2043/1808 1061/2045/1809
f 1061/2045/1809 1063/2043/1808 1062/2046/1810
f 993/2047/1685 1002/2048/1684 1063/2049/1811
f 1063/2049/1811 1002/2048/1684 1064/2050/1812
f 1017/2051/1713 1065/2052/1813 1002/2053/1714
f 1002/2053/1714 1065/2052/1813 1064/2054/1814
f 1017/2055/1721 1023/2056/1720 1065/2057/1815
f 1065/2057/1815 1023/2056/1720 1066/2058/1816
f 1041/2059/1751 1067/2060/1817 1023/2061/1750
f 1023/2061/1750 1067/2060/1817 1066/2062/1818
f 1041/2063/1753 1042/2064/1752 1067/2065/1819
f 1067/2065/1819 1042/2064/1752 1068/2066/1820
f 1044/2067/1767 1043/2068/1768 1051/2069/1769
f 1026/2070/1734 1025/2071/1735 1033/2072/1736
f 980/2073/1663 979/2074/1662 994/2075/1683
f 994/2075/1683 979/2074/1662 1010/2076/1700
f 994/2075/1683 1010/2076/1700 1003/2077/1699
f 924/2078/1585 923/2079/1586 930/2080/1587
f 930/2080/1587 923/2079/1586 971/2081/1627
f 1059/2082/1783 1069/2083/1821 1042/2084/1784
f 1042/2084/1784 1069/2083/1821 1068/2085/1822
f 979/2086/1662 978/2087/1823 1010/2088/1700
f 1010/2088/1700 978/2087/1823 1011/2089/1824
f 1011/2089/1824 978/2087/1823 977/2090/1825
f 1011/2089/1824 977/2090/1825 954/2091/1826
f 1011/2089/1824 954/2091/1826 1012/2092/1827
f 1012/2092/1827 954/2091/1826 953/2093/1828
f 1012/2092/1827 953/2093/1828 1080/2094/1829
f 1080/2094/1829 953/2093/1828 952/2095/1830
f 1080/2094/1829 952/2095/1830 1081/2096/1831
f 1081/2096/1831 952/2095/1830 951/2097/1832
f 1081/2096/1831 951/2097/1832 1082/2098/1833
f 1082/2098/1833 951/2097/1832 950/2099/1834
f 1082/2098/1833 950/2099/1834 1071/2100/1835
f 1071/2100/1835 950/2099/1834 949/2101/1836
f 1071/2100/1835 949/2101/1836 1070/2102/1837
f 1070/2102/1837 949/2101/1836 948/2103/1838
f 1071/2100/1835 1072/2104/1839 1082/2098/1833
f 1082/2098/1833 1072/2104/1839 1073/2105/1840
f 1082/2098/1833 1073/2105/1840 1081/2096/1831
f 1081/2096/1831 1073/2105/1840 1074/2106/1841
f 1081/2096/1831 1074/2106/1841 1075/2107/1842
f 1081/2096/1831 1075/2107/1842 1080/2094/1829
f 1080/2094/1829 1075/2107/1842 1076/2108/1843
f 1080/2094/1829 1076/2108/1843 1079/2109/1844
f 1079/2109/1844 1076/2108/1843 1077/2110/1845
f 1079/2109/1844 1077/2110/1845 1024/2111/1846
f 1024/2111/1846 1077/2110/1845 1078/2112/1847
f 1024/2111/1846 1078/2112/1847 1034/2113/1848
f 1034/2113/1848 1078/2112/1847 1052/2114/1849
f 1034/2113/1848 1052/2114/1849 1043/2115/1768
f 1043/2115/1768 1052/2114/1849 1051/2116/1769
f 1077/2110/1845 1052/2114/1849 1078/2112/1847
f 1033/2117/1736 1025/2118/1735 1034/2113/1848
f 1034/2113/1848 1025/2118/1735 1024/2111/1846
f 1024/2111/1846 1012/2092/1827 1079/2109/1844
f 1079/2109/1844 1012/2092/1827 1080/2094/1829
f 1052/2119/1850 1077/2120/1851 1053/2121/1852
f 1053/2121/1852 1077/2120/1851 1054/2122/1853
f 1054/2122/1853 1077/2120/1851 1076/2123/1854
f 1054/2122/1853 1076/2123/1854 1055/2124/1855
f 1055/2124/1855 1076/2123/1854 1075/2125/1856
f 1055/2124/1855 1075/2125/1856 1056/2126/1857
f 1056/2126/1857 1075/2125/1856 1074/2127/1858
f 1056/2126/1857 1074/2127/1858 1057/2128/1859
f 1057/2128/1859 1074/2127/1858 1073/2129/1860
f 1057/2128/1859 1073/2129/1860 1058/2130/1861
f 1058/2130/1861 1073/2129/1860 1072/2131/1862
f 1058/2130/1861 1072/2131/1862 1071/2132/1863
f 1070/2133/1864 1059/2134/1865 1071/2132/1863
f 1071/2132/1863 1059/2134/1865 1058/2130/1861
f 948/2135/1838 1083/2136/1866 1070/2137/1837
f 1070/2137/1837 1083/2136/1866 1084/2138/1867
f 948/2139/1616 947/2140/1617 1083/2141/1868
f 1083/2141/1868 947/2140/1617 1085/2142/1869
f 947/2143/1870 946/2144/1871 916/2145/1872
f 916/2145/1872 946/2144/1871 917/2146/1873
f 917/2146/1873 946/2144/1871 945/2147/1874
f 917/2146/1873 945/2147/1874 918/2148/1875
f 918/2148/1875 945/2147/1874 944/2149/1876
f 918/2148/1875 944/2149/1876 919/2150/1877
f 919/2150/1877 944/2149/1876 943/2151/1878
f 919/2150/1877 943/2151/1878 942/2152/1879
f 941/2153/1880 958/2154/1881 942/2152/1879
f 942/2152/1879 958/2154/1881 920/2155/1882
f 942/2152/1879 920/2155/1882 919/2150/1877
f 940/2156/1883 976/2157/1884 941/2153/1880
f 941/2153/1880 976/2157/1884 975/2158/1885
f 941/2153/1880 975/2158/1885 958/2154/1881
f 958/2154/1881 921/2159/1886 920/2155/1882
f 916/2160/1872 956/2161/1887 947/2162/1870
f 947/2162/1870 956/2161/1887 1085/2163/1888
f 1087/2164/1889 1103/2165/1890 1086/2166/1891
f 1086/2166/1891 1103/2165/1890 1101/2167/1892
f 1086/2166/1891 1101/2167/1892 1102/2168/1893
f 1087/2164/1889 1088/2169/1894 1103/2165/1890
f 1103/2165/1890 1088/2169/1894 1104/2170/1895
f 1103/2165/1890 1104/2170/1895 1100/2171/1896
f 1100/2171/1896 1104/2170/1895 1099/2172/1897
f 1099/2172/1897 1104/2170/1895 1105/2173/1898
f 1099/2172/1897 1105/2173/1898 1098/2174/1899
f 1098/2174/1899 1105/2173/1898 1106/2175/1900
f 1098/2174/1899 1106/2175/1900 1097/2176/1901
f 1097/2176/1901 1106/2175/1900 1107/2177/1902
f 1097/2176/1901 1107/2177/1902 1096/2178/1903
f 1096/2178/1903 1107/2177/1902 1108/2179/1904
f 1096/2178/1903 1108/2179/1904 1095/2180/1905
f 1095/2180/1905 1108/2179/1904 1094/2181/1906
f 1094/2181/1906 1108/2179/1904 1093/2182/1907
f 1094/2181/1906 1093/2182/1907 1062/2183/1810
f 1088/2169/1894 1089/2184/1908 1104/2170/1895
f 1104/2170/1895 1089/2184/1908 1105/2173/1898
f 1089/2184/1908 1090/2185/1909 1105/2173/1898
f 1105/2173/1898 1090/2185/1909 1106/2175/1900
f 1090/2185/1909 1091/2186/1910 1106/2175/1900
f 1106/2175/1900 1091/2186/1910 1107/2177/1902
f 1091/2186/1910 1092/2187/1911 1107/2177/1902
f 1107/2177/1902 1092/2187/1911 1108/2179/1904
f 1092/2187/1911 1093/2182/1907 1108/2179/1904
f 1062/2183/1810 1063/2188/1808 1094/2181/1906
f 1100/2171/1896 1101/2167/1892 1103/2165/1890
f 1086/2189/1891 1109/2190/1912 1087/2191/1913
f 1087/2191/1913 1109/2190/1912 1134/2192/1914
f 1087/2191/1913 1134/2192/1914 1133/2193/1915
f 1133/2193/1915 1134/2192/1914 1135/2194/1916
f 1133/2193/1915 1135/2194/1916 1136/2195/1917
f 1136/2195/1917 1135/2194/1916 1138/2196/1918
f 1136/2195/1917 1138/2196/1918 1131/2197/1919
f 1131/2197/1919 1138/2196/1918 1130/2198/1920
f 1130/2198/1920 1138/2196/1918 1140/2199/1921
f 1130/2198/1920 1140/2199/1921 1129/2200/1922
f 1129/2200/1922 1140/2199/1921 1128/2201/1923
f 1128/2201/1923 1140/2199/1921 1142/2202/1924
f 1128/2201/1923 1142/2202/1924 1127/2203/1925
f 1127/2203/1925 1142/2202/1924 1126/2204/1926
f 1126/2204/1926 1142/2202/1924 1144/2205/1927
f 1126/2204/1926 1144/2205/1927 1125/2206/1928
f 1125/2206/1928 1144/2205/1927 1124/2207/1929
f 1124/2207/1929 1144/2205/1927 1123/2208/1930
f 1123/2208/1930 1144/2205/1927 1122/2209/1931
f 1122/2209/1931 1144/2205/1927 1121/2210/1932
f 1121/2210/1932 1144/2205/1927 1120/2211/1933
f 1120/2211/1933 1144/2205/1927 1119/2212/1934
f 1119/2212/1934 1144/2205/1927 1060/2213/1803
f 1119/2212/1934 1060/2213/1803 1118/2214/1935
f 1118/2214/1935 1060/2213/1803 1117/2215/1936
f 1117/2215/1936 1060/2213/1803 1116/2216/1937
f 1109/2190/1912 1110/2217/1938 1134/2192/1914
f 1134/2192/1914 1110/2217/1938 1111/2218/1939
f 1134/2192/1914 1111/2218/1939 1135/2194/1916
f 1135/2194/1916 1111/2218/1939 1112/2219/1940
f 1135/2194/1916 1112/2219/1940 1137/2220/1941
f 1137/2220/1941 1112/2219/1940 1113/2221/1942
f 1137/2220/1941 1113/2221/1942 1139/2222/1943
f 1139/2222/1943 1113/2221/1942 1114/2223/1944
f 1139/2222/1943 1114/2223/1944 1141/2224/1945
f 1141/2224/1945 1114/2223/1944 1115/2225/1946
f 1141/2224/1945 1115/2225/1946 1143/2226/1947
f 1143/2226/1947 1115/2225/1946 957/2227/1802
f 1143/2226/1947 957/2227/1802 1144/2205/1927
f 1144/2205/1927 957/2227/1802 1060/2213/1803
f 1131/2197/1919 1132/2228/1948 1136/2195/1917
f 1136/2195/1917 1132/2228/1948 1133/2193/1915
f 1138/2196/1918 1135/2194/1916 1137/2220/1941
f 1140/2199/1921 1138/2196/1918 1137/2220/1941
f 1142/2202/1924 1140/2199/1921 1139/2222/1943
f 1139/2222/1943 1140/2199/1921 1137/2220/1941
f 1144/2205/1927 1142/2202/1924 1141/2224/1945
f 1141/2224/1945 1142/2202/1924 1139/2222/1943
f 1143/2226/1947 1144/2205/1927 1141/2224/1945
f 955/2229/1621 957/2230/1620 1157/2231/1949
f 1157/2231/1949 957/2230/1620 1156/2232/1950
f 1156/2232/1950 957/2230/1620 1158/2233/1951
f 1156/2232/1950 1158/2233/1951 1155/2234/1952
f 1155/2234/1952 1158/2233/1951 1154/2235/1953
f 1154/2235/1953 1158/2233/1951 1153/2236/1954
f 1153/2236/1954 1158/2233/1951 1152/2237/1955
f 1152/2237/1955 1158/2233/1951 1159/2238/1956
f 1152/2237/1955 1159/2238/1956 1151/2239/1957
f 1151/2239/1957 1159/2238/1956 1150/2240/1958
f 1150/2240/1958 1159/2238/1956 1149/2241/1959
f 1149/2241/1959 1159/2238/1956 1160/2242/1960
f 1149/2241/1959 1160/2242/1960 1148/2243/1961
f 1148/2243/1961 1160/2242/1960 1161/2244/1962
f 1148/2243/1961 1161/2244/1962 1147/2245/1963
f 1147/2245/1963 1161/2244/1962 1162/2246/1964
f 1147/2245/1963 1162/2246/1964 1146/2247/1965
f 1146/2247/1965 1162/2246/1964 1163/2248/1966
f 1146/2247/1965 1163/2248/1966 1145/2249/1967
f 1145/2249/1967 1163/2248/1966 1109/2250/1912
f 1109/2250/1912 1163/2248/1966 1110/2251/1968
f 1110/2251/1968 1163/2248/1966 1111/2252/1969
f 1111/2252/1969 1163/2248/1966 1162/2246/1964
f 1111/2252/1969 1162/2246/1964 1112/2253/1970
f 1112/2253/1970 1162/2246/1964 1161/2244/1962
f 1112/2253/1970 1161/2244/1962 1113/2254/1971
f 1113/2254/1971 1161/2244/1962 1160/2242/1960
f 1113/2254/1971 1160/2242/1960 1114/2255/1972
f 1114/2255/1972 1160/2242/1960 1159/2238/1956
f 1114/2255/1972 1159/2238/1956 1115/2256/1973
f 1115/2256/1973 1159/2238/1956 1158/2233/1951
f 1115/2256/1973 1158/2233/1951 957/2230/1620
f 956/2257/1618 955/2258/1619 1172/2259/1974
f 1172/2259/1974 955/2258/1619 1173/2260/1975
f 1172/2259/1974 1173/2260/1975 1171/2261/1976
f 1171/2261/1976 1173/2260/1975 1170/2262/1977
f 1170/2262/1977 1173/2260/1975 1174/2263/1978
f 1170/2262/1977 1174/2263/1978 1169/2264/1979
f 1169/2264/1979 1174/2263/1978 1175/2265/1980
f 1169/2264/1979 1175/2265/1980 1168/2266/1981
f 1168/2266/1981 1175/2265/1980 1176/2267/1982
f 1168/2266/1981 1176/2267/1982 1167/2268/1983
f 1167/2268/1983 1176/2267/1982 1177/2269/1984
f 1167/2268/1983 1177/2269/1984 1166/2270/1985
f 1166/2270/1985 1177/2269/1984 1178/2271/1986
f 1166/2270/1985 1178/2271/1986 1165/2272/1987
f 1165/2272/1987 1178/2271/1986 1145/2273/1967
f 1165/2272/1987 1145/2273/1967 1164/2274/1988
f 1157/2275/1989 1156/2276/1990 955/2258/1619
f 955/2258/1619 1156/2276/1990 1173/2260/1975
f 1156/2276/1990 1155/2277/1991 1173/2260/1975
f 1173/2260/1975 1155/2277/1991 1154/2278/1992
f 1173/2260/1975 1154/2278/1992 1153/2279/1993
f 1153/2279/1993 1152/2280/1994 1173/2260/1975
f 1173/2260/1975 1152/2280/1994 1174/2263/1978
f 1152/2280/1994 1151/2281/1995 1174/2263/1978
f 1174/2263/1978 1151/2281/1995 1150/2282/1996
f 1174/2263/1978 1150/2282/1996 1149/2283/1997
f 1174/2263/1978 1149/2283/1997 1175/2265/1980
f 1175/2265/1980 1149/2283/1997 1148/2284/1998
f 1175/2265/1980 1148/2284/1998 1176/2267/1982
f 1176/2267/1982 1148/2284/1998 1147/2285/1999
f 1176/2267/1982 1147/2285/1999 1177/2269/1984
f 1177/2269/1984 1147/2285/1999 1146/2286/2000
f 1177/2269/1984 1146/2286/2000 1178/2271/1986
f 1178/2271/1986 1146/2286/2000 1145/2273/1967
f 1085/2287/1888 956/2288/1887 1193/2289/2001
f 1193/2289/2001 956/2288/1887 1172/2290/2002
f 1193/2289/2001 1172/2290/2002 1192/2291/2003
f 1192/2291/2003 1172/2290/2002 1191/2292/2004
f 1191/2292/2004 1172/2290/2002 1190/2293/2005
f 1190/2293/2005 1172/2290/2002 1189/2294/2006
f 1189/2294/2006 1172/2290/2002 1195/2295/2007
f 1189/2294/2006 1195/2295/2007 1188/2296/2008
f 1188/2296/2008 1195/2295/2007 1187/2297/2009
f 1187/2297/2009 1195/2295/2007 1186/2298/2010
f 1186/2298/2010 1195/2295/2007 1185/2299/2011
f 1185/2299/2011 1195/2295/2007 1197/2300/2012
f 1185/2299/2011 1197/2300/2012 1184/2301/2013
f 1184/2301/2013 1197/2300/2012 1183/2302/2014
f 1183/2302/2014 1197/2300/2012 1199/2303/2015
f 1183/2302/2014 1199/2303/2015 1182/2304/2016
f 1182/2304/2016 1199/2303/2015 1201/2305/2017
f 1182/2304/2016 1201/2305/2017 1181/2306/2018
f 1181/2306/2018 1201/2305/2017 1203/2307/2019
f 1181/2306/2018 1203/2307/2019 1180/2308/2020
f 1180/2308/2020 1203/2307/2019 1202/2309/2021
f 1180/2308/2020 1202/2309/2021 1204/2310/2022
f 1204/2310/2022 1202/2309/2021 1166/2311/2023
f 1204/2310/2022 1166/2311/2023 1165/2312/2024
f 1195/2295/2007 1172/2290/2002 1194/2313/2025
f 1194/2313/2025 1172/2290/2002 1171/2314/2026
f 1194/2313/2025 1171/2314/2026 1170/2315/2027
f 1194/2313/2025 1170/2315/2027 1196/2316/2028
f 1196/2316/2028 1170/2315/2027 1169/2317/2029
f 1196/2316/2028 1169/2317/2029 1198/2318/2030
f 1198/2318/2030 1169/2317/2029 1168/2319/2031
f 1198/2318/2030 1168/2319/2031 1200/2320/2032
f 1200/2320/2032 1168/2319/2031 1167/2321/2033
f 1200/2320/2032 1167/2321/2033 1202/2309/2021
f 1202/2309/2021 1167/2321/2033 1166/2311/2023
f 1164/2322/1988 1179/2323/2034 1165/2312/2024
f 1165/2312/2024 1179/2323/2034 1204/2310/2022
f 1179/2323/2034 1180/2308/2020 1204/2310/2022
f 1197/2300/2012 1195/2295/2007 1194/2313/2025
f 1199/2303/2015 1197/2300/2012 1196/2316/2028
f 1196/2316/2028 1197/2300/2012 1194/2313/2025
f 1201/2305/2017 1199/2303/2015 1198/2318/2030
f 1198/2318/2030 1199/2303/2015 1196/2316/2028
f 1203/2307/2019 1201/2305/2017 1200/2320/2032
f 1200/2320/2032 1201/2305/2017 1198/2318/2030
f 1202/2309/2021 1203/2307/2019 1200/2320/2032
f 1083/2324/1868 1085/2325/1869 1217/2326/2035
f 1217/2326/2035 1085/2325/1869 1193/2327/2036
f 1217/2326/2035 1193/2327/2036 1216/2328/2037
f 1216/2328/2037 1193/2327/2036 1192/2329/2038
f 1216/2328/2037 1192/2329/2038 1191/2330/2039
f 1216/2328/2037 1191/2330/2039 1219/2331/2040
f 1219/2331/2040 1191/2330/2039 1190/2332/2041
f 1219/2331/2040 1190/2332/2041 1189/2333/2042
f 1189/2333/2042 1188/2334/2043 1219/2331/2040
f 1219/2331/2040 1188/2334/2043 1187/2335/2044
f 1219/2331/2040 1187/2335/2044 1186/2336/2045
f 1186/2336/2045 1185/2337/2046 1219/2331/2040
f 1219/2331/2040 1185/2337/2046 1220/2338/2047
f 1219/2331/2040 1220/2338/2047 1212/2339/2048
f 1212/2339/2048 1220/2338/2047 1211/2340/2049
f 1211/2340/2049 1220/2338/2047 1210/2341/2050
f 1210/2341/2050 1220/2338/2047 1209/2342/2051
f 1209/2342/2051 1220/2338/2047 1221/2343/2052
f 1209/2342/2051 1221/2343/2052 1208/2344/2053
f 1208/2344/2053 1221/2343/2052 1222/2345/2054
f 1208/2344/2053 1222/2345/2054 1207/2346/2055
f 1207/2346/2055 1222/2345/2054 1223/2347/2056
f 1207/2346/2055 1223/2347/2056 1206/2348/2057
f 1206/2348/2057 1223/2347/2056 1218/2349/2058
f 1206/2348/2057 1218/2349/2058 1205/2350/2059
f 1205/2350/2059 1218/2349/2058 1179/2351/2034
f 1179/2351/2034 1218/2349/2058 1180/2352/2060
f 1180/2352/2060 1218/2349/2058 1223/2347/2056
f 1180/2352/2060 1223/2347/2056 1181/2353/2061
f 1181/2353/2061 1223/2347/2056 1222/2345/2054
f 1181/2353/2061 1222/2345/2054 1182/2354/2062
f 1182/2354/2062 1222/2345/2054 1221/2343/2052
f 1182/2354/2062 1221/2343/2052 1183/2355/2063
f 1183/2355/2063 1221/2343/2052 1220/2338/2047
f 1183/2355/2063 1220/2338/2047 1184/2356/2064
f 1184/2356/2064 1220/2338/2047 1185/2337/2046
f 1212/2339/2048 1213/2357/2065 1219/2331/2040
f 1219/2331/2040 1213/2357/2065 1214/2358/2066
f 1219/2331/2040 1214/2358/2066 1215/2359/2067
f 1215/2359/2067 1216/2328/2037 1219/2331/2040
f 1083/2360/1866 1217/2361/2068 1084/2362/1867
f 1084/2362/1867 1217/2361/2068 1239/2363/2069
f 1239/2363/2069 1217/2361/2068 1216/2364/2070
f 1239/2363/2069 1216/2364/2070 1238/2365/2071
f 1238/2365/2071 1216/2364/2070 1237/2366/2072
f 1237/2366/2072 1216/2364/2070 1215/2367/2073
f 1237/2366/2072 1215/2367/2073 1236/2368/2074
f 1236/2368/2074 1215/2367/2073 1235/2369/2075
f 1235/2369/2075 1215/2367/2073 1234/2370/2076
f 1234/2370/2076 1215/2367/2073 1241/2371/2077
f 1234/2370/2076 1241/2371/2077 1233/2372/2078
f 1233/2372/2078 1241/2371/2077 1232/2373/2079
f 1232/2373/2079 1241/2371/2077 1231/2374/2080
f 1231/2374/2080 1241/2371/2077 1243/2375/2081
f 1231/2374/2080 1243/2375/2081 1230/2376/2082
f 1230/2376/2082 1243/2375/2081 1229/2377/2083
f 1229/2377/2083 1243/2375/2081 1228/2378/2084
f 1228/2378/2084 1243/2375/2081 1245/2379/2085
f 1228/2378/2084 1245/2379/2085 1227/2380/2086
f 1227/2380/2086 1245/2379/2085 1247/2381/2087
f 1227/2380/2086 1247/2381/2087 1226/2382/2088
f 1226/2382/2088 1247/2381/2087 1249/2383/2089
f 1226/2382/2088 1249/2383/2089 1225/2384/2090
f 1225/2384/2090 1249/2383/2089 1251/2385/2091
f 1225/2384/2090 1251/2385/2091 1224/2386/2092
f 1224/2386/2092 1251/2385/2091 1250/2387/2093
f 1224/2386/2092 1250/2387/2093 1205/2388/2059
f 1205/2388/2059 1250/2387/2093 1206/2389/2094
f 1206/2389/2094 1250/2387/2093 1248/2390/2095
f 1206/2389/2094 1248/2390/2095 1207/2391/2096
f 1207/2391/2096 1248/2390/2095 1246/2392/2097
f 1207/2391/2096 1246/2392/2097 1208/2393/2098
f 1208/2393/2098 1246/2392/2097 1244/2394/2099
f 1208/2393/2098 1244/2394/2099 1209/2395/2100
f 1209/2395/2100 1244/2394/2099 1242/2396/2101
f 1209/2395/2100 1242/2396/2101 1210/2397/2102
f 1210/2397/2102 1242/2396/2101 1211/2398/2103
f 1211/2398/2103 1242/2396/2101 1212/2399/2104
f 1212/2399/2104 1242/2396/2101 1240/2400/2105
f 1212/2399/2104 1240/2400/2105 1213/2401/2106
f 1213/2401/2106 1240/2400/2105 1214/2402/2107
f 1214/2402/2107 1240/2400/2105 1215/2367/2073
f 1215/2367/2073 1240/2400/2105 1241/2371/2077
f 1243/2375/2081 1241/2371/2077 1240/2400/2105
f 1245/2379/2085 1243/2375/2081 1242/2396/2101
f 1242/2396/2101 1243/2375/2081 1240/2400/2105
f 1247/2381/2087 1245/2379/2085 1244/2394/2099
f 1244/2394/2099 1245/2379/2085 1242/2396/2101
f 1249/2383/2089 1247/2381/2087 1246/2392/2097
f 1246/2392/2097 1247/2381/2087 1244/2394/2099
f 1251/2385/2091 1249/2383/2089 1248/2390/2095
f 1248/2390/2095 1249/2383/2089 1246/2392/2097
f 1250/2387/2093 1251/2385/2091 1248/2390/2095
f 1069/2403/2108 1084/2404/2109 1261/2405/2110
f 1261/2405/2110 1084/2404/2109 1262/2406/2111
f 1261/2405/2110 1262/2406/2111 1260/2407/2112
f 1260/2407/2112 1262/2406/2111 1259/2408/2113
f 1259/2408/2113 1262/2406/2111 1263/2409/2114
f 1259/2408/2113 1263/2409/2114 1258/2410/2115
f 1258/2410/2115 1263/2409/2114 1257/2411/2116
f 1257/2411/2116 1263/2409/2114 1264/2412/2117
f 1257/2411/2116 1264/2412/2117 1256/2413/2118
f 1256/2413/2118 1264/2412/2117 1265/2414/2119
f 1256/2413/2118 1265/2414/2119 1255/2415/2120
f 1255/2415/2120 1265/2414/2119 1266/2416/2121
f 1255/2415/2120 1266/2416/2121 1254/2417/2122
f 1254/2417/2122 1266/2416/2121 1267/2418/2123
f 1254/2417/2122 1267/2418/2123 1253/2419/2124
f 1253/2419/2124 1267/2418/2123 1224/2420/2092
f 1253/2419/2124 1224/2420/2092 1252/2421/2125
f 1239/2422/2126 1238/2423/2127 1084/2404/2109
f 1084/2404/2109 1238/2423/2127 1237/2424/2128
f 1084/2404/2109 1237/2424/2128 1262/2406/2111
f 1262/2406/2111 1237/2424/2128 1236/2425/2129
f 1262/2406/2111 1236/2425/2129 1235/2426/2130
f 1235/2426/2130 1234/2427/2131 1262/2406/2111
f 1262/2406/2111 1234/2427/2131 1233/2428/2132
f 1262/2406/2111 1233/2428/2132 1232/2429/2133
f 1232/2429/2133 1231/2430/2134 1262/2406/2111
f 1262/2406/2111 1231/2430/2134 1263/2409/2114
f 1231/2430/2134 1230/2431/2135 1263/2409/2114
f 1263/2409/2114 1230/2431/2135 1229/2432/2136
f 1263/2409/2114 1229/2432/2136 1228/2433/2137
f 1263/2409/2114 1228/2433/2137 1264/2412/2117
f 1264/2412/2117 1228/2433/2137 1227/2434/2138
f 1264/2412/2117 1227/2434/2138 1265/2414/2119
f 1265/2414/2119 1227/2434/2138 1226/2435/2139
f 1265/2414/2119 1226/2435/2139 1266/2416/2121
f 1266/2416/2121 1226/2435/2139 1225/2436/2140
f 1266/2416/2121 1225/2436/2140 1267/2418/2123
f 1267/2418/2123 1225/2436/2140 1224/2420/2092
f 1068/2437/1822 1069/2438/1821 1280/2439/2141
f 1280/2439/2141 1069/2438/1821 1261/2440/2142
f 1280/2439/2141 1261/2440/2142 1279/2441/2143
f 1279/2441/2143 1261/2440/2142 1278/2442/2144
f 1278/2442/2144 1261/2440/2142 1281/2443/2145
f 1278/2442/2144 1281/2443/2145 1277/2444/2146
f 1277/2444/2146 1281/2443/2145 1276/2445/2147
f 1276/2445/2147 1281/2443/2145 1275/2446/2148
f 1275/2446/2148 1281/2443/2145 1282/2447/2149
f 1275/2446/2148 1282/2447/2149 1274/2448/2150
f 1274/2448/2150 1282/2447/2149 1273/2449/2151
f 1273/2449/2151 1282/2447/2149 1272/2450/2152
f 1272/2450/2152 1282/2447/2149 1283/2451/2153
f 1272/2450/2152 1283/2451/2153 1271/2452/2154
f 1271/2452/2154 1283/2451/2153 1284/2453/2155
f 1271/2452/2154 1284/2453/2155 1270/2454/2156
f 1270/2454/2156 1284/2453/2155 1285/2455/2157
f 1270/2454/2156 1285/2455/2157 1269/2456/2158
f 1269/2456/2158 1285/2455/2157 1286/2457/2159
f 1269/2456/2158 1286/2457/2159 1268/2458/2160
f 1268/2458/2160 1286/2457/2159 1253/2459/2161
f 1268/2458/2160 1253/2459/2161 1252/2460/2125
f 1261/2440/2142 1260/2461/2162 1281/2443/2145
f 1281/2443/2145 1260/2461/2162 1259/2462/2163
f 1281/2443/2145 1259/2462/2163 1282/2447/2149
f 1282/2447/2149 1259/2462/2163 1258/2463/2164
f 1282/2447/2149 1258/2463/2164 1257/2464/2165
f 1282/2447/2149 1257/2464/2165 1283/2451/2153
f 1283/2451/2153 1257/2464/2165 1256/2465/2166
f 1283/2451/2153 1256/2465/2166 1284/2453/2155
f 1284/2453/2155 1256/2465/2166 1255/2466/2167
f 1284/2453/2155 1255/2466/2167 1285/2455/2157
f 1285/2455/2157 1255/2466/2167 1254/2467/2168
f 1285/2455/2157 1254/2467/2168 1286/2457/2159
f 1286/2457/2159 1254/2467/2168 1253/2459/2161
f 1068/2468/1820 1280/2469/2169 1067/2470/1819
f 1067/2470/1819 1280/2469/2169 1296/2471/2170
f 1296/2471/2170 1280/2469/2169 1279/2472/2171
f 1296/2471/2170 1279/2472/2171 1297/2473/2172
f 1297/2473/2172 1279/2472/2171 1278/2474/2173
f 1297/2473/2172 1278/2474/2173 1277/2475/2174
f 1277/2475/2174 1276/2476/2175 1297/2473/2172
f 1297/2473/2172 1276/2476/2175 1275/2477/2176
f 1297/2473/2172 1275/2477/2176 1298/2478/2177
f 1298/2478/2177 1275/2477/2176 1274/2479/2178
f 1298/2478/2177 1274/2479/2178 1273/2480/2179
f 1273/2480/2179 1272/2481/2180 1298/2478/2177
f 1298/2478/2177 1272/2481/2180 1299/2482/2181
f 1298/2478/2177 1299/2482/2181 1291/2483/2182
f 1291/2483/2182 1299/2482/2181 1290/2484/2183
f 1290/2484/2183 1299/2482/2181 1300/2485/2184
f 1290/2484/2183 1300/2485/2184 1289/2486/2185
f 1289/2486/2185 1300/2485/2184 1301/2487/2186
f 1289/2486/2185 1301/2487/2186 1288/2488/2187
f 1288/2488/2187 1301/2487/2186 1302/2489/2188
f 1288/2488/2187 1302/2489/2188 1287/2490/2189
f 1287/2490/2189 1302/2489/2188 1268/2491/2160
f 1268/2491/2160 1302/2489/2188 1269/2492/2190
f 1269/2492/2190 1302/2489/2188 1301/2487/2186
f 1269/2492/2190 1301/2487/2186 1270/2493/2191
f 1270/2493/2191 1301/2487/2186 1300/2485/2184
f 1270/2493/2191 1300/2485/2184 1271/2494/2192
f 1271/2494/2192 1300/2485/2184 1299/2482/2181
f 1271/2494/2192 1299/2482/2181 1272/2481/2180
f 1291/2483/2182 1292/2495/2193 1298/2478/2177
f 1298/2478/2177 1292/2495/2193 1293/2496/2194
f 1298/2478/2177 1293/2496/2194 1294/2497/2195
f 1298/2478/2177 1294/2497/2195 1297/2473/2172
f 1297/2473/2172 1294/2497/2195 1295/2498/2196
f 1297/2473/2172 1295/2498/2196 1296/2471/2170
f 1066/2499/1818 1067/2500/1817 1315/2501/2197
f 1315/2501/2197 1067/2500/1817 1296/2502/2198
f 1315/2501/2197 1296/2502/2198 1314/2503/2199
f 1314/2503/2199 1296/2502/2198 1313/2504/2200
f 1313/2504/2200 1296/2502/2198 1316/2505/2201
f 1313/2504/2200 1316/2505/2201 1312/2506/2202
f 1312/2506/2202 1316/2505/2201 1311/2507/2203
f 1311/2507/2203 1316/2505/2201 1310/2508/2204
f 1310/2508/2204 1316/2505/2201 1309/2509/2205
f 1309/2509/2205 1316/2505/2201 1317/2510/2206
f 1309/2509/2205 1317/2510/2206 1308/2511/2207
f 1308/2511/2207 1317/2510/2206 1307/2512/2208
f 1307/2512/2208 1317/2510/2206 1318/2513/2209
f 1307/2512/2208 1318/2513/2209 1306/2514/2210
f 1306/2514/2210 1318/2513/2209 1319/2515/2211
f 1306/2514/2210 1319/2515/2211 1305/2516/2212
f 1305/2516/2212 1319/2515/2211 1320/2517/2213
f 1305/2516/2212 1320/2517/2213 1304/2518/2214
f 1304/2518/2214 1320/2517/2213 1321/2519/2215
f 1304/2518/2214 1321/2519/2215 1303/2520/2216
f 1303/2520/2216 1321/2519/2215 1287/2521/2189
f 1287/2521/2189 1321/2519/2215 1288/2522/2217
f 1288/2522/2217 1321/2519/2215 1320/2517/2213
f 1288/2522/2217 1320/2517/2213 1289/2523/2218
f 1289/2523/2218 1320/2517/2213 1319/2515/2211
f 1289/2523/2218 1319/2515/2211 1290/2524/2219
f 1290/2524/2219 1319/2515/2211 1318/2513/2209
f 1290/2524/2219 1318/2513/2209 1291/2525/2220
f 1291/2525/2220 1318/2513/2209 1317/2510/2206
f 1291/2525/2220 1317/2510/2206 1292/2526/2221
f 1292/2526/2221 1317/2510/2206 1293/2527/2222
f 1293/2527/2222 1317/2510/2206 1294/2528/2223
f 1294/2528/2223 1317/2510/2206 1316/2505/2201
f 1294/2528/2223 1316/2505/2201 1295/2529/2224
f 1295/2529/2224 1316/2505/2201 1296/2502/2198
f 1065/2530/1815 1066/2531/1816 1335/2532/2225
f 1335/2532/2225 1066/2531/1816 1315/2533/2226
f 1335/2532/2225 1315/2533/2226 1334/2534/2227
f 1334/2534/2227 1315/2533/2226 1314/2535/2228
f 1334/2534/2227 1314/2535/2228 1333/2536/2229
f 1333/2536/2229 1314/2535/2228 1313/2537/2230
f 1333/2536/2229 1313/2537/2230 1312/2538/2231
f 1333/2536/2229 1312/2538/2231 1332/2539/2232
f 1332/2539/2232 1312/2538/2231 1311/2540/2233
f 1332/2539/2232 1311/2540/2233 1331/2541/2234
f 1331/2541/2234 1311/2540/2233 1310/2542/2235
f 1331/2541/2234 1310/2542/2235 1330/2543/2236
f 1330/2543/2236 1310/2542/2235 1329/2544/2237
f 1329/2544/2237 1310/2542/2235 1309/2545/2238
f 1329/2544/2237 1309/2545/2238 1328/2546/2239
f 1328/2546/2239 1309/2545/2238 1308/2547/2240
f 1328/2546/2239 1308/2547/2240 1327/2548/2241
f 1327/2548/2241 1308/2547/2240 1307/2549/2242
f 1327/2548/2241 1307/2549/2242 1326/2550/2243
f 1326/2550/2243 1307/2549/2242 1306/2551/2244
f 1326/2550/2243 1306/2551/2244 1325/2552/2245
f 1325/2552/2245 1306/2551/2244 1338/2553/2246
f 1325/2552/2245 1338/2553/2246 1324/2554/2247
f 1324/2554/2247 1338/2553/2246 1305/2555/2248
f 1324/2554/2247 1305/2555/2248 1337/2556/2249
f 1337/2556/2249 1305/2555/2248 1304/2557/2250
f 1337/2556/2249 1304/2557/2250 1336/2558/2251
f 1336/2558/2251 1304/2557/2250 1303/2559/2216
f 1336/2558/2251 1303/2559/2216 1322/2560/2252
f 1306/2551/2244 1305/2555/2248 1338/2553/2246
f 1322/2560/2252 1323/2561/2253 1336/2558/2251
f 1336/2558/2251 1323/2561/2253 1337/2556/2249
f 1323/2561/2253 1324/2554/2247 1337/2556/2249
f 1065/2562/1813 1335/2563/2254 1064/2564/1814
f 1064/2564/1814 1335/2563/2254 1351/2565/2255
f 1351/2565/2255 1335/2563/2254 1334/2566/2256
f 1351/2565/2255 1334/2566/2256 1350/2567/2257
f 1350/2567/2257 1334/2566/2256 1333/2568/2258
f 1350/2567/2257 1333/2568/2258 1349/2569/2259
f 1349/2569/2259 1333/2568/2258 1348/2570/2260
f 1348/2570/2260 1333/2568/2258 1332/2571/2261
f 1348/2570/2260 1332/2571/2261 1347/2572/2262
f 1347/2572/2262 1332/2571/2261 1331/2573/2263
f 1347/2572/2262 1331/2573/2263 1346/2574/2264
f 1346/2574/2264 1331/2573/2263 1330/2575/2265
f 1346/2574/2264 1330/2575/2265 1329/2576/2266
f 1346/2574/2264 1329/2576/2266 1345/2577/2267
f 1345/2577/2267 1329/2576/2266 1328/2578/2268
f 1345/2577/2267 1328/2578/2268 1344/2579/2269
f 1344/2579/2269 1328/2578/2268 1327/2580/2270
f 1344/2579/2269 1327/2580/2270 1343/2581/2271
f 1343/2581/2271 1327/2580/2270 1326/2582/2272
f 1343/2581/2271 1326/2582/2272 1352/2583/2273
f 1352/2583/2273 1326/2582/2272 1325/2584/2274
f 1352/2583/2273 1325/2584/2274 1342/2585/2275
f 1342/2585/2275 1325/2584/2274 1354/2586/2276
f 1342/2585/2275 1354/2586/2276 1341/2587/2277
f 1341/2587/2277 1354/2586/2276 1353/2588/2278
f 1341/2587/2277 1353/2588/2278 1340/2589/2279
f 1340/2589/2279 1353/2588/2278 1355/2590/2280
f 1340/2589/2279 1355/2590/2280 1339/2591/2281
f 1339/2591/2281 1355/2590/2280 1322/2592/2252
f 1322/2592/2252 1355/2590/2280 1323/2593/2282
f 1323/2593/2282 1355/2590/2280 1353/2588/2278
f 1323/2593/2282 1353/2588/2278 1324/2594/2283
f 1324/2594/2283 1353/2588/2278 1354/2586/2276
f 1324/2594/2283 1354/2586/2276 1325/2584/2274
f 1342/2585/2275 1343/2581/2271 1352/2583/2273
f 1063/2595/1811 1064/2596/1812 1094/2597/2284
f 1094/2597/2284 1064/2596/1812 1356/2598/2285
f 1094/2597/2284 1356/2598/2285 1095/2599/2286
f 1095/2599/2286 1356/2598/2285 1096/2600/2287
f 1096/2600/2287 1356/2598/2285 1357/2601/2288
f 1096/2600/2287 1357/2601/2288 1097/2602/2289
f 1097/2602/2289 1357/2601/2288 1358/2603/2290
f 1097/2602/2289 1358/2603/2290 1098/2604/2291
f 1098/2604/2291 1358/2603/2290 1359/2605/2292
f 1098/2604/2291 1359/2605/2292 1099/2606/2293
f 1099/2606/2293 1359/2605/2292 1360/2607/2294
f 1099/2606/2293 1360/2607/2294 1100/2608/2295
f 1100/2608/2295 1360/2607/2294 1361/2609/2296
f 1100/2608/2295 1361/2609/2296 1101/2610/2297
f 1101/2610/2297 1361/2609/2296 1339/2611/2281
f 1101/2610/2297 1339/2611/2281 1102/2612/1893
f 1351/2613/2298 1350/2614/2299 1064/2596/1812
f 1064/2596/1812 1350/2614/2299 1356/2598/2285
f 1350/2614/2299 1349/2615/2300 1356/2598/2285
f 1356/2598/2285 1349/2615/2300 1348/2616/2301
f 1356/2598/2285 1348/2616/2301 1347/2617/2302
f 1347/2617/2302 1346/2618/2303 1356/2598/2285
f 1356/2598/2285 1346/2618/2303 1357/2601/2288
f 1346/2618/2303 1345/2619/2304 1357/2601/2288
f 1357/2601/2288 1345/2619/2304 1344/2620/2305
f 1357/2601/2288 1344/2620/2305 1343/2621/2306
f 1357/2601/2288 1343/2621/2306 1358/2603/2290
f 1358/2603/2290 1343/2621/2306 1342/2622/2307
f 1358/2603/2290 1342/2622/2307 1359/2605/2292
f 1359/2605/2292 1342/2622/2307 1341/2623/2308
f 1359/2605/2292 1341/2623/2308 1360/2607/2294
f 1360/2607/2294 1341/2623/2308 1340/2624/2309
f 1360/2607/2294 1340/2624/2309 1361/2609/2296
f 1361/2609/2296 1340/2624/2309 1339/2611/2281
f 1059/2625/1865 1070/2626/1864 1069/2627/2108
f 1069/2627/2108 1070/2626/1864 1084/2628/2109
f 1086/2629/1891 1102/2630/1893 1109/2631/1912
f 1109/2631/1912 1102/2630/1893 1322/2632/2252
f 1109/2631/1912 1322/2632/2252 1205/2633/2059
f 1205/2633/2059 1322/2632/2252 1287/2634/2189
f 1205/2633/2059 1287/2634/2189 1252/2635/2125
f 1252/2635/2125 1287/2634/2189 1268/2636/2160
f 1102/2630/1893 1339/2637/2281 1322/2632/2252
f 1322/2632/2252 1303/2638/2216 1287/2634/2189
f 1252/2635/2125 1224/2639/2092 1205/2633/2059
f 1179/2640/2034 1164/2641/1988 1205/2633/2059
f 1205/2633/2059 1164/2641/1988 1109/2631/1912
f 1164/2641/1988 1145/2642/1967 1109/2631/1912
f 1087/2643/2310 1133/2644/2311 1088/2645/2312
f 1088/2645/2312 1133/2644/2311 1132/2646/2313
f 1088/2645/2312 1132/2646/2313 1089/2647/2314
f 1089/2647/2314 1132/2646/2313 1131/2648/2315
f 1089/2647/2314 1131/2648/2315 1090/2649/2316
f 1090/2649/2316 1131/2648/2315 1362/2650/2317
f 1090/2649/2316 1362/2650/2317 1091/2651/2318
f 1091/2651/2318 1362/2650/2317 1363/2652/2319
f 1091/2651/2318 1363/2652/2319 1092/2653/2320
f 1092/2653/2320 1363/2652/2319 1364/2654/2321
f 1092/2653/2320 1364/2654/2321 1093/2655/2322
f 1093/2655/2322 1364/2654/2321 1365/2656/2323
f 1093/2655/2322 1365/2656/2323 1062/2657/1806
f 1062/2657/1806 1365/2656/2323 1119/2658/2324
f 1062/2657/1806 1119/2658/2324 1118/2659/2325
f 1131/2648/2315 1130/2660/2326 1362/2650/2317
f 1362/2650/2317 1130/2660/2326 1363/2652/2319
f 1130/2660/2326 1129/2661/2327 1363/2652/2319
f 1363/2652/2319 1129/2661/2327 1128/2662/2328
f 1363/2652/2319 1128/2662/2328 1364/2654/2321
f 1364/2654/2321 1128/2662/2328 1127/2663/2329
f 1364/2654/2321 1127/2663/2329 1126/2664/2330
f 1364/2654/2321 1126/2664/2330 1365/2656/2323
f 1365/2656/2323 1126/2664/2330 1125/2665/2331
f 1365/2656/2323 1125/2665/2331 1124/2666/2332
f 1124/2666/2332 1123/2667/2333 1365/2656/2323
f 1365/2656/2323 1123/2667/2333 1122/2668/2334
f 1365/2656/2323 1122/2668/2334 1121/2669/2335
f 1121/2669/2335 1120/2670/2336 1365/2656/2323
f 1365/2656/2323 1120/2670/2336 1119/2658/2324
f 1118/2659/2325 1117/2671/2337 1062/2657/1806
f 1062/2657/1806 1117/2671/2337 1116/2672/2338
f 1062/2657/1806 1116/2672/2338 1060/2673/1805
# 1365 vertices
# 2673 texture params
# 2338 normals
# 2718 facets

# 3 groups
