# WaveFront *.obj file (generated by Autodesk ATF)

mtllib Landing Gear Inflated Tire.mtl

g cessna-172 (1).obj (17) (1)

v -12.408451 -2.542974 5.263341
v -12.439452 -2.698721 5.332616
v -12.393111 -2.698721 5.263341
v -12.453901 -2.552016 5.332616
v -12.392742 -2.539850 5.186886
v -12.408451 -2.542974 5.263341
v -12.393111 -2.698721 5.263341
v -12.439082 -2.387085 5.186886
v -12.453880 -2.393215 5.263341
v -12.408451 -2.542974 5.263341
v -12.392742 -2.539850 5.186886
v -12.453880 -2.393215 5.263341
v -12.439452 -2.698721 5.332616
v -12.453901 -2.845426 5.332616
v -12.508833 -2.698721 5.379004
v -12.521949 -2.831890 5.379004
v -12.453901 -2.845426 5.332616
v -12.408451 -2.854466 5.263341
v -12.377095 -2.698721 5.186886
v -12.496693 -2.410949 5.332616
v -12.521949 -2.565551 5.379004
v -12.392742 -2.539850 5.031594
v -12.377095 -2.698721 5.031594
v -12.392742 -2.539850 5.031594
v -12.514336 -2.246296 5.186886
v -12.439082 -2.387085 5.031594
v -12.527653 -2.255194 5.263341
v -12.496693 -2.410949 5.332616
v -12.560793 -2.959941 5.379004
v -12.496693 -2.986493 5.332616
v -12.496693 -2.986493 5.332616
v -12.585901 -2.698721 5.395190
v -12.597537 -2.816854 5.395190
v -12.631995 -2.930449 5.395190
v -12.453880 -3.004226 5.263341
v -12.392742 -2.857591 5.186886
v -12.392742 -2.857591 5.031594
v -12.560793 -2.437500 5.379004
v -12.566184 -2.280940 5.332616
v -12.566184 -2.280940 5.332616
v -12.597537 -2.580586 5.395190
v -12.408451 -2.542974 4.955138
v -12.408451 -2.542974 4.955138
v -12.453880 -2.393214 4.955138
v -12.393111 -2.698721 4.955138
v -12.615610 -2.122894 5.186886
v -12.514336 -2.246296 5.031594
v -12.527653 -2.255194 4.955138
v -12.626935 -2.134219 5.263341
v -12.687952 -3.035138 5.395190
v -12.623873 -3.077954 5.379004
v -12.566184 -3.116501 5.332616
v -12.566184 -3.116501 5.332616
v -12.710979 -2.794290 5.368377
v -12.701566 -2.698721 5.368377
v -12.738855 -2.886186 5.368378
v -12.784124 -2.970878 5.368377
v -12.527653 -3.142246 5.263341
v -12.439082 -3.010356 5.186886
v -12.439082 -3.010356 5.031594
v -12.408451 -2.854466 4.955138
v -12.631995 -2.466992 5.395190
v -12.623873 -2.319486 5.379004
v -12.659703 -2.166987 5.332616
v -12.659703 -2.166987 5.332616
v -12.710979 -2.603152 5.368377
v -12.408451 -2.542974 4.955138
v -12.453901 -2.552016 4.885863
v -12.496693 -2.410949 4.885863
v -12.453880 -2.393214 4.955138
v -12.393111 -2.698721 4.955138
v -12.496693 -2.410949 4.885863
v -12.566184 -2.280940 4.885864
v -12.439452 -2.698721 4.885863
v -12.439452 -2.698721 4.885863
v -12.615610 -2.122894 5.031594
v -12.739013 -2.021620 5.186886
v -12.626936 -2.134219 4.955138
v -12.659703 -2.166987 4.885864
v -12.747911 -2.034937 5.263341
v -12.763258 -3.126898 5.395190
v -12.845046 -3.045112 5.368378
v -12.708763 -3.181394 5.379004
v -12.659703 -3.230454 5.332616
v -12.659703 -3.230454 5.332616
v -12.808728 -2.774846 5.290129
v -12.830933 -2.848046 5.290129
v -12.801231 -2.698720 5.290129
v -12.866992 -2.915507 5.290129
v -12.915519 -2.974637 5.290129
v -12.626935 -3.263222 5.263341
v -12.514336 -3.151145 5.186886
v -12.514336 -3.151145 5.031594
v -12.453880 -3.004226 4.955138
v -12.453901 -2.845426 4.885863
v -12.687952 -2.362303 5.395190
v -12.738855 -2.511255 5.368377
v -12.708763 -2.216047 5.379004
v -12.773656 -2.073468 5.332616
v -12.773656 -2.073468 5.332616
v -12.808728 -2.622595 5.290129
v -12.560794 -2.437499 4.839476
v -12.521949 -2.565551 4.839475
v -12.623873 -2.319486 4.839476
v -12.566184 -2.280940 4.885864
v -12.708763 -2.216047 4.839476
v -12.659703 -2.166987 4.885864
v -12.508833 -2.698721 4.839475
v -12.453901 -2.845426 4.885863
v -12.747911 -2.034937 4.955138
v -12.739013 -2.021620 5.031594
v -12.879802 -1.946367 5.186887
v -12.773656 -2.073468 4.885864
v -12.812203 -2.131157 4.839476
v -12.773656 -2.073468 4.885864
v -12.885931 -1.961164 5.263341
v -12.855019 -3.202205 5.395190
v -12.919279 -3.106033 5.368378
v -12.974650 -3.023164 5.290129
v -12.812203 -3.266284 5.379004
v -12.773656 -3.323973 5.332616
v -12.773656 -3.323973 5.332616
v -12.887373 -2.824667 5.290129
v -12.868644 -2.762928 5.290129
v -12.917787 -2.881567 5.290129
v -12.862321 -2.698720 5.290129
v -12.958716 -2.931440 5.290129
v -13.008590 -2.972370 5.290129
v -12.747911 -3.362504 5.263341
v -12.615610 -3.274547 5.186886
v -12.615610 -3.274547 5.031594
v -12.527653 -3.142246 4.955138
v -12.496693 -2.986493 4.885863
v -12.521949 -2.831890 4.839475
v -12.496693 -2.986493 4.885863
v -12.763258 -2.270542 5.395190
v -12.784124 -2.426563 5.368377
v -12.830933 -2.549395 5.290129
v -12.812203 -2.131157 5.379004
v -12.903664 -2.003977 5.332616
v -12.903664 -2.003977 5.332616
v -12.868644 -2.634513 5.290129
v -12.687953 -2.362303 4.823290
v -12.631995 -2.466992 4.823290
v -12.597537 -2.580586 4.823290
v -12.763259 -2.270542 4.823290
v -12.855019 -2.195236 4.823290
v -12.585902 -2.698721 4.823290
v -12.903664 -2.003977 4.885864
v -12.885931 -1.961164 4.955138
v -12.879802 -1.946367 5.031594
v -13.032566 -1.900026 5.186887
v -12.930216 -2.068077 4.839476
v -12.903664 -2.003977 4.885864
v -12.959709 -2.139279 4.823290
v -13.035691 -1.915735 5.263341
v -12.959708 -3.258162 5.395190
v -13.003971 -3.151302 5.368378
v -13.042111 -3.059223 5.290129
v -13.065489 -3.002783 5.290129
v -12.930215 -3.329363 5.379004
v -12.903664 -3.393464 5.332616
v -12.903664 -3.393464 5.332616
v -12.968581 -2.847627 5.290129
v -12.943813 -2.801289 5.290129
v -12.928561 -2.751009 5.290129
v -13.001914 -2.888243 5.290129
v -12.923411 -2.698720 5.290129
v -13.042530 -2.921576 5.290129
v -13.088867 -2.946343 5.290129
v -12.885931 -3.436277 5.263341
v -12.739013 -3.375821 5.186886
v -12.739013 -3.375821 5.031594
v -12.626936 -3.263222 4.955138
v -12.566184 -3.116501 4.885863
v -12.560794 -2.959941 4.839475
v -12.566184 -3.116501 4.885863
v -12.597537 -2.816854 4.823290
v -12.855019 -2.195237 5.395190
v -12.845045 -2.352330 5.368378
v -12.866992 -2.481933 5.290129
v -12.887373 -2.572773 5.290129
v -12.930216 -2.068077 5.379005
v -13.044732 -1.961185 5.332616
v -13.044732 -1.961185 5.332616
v -12.928561 -2.646431 5.290129
v -12.845046 -2.352330 4.850103
v -12.784125 -2.426563 4.850103
v -12.738855 -2.511255 4.850103
v -12.710979 -2.603151 4.850103
v -12.919279 -2.291408 4.850102
v -13.003971 -2.246139 4.850103
v -12.701566 -2.698721 4.850103
v -13.044732 -1.961185 4.885864
v -13.058267 -2.029233 4.839476
v -13.044732 -1.961185 4.885864
v -13.035691 -1.915734 4.955138
v -13.032567 -1.900025 5.031594
v -13.191436 -1.884378 5.186887
v -13.073302 -2.104820 4.823290
v -13.095868 -2.218263 4.850103
v -13.191436 -1.900395 5.263341
v -13.073302 -3.292621 5.395190
v -13.095868 -3.179179 5.368378
v -13.115311 -3.081429 5.290129
v -13.127229 -3.021512 5.290129
v -13.139147 -2.961596 5.290129
v -13.058267 -3.368208 5.379004
v -13.044732 -3.436256 5.332616
v -13.044732 -3.436256 5.332616
v -12.968581 -2.847627 5.290129
v -12.968581 -2.847627 5.235272
v -13.001914 -2.888243 5.235272
v -12.943813 -2.801289 5.290129
v -13.001914 -2.888243 5.290129
v -12.943813 -2.801289 5.235272
v -12.928561 -2.751009 5.290129
v -12.928561 -2.751009 5.235272
v -12.923411 -2.698720 5.290129
v -13.042530 -2.921576 5.235272
v -13.042530 -2.921576 5.290129
v -12.928561 -2.646431 5.290129
v -12.923411 -2.698720 5.235272
v -12.923411 -2.698720 5.290129
v -12.923411 -2.698720 5.235272
v -13.088868 -2.946343 5.235272
v -13.088867 -2.946343 5.290129
v -13.088867 -2.946343 5.290129
v -13.088868 -2.946343 5.235272
v -13.139147 -2.961596 5.235272
v -13.139147 -2.961596 5.290129
v -13.035691 -3.481706 5.263341
v -12.879802 -3.451075 5.186886
v -12.879802 -3.451074 5.031594
v -12.747911 -3.362504 4.955138
v -12.659703 -3.230453 4.885863
v -12.623873 -3.077954 4.839475
v -12.659703 -3.230453 4.885863
v -12.631995 -2.930449 4.823290
v -12.710979 -2.794290 4.850103
v -12.959708 -2.139279 5.395190
v -12.919279 -2.291408 5.368378
v -12.915519 -2.422803 5.290129
v -12.917787 -2.515873 5.290129
v -12.943813 -2.596151 5.290129
v -13.058267 -2.029233 5.379005
v -13.191436 -1.946736 5.332616
v -13.191436 -1.946736 5.332616
v -12.928561 -2.646431 5.235272
v -12.943813 -2.596151 5.290129
v -12.915519 -2.422803 4.928351
v -12.974650 -2.374276 4.928351
v -12.866992 -2.481933 4.928351
v -12.830933 -2.549395 4.928351
v -12.808728 -2.622595 4.928351
v -13.042111 -2.338217 4.928351
v -13.115311 -2.316012 4.928351
v -12.801231 -2.698720 4.928351
v -13.191436 -1.946736 4.885864
v -13.191437 -2.016117 4.839476
v -13.191436 -1.946736 4.885864
v -13.191437 -2.093185 4.823290
v -13.191436 -1.900395 4.955138
v -13.191436 -1.884378 5.031594
v -13.350307 -1.900026 5.186887
v -13.191437 -2.208849 4.850103
v -13.191436 -2.308515 4.928351
v -13.347182 -1.915735 5.263341
v -13.191436 -3.304255 5.395190
v -13.191436 -3.188591 5.368378
v -13.191436 -3.088926 5.290129
v -13.191436 -3.027836 5.290129
v -13.191436 -2.966746 5.290129
v -13.191436 -2.966746 5.235272
v -13.191436 -2.966746 5.290129
v -13.191436 -3.381324 5.379004
v -13.191436 -3.450706 5.332616
v -13.191436 -3.450706 5.332616
v -13.001914 -2.509197 5.235272
v -13.001914 -2.888243 5.235272
v -12.968581 -2.847627 5.235272
v -12.968581 -2.549813 5.235272
v -12.943813 -2.801289 5.235272
v -13.042529 -2.475865 5.235272
v -13.042530 -2.921576 5.235272
v -12.943813 -2.596151 5.235272
v -12.928561 -2.751009 5.235272
v -12.928561 -2.646431 5.235272
v -12.923411 -2.698720 5.235272
v -13.088868 -2.946343 5.235272
v -13.139147 -2.435845 5.235272
v -13.139147 -2.961596 5.235272
v -13.088868 -2.451097 5.235272
v -13.191436 -2.430695 5.235272
v -13.191436 -2.966746 5.235272
v -13.191436 -3.497046 5.263341
v -13.032566 -3.497415 5.186886
v -13.032567 -3.497415 5.031594
v -12.885931 -3.436277 4.955138
v -12.773656 -3.323973 4.885864
v -12.708763 -3.181394 4.839476
v -12.773656 -3.323973 4.885864
v -12.687953 -3.035138 4.823290
v -12.738855 -2.886186 4.850102
v -12.808728 -2.774846 4.928351
v -13.073302 -2.104820 5.395190
v -13.003971 -2.246139 5.368378
v -12.974649 -2.374276 5.290129
v -12.958716 -2.466000 5.290129
v -12.968581 -2.549813 5.290129
v -12.943813 -2.596151 5.235272
v -12.968581 -2.549813 5.290129
v -13.191436 -2.016117 5.379005
v -13.338141 -1.961185 5.332616
v -13.338141 -1.961185 5.332616
v -13.008589 -2.425071 4.928351
v -12.958716 -2.466000 4.928351
v -13.065489 -2.394657 4.928351
v -12.917787 -2.515873 4.928351
v -12.887373 -2.572773 4.928351
v -12.868644 -2.634513 4.928351
v -13.127229 -2.375928 4.928351
v -13.191436 -2.369605 4.928351
v -12.862321 -2.698720 4.928351
v -13.338141 -1.961185 4.885864
v -13.324606 -2.029233 4.839476
v -13.338141 -1.961185 4.885864
v -13.309571 -2.104820 4.823290
v -13.287006 -2.218263 4.850103
v -13.347182 -1.915734 4.955138
v -13.350307 -1.900025 5.031594
v -13.503072 -1.946367 5.186887
v -13.267562 -2.316012 4.928351
v -13.255644 -2.375928 4.928351
v -13.496942 -1.961164 5.263341
v -13.309571 -3.292621 5.395190
v -13.287005 -3.179179 5.368378
v -13.267562 -3.081429 5.290129
v -13.255643 -3.021512 5.290129
v -13.243725 -2.961596 5.290129
v -13.243725 -2.961596 5.235272
v -13.243725 -2.961596 5.290129
v -13.243725 -2.435845 5.235272
v -13.243725 -2.961596 5.235272
v -13.324606 -3.368208 5.379005
v -13.338141 -3.436256 5.332616
v -13.338141 -3.436256 5.332616
v -13.042529 -2.475865 5.290129
v -13.042529 -2.475865 5.235272
v -13.001914 -2.509197 5.235272
v -13.001914 -2.509197 5.290129
v -12.968581 -2.549813 5.235272
v -13.088868 -2.451097 5.290129
v -13.088868 -2.451097 5.235272
v -13.191436 -2.430695 5.290129
v -13.191436 -2.430695 5.235272
v -13.139147 -2.435845 5.235272
v -13.139147 -2.435845 5.290129
v -13.243725 -2.435845 5.290129
v -13.243725 -2.435845 5.235272
v -13.191436 -2.430695 5.235272
v -13.191436 -2.430695 5.290129
v -13.347182 -3.481706 5.263341
v -13.191436 -3.513062 5.186887
v -13.191436 -3.513062 5.031594
v -13.035691 -3.481706 4.955138
v -12.903664 -3.393464 4.885864
v -12.812203 -3.266284 4.839476
v -12.903664 -3.393464 4.885864
v -12.763259 -3.126898 4.823290
v -12.784124 -2.970878 4.850103
v -12.830933 -2.848046 4.928351
v -12.868644 -2.762928 4.928351
v -13.191436 -2.093185 5.395190
v -13.095868 -2.218263 5.368378
v -13.042111 -2.338217 5.290129
v -13.008589 -2.425071 5.290129
v -13.001914 -2.509197 5.290129
v -13.324606 -2.029233 5.379005
v -13.479208 -2.003977 5.332616
v -13.479208 -2.003977 5.332616
v -13.088868 -2.451097 4.928351
v -13.042529 -2.475865 4.928351
v -13.001914 -2.509197 4.928351
v -13.139147 -2.435845 4.928351
v -12.968582 -2.549813 4.928351
v -12.943813 -2.596151 4.928351
v -12.928561 -2.646431 4.928351
v -13.191436 -2.430695 4.928351
v -13.243725 -2.435845 4.928351
v -12.923411 -2.698720 4.928351
v -13.452658 -2.068077 4.839476
v -13.479209 -2.003977 4.885864
v -13.479209 -2.003977 4.885864
v -13.423165 -2.139279 4.823290
v -13.378902 -2.246139 4.850103
v -13.340762 -2.338217 4.928351
v -13.496942 -1.961164 4.955138
v -13.503072 -1.946367 5.031594
v -13.643861 -2.021620 5.186887
v -13.496942 -1.961164 5.263341
v -13.503072 -1.946367 5.186887
v -13.503072 -1.946367 5.031594
v -13.317384 -2.394657 4.928351
v -13.294005 -2.451097 4.928351
v -13.634963 -2.034937 5.263341
v -13.479208 -2.003977 5.332616
v -13.423165 -3.258162 5.395190
v -13.378902 -3.151302 5.368378
v -13.340762 -3.059223 5.290129
v -13.317383 -3.002783 5.290129
v -13.294005 -2.946343 5.290129
v -13.294005 -2.946343 5.235272
v -13.294005 -2.946343 5.290129
v -13.294005 -2.451097 5.235272
v -13.294005 -2.946343 5.235272
v -13.294005 -2.451097 5.290130
v -13.294005 -2.451097 5.235272
v -13.452658 -3.329363 5.379005
v -13.347182 -3.481706 5.263341
v -13.338141 -3.436256 5.332616
v -13.479208 -3.393464 5.332616
v -13.479208 -3.393464 5.332616
v -13.042529 -2.475865 5.290129
v -13.065489 -2.394657 5.290129
v -13.088868 -2.451097 5.290129
v -13.127229 -2.375929 5.290129
v -13.139147 -2.435845 5.290129
v -13.191436 -2.430695 5.290129
v -13.191436 -2.369605 5.290129
v -13.255643 -2.375929 5.290130
v -13.243725 -2.435845 5.290129
v -13.317383 -2.394657 5.290130
v -13.294005 -2.451097 5.290130
v -13.496942 -3.436277 5.263341
v -13.350307 -3.497415 5.186887
v -13.350307 -3.497415 5.186887
v -13.350307 -3.497415 5.031594
v -13.191437 -3.497046 4.955138
v -13.044732 -3.436256 4.885864
v -12.930216 -3.329363 4.839476
v -13.044732 -3.436256 4.885864
v -12.855020 -3.202205 4.823290
v -12.845046 -3.045112 4.850103
v -12.866992 -2.915507 4.928351
v -12.887373 -2.824667 4.928351
v -12.928561 -2.751009 4.928351
v -13.309571 -2.104820 5.395190
v -13.191436 -2.208850 5.368378
v -13.115311 -2.316012 5.290129
v -13.452658 -2.068077 5.379005
v -13.609217 -2.073468 5.332616
v -13.609217 -2.073468 5.332616
v -13.088868 -2.451097 4.928351
v -13.088868 -2.451097 4.983208
v -13.139147 -2.435845 4.983208
v -13.139147 -2.435845 4.928351
v -13.042529 -2.475865 4.928351
v -13.042529 -2.475865 4.983208
v -13.001914 -2.509197 4.928351
v -13.001914 -2.509197 4.983208
v -12.968582 -2.549813 4.928351
v -13.139147 -2.435845 4.928351
v -13.139147 -2.435845 4.983208
v -13.191436 -2.430695 4.983208
v -13.191436 -2.430695 4.928351
v -12.968582 -2.549813 4.983208
v -12.943813 -2.596151 4.928351
v -12.943813 -2.596151 4.983208
v -12.928561 -2.646431 4.928351
v -12.928561 -2.646431 4.983208
v -12.923411 -2.698720 4.928351
v -13.243725 -2.435845 4.983208
v -13.243725 -2.435845 4.928351
v -13.294005 -2.451097 4.983208
v -13.294005 -2.451097 4.928351
v -12.923411 -2.698720 4.983208
v -12.928561 -2.751009 4.928351
v -12.923411 -2.698720 4.983208
v -12.923411 -2.698720 4.928351
v -13.527854 -2.195236 4.823290
v -13.570671 -2.131156 4.839476
v -13.496942 -1.961164 4.955138
v -13.479209 -2.003977 4.885864
v -13.609217 -2.073468 4.885864
v -13.609217 -2.073468 4.885864
v -13.463594 -2.291408 4.850103
v -13.408223 -2.374276 4.928351
v -13.374283 -2.425071 4.928351
v -13.634963 -2.034937 4.955139
v -13.643861 -2.021620 5.031594
v -13.767264 -2.122894 5.186887
v -13.340343 -2.475865 4.928351
v -13.340343 -2.475865 4.983208
v -13.340343 -2.475865 4.928351
v -13.755938 -2.134219 5.263341
v -13.527854 -3.202205 5.395190
v -13.463595 -3.106033 5.368379
v -13.408223 -3.023164 5.290130
v -13.374283 -2.972370 5.290130
v -13.340343 -2.921575 5.290129
v -13.340343 -2.921575 5.235272
v -13.340343 -2.921575 5.290129
v -13.340343 -2.475865 5.235272
v -13.340343 -2.921575 5.235272
v -13.340343 -2.475865 5.290130
v -13.340343 -2.475865 5.235272
v -13.374283 -2.425071 5.290130
v -13.340343 -2.475865 5.290130
v -13.570670 -3.266284 5.379005
v -13.609217 -3.323973 5.332616
v -13.609217 -3.323973 5.332616
v -13.191436 -2.308515 5.290129
v -13.267562 -2.316012 5.290130
v -13.340762 -2.338217 5.290130
v -13.408223 -2.374276 5.290130
v -13.503072 -3.451074 5.186887
v -13.634963 -3.362504 5.263341
v -13.503072 -3.451074 5.031594
v -13.350307 -3.497415 5.031594
v -13.347182 -3.481706 4.955138
v -13.347182 -3.481706 4.955138
v -13.191437 -3.450705 4.885864
v -13.058267 -3.368207 4.839476
v -13.191437 -3.450705 4.885864
v -12.959708 -3.258162 4.823290
v -12.919280 -3.106033 4.850103
v -12.915519 -2.974637 4.928351
v -12.917787 -2.881567 4.928351
v -12.943813 -2.801289 4.928351
v -12.928561 -2.751009 4.983208
v -12.943813 -2.801289 4.928351
v -13.423165 -2.139279 5.395190
v -13.287006 -2.218263 5.368378
v -13.570670 -2.131157 5.379005
v -13.723170 -2.166987 5.332617
v -13.723170 -2.166987 5.332617
v -13.139147 -2.961596 4.983208
v -13.139147 -2.435845 4.983208
v -13.088868 -2.451097 4.983208
v -13.088868 -2.946343 4.983208
v -13.042529 -2.475865 4.983208
v -13.191436 -2.966746 4.983208
v -13.191436 -2.430695 4.983208
v -13.042530 -2.921576 4.983208
v -13.001914 -2.888243 4.983208
v -13.001914 -2.509197 4.983208
v -12.968582 -2.549813 4.983208
v -13.243725 -2.961596 4.983208
v -13.243725 -2.435845 4.983208
v -12.968581 -2.847627 4.983208
v -12.943813 -2.596151 4.983208
v -12.943813 -2.801289 4.983208
v -12.928561 -2.646431 4.983208
v -12.928561 -2.751009 4.983208
v -12.923411 -2.698720 4.983208
v -13.294005 -2.946343 4.983208
v -13.294005 -2.451097 4.983208
v -13.340343 -2.921575 4.983208
v -13.340343 -2.475865 4.983208
v -13.537828 -2.352329 4.850102
v -13.619615 -2.270542 4.823290
v -13.674110 -2.216047 4.839476
v -13.723170 -2.166987 4.885864
v -13.723170 -2.166987 4.885864
v -13.467354 -2.422803 4.928351
v -13.424156 -2.466000 4.928351
v -13.380959 -2.509197 4.928351
v -13.755938 -2.134219 4.955139
v -13.767264 -2.122894 5.031594
v -13.868537 -2.246296 5.186887
v -13.380959 -2.509197 4.983208
v -13.380959 -2.509197 4.928351
v -13.380959 -2.888243 4.983208
v -13.380959 -2.509197 4.983208
v -13.855220 -2.255194 5.263341
v -13.619614 -3.126898 5.395190
v -13.537828 -3.045112 5.368378
v -13.467354 -2.974637 5.290130
v -13.424156 -2.931440 5.290130
v -13.380959 -2.888243 5.290130
v -13.380959 -2.888243 5.235272
v -13.380959 -2.888243 5.290130
v -13.380959 -2.509197 5.235272
v -13.380959 -2.888243 5.235272
v -13.380959 -2.509197 5.290130
v -13.380959 -2.509197 5.235272
v -13.424156 -2.466000 5.290130
v -13.380959 -2.509197 5.290130
v -13.467354 -2.422803 5.290130
v -13.674110 -3.181394 5.379005
v -13.723170 -3.230454 5.332616
v -13.723170 -3.230454 5.332616
v -13.378902 -2.246139 5.368378
v -13.463594 -2.291408 5.368378
v -13.537828 -2.352329 5.368379
v -13.643861 -3.375821 5.186887
v -13.643861 -3.375821 5.031594
v -13.755938 -3.263222 5.263341
v -13.496942 -3.436277 4.955138
v -13.338141 -3.436256 4.885864
v -13.338141 -3.436256 4.885864
v -13.191437 -3.381323 4.839476
v -13.338141 -3.436256 4.885864
v -13.073302 -3.292620 4.823290
v -13.003971 -3.151302 4.850102
v -12.974650 -3.023164 4.928351
v -12.958716 -2.931440 4.928351
v -12.968581 -2.847627 4.928351
v -12.943813 -2.801289 4.983208
v -12.968581 -2.847627 4.928351
v -13.527854 -2.195236 5.395190
v -13.674110 -2.216047 5.379005
v -13.816689 -2.280941 5.332617
v -13.816689 -2.280941 5.332617
v -13.191436 -2.966746 4.928351
v -13.139147 -2.961596 4.983208
v -13.139147 -2.961596 4.928351
v -13.088868 -2.946343 4.983208
v -13.191436 -2.966746 4.983208
v -13.088868 -2.946343 4.928351
v -13.088868 -2.946343 4.928351
v -13.088868 -2.946343 4.983208
v -13.042530 -2.921576 4.983208
v -13.243725 -2.961596 4.928351
v -13.243725 -2.961596 4.983208
v -13.042530 -2.921576 4.928351
v -13.001914 -2.888243 4.983208
v -13.001914 -2.888243 4.928351
v -12.968581 -2.847627 4.983208
v -13.294005 -2.946343 4.928351
v -13.294005 -2.946343 4.983208
v -13.340343 -2.921575 4.928351
v -13.340343 -2.921575 4.983208
v -13.380959 -2.888243 4.928351
v -13.380959 -2.888243 4.983208
v -13.515881 -2.481933 4.928351
v -13.598750 -2.426563 4.850102
v -13.694921 -2.362303 4.823290
v -13.759001 -2.319487 4.839476
v -13.816689 -2.280941 4.885864
v -13.816689 -2.280941 4.885864
v -13.465086 -2.515873 4.928351
v -13.414292 -2.549813 4.928351
v -13.414292 -2.549813 4.983208
v -13.414292 -2.549813 4.928351
v -13.855220 -2.255194 4.955139
v -13.868537 -2.246296 5.031594
v -13.943791 -2.387085 5.186887
v -13.414291 -2.847628 4.983208
v -13.414292 -2.549813 4.983208
v -13.414291 -2.847628 4.928351
v -13.414291 -2.847628 4.983208
v -13.928993 -2.393214 5.263341
v -13.694921 -3.035138 5.395190
v -13.598749 -2.970879 5.368378
v -13.515880 -2.915507 5.290130
v -13.465086 -2.881567 5.290130
v -13.414291 -2.847628 5.290130
v -13.414291 -2.847628 5.235272
v -13.414291 -2.847628 5.290130
v -13.414291 -2.847628 5.235272
v -13.414291 -2.549813 5.290130
v -13.414291 -2.549813 5.235272
v -13.414291 -2.549813 5.235272
v -13.465086 -2.515873 5.290130
v -13.414291 -2.549813 5.290130
v -13.515881 -2.481933 5.290130
v -13.598749 -2.426563 5.368379
v -13.759000 -3.077955 5.379005
v -13.816689 -3.116501 5.332616
v -13.816689 -3.116501 5.332616
v -13.619615 -2.270542 5.395190
v -13.694921 -2.362303 5.395191
v -13.767264 -3.274547 5.186887
v -13.767264 -3.274547 5.031594
v -13.634963 -3.362504 4.955138
v -13.855220 -3.142246 5.263341
v -13.479209 -3.393464 4.885864
v -13.324606 -3.368207 4.839476
v -13.479209 -3.393464 4.885864
v -13.191437 -3.304255 4.823290
v -13.095868 -3.179179 4.850102
v -13.042111 -3.059223 4.928351
v -13.008590 -2.972370 4.928351
v -13.001914 -2.888243 4.928351
v -13.759001 -2.319487 5.379005
v -13.886180 -2.410948 5.332617
v -13.886180 -2.410948 5.332617
v -13.191436 -2.966746 4.928351
v -13.191436 -3.027836 4.928351
v -13.255643 -3.021512 4.928351
v -13.139147 -2.961596 4.928351
v -13.243725 -2.961596 4.928351
v -13.127229 -3.021512 4.928351
v -13.088868 -2.946343 4.928351
v -13.065489 -3.002783 4.928351
v -13.042530 -2.921576 4.928351
v -13.317384 -3.002783 4.928351
v -13.294005 -2.946343 4.928351
v -13.374283 -2.972370 4.928351
v -13.340343 -2.921575 4.928351
v -13.424156 -2.931440 4.928351
v -13.380959 -2.888243 4.928351
v -13.465086 -2.881567 4.928351
v -13.414291 -2.847628 4.928351
v -13.495500 -2.572773 4.928351
v -13.551939 -2.549395 4.928351
v -13.644018 -2.511255 4.850103
v -13.750879 -2.466992 4.823290
v -13.822080 -2.437499 4.839476
v -13.886180 -2.410948 4.885864
v -13.886180 -2.410948 4.885864
v -13.439060 -2.596151 4.928351
v -13.439060 -2.596151 4.983208
v -13.439060 -2.596151 4.928351
v -13.439060 -2.801289 4.983208
v -13.439060 -2.596151 4.983208
v -13.928993 -2.393214 4.955139
v -13.943791 -2.387085 5.031594
v -13.990131 -2.539850 5.186887
v -13.439060 -2.801289 4.928351
v -13.439060 -2.801289 4.983208
v -13.495500 -2.824667 4.928351
v -13.439060 -2.801289 4.928351
v -13.974422 -2.542974 5.263341
v -13.750878 -2.930449 5.395190
v -13.644018 -2.886186 5.368378
v -13.551939 -2.848046 5.290130
v -13.495500 -2.824667 5.290130
v -13.439060 -2.801289 5.290130
v -13.439060 -2.801289 5.235272
v -13.439060 -2.801289 5.290130
v -13.439060 -2.596151 5.235272
v -13.439060 -2.801289 5.235272
v -13.495500 -2.572773 5.290130
v -13.439060 -2.596151 5.290130
v -13.439060 -2.596151 5.290130
v -13.439060 -2.596151 5.235272
v -13.551939 -2.549395 5.290130
v -13.644018 -2.511255 5.368378
v -13.750878 -2.466992 5.395191
v -13.822080 -2.959941 5.379005
v -13.886180 -2.986493 5.332617
v -13.886180 -2.986493 5.332617
v -13.822080 -2.437499 5.379005
v -13.868537 -3.151145 5.186887
v -13.868537 -3.151145 5.031594
v -13.755938 -3.263222 4.955138
v -13.609217 -3.323973 4.885864
v -13.928993 -3.004227 5.263341
v -13.452658 -3.329363 4.839476
v -13.609217 -3.323973 4.885864
v -13.309571 -3.292620 4.823290
v -13.191437 -3.188591 4.850102
v -13.115311 -3.081429 4.928351
v -13.928972 -2.552016 5.332617
v -13.928972 -2.552016 5.332617
v -13.267562 -3.081429 4.928351
v -13.191436 -3.088926 4.928351
v -13.340762 -3.059223 4.928351
v -13.408223 -3.023164 4.928351
v -13.467354 -2.974637 4.928351
v -13.515881 -2.915507 4.928351
v -13.551939 -2.848046 4.928351
v -13.514228 -2.634513 4.928351
v -13.454312 -2.646430 4.928351
v -13.574144 -2.622595 4.928351
v -13.671895 -2.603151 4.850102
v -13.785337 -2.580586 4.823290
v -13.860924 -2.565551 4.839476
v -13.928972 -2.552016 4.885864
v -13.928972 -2.552016 4.885864
v -13.454312 -2.646430 4.983208
v -13.454312 -2.646430 4.928351
v -13.454312 -2.751009 4.983208
v -13.454312 -2.646430 4.983208
v -13.454312 -2.751009 4.928351
v -13.454312 -2.751009 4.983208
v -13.974423 -2.542974 4.955139
v -13.990131 -2.539850 5.031594
v -14.005779 -2.698721 5.186887
v -13.514228 -2.762928 4.928351
v -13.454312 -2.751009 4.928351
v -13.574144 -2.774846 4.928351
v -13.989762 -2.698721 5.263341
v -13.785337 -2.816854 5.395190
v -13.671895 -2.794290 5.368378
v -13.574144 -2.774846 5.290130
v -13.514228 -2.762928 5.290130
v -13.454312 -2.751009 5.290130
v -13.454312 -2.751009 5.235272
v -13.454312 -2.751009 5.290130
v -13.454312 -2.646431 5.235272
v -13.454312 -2.751009 5.235272
v -13.454312 -2.646431 5.290130
v -13.454312 -2.646431 5.235272
v -13.574144 -2.622595 5.290130
v -13.514228 -2.634513 5.290130
v -13.454312 -2.646431 5.290130
v -13.671895 -2.603151 5.368378
v -13.785337 -2.580586 5.395191
v -13.860924 -2.565551 5.379005
v -13.860924 -2.831890 5.379005
v -13.928972 -2.845426 5.332617
v -13.928972 -2.845426 5.332617
v -13.943791 -3.010356 5.186887
v -13.943791 -3.010356 5.031594
v -13.855220 -3.142246 4.955139
v -13.723170 -3.230454 4.885864
v -13.570671 -3.266284 4.839476
v -13.723170 -3.230454 4.885864
v -13.974422 -2.854466 5.263341
v -13.423165 -3.258162 4.823290
v -13.287006 -3.179179 4.850102
v -13.943421 -2.698721 5.332617
v -13.943421 -2.698721 5.332617
v -13.378902 -3.151302 4.850102
v -13.463595 -3.106033 4.850101
v -13.537828 -3.045112 4.850102
v -13.598749 -2.970879 4.850102
v -13.644018 -2.886186 4.850103
v -13.671895 -2.794290 4.850102
v -13.520552 -2.698720 4.928351
v -13.459462 -2.698720 4.928351
v -13.459462 -2.698720 4.983208
v -13.459462 -2.698720 4.928351
v -13.581642 -2.698720 4.928351
v -13.681307 -2.698721 4.850103
v -13.796972 -2.698721 4.823290
v -13.874040 -2.698721 4.839476
v -13.943421 -2.698721 4.885864
v -13.943421 -2.698721 4.885864
v -13.459462 -2.698720 4.983208
v -13.454312 -2.751009 4.983208
v -13.454312 -2.751009 4.928351
v -13.989762 -2.698721 4.955139
v -14.005779 -2.698721 5.031594
v -13.990131 -2.857591 5.186887
v -13.989762 -2.698721 5.263341
v -14.005779 -2.698721 5.186887
v -14.005779 -2.698721 5.031594
v -13.943421 -2.698721 5.332617
v -13.796972 -2.698721 5.395191
v -13.681307 -2.698721 5.368378
v -13.581642 -2.698720 5.290130
v -13.520552 -2.698720 5.290130
v -13.459462 -2.698720 5.290130
v -13.454312 -2.751009 5.290130
v -13.454312 -2.751009 5.235272
v -13.459462 -2.698720 5.235272
v -13.459462 -2.698720 5.290130
v -13.459462 -2.698720 5.235272
v -13.874040 -2.698721 5.379005
v -13.990131 -2.857591 5.031594
v -13.928993 -3.004227 4.955139
v -13.816689 -3.116501 4.885864
v -13.674110 -3.181394 4.839476
v -13.816689 -3.116501 4.885864
v -13.527854 -3.202205 4.823290
v -13.619615 -3.126898 4.823290
v -13.694921 -3.035138 4.823290
v -13.750879 -2.930449 4.823290
v -13.785337 -2.816854 4.823290
v -13.860924 -2.831890 4.839476
v -13.928972 -2.845426 4.885864
v -13.928972 -2.845426 4.885864
v -13.974423 -2.854466 4.955139
v -13.990131 -2.857591 5.031594
v -13.974423 -2.854466 4.955139
v -13.886180 -2.986493 4.885864
v -13.759001 -3.077954 4.839476
v -13.886180 -2.986493 4.885864
v -13.822080 -2.959941 4.839476
v -13.928972 -2.845426 4.885864
vt -0.008529 0.156267 0.000000
vt -0.083346 -0.000000 0.000000
vt 0.000000 0.000000 0.000000
vt 0.074817 0.156267 0.000000
vt -0.008034 0.147196 0.000000
vt 0.000000 0.000000 0.000000
vt 0.074906 0.159607 0.000000
vt -0.003145 0.156468 0.000000
vt 0.000000 0.000000 0.000000
vt 0.068182 0.162592 0.000000
vt -0.009671 0.156200 0.000000
vt 0.000000 0.000000 0.000000
vt -0.009864 0.159334 0.000000
vt -0.078046 -0.003258 0.000000
vt 0.000000 0.000000 0.000000
vt -0.025944 0.154333 0.000000
vt -0.082823 -0.009317 0.000000
vt 0.000000 0.000000 0.000000
vt 0.091380 0.147196 0.000000
vt 0.008034 0.147196 0.000000
vt 0.000000 0.000000 0.000000
vt -0.012012 0.146925 0.000000
vt -0.083460 0.000000 0.000000
vt 0.000000 0.000000 0.000000
vt 0.094364 0.133368 0.000000
vt 0.010904 0.133368 0.000000
vt 0.000000 0.000000 0.000000
vt 0.012012 0.146925 0.000000
vt -0.082352 0.013556 0.000000
vt 0.000000 0.000000 0.000000
vt 0.008529 0.156266 0.000000
vt -0.082851 0.009071 0.000000
vt 0.000000 0.000000 0.000000
vt 0.081259 0.156467 0.000000
vt 0.003145 0.156467 0.000000
vt 0.000000 0.000000 0.000000
vt -0.003208 0.159607 0.000000
vt -0.078114 0.000000 0.000000
vt 0.000000 0.000000 0.000000
vt -0.035995 0.142952 0.000000
vt -0.082325 -0.013716 0.000000
vt 0.000000 0.000000 0.000000
vt 0.071448 0.146925 0.000000
vt -0.010904 0.133369 0.000000
vt 0.000000 0.000000 0.000000
vt 0.056880 0.163650 0.000000
vt -0.024437 0.145375 0.000000
vt 0.000000 0.000000 0.000000
vt -0.155293 0.159639 0.000000
vt -0.155293 0.000000 0.000000
vt 0.000000 0.000000 0.000000
vt -0.155293 0.159639 0.000000
vt -0.155293 0.000000 0.000000
vt 0.000000 0.000000 0.000000
vt -0.155293 0.000000 0.000000
vt 0.000000 -0.159639 0.000000
vt 0.000000 0.000000 0.000000
vt -0.017313 0.158698 0.000000
vt -0.077808 -0.006909 0.000000
vt 0.000000 0.000000 0.000000
vt -0.155293 0.000000 0.000000
vt 0.000000 -0.159639 0.000000
vt 0.000000 0.000000 0.000000
vt -0.155293 0.159639 0.000000
vt -0.155293 0.000000 0.000000
vt 0.000000 0.000000 0.000000
vt 0.060496 0.165606 0.000000
vt -0.016972 0.155576 0.000000
vt 0.000000 0.000000 0.000000
vt -0.044446 0.150055 0.000000
vt -0.081085 -0.019280 0.000000
vt 0.000000 0.000000 0.000000
vt 0.115000 0.116046 0.000000
vt 0.032674 0.129763 0.000000
vt 0.000000 0.000000 0.000000
vt 0.035995 0.142952 0.000000
vt -0.079004 0.026906 0.000000
vt 0.000000 0.000000 0.000000
vt 0.107261 0.136059 0.000000
vt 0.024437 0.145375 0.000000
vt 0.000000 0.000000 0.000000
vt 0.090136 0.118158 0.000000
vt 0.011387 0.118158 0.000000
vt 0.000000 0.000000 0.000000
vt 0.012836 0.133196 0.000000
vt -0.077300 0.015038 0.000000
vt 0.000000 0.000000 0.000000
vt -0.012836 0.133197 0.000000
vt -0.078749 -0.000000 0.000000
vt 0.000000 0.000000 0.000000
vt 0.111072 0.098736 0.000000
vt 0.033776 0.113799 0.000000
vt 0.000000 0.000000 0.000000
vt 0.038075 0.128282 0.000000
vt -0.072996 0.029546 0.000000
vt 0.000000 0.000000 0.000000
vt 0.025943 0.154334 0.000000
vt -0.081318 0.018275 0.000000
vt 0.000000 0.000000 0.000000
vt 0.087717 0.152941 0.000000
vt 0.009670 0.156200 0.000000
vt 0.000000 0.000000 0.000000
vt 0.003208 0.159606 0.000000
vt -0.078051 0.003139 0.000000
vt 0.000000 0.000000 0.000000
vt -0.155293 0.159639 0.000000
vt -0.155293 0.000000 0.000000
vt 0.000000 0.000000 0.000000
vt -0.155293 0.000000 0.000000
vt -0.000000 -0.159639 0.000000
vt 0.000000 0.000000 0.000000
vt 0.046330 0.156669 0.000000
vt -0.032674 0.129763 0.000000
vt 0.000000 0.000000 0.000000
vt 0.036639 0.169336 0.000000
vt -0.041866 0.141345 0.000000
vt 0.000000 0.000000 0.000000
vt -0.059785 0.134748 0.000000
vt -0.078793 -0.027519 0.000000
vt 0.000000 0.000000 0.000000
vt -0.038075 0.128282 0.000000
vt -0.077296 -0.015062 0.000000
vt 0.000000 0.000000 0.000000
vt 0.065913 0.133197 0.000000
vt -0.011387 0.118159 0.000000
vt 0.000000 0.000000 0.000000
vt -0.003208 -0.159607 0.000000
vt 0.078052 -0.003138 0.000000
vt 0.000000 0.000000 0.000000
vt -0.087717 -0.152941 0.000000
vt -0.009670 -0.156200 0.000000
vt 0.000000 0.000000 0.000000
vt -0.009865 -0.159334 0.000000
vt 0.077853 -0.006393 0.000000
vt 0.000000 0.000000 0.000000
vt -0.081260 -0.156468 0.000000
vt -0.003145 -0.156468 0.000000
vt 0.000000 0.000000 0.000000
vt 0.003208 -0.159606 0.000000
vt 0.078115 0.000000 0.000000
vt 0.000000 0.000000 0.000000
vt -0.026371 0.157446 0.000000
vt -0.077285 -0.011353 0.000000
vt 0.000000 0.000000 0.000000
vt -0.155292 0.159639 0.000000
vt -0.155293 0.000000 0.000000
vt 0.000000 0.000000 0.000000
vt -0.000000 -0.159639 0.000000
vt 0.000000 0.000000 0.000000
vt -0.094781 -0.148667 0.000000
vt -0.016972 -0.155576 0.000000
vt 0.000000 0.000000 0.000000
vt -0.017312 -0.158698 0.000000
vt 0.077468 -0.010030 0.000000
vt 0.000000 0.000000 0.000000
vt -0.064788 0.142459 0.000000
vt -0.077636 -0.030318 0.000000
vt 0.000000 0.000000 0.000000
vt 0.050914 0.168799 0.000000
vt -0.025853 0.154349 0.000000
vt 0.000000 0.000000 0.000000
vt 0.127974 0.075556 0.000000
vt 0.055013 0.105189 0.000000
vt 0.000000 0.000000 0.000000
vt 0.062014 0.118576 0.000000
vt -0.065960 0.043020 0.000000
vt 0.000000 0.000000 0.000000
vt 0.133062 0.094796 0.000000
vt 0.054269 0.122315 0.000000
vt 0.000000 0.000000 0.000000
vt 0.059785 0.134747 0.000000
vt -0.073277 0.039952 0.000000
vt 0.000000 0.000000 0.000000
vt 0.122952 0.122065 0.000000
vt 0.041866 0.141345 0.000000
vt 0.000000 0.000000 0.000000
vt -0.127901 -0.095593 0.000000
vt -0.011335 -0.118163 0.000000
vt 0.000000 0.000000 0.000000
vt -0.107397 -0.118164 0.000000
vt 0.011335 -0.118164 0.000000
vt 0.000000 0.000000 0.000000
vt -0.009169 -0.095593 0.000000
vt 0.118732 0.000000 0.000000
vt 0.000000 0.000000 0.000000
vt -0.143767 -0.069482 0.000000
vt -0.033633 -0.113841 0.000000
vt 0.000000 0.000000 0.000000
vt -0.027208 -0.092096 0.000000
vt 0.116558 -0.022614 0.000000
vt 0.000000 0.000000 0.000000
vt -0.154413 -0.040662 0.000000
vt -0.054813 -0.105293 0.000000
vt 0.000000 0.000000 0.000000
vt -0.044344 -0.085180 0.000000
vt 0.110070 -0.044518 0.000000
vt 0.000000 0.000000 0.000000
vt 0.044446 0.150055 0.000000
vt -0.078505 0.027990 0.000000
vt 0.000000 0.000000 0.000000
vt 0.094780 0.148667 0.000000
vt 0.016972 0.155576 0.000000
vt 0.000000 0.000000 0.000000
vt 0.009864 0.159334 0.000000
vt -0.077852 0.006393 0.000000
vt 0.000000 0.000000 0.000000
vt -0.155293 0.159639 0.000000
vt -0.155293 0.000000 0.000000
vt 0.000000 0.000000 0.000000
vt -0.155293 0.000000 0.000000
vt -0.000000 -0.159639 0.000000
vt 0.000000 0.000000 0.000000
vt -0.074906 -0.159606 0.000000
vt 0.003145 -0.156467 0.000000
vt 0.000000 0.000000 0.000000
vt 0.009864 -0.159334 0.000000
vt 0.078047 0.003259 0.000000
vt 0.000000 0.000000 0.000000
vt 0.039220 0.143344 0.000000
vt -0.033776 0.113799 0.000000
vt 0.000000 0.000000 0.000000
vt -0.062014 0.118576 0.000000
vt -0.072961 -0.029633 0.000000
vt 0.000000 0.000000 0.000000
vt 0.019008 0.162266 0.000000
vt -0.054269 0.122315 0.000000
vt 0.000000 0.000000 0.000000
vt -0.082994 0.121832 0.000000
vt -0.072576 -0.041211 0.000000
vt 0.000000 0.000000 0.000000
vt 0.012848 0.172777 0.000000
vt -0.061027 0.134189 0.000000
vt 0.000000 0.000000 0.000000
vt -0.082925 -0.136456 0.000000
vt 0.033633 -0.113841 0.000000
vt 0.000000 0.000000 0.000000
vt 0.009169 -0.095593 0.000000
vt 0.116566 0.022571 0.000000
vt 0.000000 0.000000 0.000000
vt -0.107261 -0.136058 0.000000
vt -0.024438 -0.145375 0.000000
vt 0.000000 0.000000 0.000000
vt -0.025944 -0.154333 0.000000
vt 0.081317 -0.018276 0.000000
vt 0.000000 0.000000 0.000000
vt -0.008529 -0.156267 0.000000
vt 0.082851 -0.009071 0.000000
vt 0.000000 0.000000 0.000000
vt -0.122951 -0.122064 0.000000
vt -0.041866 -0.141345 0.000000
vt 0.000000 0.000000 0.000000
vt -0.044446 -0.150055 0.000000
vt 0.078505 -0.027991 0.000000
vt 0.000000 0.000000 0.000000
vt 0.008529 -0.156266 0.000000
vt 0.083346 0.000000 0.000000
vt 0.000000 0.000000 0.000000
vt -0.091380 -0.147196 0.000000
vt -0.008034 -0.147196 0.000000
vt 0.000000 0.000000 0.000000
vt -0.155293 0.000000 0.000000
vt 0.000000 -0.159639 0.000000
vt 0.000000 0.000000 0.000000
vt -0.155293 0.159639 0.000000
vt -0.155293 0.000000 0.000000
vt 0.000000 0.000000 0.000000
vt -0.038527 0.154920 0.000000
vt -0.076169 -0.017325 0.000000
vt 0.000000 0.000000 0.000000
vt -0.103138 -0.142997 0.000000
vt -0.025852 -0.154349 0.000000
vt 0.000000 0.000000 0.000000
vt -0.026371 -0.157446 0.000000
vt 0.076767 -0.014450 0.000000
vt 0.000000 0.000000 0.000000
vt -0.138663 -0.103872 0.000000
vt -0.061027 -0.134189 0.000000
vt 0.000000 0.000000 0.000000
vt -0.064788 -0.142459 0.000000
vt 0.073875 -0.038587 0.000000
vt 0.000000 0.000000 0.000000
vt 0.037642 0.172245 0.000000
vt -0.037769 0.151873 0.000000
vt 0.000000 0.000000 0.000000
vt -0.087578 0.129700 0.000000
vt -0.071512 -0.042808 0.000000
vt 0.000000 0.000000 0.000000
vt 0.140173 0.049369 0.000000
vt 0.074323 0.092558 0.000000
vt 0.000000 0.000000 0.000000
vt -0.159359 -0.010078 0.000000
vt -0.074114 -0.092725 0.000000
vt 0.000000 0.000000 0.000000
vt -0.059957 -0.075015 0.000000
vt 0.099401 -0.064937 0.000000
vt 0.000000 0.000000 0.000000
vt 0.083783 0.104338 0.000000
vt -0.056390 0.054969 0.000000
vt 0.000000 0.000000 0.000000
vt 0.147913 0.069380 0.000000
vt 0.075337 0.110591 0.000000
vt 0.000000 0.000000 0.000000
vt 0.082994 0.121832 0.000000
vt -0.064918 0.052452 0.000000
vt 0.000000 0.000000 0.000000
vt 0.138663 0.103872 0.000000
vt 0.061026 0.134190 0.000000
vt 0.000000 0.000000 0.000000
vt 0.142882 0.054647 0.000000
vt 0.017722 0.074413 0.000000
vt 0.000000 0.000000 0.000000
vt 0.007403 0.095746 0.000000
vt -0.125205 0.019480 0.000000
vt 0.000000 0.000000 0.000000
vt 0.022248 0.093418 0.000000
vt -0.120635 0.038772 0.000000
vt 0.000000 0.000000 0.000000
vt 0.132608 0.076266 0.000000
vt 0.005897 0.076266 0.000000
vt 0.000000 0.000000 0.000000
vt -0.007403 0.095746 0.000000
vt -0.126711 0.000001 0.000000
vt 0.000000 0.000000 0.000000
vt 0.149873 0.030658 0.000000
vt 0.029599 0.070535 0.000000
vt 0.000000 0.000000 0.000000
vt 0.037160 0.088550 0.000000
vt -0.112713 0.057893 0.000000
vt 0.000000 0.000000 0.000000
vt 0.152921 0.004089 0.000000
vt 0.041431 0.064302 0.000000
vt 0.000000 0.000000 0.000000
vt 0.052012 0.080727 0.000000
vt -0.100909 0.076638 0.000000
vt 0.000000 0.000000 0.000000
vt 0.064787 0.142459 0.000000
vt -0.073875 0.038587 0.000000
vt 0.000000 0.000000 0.000000
vt 0.103138 0.142995 0.000000
vt 0.025853 0.154349 0.000000
vt 0.000000 0.000000 0.000000
vt 0.017313 0.158698 0.000000
vt -0.077468 0.010031 0.000000
vt 0.000000 0.000000 0.000000
vt -0.155293 0.159639 0.000000
vt -0.155293 0.000000 0.000000
vt 0.000000 0.000000 0.000000
vt -0.155293 0.000000 0.000000
vt -0.000000 -0.159639 0.000000
vt 0.000000 0.000000 0.000000
vt -0.068182 -0.162593 0.000000
vt 0.009671 -0.156200 0.000000
vt 0.000000 0.000000 0.000000
vt 0.017313 -0.158698 0.000000
vt 0.077809 0.006909 0.000000
vt 0.000000 0.000000 0.000000
vt -0.074817 -0.156266 0.000000
vt 0.008034 -0.147196 0.000000
vt 0.000000 0.000000 0.000000
vt 0.025944 -0.154334 0.000000
vt 0.082823 0.009316 0.000000
vt 0.000000 0.000000 0.000000
vt 0.010947 0.148210 0.000000
vt -0.055013 0.105189 0.000000
vt 0.000000 0.000000 0.000000
vt -0.055257 -0.149811 0.000000
vt 0.054813 -0.105293 0.000000
vt 0.000000 0.000000 0.000000
vt 0.027209 -0.092096 0.000000
vt 0.110134 0.044359 0.000000
vt 0.000000 0.000000 0.000000
vt -0.083783 0.104338 0.000000
vt -0.065850 -0.043189 0.000000
vt 0.000000 0.000000 0.000000
vt -0.010419 0.163043 0.000000
vt -0.075337 0.110591 0.000000
vt 0.000000 0.000000 0.000000
vt -0.104829 0.103643 0.000000
vt -0.063320 -0.054371 0.000000
vt 0.000000 0.000000 0.000000
vt -0.016066 0.172508 0.000000
vt -0.082495 0.122171 0.000000
vt 0.000000 0.000000 0.000000
vt 0.119308 0.095745 0.000000
vt -0.005897 0.076266 0.000000
vt 0.000000 0.000000 0.000000
vt -0.022248 0.093419 0.000000
vt -0.125161 -0.019765 0.000000
vt 0.000000 0.000000 0.000000
vt -0.035996 -0.142952 0.000000
vt 0.079004 -0.026905 0.000000
vt 0.000000 0.000000 0.000000
vt -0.012012 -0.146925 0.000000
vt 0.082352 -0.013556 0.000000
vt 0.000000 0.000000 0.000000
vt -0.114999 -0.116047 0.000000
vt -0.032674 -0.129763 0.000000
vt 0.000000 0.000000 0.000000
vt -0.133062 -0.094797 0.000000
vt -0.054269 -0.122315 0.000000
vt 0.000000 0.000000 0.000000
vt -0.059785 -0.134748 0.000000
vt 0.073277 -0.039951 0.000000
vt 0.000000 0.000000 0.000000
vt -0.147913 -0.069380 0.000000
vt -0.075337 -0.110591 0.000000
vt 0.000000 0.000000 0.000000
vt -0.082995 -0.121832 0.000000
vt 0.064918 -0.052452 0.000000
vt 0.000000 0.000000 0.000000
vt -0.094364 -0.133369 0.000000
vt -0.010904 -0.133369 0.000000
vt 0.000000 0.000000 0.000000
vt 0.012012 -0.146925 0.000000
vt 0.083460 0.000000 0.000000
vt 0.000000 0.000000 0.000000
vt -0.113939 -0.134549 0.000000
vt -0.037769 -0.151873 0.000000
vt 0.000000 0.000000 0.000000
vt -0.038527 -0.154920 0.000000
vt 0.075412 -0.020372 0.000000
vt 0.000000 0.000000 0.000000
vt -0.155293 0.000000 0.000000
vt 0.000000 -0.159639 0.000000
vt 0.000000 0.000000 0.000000
vt -0.056946 0.149137 0.000000
vt -0.073521 -0.026392 0.000000
vt 0.000000 0.000000 0.000000
vt 0.155293 -0.159639 0.000000
vt 0.155293 0.000000 0.000000
vt 0.000000 0.000000 0.000000
vt -0.087579 -0.129700 0.000000
vt 0.066428 -0.050337 0.000000
vt 0.000000 0.000000 0.000000
vt -0.154007 -0.079363 0.000000
vt -0.082495 -0.122171 0.000000
vt 0.000000 0.000000 0.000000
vt -0.158477 -0.039709 0.000000
vt -0.095158 -0.094080 0.000000
vt 0.000000 0.000000 0.000000
vt -0.104829 -0.103643 0.000000
vt 0.053647 -0.063934 0.000000
vt 0.000000 0.000000 0.000000
vt -0.112640 0.108647 0.000000
vt -0.061044 -0.056746 0.000000
vt 0.000000 0.000000 0.000000
vt 0.016576 0.175529 0.000000
vt -0.055825 0.146204 0.000000
vt 0.000000 0.000000 0.000000
vt 0.147111 0.021081 0.000000
vt 0.090950 0.076284 0.000000
vt 0.000000 0.000000 0.000000
vt -0.158264 0.021193 0.000000
vt -0.090775 -0.076492 0.000000
vt 0.000000 0.000000 0.000000
vt -0.073436 -0.061881 0.000000
vt 0.084828 -0.083074 0.000000
vt 0.000000 0.000000 0.000000
vt 0.150920 -0.024999 0.000000
vt 0.052878 0.055274 0.000000
vt 0.000000 0.000000 0.000000
vt 0.066383 0.069392 0.000000
vt -0.084537 0.094391 0.000000
vt 0.000000 0.000000 0.000000
vt 0.102525 0.085993 0.000000
vt -0.044586 0.064912 0.000000
vt 0.000000 0.000000 0.000000
vt 0.158477 0.039709 0.000000
vt 0.095158 0.094081 0.000000
vt 0.000000 0.000000 0.000000
vt 0.104830 0.103644 0.000000
vt -0.053648 0.063934 0.000000
vt 0.000000 0.000000 0.000000
vt 0.154007 0.079365 0.000000
vt 0.082494 0.122172 0.000000
vt 0.000000 0.000000 0.000000
vt -0.078645 -0.049821 0.000000
vt -0.022205 -0.073200 0.000000
vt 0.000000 0.000000 0.000000
vt -0.067414 -0.064208 0.000000
vt -0.007498 -0.076126 0.000000
vt 0.000000 0.000000 0.000000
vt -0.018729 -0.061739 0.000000
vt 0.059916 -0.011918 0.000000
vt 0.000000 0.000000 0.000000
vt -0.030414 -0.056900 0.000000
vt 0.056440 -0.023379 0.000000
vt 0.000000 0.000000 0.000000
vt -0.086854 -0.033521 0.000000
vt -0.036059 -0.067461 0.000000
vt 0.000000 0.000000 0.000000
vt -0.053592 -0.076125 0.000000
vt 0.007498 -0.076125 0.000000
vt 0.000000 0.000000 0.000000
vt -0.006324 -0.064208 0.000000
vt 0.061090 0.000000 0.000000
vt 0.000000 0.000000 0.000000
vt -0.040930 -0.049874 0.000000
vt 0.050795 -0.033941 0.000000
vt 0.000000 0.000000 0.000000
vt -0.091725 -0.015933 0.000000
vt -0.048527 -0.059130 0.000000
vt 0.000000 0.000000 0.000000
vt -0.049873 -0.040929 0.000000
vt 0.043197 -0.043197 0.000000
vt 0.000000 0.000000 0.000000
vt -0.093071 0.002268 0.000000
vt -0.059131 -0.048527 0.000000
vt 0.000000 0.000000 0.000000
vt 0.087578 0.129700 0.000000
vt -0.066429 0.050336 0.000000
vt 0.000000 0.000000 0.000000
vt 0.113938 0.134549 0.000000
vt 0.037769 0.151873 0.000000
vt 0.000000 0.000000 0.000000
vt 0.026371 0.157445 0.000000
vt -0.076766 0.014450 0.000000
vt 0.000000 0.000000 0.000000
vt -0.155293 0.159639 0.000000
vt -0.155293 0.000000 0.000000
vt 0.000000 0.000000 0.000000
vt -0.155293 0.000000 0.000000
vt -0.000000 -0.159639 0.000000
vt 0.000000 0.000000 0.000000
vt -0.060496 -0.165607 0.000000
vt 0.016972 -0.155576 0.000000
vt 0.000000 0.000000 0.000000
vt 0.026372 -0.157445 0.000000
vt 0.077285 0.011354 0.000000
vt 0.000000 0.000000 0.000000
vt -0.056880 -0.163650 0.000000
vt 0.024437 -0.145375 0.000000
vt 0.000000 0.000000 0.000000
vt 0.044446 -0.150055 0.000000
vt 0.081085 0.019280 0.000000
vt 0.000000 0.000000 0.000000
vt -0.071448 -0.146925 0.000000
vt 0.010904 -0.133368 0.000000
vt 0.000000 0.000000 0.000000
vt 0.035995 -0.142953 0.000000
vt 0.082325 0.013717 0.000000
vt 0.000000 0.000000 0.000000
vt -0.017933 0.147527 0.000000
vt -0.074323 0.092558 0.000000
vt 0.000000 0.000000 0.000000
vt -0.025287 -0.157662 0.000000
vt 0.074114 -0.092726 0.000000
vt 0.000000 0.000000 0.000000
vt 0.044344 -0.085181 0.000000
vt 0.099600 0.064630 0.000000
vt 0.000000 0.000000 0.000000
vt 0.102913 0.113184 0.000000
vt -0.017722 0.074412 0.000000
vt 0.000000 0.000000 0.000000
vt -0.037160 0.088551 0.000000
vt -0.120273 -0.039878 0.000000
vt 0.000000 0.000000 0.000000
vt -0.102525 0.085992 0.000000
vt -0.056161 -0.055203 0.000000
vt 0.000000 0.000000 0.000000
vt -0.041510 0.158014 0.000000
vt -0.095157 0.094080 0.000000
vt 0.000000 0.000000 0.000000
vt -0.123942 0.079811 0.000000
vt -0.050753 -0.066255 0.000000
vt 0.000000 0.000000 0.000000
vt -0.051595 0.165393 0.000000
vt -0.106102 0.102341 0.000000
vt 0.000000 0.000000 0.000000
vt -0.037711 -0.085117 0.000000
vt 0.022205 -0.073199 0.000000
vt 0.000000 0.000000 0.000000
vt 0.006324 -0.064207 0.000000
vt 0.059916 0.011918 0.000000
vt 0.000000 0.000000 0.000000
vt -0.062014 -0.118577 0.000000
vt 0.065960 -0.043021 0.000000
vt 0.000000 0.000000 0.000000
vt -0.038076 -0.128282 0.000000
vt 0.072996 -0.029546 0.000000
vt 0.000000 0.000000 0.000000
vt -0.127974 -0.075555 0.000000
vt -0.055013 -0.105189 0.000000
vt 0.000000 0.000000 0.000000
vt -0.111072 -0.098736 0.000000
vt -0.033776 -0.113799 0.000000
vt 0.000000 0.000000 0.000000
vt -0.012836 -0.133197 0.000000
vt 0.077300 -0.015038 0.000000
vt 0.000000 0.000000 0.000000
vt -0.140173 -0.049369 0.000000
vt -0.074323 -0.092558 0.000000
vt 0.000000 0.000000 0.000000
vt -0.083783 -0.104338 0.000000
vt 0.056391 -0.054969 0.000000
vt 0.000000 0.000000 0.000000
vt -0.147110 -0.021081 0.000000
vt -0.090949 -0.076285 0.000000
vt 0.000000 0.000000 0.000000
vt -0.102525 -0.085993 0.000000
vt 0.044586 -0.064911 0.000000
vt 0.000000 0.000000 0.000000
vt -0.090137 -0.118159 0.000000
vt -0.011387 -0.118159 0.000000
vt 0.000000 0.000000 0.000000
vt 0.012836 -0.133196 0.000000
vt 0.078750 0.000000 0.000000
vt 0.000000 0.000000 0.000000
vt -0.167146 -0.045595 0.000000
vt -0.106101 -0.102341 0.000000
vt 0.000000 0.000000 0.000000
vt -0.112639 -0.108647 0.000000
vt 0.054506 -0.063052 0.000000
vt 0.000000 0.000000 0.000000
vt -0.129346 -0.119811 0.000000
vt -0.055825 -0.146203 0.000000
vt 0.000000 0.000000 0.000000
vt -0.056944 -0.149137 0.000000
vt 0.072401 -0.029325 0.000000
vt 0.000000 0.000000 0.000000
vt 0.155293 0.000000 0.000000
vt 0.000000 0.159639 0.000000
vt 0.000000 0.000000 0.000000
vt 0.155293 -0.159638 0.000000
vt 0.155293 0.000000 0.000000
vt 0.000000 0.000000 0.000000
vt -0.009864 -0.159333 0.000000
vt 0.077852 -0.006393 0.000000
vt 0.000000 0.000000 0.000000
vt -0.163259 -0.006192 0.000000
vt -0.112506 -0.072447 0.000000
vt 0.000000 0.000000 0.000000
vt -0.123941 -0.079811 0.000000
vt 0.039317 -0.073619 0.000000
vt 0.000000 0.000000 0.000000
vt -0.148383 0.008260 0.000000
vt -0.104175 -0.056909 0.000000
vt 0.000000 0.000000 0.000000
vt -0.117433 -0.064153 0.000000
vt 0.030950 -0.072413 0.000000
vt 0.000000 0.000000 0.000000
vt -0.087716 -0.152941 0.000000
vt -0.009670 -0.156200 0.000000
vt 0.000000 0.000000 0.000000
vt -0.137277 0.075146 0.000000
vt -0.043945 -0.070819 0.000000
vt 0.000000 0.000000 0.000000
vt 0.148383 -0.008261 0.000000
vt 0.104175 0.056909 0.000000
vt 0.000000 0.000000 0.000000
vt -0.150988 0.051953 0.000000
vt -0.104063 -0.057112 0.000000
vt 0.000000 0.000000 0.000000
vt -0.084186 -0.046203 0.000000
vt 0.066802 -0.098156 0.000000
vt 0.000000 0.000000 0.000000
vt 0.142404 -0.055884 0.000000
vt 0.063230 0.043049 0.000000
vt 0.000000 0.000000 0.000000
vt 0.079380 0.054044 0.000000
vt -0.063023 0.109928 0.000000
vt 0.000000 0.000000 0.000000
vt -0.056899 -0.030414 0.000000
vt 0.033940 -0.050795 0.000000
vt 0.000000 0.000000 0.000000
vt -0.090839 0.020381 0.000000
vt -0.067461 -0.036059 0.000000
vt 0.000000 0.000000 0.000000
vt 0.117433 0.064152 0.000000
vt -0.030950 0.072412 0.000000
vt 0.000000 0.000000 0.000000
vt 0.163258 0.006191 0.000000
vt 0.112505 0.072446 0.000000
vt 0.000000 0.000000 0.000000
vt 0.123941 0.079810 0.000000
vt -0.039317 0.073619 0.000000
vt 0.000000 0.000000 0.000000
vt 0.167146 0.045595 0.000000
vt 0.106101 0.102340 0.000000
vt 0.000000 0.000000 0.000000
vt -0.081208 -0.022960 0.000000
vt -0.030414 -0.056900 0.000000
vt 0.000000 0.000000 0.000000
vt -0.075169 -0.038361 0.000000
vt -0.018729 -0.061739 0.000000
vt 0.000000 0.000000 0.000000
vt -0.024768 -0.046338 0.000000
vt 0.056440 -0.023378 0.000000
vt 0.000000 0.000000 0.000000
vt -0.066240 -0.052289 0.000000
vt -0.006324 -0.064208 0.000000
vt 0.000000 0.000000 0.000000
vt -0.015253 -0.050280 0.000000
vt 0.059916 -0.011919 0.000000
vt 0.000000 0.000000 0.000000
vt -0.084127 -0.006676 0.000000
vt -0.040930 -0.049874 0.000000
vt 0.000000 0.000000 0.000000
vt -0.033333 -0.040616 0.000000
vt 0.050794 -0.033940 0.000000
vt 0.000000 0.000000 0.000000
vt -0.054767 -0.064207 0.000000
vt 0.006324 -0.064207 0.000000
vt 0.000000 0.000000 0.000000
vt -0.005150 -0.052289 0.000000
vt 0.061090 0.000000 0.000000
vt 0.000000 0.000000 0.000000
vt -0.083813 0.009865 0.000000
vt -0.049873 -0.040929 0.000000
vt 0.000000 0.000000 0.000000
vt -0.040616 -0.033333 0.000000
vt 0.043197 -0.043198 0.000000
vt 0.000000 0.000000 0.000000
vt -0.080277 0.026026 0.000000
vt -0.056899 -0.030414 0.000000
vt 0.000000 0.000000 0.000000
vt -0.046337 -0.024768 0.000000
vt 0.033940 -0.050794 0.000000
vt 0.000000 0.000000 0.000000
vt 0.112640 0.108647 0.000000
vt -0.054506 0.063052 0.000000
vt 0.000000 0.000000 0.000000
vt 0.129346 0.119812 0.000000
vt 0.055825 0.146204 0.000000
vt 0.000000 0.000000 0.000000
vt 0.038527 0.154920 0.000000
vt -0.075411 0.020371 0.000000
vt 0.000000 0.000000 0.000000
vt -0.155293 0.159639 0.000000
vt -0.155293 0.000000 0.000000
vt 0.000000 0.000000 0.000000
vt -0.155293 0.000000 0.000000
vt -0.000000 -0.159639 0.000000
vt 0.000000 0.000000 0.000000
vt -0.050914 -0.168799 0.000000
vt 0.025853 -0.154349 0.000000
vt 0.000000 0.000000 0.000000
vt 0.038527 -0.154920 0.000000
vt 0.076169 0.017325 0.000000
vt 0.000000 0.000000 0.000000
vt -0.036639 -0.169335 0.000000
vt 0.041866 -0.141345 0.000000
vt 0.000000 0.000000 0.000000
vt 0.064788 -0.142459 0.000000
vt 0.077636 0.030317 0.000000
vt 0.000000 0.000000 0.000000
vt -0.046330 -0.156669 0.000000
vt 0.032675 -0.129763 0.000000
vt 0.000000 0.000000 0.000000
vt 0.059785 -0.134747 0.000000
vt 0.078793 0.027520 0.000000
vt 0.000000 0.000000 0.000000
vt -0.065914 -0.133196 0.000000
vt 0.011387 -0.118158 0.000000
vt 0.000000 0.000000 0.000000
vt 0.038076 -0.128282 0.000000
vt 0.077296 0.015062 0.000000
vt 0.000000 0.000000 0.000000
vt -0.046364 0.141196 0.000000
vt -0.090950 0.076284 0.000000
vt 0.000000 0.000000 0.000000
vt 0.005948 -0.159566 0.000000
vt 0.090775 -0.076491 0.000000
vt 0.000000 0.000000 0.000000
vt 0.059957 -0.075014 0.000000
vt 0.085244 0.082648 0.000000
vt 0.000000 0.000000 0.000000
vt 0.083113 0.128428 0.000000
vt -0.029600 0.070536 0.000000
vt 0.000000 0.000000 0.000000
vt -0.052012 0.080726 0.000000
vt -0.111490 -0.060213 0.000000
vt 0.000000 0.000000 0.000000
vt -0.020381 -0.090840 0.000000
vt 0.036059 -0.067462 0.000000
vt 0.000000 0.000000 0.000000
vt 0.018729 -0.061739 0.000000
vt 0.056440 0.023378 0.000000
vt 0.000000 0.000000 0.000000
vt -0.117434 0.064153 0.000000
vt -0.044209 -0.065169 0.000000
vt 0.000000 0.000000 0.000000
vt -0.073188 0.146066 0.000000
vt -0.112506 0.072447 0.000000
vt 0.000000 0.000000 0.000000
vt -0.138459 0.050599 0.000000
vt -0.034940 -0.075795 0.000000
vt 0.000000 0.000000 0.000000
vt -0.093333 0.145965 0.000000
vt -0.129309 0.070783 0.000000
vt 0.000000 0.000000 0.000000
vt -0.041188 -0.073658 0.000000
vt 0.018729 -0.061739 0.000000
vt 0.000000 0.000000 0.000000
vt 0.005150 -0.052289 0.000000
vt 0.059916 0.011919 0.000000
vt 0.000000 0.000000 0.000000
vt 0.159358 0.010078 0.000000
vt 0.074114 0.092726 0.000000
vt 0.000000 0.000000 0.000000
vt 0.154414 0.040663 0.000000
vt 0.054813 0.105293 0.000000
vt 0.000000 0.000000 0.000000
vt 0.059957 0.075014 0.000000
vt -0.099401 0.064936 0.000000
vt 0.000000 0.000000 0.000000
vt 0.143767 0.069482 0.000000
vt 0.033632 0.113841 0.000000
vt 0.000000 0.000000 0.000000
vt 0.044343 0.085181 0.000000
vt -0.110070 0.044518 0.000000
vt 0.000000 0.000000 0.000000
vt 0.127901 0.095593 0.000000
vt 0.011335 0.118164 0.000000
vt 0.000000 0.000000 0.000000
vt 0.027209 0.092096 0.000000
vt -0.116558 0.022614 0.000000
vt 0.000000 0.000000 0.000000
vt 0.073436 0.061881 0.000000
vt -0.084828 0.083075 0.000000
vt 0.000000 0.000000 0.000000
vt 0.158264 -0.021194 0.000000
vt 0.090775 0.076492 0.000000
vt 0.000000 0.000000 0.000000
vt 0.084187 0.046203 0.000000
vt -0.066802 0.098156 0.000000
vt 0.000000 0.000000 0.000000
vt 0.150989 -0.051954 0.000000
vt 0.104064 0.057112 0.000000
vt 0.000000 0.000000 0.000000
vt 0.107397 0.118163 0.000000
vt -0.011335 0.118163 0.000000
vt 0.000000 0.000000 0.000000
vt 0.009169 0.095593 0.000000
vt -0.118732 0.000000 0.000000
vt 0.000000 0.000000 0.000000
vt -0.173254 0.000035 0.000000
vt -0.129309 -0.070784 0.000000
vt 0.000000 0.000000 0.000000
vt -0.160623 0.029864 0.000000
vt -0.125684 -0.045930 0.000000
vt 0.000000 0.000000 0.000000
vt -0.138459 -0.050599 0.000000
vt 0.022164 -0.080463 0.000000
vt 0.000000 0.000000 0.000000
vt 0.068182 0.162593 0.000000
vt -0.009670 0.156200 0.000000
vt 0.000000 0.000000 0.000000
vt -0.137278 -0.075146 0.000000
vt 0.035976 -0.075181 0.000000
vt 0.000000 0.000000 0.000000
vt -0.009865 0.159334 0.000000
vt -0.078047 -0.003259 0.000000
vt 0.000000 0.000000 0.000000
vt 0.155293 0.000000 0.000000
vt 0.000000 0.159639 0.000000
vt 0.000000 0.000000 0.000000
vt -0.003208 -0.159607 0.000000
vt 0.078051 -0.003139 0.000000
vt 0.000000 0.000000 0.000000
vt 0.155293 -0.159638 0.000000
vt 0.155293 0.000000 0.000000
vt 0.000000 0.000000 0.000000
vt -0.143808 0.037482 0.000000
vt -0.113381 -0.035152 0.000000
vt 0.000000 0.000000 0.000000
vt -0.127812 -0.039625 0.000000
vt 0.015997 -0.077108 0.000000
vt 0.000000 0.000000 0.000000
vt 0.137658 -0.080914 0.000000
vt 0.113335 0.035300 0.000000
vt 0.000000 0.000000 0.000000
vt 0.091687 0.028558 0.000000
vt -0.045971 0.109471 0.000000
vt 0.000000 0.000000 0.000000
vt -0.154084 0.027386 0.000000
vt -0.019035 -0.081143 0.000000
vt 0.000000 0.000000 0.000000
vt -0.081259 -0.156467 0.000000
vt -0.003145 -0.156467 0.000000
vt 0.000000 0.000000 0.000000
vt 0.143809 -0.037482 0.000000
vt 0.113381 0.035152 0.000000
vt 0.000000 0.000000 0.000000
vt -0.137658 0.080913 0.000000
vt -0.113335 -0.035300 0.000000
vt 0.000000 0.000000 0.000000
vt -0.091687 -0.028557 0.000000
vt 0.045971 -0.109470 0.000000
vt 0.000000 0.000000 0.000000
vt 0.125998 -0.086754 0.000000
vt 0.071353 0.027570 0.000000
vt 0.000000 0.000000 0.000000
vt 0.089578 0.034611 0.000000
vt -0.036420 0.121366 0.000000
vt 0.000000 0.000000 0.000000
vt -0.061740 -0.018729 0.000000
vt 0.023378 -0.056440 0.000000
vt 0.000000 0.000000 0.000000
vt -0.085118 0.037711 0.000000
vt -0.073200 -0.022205 0.000000
vt 0.000000 0.000000 0.000000
vt -0.073658 0.041188 0.000000
vt -0.061740 -0.018729 0.000000
vt 0.000000 0.000000 0.000000
vt -0.050280 -0.015252 0.000000
vt 0.023378 -0.056440 0.000000
vt 0.000000 0.000000 0.000000
vt 0.127812 0.039626 0.000000
vt -0.015997 0.077108 0.000000
vt 0.000000 0.000000 0.000000
vt 0.160623 -0.029863 0.000000
vt 0.125684 0.045931 0.000000
vt 0.000000 0.000000 0.000000
vt 0.138459 0.050600 0.000000
vt -0.022165 0.080463 0.000000
vt 0.000000 0.000000 0.000000
vt 0.173254 -0.000035 0.000000
vt 0.129309 0.070784 0.000000
vt 0.000000 0.000000 0.000000
vt 0.054857 0.052543 0.000000
vt 0.000000 0.052543 0.000000
vt 0.000000 0.000000 0.000000
vt 0.000000 0.052542 0.000000
vt -0.054857 0.000000 0.000000
vt 0.000000 0.000000 0.000000
vt 0.000000 0.052543 0.000000
vt -0.054857 0.000000 0.000000
vt 0.000000 0.000000 0.000000
vt 0.054857 0.052542 0.000000
vt 0.000000 0.052542 0.000000
vt 0.000000 0.000000 0.000000
vt 0.000000 0.052542 0.000000
vt -0.054857 0.000000 0.000000
vt 0.000000 0.000000 0.000000
vt 0.054857 0.052542 0.000000
vt 0.000000 0.052542 0.000000
vt 0.000000 0.000000 0.000000
vt 0.000000 0.052542 0.000000
vt -0.054857 0.000000 0.000000
vt 0.000000 0.000000 0.000000
vt 0.054857 0.052543 0.000000
vt 0.000000 0.052543 0.000000
vt 0.000000 0.000000 0.000000
vt 0.000000 0.052543 0.000000
vt -0.054857 0.000000 0.000000
vt 0.000000 0.000000 0.000000
vt 0.000000 0.052542 0.000000
vt -0.054857 0.000000 0.000000
vt 0.000000 0.000000 0.000000
vt 0.054857 0.052542 0.000000
vt 0.000000 0.052542 0.000000
vt 0.000000 0.000000 0.000000
vt 0.054857 0.052542 0.000000
vt 0.000000 0.052542 0.000000
vt 0.000000 0.000000 0.000000
vt -0.000000 0.052541 0.000000
vt -0.054857 -0.000001 0.000000
vt 0.000000 0.000000 0.000000
vt 0.054857 0.052543 0.000000
vt -0.000000 0.052542 0.000000
vt 0.000000 0.000000 0.000000
vt 0.000000 0.052543 0.000000
vt -0.054857 0.000000 0.000000
vt 0.000000 0.000000 0.000000
vt 0.137277 0.075146 0.000000
vt -0.035977 0.075181 0.000000
vt 0.000000 0.000000 0.000000
vt 0.068182 0.162593 0.000000
vt -0.009671 0.156200 0.000000
vt 0.000000 0.000000 0.000000
vt 0.056946 0.149137 0.000000
vt -0.072401 0.029326 0.000000
vt 0.000000 0.000000 0.000000
vt -0.155292 0.159639 0.000000
vt -0.155293 -0.000000 0.000000
vt 0.000000 0.000000 0.000000
vt -0.155293 0.000000 0.000000
vt -0.000000 -0.159639 0.000000
vt 0.000000 0.000000 0.000000
vt -0.037642 -0.172245 0.000000
vt 0.037770 -0.151873 0.000000
vt 0.000000 0.000000 0.000000
vt 0.056946 -0.149136 0.000000
vt 0.073521 0.026393 0.000000
vt 0.000000 0.000000 0.000000
vt -0.012848 -0.172777 0.000000
vt 0.061027 -0.134189 0.000000
vt 0.000000 0.000000 0.000000
vt 0.087578 -0.129700 0.000000
vt 0.071513 0.042808 0.000000
vt 0.000000 0.000000 0.000000
vt -0.019008 -0.162267 0.000000
vt 0.054269 -0.122315 0.000000
vt 0.000000 0.000000 0.000000
vt 0.082995 -0.121831 0.000000
vt 0.072576 0.041212 0.000000
vt 0.000000 0.000000 0.000000
vt -0.039220 -0.143344 0.000000
vt 0.033776 -0.113799 0.000000
vt 0.000000 0.000000 0.000000
vt 0.062014 -0.118576 0.000000
vt 0.072960 0.029633 0.000000
vt 0.000000 0.000000 0.000000
vt 0.082926 0.136455 0.000000
vt -0.033632 0.113841 0.000000
vt 0.000000 0.000000 0.000000
vt -0.009169 0.095593 0.000000
vt -0.116567 -0.022570 0.000000
vt 0.000000 0.000000 0.000000
vt -0.073225 0.129322 0.000000
vt -0.104175 0.056910 0.000000
vt 0.000000 0.000000 0.000000
vt 0.037261 -0.155268 0.000000
vt 0.104063 -0.057113 0.000000
vt 0.000000 0.000000 0.000000
vt 0.073436 -0.061881 0.000000
vt 0.067489 0.097685 0.000000
vt 0.000000 0.000000 0.000000
vt 0.059479 0.140939 0.000000
vt -0.041430 0.064302 0.000000
vt 0.000000 0.000000 0.000000
vt -0.066384 0.069393 0.000000
vt -0.098042 -0.080272 0.000000
vt 0.000000 0.000000 0.000000
vt -0.002268 -0.093070 0.000000
vt 0.048526 -0.059130 0.000000
vt 0.000000 0.000000 0.000000
vt 0.030414 -0.056900 0.000000
vt 0.050795 0.033940 0.000000
vt 0.000000 0.000000 0.000000
vt -0.026026 -0.080278 0.000000
vt 0.030414 -0.056900 0.000000
vt 0.000000 0.000000 0.000000
vt 0.015253 -0.050280 0.000000
vt 0.056440 0.023378 0.000000
vt 0.000000 0.000000 0.000000
vt -0.127812 0.039625 0.000000
vt -0.030427 -0.072634 0.000000
vt 0.000000 0.000000 0.000000
vt -0.103519 0.126394 0.000000
vt -0.125683 0.045931 0.000000
vt 0.000000 0.000000 0.000000
vt -0.135049 0.108529 0.000000
vt -0.145140 0.025796 0.000000
vt 0.000000 0.000000 0.000000
vt -0.146388 0.017370 0.000000
vt -0.016554 -0.081802 0.000000
vt 0.000000 0.000000 0.000000
vt 0.054857 0.052542 0.000000
vt 0.000000 0.052542 0.000000
vt 0.000000 0.000000 0.000000
vt 0.000000 0.052543 0.000000
vt -0.054857 0.000000 0.000000
vt 0.000000 0.000000 0.000000
vt -0.150919 0.024998 0.000000
vt -0.052878 -0.055274 0.000000
vt 0.000000 0.000000 0.000000
vt -0.066383 -0.069392 0.000000
vt 0.084536 -0.094390 0.000000
vt 0.000000 0.000000 0.000000
vt -0.052012 -0.080726 0.000000
vt 0.100908 -0.076637 0.000000
vt 0.000000 0.000000 0.000000
vt -0.152920 -0.004089 0.000000
vt -0.041430 -0.064302 0.000000
vt 0.000000 0.000000 0.000000
vt -0.037160 -0.088551 0.000000
vt 0.112712 -0.057893 0.000000
vt 0.000000 0.000000 0.000000
vt -0.149872 -0.030658 0.000000
vt -0.029599 -0.070535 0.000000
vt 0.000000 0.000000 0.000000
vt -0.022248 -0.093418 0.000000
vt 0.120634 -0.038771 0.000000
vt 0.000000 0.000000 0.000000
vt -0.142882 -0.054647 0.000000
vt -0.017722 -0.074413 0.000000
vt 0.000000 0.000000 0.000000
vt -0.007403 -0.095746 0.000000
vt 0.125205 -0.019479 0.000000
vt 0.000000 0.000000 0.000000
vt -0.142404 0.055883 0.000000
vt -0.063231 -0.043049 0.000000
vt 0.000000 0.000000 0.000000
vt -0.079381 -0.054044 0.000000
vt 0.063023 -0.109927 0.000000
vt 0.000000 0.000000 0.000000
vt -0.125998 0.086753 0.000000
vt -0.071352 -0.027570 0.000000
vt 0.000000 0.000000 0.000000
vt -0.089577 -0.034611 0.000000
vt 0.036420 -0.121364 0.000000
vt 0.000000 0.000000 0.000000
vt -0.132608 -0.076267 0.000000
vt -0.005897 -0.076266 0.000000
vt 0.000000 0.000000 0.000000
vt 0.007403 -0.095745 0.000000
vt 0.126711 0.000001 0.000000
vt 0.000000 0.000000 0.000000
vt -0.164175 0.055347 0.000000
vt -0.145140 -0.025796 0.000000
vt 0.000000 0.000000 0.000000
vt -0.149436 0.066035 0.000000
vt -0.132882 -0.015767 0.000000
vt 0.000000 0.000000 0.000000
vt -0.146388 -0.017369 0.000000
vt 0.003048 -0.083404 0.000000
vt 0.000000 0.000000 0.000000
vt -0.133476 0.065346 0.000000
vt -0.118109 -0.011889 0.000000
vt 0.000000 0.000000 0.000000
vt -0.133141 -0.013402 0.000000
vt 0.000335 -0.078748 0.000000
vt 0.000000 0.000000 0.000000
vt -0.154084 -0.027385 0.000000
vt 0.010091 -0.082733 0.000000
vt 0.000000 0.000000 0.000000
vt 0.074906 0.159606 0.000000
vt -0.003145 0.156467 0.000000
vt 0.000000 0.000000 0.000000
vt -0.003208 0.159606 0.000000
vt -0.078115 0.000000 0.000000
vt 0.000000 0.000000 0.000000
vt 0.155293 0.000000 0.000000
vt 0.000000 0.159638 0.000000
vt 0.000000 0.000000 0.000000
vt 0.003209 -0.159607 0.000000
vt 0.078114 0.000000 0.000000
vt 0.000000 0.000000 0.000000
vt 0.155293 -0.159639 0.000000
vt 0.155293 0.000000 0.000000
vt 0.000000 0.000000 0.000000
vt 0.095544 0.009663 0.000000
vt -0.023172 0.116449 0.000000
vt 0.000000 0.000000 0.000000
vt 0.118716 -0.106786 0.000000
vt 0.118104 0.011944 0.000000
vt 0.000000 0.000000 0.000000
vt -0.101316 0.114615 0.000000
vt -0.075899 -0.009521 0.000000
vt 0.000000 0.000000 0.000000
vt -0.095285 -0.011954 0.000000
vt 0.006033 -0.126568 0.000000
vt 0.000000 0.000000 0.000000
vt -0.154085 -0.027386 0.000000
vt 0.010091 -0.082733 0.000000
vt 0.000000 0.000000 0.000000
vt -0.074905 -0.159607 0.000000
vt 0.003145 -0.156468 0.000000
vt 0.000000 0.000000 0.000000
vt 0.133475 -0.065347 0.000000
vt 0.118109 0.011889 0.000000
vt 0.000000 0.000000 0.000000
vt -0.118715 0.106786 0.000000
vt -0.118103 -0.011943 0.000000
vt 0.000000 0.000000 0.000000
vt -0.095544 -0.009662 0.000000
vt 0.023171 -0.116448 0.000000
vt 0.000000 0.000000 0.000000
vt 0.101317 -0.114616 0.000000
vt 0.075899 0.009521 0.000000
vt 0.000000 0.000000 0.000000
vt 0.095284 0.011954 0.000000
vt -0.006033 0.126569 0.000000
vt 0.000000 0.000000 0.000000
vt -0.064207 -0.006324 0.000000
vt 0.011918 -0.059916 0.000000
vt 0.000000 0.000000 0.000000
vt -0.076125 0.053593 0.000000
vt -0.076125 -0.007497 0.000000
vt 0.000000 0.000000 0.000000
vt -0.064207 0.054766 0.000000
vt -0.064207 -0.006324 0.000000
vt 0.000000 0.000000 0.000000
vt -0.052289 -0.005150 0.000000
vt 0.011918 -0.059916 0.000000
vt 0.000000 0.000000 0.000000
vt 0.054857 0.052542 0.000000
vt 0.000000 0.052542 0.000000
vt 0.000000 0.000000 0.000000
vt 0.000000 0.052542 0.000000
vt -0.054857 0.000000 0.000000
vt 0.000000 0.000000 0.000000
vt 0.133141 0.013402 0.000000
vt -0.000335 0.078749 0.000000
vt 0.000000 0.000000 0.000000
vt 0.149436 -0.066035 0.000000
vt 0.132881 0.015767 0.000000
vt 0.000000 0.000000 0.000000
vt 0.146388 0.017370 0.000000
vt -0.003048 0.083405 0.000000
vt 0.000000 0.000000 0.000000
vt 0.164176 -0.055346 0.000000
vt 0.145140 0.025797 0.000000
vt 0.000000 0.000000 0.000000
vt -0.033333 0.338429 0.000000
vt -0.033333 -0.040616 0.000000
vt 0.000000 0.000000 0.000000
vt -0.033333 0.040615 0.000000
vt 0.000000 -0.297814 0.000000
vt 0.000000 0.000000 0.000000
vt -0.024768 0.251476 0.000000
vt -0.024768 -0.046338 0.000000
vt 0.000000 0.000000 0.000000
vt -0.040615 0.412378 0.000000
vt -0.040616 -0.033333 0.000000
vt 0.000000 0.000000 0.000000
vt -0.040615 0.033332 0.000000
vt 0.000000 -0.379045 0.000000
vt 0.000000 0.000000 0.000000
vt -0.024768 0.046338 0.000000
vt 0.000000 -0.205138 0.000000
vt 0.000000 0.000000 0.000000
vt -0.015253 0.154858 0.000000
vt -0.015253 -0.050280 0.000000
vt 0.000000 0.000000 0.000000
vt -0.015253 0.050280 0.000000
vt 0.000000 -0.104578 0.000000
vt 0.000000 0.000000 0.000000
vt -0.005150 0.052289 0.000000
vt -0.005150 -0.052289 0.000000
vt 0.000000 0.000000 0.000000
vt 0.000000 0.445710 0.000000
vt -0.046338 -0.024768 0.000000
vt 0.000000 0.000000 0.000000
vt -0.050280 0.510498 0.000000
vt -0.050280 -0.015252 0.000000
vt 0.000000 0.000000 0.000000
vt -0.050280 0.015252 0.000000
vt 0.000000 -0.495247 0.000000
vt 0.000000 0.000000 0.000000
vt -0.046339 0.024768 0.000000
vt -0.046338 -0.470478 0.000000
vt 0.000000 0.000000 0.000000
vt -0.052289 0.530901 0.000000
vt -0.052289 -0.005150 0.000000
vt 0.000000 0.000000 0.000000
vt -0.052289 0.005151 0.000000
vt 0.000000 -0.525750 0.000000
vt 0.000000 0.000000 0.000000
vt 0.154084 0.027386 0.000000
vt -0.010091 0.082732 0.000000
vt 0.000000 0.000000 0.000000
vt 0.074906 0.159607 0.000000
vt -0.003145 0.156468 0.000000
vt 0.000000 0.000000 0.000000
vt -0.009865 0.159333 0.000000
vt -0.078047 -0.003259 0.000000
vt 0.000000 0.000000 0.000000
vt -0.155292 0.159639 0.000000
vt -0.155293 0.000000 0.000000
vt 0.000000 0.000000 0.000000
vt -0.155293 0.000000 0.000000
vt -0.000000 -0.159639 0.000000
vt 0.000000 0.000000 0.000000
vt -0.016577 -0.175529 0.000000
vt 0.055824 -0.146204 0.000000
vt 0.000000 0.000000 0.000000
vt -0.009864 -0.159334 0.000000
vt 0.077853 -0.006393 0.000000
vt 0.000000 0.000000 0.000000
vt 0.016065 -0.172507 0.000000
vt 0.082494 -0.122172 0.000000
vt 0.000000 0.000000 0.000000
vt 0.112639 -0.108648 0.000000
vt 0.061045 0.056745 0.000000
vt 0.000000 0.000000 0.000000
vt 0.010419 -0.163043 0.000000
vt 0.075337 -0.110591 0.000000
vt 0.000000 0.000000 0.000000
vt 0.104829 -0.103643 0.000000
vt 0.063319 0.054371 0.000000
vt 0.000000 0.000000 0.000000
vt -0.010946 -0.148210 0.000000
vt 0.055013 -0.105189 0.000000
vt 0.000000 0.000000 0.000000
vt 0.083783 -0.104338 0.000000
vt 0.065850 0.043189 0.000000
vt 0.000000 0.000000 0.000000
vt 0.055257 0.149811 0.000000
vt -0.054813 0.105293 0.000000
vt 0.000000 0.000000 0.000000
vt -0.027209 0.092096 0.000000
vt -0.110134 -0.044359 0.000000
vt 0.000000 0.000000 0.000000
vt -0.119308 -0.095746 0.000000
vt 0.005897 -0.076266 0.000000
vt 0.000000 0.000000 0.000000
vt 0.022248 -0.093418 0.000000
vt 0.125160 0.019766 0.000000
vt 0.000000 0.000000 0.000000
vt -0.097385 0.112259 0.000000
vt -0.113382 0.035151 0.000000
vt 0.000000 0.000000 0.000000
vt 0.067364 -0.144772 0.000000
vt 0.113335 -0.035300 0.000000
vt 0.000000 0.000000 0.000000
vt 0.084187 -0.046203 0.000000
vt 0.046925 0.109066 0.000000
vt 0.000000 0.000000 0.000000
vt 0.031659 0.149665 0.000000
vt -0.052878 0.055274 0.000000
vt 0.000000 0.000000 0.000000
vt -0.079381 0.054044 0.000000
vt -0.079173 -0.098932 0.000000
vt 0.000000 0.000000 0.000000
vt 0.015933 -0.091724 0.000000
vt 0.059130 -0.048527 0.000000
vt 0.000000 0.000000 0.000000
vt 0.040930 -0.049873 0.000000
vt 0.043198 0.043197 0.000000
vt 0.000000 0.000000 0.000000
vt -0.009865 -0.083813 0.000000
vt 0.040930 -0.049873 0.000000
vt 0.000000 0.000000 0.000000
vt 0.024768 -0.046338 0.000000
vt 0.050794 0.033940 0.000000
vt 0.000000 0.000000 0.000000
vt 0.054857 0.052543 0.000000
vt 0.000000 0.052543 0.000000
vt 0.000000 0.000000 0.000000
vt 0.000000 0.052542 0.000000
vt -0.054857 0.000000 0.000000
vt 0.000000 0.000000 0.000000
vt -0.133141 0.013402 0.000000
vt -0.015367 -0.077235 0.000000
vt 0.000000 0.000000 0.000000
vt -0.129833 0.099172 0.000000
vt -0.132881 0.015767 0.000000
vt 0.000000 0.000000 0.000000
vt -0.146388 -0.017370 0.000000
vt 0.003048 -0.083405 0.000000
vt 0.000000 0.000000 0.000000
vt -0.164176 0.055347 0.000000
vt -0.145140 -0.025796 0.000000
vt 0.000000 0.000000 0.000000
vt 0.093070 -0.002268 0.000000
vt 0.059130 0.048527 0.000000
vt 0.000000 0.000000 0.000000
vt 0.091724 0.015933 0.000000
vt 0.048527 0.059130 0.000000
vt 0.000000 0.000000 0.000000
vt 0.049873 0.040929 0.000000
vt -0.043197 0.043197 0.000000
vt 0.000000 0.000000 0.000000
vt 0.090840 -0.020381 0.000000
vt 0.067462 0.036059 0.000000
vt 0.000000 0.000000 0.000000
vt 0.056900 0.030414 0.000000
vt -0.033940 0.050794 0.000000
vt 0.000000 0.000000 0.000000
vt 0.086854 0.033521 0.000000
vt 0.036059 0.067461 0.000000
vt 0.000000 0.000000 0.000000
vt 0.040930 0.049873 0.000000
vt -0.050795 0.033940 0.000000
vt 0.000000 0.000000 0.000000
vt 0.078645 0.049821 0.000000
vt 0.022205 0.073200 0.000000
vt 0.000000 0.000000 0.000000
vt 0.030414 0.056900 0.000000
vt -0.056440 0.023379 0.000000
vt 0.000000 0.000000 0.000000
vt 0.067414 0.064207 0.000000
vt 0.007498 0.076125 0.000000
vt 0.000000 0.000000 0.000000
vt 0.018729 0.061739 0.000000
vt -0.059916 0.011918 0.000000
vt 0.000000 0.000000 0.000000
vt 0.061740 0.018729 0.000000
vt -0.023378 0.056440 0.000000
vt 0.000000 0.000000 0.000000
vt 0.085118 -0.037711 0.000000
vt 0.073200 0.022205 0.000000
vt 0.000000 0.000000 0.000000
vt 0.076125 -0.053593 0.000000
vt 0.076125 0.007497 0.000000
vt 0.000000 0.000000 0.000000
vt 0.064207 0.006324 0.000000
vt -0.011918 0.059916 0.000000
vt 0.000000 0.000000 0.000000
vt 0.053592 0.076126 0.000000
vt -0.007498 0.076126 0.000000
vt 0.000000 0.000000 0.000000
vt 0.006324 0.064207 0.000000
vt -0.061090 0.000000 0.000000
vt 0.000000 0.000000 0.000000
vt -0.135049 0.108529 0.000000
vt -0.145140 0.025796 0.000000
vt 0.000000 0.000000 0.000000
vt -0.129834 0.099171 0.000000
vt -0.132882 0.015767 0.000000
vt 0.000000 0.000000 0.000000
vt -0.146388 0.017369 0.000000
vt -0.016554 -0.081802 0.000000
vt 0.000000 0.000000 0.000000
vt -0.117774 0.090637 0.000000
vt -0.118109 0.011889 0.000000
vt 0.000000 0.000000 0.000000
vt -0.133141 0.013402 0.000000
vt -0.015367 -0.077235 0.000000
vt 0.000000 0.000000 0.000000
vt 0.095544 -0.009663 0.000000
vt 0.000612 0.118730 0.000000
vt 0.000000 0.000000 0.000000
vt 0.094932 -0.128393 0.000000
vt 0.118103 -0.011944 0.000000
vt 0.000000 0.000000 0.000000
vt -0.154085 0.027385 0.000000
vt -0.019035 -0.081143 0.000000
vt 0.000000 0.000000 0.000000
vt 0.081260 0.156468 0.000000
vt 0.003145 0.156468 0.000000
vt 0.000000 0.000000 0.000000
vt 0.003208 0.159607 0.000000
vt -0.078052 0.003139 0.000000
vt 0.000000 0.000000 0.000000
vt 0.155293 0.000000 0.000000
vt -0.000000 0.159639 0.000000
vt 0.000000 0.000000 0.000000
vt 0.009864 -0.159334 0.000000
vt 0.078046 0.003259 0.000000
vt 0.000000 0.000000 0.000000
vt 0.155293 -0.159639 0.000000
vt 0.155293 0.000000 0.000000
vt 0.000000 0.000000 0.000000
vt -0.069867 0.136089 0.000000
vt -0.075899 0.009521 0.000000
vt 0.000000 0.000000 0.000000
vt -0.095285 0.011954 0.000000
vt -0.025419 -0.124135 0.000000
vt 0.000000 0.000000 0.000000
vt 0.064207 -0.006324 0.000000
vt 0.000000 0.061090 0.000000
vt 0.000000 0.000000 0.000000
vt 0.064207 -0.067414 0.000000
vt 0.076126 -0.007497 0.000000
vt 0.000000 0.000000 0.000000
vt -0.068181 -0.162593 0.000000
vt 0.009671 -0.156200 0.000000
vt 0.000000 0.000000 0.000000
vt -0.137277 -0.075146 0.000000
vt 0.035976 -0.075182 0.000000
vt 0.000000 0.000000 0.000000
vt 0.117774 -0.090638 0.000000
vt 0.118109 -0.011889 0.000000
vt 0.000000 0.000000 0.000000
vt -0.094932 0.128392 0.000000
vt -0.118103 0.011943 0.000000
vt 0.000000 0.000000 0.000000
vt -0.095544 0.009662 0.000000
vt -0.000612 -0.118729 0.000000
vt 0.000000 0.000000 0.000000
vt 0.069866 -0.136090 0.000000
vt 0.075899 -0.009521 0.000000
vt 0.000000 0.000000 0.000000
vt 0.095284 -0.011954 0.000000
vt 0.025419 0.124137 0.000000
vt 0.000000 0.000000 0.000000
vt -0.064207 0.006324 0.000000
vt 0.000000 -0.061090 0.000000
vt 0.000000 0.000000 0.000000
vt -0.064207 0.067414 0.000000
vt -0.076125 0.007497 0.000000
vt 0.000000 0.000000 0.000000
vt -0.052289 0.066240 0.000000
vt -0.064207 0.006324 0.000000
vt 0.000000 0.000000 0.000000
vt -0.052289 0.005150 0.000000
vt 0.000000 -0.061090 0.000000
vt 0.000000 0.000000 0.000000
vt 0.054857 0.052542 0.000000
vt 0.000000 0.052542 0.000000
vt 0.000000 0.000000 0.000000
vt 0.000000 0.052542 0.000000
vt -0.054857 0.000000 0.000000
vt 0.000000 0.000000 0.000000
vt -0.052289 0.530901 0.000000
vt -0.052289 0.005150 0.000000
vt 0.000000 0.000000 0.000000
vt -0.052289 -0.005151 0.000000
vt 0.000000 -0.536051 0.000000
vt 0.000000 0.000000 0.000000
vt 0.133141 -0.013402 0.000000
vt 0.015367 0.077236 0.000000
vt 0.000000 0.000000 0.000000
vt 0.129834 -0.099172 0.000000
vt 0.132882 -0.015767 0.000000
vt 0.000000 0.000000 0.000000
vt 0.146388 -0.017370 0.000000
vt 0.016555 0.081802 0.000000
vt 0.000000 0.000000 0.000000
vt 0.135049 -0.108530 0.000000
vt 0.145140 -0.025797 0.000000
vt 0.000000 0.000000 0.000000
vt 0.054857 0.052542 0.000000
vt 0.000000 0.052542 0.000000
vt 0.000000 0.000000 0.000000
vt 0.000000 0.052542 0.000000
vt -0.054857 0.000000 0.000000
vt 0.000000 0.000000 0.000000
vt 0.054857 0.052542 0.000000
vt 0.000000 0.052542 0.000000
vt 0.000000 0.000000 0.000000
vt 0.000000 0.052542 0.000000
vt -0.054857 0.000000 0.000000
vt 0.000000 0.000000 0.000000
vt 0.054857 0.052542 0.000000
vt 0.000000 0.052542 0.000000
vt 0.000000 0.000000 0.000000
vt -0.054857 -0.052543 0.000000
vt 0.000000 -0.052543 0.000000
vt 0.000000 0.000000 0.000000
vt 0.000000 -0.052543 0.000000
vt 0.054857 0.000000 0.000000
vt 0.000000 0.000000 0.000000
vt -0.054857 -0.052542 0.000000
vt 0.000000 -0.052542 0.000000
vt 0.000000 0.000000 0.000000
vt 0.000000 -0.052542 0.000000
vt 0.054857 0.000000 0.000000
vt 0.000000 0.000000 0.000000
vt -0.054857 -0.052542 0.000000
vt 0.000000 -0.052542 0.000000
vt 0.000000 0.000000 0.000000
vt 0.000000 -0.052542 0.000000
vt 0.054857 0.000000 0.000000
vt 0.000000 0.000000 0.000000
vt -0.054857 -0.052542 0.000000
vt -0.000000 -0.052542 0.000000
vt 0.000000 0.000000 0.000000
vt -0.000000 -0.052542 0.000000
vt 0.054857 0.000000 0.000000
vt 0.000000 0.000000 0.000000
vt 0.154085 -0.027386 0.000000
vt 0.019036 0.081143 0.000000
vt 0.000000 0.000000 0.000000
vt 0.081259 0.156468 0.000000
vt 0.003145 0.156468 0.000000
vt 0.000000 0.000000 0.000000
vt -0.003208 0.159607 0.000000
vt -0.078114 0.000000 0.000000
vt 0.000000 0.000000 0.000000
vt -0.155293 0.159639 0.000000
vt -0.155293 0.000000 0.000000
vt 0.000000 0.000000 0.000000
vt -0.155293 0.000000 0.000000
vt -0.000000 -0.159638 0.000000
vt 0.000000 0.000000 0.000000
vt -0.087717 -0.152941 0.000000
vt -0.009670 -0.156200 0.000000
vt 0.000000 0.000000 0.000000
vt -0.003208 -0.159606 0.000000
vt 0.078052 -0.003139 0.000000
vt 0.000000 0.000000 0.000000
vt 0.051595 -0.165393 0.000000
vt 0.106101 -0.102341 0.000000
vt 0.000000 0.000000 0.000000
vt 0.137277 -0.075146 0.000000
vt 0.043945 0.070819 0.000000
vt 0.000000 0.000000 0.000000
vt 0.041510 -0.158014 0.000000
vt 0.095158 -0.094081 0.000000
vt 0.000000 0.000000 0.000000
vt 0.123941 -0.079810 0.000000
vt 0.050753 0.066255 0.000000
vt 0.000000 0.000000 0.000000
vt 0.017933 -0.147527 0.000000
vt 0.074323 -0.092558 0.000000
vt 0.000000 0.000000 0.000000
vt 0.102525 -0.085993 0.000000
vt 0.056161 0.055203 0.000000
vt 0.000000 0.000000 0.000000
vt -0.044343 0.085180 0.000000
vt -0.099600 -0.064631 0.000000
vt 0.000000 0.000000 0.000000
vt 0.025287 0.157662 0.000000
vt -0.074114 0.092726 0.000000
vt 0.000000 0.000000 0.000000
vt 0.037160 -0.088550 0.000000
vt 0.120273 0.039877 0.000000
vt 0.000000 0.000000 0.000000
vt -0.102912 -0.113185 0.000000
vt 0.017722 -0.074413 0.000000
vt 0.000000 0.000000 0.000000
vt 0.037711 0.085118 0.000000
vt -0.022205 0.073200 0.000000
vt 0.000000 0.000000 0.000000
vt -0.006324 0.064208 0.000000
vt -0.059916 -0.011918 0.000000
vt 0.000000 0.000000 0.000000
vt -0.117774 0.090637 0.000000
vt -0.118109 0.011889 0.000000
vt 0.000000 0.000000 0.000000
vt 0.094932 -0.128392 0.000000
vt 0.118103 -0.011943 0.000000
vt 0.000000 0.000000 0.000000
vt 0.091687 -0.028558 0.000000
vt 0.024323 0.116214 0.000000
vt 0.000000 0.000000 0.000000
vt -0.000208 0.152976 0.000000
vt -0.063231 0.043049 0.000000
vt 0.000000 0.000000 0.000000
vt -0.089577 0.034611 0.000000
vt -0.054645 -0.114323 0.000000
vt 0.000000 0.000000 0.000000
vt 0.033522 -0.086854 0.000000
vt 0.067462 -0.036059 0.000000
vt 0.000000 0.000000 0.000000
vt 0.049873 -0.040930 0.000000
vt 0.033940 0.050794 0.000000
vt 0.000000 0.000000 0.000000
vt 0.006675 -0.084127 0.000000
vt 0.049873 -0.040930 0.000000
vt 0.000000 0.000000 0.000000
vt 0.033333 -0.040615 0.000000
vt 0.043197 0.043197 0.000000
vt 0.000000 0.000000 0.000000
vt -0.133141 -0.013402 0.000000
vt 0.000335 -0.078748 0.000000
vt 0.000000 0.000000 0.000000
vt -0.149436 0.066035 0.000000
vt -0.132881 -0.015767 0.000000
vt 0.000000 0.000000 0.000000
vt -0.138458 -0.050599 0.000000
vt 0.022165 -0.080463 0.000000
vt 0.000000 0.000000 0.000000
vt -0.173254 0.000036 0.000000
vt -0.129309 -0.070784 0.000000
vt 0.000000 0.000000 0.000000
vt 0.080278 -0.026026 0.000000
vt 0.056900 0.030414 0.000000
vt 0.000000 0.000000 0.000000
vt 0.083813 -0.009865 0.000000
vt 0.049873 0.040929 0.000000
vt 0.000000 0.000000 0.000000
vt 0.046339 0.024768 0.000000
vt -0.033940 0.050795 0.000000
vt 0.000000 0.000000 0.000000
vt 0.084127 0.006676 0.000000
vt 0.040930 0.049873 0.000000
vt 0.000000 0.000000 0.000000
vt 0.040615 0.033332 0.000000
vt -0.043197 0.043198 0.000000
vt 0.000000 0.000000 0.000000
vt 0.073658 -0.041188 0.000000
vt 0.061740 0.018729 0.000000
vt 0.000000 0.000000 0.000000
vt 0.050280 0.015252 0.000000
vt -0.023378 0.056440 0.000000
vt 0.000000 0.000000 0.000000
vt 0.081209 0.022960 0.000000
vt 0.030414 0.056900 0.000000
vt 0.000000 0.000000 0.000000
vt 0.033332 0.040615 0.000000
vt -0.050795 0.033940 0.000000
vt 0.000000 0.000000 0.000000
vt 0.075169 0.038362 0.000000
vt 0.018729 0.061739 0.000000
vt 0.000000 0.000000 0.000000
vt 0.024769 0.046338 0.000000
vt -0.056440 0.023378 0.000000
vt 0.000000 0.000000 0.000000
vt 0.066240 0.052289 0.000000
vt 0.006324 0.064207 0.000000
vt 0.000000 0.000000 0.000000
vt 0.015252 0.050280 0.000000
vt -0.059916 0.011919 0.000000
vt 0.000000 0.000000 0.000000
vt 0.064207 -0.054766 0.000000
vt 0.064207 0.006324 0.000000
vt 0.000000 0.000000 0.000000
vt 0.052289 0.005150 0.000000
vt -0.011918 0.059917 0.000000
vt 0.000000 0.000000 0.000000
vt 0.052289 -0.066240 0.000000
vt 0.064207 -0.006324 0.000000
vt 0.000000 0.000000 0.000000
vt 0.052289 -0.005150 0.000000
vt 0.000000 0.061090 0.000000
vt 0.000000 0.000000 0.000000
vt 0.054767 0.064208 0.000000
vt -0.006324 0.064208 0.000000
vt 0.000000 0.000000 0.000000
vt 0.005150 0.052289 0.000000
vt -0.061090 0.000000 0.000000
vt 0.000000 0.000000 0.000000
vt -0.103520 0.126394 0.000000
vt -0.125684 0.045931 0.000000
vt 0.000000 0.000000 0.000000
vt -0.138459 0.050599 0.000000
vt -0.034939 -0.075795 0.000000
vt 0.000000 0.000000 0.000000
vt -0.093333 0.145965 0.000000
vt -0.129309 0.070783 0.000000
vt 0.000000 0.000000 0.000000
vt -0.097384 0.112259 0.000000
vt -0.113382 0.035152 0.000000
vt 0.000000 0.000000 0.000000
vt -0.127812 0.039625 0.000000
vt -0.030428 -0.072634 0.000000
vt 0.000000 0.000000 0.000000
vt 0.091687 -0.028557 0.000000
vt 0.024322 0.116214 0.000000
vt 0.000000 0.000000 0.000000
vt 0.067365 -0.144771 0.000000
vt 0.113335 -0.035300 0.000000
vt 0.000000 0.000000 0.000000
vt -0.034932 0.148934 0.000000
vt -0.071353 0.027570 0.000000
vt 0.000000 0.000000 0.000000
vt -0.089578 0.034611 0.000000
vt -0.054645 -0.114323 0.000000
vt 0.000000 0.000000 0.000000
vt -0.137277 0.075146 0.000000
vt -0.043944 -0.070819 0.000000
vt 0.000000 0.000000 0.000000
vt 0.087717 0.152941 0.000000
vt 0.009671 0.156200 0.000000
vt 0.000000 0.000000 0.000000
vt 0.009864 0.159334 0.000000
vt -0.077853 0.006393 0.000000
vt 0.000000 0.000000 0.000000
vt 0.155293 0.000000 0.000000
vt -0.000000 0.159639 0.000000
vt 0.000000 0.000000 0.000000
vt -0.056945 -0.149137 0.000000
vt 0.072401 -0.029325 0.000000
vt 0.000000 0.000000 0.000000
vt 0.155293 -0.159639 0.000000
vt 0.155293 0.000000 0.000000
vt 0.000000 0.000000 0.000000
vt 0.061740 -0.018729 0.000000
vt 0.011918 0.059916 0.000000
vt 0.000000 0.000000 0.000000
vt 0.049822 -0.078645 0.000000
vt 0.073200 -0.022205 0.000000
vt 0.000000 0.000000 0.000000
vt 0.038362 -0.075169 0.000000
vt 0.061740 -0.018729 0.000000
vt 0.000000 0.000000 0.000000
vt 0.050280 -0.015252 0.000000
vt 0.011918 0.059917 0.000000
vt 0.000000 0.000000 0.000000
vt -0.112640 -0.108647 0.000000
vt 0.054507 -0.063052 0.000000
vt 0.000000 0.000000 0.000000
vt -0.129346 -0.119811 0.000000
vt -0.055826 -0.146204 0.000000
vt 0.000000 0.000000 0.000000
vt 0.097385 -0.112259 0.000000
vt 0.113382 -0.035152 0.000000
vt 0.000000 0.000000 0.000000
vt -0.067365 0.144771 0.000000
vt -0.113336 0.035300 0.000000
vt 0.000000 0.000000 0.000000
vt -0.091688 0.028557 0.000000
vt -0.024323 -0.116213 0.000000
vt 0.000000 0.000000 0.000000
vt 0.034932 -0.148935 0.000000
vt 0.071353 -0.027570 0.000000
vt 0.000000 0.000000 0.000000
vt 0.089578 -0.034611 0.000000
vt 0.054646 0.114324 0.000000
vt 0.000000 0.000000 0.000000
vt -0.061740 0.018729 0.000000
vt -0.011918 -0.059916 0.000000
vt 0.000000 0.000000 0.000000
vt -0.049822 0.078645 0.000000
vt -0.073200 0.022205 0.000000
vt 0.000000 0.000000 0.000000
vt -0.038362 0.075169 0.000000
vt -0.061740 0.018729 0.000000
vt 0.000000 0.000000 0.000000
vt -0.050280 0.015252 0.000000
vt -0.011918 -0.059916 0.000000
vt 0.000000 0.000000 0.000000
vt 0.054857 0.052542 0.000000
vt 0.000000 0.052542 0.000000
vt 0.000000 0.000000 0.000000
vt 0.000000 0.052542 0.000000
vt -0.054857 0.000000 0.000000
vt 0.000000 0.000000 0.000000
vt -0.050280 0.510499 0.000000
vt -0.050280 0.015252 0.000000
vt 0.000000 0.000000 0.000000
vt -0.050280 -0.015252 0.000000
vt 0.000000 -0.525750 0.000000
vt 0.000000 0.000000 0.000000
vt -0.000001 -0.052542 0.000000
vt 0.054857 0.000000 0.000000
vt 0.000000 0.000000 0.000000
vt -0.054858 -0.052542 0.000000
vt -0.000000 -0.052542 0.000000
vt 0.000000 0.000000 0.000000
vt 0.127812 -0.039626 0.000000
vt 0.030427 0.072633 0.000000
vt 0.000000 0.000000 0.000000
vt 0.103519 -0.126395 0.000000
vt 0.125684 -0.045932 0.000000
vt 0.000000 0.000000 0.000000
vt 0.093331 -0.145966 0.000000
vt 0.129308 -0.070785 0.000000
vt 0.000000 0.000000 0.000000
vt 0.138458 -0.050600 0.000000
vt 0.034939 0.075795 0.000000
vt 0.000000 0.000000 0.000000
vt 0.022960 -0.081208 0.000000
vt 0.056900 -0.030413 0.000000
vt 0.000000 0.000000 0.000000
vt 0.040615 -0.033332 0.000000
vt 0.033940 0.050795 0.000000
vt 0.000000 0.000000 0.000000
vt 0.046339 -0.024768 0.000000
vt 0.023379 0.056439 0.000000
vt 0.000000 0.000000 0.000000
vt 0.038361 -0.075168 0.000000
vt 0.061740 -0.018729 0.000000
vt 0.000000 0.000000 0.000000
vt 0.050280 -0.015252 0.000000
vt 0.011918 0.059916 0.000000
vt 0.000000 0.000000 0.000000
vt 0.064207 -0.054766 0.000000
vt 0.064207 0.006324 0.000000
vt 0.000000 0.000000 0.000000
vt 0.052289 -0.005151 0.000000
vt 0.000000 0.061090 0.000000
vt 0.000000 0.000000 0.000000
vt 0.052289 0.005151 0.000000
vt -0.011918 0.059916 0.000000
vt 0.000000 0.000000 0.000000
vt 0.052289 -0.066241 0.000000
vt 0.064207 -0.006324 0.000000
vt 0.000000 0.000000 0.000000
vt 0.073658 -0.041188 0.000000
vt 0.061740 0.018729 0.000000
vt 0.000000 0.000000 0.000000
vt 0.050280 0.015252 0.000000
vt -0.023378 0.056439 0.000000
vt 0.000000 0.000000 0.000000
vt 0.137277 -0.075146 0.000000
vt 0.043945 0.070819 0.000000
vt 0.000000 0.000000 0.000000
vt 0.003208 0.159607 0.000000
vt -0.078051 0.003139 0.000000
vt 0.000000 0.000000 0.000000
vt 0.087717 0.152941 0.000000
vt 0.009671 0.156200 0.000000
vt 0.000000 0.000000 0.000000
vt -0.155293 0.159639 0.000000
vt -0.155293 0.000000 0.000000
vt 0.000000 0.000000 0.000000
vt -0.155293 0.000000 0.000000
vt 0.000000 -0.159639 0.000000
vt 0.000000 0.000000 0.000000
vt 0.003208 -0.159607 0.000000
vt 0.078115 -0.000000 0.000000
vt 0.000000 0.000000 0.000000
vt -0.081260 -0.156467 0.000000
vt -0.003145 -0.156468 0.000000
vt 0.000000 0.000000 0.000000
vt 0.093332 -0.145965 0.000000
vt 0.129309 -0.070784 0.000000
vt 0.000000 0.000000 0.000000
vt 0.154084 -0.027386 0.000000
vt 0.019035 0.081143 0.000000
vt 0.000000 0.000000 0.000000
vt 0.073189 -0.146065 0.000000
vt 0.112506 -0.072446 0.000000
vt 0.000000 0.000000 0.000000
vt 0.138459 -0.050599 0.000000
vt 0.034940 0.075795 0.000000
vt 0.000000 0.000000 0.000000
vt 0.046363 -0.141197 0.000000
vt 0.090949 -0.076285 0.000000
vt 0.000000 0.000000 0.000000
vt 0.117433 -0.064152 0.000000
vt 0.044209 0.065170 0.000000
vt 0.000000 0.000000 0.000000
vt -0.059957 0.075015 0.000000
vt -0.085244 -0.082647 0.000000
vt 0.000000 0.000000 0.000000
vt -0.005947 0.159566 0.000000
vt -0.090775 0.076492 0.000000
vt 0.000000 0.000000 0.000000
vt -0.083113 -0.128428 0.000000
vt 0.029599 -0.070534 0.000000
vt 0.000000 0.000000 0.000000
vt 0.052013 -0.080727 0.000000
vt 0.111490 0.060214 0.000000
vt 0.000000 0.000000 0.000000
vt 0.020381 0.090840 0.000000
vt -0.036059 0.067461 0.000000
vt 0.000000 0.000000 0.000000
vt -0.018729 0.061739 0.000000
vt -0.056440 -0.023379 0.000000
vt 0.000000 0.000000 0.000000
vt 0.041188 0.073658 0.000000
vt -0.018729 0.061739 0.000000
vt 0.000000 0.000000 0.000000
vt -0.005150 0.052289 0.000000
vt -0.059916 -0.011919 0.000000
vt 0.000000 0.000000 0.000000
vt -0.133476 0.065346 0.000000
vt -0.118109 -0.011889 0.000000
vt 0.000000 0.000000 0.000000
vt 0.118715 -0.106787 0.000000
vt 0.118103 0.011943 0.000000
vt 0.000000 0.000000 0.000000
vt 0.095544 -0.009662 0.000000
vt 0.000612 0.118730 0.000000
vt 0.000000 0.000000 0.000000
vt -0.034932 0.148934 0.000000
vt -0.071352 0.027570 0.000000
vt 0.000000 0.000000 0.000000
vt -0.095284 0.011953 0.000000
vt -0.025418 -0.124136 0.000000
vt 0.000000 0.000000 0.000000
vt 0.049822 -0.078645 0.000000
vt 0.073200 -0.022205 0.000000
vt 0.000000 0.000000 0.000000
vt 0.056900 -0.030413 0.000000
vt 0.023378 0.056440 0.000000
vt 0.000000 0.000000 0.000000
vt -0.127812 -0.039625 0.000000
vt 0.015997 -0.077107 0.000000
vt 0.000000 0.000000 0.000000
vt -0.160623 0.029864 0.000000
vt -0.125684 -0.045931 0.000000
vt 0.000000 0.000000 0.000000
vt -0.167147 -0.045595 0.000000
vt -0.106102 -0.102341 0.000000
vt 0.000000 0.000000 0.000000
vt -0.123941 -0.079811 0.000000
vt 0.039317 -0.073619 0.000000
vt 0.000000 0.000000 0.000000
vt 0.054858 0.052542 0.000000
vt 0.000000 0.052542 0.000000
vt 0.000000 0.000000 0.000000
vt 0.000000 0.052542 0.000000
vt -0.054858 0.000000 0.000000
vt 0.000000 0.000000 0.000000
vt 0.000000 0.052543 0.000000
vt -0.054858 0.000000 0.000000
vt 0.000000 0.000000 0.000000
vt 0.054858 0.052543 0.000000
vt 0.000000 0.052543 0.000000
vt 0.000000 0.000000 0.000000
vt 0.000000 -0.052542 0.000000
vt 0.054858 0.000000 0.000000
vt 0.000000 0.000000 0.000000
vt -0.054858 -0.052542 0.000000
vt 0.000000 -0.052542 0.000000
vt 0.000000 0.000000 0.000000
vt 0.000000 -0.052542 0.000000
vt 0.054858 0.000000 0.000000
vt 0.000000 0.000000 0.000000
vt 0.054858 0.052542 0.000000
vt 0.000000 0.052542 0.000000
vt 0.000000 0.000000 0.000000
vt 0.000000 0.052542 0.000000
vt -0.054858 0.000000 0.000000
vt 0.000000 0.000000 0.000000
vt -0.054858 -0.052542 0.000000
vt 0.000000 -0.052542 0.000000
vt 0.000000 0.000000 0.000000
vt 0.000000 -0.052543 0.000000
vt 0.054858 0.000000 0.000000
vt 0.000000 0.000000 0.000000
vt -0.054858 -0.052543 0.000000
vt 0.000000 -0.052543 0.000000
vt 0.000000 0.000000 0.000000
vt 0.000000 -0.052543 0.000000
vt 0.054858 0.000000 0.000000
vt 0.000000 0.000000 0.000000
vt -0.054858 -0.052543 0.000000
vt 0.000000 -0.052543 0.000000
vt 0.000000 0.000000 0.000000
vt 0.000000 -0.052542 0.000000
vt 0.054858 0.000000 0.000000
vt 0.000000 0.000000 0.000000
vt 0.054858 0.052542 0.000000
vt 0.000000 0.052542 0.000000
vt 0.000000 0.000000 0.000000
vt 0.000000 0.052542 0.000000
vt -0.054858 0.000000 0.000000
vt 0.000000 0.000000 0.000000
vt 0.054858 0.052542 0.000000
vt 0.000000 0.052542 0.000000
vt 0.000000 0.000000 0.000000
vt 0.000000 0.052542 0.000000
vt -0.054858 0.000000 0.000000
vt 0.000000 0.000000 0.000000
vt -0.054858 -0.052542 0.000000
vt 0.000000 -0.052542 0.000000
vt 0.000000 0.000000 0.000000
vt 0.000000 -0.052542 0.000000
vt 0.054858 0.000000 0.000000
vt 0.000000 0.000000 0.000000
vt -0.073224 0.129321 0.000000
vt -0.104175 0.056909 0.000000
vt 0.000000 0.000000 0.000000
vt -0.117433 0.064152 0.000000
vt -0.044209 -0.065170 0.000000
vt 0.000000 0.000000 0.000000
vt -0.073189 0.146066 0.000000
vt -0.112506 0.072446 0.000000
vt 0.000000 0.000000 0.000000
vt -0.051595 0.165393 0.000000
vt -0.106101 0.102341 0.000000
vt 0.000000 0.000000 0.000000
vt -0.123941 0.079811 0.000000
vt -0.050752 -0.066255 0.000000
vt 0.000000 0.000000 0.000000
vt 0.084186 -0.046203 0.000000
vt 0.046925 0.109065 0.000000
vt 0.000000 0.000000 0.000000
vt 0.037261 -0.155269 0.000000
vt 0.104064 -0.057112 0.000000
vt 0.000000 0.000000 0.000000
vt -0.000207 0.152976 0.000000
vt -0.063230 0.043049 0.000000
vt 0.000000 0.000000 0.000000
vt -0.079380 0.054044 0.000000
vt -0.079173 -0.098932 0.000000
vt 0.000000 0.000000 0.000000
vt 0.056900 -0.030414 0.000000
vt 0.023378 0.056440 0.000000
vt 0.000000 0.000000 0.000000
vt 0.033522 -0.086854 0.000000
vt 0.067461 -0.036059 0.000000
vt 0.000000 0.000000 0.000000
vt -0.112641 0.108647 0.000000
vt -0.061045 -0.056746 0.000000
vt 0.000000 0.000000 0.000000
vt 0.016577 0.175529 0.000000
vt -0.055825 0.146204 0.000000
vt 0.000000 0.000000 0.000000
vt 0.155293 0.000000 0.000000
vt 0.000000 0.159639 0.000000
vt 0.000000 0.000000 0.000000
vt -0.056946 0.149137 0.000000
vt -0.073520 -0.026392 0.000000
vt 0.000000 0.000000 0.000000
vt -0.038527 -0.154920 0.000000
vt 0.075410 -0.020372 0.000000
vt 0.000000 0.000000 0.000000
vt 0.155293 -0.159639 0.000000
vt 0.155293 0.000000 0.000000
vt 0.000000 0.000000 0.000000
vt 0.022959 -0.081208 0.000000
vt 0.056900 -0.030414 0.000000
vt 0.000000 0.000000 0.000000
vt 0.046338 -0.024768 0.000000
vt 0.023378 0.056440 0.000000
vt 0.000000 0.000000 0.000000
vt 0.054858 0.052542 0.000000
vt 0.000000 0.052542 0.000000
vt 0.000000 0.000000 0.000000
vt 0.000000 0.052542 0.000000
vt -0.054858 0.000000 0.000000
vt 0.000000 0.000000 0.000000
vt -0.087578 -0.129699 0.000000
vt 0.066429 -0.050337 0.000000
vt 0.000000 0.000000 0.000000
vt -0.113938 -0.134548 0.000000
vt -0.037770 -0.151873 0.000000
vt 0.000000 0.000000 0.000000
vt 0.073225 -0.129321 0.000000
vt 0.104175 -0.056909 0.000000
vt 0.000000 0.000000 0.000000
vt -0.037262 0.155268 0.000000
vt -0.104064 0.057112 0.000000
vt 0.000000 0.000000 0.000000
vt -0.084187 0.046203 0.000000
vt -0.046925 -0.109065 0.000000
vt 0.000000 0.000000 0.000000
vt 0.000206 -0.152977 0.000000
vt 0.063230 -0.043049 0.000000
vt 0.000000 0.000000 0.000000
vt 0.079381 -0.054044 0.000000
vt 0.079174 0.098933 0.000000
vt 0.000000 0.000000 0.000000
vt -0.056900 0.030414 0.000000
vt -0.023378 -0.056440 0.000000
vt 0.000000 0.000000 0.000000
vt -0.033522 0.086854 0.000000
vt -0.067461 0.036059 0.000000
vt 0.000000 0.000000 0.000000
vt -0.022960 0.081208 0.000000
vt -0.056900 0.030414 0.000000
vt 0.000000 0.000000 0.000000
vt -0.046338 0.024768 0.000000
vt -0.023378 -0.056440 0.000000
vt 0.000000 0.000000 0.000000
vt 0.054857 0.052542 0.000000
vt 0.000000 0.052542 0.000000
vt 0.000000 0.000000 0.000000
vt 0.000000 0.052542 0.000000
vt -0.054857 0.000000 0.000000
vt 0.000000 0.000000 0.000000
vt -0.046338 0.470478 0.000000
vt -0.046338 0.024768 0.000000
vt 0.000000 0.000000 0.000000
vt -0.046338 -0.024768 0.000000
vt 0.000000 -0.495247 0.000000
vt 0.000000 0.000000 0.000000
vt -0.000000 -0.052542 0.000000
vt 0.054858 0.000000 0.000000
vt 0.000000 0.000000 0.000000
vt -0.054858 -0.052542 0.000000
vt -0.000000 -0.052542 0.000000
vt 0.000000 0.000000 0.000000
vt 0.080278 -0.026026 0.000000
vt 0.056900 0.030413 0.000000
vt 0.000000 0.000000 0.000000
vt 0.046338 0.024768 0.000000
vt -0.033940 0.050795 0.000000
vt 0.000000 0.000000 0.000000
vt 0.117433 -0.064152 0.000000
vt 0.044209 0.065169 0.000000
vt 0.000000 0.000000 0.000000
vt 0.073188 -0.146066 0.000000
vt 0.112506 -0.072446 0.000000
vt 0.000000 0.000000 0.000000
vt 0.051595 -0.165393 0.000000
vt 0.106101 -0.102341 0.000000
vt 0.000000 0.000000 0.000000
vt 0.123941 -0.079811 0.000000
vt 0.050753 0.066255 0.000000
vt 0.000000 0.000000 0.000000
vt 0.061740 -0.018729 0.000000
vt 0.011918 0.059917 0.000000
vt 0.000000 0.000000 0.000000
vt 0.064207 -0.067414 0.000000
vt 0.076125 -0.007497 0.000000
vt 0.000000 0.000000 0.000000
vt 0.064207 -0.006324 0.000000
vt 0.000000 0.061090 0.000000
vt 0.000000 0.000000 0.000000
vt 0.064207 0.006324 0.000000
vt -0.011918 0.059917 0.000000
vt 0.000000 0.000000 0.000000
vt 0.076125 -0.053593 0.000000
vt 0.076125 0.007497 0.000000
vt 0.000000 0.000000 0.000000
vt 0.085119 -0.037712 0.000000
vt 0.073200 0.022205 0.000000
vt 0.000000 0.000000 0.000000
vt 0.061740 0.018729 0.000000
vt -0.023378 0.056440 0.000000
vt 0.000000 0.000000 0.000000
vt 0.090840 -0.020381 0.000000
vt 0.067461 0.036059 0.000000
vt 0.000000 0.000000 0.000000
vt 0.056900 0.030413 0.000000
vt -0.033940 0.050794 0.000000
vt 0.000000 0.000000 0.000000
vt 0.009865 0.159334 0.000000
vt -0.077852 0.006393 0.000000
vt 0.000000 0.000000 0.000000
vt -0.016575 -0.175529 0.000000
vt 0.055826 -0.146204 0.000000
vt 0.000000 0.000000 0.000000
vt 0.112640 -0.108648 0.000000
vt 0.061045 0.056745 0.000000
vt 0.000000 0.000000 0.000000
vt -0.155293 0.159639 0.000000
vt -0.155293 0.000000 0.000000
vt 0.000000 0.000000 0.000000
vt -0.155293 0.000000 0.000000
vt 0.000000 -0.159639 0.000000
vt 0.000000 0.000000 0.000000
vt 0.009865 -0.159334 0.000000
vt 0.078047 0.003259 0.000000
vt 0.000000 0.000000 0.000000
vt -0.074906 -0.159607 0.000000
vt 0.003145 -0.156468 0.000000
vt 0.000000 0.000000 0.000000
vt 0.154084 0.027386 0.000000
vt -0.010091 0.082733 0.000000
vt 0.000000 0.000000 0.000000
vt 0.135050 -0.108528 0.000000
vt 0.145140 -0.025795 0.000000
vt 0.000000 0.000000 0.000000
vt 0.103519 -0.126394 0.000000
vt 0.125684 -0.045931 0.000000
vt 0.000000 0.000000 0.000000
vt 0.146388 -0.017369 0.000000
vt 0.016554 0.081802 0.000000
vt 0.000000 0.000000 0.000000
vt 0.073224 -0.129321 0.000000
vt 0.104174 -0.056909 0.000000
vt 0.000000 0.000000 0.000000
vt 0.127812 -0.039625 0.000000
vt 0.030427 0.072634 0.000000
vt 0.000000 0.000000 0.000000
vt -0.037260 0.155269 0.000000
vt -0.104063 0.057112 0.000000
vt 0.000000 0.000000 0.000000
vt -0.073436 0.061880 0.000000
vt -0.067489 -0.097686 0.000000
vt 0.000000 0.000000 0.000000
vt -0.059477 -0.140941 0.000000
vt 0.041431 -0.064302 0.000000
vt 0.000000 0.000000 0.000000
vt 0.066384 -0.069392 0.000000
vt 0.098041 0.080273 0.000000
vt 0.000000 0.000000 0.000000
vt 0.002268 0.093071 0.000000
vt -0.048527 0.059130 0.000000
vt 0.000000 0.000000 0.000000
vt -0.030414 0.056900 0.000000
vt -0.050795 -0.033940 0.000000
vt 0.000000 0.000000 0.000000
vt 0.026026 0.080277 0.000000
vt -0.030414 0.056900 0.000000
vt 0.000000 0.000000 0.000000
vt -0.015252 0.050280 0.000000
vt -0.056440 -0.023378 0.000000
vt 0.000000 0.000000 0.000000
vt -0.054858 -0.052542 0.000000
vt 0.000000 -0.052542 0.000000
vt 0.000000 0.000000 0.000000
vt 0.000000 -0.052543 0.000000
vt 0.054858 0.000000 0.000000
vt 0.000000 0.000000 0.000000
vt -0.143809 0.037482 0.000000
vt -0.113382 -0.035151 0.000000
vt 0.000000 0.000000 0.000000
vt 0.137658 -0.080914 0.000000
vt 0.113336 0.035300 0.000000
vt 0.000000 0.000000 0.000000
vt 0.095544 0.009662 0.000000
vt -0.023171 0.116449 0.000000
vt 0.000000 0.000000 0.000000
vt -0.069866 0.136089 0.000000
vt -0.075899 0.009521 0.000000
vt 0.000000 0.000000 0.000000
vt -0.095285 -0.011953 0.000000
vt 0.006033 -0.126568 0.000000
vt 0.000000 0.000000 0.000000
vt -0.117433 -0.064153 0.000000
vt 0.030950 -0.072412 0.000000
vt 0.000000 0.000000 0.000000
vt -0.163259 -0.006192 0.000000
vt -0.112506 -0.072447 0.000000
vt 0.000000 0.000000 0.000000
vt -0.154007 -0.079363 0.000000
vt -0.082494 -0.122171 0.000000
vt 0.000000 0.000000 0.000000
vt -0.104829 -0.103643 0.000000
vt 0.053648 -0.063934 0.000000
vt 0.000000 0.000000 0.000000
vt 0.050280 -0.510499 0.000000
vt 0.050280 0.015252 0.000000
vt 0.000000 0.000000 0.000000
vt 0.050280 -0.015252 0.000000
vt 0.000000 0.495247 0.000000
vt 0.000000 0.000000 0.000000
vt 0.046338 -0.470478 0.000000
vt 0.046339 0.024768 0.000000
vt 0.000000 0.000000 0.000000
vt 0.052289 -0.530901 0.000000
vt 0.052289 0.005150 0.000000
vt 0.000000 0.000000 0.000000
vt 0.052289 -0.005150 0.000000
vt 0.000000 0.525751 0.000000
vt 0.000000 0.000000 0.000000
vt 0.046338 -0.024768 0.000000
vt -0.000000 0.445710 0.000000
vt 0.000000 0.000000 0.000000
vt 0.040616 -0.033333 0.000000
vt 0.040615 0.412378 0.000000
vt 0.000000 0.000000 0.000000
vt 0.000000 -0.379045 0.000000
vt 0.040615 0.033332 0.000000
vt 0.000000 0.000000 0.000000
vt 0.033332 -0.338430 0.000000
vt 0.033332 0.040615 0.000000
vt 0.000000 0.000000 0.000000
vt 0.052289 -0.530901 0.000000
vt 0.052289 -0.005150 0.000000
vt 0.000000 0.000000 0.000000
vt 0.052289 0.005150 0.000000
vt 0.000000 0.536051 0.000000
vt 0.000000 0.000000 0.000000
vt 0.033333 -0.040616 0.000000
vt 0.000000 0.297814 0.000000
vt 0.000000 0.000000 0.000000
vt 0.024768 -0.251476 0.000000
vt 0.024769 0.046338 0.000000
vt 0.000000 0.000000 0.000000
vt 0.024768 -0.046338 0.000000
vt 0.000000 0.205138 0.000000
vt 0.000000 0.000000 0.000000
vt 0.015252 -0.154858 0.000000
vt 0.015252 0.050280 0.000000
vt 0.000000 0.000000 0.000000
vt 0.015252 -0.050280 0.000000
vt 0.000000 0.104578 0.000000
vt 0.000000 0.000000 0.000000
vt 0.005150 -0.052289 0.000000
vt 0.005150 0.052289 0.000000
vt 0.000000 0.000000 0.000000
vt 0.050280 -0.510499 0.000000
vt 0.050280 -0.015252 0.000000
vt 0.000000 0.000000 0.000000
vt 0.050280 0.015252 0.000000
vt 0.000000 0.525751 0.000000
vt 0.000000 0.000000 0.000000
vt 0.046338 -0.470478 0.000000
vt 0.046338 -0.024768 0.000000
vt 0.000000 0.000000 0.000000
vt 0.046338 0.024768 0.000000
vt 0.000000 0.495247 0.000000
vt 0.000000 0.000000 0.000000
vt 0.073436 -0.061880 0.000000
vt 0.067489 0.097686 0.000000
vt 0.000000 0.000000 0.000000
vt 0.005947 -0.159566 0.000000
vt 0.090775 -0.076492 0.000000
vt 0.000000 0.000000 0.000000
vt -0.046363 0.141197 0.000000
vt -0.090949 0.076285 0.000000
vt 0.000000 0.000000 0.000000
vt -0.102525 0.085993 0.000000
vt -0.056162 -0.055203 0.000000
vt 0.000000 0.000000 0.000000
vt -0.041510 0.158014 0.000000
vt -0.095157 0.094081 0.000000
vt 0.000000 0.000000 0.000000
vt -0.104829 0.103643 0.000000
vt -0.063319 -0.054371 0.000000
vt 0.000000 0.000000 0.000000
vt -0.016066 0.172507 0.000000
vt -0.082495 0.122171 0.000000
vt 0.000000 0.000000 0.000000
vt 0.031658 0.149664 0.000000
vt -0.052878 0.055274 0.000000
vt 0.000000 0.000000 0.000000
vt -0.066384 0.069392 0.000000
vt -0.098043 -0.080272 0.000000
vt 0.000000 0.000000 0.000000
vt 0.049873 -0.040930 0.000000
vt 0.033940 0.050794 0.000000
vt 0.000000 0.000000 0.000000
vt 0.015933 -0.091724 0.000000
vt 0.059130 -0.048527 0.000000
vt 0.000000 0.000000 0.000000
vt 0.006676 -0.084127 0.000000
vt 0.049873 -0.040930 0.000000
vt 0.000000 0.000000 0.000000
vt 0.040616 -0.033333 0.000000
vt 0.033940 0.050794 0.000000
vt 0.000000 0.000000 0.000000
vt -0.087578 0.129700 0.000000
vt -0.071513 -0.042808 0.000000
vt 0.000000 0.000000 0.000000
vt 0.037642 0.172245 0.000000
vt -0.037769 0.151873 0.000000
vt 0.000000 0.000000 0.000000
vt -0.038527 0.154920 0.000000
vt -0.076169 -0.017325 0.000000
vt 0.000000 0.000000 0.000000
vt 0.155293 0.000000 0.000000
vt 0.000000 0.159639 0.000000
vt 0.000000 0.000000 0.000000
vt -0.026372 -0.157446 0.000000
vt 0.076766 -0.014450 0.000000
vt 0.000000 0.000000 0.000000
vt 0.155293 -0.159639 0.000000
vt 0.155293 0.000000 0.000000
vt 0.000000 0.000000 0.000000
vt 0.054858 0.052543 0.000000
vt 0.000000 0.052543 0.000000
vt 0.000000 0.000000 0.000000
vt 0.000000 0.052543 0.000000
vt -0.054858 0.000000 0.000000
vt 0.000000 0.000000 0.000000
vt 0.040616 -0.412378 0.000000
vt 0.040616 -0.033333 0.000000
vt 0.000000 0.000000 0.000000
vt 0.040616 0.033332 0.000000
vt 0.000000 0.445710 0.000000
vt 0.000000 0.000000 0.000000
vt -0.064787 -0.142459 0.000000
vt 0.073876 -0.038587 0.000000
vt 0.000000 0.000000 0.000000
vt -0.103137 -0.142996 0.000000
vt -0.025853 -0.154349 0.000000
vt 0.000000 0.000000 0.000000
vt 0.046363 -0.141196 0.000000
vt 0.090949 -0.076284 0.000000
vt 0.000000 0.000000 0.000000
vt -0.005947 0.159566 0.000000
vt -0.090774 0.076492 0.000000
vt 0.000000 0.000000 0.000000
vt -0.073435 0.061881 0.000000
vt -0.067488 -0.097685 0.000000
vt 0.000000 0.000000 0.000000
vt -0.031659 -0.149665 0.000000
vt 0.052878 -0.055274 0.000000
vt 0.000000 0.000000 0.000000
vt 0.066383 -0.069392 0.000000
vt 0.098042 0.080273 0.000000
vt 0.000000 0.000000 0.000000
vt -0.049873 0.040929 0.000000
vt -0.033940 -0.050795 0.000000
vt 0.000000 0.000000 0.000000
vt -0.015933 0.091724 0.000000
vt -0.059130 0.048527 0.000000
vt 0.000000 0.000000 0.000000
vt -0.006676 0.084127 0.000000
vt -0.049873 0.040929 0.000000
vt 0.000000 0.000000 0.000000
vt -0.040616 0.033332 0.000000
vt -0.033940 -0.050795 0.000000
vt 0.000000 0.000000 0.000000
vt -0.054857 -0.052542 0.000000
vt 0.000000 -0.052542 0.000000
vt 0.000000 0.000000 0.000000
vt 0.000001 -0.052542 0.000000
vt 0.054858 0.000000 0.000000
vt 0.000000 0.000000 0.000000
vt -0.040616 0.412378 0.000000
vt -0.040616 0.033332 0.000000
vt 0.000000 0.000000 0.000000
vt -0.040616 -0.033332 0.000000
vt 0.000000 -0.445710 0.000000
vt 0.000000 0.000000 0.000000
vt -0.000000 -0.052542 0.000000
vt 0.054858 0.000000 0.000000
vt 0.000000 0.000000 0.000000
vt -0.054858 -0.052542 0.000000
vt -0.000000 -0.052542 0.000000
vt 0.000000 0.000000 0.000000
vt 0.083813 -0.009865 0.000000
vt 0.049873 0.040930 0.000000
vt 0.000000 0.000000 0.000000
vt 0.040616 0.033332 0.000000
vt -0.043197 0.043197 0.000000
vt 0.000000 0.000000 0.000000
vt 0.093070 -0.002267 0.000000
vt 0.059130 0.048527 0.000000
vt 0.000000 0.000000 0.000000
vt 0.049873 0.040930 0.000000
vt -0.043198 0.043197 0.000000
vt 0.000000 0.000000 0.000000
vt 0.102525 -0.085993 0.000000
vt 0.056162 0.055203 0.000000
vt 0.000000 0.000000 0.000000
vt 0.041509 -0.158015 0.000000
vt 0.095157 -0.094081 0.000000
vt 0.000000 0.000000 0.000000
vt 0.016066 -0.172507 0.000000
vt 0.082495 -0.122171 0.000000
vt 0.000000 0.000000 0.000000
vt 0.104829 -0.103643 0.000000
vt 0.063320 0.054372 0.000000
vt 0.000000 0.000000 0.000000
vt -0.101318 0.114614 0.000000
vt -0.075899 -0.009521 0.000000
vt 0.000000 0.000000 0.000000
vt -0.125998 0.086753 0.000000
vt -0.071353 -0.027570 0.000000
vt 0.000000 0.000000 0.000000
vt -0.089578 -0.034611 0.000000
vt 0.036421 -0.121364 0.000000
vt 0.000000 0.000000 0.000000
vt -0.142404 0.055883 0.000000
vt -0.063230 -0.043049 0.000000
vt 0.000000 0.000000 0.000000
vt -0.079380 -0.054044 0.000000
vt 0.063023 -0.109927 0.000000
vt 0.000000 0.000000 0.000000
vt -0.150920 0.024999 0.000000
vt -0.052878 -0.055274 0.000000
vt 0.000000 0.000000 0.000000
vt -0.066384 -0.069391 0.000000
vt 0.084537 -0.094390 0.000000
vt 0.000000 0.000000 0.000000
vt 0.056947 -0.149136 0.000000
vt 0.073520 0.026393 0.000000
vt 0.000000 0.000000 0.000000
vt -0.155293 0.159639 0.000000
vt -0.155293 0.000000 0.000000
vt 0.000000 0.000000 0.000000
vt -0.155293 0.000000 0.000000
vt 0.000000 -0.159639 0.000000
vt 0.000000 0.000000 0.000000
vt 0.087578 -0.129700 0.000000
vt 0.071513 0.042807 0.000000
vt 0.000000 0.000000 0.000000
vt -0.037641 -0.172245 0.000000
vt 0.037770 -0.151873 0.000000
vt 0.000000 0.000000 0.000000
vt -0.068182 -0.162593 0.000000
vt 0.009670 -0.156200 0.000000
vt 0.000000 0.000000 0.000000
vt 0.056945 0.149137 0.000000
vt -0.072401 0.029325 0.000000
vt 0.000000 0.000000 0.000000
vt 0.164175 -0.055347 0.000000
vt 0.145140 0.025795 0.000000
vt 0.000000 0.000000 0.000000
vt 0.137277 0.075146 0.000000
vt -0.035976 0.075181 0.000000
vt 0.000000 0.000000 0.000000
vt 0.129834 -0.099171 0.000000
vt 0.132882 -0.015767 0.000000
vt 0.000000 0.000000 0.000000
vt 0.146388 0.017369 0.000000
vt -0.003048 0.083404 0.000000
vt 0.000000 0.000000 0.000000
vt 0.097385 -0.112259 0.000000
vt 0.113381 -0.035151 0.000000
vt 0.000000 0.000000 0.000000
vt 0.133141 -0.013402 0.000000
vt 0.015367 0.077236 0.000000
vt 0.000000 0.000000 0.000000
vt -0.067365 0.144771 0.000000
vt -0.113335 0.035300 0.000000
vt 0.000000 0.000000 0.000000
vt -0.084185 0.046203 0.000000
vt -0.046925 -0.109065 0.000000
vt 0.000000 0.000000 0.000000
vt -0.031657 -0.149665 0.000000
vt 0.052878 -0.055274 0.000000
vt 0.000000 0.000000 0.000000
vt 0.079380 -0.054044 0.000000
vt 0.079172 0.098932 0.000000
vt 0.000000 0.000000 0.000000
vt -0.015934 0.091724 0.000000
vt -0.059131 0.048527 0.000000
vt 0.000000 0.000000 0.000000
vt -0.040930 0.049874 0.000000
vt -0.043197 -0.043197 0.000000
vt 0.000000 0.000000 0.000000
vt 0.009865 0.083814 0.000000
vt -0.040930 0.049874 0.000000
vt 0.000000 0.000000 0.000000
vt -0.024768 0.046338 0.000000
vt -0.050794 -0.033940 0.000000
vt 0.000000 0.000000 0.000000
vt -0.054858 -0.052543 0.000000
vt 0.000000 -0.052543 0.000000
vt 0.000000 0.000000 0.000000
vt 0.000000 -0.052542 0.000000
vt 0.054858 0.000000 0.000000
vt 0.000000 0.000000 0.000000
vt -0.148383 0.008260 0.000000
vt -0.104175 -0.056909 0.000000
vt 0.000000 0.000000 0.000000
vt 0.150988 -0.051953 0.000000
vt 0.104064 0.057112 0.000000
vt 0.000000 0.000000 0.000000
vt 0.091687 0.028557 0.000000
vt -0.045971 0.109471 0.000000
vt 0.000000 0.000000 0.000000
vt -0.102525 -0.085993 0.000000
vt 0.044586 -0.064911 0.000000
vt 0.000000 0.000000 0.000000
vt -0.158477 -0.039709 0.000000
vt -0.095157 -0.094081 0.000000
vt 0.000000 0.000000 0.000000
vt -0.138663 -0.103872 0.000000
vt -0.061027 -0.134190 0.000000
vt 0.000000 0.000000 0.000000
vt -0.082994 -0.121832 0.000000
vt 0.064918 -0.052452 0.000000
vt 0.000000 0.000000 0.000000
vt 0.000000 -0.052542 0.000000
vt 0.054858 0.000000 0.000000
vt 0.000000 0.000000 0.000000
vt -0.054858 -0.052542 0.000000
vt 0.000000 -0.052542 0.000000
vt 0.000000 0.000000 0.000000
vt -0.054858 -0.052542 0.000000
vt 0.000000 -0.052542 0.000000
vt 0.000000 0.000000 0.000000
vt 0.000000 -0.052542 0.000000
vt 0.054858 0.000000 0.000000
vt 0.000000 0.000000 0.000000
vt -0.054858 -0.052542 0.000000
vt 0.000000 -0.052542 0.000000
vt 0.000000 0.000000 0.000000
vt 0.000000 -0.052542 0.000000
vt 0.054858 0.000000 0.000000
vt 0.000000 0.000000 0.000000
vt -0.054858 -0.052542 0.000000
vt 0.000000 -0.052542 0.000000
vt 0.000000 0.000000 0.000000
vt 0.000000 -0.052542 0.000000
vt 0.054858 0.000000 0.000000
vt 0.000000 0.000000 0.000000
vt -0.054858 -0.052543 0.000000
vt 0.000000 -0.052543 0.000000
vt 0.000000 0.000000 0.000000
vt 0.000000 -0.052543 0.000000
vt 0.054858 0.000000 0.000000
vt 0.000000 0.000000 0.000000
vt -0.054858 -0.052543 0.000000
vt 0.000000 -0.052543 0.000000
vt 0.000000 0.000000 0.000000
vt 0.000000 -0.052542 0.000000
vt 0.054858 0.000000 0.000000
vt 0.000000 0.000000 0.000000
vt -0.054858 -0.052542 0.000000
vt 0.000000 -0.052542 0.000000
vt 0.000000 0.000000 0.000000
vt 0.000000 -0.052543 0.000000
vt 0.054858 0.000000 0.000000
vt 0.000000 0.000000 0.000000
vt -0.054858 -0.052542 0.000000
vt 0.000000 -0.052542 0.000000
vt 0.000000 0.000000 0.000000
vt 0.000000 -0.052542 0.000000
vt 0.054858 0.000000 0.000000
vt 0.000000 0.000000 0.000000
vt -0.054858 -0.052542 0.000000
vt 0.000000 -0.052542 0.000000
vt 0.000000 0.000000 0.000000
vt 0.000000 0.052543 0.000000
vt -0.054858 0.000000 0.000000
vt 0.000000 0.000000 0.000000
vt 0.054858 0.052542 0.000000
vt 0.000000 0.052542 0.000000
vt 0.000000 0.000000 0.000000
vt 0.059478 0.140940 0.000000
vt -0.041431 0.064302 0.000000
vt 0.000000 0.000000 0.000000
vt -0.052013 0.080726 0.000000
vt -0.111492 -0.060213 0.000000
vt 0.000000 0.000000 0.000000
vt 0.059958 -0.075015 0.000000
vt 0.085244 0.082647 0.000000
vt 0.000000 0.000000 0.000000
vt -0.025286 -0.157662 0.000000
vt 0.074114 -0.092726 0.000000
vt 0.000000 0.000000 0.000000
vt -0.017933 0.147527 0.000000
vt -0.074323 0.092558 0.000000
vt 0.000000 0.000000 0.000000
vt -0.083782 0.104339 0.000000
vt -0.065850 -0.043188 0.000000
vt 0.000000 0.000000 0.000000
vt -0.010418 0.163044 0.000000
vt -0.075336 0.110592 0.000000
vt 0.000000 0.000000 0.000000
vt 0.012849 0.172777 0.000000
vt -0.061027 0.134190 0.000000
vt 0.000000 0.000000 0.000000
vt -0.082994 0.121832 0.000000
vt -0.072576 -0.041211 0.000000
vt 0.000000 0.000000 0.000000
vt 0.040930 -0.049873 0.000000
vt 0.043197 0.043197 0.000000
vt 0.000000 0.000000 0.000000
vt -0.002267 -0.093071 0.000000
vt 0.048527 -0.059130 0.000000
vt 0.000000 0.000000 0.000000
vt -0.009864 -0.083813 0.000000
vt 0.040930 -0.049873 0.000000
vt 0.000000 0.000000 0.000000
vt 0.033333 -0.040616 0.000000
vt 0.043197 0.043197 0.000000
vt 0.000000 0.000000 0.000000
vt 0.054858 0.052543 0.000000
vt 0.000000 0.052543 0.000000
vt 0.000000 0.000000 0.000000
vt 0.000000 0.052543 0.000000
vt -0.054858 0.000000 0.000000
vt 0.000000 0.000000 0.000000
vt -0.064788 0.142459 0.000000
vt -0.077636 -0.030318 0.000000
vt 0.000000 0.000000 0.000000
vt 0.050913 0.168799 0.000000
vt -0.025853 0.154349 0.000000
vt 0.000000 0.000000 0.000000
vt -0.026371 0.157446 0.000000
vt -0.077285 -0.011353 0.000000
vt 0.000000 0.000000 0.000000
vt 0.155293 0.000000 0.000000
vt 0.000000 0.159639 0.000000
vt 0.000000 0.000000 0.000000
vt -0.017313 -0.158698 0.000000
vt 0.077467 -0.010030 0.000000
vt 0.000000 0.000000 0.000000
vt 0.155293 -0.159639 0.000000
vt 0.155293 0.000000 0.000000
vt 0.000000 0.000000 0.000000
vt 0.033332 -0.338430 0.000000
vt 0.033333 -0.040616 0.000000
vt 0.000000 0.000000 0.000000
vt 0.033332 0.040615 0.000000
vt 0.000000 0.379045 0.000000
vt 0.000000 0.000000 0.000000
vt 0.000000 0.052542 0.000000
vt -0.054858 0.000000 0.000000
vt 0.000000 0.000000 0.000000
vt 0.054858 0.052542 0.000000
vt 0.000000 0.052542 0.000000
vt 0.000000 0.000000 0.000000
vt -0.044446 -0.150055 0.000000
vt 0.078506 -0.027991 0.000000
vt 0.000000 0.000000 0.000000
vt -0.094780 -0.148668 0.000000
vt -0.016972 -0.155576 0.000000
vt 0.000000 0.000000 0.000000
vt 0.017933 -0.147527 0.000000
vt 0.074324 -0.092558 0.000000
vt 0.000000 0.000000 0.000000
vt 0.025286 0.157661 0.000000
vt -0.074115 0.092725 0.000000
vt 0.000000 0.000000 0.000000
vt -0.059958 0.075014 0.000000
vt -0.085243 -0.082647 0.000000
vt 0.000000 0.000000 0.000000
vt -0.059478 -0.140940 0.000000
vt 0.041431 -0.064302 0.000000
vt 0.000000 0.000000 0.000000
vt 0.052013 -0.080726 0.000000
vt 0.111491 0.060214 0.000000
vt 0.000000 0.000000 0.000000
vt -0.040930 0.049873 0.000000
vt -0.043198 -0.043197 0.000000
vt 0.000000 0.000000 0.000000
vt 0.002268 0.093071 0.000000
vt -0.048527 0.059130 0.000000
vt 0.000000 0.000000 0.000000
vt 0.009865 0.083813 0.000000
vt -0.040930 0.049873 0.000000
vt 0.000000 0.000000 0.000000
vt -0.033332 0.040615 0.000000
vt -0.043197 -0.043198 0.000000
vt 0.000000 0.000000 0.000000
vt -0.054858 -0.052541 0.000000
vt 0.000000 -0.052541 0.000000
vt 0.000000 0.000000 0.000000
vt 0.000000 -0.052541 0.000000
vt 0.054858 0.000000 0.000000
vt 0.000000 0.000000 0.000000
vt 0.000000 0.379045 0.000000
vt -0.033332 0.040615 0.000000
vt 0.000000 0.000000 0.000000
vt -0.000000 -0.052543 0.000000
vt 0.054858 0.000000 0.000000
vt 0.000000 0.000000 0.000000
vt -0.033332 -0.040616 0.000000
vt -0.033332 -0.338430 0.000000
vt 0.000000 0.000000 0.000000
vt -0.054858 -0.052543 0.000000
vt -0.000000 -0.052543 0.000000
vt 0.000000 0.000000 0.000000
vt 0.084127 0.006676 0.000000
vt 0.040931 0.049873 0.000000
vt 0.000000 0.000000 0.000000
vt 0.033332 0.040616 0.000000
vt -0.050795 0.033940 0.000000
vt 0.000000 0.000000 0.000000
vt 0.091725 0.015933 0.000000
vt 0.048527 0.059130 0.000000
vt 0.000000 0.000000 0.000000
vt 0.040931 0.049873 0.000000
vt -0.050795 0.033940 0.000000
vt 0.000000 0.000000 0.000000
vt -0.152922 -0.004088 0.000000
vt -0.041431 -0.064302 0.000000
vt 0.000000 0.000000 0.000000
vt -0.052013 -0.080727 0.000000
vt 0.100909 -0.076638 0.000000
vt 0.000000 0.000000 0.000000
vt 0.083782 -0.104338 0.000000
vt 0.065849 0.043189 0.000000
vt 0.000000 0.000000 0.000000
vt 0.010418 -0.163043 0.000000
vt 0.075336 -0.110591 0.000000
vt 0.000000 0.000000 0.000000
vt 0.082994 -0.121832 0.000000
vt 0.072577 0.041211 0.000000
vt 0.000000 0.000000 0.000000
vt -0.012849 -0.172776 0.000000
vt 0.061027 -0.134190 0.000000
vt 0.000000 0.000000 0.000000
vt 0.084186 0.046203 0.000000
vt -0.066802 0.098156 0.000000
vt 0.000000 0.000000 0.000000
vt 0.073436 0.061880 0.000000
vt -0.084828 0.083074 0.000000
vt 0.000000 0.000000 0.000000
vt 0.158264 -0.021194 0.000000
vt 0.090775 0.076492 0.000000
vt 0.000000 0.000000 0.000000
vt 0.059958 0.075015 0.000000
vt -0.099401 0.064935 0.000000
vt 0.000000 0.000000 0.000000
vt 0.159358 0.010079 0.000000
vt 0.074114 0.092726 0.000000
vt 0.000000 0.000000 0.000000
vt 0.038527 -0.154920 0.000000
vt 0.076169 0.017325 0.000000
vt 0.000000 0.000000 0.000000
vt 0.155293 -0.159639 0.000000
vt 0.155293 0.000000 0.000000
vt 0.000000 0.000000 0.000000
vt 0.155293 0.000000 0.000000
vt 0.000000 0.159639 0.000000
vt 0.000000 0.000000 0.000000
vt 0.129347 0.119811 0.000000
vt 0.055826 0.146204 0.000000
vt 0.000000 0.000000 0.000000
vt 0.038527 0.154920 0.000000
vt -0.075412 0.020372 0.000000
vt 0.000000 0.000000 0.000000
vt 0.064787 -0.142459 0.000000
vt 0.077636 0.030317 0.000000
vt 0.000000 0.000000 0.000000
vt -0.050913 -0.168799 0.000000
vt 0.025853 -0.154349 0.000000
vt 0.000000 0.000000 0.000000
vt 0.173254 -0.000035 0.000000
vt 0.129309 0.070784 0.000000
vt 0.000000 0.000000 0.000000
vt 0.112640 0.108648 0.000000
vt -0.054506 0.063052 0.000000
vt 0.000000 0.000000 0.000000
vt 0.149436 -0.066035 0.000000
vt 0.132882 0.015767 0.000000
vt 0.000000 0.000000 0.000000
vt 0.138459 0.050599 0.000000
vt -0.022164 0.080463 0.000000
vt 0.000000 0.000000 0.000000
vt 0.117774 -0.090638 0.000000
vt 0.118109 -0.011889 0.000000
vt 0.000000 0.000000 0.000000
vt 0.133141 0.013402 0.000000
vt -0.000335 0.078749 0.000000
vt 0.000000 0.000000 0.000000
vt -0.094932 0.128392 0.000000
vt -0.118104 0.011944 0.000000
vt 0.000000 0.000000 0.000000
vt -0.091687 0.028558 0.000000
vt -0.024323 -0.116213 0.000000
vt 0.000000 0.000000 0.000000
vt 0.000207 -0.152976 0.000000
vt 0.063231 -0.043049 0.000000
vt 0.000000 0.000000 0.000000
vt 0.089578 -0.034611 0.000000
vt 0.054646 0.114324 0.000000
vt 0.000000 0.000000 0.000000
vt -0.033522 0.086854 0.000000
vt -0.067461 0.036059 0.000000
vt 0.000000 0.000000 0.000000
vt -0.049873 0.040929 0.000000
vt -0.033940 -0.050795 0.000000
vt 0.000000 0.000000 0.000000
vt -0.006676 0.084127 0.000000
vt -0.049873 0.040929 0.000000
vt 0.000000 0.000000 0.000000
vt -0.033333 0.040616 0.000000
vt -0.043197 -0.043198 0.000000
vt 0.000000 0.000000 0.000000
vt -0.147111 -0.021082 0.000000
vt -0.090950 -0.076284 0.000000
vt 0.000000 0.000000 0.000000
vt -0.083783 -0.104339 0.000000
vt 0.056390 -0.054969 0.000000
vt 0.000000 0.000000 0.000000
vt -0.147913 -0.069380 0.000000
vt -0.075337 -0.110591 0.000000
vt 0.000000 0.000000 0.000000
vt -0.122952 -0.122064 0.000000
vt -0.041866 -0.141344 0.000000
vt 0.000000 0.000000 0.000000
vt -0.059785 -0.134747 0.000000
vt 0.073277 -0.039951 0.000000
vt 0.000000 0.000000 0.000000
vt -0.064207 0.054766 0.000000
vt -0.064207 -0.006324 0.000000
vt 0.000000 0.000000 0.000000
vt -0.052289 0.005150 0.000000
vt 0.000000 -0.061090 0.000000
vt 0.000000 0.000000 0.000000
vt -0.052289 -0.005150 0.000000
vt 0.011918 -0.059916 0.000000
vt 0.000000 0.000000 0.000000
vt -0.052289 0.066240 0.000000
vt -0.064207 0.006324 0.000000
vt 0.000000 0.000000 0.000000
vt -0.050280 0.015252 0.000000
vt -0.011918 -0.059916 0.000000
vt 0.000000 0.000000 0.000000
vt -0.038362 0.075169 0.000000
vt -0.061740 0.018729 0.000000
vt 0.000000 0.000000 0.000000
vt -0.046338 0.024768 0.000000
vt -0.023379 -0.056439 0.000000
vt 0.000000 0.000000 0.000000
vt -0.073658 0.041188 0.000000
vt -0.061740 -0.018729 0.000000
vt 0.000000 0.000000 0.000000
vt -0.050280 -0.015252 0.000000
vt 0.023378 -0.056440 0.000000
vt 0.000000 0.000000 0.000000
vt -0.022959 0.081207 0.000000
vt -0.056899 0.030413 0.000000
vt 0.000000 0.000000 0.000000
vt -0.040616 0.033333 0.000000
vt -0.033940 -0.050794 0.000000
vt 0.000000 0.000000 0.000000
vt -0.080278 0.026026 0.000000
vt -0.056900 -0.030414 0.000000
vt 0.000000 0.000000 0.000000
vt -0.046338 -0.024768 0.000000
vt 0.033940 -0.050795 0.000000
vt 0.000000 0.000000 0.000000
vt -0.083813 0.009865 0.000000
vt -0.049873 -0.040929 0.000000
vt 0.000000 0.000000 0.000000
vt -0.040616 -0.033332 0.000000
vt 0.043197 -0.043198 0.000000
vt 0.000000 0.000000 0.000000
vt -0.084127 -0.006676 0.000000
vt -0.040930 -0.049873 0.000000
vt 0.000000 0.000000 0.000000
vt -0.033332 -0.040615 0.000000
vt 0.050795 -0.033939 0.000000
vt 0.000000 0.000000 0.000000
vt 0.030414 -0.056900 0.000000
vt 0.050795 0.033940 0.000000
vt 0.000000 0.000000 0.000000
vt -0.020381 -0.090840 0.000000
vt 0.036059 -0.067461 0.000000
vt 0.000000 0.000000 0.000000
vt 0.083115 0.128428 0.000000
vt -0.029599 0.070535 0.000000
vt 0.000000 0.000000 0.000000
vt -0.037159 0.088550 0.000000
vt -0.120274 -0.039877 0.000000
vt 0.000000 0.000000 0.000000
vt 0.044342 -0.085181 0.000000
vt 0.099599 0.064630 0.000000
vt 0.000000 0.000000 0.000000
vt -0.055257 -0.149811 0.000000
vt 0.054813 -0.105293 0.000000
vt 0.000000 0.000000 0.000000
vt 0.010947 0.148209 0.000000
vt -0.055013 0.105189 0.000000
vt 0.000000 0.000000 0.000000
vt -0.062014 0.118576 0.000000
vt -0.072961 -0.029634 0.000000
vt 0.000000 0.000000 0.000000
vt 0.019008 0.162266 0.000000
vt -0.054269 0.122314 0.000000
vt 0.000000 0.000000 0.000000
vt 0.036639 0.169335 0.000000
vt -0.041866 0.141344 0.000000
vt 0.000000 0.000000 0.000000
vt -0.059785 0.134747 0.000000
vt -0.078792 -0.027519 0.000000
vt 0.000000 0.000000 0.000000
vt -0.026027 -0.080278 0.000000
vt 0.030414 -0.056900 0.000000
vt 0.000000 0.000000 0.000000
vt 0.024768 -0.046338 0.000000
vt 0.050794 0.033940 0.000000
vt 0.000000 0.000000 0.000000
vt 0.054858 0.052542 0.000000
vt 0.000000 0.052542 0.000000
vt 0.000000 0.000000 0.000000
vt 0.000000 0.052542 0.000000
vt -0.054858 0.000000 0.000000
vt 0.000000 0.000000 0.000000
vt 0.024768 -0.251476 0.000000
vt 0.024768 -0.046338 0.000000
vt 0.000000 0.000000 0.000000
vt 0.024768 0.046339 0.000000
vt 0.000000 0.297814 0.000000
vt 0.000000 0.000000 0.000000
vt -0.044446 0.150055 0.000000
vt -0.081085 -0.019280 0.000000
vt 0.000000 0.000000 0.000000
vt 0.060495 0.165606 0.000000
vt -0.016972 0.155576 0.000000
vt 0.000000 0.000000 0.000000
vt -0.017313 0.158697 0.000000
vt -0.077808 -0.006909 0.000000
vt 0.000000 0.000000 0.000000
vt 0.155293 -0.000001 0.000000
vt 0.000000 0.159638 0.000000
vt 0.000000 0.000000 0.000000
vt -0.009865 -0.159334 0.000000
vt 0.077852 -0.006393 0.000000
vt 0.000000 0.000000 0.000000
vt 0.155293 -0.159640 0.000000
vt 0.155293 -0.000001 0.000000
vt 0.000000 0.000000 0.000000
vt 0.000000 0.052543 0.000000
vt -0.054858 0.000000 0.000000
vt 0.000000 0.000000 0.000000
vt 0.054858 0.052543 0.000000
vt 0.000000 0.052543 0.000000
vt 0.000000 0.000000 0.000000
vt -0.081209 -0.022961 0.000000
vt -0.030414 -0.056900 0.000000
vt 0.000000 0.000000 0.000000
vt -0.024768 -0.046339 0.000000
vt 0.056440 -0.023378 0.000000
vt 0.000000 0.000000 0.000000
vt -0.025943 -0.154333 0.000000
vt 0.081318 -0.018275 0.000000
vt 0.000000 0.000000 0.000000
vt -0.087716 -0.152941 0.000000
vt -0.009670 -0.156200 0.000000
vt 0.000000 0.000000 0.000000
vt -0.010946 -0.148210 0.000000
vt 0.055012 -0.105189 0.000000
vt 0.000000 0.000000 0.000000
vt 0.055257 0.149812 0.000000
vt -0.054812 0.105293 0.000000
vt 0.000000 0.000000 0.000000
vt -0.044343 0.085181 0.000000
vt -0.099599 -0.064630 0.000000
vt 0.000000 0.000000 0.000000
vt -0.083114 -0.128429 0.000000
vt 0.029600 -0.070535 0.000000
vt 0.000000 0.000000 0.000000
vt 0.037159 -0.088551 0.000000
vt 0.120273 0.039877 0.000000
vt 0.000000 0.000000 0.000000
vt -0.030414 0.056900 0.000000
vt -0.050794 -0.033940 0.000000
vt 0.000000 0.000000 0.000000
vt 0.020381 0.090840 0.000000
vt -0.036059 0.067461 0.000000
vt 0.000000 0.000000 0.000000
vt 0.026026 0.080278 0.000000
vt -0.030414 0.056900 0.000000
vt 0.000000 0.000000 0.000000
vt -0.024769 0.046339 0.000000
vt -0.050795 -0.033939 0.000000
vt 0.000000 0.000000 0.000000
vt -0.054858 -0.052543 0.000000
vt 0.000000 -0.052543 0.000000
vt 0.000000 0.000000 0.000000
vt 0.000000 -0.052543 0.000000
vt 0.054858 0.000000 0.000000
vt 0.000000 0.000000 0.000000
vt -0.024769 0.251477 0.000000
vt -0.024769 0.046339 0.000000
vt 0.000000 0.000000 0.000000
vt -0.024768 -0.046338 0.000000
vt 0.000000 -0.297814 0.000000
vt 0.000000 0.000000 0.000000
vt 0.081208 0.022960 0.000000
vt 0.030413 0.056900 0.000000
vt 0.000000 0.000000 0.000000
vt 0.024768 0.046338 0.000000
vt -0.056440 0.023378 0.000000
vt 0.000000 0.000000 0.000000
vt -0.000000 -0.052542 0.000000
vt 0.054858 0.000000 0.000000
vt 0.000000 0.000000 0.000000
vt -0.054858 -0.052542 0.000000
vt -0.000000 -0.052542 0.000000
vt 0.000000 0.000000 0.000000
vt 0.086853 0.033521 0.000000
vt 0.036059 0.067461 0.000000
vt 0.000000 0.000000 0.000000
vt 0.030413 0.056900 0.000000
vt -0.056440 0.023379 0.000000
vt 0.000000 0.000000 0.000000
vt -0.037159 -0.088551 0.000000
vt 0.112714 -0.057893 0.000000
vt 0.000000 0.000000 0.000000
vt -0.149872 -0.030657 0.000000
vt -0.029599 -0.070535 0.000000
vt 0.000000 0.000000 0.000000
vt 0.044342 0.085181 0.000000
vt -0.110069 0.044518 0.000000
vt 0.000000 0.000000 0.000000
vt 0.154412 0.040663 0.000000
vt 0.054812 0.105292 0.000000
vt 0.000000 0.000000 0.000000
vt 0.062015 -0.118576 0.000000
vt 0.072962 0.029633 0.000000
vt 0.000000 0.000000 0.000000
vt -0.019008 -0.162267 0.000000
vt 0.054270 -0.122315 0.000000
vt 0.000000 0.000000 0.000000
vt 0.059784 -0.134748 0.000000
vt 0.078792 0.027519 0.000000
vt 0.000000 0.000000 0.000000
vt -0.036639 -0.169335 0.000000
vt 0.041866 -0.141345 0.000000
vt 0.000000 0.000000 0.000000
vt -0.140173 -0.049370 0.000000
vt -0.074323 -0.092559 0.000000
vt 0.000000 0.000000 0.000000
vt -0.127974 -0.075555 0.000000
vt -0.055012 -0.105188 0.000000
vt 0.000000 0.000000 0.000000
vt -0.062015 -0.118576 0.000000
vt 0.065960 -0.043021 0.000000
vt 0.000000 0.000000 0.000000
vt 0.026372 -0.157445 0.000000
vt 0.077284 0.011354 0.000000
vt 0.000000 0.000000 0.000000
vt 0.155293 -0.159638 0.000000
vt 0.155293 0.000000 0.000000
vt 0.000000 0.000000 0.000000
vt 0.155293 0.000000 0.000000
vt 0.000000 0.159638 0.000000
vt 0.000000 0.000000 0.000000
vt 0.113939 0.134548 0.000000
vt 0.037769 0.151873 0.000000
vt 0.000000 0.000000 0.000000
vt 0.026371 0.157445 0.000000
vt -0.076767 0.014450 0.000000
vt 0.000000 0.000000 0.000000
vt 0.167146 0.045595 0.000000
vt 0.106101 0.102340 0.000000
vt 0.000000 0.000000 0.000000
vt 0.087578 0.129699 0.000000
vt -0.066429 0.050336 0.000000
vt 0.000000 0.000000 0.000000
vt 0.044446 -0.150055 0.000000
vt 0.081086 0.019280 0.000000
vt 0.000000 0.000000 0.000000
vt -0.060495 -0.165607 0.000000
vt 0.016972 -0.155576 0.000000
vt 0.000000 0.000000 0.000000
vt 0.160623 -0.029864 0.000000
vt 0.125684 0.045931 0.000000
vt 0.000000 0.000000 0.000000
vt 0.123941 0.079810 0.000000
vt -0.039317 0.073619 0.000000
vt 0.000000 0.000000 0.000000
vt 0.133476 -0.065347 0.000000
vt 0.118109 0.011889 0.000000
vt 0.000000 0.000000 0.000000
vt 0.127812 0.039625 0.000000
vt -0.015997 0.077108 0.000000
vt 0.000000 0.000000 0.000000
vt -0.118715 0.106786 0.000000
vt -0.118103 -0.011944 0.000000
vt 0.000000 0.000000 0.000000
vt -0.095544 0.009662 0.000000
vt -0.000612 -0.118730 0.000000
vt 0.000000 0.000000 0.000000
vt 0.034932 -0.148935 0.000000
vt 0.071352 -0.027570 0.000000
vt 0.000000 0.000000 0.000000
vt 0.095285 -0.011954 0.000000
vt 0.025418 0.124137 0.000000
vt 0.000000 0.000000 0.000000
vt -0.049822 0.078646 0.000000
vt -0.073200 0.022205 0.000000
vt 0.000000 0.000000 0.000000
vt -0.056899 0.030413 0.000000
vt -0.023378 -0.056440 0.000000
vt 0.000000 0.000000 0.000000
vt -0.133061 -0.094795 0.000000
vt -0.054269 -0.122314 0.000000
vt 0.000000 0.000000 0.000000
vt -0.107261 -0.136058 0.000000
vt -0.024438 -0.145375 0.000000
vt 0.000000 0.000000 0.000000
vt -0.035995 -0.142953 0.000000
vt 0.079004 -0.026906 0.000000
vt 0.000000 0.000000 0.000000
vt -0.064207 -0.006324 0.000000
vt 0.011919 -0.059916 0.000000
vt 0.000000 0.000000 0.000000
vt -0.076126 0.053593 0.000000
vt -0.076126 -0.007497 0.000000
vt 0.000000 0.000000 0.000000
vt -0.064207 0.006324 0.000000
vt 0.000000 -0.061090 0.000000
vt 0.000000 0.000000 0.000000
vt -0.085119 0.037711 0.000000
vt -0.073200 -0.022205 0.000000
vt 0.000000 0.000000 0.000000
vt -0.061740 -0.018729 0.000000
vt 0.023378 -0.056440 0.000000
vt 0.000000 0.000000 0.000000
vt -0.064207 0.067414 0.000000
vt -0.076125 0.007497 0.000000
vt 0.000000 0.000000 0.000000
vt -0.061740 0.018729 0.000000
vt -0.011918 -0.059916 0.000000
vt 0.000000 0.000000 0.000000
vt -0.090840 0.020381 0.000000
vt -0.067461 -0.036059 0.000000
vt 0.000000 0.000000 0.000000
vt -0.056900 -0.030414 0.000000
vt 0.033940 -0.050795 0.000000
vt 0.000000 0.000000 0.000000
vt -0.093070 0.002268 0.000000
vt -0.059130 -0.048527 0.000000
vt 0.000000 0.000000 0.000000
vt -0.049873 -0.040929 0.000000
vt 0.043198 -0.043197 0.000000
vt 0.000000 0.000000 0.000000
vt -0.091725 -0.015933 0.000000
vt -0.048527 -0.059130 0.000000
vt 0.000000 0.000000 0.000000
vt -0.040930 -0.049873 0.000000
vt 0.050795 -0.033940 0.000000
vt 0.000000 0.000000 0.000000
vt -0.086854 -0.033521 0.000000
vt -0.036059 -0.067461 0.000000
vt 0.000000 0.000000 0.000000
vt -0.030414 -0.056900 0.000000
vt 0.056440 -0.023379 0.000000
vt 0.000000 0.000000 0.000000
vt 0.018728 -0.061739 0.000000
vt 0.056440 0.023379 0.000000
vt 0.000000 0.000000 0.000000
vt -0.041188 -0.073657 0.000000
vt 0.018728 -0.061739 0.000000
vt 0.000000 0.000000 0.000000
vt 0.015252 -0.050279 0.000000
vt 0.056440 0.023378 0.000000
vt 0.000000 0.000000 0.000000
vt -0.037712 -0.085118 0.000000
vt 0.022205 -0.073200 0.000000
vt 0.000000 0.000000 0.000000
vt 0.102913 0.113184 0.000000
vt -0.017722 0.074413 0.000000
vt 0.000000 0.000000 0.000000
vt -0.022249 0.093419 0.000000
vt -0.125162 -0.019766 0.000000
vt 0.000000 0.000000 0.000000
vt 0.027209 -0.092096 0.000000
vt 0.110134 0.044359 0.000000
vt 0.000000 0.000000 0.000000
vt -0.082925 -0.136455 0.000000
vt 0.033633 -0.113841 0.000000
vt 0.000000 0.000000 0.000000
vt 0.039220 0.143345 0.000000
vt -0.033776 0.113799 0.000000
vt 0.000000 0.000000 0.000000
vt -0.038075 0.128282 0.000000
vt -0.077295 -0.015062 0.000000
vt 0.000000 0.000000 0.000000
vt 0.046330 0.156669 0.000000
vt -0.032674 0.129763 0.000000
vt 0.000000 0.000000 0.000000
vt 0.056880 0.163651 0.000000
vt -0.024438 0.145375 0.000000
vt 0.000000 0.000000 0.000000
vt -0.035995 0.142953 0.000000
vt -0.082325 -0.013716 0.000000
vt 0.000000 0.000000 0.000000
vt 0.054858 0.052542 0.000000
vt 0.000000 0.052542 0.000000
vt 0.000000 0.000000 0.000000
vt 0.000000 0.052542 0.000000
vt -0.054858 0.000000 0.000000
vt 0.000000 0.000000 0.000000
vt 0.015252 -0.154858 0.000000
vt 0.015252 -0.050279 0.000000
vt 0.000000 0.000000 0.000000
vt 0.015252 0.050280 0.000000
vt 0.000000 0.205138 0.000000
vt 0.000000 0.000000 0.000000
vt 0.000000 0.052542 0.000000
vt -0.054858 0.000000 0.000000
vt 0.000000 0.000000 0.000000
vt 0.054858 0.052542 0.000000
vt 0.000000 0.052542 0.000000
vt 0.000000 0.000000 0.000000
vt -0.025944 0.154334 0.000000
vt -0.082824 -0.009317 0.000000
vt 0.000000 0.000000 0.000000
vt 0.068181 0.162593 0.000000
vt -0.009671 0.156200 0.000000
vt 0.000000 0.000000 0.000000
vt -0.009864 0.159335 0.000000
vt -0.078046 -0.003258 0.000000
vt 0.000000 0.000000 0.000000
vt 0.155293 0.000000 0.000000
vt 0.000000 0.159640 0.000000
vt 0.000000 0.000000 0.000000
vt -0.003208 -0.159607 0.000000
vt 0.078050 -0.003138 0.000000
vt 0.000000 0.000000 0.000000
vt 0.155293 -0.159639 0.000000
vt 0.155293 0.000000 0.000000
vt 0.000000 0.000000 0.000000
vt -0.075168 -0.038362 0.000000
vt -0.018728 -0.061739 0.000000
vt 0.000000 0.000000 0.000000
vt -0.015252 -0.050280 0.000000
vt 0.059916 -0.011918 0.000000
vt 0.000000 0.000000 0.000000
vt -0.078645 -0.049821 0.000000
vt -0.022205 -0.073200 0.000000
vt 0.000000 0.000000 0.000000
vt -0.018728 -0.061739 0.000000
vt 0.059917 -0.011918 0.000000
vt 0.000000 0.000000 0.000000
vt -0.081259 -0.156468 0.000000
vt -0.003145 -0.156468 0.000000
vt 0.000000 0.000000 0.000000
vt -0.008529 -0.156267 0.000000
vt 0.082851 -0.009071 0.000000
vt 0.000000 0.000000 0.000000
vt -0.039220 -0.143345 0.000000
vt 0.033777 -0.113799 0.000000
vt 0.000000 0.000000 0.000000
vt 0.082925 0.136456 0.000000
vt -0.033634 0.113842 0.000000
vt 0.000000 0.000000 0.000000
vt -0.027209 0.092096 0.000000
vt -0.110134 -0.044360 0.000000
vt 0.000000 0.000000 0.000000
vt -0.102912 -0.113184 0.000000
vt 0.017722 -0.074413 0.000000
vt 0.000000 0.000000 0.000000
vt 0.022249 -0.093418 0.000000
vt 0.125161 0.019766 0.000000
vt 0.000000 0.000000 0.000000
vt -0.018728 0.061739 0.000000
vt -0.056440 -0.023379 0.000000
vt 0.000000 0.000000 0.000000
vt 0.037712 0.085118 0.000000
vt -0.022205 0.073200 0.000000
vt 0.000000 0.000000 0.000000
vt 0.041188 0.073658 0.000000
vt -0.018728 0.061739 0.000000
vt 0.000000 0.000000 0.000000
vt -0.015252 0.050280 0.000000
vt -0.056440 -0.023378 0.000000
vt 0.000000 0.000000 0.000000
vt -0.054858 -0.052542 0.000000
vt 0.000000 -0.052542 0.000000
vt 0.000000 0.000000 0.000000
vt 0.000000 -0.052542 0.000000
vt 0.054858 0.000000 0.000000
vt 0.000000 0.000000 0.000000
vt -0.015252 0.154858 0.000000
vt -0.015252 0.050280 0.000000
vt 0.000000 0.000000 0.000000
vt -0.015252 -0.050280 0.000000
vt 0.000000 -0.205138 0.000000
vt 0.000000 0.000000 0.000000
vt -0.000000 -0.052543 0.000000
vt 0.054858 0.000000 0.000000
vt 0.000000 0.000000 0.000000
vt -0.054858 -0.052543 0.000000
vt -0.000000 -0.052543 0.000000
vt 0.000000 0.000000 0.000000
vt 0.078645 0.049821 0.000000
vt 0.022205 0.073200 0.000000
vt 0.000000 0.000000 0.000000
vt 0.018728 0.061739 0.000000
vt -0.059917 0.011918 0.000000
vt 0.000000 0.000000 0.000000
vt 0.075168 0.038362 0.000000
vt 0.018728 0.061739 0.000000
vt 0.000000 0.000000 0.000000
vt 0.015252 0.050280 0.000000
vt -0.059916 0.011919 0.000000
vt 0.000000 0.000000 0.000000
vt -0.022249 -0.093419 0.000000
vt 0.120634 -0.038772 0.000000
vt 0.000000 0.000000 0.000000
vt -0.142883 -0.054647 0.000000
vt -0.017722 -0.074413 0.000000
vt 0.000000 0.000000 0.000000
vt 0.143767 0.069482 0.000000
vt 0.033634 0.113841 0.000000
vt 0.000000 0.000000 0.000000
vt 0.027209 0.092096 0.000000
vt -0.116558 0.022614 0.000000
vt 0.000000 0.000000 0.000000
vt -0.111072 -0.098736 0.000000
vt -0.033777 -0.113799 0.000000
vt 0.000000 0.000000 0.000000
vt -0.038075 -0.128282 0.000000
vt 0.072997 -0.029546 0.000000
vt 0.000000 0.000000 0.000000
vt 0.038075 -0.128282 0.000000
vt 0.077295 0.015062 0.000000
vt 0.000000 0.000000 0.000000
vt -0.046330 -0.156669 0.000000
vt 0.032674 -0.129763 0.000000
vt 0.000000 0.000000 0.000000
vt 0.035995 -0.142953 0.000000
vt 0.082325 0.013717 0.000000
vt 0.000000 0.000000 0.000000
vt -0.056881 -0.163651 0.000000
vt 0.024438 -0.145375 0.000000
vt 0.000000 0.000000 0.000000
vt -0.114999 -0.116047 0.000000
vt -0.032674 -0.129763 0.000000
vt 0.000000 0.000000 0.000000
vt 0.017313 -0.158698 0.000000
vt 0.077807 0.006909 0.000000
vt 0.000000 0.000000 0.000000
vt 0.155293 -0.159639 0.000000
vt 0.155293 0.000000 0.000000
vt 0.000000 0.000000 0.000000
vt 0.155293 0.000000 0.000000
vt 0.000000 0.159639 0.000000
vt 0.000000 0.000000 0.000000
vt 0.103139 0.142995 0.000000
vt 0.025854 0.154349 0.000000
vt 0.000000 0.000000 0.000000
vt 0.017313 0.158698 0.000000
vt -0.077467 0.010031 0.000000
vt 0.000000 0.000000 0.000000
vt 0.154007 0.079364 0.000000
vt 0.082495 0.122171 0.000000
vt 0.000000 0.000000 0.000000
vt 0.064788 0.142459 0.000000
vt -0.073875 0.038587 0.000000
vt 0.000000 0.000000 0.000000
vt 0.163258 0.006191 0.000000
vt 0.112506 0.072446 0.000000
vt 0.000000 0.000000 0.000000
vt 0.104830 0.103643 0.000000
vt -0.053647 0.063934 0.000000
vt 0.000000 0.000000 0.000000
vt 0.025943 -0.154334 0.000000
vt 0.082824 0.009316 0.000000
vt 0.000000 0.000000 0.000000
vt -0.068181 -0.162593 0.000000
vt 0.009671 -0.156200 0.000000
vt 0.000000 0.000000 0.000000
vt 0.143810 -0.037482 0.000000
vt 0.113382 0.035151 0.000000
vt 0.000000 0.000000 0.000000
vt 0.117433 0.064152 0.000000
vt -0.030951 0.072412 0.000000
vt 0.000000 0.000000 0.000000
vt -0.137658 0.080913 0.000000
vt -0.113335 -0.035300 0.000000
vt 0.000000 0.000000 0.000000
vt -0.095544 -0.009662 0.000000
vt 0.023171 -0.116448 0.000000
vt 0.000000 0.000000 0.000000
vt 0.069867 -0.136090 0.000000
vt 0.075899 -0.009521 0.000000
vt 0.000000 0.000000 0.000000
vt 0.095285 0.011954 0.000000
vt -0.006033 0.126569 0.000000
vt 0.000000 0.000000 0.000000
vt -0.012012 -0.146925 0.000000
vt 0.082352 -0.013556 0.000000
vt 0.000000 0.000000 0.000000
vt -0.091380 -0.147196 0.000000
vt -0.008034 -0.147196 0.000000
vt 0.000000 0.000000 0.000000
vt 0.125998 -0.086754 0.000000
vt 0.071353 0.027570 0.000000
vt 0.000000 0.000000 0.000000
vt 0.089578 0.034611 0.000000
vt -0.036420 0.121365 0.000000
vt 0.000000 0.000000 0.000000
vt 0.101317 -0.114615 0.000000
vt 0.075899 0.009521 0.000000
vt 0.000000 0.000000 0.000000
vt 0.142405 -0.055884 0.000000
vt 0.063230 0.043049 0.000000
vt 0.000000 0.000000 0.000000
vt 0.079381 0.054044 0.000000
vt -0.063024 0.109928 0.000000
vt 0.000000 0.000000 0.000000
vt 0.150920 -0.024999 0.000000
vt 0.052878 0.055274 0.000000
vt 0.000000 0.000000 0.000000
vt 0.066383 0.069392 0.000000
vt -0.084537 0.094391 0.000000
vt 0.000000 0.000000 0.000000
vt 0.152922 0.004088 0.000000
vt 0.041431 0.064302 0.000000
vt 0.000000 0.000000 0.000000
vt 0.052013 0.080726 0.000000
vt -0.100909 0.076638 0.000000
vt 0.000000 0.000000 0.000000
vt 0.149872 0.030657 0.000000
vt 0.029599 0.070535 0.000000
vt 0.000000 0.000000 0.000000
vt 0.037159 0.088551 0.000000
vt -0.112713 0.057894 0.000000
vt 0.000000 0.000000 0.000000
vt 0.142884 0.054647 0.000000
vt 0.017722 0.074413 0.000000
vt 0.000000 0.000000 0.000000
vt 0.022249 0.093418 0.000000
vt -0.120634 0.038772 0.000000
vt 0.000000 0.000000 0.000000
vt 0.006324 -0.064207 0.000000
vt 0.059917 0.011918 0.000000
vt 0.000000 0.000000 0.000000
vt -0.054766 -0.064207 0.000000
vt 0.006324 -0.064207 0.000000
vt 0.000000 0.000000 0.000000
vt 0.005150 -0.052289 0.000000
vt 0.059916 0.011918 0.000000
vt 0.000000 0.000000 0.000000
vt 0.054858 0.052542 0.000000
vt 0.000000 0.052542 0.000000
vt 0.000000 0.000000 0.000000
vt 0.000000 0.052542 0.000000
vt -0.054858 0.000000 0.000000
vt 0.000000 0.000000 0.000000
vt -0.053592 -0.076125 0.000000
vt 0.007498 -0.076125 0.000000
vt 0.000000 0.000000 0.000000
vt 0.119309 0.095746 0.000000
vt -0.005898 0.076266 0.000000
vt 0.000000 0.000000 0.000000
vt -0.007403 0.095746 0.000000
vt -0.126711 0.000001 0.000000
vt 0.000000 0.000000 0.000000
vt 0.009169 -0.095593 0.000000
vt 0.116566 0.022570 0.000000
vt 0.000000 0.000000 0.000000
vt -0.107397 -0.118164 0.000000
vt 0.011335 -0.118164 0.000000
vt 0.000000 0.000000 0.000000
vt 0.065913 0.133197 0.000000
vt -0.011387 0.118159 0.000000
vt 0.000000 0.000000 0.000000
vt -0.012836 0.133197 0.000000
vt -0.078750 0.000000 0.000000
vt 0.000000 0.000000 0.000000
vt 0.071448 0.146925 0.000000
vt -0.010904 0.133369 0.000000
vt 0.000000 0.000000 0.000000
vt 0.074817 0.156267 0.000000
vt -0.008034 0.147196 0.000000
vt 0.000000 0.000000 0.000000
vt -0.012012 0.146925 0.000000
vt -0.083460 0.000000 0.000000
vt 0.000000 0.000000 0.000000
vt -0.005150 0.052289 0.000000
vt -0.005150 -0.052289 0.000000
vt 0.000000 0.000000 0.000000
vt 0.054858 0.052542 0.000000
vt 0.000000 0.052542 0.000000
vt 0.000000 0.000000 0.000000
vt 0.000000 0.052542 0.000000
vt -0.054858 0.000000 0.000000
vt 0.000000 0.000000 0.000000
vt -0.066241 -0.052289 0.000000
vt -0.006324 -0.064208 0.000000
vt 0.000000 0.000000 0.000000
vt -0.005150 -0.052289 0.000000
vt 0.061090 0.000000 0.000000
vt 0.000000 0.000000 0.000000
vt -0.008529 0.156267 0.000000
vt -0.083346 0.000000 0.000000
vt 0.000000 0.000000 0.000000
vt 0.074906 0.159607 0.000000
vt -0.003145 0.156468 0.000000
vt 0.000000 0.000000 0.000000
vt -0.003208 0.159607 0.000000
vt -0.078114 0.000000 0.000000
vt 0.000000 0.000000 0.000000
vt 0.155293 0.000000 0.000000
vt 0.000000 0.159639 0.000000
vt 0.000000 0.000000 0.000000
vt 0.003208 -0.159606 0.000000
vt 0.078114 -0.000000 0.000000
vt 0.000000 0.000000 0.000000
vt 0.155293 -0.159639 0.000000
vt 0.155293 0.000000 0.000000
vt 0.000000 0.000000 0.000000
vt -0.067415 -0.064208 0.000000
vt -0.007498 -0.076126 0.000000
vt 0.000000 0.000000 0.000000
vt -0.006324 -0.064208 0.000000
vt 0.061090 0.000000 0.000000
vt 0.000000 0.000000 0.000000
vt 0.132609 0.076266 0.000000
vt 0.005898 0.076266 0.000000
vt 0.000000 0.000000 0.000000
vt 0.007403 0.095745 0.000000
vt -0.125207 0.019480 0.000000
vt 0.000000 0.000000 0.000000
vt -0.074905 -0.159606 0.000000
vt 0.003145 -0.156467 0.000000
vt 0.000000 0.000000 0.000000
vt 0.008529 -0.156266 0.000000
vt 0.083347 0.000000 0.000000
vt 0.000000 0.000000 0.000000
vt -0.065913 -0.133196 0.000000
vt 0.011387 -0.118158 0.000000
vt 0.000000 0.000000 0.000000
vt 0.107397 0.118163 0.000000
vt -0.011335 0.118163 0.000000
vt 0.000000 0.000000 0.000000
vt -0.009169 0.095593 0.000000
vt -0.116567 -0.022570 0.000000
vt 0.000000 0.000000 0.000000
vt -0.119308 -0.095746 0.000000
vt 0.005898 -0.076266 0.000000
vt 0.000000 0.000000 0.000000
vt 0.007403 -0.095745 0.000000
vt 0.126712 0.000001 0.000000
vt 0.000000 0.000000 0.000000
vt -0.006324 0.064208 0.000000
vt -0.059917 -0.011918 0.000000
vt 0.000000 0.000000 0.000000
vt 0.053592 0.076126 0.000000
vt -0.007498 0.076126 0.000000
vt 0.000000 0.000000 0.000000
vt 0.054766 0.064208 0.000000
vt -0.006324 0.064208 0.000000
vt 0.000000 0.000000 0.000000
vt -0.005150 0.052289 0.000000
vt -0.059916 -0.011919 0.000000
vt 0.000000 0.000000 0.000000
vt -0.054858 -0.052542 0.000000
vt 0.000000 -0.052542 0.000000
vt 0.000000 0.000000 0.000000
vt 0.000000 -0.052542 0.000000
vt 0.054858 0.000000 0.000000
vt 0.000000 0.000000 0.000000
vt 0.005150 -0.052289 0.000000
vt 0.005150 0.052289 0.000000
vt 0.000000 0.000000 0.000000
vt -0.054858 -0.052542 0.000000
vt -0.000000 -0.052542 0.000000
vt 0.000000 0.000000 0.000000
vt -0.000000 -0.052542 0.000000
vt 0.054858 0.000000 0.000000
vt 0.000000 0.000000 0.000000
vt 0.066240 0.052289 0.000000
vt 0.006324 0.064207 0.000000
vt 0.000000 0.000000 0.000000
vt 0.005150 0.052289 0.000000
vt -0.061090 0.000000 0.000000
vt 0.000000 0.000000 0.000000
vt 0.067415 0.064207 0.000000
vt 0.007498 0.076125 0.000000
vt 0.000000 0.000000 0.000000
vt -0.132609 -0.076267 0.000000
vt -0.005898 -0.076266 0.000000
vt 0.000000 0.000000 0.000000
vt -0.007403 -0.095746 0.000000
vt 0.125206 -0.019479 0.000000
vt 0.000000 0.000000 0.000000
vt 0.006324 0.064207 0.000000
vt -0.061090 0.000000 0.000000
vt 0.000000 0.000000 0.000000
vt 0.009169 0.095593 0.000000
vt -0.118732 0.000000 0.000000
vt 0.000000 0.000000 0.000000
vt 0.127901 0.095593 0.000000
vt 0.011335 0.118164 0.000000
vt 0.000000 0.000000 0.000000
vt -0.012836 -0.133197 0.000000
vt 0.077300 -0.015038 0.000000
vt 0.000000 0.000000 0.000000
vt -0.090136 -0.118159 0.000000
vt -0.011387 -0.118159 0.000000
vt 0.000000 0.000000 0.000000
vt -0.094364 -0.133369 0.000000
vt -0.010903 -0.133369 0.000000
vt 0.000000 0.000000 0.000000
vt 0.012836 -0.133196 0.000000
vt 0.078749 0.000000 0.000000
vt 0.000000 0.000000 0.000000
vt -0.071448 -0.146925 0.000000
vt 0.010903 -0.133368 0.000000
vt 0.000000 0.000000 0.000000
vt -0.074818 -0.156266 0.000000
vt 0.008034 -0.147196 0.000000
vt 0.000000 0.000000 0.000000
vt 0.012012 -0.146925 0.000000
vt 0.083460 -0.000000 0.000000
vt 0.000000 0.000000 0.000000
vt 0.009864 -0.159334 0.000000
vt 0.078046 0.003259 0.000000
vt 0.000000 0.000000 0.000000
vt 0.155293 0.000000 0.000000
vt 0.000000 0.159639 0.000000
vt 0.000000 0.000000 0.000000
vt 0.155293 -0.159639 0.000000
vt 0.155293 0.000000 0.000000
vt 0.000000 0.000000 0.000000
vt 0.094780 0.148667 0.000000
vt 0.016972 0.155576 0.000000
vt 0.000000 0.000000 0.000000
vt 0.009865 0.159334 0.000000
vt -0.077852 0.006393 0.000000
vt 0.000000 0.000000 0.000000
vt 0.138663 0.103872 0.000000
vt 0.061027 0.134190 0.000000
vt 0.000000 0.000000 0.000000
vt 0.044446 0.150055 0.000000
vt -0.078505 0.027990 0.000000
vt 0.000000 0.000000 0.000000
vt 0.158477 0.039709 0.000000
vt 0.095157 0.094081 0.000000
vt 0.000000 0.000000 0.000000
vt 0.082994 0.121832 0.000000
vt -0.064918 0.052452 0.000000
vt 0.000000 0.000000 0.000000
vt 0.148384 -0.008261 0.000000
vt 0.104175 0.056909 0.000000
vt 0.000000 0.000000 0.000000
vt 0.102524 0.085993 0.000000
vt -0.044586 0.064912 0.000000
vt 0.000000 0.000000 0.000000
vt -0.150988 0.051953 0.000000
vt -0.104064 -0.057112 0.000000
vt 0.000000 0.000000 0.000000
vt -0.091687 -0.028557 0.000000
vt 0.045970 -0.109470 0.000000
vt 0.000000 0.000000 0.000000
vt -0.084186 -0.046203 0.000000
vt 0.066802 -0.098156 0.000000
vt 0.000000 0.000000 0.000000
vt -0.073435 -0.061881 0.000000
vt 0.084828 -0.083074 0.000000
vt 0.000000 0.000000 0.000000
vt -0.158264 0.021193 0.000000
vt -0.090775 -0.076492 0.000000
vt 0.000000 0.000000 0.000000
vt -0.059958 -0.075014 0.000000
vt 0.099401 -0.064936 0.000000
vt 0.000000 0.000000 0.000000
vt -0.159358 -0.010078 0.000000
vt -0.074114 -0.092725 0.000000
vt 0.000000 0.000000 0.000000
vt -0.044342 -0.085181 0.000000
vt 0.110070 -0.044518 0.000000
vt 0.000000 0.000000 0.000000
vt -0.154413 -0.040663 0.000000
vt -0.054813 -0.105293 0.000000
vt 0.000000 0.000000 0.000000
vt -0.027210 -0.092096 0.000000
vt 0.116557 -0.022614 0.000000
vt 0.000000 0.000000 0.000000
vt -0.143767 -0.069482 0.000000
vt -0.033633 -0.113841 0.000000
vt 0.000000 0.000000 0.000000
vt -0.009169 -0.095593 0.000000
vt 0.118732 0.000000 0.000000
vt 0.000000 0.000000 0.000000
vt -0.127900 -0.095593 0.000000
vt -0.011335 -0.118163 0.000000
vt 0.000000 0.000000 0.000000
vt 0.090136 0.118158 0.000000
vt 0.011387 0.118158 0.000000
vt 0.000000 0.000000 0.000000
vt 0.012836 0.133196 0.000000
vt -0.077300 0.015038 0.000000
vt 0.000000 0.000000 0.000000
vt 0.094364 0.133368 0.000000
vt 0.010904 0.133368 0.000000
vt 0.000000 0.000000 0.000000
vt 0.091380 0.147196 0.000000
vt 0.008034 0.147196 0.000000
vt 0.000000 0.000000 0.000000
vt 0.012012 0.146925 0.000000
vt -0.082352 0.013556 0.000000
vt 0.000000 0.000000 0.000000
vt 0.081259 0.156467 0.000000
vt 0.003145 0.156467 0.000000
vt 0.000000 0.000000 0.000000
vt 0.008529 0.156266 0.000000
vt -0.082851 0.009071 0.000000
vt 0.000000 0.000000 0.000000
vt 0.003208 0.159606 0.000000
vt -0.078051 0.003139 0.000000
vt 0.000000 0.000000 0.000000
vt 0.155293 0.000000 0.000000
vt 0.000000 0.159639 0.000000
vt 0.000000 0.000000 0.000000
vt 0.087716 0.152942 0.000000
vt 0.009670 0.156201 0.000000
vt 0.000000 0.000000 0.000000
vt 0.122952 0.122064 0.000000
vt 0.041866 0.141345 0.000000
vt 0.000000 0.000000 0.000000
vt 0.025944 0.154334 0.000000
vt -0.081318 0.018276 0.000000
vt 0.000000 0.000000 0.000000
vt 0.147913 0.069380 0.000000
vt 0.075337 0.110591 0.000000
vt 0.000000 0.000000 0.000000
vt 0.059785 0.134747 0.000000
vt -0.073277 0.039952 0.000000
vt 0.000000 0.000000 0.000000
vt 0.147110 0.021081 0.000000
vt 0.090949 0.076285 0.000000
vt 0.000000 0.000000 0.000000
vt 0.083783 0.104338 0.000000
vt -0.056390 0.054969 0.000000
vt 0.000000 0.000000 0.000000
vt 0.140173 0.049369 0.000000
vt 0.074323 0.092558 0.000000
vt 0.000000 0.000000 0.000000
vt 0.127974 0.075556 0.000000
vt 0.055013 0.105189 0.000000
vt 0.000000 0.000000 0.000000
vt 0.062014 0.118576 0.000000
vt -0.065960 0.043020 0.000000
vt 0.000000 0.000000 0.000000
vt 0.111072 0.098736 0.000000
vt 0.033776 0.113799 0.000000
vt 0.000000 0.000000 0.000000
vt 0.038075 0.128282 0.000000
vt -0.072997 0.029546 0.000000
vt 0.000000 0.000000 0.000000
vt 0.114999 0.116046 0.000000
vt 0.032674 0.129763 0.000000
vt 0.000000 0.000000 0.000000
vt 0.107262 0.136059 0.000000
vt 0.024438 0.145375 0.000000
vt 0.000000 0.000000 0.000000
vt 0.035995 0.142953 0.000000
vt -0.079004 0.026906 0.000000
vt 0.000000 0.000000 0.000000
vt 0.133061 0.094796 0.000000
vt 0.054269 0.122315 0.000000
vt 0.000000 0.000000 0.000000
vn 0.828405 0.081593 0.554155
vn 0.828405 0.081593 0.554155
vn 0.828405 0.081593 0.554155
vn 0.828408 0.081591 0.554151
vn 0.828408 0.081591 0.554151
vn 0.828408 0.081591 0.554151
vn 0.974238 0.095957 0.204092
vn 0.974238 0.095957 0.204092
vn 0.974238 0.095957 0.204092
vn 0.936796 0.284176 0.204100
vn 0.936796 0.284176 0.204100
vn 0.936796 0.284176 0.204100
vn 0.936800 0.284172 0.204090
vn 0.936800 0.284172 0.204090
vn 0.936800 0.284172 0.204090
vn 0.796572 0.241638 0.554151
vn 0.796572 0.241638 0.554151
vn 0.796572 0.241638 0.554151
vn 0.828405 -0.081591 0.554155
vn 0.828405 -0.081591 0.554155
vn 0.828405 -0.081591 0.554155
vn 0.554976 0.054660 0.830068
vn 0.554976 0.054660 0.830068
vn 0.554976 0.054660 0.830068
vn 0.554976 -0.054661 0.830068
vn 0.554976 -0.054661 0.830068
vn 0.554976 -0.054661 0.830068
vn 0.554975 -0.054660 0.830069
vn 0.554975 -0.054660 0.830069
vn 0.554975 -0.054660 0.830069
vn 0.828408 -0.081594 0.554150
vn 0.828408 -0.081594 0.554150
vn 0.828408 -0.081594 0.554150
vn 0.974238 -0.095957 0.204090
vn 0.974238 -0.095957 0.204090
vn 0.974238 -0.095957 0.204090
vn 0.974238 0.095956 0.204090
vn 0.974238 0.095956 0.204090
vn 0.974238 0.095956 0.204090
vn 0.533648 0.161880 0.830069
vn 0.533648 0.161880 0.830069
vn 0.533648 0.161880 0.830069
vn 0.554976 0.054661 0.830069
vn 0.554976 0.054661 0.830069
vn 0.554976 0.054661 0.830069
vn 0.796574 0.241638 0.554149
vn 0.796574 0.241638 0.554149
vn 0.796574 0.241638 0.554149
vn 0.956941 0.290282 0.000000
vn 0.956941 0.290282 0.000000
vn 0.956941 0.290282 0.000000
vn 0.995185 0.098019 0.000000
vn 0.995185 0.098019 0.000000
vn 0.995185 0.098019 0.000000
vn 0.995185 0.098019 0.000000
vn 0.863357 0.461475 0.204099
vn 0.863357 0.461475 0.204099
vn 0.863357 0.461475 0.204099
vn 0.956941 0.290282 0.000000
vn 0.881921 0.471398 0.000000
vn 0.881921 0.471398 0.000000
vn 0.881921 0.471398 0.000000
vn 0.863360 0.461472 0.204092
vn 0.863360 0.461472 0.204092
vn 0.863360 0.461472 0.204092
vn 0.734127 0.392397 0.554150
vn 0.734127 0.392397 0.554150
vn 0.734127 0.392397 0.554150
vn 0.533648 -0.161880 0.830069
vn 0.533648 -0.161880 0.830069
vn 0.533648 -0.161880 0.830069
vn 0.533647 -0.161880 0.830070
vn 0.533647 -0.161880 0.830070
vn 0.533647 -0.161880 0.830070
vn 0.796574 -0.241637 0.554150
vn 0.796574 -0.241637 0.554150
vn 0.796574 -0.241637 0.554150
vn 0.205496 -0.020240 0.978449
vn 0.205496 -0.020240 0.978449
vn 0.205496 -0.020240 0.978449
vn 0.205496 -0.020240 0.978449
vn 0.205496 -0.020240 0.978449
vn 0.205496 -0.020240 0.978449
vn 0.205496 0.020240 0.978449
vn 0.205496 0.020240 0.978449
vn 0.205496 0.020240 0.978449
vn 0.197599 -0.059941 0.978449
vn 0.197599 -0.059941 0.978449
vn 0.197599 -0.059941 0.978449
vn 0.197599 -0.059941 0.978449
vn 0.197599 -0.059941 0.978449
vn 0.197599 -0.059941 0.978449
vn 0.796572 -0.241635 0.554153
vn 0.796572 -0.241635 0.554153
vn 0.796572 -0.241635 0.554153
vn 0.936799 -0.284172 0.204093
vn 0.936799 -0.284172 0.204093
vn 0.936799 -0.284172 0.204093
vn 0.974237 -0.095956 0.204093
vn 0.974237 -0.095956 0.204093
vn 0.974237 -0.095956 0.204093
vn 0.995185 -0.098019 0.000000
vn 0.995185 -0.098019 0.000000
vn 0.995185 -0.098019 0.000000
vn 0.995185 -0.098019 0.000000
vn 0.533647 0.161881 0.830069
vn 0.533647 0.161881 0.830069
vn 0.533647 0.161881 0.830069
vn 0.734124 0.392397 0.554153
vn 0.734124 0.392397 0.554153
vn 0.734124 0.392397 0.554153
vn 0.491813 0.262879 0.830069
vn 0.491813 0.262879 0.830069
vn 0.491813 0.262879 0.830069
vn 0.197599 0.059941 0.978449
vn 0.197599 0.059941 0.978449
vn 0.197599 0.059941 0.978449
vn 0.205496 0.020240 0.978449
vn 0.205496 0.020240 0.978449
vn 0.205496 0.020240 0.978449
vn 0.974238 0.095956 -0.204090
vn 0.974238 0.095956 -0.204090
vn 0.974238 0.095956 -0.204090
vn 0.936799 0.284176 -0.204089
vn 0.936799 0.284176 -0.204089
vn 0.936799 0.284176 -0.204089
vn 0.936798 0.284171 -0.204098
vn 0.936798 0.284171 -0.204098
vn 0.936798 0.284171 -0.204098
vn 0.974238 0.095957 -0.204089
vn 0.974238 0.095957 -0.204089
vn 0.974238 0.095957 -0.204089
vn 0.974238 -0.095956 -0.204089
vn 0.974238 -0.095956 -0.204089
vn 0.974238 -0.095956 -0.204089
vn 0.756740 0.621040 0.204092
vn 0.756740 0.621040 0.204092
vn 0.756740 0.621040 0.204092
vn 0.773011 0.634393 -0.000001
vn 0.773011 0.634393 -0.000001
vn 0.773011 0.634393 -0.000001
vn 0.881920 0.471399 -0.000001
vn 0.881920 0.471399 -0.000001
vn 0.881920 0.471399 -0.000001
vn 0.863358 0.461472 -0.204097
vn 0.863358 0.461472 -0.204097
vn 0.863358 0.461472 -0.204097
vn 0.863358 0.461477 -0.204089
vn 0.863358 0.461477 -0.204089
vn 0.863358 0.461477 -0.204089
vn 0.643465 0.528078 0.554154
vn 0.643465 0.528078 0.554154
vn 0.643465 0.528078 0.554154
vn 0.756740 0.621040 0.204092
vn 0.756740 0.621040 0.204092
vn 0.756740 0.621040 0.204092
vn 0.182109 -0.097339 0.978449
vn 0.182109 -0.097339 0.978449
vn 0.182109 -0.097339 0.978449
vn 0.182109 -0.097339 0.978449
vn 0.182109 -0.097339 0.978449
vn 0.182109 -0.097339 0.978449
vn 0.491812 -0.262878 0.830070
vn 0.491812 -0.262878 0.830070
vn 0.491812 -0.262878 0.830070
vn 0.491812 -0.262879 0.830069
vn 0.491812 -0.262879 0.830069
vn 0.491812 -0.262879 0.830069
vn 0.734125 -0.392398 0.554152
vn 0.734125 -0.392398 0.554152
vn 0.734125 -0.392398 0.554152
vn -0.225767 0.022236 0.973928
vn -0.225767 0.022236 0.973928
vn -0.225767 0.022236 0.973928
vn -0.225770 -0.022237 0.973927
vn -0.225770 -0.022237 0.973927
vn -0.225770 -0.022237 0.973927
vn -0.225770 0.022241 0.973927
vn -0.225770 0.022241 0.973927
vn -0.225770 0.022241 0.973927
vn -0.217087 0.065852 0.973928
vn -0.217087 0.065852 0.973928
vn -0.217087 0.065852 0.973928
vn -0.217090 0.065858 0.973927
vn -0.217090 0.065858 0.973927
vn -0.217090 0.065858 0.973927
vn -0.200071 0.106940 0.973928
vn -0.200071 0.106940 0.973928
vn -0.200071 0.106940 0.973928
vn -0.200070 0.106936 0.973928
vn -0.200070 0.106936 0.973928
vn -0.200070 0.106936 0.973928
vn 0.734125 -0.392400 0.554150
vn 0.734125 -0.392400 0.554150
vn 0.734125 -0.392400 0.554150
vn 0.863357 -0.461476 0.204095
vn 0.863357 -0.461476 0.204095
vn 0.863357 -0.461476 0.204095
vn 0.936799 -0.284171 0.204094
vn 0.936799 -0.284171 0.204094
vn 0.936799 -0.284171 0.204094
vn 0.956941 -0.290281 0.000000
vn 0.956941 -0.290281 0.000000
vn 0.956941 -0.290281 0.000000
vn 0.956941 -0.290281 0.000000
vn 0.974238 -0.095957 -0.204091
vn 0.974238 -0.095957 -0.204091
vn 0.974238 -0.095957 -0.204091
vn 0.936800 -0.284171 -0.204092
vn 0.936800 -0.284171 -0.204092
vn 0.936800 -0.284171 -0.204092
vn 0.197600 0.059941 0.978449
vn 0.197600 0.059941 0.978449
vn 0.197600 0.059941 0.978449
vn 0.182109 0.097339 0.978449
vn 0.182109 0.097339 0.978449
vn 0.182109 0.097339 0.978449
vn 0.491815 0.262879 0.830068
vn 0.491815 0.262879 0.830068
vn 0.491815 0.262879 0.830068
vn 0.431079 0.353777 0.830068
vn 0.431079 0.353777 0.830068
vn 0.431079 0.353777 0.830068
vn 0.643466 0.528078 0.554152
vn 0.643466 0.528078 0.554152
vn 0.643466 0.528078 0.554152
vn -0.217091 -0.065853 0.973928
vn -0.217091 -0.065853 0.973928
vn -0.217091 -0.065853 0.973928
vn -0.225767 -0.022240 0.973928
vn -0.225767 -0.022240 0.973928
vn -0.225767 -0.022240 0.973928
vn 0.796572 0.241639 -0.554151
vn 0.796572 0.241639 -0.554151
vn 0.796572 0.241639 -0.554151
vn 0.796572 0.241639 -0.554151
vn 0.796572 0.241639 -0.554151
vn 0.796572 0.241639 -0.554151
vn 0.828408 0.081593 -0.554151
vn 0.828408 0.081593 -0.554151
vn 0.828408 0.081593 -0.554151
vn 0.734125 0.392398 -0.554151
vn 0.734125 0.392398 -0.554151
vn 0.734125 0.392398 -0.554151
vn 0.734124 0.392396 -0.554154
vn 0.734124 0.392396 -0.554154
vn 0.734124 0.392396 -0.554154
vn 0.828405 -0.081594 -0.554155
vn 0.828405 -0.081594 -0.554155
vn 0.828405 -0.081594 -0.554155
vn 0.828405 0.081590 -0.554155
vn 0.828405 0.081590 -0.554155
vn 0.828405 0.081590 -0.554155
vn 0.773011 0.634392 0.000000
vn 0.773011 0.634392 0.000000
vn 0.773011 0.634392 0.000000
vn 0.634394 0.773010 0.000000
vn 0.634394 0.773010 0.000000
vn 0.634394 0.773010 0.000000
vn 0.621041 0.756739 0.204092
vn 0.621041 0.756739 0.204092
vn 0.621041 0.756739 0.204092
vn 0.756740 0.621042 -0.204089
vn 0.756740 0.621042 -0.204089
vn 0.756740 0.621042 -0.204089
vn 0.756741 0.621039 -0.204094
vn 0.756741 0.621039 -0.204094
vn 0.756741 0.621039 -0.204094
vn 0.643464 0.528079 -0.554155
vn 0.643464 0.528079 -0.554155
vn 0.643464 0.528079 -0.554155
vn 0.643463 0.528078 -0.554155
vn 0.643463 0.528078 -0.554155
vn 0.643463 0.528078 -0.554155
vn 0.621040 0.756740 0.204093
vn 0.621040 0.756740 0.204093
vn 0.621040 0.756740 0.204093
vn 0.528078 0.643465 0.554153
vn 0.528078 0.643465 0.554153
vn 0.528078 0.643465 0.554153
vn 0.159620 -0.130997 0.978448
vn 0.159620 -0.130997 0.978448
vn 0.159620 -0.130997 0.978448
vn -0.175362 0.143916 0.973928
vn -0.175362 0.143916 0.973928
vn -0.175362 0.143916 0.973928
vn -0.175362 0.143920 0.973928
vn -0.175362 0.143920 0.973928
vn -0.175362 0.143920 0.973928
vn 0.159619 -0.130996 0.978449
vn 0.159619 -0.130996 0.978449
vn 0.159619 -0.130996 0.978449
vn 0.431077 -0.353776 0.830070
vn 0.431077 -0.353776 0.830070
vn 0.431077 -0.353776 0.830070
vn 0.431076 -0.353774 0.830070
vn 0.431076 -0.353774 0.830070
vn 0.431076 -0.353774 0.830070
vn 0.643467 -0.528079 0.554150
vn 0.643467 -0.528079 0.554150
vn 0.643467 -0.528079 0.554150
vn -0.592705 0.179794 0.785095
vn -0.592705 0.179794 0.785095
vn -0.592705 0.179794 0.785095
vn -0.616392 0.060712 0.785095
vn -0.616392 0.060712 0.785095
vn -0.616392 0.060712 0.785095
vn -0.592706 0.179798 0.785094
vn -0.592706 0.179798 0.785094
vn -0.592706 0.179798 0.785094
vn -0.616391 0.060710 0.785096
vn -0.616391 0.060710 0.785096
vn -0.616391 0.060710 0.785096
vn -0.616392 -0.060710 0.785096
vn -0.616392 -0.060710 0.785096
vn -0.616392 -0.060710 0.785096
vn -0.546243 0.291971 0.785094
vn -0.546243 0.291971 0.785094
vn -0.546243 0.291971 0.785094
vn -0.546243 0.291973 0.785093
vn -0.546243 0.291973 0.785093
vn -0.546243 0.291973 0.785093
vn -0.478784 0.392931 0.785093
vn -0.478784 0.392931 0.785093
vn -0.478784 0.392931 0.785093
vn -0.478785 0.392928 0.785094
vn -0.478785 0.392928 0.785094
vn -0.478785 0.392928 0.785094
vn 0.643468 -0.528080 0.554149
vn 0.643468 -0.528080 0.554149
vn 0.643468 -0.528080 0.554149
vn 0.756739 -0.621040 0.204098
vn 0.756739 -0.621040 0.204098
vn 0.756739 -0.621040 0.204098
vn 0.863357 -0.461475 0.204097
vn 0.863357 -0.461475 0.204097
vn 0.863357 -0.461475 0.204097
vn 0.881921 -0.471398 0.000000
vn 0.881921 -0.471398 0.000000
vn 0.881921 -0.471398 0.000000
vn 0.881921 -0.471398 0.000000
vn 0.936796 -0.284175 -0.204101
vn 0.936796 -0.284175 -0.204101
vn 0.936796 -0.284175 -0.204101
vn 0.863356 -0.461475 -0.204101
vn 0.863356 -0.461475 -0.204101
vn 0.863356 -0.461475 -0.204101
vn 0.828409 -0.081591 -0.554150
vn 0.828409 -0.081591 -0.554150
vn 0.828409 -0.081591 -0.554150
vn 0.796573 -0.241639 -0.554150
vn 0.796573 -0.241639 -0.554150
vn 0.796573 -0.241639 -0.554150
vn 0.182108 0.097339 0.978449
vn 0.182108 0.097339 0.978449
vn 0.182108 0.097339 0.978449
vn -0.200072 -0.106941 0.973928
vn -0.200072 -0.106941 0.973928
vn -0.200072 -0.106941 0.973928
vn -0.217091 -0.065853 0.973928
vn -0.217091 -0.065853 0.973928
vn -0.217091 -0.065853 0.973928
vn 0.159619 0.130996 0.978449
vn 0.159619 0.130996 0.978449
vn 0.159619 0.130996 0.978449
vn 0.431077 0.353777 0.830069
vn 0.431077 0.353777 0.830069
vn 0.431077 0.353777 0.830069
vn 0.353776 0.431079 0.830068
vn 0.353776 0.431079 0.830068
vn 0.353776 0.431079 0.830068
vn 0.528077 0.643465 0.554154
vn 0.528077 0.643465 0.554154
vn 0.528077 0.643465 0.554154
vn -0.616392 -0.060710 0.785095
vn -0.616392 -0.060710 0.785095
vn -0.616392 -0.060710 0.785095
vn -0.592706 -0.179794 0.785095
vn -0.592706 -0.179794 0.785095
vn -0.592706 -0.179794 0.785095
vn 0.533639 0.161878 -0.830075
vn 0.533639 0.161878 -0.830075
vn 0.533639 0.161878 -0.830075
vn 0.554976 0.054660 -0.830069
vn 0.554976 0.054660 -0.830069
vn 0.554976 0.054660 -0.830069
vn 0.533647 0.161889 -0.830068
vn 0.533647 0.161889 -0.830068
vn 0.533647 0.161889 -0.830068
vn 0.491806 0.262874 -0.830075
vn 0.491806 0.262874 -0.830075
vn 0.491806 0.262874 -0.830075
vn 0.491808 0.262879 -0.830072
vn 0.491808 0.262879 -0.830072
vn 0.491808 0.262879 -0.830072
vn 0.431075 0.353774 -0.830071
vn 0.431075 0.353774 -0.830071
vn 0.431075 0.353774 -0.830071
vn 0.431075 0.353775 -0.830071
vn 0.431075 0.353775 -0.830071
vn 0.431075 0.353775 -0.830071
vn 0.554976 0.054661 -0.830068
vn 0.554976 0.054661 -0.830068
vn 0.554976 0.054661 -0.830068
vn 0.554976 -0.054660 -0.830068
vn 0.554976 -0.054660 -0.830068
vn 0.554976 -0.054660 -0.830068
vn 0.621040 0.756740 -0.204094
vn 0.621040 0.756740 -0.204094
vn 0.621040 0.756740 -0.204094
vn 0.621040 0.756739 -0.204095
vn 0.621040 0.756739 -0.204095
vn 0.621040 0.756739 -0.204095
vn 0.634394 0.773010 0.000000
vn 0.461474 0.863358 0.204094
vn 0.461474 0.863358 0.204094
vn 0.461474 0.863358 0.204094
vn 0.471395 0.881922 0.000000
vn 0.471395 0.881922 0.000000
vn 0.471395 0.881922 0.000000
vn 0.528077 0.643463 -0.554157
vn 0.528077 0.643463 -0.554157
vn 0.528077 0.643463 -0.554157
vn 0.528077 0.643464 -0.554156
vn 0.528077 0.643464 -0.554156
vn 0.528077 0.643464 -0.554156
vn 0.353773 0.431077 -0.830070
vn 0.353773 0.431077 -0.830070
vn 0.353773 0.431077 -0.830070
vn 0.353773 0.431074 -0.830072
vn 0.353773 0.431074 -0.830072
vn 0.353773 0.431074 -0.830072
vn 0.392397 0.734123 0.554156
vn 0.392397 0.734123 0.554156
vn 0.392397 0.734123 0.554156
vn 0.461475 0.863358 0.204091
vn 0.461475 0.863358 0.204091
vn 0.461475 0.863358 0.204091
vn 0.130996 -0.159619 0.978449
vn 0.130996 -0.159619 0.978449
vn 0.130996 -0.159619 0.978449
vn -0.143916 0.175362 0.973928
vn -0.143916 0.175362 0.973928
vn -0.143916 0.175362 0.973928
vn -0.143916 0.175362 0.973928
vn -0.143916 0.175362 0.973928
vn -0.143916 0.175362 0.973928
vn -0.392925 0.478787 0.785094
vn -0.392925 0.478787 0.785094
vn -0.392925 0.478787 0.785094
vn -0.392927 0.478782 0.785096
vn -0.392927 0.478782 0.785096
vn -0.392927 0.478782 0.785096
vn 0.130996 -0.159619 0.978449
vn 0.130996 -0.159619 0.978449
vn 0.130996 -0.159619 0.978449
vn 0.353775 -0.431076 0.830071
vn 0.353775 -0.431076 0.830071
vn 0.353775 -0.431076 0.830071
vn 0.353775 -0.431076 0.830070
vn 0.353775 -0.431076 0.830070
vn 0.353775 -0.431076 0.830070
vn 0.528080 -0.643468 0.554149
vn 0.528080 -0.643468 0.554149
vn 0.528080 -0.643468 0.554149
vn 0.000000 0.000000 1.000000
vn 0.000000 0.000000 1.000000
vn 0.000000 0.000000 1.000000
vn 0.000000 0.000000 1.000000
vn 0.000000 0.000000 1.000000
vn 0.000000 0.000000 1.000000
vn 0.000000 0.000000 1.000000
vn 0.000000 0.000000 1.000000
vn 0.000000 0.000000 1.000000
vn 0.000000 0.000000 1.000000
vn 0.000000 0.000000 1.000000
vn 0.000000 0.000000 1.000000
vn 0.000000 0.000000 1.000000
vn 0.528080 -0.643466 0.554151
vn 0.528080 -0.643466 0.554151
vn 0.528080 -0.643466 0.554151
vn 0.621041 -0.756739 0.204093
vn 0.621041 -0.756739 0.204093
vn 0.621041 -0.756739 0.204093
vn 0.756738 -0.621042 0.204093
vn 0.756738 -0.621042 0.204093
vn 0.756738 -0.621042 0.204093
vn 0.773009 -0.634395 0.000000
vn 0.773009 -0.634395 0.000000
vn 0.773009 -0.634395 0.000000
vn 0.773009 -0.634395 0.000000
vn 0.863359 -0.461473 -0.204096
vn 0.863359 -0.461473 -0.204096
vn 0.863359 -0.461473 -0.204096
vn 0.756738 -0.621042 -0.204097
vn 0.756738 -0.621042 -0.204097
vn 0.756738 -0.621042 -0.204097
vn 0.796574 -0.241639 -0.554149
vn 0.796574 -0.241639 -0.554149
vn 0.796574 -0.241639 -0.554149
vn 0.734128 -0.392398 -0.554149
vn 0.734128 -0.392398 -0.554149
vn 0.734128 -0.392398 -0.554149
vn 0.554975 -0.054661 -0.830069
vn 0.554975 -0.054661 -0.830069
vn 0.554975 -0.054661 -0.830069
vn 0.533647 -0.161881 -0.830069
vn 0.533647 -0.161881 -0.830069
vn 0.533647 -0.161881 -0.830069
vn 0.159619 0.130996 0.978449
vn 0.159619 0.130996 0.978449
vn 0.159619 0.130996 0.978449
vn -0.175367 -0.143920 0.973927
vn -0.175367 -0.143920 0.973927
vn -0.175367 -0.143920 0.973927
vn -0.200077 -0.106939 0.973927
vn -0.200077 -0.106939 0.973927
vn -0.200077 -0.106939 0.973927
vn -0.592704 -0.179796 0.785096
vn -0.592704 -0.179796 0.785096
vn -0.592704 -0.179796 0.785096
vn -0.546240 -0.291970 0.785096
vn -0.546240 -0.291970 0.785096
vn -0.546240 -0.291970 0.785096
vn 0.130995 0.159620 0.978449
vn 0.130995 0.159620 0.978449
vn 0.130995 0.159620 0.978449
vn 0.353774 0.431078 0.830070
vn 0.353774 0.431078 0.830070
vn 0.353774 0.431078 0.830070
vn 0.262880 0.491812 0.830069
vn 0.262880 0.491812 0.830069
vn 0.262880 0.491812 0.830069
vn 0.392398 0.734123 0.554154
vn 0.392398 0.734123 0.554154
vn 0.392398 0.734123 0.554154
vn 0.000000 0.000000 1.000000
vn 0.000000 0.000000 1.000000
vn 0.182116 0.097342 -0.978447
vn 0.182116 0.097342 -0.978447
vn 0.182116 0.097342 -0.978447
vn 0.197606 0.059951 -0.978447
vn 0.197606 0.059951 -0.978447
vn 0.197606 0.059951 -0.978447
vn 0.182117 0.097344 -0.978446
vn 0.182117 0.097344 -0.978446
vn 0.182117 0.097344 -0.978446
vn 0.197595 0.059939 -0.978449
vn 0.197595 0.059939 -0.978449
vn 0.197595 0.059939 -0.978449
vn 0.205492 0.020239 -0.978449
vn 0.205492 0.020239 -0.978449
vn 0.205492 0.020239 -0.978449
vn 0.159625 0.131001 -0.978447
vn 0.159625 0.131001 -0.978447
vn 0.159625 0.131001 -0.978447
vn 0.159625 0.131001 -0.978447
vn 0.159625 0.131001 -0.978447
vn 0.159625 0.131001 -0.978447
vn 0.131002 0.159625 -0.978447
vn 0.131002 0.159625 -0.978447
vn 0.131002 0.159625 -0.978447
vn 0.131002 0.159628 -0.978446
vn 0.131002 0.159628 -0.978446
vn 0.131002 0.159628 -0.978446
vn 0.205492 0.020239 -0.978449
vn 0.205492 0.020239 -0.978449
vn 0.205492 0.020239 -0.978449
vn 0.205492 -0.020239 -0.978449
vn 0.205492 -0.020239 -0.978449
vn 0.205492 -0.020239 -0.978449
vn 0.392400 0.734119 -0.554158
vn 0.392400 0.734119 -0.554158
vn 0.392400 0.734119 -0.554158
vn 0.392399 0.734123 -0.554154
vn 0.392399 0.734123 -0.554154
vn 0.392399 0.734123 -0.554154
vn 0.461476 0.863357 -0.204094
vn 0.461476 0.863357 -0.204094
vn 0.461476 0.863357 -0.204094
vn 0.461474 0.863360 -0.204087
vn 0.461474 0.863360 -0.204087
vn 0.461474 0.863360 -0.204087
vn 0.471395 0.881922 0.000000
vn 0.290284 0.956941 0.000000
vn 0.290284 0.956941 0.000000
vn 0.290284 0.956941 0.000000
vn 0.284174 0.936799 0.204092
vn 0.284174 0.936799 0.204092
vn 0.284174 0.936799 0.204092
vn 0.262879 0.491808 -0.830072
vn 0.262879 0.491808 -0.830072
vn 0.262879 0.491808 -0.830072
vn 0.262879 0.491806 -0.830073
vn 0.262879 0.491806 -0.830073
vn 0.262879 0.491806 -0.830073
vn 0.097344 0.182118 -0.978446
vn 0.097344 0.182118 -0.978446
vn 0.097344 0.182118 -0.978446
vn 0.097344 0.182116 -0.978447
vn 0.097344 0.182116 -0.978447
vn 0.097344 0.182116 -0.978447
vn 0.284175 0.936799 0.204091
vn 0.284175 0.936799 0.204091
vn 0.284175 0.936799 0.204091
vn 0.241637 0.796570 0.554155
vn 0.241637 0.796570 0.554155
vn 0.241637 0.796570 0.554155
vn 0.097339 -0.182108 0.978449
vn 0.097339 -0.182108 0.978449
vn 0.097339 -0.182108 0.978449
vn -0.106939 0.200070 0.973928
vn -0.106939 0.200070 0.973928
vn -0.106939 0.200070 0.973928
vn -0.106940 0.200069 0.973928
vn -0.106940 0.200069 0.973928
vn -0.106940 0.200069 0.973928
vn -0.291972 0.546238 0.785097
vn -0.291972 0.546238 0.785097
vn -0.291972 0.546238 0.785097
vn -0.291972 0.546238 0.785096
vn -0.291972 0.546238 0.785096
vn -0.291972 0.546238 0.785096
vn 0.000000 0.000000 1.000000
vn 0.000000 0.000000 1.000000
vn 0.097339 -0.182108 0.978449
vn 0.097339 -0.182108 0.978449
vn 0.097339 -0.182108 0.978449
vn 0.262878 -0.491811 0.830070
vn 0.262878 -0.491811 0.830070
vn 0.262878 -0.491811 0.830070
vn 0.262878 -0.491813 0.830070
vn 0.262878 -0.491813 0.830070
vn 0.262878 -0.491813 0.830070
vn 0.392397 -0.734126 0.554151
vn 0.392397 -0.734126 0.554151
vn 0.392397 -0.734126 0.554151
vn 0.000000 0.000000 1.000000
vn 0.000000 0.000000 1.000000
vn 0.000000 0.000000 1.000000
vn 0.000000 0.000000 1.000000
vn 0.000000 0.000000 1.000000
vn 0.000000 0.000000 1.000000
vn 0.000000 0.000000 1.000000
vn 0.392398 -0.734125 0.554153
vn 0.392398 -0.734125 0.554153
vn 0.392398 -0.734125 0.554153
vn 0.461474 -0.863359 0.204092
vn 0.461474 -0.863359 0.204092
vn 0.461474 -0.863359 0.204092
vn 0.621041 -0.756740 0.204092
vn 0.621041 -0.756740 0.204092
vn 0.621041 -0.756740 0.204092
vn 0.634394 -0.773010 0.000000
vn 0.634394 -0.773010 0.000000
vn 0.634394 -0.773010 0.000000
vn 0.634394 -0.773010 0.000000
vn 0.756739 -0.621041 -0.204094
vn 0.756739 -0.621041 -0.204094
vn 0.756739 -0.621041 -0.204094
vn 0.621041 -0.756739 -0.204094
vn 0.621041 -0.756739 -0.204094
vn 0.621041 -0.756739 -0.204094
vn 0.734127 -0.392398 -0.554150
vn 0.734127 -0.392398 -0.554150
vn 0.734127 -0.392398 -0.554150
vn 0.643466 -0.528081 -0.554150
vn 0.643466 -0.528081 -0.554150
vn 0.643466 -0.528081 -0.554150
vn 0.533644 -0.161882 -0.830071
vn 0.533644 -0.161882 -0.830071
vn 0.533644 -0.161882 -0.830071
vn 0.491810 -0.262877 -0.830072
vn 0.491810 -0.262877 -0.830072
vn 0.491810 -0.262877 -0.830072
vn 0.205492 -0.020239 -0.978449
vn 0.205492 -0.020239 -0.978449
vn 0.205492 -0.020239 -0.978449
vn 0.197595 -0.059941 -0.978449
vn 0.197595 -0.059941 -0.978449
vn 0.197595 -0.059941 -0.978449
vn 0.130995 0.159619 0.978449
vn 0.130995 0.159619 0.978449
vn 0.130995 0.159619 0.978449
vn -0.143915 -0.175362 0.973928
vn -0.143915 -0.175362 0.973928
vn -0.143915 -0.175362 0.973928
vn -0.175356 -0.143922 0.973929
vn -0.175356 -0.143922 0.973929
vn -0.175356 -0.143922 0.973929
vn -0.546240 -0.291970 0.785096
vn -0.546240 -0.291970 0.785096
vn -0.546240 -0.291970 0.785096
vn -0.478780 -0.392931 0.785096
vn -0.478780 -0.392931 0.785096
vn -0.478780 -0.392931 0.785096
vn 0.000000 0.000000 1.000000
vn 0.000000 0.000000 1.000000
vn 0.097343 0.182105 0.978449
vn 0.097343 0.182105 0.978449
vn 0.097343 0.182105 0.978449
vn 0.262888 0.491816 0.830065
vn 0.262888 0.491816 0.830065
vn 0.262888 0.491816 0.830065
vn 0.161882 0.533655 0.830064
vn 0.161882 0.533655 0.830064
vn 0.161882 0.533655 0.830064
vn 0.241635 0.796570 0.554157
vn 0.241635 0.796570 0.554157
vn 0.241635 0.796570 0.554157
vn 0.000000 0.000000 1.000000
vn -0.175369 -0.143922 -0.973926
vn -0.175369 -0.143922 -0.973926
vn -0.175369 -0.143922 -0.973926
vn -0.200076 -0.106944 -0.973926
vn -0.200076 -0.106944 -0.973926
vn -0.200076 -0.106944 -0.973926
vn -0.175369 -0.143921 -0.973926
vn -0.175369 -0.143921 -0.973926
vn -0.175369 -0.143921 -0.973926
vn -0.217096 -0.065854 -0.973926
vn -0.217096 -0.065854 -0.973926
vn -0.217096 -0.065854 -0.973926
vn -0.200076 -0.106943 -0.973926
vn -0.200076 -0.106943 -0.973926
vn -0.200076 -0.106943 -0.973926
vn -0.225773 -0.022237 -0.973926
vn -0.225773 -0.022237 -0.973926
vn -0.225773 -0.022237 -0.973926
vn -0.217097 -0.065856 -0.973926
vn -0.217097 -0.065856 -0.973926
vn -0.217097 -0.065856 -0.973926
vn -0.143919 -0.175372 -0.973926
vn -0.143919 -0.175372 -0.973926
vn -0.143919 -0.175372 -0.973926
vn -0.143920 -0.175366 -0.973927
vn -0.143920 -0.175366 -0.973927
vn -0.143920 -0.175366 -0.973927
vn -0.106945 -0.200072 -0.973927
vn -0.106945 -0.200072 -0.973927
vn -0.106945 -0.200072 -0.973927
vn -0.106943 -0.200077 -0.973926
vn -0.106943 -0.200077 -0.973926
vn -0.106943 -0.200077 -0.973926
vn -0.225773 0.022237 -0.973926
vn -0.225773 0.022237 -0.973926
vn -0.225773 0.022237 -0.973926
vn -0.225773 -0.022236 -0.973926
vn -0.225773 -0.022236 -0.973926
vn -0.225773 -0.022236 -0.973926
vn 0.241635 0.796571 -0.554154
vn 0.241635 0.796571 -0.554154
vn 0.241635 0.796571 -0.554154
vn 0.161878 0.533643 -0.830073
vn 0.161878 0.533643 -0.830073
vn 0.161878 0.533643 -0.830073
vn 0.161878 0.533645 -0.830072
vn 0.161878 0.533645 -0.830072
vn 0.161878 0.533645 -0.830072
vn 0.284174 0.936800 -0.204087
vn 0.284174 0.936800 -0.204087
vn 0.284174 0.936800 -0.204087
vn 0.241636 0.796569 -0.554157
vn 0.241636 0.796569 -0.554157
vn 0.241636 0.796569 -0.554157
vn 0.284177 0.936797 -0.204093
vn 0.284177 0.936797 -0.204093
vn 0.284177 0.936797 -0.204093
vn 0.290287 0.956940 0.000004
vn 0.290287 0.956940 0.000004
vn 0.290287 0.956940 0.000004
vn 0.095956 0.974238 0.204090
vn 0.095956 0.974238 0.204090
vn 0.095956 0.974238 0.204090
vn 0.098019 0.995185 0.000004
vn 0.098019 0.995185 0.000004
vn 0.098019 0.995185 0.000004
vn 0.059944 0.197607 -0.978447
vn 0.059944 0.197607 -0.978447
vn 0.059944 0.197607 -0.978447
vn 0.059944 0.197608 -0.978447
vn 0.059944 0.197608 -0.978447
vn 0.059944 0.197608 -0.978447
vn -0.065855 -0.217096 -0.973926
vn -0.065855 -0.217096 -0.973926
vn -0.065855 -0.217096 -0.973926
vn -0.065856 -0.217095 -0.973926
vn -0.065856 -0.217095 -0.973926
vn -0.065856 -0.217095 -0.973926
vn 0.081591 0.828404 0.554156
vn 0.081591 0.828404 0.554156
vn 0.081591 0.828404 0.554156
vn 0.095954 0.974237 0.204094
vn 0.095954 0.974237 0.204094
vn 0.095954 0.974237 0.204094
vn 0.059941 -0.197599 0.978449
vn 0.059941 -0.197599 0.978449
vn 0.059941 -0.197599 0.978449
vn -0.065853 0.217087 0.973928
vn -0.065853 0.217087 0.973928
vn -0.065853 0.217087 0.973928
vn -0.065853 0.217088 0.973928
vn -0.065853 0.217088 0.973928
vn -0.065853 0.217088 0.973928
vn -0.179797 0.592702 0.785097
vn -0.179797 0.592702 0.785097
vn -0.179797 0.592702 0.785097
vn -0.179794 0.592706 0.785095
vn -0.179794 0.592706 0.785095
vn -0.179794 0.592706 0.785095
vn 0.000000 0.000000 1.000000
vn 0.000000 0.000000 1.000000
vn 0.000000 0.000000 1.000000
vn 0.059942 -0.197599 0.978449
vn 0.059942 -0.197599 0.978449
vn 0.059942 -0.197599 0.978449
vn 0.161882 -0.533646 0.830070
vn 0.161882 -0.533646 0.830070
vn 0.161882 -0.533646 0.830070
vn 0.161881 -0.533649 0.830068
vn 0.161881 -0.533649 0.830068
vn 0.161881 -0.533649 0.830068
vn 0.241637 -0.796571 0.554153
vn 0.241637 -0.796571 0.554153
vn 0.241637 -0.796571 0.554153
vn -0.773012 0.634392 0.000000
vn -0.773012 0.634392 0.000000
vn -0.773012 0.634392 0.000000
vn -0.881920 0.471399 0.000000
vn -0.881920 0.471399 0.000000
vn -0.881920 0.471399 0.000000
vn -0.773012 0.634392 0.000000
vn -0.881920 0.471399 0.000000
vn -0.956938 0.290292 0.000000
vn -0.956938 0.290292 0.000000
vn -0.956938 0.290292 0.000000
vn -0.956938 0.290292 0.000000
vn -0.995186 0.098008 0.000000
vn -0.995186 0.098008 0.000000
vn -0.995186 0.098008 0.000000
vn -0.634397 0.773008 0.000000
vn -0.634397 0.773008 0.000000
vn -0.634397 0.773008 0.000000
vn -0.634397 0.773008 0.000000
vn -0.995185 -0.098010 0.000000
vn -0.995185 -0.098010 0.000000
vn -0.995185 -0.098010 0.000000
vn -0.995186 0.098008 0.000000
vn -0.471394 0.881923 0.000000
vn -0.471394 0.881923 0.000000
vn -0.471394 0.881923 0.000000
vn -0.471397 0.881921 0.000004
vn -0.471397 0.881921 0.000004
vn -0.471397 0.881921 0.000004
vn -0.290283 0.956941 0.000003
vn -0.290283 0.956941 0.000003
vn -0.290283 0.956941 0.000003
vn -0.290280 0.956942 0.000000
vn -0.290280 0.956942 0.000000
vn -0.290280 0.956942 0.000000
vn 0.241637 -0.796572 0.554152
vn 0.241637 -0.796572 0.554152
vn 0.241637 -0.796572 0.554152
vn 0.284174 -0.936798 0.204096
vn 0.284174 -0.936798 0.204096
vn 0.284174 -0.936798 0.204096
vn 0.461475 -0.863357 0.204095
vn 0.461475 -0.863357 0.204095
vn 0.461475 -0.863357 0.204095
vn 0.471398 -0.881921 -0.000003
vn 0.471398 -0.881921 -0.000003
vn 0.471398 -0.881921 -0.000003
vn 0.471395 -0.881922 0.000000
vn 0.471395 -0.881922 0.000000
vn 0.471395 -0.881922 0.000000
vn 0.621039 -0.756740 -0.204097
vn 0.621039 -0.756740 -0.204097
vn 0.621039 -0.756740 -0.204097
vn 0.461473 -0.863358 -0.204097
vn 0.461473 -0.863358 -0.204097
vn 0.461473 -0.863358 -0.204097
vn 0.643464 -0.528081 -0.554153
vn 0.643464 -0.528081 -0.554153
vn 0.643464 -0.528081 -0.554153
vn 0.528078 -0.643466 -0.554153
vn 0.528078 -0.643466 -0.554153
vn 0.528078 -0.643466 -0.554153
vn 0.491811 -0.262877 -0.830071
vn 0.491811 -0.262877 -0.830071
vn 0.491811 -0.262877 -0.830071
vn 0.431074 -0.353776 -0.830071
vn 0.431074 -0.353776 -0.830071
vn 0.431074 -0.353776 -0.830071
vn 0.197598 -0.059940 -0.978449
vn 0.197598 -0.059940 -0.978449
vn 0.197598 -0.059940 -0.978449
vn 0.182108 -0.097338 -0.978449
vn 0.182108 -0.097338 -0.978449
vn 0.182108 -0.097338 -0.978449
vn -0.217097 0.065855 -0.973926
vn -0.217097 0.065855 -0.973926
vn -0.217097 0.065855 -0.973926
vn -0.225773 0.022236 -0.973926
vn -0.225773 0.022236 -0.973926
vn -0.225773 0.022236 -0.973926
vn 0.097342 0.182104 0.978449
vn 0.097342 0.182104 0.978449
vn 0.097342 0.182104 0.978449
vn -0.106937 -0.200071 0.973928
vn -0.106937 -0.200071 0.973928
vn -0.106937 -0.200071 0.973928
vn -0.143916 -0.175362 0.973928
vn -0.143916 -0.175362 0.973928
vn -0.143916 -0.175362 0.973928
vn -0.478788 -0.392928 0.785092
vn -0.478788 -0.392928 0.785092
vn -0.478788 -0.392928 0.785092
vn -0.392930 -0.478786 0.785093
vn -0.392930 -0.478786 0.785093
vn -0.392930 -0.478786 0.785093
vn 0.000000 0.000000 1.000000
vn 0.000000 0.000000 1.000000
vn 0.000000 0.000000 1.000000
vn 0.059940 0.197596 0.978449
vn 0.059940 0.197596 0.978449
vn 0.059940 0.197596 0.978449
vn 0.161881 0.533654 0.830065
vn 0.161881 0.533654 0.830065
vn 0.161881 0.533654 0.830065
vn 0.081592 0.828405 0.554155
vn 0.081592 0.828405 0.554155
vn 0.081592 0.828405 0.554155
vn 0.054662 0.554981 0.830065
vn 0.054662 0.554981 0.830065
vn 0.054662 0.554981 0.830065
vn -0.995185 -0.098010 0.000000
vn -0.956939 -0.290290 0.000000
vn -0.956939 -0.290290 0.000000
vn -0.956939 -0.290290 0.000000
vn -0.392926 -0.478784 -0.785096
vn -0.392926 -0.478784 -0.785096
vn -0.392926 -0.478784 -0.785096
vn -0.392926 -0.478784 -0.785096
vn -0.392926 -0.478784 -0.785096
vn -0.392926 -0.478784 -0.785096
vn -0.478784 -0.392926 -0.785096
vn -0.478784 -0.392926 -0.785096
vn -0.478784 -0.392926 -0.785096
vn -0.478784 -0.392927 -0.785095
vn -0.478784 -0.392927 -0.785095
vn -0.478784 -0.392927 -0.785095
vn -0.546239 -0.291972 -0.785095
vn -0.546239 -0.291972 -0.785095
vn -0.546239 -0.291972 -0.785095
vn -0.546239 -0.291971 -0.785096
vn -0.546239 -0.291971 -0.785096
vn -0.546239 -0.291971 -0.785096
vn -0.592703 -0.179797 -0.785096
vn -0.592703 -0.179797 -0.785096
vn -0.592703 -0.179797 -0.785096
vn -0.592703 -0.179796 -0.785097
vn -0.592703 -0.179796 -0.785097
vn -0.592703 -0.179796 -0.785097
vn -0.616391 -0.060708 -0.785097
vn -0.616391 -0.060708 -0.785097
vn -0.616391 -0.060708 -0.785097
vn -0.291971 -0.546240 -0.785096
vn -0.291971 -0.546240 -0.785096
vn -0.291971 -0.546240 -0.785096
vn -0.291972 -0.546239 -0.785096
vn -0.291972 -0.546239 -0.785096
vn -0.291972 -0.546239 -0.785096
vn -0.179798 -0.592703 -0.785096
vn -0.179798 -0.592703 -0.785096
vn -0.179798 -0.592703 -0.785096
vn -0.179796 -0.592705 -0.785095
vn -0.179796 -0.592705 -0.785095
vn -0.179796 -0.592705 -0.785095
vn -0.616391 -0.060708 -0.785096
vn -0.616391 -0.060708 -0.785096
vn -0.616391 -0.060708 -0.785096
vn -0.616391 0.060708 -0.785097
vn -0.616391 0.060708 -0.785097
vn -0.616391 0.060708 -0.785097
vn 0.081591 0.828404 -0.554157
vn 0.081591 0.828404 -0.554157
vn 0.081591 0.828404 -0.554157
vn 0.054659 0.554972 -0.830072
vn 0.054659 0.554972 -0.830072
vn 0.054659 0.554972 -0.830072
vn 0.054660 0.554971 -0.830072
vn 0.054660 0.554971 -0.830072
vn 0.054660 0.554971 -0.830072
vn 0.020241 0.205505 -0.978447
vn 0.020241 0.205505 -0.978447
vn 0.020241 0.205505 -0.978447
vn 0.020240 0.205506 -0.978447
vn 0.020240 0.205506 -0.978447
vn 0.020240 0.205506 -0.978447
vn 0.081590 0.828405 -0.554155
vn 0.081590 0.828405 -0.554155
vn 0.081590 0.828405 -0.554155
vn 0.095953 0.974238 -0.204094
vn 0.095953 0.974238 -0.204094
vn 0.095953 0.974238 -0.204094
vn 0.095952 0.974238 -0.204092
vn 0.095952 0.974238 -0.204092
vn 0.095952 0.974238 -0.204092
vn 0.098015 0.995185 0.000000
vn 0.098015 0.995185 0.000000
vn 0.098015 0.995185 0.000000
vn -0.095955 0.974237 0.204094
vn -0.095955 0.974237 0.204094
vn -0.095955 0.974237 0.204094
vn -0.098019 0.995185 0.000000
vn -0.098019 0.995185 0.000000
vn -0.098019 0.995185 0.000000
vn -0.022238 -0.225772 -0.973926
vn -0.022238 -0.225772 -0.973926
vn -0.022238 -0.225772 -0.973926
vn -0.022237 -0.225773 -0.973926
vn -0.022237 -0.225773 -0.973926
vn -0.022237 -0.225773 -0.973926
vn -0.060704 -0.616393 -0.785095
vn -0.060704 -0.616393 -0.785095
vn -0.060704 -0.616393 -0.785095
vn -0.060712 -0.616388 -0.785098
vn -0.060712 -0.616388 -0.785098
vn -0.060712 -0.616388 -0.785098
vn -0.081591 0.828405 0.554155
vn -0.081591 0.828405 0.554155
vn -0.081591 0.828405 0.554155
vn -0.095954 0.974238 0.204091
vn -0.095954 0.974238 0.204091
vn -0.095954 0.974238 0.204091
vn 0.020239 -0.205496 0.978449
vn 0.020239 -0.205496 0.978449
vn 0.020239 -0.205496 0.978449
vn -0.022235 0.225762 0.973929
vn -0.022235 0.225762 0.973929
vn -0.022235 0.225762 0.973929
vn -0.022234 0.225764 0.973928
vn -0.022234 0.225764 0.973928
vn -0.022234 0.225764 0.973928
vn -0.060706 0.616393 0.785095
vn -0.060706 0.616393 0.785095
vn -0.060706 0.616393 0.785095
vn -0.060708 0.616392 0.785096
vn -0.060708 0.616392 0.785096
vn -0.060708 0.616392 0.785096
vn 0.000000 0.000000 1.000000
vn 0.000000 0.000000 1.000000
vn 0.000000 0.000000 1.000000
vn -0.098023 0.995184 0.000000
vn -0.098023 0.995184 0.000000
vn -0.098023 0.995184 0.000000
vn -0.098023 0.995184 0.000000
vn 0.020239 -0.205495 0.978449
vn 0.020239 -0.205495 0.978449
vn 0.020239 -0.205495 0.978449
vn 0.054660 -0.554977 0.830068
vn 0.054660 -0.554977 0.830068
vn 0.054660 -0.554977 0.830068
vn 0.054662 -0.554974 0.830070
vn 0.054662 -0.554974 0.830070
vn 0.054662 -0.554974 0.830070
vn 0.081593 -0.828407 0.554152
vn 0.081593 -0.828407 0.554152
vn 0.081593 -0.828407 0.554152
vn 0.000000 0.000000 1.000000
vn 0.000000 0.000000 1.000000
vn 0.000000 0.000000 1.000000
vn 0.000000 0.000000 1.000000
vn 0.000000 0.000000 1.000000
vn 0.000000 0.000000 1.000000
vn 0.000000 0.000000 1.000000
vn 0.000000 0.000000 1.000000
vn 0.000000 0.000000 1.000000
vn 0.000000 0.000000 1.000000
vn 0.000000 0.000000 1.000000
vn 0.000000 0.000000 1.000000
vn 0.000000 0.000000 1.000000
vn 0.000000 0.000000 1.000000
vn 0.000000 0.000000 1.000000
vn 0.000000 0.000000 1.000000
vn 0.000000 0.000000 1.000000
vn 0.081592 -0.828408 0.554150
vn 0.081592 -0.828408 0.554150
vn 0.081592 -0.828408 0.554150
vn 0.095956 -0.974237 0.204095
vn 0.095956 -0.974237 0.204095
vn 0.095956 -0.974237 0.204095
vn 0.284174 -0.936798 0.204095
vn 0.284174 -0.936798 0.204095
vn 0.284174 -0.936798 0.204095
vn 0.290284 -0.956941 -0.000001
vn 0.290284 -0.956941 -0.000001
vn 0.290284 -0.956941 -0.000001
vn 0.290286 -0.956940 -0.000003
vn 0.290286 -0.956940 -0.000003
vn 0.290286 -0.956940 -0.000003
vn 0.461477 -0.863358 -0.204090
vn 0.461477 -0.863358 -0.204090
vn 0.461477 -0.863358 -0.204090
vn 0.284176 -0.936798 -0.204090
vn 0.284176 -0.936798 -0.204090
vn 0.284176 -0.936798 -0.204090
vn 0.528078 -0.643466 -0.554152
vn 0.528078 -0.643466 -0.554152
vn 0.528078 -0.643466 -0.554152
vn 0.392399 -0.734124 -0.554153
vn 0.392399 -0.734124 -0.554153
vn 0.392399 -0.734124 -0.554153
vn 0.431068 -0.353776 -0.830074
vn 0.431068 -0.353776 -0.830074
vn 0.431068 -0.353776 -0.830074
vn 0.353770 -0.431073 -0.830074
vn 0.353770 -0.431073 -0.830074
vn 0.353770 -0.431073 -0.830074
vn 0.182105 -0.097338 -0.978449
vn 0.182105 -0.097338 -0.978449
vn 0.182105 -0.097338 -0.978449
vn 0.159613 -0.131000 -0.978449
vn 0.159613 -0.131000 -0.978449
vn 0.159613 -0.131000 -0.978449
vn -0.200073 0.106942 -0.973927
vn -0.200073 0.106942 -0.973927
vn -0.200073 0.106942 -0.973927
vn -0.217090 0.065859 -0.973927
vn -0.217090 0.065859 -0.973927
vn -0.217090 0.065859 -0.973927
vn -0.616391 0.060708 -0.785097
vn -0.616391 0.060708 -0.785097
vn -0.616391 0.060708 -0.785097
vn -0.592701 0.179800 -0.785097
vn -0.592701 0.179800 -0.785097
vn -0.592701 0.179800 -0.785097
vn 0.059940 0.197597 0.978449
vn 0.059940 0.197597 0.978449
vn 0.059940 0.197597 0.978449
vn -0.065854 -0.217090 0.973928
vn -0.065854 -0.217090 0.973928
vn -0.065854 -0.217090 0.973928
vn -0.106939 -0.200072 0.973928
vn -0.106939 -0.200072 0.973928
vn -0.106939 -0.200072 0.973928
vn -0.392929 -0.478786 0.785093
vn -0.392929 -0.478786 0.785093
vn -0.392929 -0.478786 0.785093
vn -0.291970 -0.546244 0.785093
vn -0.291970 -0.546244 0.785093
vn -0.291970 -0.546244 0.785093
vn 0.000000 0.000000 1.000000
vn 0.000000 0.000000 1.000000
vn 0.000000 0.000000 1.000000
vn -0.956939 -0.290290 0.000000
vn -0.881923 -0.471393 0.000000
vn -0.881923 -0.471393 0.000000
vn -0.881923 -0.471393 0.000000
vn 0.020240 0.205494 0.978449
vn 0.020240 0.205494 0.978449
vn 0.020240 0.205494 0.978449
vn 0.054661 0.554980 0.830066
vn 0.054661 0.554980 0.830066
vn 0.054661 0.554980 0.830066
vn -0.054661 0.554980 0.830066
vn -0.054661 0.554980 0.830066
vn -0.054661 0.554980 0.830066
vn -0.081592 0.828404 0.554156
vn -0.081592 0.828404 0.554156
vn -0.081592 0.828404 0.554156
vn 0.000000 0.000000 -1.000000
vn 0.000000 0.000000 -1.000000
vn 0.000000 0.000000 -1.000000
vn 0.000000 0.000000 -1.000000
vn 0.000000 0.000000 -1.000000
vn 0.000000 0.000000 -1.000000
vn 0.000000 0.000000 -1.000000
vn 0.000000 0.000000 -1.000000
vn 0.000000 0.000000 -1.000000
vn 0.000000 0.000000 -1.000000
vn 0.000000 0.000000 -1.000000
vn 0.000000 0.000000 -1.000000
vn 0.000000 0.000000 -1.000000
vn 0.000000 0.000000 -1.000000
vn 0.000000 0.000000 -1.000000
vn 0.000000 0.000000 -1.000000
vn 0.000000 0.000000 -1.000000
vn 0.000000 0.000000 -1.000000
vn 0.000000 0.000000 -1.000000
vn -0.081590 0.828405 -0.554155
vn -0.081590 0.828405 -0.554155
vn -0.081590 0.828405 -0.554155
vn -0.054659 0.554971 -0.830072
vn -0.054659 0.554971 -0.830072
vn -0.054659 0.554971 -0.830072
vn -0.054660 0.554972 -0.830071
vn -0.054660 0.554972 -0.830071
vn -0.054660 0.554972 -0.830071
vn -0.020245 0.205506 -0.978447
vn -0.020245 0.205506 -0.978447
vn -0.020245 0.205506 -0.978447
vn -0.020240 0.205499 -0.978448
vn -0.020240 0.205499 -0.978448
vn -0.020240 0.205499 -0.978448
vn 0.022238 -0.225773 -0.973926
vn 0.022238 -0.225773 -0.973926
vn 0.022238 -0.225773 -0.973926
vn 0.022233 -0.225769 -0.973927
vn 0.022233 -0.225769 -0.973927
vn 0.022233 -0.225769 -0.973927
vn -0.081589 0.828404 -0.554157
vn -0.081589 0.828404 -0.554157
vn -0.081589 0.828404 -0.554157
vn -0.095952 0.974238 -0.204092
vn -0.095952 0.974238 -0.204092
vn -0.095952 0.974238 -0.204092
vn -0.095951 0.974238 -0.204094
vn -0.095951 0.974238 -0.204094
vn -0.095951 0.974238 -0.204094
vn -0.098014 0.995185 0.000005
vn -0.098014 0.995185 0.000005
vn -0.098014 0.995185 0.000005
vn -0.284174 0.936799 0.204092
vn -0.284174 0.936799 0.204092
vn -0.284174 0.936799 0.204092
vn -0.290283 0.956941 0.000004
vn -0.290283 0.956941 0.000004
vn -0.290283 0.956941 0.000004
vn 0.060704 -0.616388 -0.785099
vn 0.060704 -0.616388 -0.785099
vn 0.060704 -0.616388 -0.785099
vn 0.060713 -0.616392 -0.785096
vn 0.060713 -0.616392 -0.785096
vn 0.060713 -0.616392 -0.785096
vn 0.000000 0.000000 -1.000000
vn 0.000000 0.000000 -1.000000
vn -0.284174 0.936798 0.204094
vn -0.284174 0.936798 0.204094
vn -0.284174 0.936798 0.204094
vn -0.241636 0.796569 0.554156
vn -0.241636 0.796569 0.554156
vn -0.241636 0.796569 0.554156
vn -0.020235 -0.205495 0.978449
vn -0.020235 -0.205495 0.978449
vn -0.020235 -0.205495 0.978449
vn 0.022239 0.225767 0.973928
vn 0.022239 0.225767 0.973928
vn 0.022239 0.225767 0.973928
vn 0.022233 0.225762 0.973929
vn 0.022233 0.225762 0.973929
vn 0.022233 0.225762 0.973929
vn 0.060706 0.616392 0.785096
vn 0.060706 0.616392 0.785096
vn 0.060706 0.616392 0.785096
vn 0.060708 0.616393 0.785095
vn 0.060708 0.616393 0.785095
vn 0.060708 0.616393 0.785095
vn 0.000000 0.000000 1.000000
vn 0.000000 0.000000 1.000000
vn 0.000000 0.000000 1.000000
vn 0.098023 0.995184 0.000000
vn 0.098023 0.995184 0.000000
vn 0.098023 0.995184 0.000000
vn 0.098023 0.995184 0.000000
vn 0.000000 0.000000 1.000000
vn 0.000000 0.000000 1.000000
vn -0.020234 -0.205494 0.978449
vn -0.020234 -0.205494 0.978449
vn -0.020234 -0.205494 0.978449
vn -0.054655 -0.554974 0.830070
vn -0.054655 -0.554974 0.830070
vn -0.054655 -0.554974 0.830070
vn -0.054661 -0.554981 0.830065
vn -0.054661 -0.554981 0.830065
vn -0.054661 -0.554981 0.830065
vn -0.081593 -0.828408 0.554150
vn -0.081593 -0.828408 0.554150
vn -0.081593 -0.828408 0.554150
vn -0.634396 -0.773008 0.000000
vn -0.634396 -0.773008 0.000000
vn -0.634396 -0.773008 0.000000
vn -0.634396 -0.773008 0.000000
vn -0.773006 -0.634398 0.000000
vn -0.773006 -0.634398 0.000000
vn -0.773006 -0.634398 0.000000
vn -0.773006 -0.634398 0.000000
vn -0.881923 -0.471393 0.000000
vn -0.471395 -0.881922 0.000000
vn -0.471395 -0.881922 0.000000
vn -0.471395 -0.881922 0.000000
vn -0.471395 -0.881922 0.000000
vn -0.098027 -0.995184 0.000000
vn -0.098027 -0.995184 0.000000
vn -0.098027 -0.995184 0.000000
vn -0.098027 -0.995184 0.000000
vn -0.290276 -0.956943 0.000000
vn -0.290276 -0.956943 0.000000
vn -0.290276 -0.956943 0.000000
vn -0.290276 -0.956943 0.000000
vn 0.098027 -0.995184 0.000000
vn 0.098027 -0.995184 0.000000
vn 0.098027 -0.995184 0.000000
vn 0.098027 -0.995184 0.000000
vn -0.081592 -0.828408 0.554150
vn -0.081592 -0.828408 0.554150
vn -0.081592 -0.828408 0.554150
vn -0.095956 -0.974239 0.204088
vn -0.095956 -0.974239 0.204088
vn -0.095956 -0.974239 0.204088
vn 0.095952 -0.974239 0.204088
vn 0.095952 -0.974239 0.204088
vn 0.095952 -0.974239 0.204088
vn 0.098015 -0.995185 0.000000
vn 0.098015 -0.995185 0.000000
vn 0.098015 -0.995185 0.000000
vn 0.098015 -0.995185 -0.000000
vn 0.098015 -0.995185 -0.000000
vn 0.098015 -0.995185 -0.000000
vn 0.284174 -0.936798 -0.204093
vn 0.284174 -0.936798 -0.204093
vn 0.284174 -0.936798 -0.204093
vn 0.095952 -0.974238 -0.204094
vn 0.095952 -0.974238 -0.204094
vn 0.095952 -0.974238 -0.204094
vn 0.392398 -0.734123 -0.554154
vn 0.392398 -0.734123 -0.554154
vn 0.392398 -0.734123 -0.554154
vn 0.241637 -0.796571 -0.554154
vn 0.241637 -0.796571 -0.554154
vn 0.241637 -0.796571 -0.554154
vn 0.353774 -0.431074 -0.830072
vn 0.353774 -0.431074 -0.830072
vn 0.353774 -0.431074 -0.830072
vn 0.262878 -0.491809 -0.830071
vn 0.262878 -0.491809 -0.830071
vn 0.262878 -0.491809 -0.830071
vn 0.159626 -0.131001 -0.978447
vn 0.159626 -0.131001 -0.978447
vn 0.159626 -0.131001 -0.978447
vn 0.131002 -0.159626 -0.978447
vn 0.131002 -0.159626 -0.978447
vn 0.131002 -0.159626 -0.978447
vn -0.200079 0.106940 -0.973926
vn -0.200079 0.106940 -0.973926
vn -0.200079 0.106940 -0.973926
vn -0.175369 0.143921 -0.973926
vn -0.175369 0.143921 -0.973926
vn -0.175369 0.143921 -0.973926
vn -0.546242 0.291969 -0.785095
vn -0.546242 0.291969 -0.785095
vn -0.546242 0.291969 -0.785095
vn -0.592705 0.179796 -0.785095
vn -0.592705 0.179796 -0.785095
vn -0.592705 0.179796 -0.785095
vn 0.000000 0.000000 -1.000000
vn 0.000000 0.000000 -1.000000
vn 0.020239 0.205494 0.978449
vn 0.020239 0.205494 0.978449
vn 0.020239 0.205494 0.978449
vn -0.022236 -0.225766 0.973928
vn -0.022236 -0.225766 0.973928
vn -0.022236 -0.225766 0.973928
vn -0.065854 -0.217090 0.973928
vn -0.065854 -0.217090 0.973928
vn -0.065854 -0.217090 0.973928
vn -0.291971 -0.546244 0.785093
vn -0.291971 -0.546244 0.785093
vn -0.291971 -0.546244 0.785093
vn -0.179797 -0.592708 0.785092
vn -0.179797 -0.592708 0.785092
vn -0.179797 -0.592708 0.785092
vn 0.000000 0.000000 1.000000
vn 0.000000 0.000000 1.000000
vn 0.000000 0.000000 1.000000
vn -0.020239 0.205494 0.978449
vn -0.020239 0.205494 0.978449
vn -0.020239 0.205494 0.978449
vn -0.054661 0.554981 0.830065
vn -0.054661 0.554981 0.830065
vn -0.054661 0.554981 0.830065
vn -0.161881 0.533653 0.830066
vn -0.161881 0.533653 0.830066
vn -0.161881 0.533653 0.830066
vn -0.241635 0.796571 0.554154
vn -0.241635 0.796571 0.554154
vn -0.241635 0.796571 0.554154
vn 0.000000 0.000000 -1.000000
vn 0.000000 0.000000 -1.000000
vn 0.000000 0.000000 -1.000000
vn 0.000000 0.000000 -1.000000
vn 0.000000 0.000000 -1.000000
vn 0.000000 0.000000 -1.000000
vn 0.000000 0.000000 -1.000000
vn 0.000000 0.000000 -1.000000
vn 0.000000 0.000000 -1.000000
vn 0.000000 0.000000 -1.000000
vn -0.161878 0.533645 -0.830071
vn -0.161878 0.533645 -0.830071
vn -0.161878 0.533645 -0.830071
vn -0.161881 0.533647 -0.830069
vn -0.161881 0.533647 -0.830069
vn -0.161881 0.533647 -0.830069
vn -0.241636 0.796569 -0.554157
vn -0.241636 0.796569 -0.554157
vn -0.241636 0.796569 -0.554157
vn -0.059942 0.197602 -0.978448
vn -0.059942 0.197602 -0.978448
vn -0.059942 0.197602 -0.978448
vn -0.059941 0.197601 -0.978448
vn -0.059941 0.197601 -0.978448
vn -0.059941 0.197601 -0.978448
vn 0.065854 -0.217093 -0.973927
vn 0.065854 -0.217093 -0.973927
vn 0.065854 -0.217093 -0.973927
vn 0.065854 -0.217093 -0.973927
vn 0.065854 -0.217093 -0.973927
vn 0.065854 -0.217093 -0.973927
vn 0.179798 -0.592704 -0.785095
vn 0.179798 -0.592704 -0.785095
vn 0.179798 -0.592704 -0.785095
vn 0.179792 -0.592703 -0.785098
vn 0.179792 -0.592703 -0.785098
vn 0.179792 -0.592703 -0.785098
vn -0.241636 0.796569 -0.554157
vn -0.241636 0.796569 -0.554157
vn -0.241636 0.796569 -0.554157
vn -0.284174 0.936798 -0.204094
vn -0.284174 0.936798 -0.204094
vn -0.284174 0.936798 -0.204094
vn -0.284178 0.936798 -0.204088
vn -0.284178 0.936798 -0.204088
vn -0.284178 0.936798 -0.204088
vn -0.290287 0.956940 0.000000
vn -0.290287 0.956940 0.000000
vn -0.290287 0.956940 0.000000
vn -0.461472 0.863359 0.204094
vn -0.461472 0.863359 0.204094
vn -0.461472 0.863359 0.204094
vn -0.471395 0.881922 0.000000
vn -0.471395 0.881922 0.000000
vn -0.471395 0.881922 0.000000
vn 0.000000 0.000000 -1.000000
vn 0.000000 0.000000 -1.000000
vn 0.000000 0.000000 -1.000000
vn -0.392396 0.734124 0.554155
vn -0.392396 0.734124 0.554155
vn -0.392396 0.734124 0.554155
vn -0.461473 0.863358 0.204097
vn -0.461473 0.863358 0.204097
vn -0.461473 0.863358 0.204097
vn -0.059940 -0.197596 0.978449
vn -0.059940 -0.197596 0.978449
vn -0.059940 -0.197596 0.978449
vn 0.065854 0.217090 0.973928
vn 0.065854 0.217090 0.973928
vn 0.065854 0.217090 0.973928
vn 0.065856 0.217091 0.973927
vn 0.065856 0.217091 0.973927
vn 0.065856 0.217091 0.973927
vn 0.179797 0.592704 0.785095
vn 0.179797 0.592704 0.785095
vn 0.179797 0.592704 0.785095
vn 0.179795 0.592704 0.785096
vn 0.179795 0.592704 0.785096
vn 0.179795 0.592704 0.785096
vn 0.000000 0.000000 1.000000
vn 0.000000 0.000000 1.000000
vn 0.000000 0.000000 1.000000
vn 0.290283 0.956941 0.000000
vn 0.290283 0.956941 0.000000
vn 0.290283 0.956941 0.000000
vn 0.290283 0.956941 0.000000
vn 0.000000 0.000000 1.000000
vn 0.000000 0.000000 1.000000
vn 0.290274 -0.956943 0.000000
vn 0.290274 -0.956943 0.000000
vn 0.290274 -0.956943 0.000000
vn 0.290274 -0.956943 0.000000
vn -0.059941 -0.197596 0.978449
vn -0.059941 -0.197596 0.978449
vn -0.059941 -0.197596 0.978449
vn -0.161884 -0.533653 0.830065
vn -0.161884 -0.533653 0.830065
vn -0.161884 -0.533653 0.830065
vn -0.241638 -0.796573 0.554151
vn -0.241638 -0.796573 0.554151
vn -0.241638 -0.796573 0.554151
vn -0.161882 -0.533651 0.830067
vn -0.161882 -0.533651 0.830067
vn -0.161882 -0.533651 0.830067
vn 0.000000 0.000000 1.000000
vn 0.000000 0.000000 1.000000
vn 0.000000 0.000000 1.000000
vn 0.000000 0.000000 1.000000
vn 0.000000 0.000000 1.000000
vn 0.000011 0.000000 1.000000
vn 0.000011 0.000000 1.000000
vn 0.000011 0.000000 1.000000
vn 0.000000 0.000000 1.000000
vn 0.000000 0.000000 1.000000
vn 0.000001 -0.000012 1.000000
vn 0.000001 -0.000012 1.000000
vn 0.000001 -0.000012 1.000000
vn 0.000003 -0.000011 1.000000
vn 0.000003 -0.000011 1.000000
vn 0.000003 -0.000011 1.000000
vn 0.000013 0.000005 1.000000
vn 0.000013 0.000005 1.000000
vn 0.000013 0.000005 1.000000
vn -0.241637 -0.796572 0.554152
vn -0.241637 -0.796572 0.554152
vn -0.241637 -0.796572 0.554152
vn -0.095951 -0.974237 0.204096
vn -0.095951 -0.974237 0.204096
vn -0.095951 -0.974237 0.204096
vn -0.284174 -0.936798 0.204096
vn -0.284174 -0.936798 0.204096
vn -0.284174 -0.936798 0.204096
vn -0.098014 -0.995185 0.000000
vn -0.098014 -0.995185 0.000000
vn -0.098014 -0.995185 0.000000
vn -0.098014 -0.995185 0.000000
vn -0.095951 -0.974239 -0.204086
vn -0.095951 -0.974239 -0.204086
vn -0.095951 -0.974239 -0.204086
vn 0.095956 -0.974239 -0.204086
vn 0.095956 -0.974239 -0.204086
vn 0.095956 -0.974239 -0.204086
vn 0.241637 -0.796571 -0.554153
vn 0.241637 -0.796571 -0.554153
vn 0.241637 -0.796571 -0.554153
vn 0.081592 -0.828406 -0.554153
vn 0.081592 -0.828406 -0.554153
vn 0.081592 -0.828406 -0.554153
vn 0.262876 -0.491808 -0.830073
vn 0.262876 -0.491808 -0.830073
vn 0.262876 -0.491808 -0.830073
vn 0.161879 -0.533643 -0.830073
vn 0.161879 -0.533643 -0.830073
vn 0.161879 -0.533643 -0.830073
vn 0.131002 -0.159626 -0.978447
vn 0.131002 -0.159626 -0.978447
vn 0.131002 -0.159626 -0.978447
vn 0.097343 -0.182116 -0.978447
vn 0.097343 -0.182116 -0.978447
vn 0.097343 -0.182116 -0.978447
vn -0.175371 0.143921 -0.973926
vn -0.175371 0.143921 -0.973926
vn -0.175371 0.143921 -0.973926
vn -0.143923 0.175370 -0.973926
vn -0.143923 0.175370 -0.973926
vn -0.143923 0.175370 -0.973926
vn -0.546238 0.291972 -0.785097
vn -0.546238 0.291972 -0.785097
vn -0.546238 0.291972 -0.785097
vn -0.478784 0.392923 -0.785097
vn -0.478784 0.392923 -0.785097
vn -0.478784 0.392923 -0.785097
vn 0.000000 0.000000 -1.000000
vn 0.000000 0.000000 -1.000000
vn 0.000000 0.000000 -1.000000
vn -0.020239 0.205494 0.978449
vn -0.020239 0.205494 0.978449
vn -0.020239 0.205494 0.978449
vn 0.022236 -0.225766 0.973928
vn 0.022236 -0.225766 0.973928
vn 0.022236 -0.225766 0.973928
vn -0.022236 -0.225766 0.973928
vn -0.022236 -0.225766 0.973928
vn -0.022236 -0.225766 0.973928
vn -0.179798 -0.592708 0.785092
vn -0.179798 -0.592708 0.785092
vn -0.179798 -0.592708 0.785092
vn -0.060709 -0.616396 0.785092
vn -0.060709 -0.616396 0.785092
vn -0.060709 -0.616396 0.785092
vn 0.000000 0.000000 1.000000
vn -0.059940 0.197597 0.978449
vn -0.059940 0.197597 0.978449
vn -0.059940 0.197597 0.978449
vn -0.161880 0.533654 0.830065
vn -0.161880 0.533654 0.830065
vn -0.161880 0.533654 0.830065
vn -0.392397 0.734121 0.554158
vn -0.392397 0.734121 0.554158
vn -0.392397 0.734121 0.554158
vn -0.262883 0.491818 0.830065
vn -0.262883 0.491818 0.830065
vn -0.262883 0.491818 0.830065
vn -0.290280 -0.956942 0.000000
vn -0.290280 -0.956942 0.000000
vn -0.290280 -0.956942 0.000000
vn -0.290280 -0.956942 0.000000
vn -0.471395 -0.881922 0.000000
vn -0.471395 -0.881922 0.000000
vn -0.471395 -0.881922 0.000000
vn -0.471395 -0.881922 0.000000
vn -0.634396 -0.773008 0.000000
vn -0.634396 -0.773008 0.000000
vn -0.634396 -0.773008 0.000000
vn -0.634396 -0.773008 0.000000
vn -0.773011 -0.634393 0.000000
vn -0.773011 -0.634393 0.000000
vn -0.773011 -0.634393 0.000000
vn -0.098023 -0.995184 0.000000
vn -0.098023 -0.995184 0.000000
vn -0.098023 -0.995184 0.000000
vn -0.098023 -0.995184 0.000000
vn -0.773011 -0.634393 0.000000
vn -0.881919 -0.471400 0.000000
vn -0.881919 -0.471400 0.000000
vn -0.881919 -0.471400 0.000000
vn -0.881919 -0.471400 0.000000
vn -0.956940 -0.290286 0.000000
vn -0.956940 -0.290286 0.000000
vn -0.956940 -0.290286 0.000000
vn -0.956940 -0.290286 0.000000
vn -0.995185 -0.098014 0.000000
vn -0.995185 -0.098014 0.000000
vn -0.995185 -0.098014 0.000000
vn 0.098023 -0.995184 0.000000
vn 0.098023 -0.995184 0.000000
vn 0.098023 -0.995184 0.000000
vn 0.098023 -0.995184 0.000000
vn 0.290279 -0.956942 0.000000
vn 0.290279 -0.956942 0.000000
vn 0.290279 -0.956942 0.000000
vn 0.290279 -0.956942 0.000000
vn -0.995185 -0.098014 0.000000
vn -0.995185 0.098014 0.000000
vn -0.995185 0.098014 0.000000
vn -0.995185 0.098014 0.000000
vn -0.097339 0.182110 -0.978448
vn -0.097339 0.182110 -0.978448
vn -0.097339 0.182110 -0.978448
vn -0.097340 0.182111 -0.978448
vn -0.097340 0.182111 -0.978448
vn -0.097340 0.182111 -0.978448
vn -0.262879 0.491813 -0.830069
vn -0.262879 0.491813 -0.830069
vn -0.262879 0.491813 -0.830069
vn -0.392401 0.734120 -0.554156
vn -0.392401 0.734120 -0.554156
vn -0.392401 0.734120 -0.554156
vn -0.262884 0.491816 -0.830066
vn -0.262884 0.491816 -0.830066
vn -0.262884 0.491816 -0.830066
vn 0.106942 -0.200074 -0.973927
vn 0.106942 -0.200074 -0.973927
vn 0.106942 -0.200074 -0.973927
vn 0.106941 -0.200074 -0.973927
vn 0.106941 -0.200074 -0.973927
vn 0.106941 -0.200074 -0.973927
vn 0.291972 -0.546236 -0.785098
vn 0.291972 -0.546236 -0.785098
vn 0.291972 -0.546236 -0.785098
vn 0.291971 -0.546236 -0.785098
vn 0.291971 -0.546236 -0.785098
vn 0.291971 -0.546236 -0.785098
vn 0.000000 0.000000 -1.000000
vn 0.000000 0.000000 -1.000000
vn -0.392399 0.734120 -0.554158
vn -0.392399 0.734120 -0.554158
vn -0.392399 0.734120 -0.554158
vn -0.461476 0.863358 -0.204089
vn -0.461476 0.863358 -0.204089
vn -0.461476 0.863358 -0.204089
vn -0.471395 0.881922 0.000000
vn -0.461473 0.863359 -0.204096
vn -0.461473 0.863359 -0.204096
vn -0.461473 0.863359 -0.204096
vn -0.621041 0.756738 0.204097
vn -0.621041 0.756738 0.204097
vn -0.621041 0.756738 0.204097
vn -0.634394 0.773010 0.000000
vn -0.634394 0.773010 0.000000
vn -0.634394 0.773010 0.000000
vn 0.000000 0.000000 -1.000000
vn 0.471394 -0.881923 0.000000
vn 0.471394 -0.881923 0.000000
vn 0.471394 -0.881923 0.000000
vn 0.471394 -0.881923 0.000000
vn -0.528077 0.643462 0.554158
vn -0.528077 0.643462 0.554158
vn -0.528077 0.643462 0.554158
vn -0.621041 0.756738 0.204098
vn -0.621041 0.756738 0.204098
vn -0.621041 0.756738 0.204098
vn -0.097338 -0.182106 0.978449
vn -0.097338 -0.182106 0.978449
vn -0.097338 -0.182106 0.978449
vn 0.106938 0.200068 0.973929
vn 0.106938 0.200068 0.973929
vn 0.106938 0.200068 0.973929
vn 0.106945 0.200070 0.973928
vn 0.106945 0.200070 0.973928
vn 0.106945 0.200070 0.973928
vn 0.291978 0.546236 0.785096
vn 0.291978 0.546236 0.785096
vn 0.291978 0.546236 0.785096
vn 0.291973 0.546236 0.785097
vn 0.291973 0.546236 0.785097
vn 0.291973 0.546236 0.785097
vn 0.000010 -0.000004 1.000000
vn 0.000010 -0.000004 1.000000
vn 0.000010 -0.000004 1.000000
vn 0.000008 -0.000005 1.000000
vn 0.000008 -0.000005 1.000000
vn 0.000008 -0.000005 1.000000
vn 0.000015 0.000004 1.000000
vn 0.000015 0.000004 1.000000
vn 0.000015 0.000004 1.000000
vn 0.000000 0.000000 1.000000
vn 0.471401 0.881919 0.000000
vn 0.471401 0.881919 0.000000
vn 0.471401 0.881919 0.000000
vn 0.471401 0.881919 0.000000
vn 0.000000 0.000000 1.000000
vn 0.000000 0.000000 1.000000
vn 0.471401 -0.881919 0.000000
vn 0.471401 -0.881919 0.000000
vn 0.471401 -0.881919 0.000000
vn 0.471401 -0.881919 0.000000
vn 0.000000 0.000000 1.000000
vn 0.000000 0.000000 1.000000
vn 0.000000 0.000000 1.000000
vn 0.000000 0.000000 1.000000
vn -0.097337 -0.182106 0.978449
vn -0.097337 -0.182106 0.978449
vn -0.097337 -0.182106 0.978449
vn -0.262880 -0.491817 0.830067
vn -0.262880 -0.491817 0.830067
vn -0.262880 -0.491817 0.830067
vn -0.392398 -0.734124 0.554153
vn -0.392398 -0.734124 0.554153
vn -0.392398 -0.734124 0.554153
vn -0.262882 -0.491818 0.830065
vn -0.262882 -0.491818 0.830065
vn -0.262882 -0.491818 0.830065
vn 0.000000 0.000000 1.000000
vn 0.000011 0.000002 1.000000
vn 0.000011 0.000002 1.000000
vn 0.000011 0.000002 1.000000
vn 0.000009 0.000000 1.000000
vn 0.000009 0.000000 1.000000
vn 0.000009 0.000000 1.000000
vn 0.000000 0.000000 1.000000
vn 0.000000 0.000000 1.000000
vn 0.000000 0.000000 1.000000
vn 0.000000 0.000000 1.000000
vn -0.284176 -0.936798 0.204094
vn -0.284176 -0.936798 0.204094
vn -0.284176 -0.936798 0.204094
vn -0.461474 -0.863358 0.204094
vn -0.461474 -0.863358 0.204094
vn -0.461474 -0.863358 0.204094
vn -0.392398 -0.734124 0.554153
vn -0.392398 -0.734124 0.554153
vn -0.392398 -0.734124 0.554153
vn -0.290286 -0.956940 0.000000
vn -0.290286 -0.956940 0.000000
vn -0.290286 -0.956940 0.000000
vn -0.290286 -0.956940 0.000000
vn -0.284176 -0.936798 -0.204094
vn -0.284176 -0.936798 -0.204094
vn -0.284176 -0.936798 -0.204094
vn -0.095956 -0.974237 -0.204094
vn -0.095956 -0.974237 -0.204094
vn -0.095956 -0.974237 -0.204094
vn -0.081592 -0.828402 -0.554159
vn -0.081592 -0.828402 -0.554159
vn -0.081592 -0.828402 -0.554159
vn 0.081587 -0.828402 -0.554160
vn 0.081587 -0.828402 -0.554160
vn 0.081587 -0.828402 -0.554160
vn 0.161880 -0.533643 -0.830072
vn 0.161880 -0.533643 -0.830072
vn 0.161880 -0.533643 -0.830072
vn 0.054658 -0.554971 -0.830072
vn 0.054658 -0.554971 -0.830072
vn 0.054658 -0.554971 -0.830072
vn 0.097343 -0.182117 -0.978447
vn 0.097343 -0.182117 -0.978447
vn 0.097343 -0.182117 -0.978447
vn 0.059944 -0.197608 -0.978447
vn 0.059944 -0.197608 -0.978447
vn 0.059944 -0.197608 -0.978447
vn -0.106943 0.200077 -0.973926
vn -0.106943 0.200077 -0.973926
vn -0.106943 0.200077 -0.973926
vn -0.143920 0.175370 -0.973926
vn -0.143920 0.175370 -0.973926
vn -0.143920 0.175370 -0.973926
vn -0.478781 0.392924 -0.785098
vn -0.478781 0.392924 -0.785098
vn -0.478781 0.392924 -0.785098
vn -0.392921 0.478783 -0.785099
vn -0.392921 0.478783 -0.785099
vn -0.392921 0.478783 -0.785099
vn 0.000000 0.000000 -1.000000
vn 0.000000 0.000000 -1.000000
vn 0.000000 0.000000 -1.000000
vn -0.995185 0.098014 0.000000
vn -0.956940 0.290286 0.000000
vn -0.956940 0.290286 0.000000
vn -0.956940 0.290286 0.000000
vn -0.059940 0.197596 0.978449
vn -0.059940 0.197596 0.978449
vn -0.059940 0.197596 0.978449
vn 0.065854 -0.217091 0.973928
vn 0.065854 -0.217091 0.973928
vn 0.065854 -0.217091 0.973928
vn 0.022236 -0.225767 0.973928
vn 0.022236 -0.225767 0.973928
vn 0.022236 -0.225767 0.973928
vn -0.060707 -0.616396 0.785093
vn -0.060707 -0.616396 0.785093
vn -0.060707 -0.616396 0.785093
vn 0.060708 -0.616396 0.785093
vn 0.060708 -0.616396 0.785093
vn 0.060708 -0.616396 0.785093
vn -0.097338 0.182105 0.978449
vn -0.097338 0.182105 0.978449
vn -0.097338 0.182105 0.978449
vn -0.262883 0.491815 0.830066
vn -0.262883 0.491815 0.830066
vn -0.262883 0.491815 0.830066
vn -0.528077 0.643469 0.554150
vn -0.528077 0.643469 0.554150
vn -0.528077 0.643469 0.554150
vn -0.353776 0.431083 0.830066
vn -0.353776 0.431083 0.830066
vn -0.353776 0.431083 0.830066
vn 0.000000 0.000000 -1.000000
vn 0.000000 0.000000 -1.000000
vn 0.000000 0.000000 -1.000000
vn 0.000000 0.000000 -1.000000
vn 0.000000 0.000000 -1.000000
vn 0.000000 0.000000 -1.000000
vn 0.000000 0.000000 -1.000000
vn 0.000000 0.000000 -1.000000
vn 0.000000 0.000000 -1.000000
vn 0.000000 0.000000 -1.000000
vn 0.000000 0.000000 -1.000000
vn 0.000000 0.000000 -1.000000
vn 0.000000 0.000000 -1.000000
vn 0.000000 0.000000 -1.000000
vn 0.000000 0.000000 -1.000000
vn 0.000000 0.000000 -1.000000
vn 0.000000 0.000000 -1.000000
vn 0.000000 0.000000 -1.000000
vn 0.000000 0.000000 -1.000000
vn 0.000000 0.000000 -1.000000
vn 0.000000 0.000000 -1.000000
vn 0.000000 0.000000 -1.000000
vn 0.000000 0.000000 -1.000000
vn 0.143921 -0.175364 -0.973927
vn 0.143921 -0.175364 -0.973927
vn 0.143921 -0.175364 -0.973927
vn 0.143918 -0.175364 -0.973928
vn 0.143918 -0.175364 -0.973928
vn 0.143918 -0.175364 -0.973928
vn -0.130998 0.159621 -0.978448
vn -0.130998 0.159621 -0.978448
vn -0.130998 0.159621 -0.978448
vn -0.130997 0.159621 -0.978448
vn -0.130997 0.159621 -0.978448
vn -0.130997 0.159621 -0.978448
vn -0.353779 0.431082 -0.830066
vn -0.353779 0.431082 -0.830066
vn -0.353779 0.431082 -0.830066
vn -0.353777 0.431081 -0.830067
vn -0.353777 0.431081 -0.830067
vn -0.353777 0.431081 -0.830067
vn -0.528075 0.643464 -0.554158
vn -0.528075 0.643464 -0.554158
vn -0.528075 0.643464 -0.554158
vn 0.392923 -0.478782 -0.785098
vn 0.392923 -0.478782 -0.785098
vn 0.392923 -0.478782 -0.785098
vn 0.392924 -0.478781 -0.785098
vn 0.392924 -0.478781 -0.785098
vn 0.392924 -0.478781 -0.785098
vn 0.000000 0.000000 -1.000000
vn 0.000000 0.000000 -1.000000
vn 0.000000 0.000000 -1.000000
vn -0.528079 0.643464 -0.554153
vn -0.528079 0.643464 -0.554153
vn -0.528079 0.643464 -0.554153
vn -0.621041 0.756738 -0.204096
vn -0.621041 0.756738 -0.204096
vn -0.621041 0.756738 -0.204096
vn -0.621041 0.756739 -0.204096
vn -0.621041 0.756739 -0.204096
vn -0.621041 0.756739 -0.204096
vn -0.634394 0.773010 0.000000
vn -0.756740 0.621038 0.204098
vn -0.756740 0.621038 0.204098
vn -0.756740 0.621038 0.204098
vn -0.773012 0.634392 0.000000
vn -0.773012 0.634392 0.000000
vn -0.773012 0.634392 0.000000
vn 0.634393 -0.773010 0.000000
vn 0.634393 -0.773010 0.000000
vn 0.634393 -0.773010 0.000000
vn 0.634393 -0.773010 0.000000
vn 0.000000 0.000000 -1.000000
vn 0.000000 0.000000 -1.000000
vn -0.643467 0.528079 0.554150
vn -0.643467 0.528079 0.554150
vn -0.643467 0.528079 0.554150
vn -0.756740 0.621040 0.204095
vn -0.756740 0.621040 0.204095
vn -0.756740 0.621040 0.204095
vn -0.130995 -0.159616 0.978449
vn -0.130995 -0.159616 0.978449
vn -0.130995 -0.159616 0.978449
vn 0.143919 0.175364 0.973928
vn 0.143919 0.175364 0.973928
vn 0.143919 0.175364 0.973928
vn 0.143912 0.175364 0.973929
vn 0.143912 0.175364 0.973929
vn 0.143912 0.175364 0.973929
vn 0.392924 0.478783 0.785097
vn 0.392924 0.478783 0.785097
vn 0.392924 0.478783 0.785097
vn 0.392924 0.478783 0.785098
vn 0.392924 0.478783 0.785098
vn 0.392924 0.478783 0.785098
vn 0.000000 0.000000 1.000000
vn 0.000000 0.000000 1.000000
vn 0.000000 0.000000 1.000000
vn 0.000000 0.000000 1.000000
vn 0.000000 0.000000 1.000000
vn 0.000019 0.000001 1.000000
vn 0.000019 0.000001 1.000000
vn 0.000019 0.000001 1.000000
vn 0.634391 0.773012 0.000000
vn 0.634391 0.773012 0.000000
vn 0.634391 0.773012 0.000000
vn 0.634391 0.773012 0.000000
vn 0.000000 0.000000 1.000000
vn 0.000000 0.000000 1.000000
vn 0.634391 -0.773012 0.000000
vn 0.634391 -0.773012 0.000000
vn 0.634391 -0.773012 0.000000
vn 0.634391 -0.773012 0.000000
vn 0.000000 0.000000 1.000000
vn 0.000000 0.000000 1.000000
vn 0.000000 0.000000 1.000000
vn -0.130994 -0.159616 0.978450
vn -0.130994 -0.159616 0.978450
vn -0.130994 -0.159616 0.978450
vn -0.353780 -0.431081 0.830065
vn -0.353780 -0.431081 0.830065
vn -0.353780 -0.431081 0.830065
vn -0.528077 -0.643466 0.554154
vn -0.528077 -0.643466 0.554154
vn -0.528077 -0.643466 0.554154
vn -0.353777 -0.431080 0.830067
vn -0.353777 -0.431080 0.830067
vn -0.353777 -0.431080 0.830067
vn 0.060714 -0.616392 0.785096
vn 0.060714 -0.616392 0.785096
vn 0.060714 -0.616392 0.785096
vn 0.179795 -0.592703 0.785097
vn 0.179795 -0.592703 0.785097
vn 0.179795 -0.592703 0.785097
vn 0.179793 -0.592705 0.785096
vn 0.179793 -0.592705 0.785096
vn 0.179793 -0.592705 0.785096
vn 0.291972 -0.546237 0.785097
vn 0.291972 -0.546237 0.785097
vn 0.291972 -0.546237 0.785097
vn 0.291971 -0.546238 0.785097
vn 0.291971 -0.546238 0.785097
vn 0.291971 -0.546238 0.785097
vn 0.392926 -0.478783 0.785096
vn 0.392926 -0.478783 0.785096
vn 0.392926 -0.478783 0.785096
vn 0.392928 -0.478780 0.785097
vn 0.392928 -0.478780 0.785097
vn 0.392928 -0.478780 0.785097
vn -0.461472 -0.863358 0.204098
vn -0.461472 -0.863358 0.204098
vn -0.461472 -0.863358 0.204098
vn -0.471395 -0.881922 0.000000
vn -0.471395 -0.881922 0.000000
vn -0.471395 -0.881922 0.000000
vn -0.471395 -0.881922 0.000000
vn -0.528080 -0.643467 0.554150
vn -0.528080 -0.643467 0.554150
vn -0.528080 -0.643467 0.554150
vn -0.621040 -0.756739 0.204098
vn -0.621040 -0.756739 0.204098
vn -0.621040 -0.756739 0.204098
vn -0.284174 -0.936799 -0.204092
vn -0.284174 -0.936799 -0.204092
vn -0.284174 -0.936799 -0.204092
vn -0.461473 -0.863359 -0.204092
vn -0.461473 -0.863359 -0.204092
vn -0.461473 -0.863359 -0.204092
vn -0.081588 -0.828407 -0.554153
vn -0.081588 -0.828407 -0.554153
vn -0.081588 -0.828407 -0.554153
vn -0.241637 -0.796571 -0.554153
vn -0.241637 -0.796571 -0.554153
vn -0.241637 -0.796571 -0.554153
vn 0.054659 -0.554972 -0.830071
vn 0.054659 -0.554972 -0.830071
vn 0.054659 -0.554972 -0.830071
vn -0.054658 -0.554972 -0.830071
vn -0.054658 -0.554972 -0.830071
vn -0.054658 -0.554972 -0.830071
vn 0.059943 -0.197607 -0.978447
vn 0.059943 -0.197607 -0.978447
vn 0.059943 -0.197607 -0.978447
vn 0.020240 -0.205505 -0.978447
vn 0.020240 -0.205505 -0.978447
vn 0.020240 -0.205505 -0.978447
vn -0.065854 0.217093 -0.973927
vn -0.065854 0.217093 -0.973927
vn -0.065854 0.217093 -0.973927
vn -0.106938 0.200075 -0.973927
vn -0.106938 0.200075 -0.973927
vn -0.106938 0.200075 -0.973927
vn -0.392924 0.478782 -0.785098
vn -0.392924 0.478782 -0.785098
vn -0.392924 0.478782 -0.785098
vn -0.291969 0.546237 -0.785098
vn -0.291969 0.546237 -0.785098
vn -0.291969 0.546237 -0.785098
vn 0.000000 0.000000 -1.000000
vn 0.000000 0.000000 -1.000000
vn 0.000000 0.000000 -1.000000
vn -0.956940 0.290286 0.000000
vn -0.881920 0.471399 0.000000
vn -0.881920 0.471399 0.000000
vn -0.881920 0.471399 0.000000
vn -0.097338 0.182107 0.978449
vn -0.097338 0.182107 0.978449
vn -0.097338 0.182107 0.978449
vn 0.106941 -0.200072 0.973927
vn 0.106941 -0.200072 0.973927
vn 0.106941 -0.200072 0.973927
vn 0.065853 -0.217091 0.973927
vn 0.065853 -0.217091 0.973927
vn 0.065853 -0.217091 0.973927
vn -0.130995 0.159618 0.978449
vn -0.130995 0.159618 0.978449
vn -0.130995 0.159618 0.978449
vn -0.353775 0.431078 0.830069
vn -0.353775 0.431078 0.830069
vn -0.353775 0.431078 0.830069
vn -0.643467 0.528078 0.554151
vn -0.643467 0.528078 0.554151
vn -0.643467 0.528078 0.554151
vn -0.431078 0.353775 0.830069
vn -0.431078 0.353775 0.830069
vn -0.431078 0.353775 0.830069
vn -0.098023 0.995184 0.000000
vn -0.098023 0.995184 0.000000
vn -0.098023 0.995184 0.000000
vn -0.290283 0.956941 0.000000
vn -0.290283 0.956941 0.000000
vn -0.290283 0.956941 0.000000
vn -0.098023 0.995184 0.000000
vn -0.290284 0.956941 0.000001
vn -0.290284 0.956941 0.000001
vn -0.290284 0.956941 0.000001
vn -0.471394 0.881923 0.000002
vn -0.471394 0.881923 0.000002
vn -0.471394 0.881923 0.000002
vn 0.098023 0.995184 0.000000
vn 0.098023 0.995184 0.000000
vn 0.098023 0.995184 0.000000
vn 0.098023 0.995184 0.000000
vn -0.471392 0.881924 0.000000
vn -0.471392 0.881924 0.000000
vn -0.471392 0.881924 0.000000
vn -0.634397 0.773008 0.000000
vn -0.634397 0.773008 0.000000
vn -0.634397 0.773008 0.000000
vn -0.634397 0.773008 0.000000
vn -0.773012 0.634392 0.000000
vn -0.773012 0.634392 0.000000
vn -0.773012 0.634392 0.000000
vn 0.290283 0.956941 0.000000
vn 0.290283 0.956941 0.000000
vn 0.290283 0.956941 0.000000
vn 0.290283 0.956941 0.000000
vn -0.773012 0.634392 0.000000
vn -0.881920 0.471399 0.000000
vn 0.471401 0.881919 0.000000
vn 0.471401 0.881919 0.000000
vn 0.471401 0.881919 0.000000
vn 0.471401 0.881919 0.000000
vn 0.634388 0.773015 0.000000
vn 0.634388 0.773015 0.000000
vn 0.634388 0.773015 0.000000
vn 0.634391 0.773012 -0.000004
vn 0.634391 0.773012 -0.000004
vn 0.634391 0.773012 -0.000004
vn 0.478779 -0.392926 -0.785098
vn 0.478779 -0.392926 -0.785098
vn 0.478779 -0.392926 -0.785098
vn 0.478787 -0.392923 -0.785095
vn 0.478787 -0.392923 -0.785095
vn 0.478787 -0.392923 -0.785095
vn 0.175368 -0.143914 -0.973928
vn 0.175368 -0.143914 -0.973928
vn 0.175368 -0.143914 -0.973928
vn 0.175361 -0.143915 -0.973929
vn 0.175361 -0.143915 -0.973929
vn 0.175361 -0.143915 -0.973929
vn -0.159621 0.130997 -0.978448
vn -0.159621 0.130997 -0.978448
vn -0.159621 0.130997 -0.978448
vn -0.159623 0.130997 -0.978448
vn -0.159623 0.130997 -0.978448
vn -0.159623 0.130997 -0.978448
vn -0.431082 0.353776 -0.830067
vn -0.431082 0.353776 -0.830067
vn -0.431082 0.353776 -0.830067
vn -0.643466 0.528078 -0.554153
vn -0.643466 0.528078 -0.554153
vn -0.643466 0.528078 -0.554153
vn -0.431078 0.353776 -0.830069
vn -0.431078 0.353776 -0.830069
vn -0.431078 0.353776 -0.830069
vn 0.000000 0.000000 -1.000000
vn 0.000000 0.000000 -1.000000
vn 0.000000 0.000000 -1.000000
vn 0.773012 -0.634392 0.000000
vn 0.773012 -0.634392 0.000000
vn 0.773012 -0.634392 0.000000
vn 0.773012 -0.634392 0.000000
vn -0.643465 0.528078 -0.554154
vn -0.643465 0.528078 -0.554154
vn -0.643465 0.528078 -0.554154
vn -0.756739 0.621039 -0.204097
vn -0.756739 0.621039 -0.204097
vn -0.756739 0.621039 -0.204097
vn -0.756741 0.621039 -0.204094
vn -0.756741 0.621039 -0.204094
vn -0.756741 0.621039 -0.204094
vn -0.773012 0.634392 0.000000
vn -0.863357 0.461475 0.204096
vn -0.863357 0.461475 0.204096
vn -0.863357 0.461475 0.204096
vn -0.881921 0.471398 0.000000
vn -0.881921 0.471398 0.000000
vn -0.881921 0.471398 0.000000
vn 0.000000 0.000000 -1.000000
vn 0.000000 0.000000 -1.000000
vn 0.773009 0.634395 -0.000005
vn 0.773009 0.634395 -0.000005
vn 0.773009 0.634395 -0.000005
vn 0.773005 0.634399 0.000000
vn 0.773005 0.634399 0.000000
vn 0.773005 0.634399 0.000000
vn -0.734126 0.392399 0.554150
vn -0.734126 0.392399 0.554150
vn -0.734126 0.392399 0.554150
vn -0.863357 0.461475 0.204096
vn -0.863357 0.461475 0.204096
vn -0.863357 0.461475 0.204096
vn -0.159615 -0.130994 0.978450
vn -0.159615 -0.130994 0.978450
vn -0.159615 -0.130994 0.978450
vn 0.175363 0.143919 0.973928
vn 0.175363 0.143919 0.973928
vn 0.175363 0.143919 0.973928
vn 0.175364 0.143918 0.973928
vn 0.175364 0.143918 0.973928
vn 0.175364 0.143918 0.973928
vn 0.478781 0.392925 0.785098
vn 0.478781 0.392925 0.785098
vn 0.478781 0.392925 0.785098
vn 0.478779 0.392926 0.785098
vn 0.478779 0.392926 0.785098
vn 0.478779 0.392926 0.785098
vn 0.000000 0.000000 1.000000
vn 0.000000 0.000000 1.000000
vn 0.000000 0.000000 1.000000
vn 0.773010 0.634394 0.000000
vn 0.773010 0.634394 0.000000
vn 0.773010 0.634394 0.000000
vn 0.773010 0.634394 0.000000
vn 0.000000 0.000000 1.000000
vn 0.773013 -0.634390 0.000000
vn 0.773013 -0.634390 0.000000
vn 0.773013 -0.634390 0.000000
vn 0.000000 0.000000 1.000000
vn 0.773013 -0.634390 0.000000
vn 0.000000 0.000000 1.000000
vn 0.000000 0.000000 1.000000
vn 0.000000 0.000000 1.000000
vn 0.478783 -0.392931 0.785094
vn 0.478783 -0.392931 0.785094
vn 0.478783 -0.392931 0.785094
vn 0.478784 -0.392926 0.785096
vn 0.478784 -0.392926 0.785096
vn 0.478784 -0.392926 0.785096
vn -0.159618 -0.130995 0.978449
vn -0.159618 -0.130995 0.978449
vn -0.159618 -0.130995 0.978449
vn -0.431081 -0.353777 0.830067
vn -0.431081 -0.353777 0.830067
vn -0.431081 -0.353777 0.830067
vn -0.431078 -0.353777 0.830068
vn -0.431078 -0.353777 0.830068
vn -0.431078 -0.353777 0.830068
vn -0.643467 -0.528079 0.554150
vn -0.643467 -0.528079 0.554150
vn -0.643467 -0.528079 0.554150
vn 0.106941 -0.200072 0.973928
vn 0.106941 -0.200072 0.973928
vn 0.106941 -0.200072 0.973928
vn 0.143919 -0.175356 0.973929
vn 0.143919 -0.175356 0.973929
vn 0.143919 -0.175356 0.973929
vn 0.143918 -0.175365 0.973928
vn 0.143918 -0.175365 0.973928
vn 0.143918 -0.175365 0.973928
vn 0.175363 -0.143916 0.973928
vn 0.175363 -0.143916 0.973928
vn 0.175363 -0.143916 0.973928
vn 0.175363 -0.143913 0.973929
vn 0.175363 -0.143913 0.973929
vn 0.175363 -0.143913 0.973929
vn -0.621041 -0.756739 0.204096
vn -0.621041 -0.756739 0.204096
vn -0.621041 -0.756739 0.204096
vn -0.634394 -0.773010 0.000000
vn -0.634394 -0.773010 0.000000
vn -0.634394 -0.773010 0.000000
vn -0.634394 -0.773010 0.000000
vn -0.461474 -0.863358 -0.204096
vn -0.461474 -0.863358 -0.204096
vn -0.461474 -0.863358 -0.204096
vn -0.621041 -0.756738 -0.204096
vn -0.621041 -0.756738 -0.204096
vn -0.621041 -0.756738 -0.204096
vn -0.643467 -0.528079 0.554150
vn -0.643467 -0.528079 0.554150
vn -0.643467 -0.528079 0.554150
vn -0.756739 -0.621039 0.204097
vn -0.756739 -0.621039 0.204097
vn -0.756739 -0.621039 0.204097
vn -0.241637 -0.796571 -0.554154
vn -0.241637 -0.796571 -0.554154
vn -0.241637 -0.796571 -0.554154
vn -0.392397 -0.734124 -0.554154
vn -0.392397 -0.734124 -0.554154
vn -0.392397 -0.734124 -0.554154
vn -0.054659 -0.554971 -0.830072
vn -0.054659 -0.554971 -0.830072
vn -0.054659 -0.554971 -0.830072
vn -0.161879 -0.533644 -0.830072
vn -0.161879 -0.533644 -0.830072
vn -0.161879 -0.533644 -0.830072
vn 0.020241 -0.205505 -0.978447
vn 0.020241 -0.205505 -0.978447
vn 0.020241 -0.205505 -0.978447
vn -0.020240 -0.205505 -0.978447
vn -0.020240 -0.205505 -0.978447
vn -0.020240 -0.205505 -0.978447
vn -0.022237 0.225770 -0.973927
vn -0.022237 0.225770 -0.973927
vn -0.022237 0.225770 -0.973927
vn -0.065855 0.217094 -0.973927
vn -0.065855 0.217094 -0.973927
vn -0.065855 0.217094 -0.973927
vn -0.291970 0.546237 -0.785098
vn -0.291970 0.546237 -0.785098
vn -0.291970 0.546237 -0.785098
vn -0.179796 0.592702 -0.785098
vn -0.179796 0.592702 -0.785098
vn -0.179796 0.592702 -0.785098
vn 0.000000 0.000000 -1.000000
vn 0.000000 0.000000 -1.000000
vn 0.000000 0.000000 -1.000000
vn -0.130995 0.159618 0.978449
vn -0.130995 0.159618 0.978449
vn -0.130995 0.159618 0.978449
vn -0.159618 0.130995 0.978449
vn -0.159618 0.130995 0.978449
vn -0.159618 0.130995 0.978449
vn -0.431078 0.353776 0.830069
vn -0.431078 0.353776 0.830069
vn -0.431078 0.353776 0.830069
vn -0.734126 0.392400 0.554149
vn -0.734126 0.392400 0.554149
vn -0.734126 0.392400 0.554149
vn -0.491812 0.262880 0.830069
vn -0.491812 0.262880 0.830069
vn -0.491812 0.262880 0.830069
vn 0.000000 0.000000 -1.000000
vn 0.000000 0.000000 -1.000000
vn 0.000000 0.000000 -1.000000
vn 0.000000 0.000000 -1.000000
vn 0.000000 0.000000 -1.000000
vn 0.000000 0.000000 -1.000000
vn 0.000000 0.000000 -1.000000
vn 0.000000 0.000000 -1.000000
vn 0.000000 0.000000 -1.000000
vn 0.000000 0.000000 -1.000000
vn 0.000000 0.000000 -1.000000
vn 0.000000 0.000000 -1.000000
vn 0.000000 0.000000 -1.000000
vn 0.000000 0.000000 -1.000000
vn 0.000000 0.000000 -1.000000
vn 0.000000 0.000000 -1.000000
vn 0.000000 0.000000 -1.000000
vn 0.000000 0.000000 -1.000000
vn 0.000000 0.000000 -1.000000
vn 0.546241 -0.291970 -0.785095
vn 0.546241 -0.291970 -0.785095
vn 0.546241 -0.291970 -0.785095
vn 0.546233 -0.291975 -0.785099
vn 0.546233 -0.291975 -0.785099
vn 0.546233 -0.291975 -0.785099
vn 0.200063 -0.106946 -0.973929
vn 0.200063 -0.106946 -0.973929
vn 0.200063 -0.106946 -0.973929
vn 0.200074 -0.106942 -0.973927
vn 0.200074 -0.106942 -0.973927
vn 0.200074 -0.106942 -0.973927
vn -0.182111 0.097341 -0.978448
vn -0.182111 0.097341 -0.978448
vn -0.182111 0.097341 -0.978448
vn -0.182111 0.097341 -0.978448
vn -0.182111 0.097341 -0.978448
vn -0.182111 0.097341 -0.978448
vn -0.491812 0.262881 -0.830069
vn -0.491812 0.262881 -0.830069
vn -0.491812 0.262881 -0.830069
vn -0.734124 0.392399 -0.554153
vn -0.734124 0.392399 -0.554153
vn -0.734124 0.392399 -0.554153
vn -0.491814 0.262881 -0.830068
vn -0.491814 0.262881 -0.830068
vn -0.491814 0.262881 -0.830068
vn 0.000000 0.000000 -1.000000
vn 0.881923 -0.471394 0.000000
vn 0.881923 -0.471394 0.000000
vn 0.881923 -0.471394 0.000000
vn 0.881923 -0.471394 0.000000
vn 0.000000 0.000000 -1.000000
vn 0.000000 0.000000 -1.000000
vn -0.734125 0.392398 -0.554152
vn -0.734125 0.392398 -0.554152
vn -0.734125 0.392398 -0.554152
vn -0.863357 0.461475 -0.204095
vn -0.863357 0.461475 -0.204095
vn -0.863357 0.461475 -0.204095
vn -0.863356 0.461477 -0.204099
vn -0.863356 0.461477 -0.204099
vn -0.863356 0.461477 -0.204099
vn -0.881920 0.471399 0.000002
vn -0.881920 0.471399 0.000002
vn -0.881920 0.471399 0.000002
vn -0.936798 0.284171 0.204097
vn -0.936798 0.284171 0.204097
vn -0.936798 0.284171 0.204097
vn -0.956941 0.290282 0.000001
vn -0.956941 0.290282 0.000001
vn -0.956941 0.290282 0.000001
vn 0.881923 0.471393 0.000000
vn 0.881923 0.471393 0.000000
vn 0.881923 0.471393 0.000000
vn 0.881923 0.471393 0.000000
vn 0.000000 0.000000 -1.000000
vn 0.000000 0.000000 -1.000000
vn -0.796573 0.241637 0.554150
vn -0.796573 0.241637 0.554150
vn -0.796573 0.241637 0.554150
vn -0.936799 0.284174 0.204092
vn -0.936799 0.284174 0.204092
vn -0.936799 0.284174 0.204092
vn -0.182108 -0.097338 0.978449
vn -0.182108 -0.097338 0.978449
vn -0.182108 -0.097338 0.978449
vn 0.200072 0.106940 0.973928
vn 0.200072 0.106940 0.973928
vn 0.200072 0.106940 0.973928
vn 0.200071 0.106941 0.973928
vn 0.200071 0.106941 0.973928
vn 0.200071 0.106941 0.973928
vn 0.546236 0.291970 0.785098
vn 0.546236 0.291970 0.785098
vn 0.546236 0.291970 0.785098
vn 0.546239 0.291968 0.785097
vn 0.546239 0.291968 0.785097
vn 0.546239 0.291968 0.785097
vn 0.000000 0.000000 1.000000
vn 0.000000 0.000000 1.000000
vn 0.000000 0.000000 1.000000
vn 0.881919 0.471400 0.000000
vn 0.881919 0.471400 0.000000
vn 0.881919 0.471400 0.000000
vn 0.881919 0.471400 0.000000
vn 0.000000 0.000000 1.000000
vn 0.000000 0.000000 1.000000
vn 0.000000 0.000000 1.000000
vn 0.000000 0.000000 1.000000
vn 0.881919 -0.471401 0.000000
vn 0.881919 -0.471401 0.000000
vn 0.881919 -0.471401 0.000000
vn 0.881919 -0.471401 0.000000
vn 0.000000 0.000000 1.000000
vn 0.546239 -0.291976 0.785094
vn 0.546239 -0.291976 0.785094
vn 0.546239 -0.291976 0.785094
vn 0.546239 -0.291969 0.785097
vn 0.546239 -0.291969 0.785097
vn 0.546239 -0.291969 0.785097
vn 0.200072 -0.106948 0.973927
vn 0.200072 -0.106948 0.973927
vn 0.200072 -0.106948 0.973927
vn 0.200070 -0.106939 0.973928
vn 0.200070 -0.106939 0.973928
vn 0.200070 -0.106939 0.973928
vn -0.182104 -0.097338 0.978449
vn -0.182104 -0.097338 0.978449
vn -0.182104 -0.097338 0.978449
vn -0.491812 -0.262882 0.830069
vn -0.491812 -0.262882 0.830069
vn -0.491812 -0.262882 0.830069
vn -0.491813 -0.262882 0.830068
vn -0.491813 -0.262882 0.830068
vn -0.491813 -0.262882 0.830068
vn -0.734126 -0.392399 0.554150
vn -0.734126 -0.392399 0.554150
vn -0.734126 -0.392399 0.554150
vn -0.159618 0.130997 0.978449
vn -0.159618 0.130997 0.978449
vn -0.159618 0.130997 0.978449
vn -0.182107 0.097338 0.978449
vn -0.182107 0.097338 0.978449
vn -0.182107 0.097338 0.978449
vn -0.182108 0.097339 0.978449
vn -0.182108 0.097339 0.978449
vn -0.182108 0.097339 0.978449
vn -0.756738 -0.621040 0.204101
vn -0.756738 -0.621040 0.204101
vn -0.756738 -0.621040 0.204101
vn -0.773010 -0.634394 0.000000
vn -0.773010 -0.634394 0.000000
vn -0.773010 -0.634394 0.000000
vn -0.773010 -0.634394 0.000000
vn -0.621040 -0.756739 -0.204094
vn -0.621040 -0.756739 -0.204094
vn -0.621040 -0.756739 -0.204094
vn -0.756739 -0.621041 -0.204095
vn -0.756739 -0.621041 -0.204095
vn -0.756739 -0.621041 -0.204095
vn -0.392398 -0.734122 -0.554155
vn -0.392398 -0.734122 -0.554155
vn -0.392398 -0.734122 -0.554155
vn -0.528077 -0.643464 -0.554156
vn -0.528077 -0.643464 -0.554156
vn -0.528077 -0.643464 -0.554156
vn -0.734124 -0.392400 0.554151
vn -0.734124 -0.392400 0.554151
vn -0.734124 -0.392400 0.554151
vn -0.863356 -0.461476 0.204100
vn -0.863356 -0.461476 0.204100
vn -0.863356 -0.461476 0.204100
vn -0.161879 -0.533644 -0.830072
vn -0.161879 -0.533644 -0.830072
vn -0.161879 -0.533644 -0.830072
vn -0.262878 -0.491809 -0.830072
vn -0.262878 -0.491809 -0.830072
vn -0.262878 -0.491809 -0.830072
vn -0.020241 -0.205504 -0.978447
vn -0.020241 -0.205504 -0.978447
vn -0.020241 -0.205504 -0.978447
vn -0.059943 -0.197607 -0.978447
vn -0.059943 -0.197607 -0.978447
vn -0.059943 -0.197607 -0.978447
vn 0.022237 0.225770 -0.973927
vn 0.022237 0.225770 -0.973927
vn 0.022237 0.225770 -0.973927
vn -0.022236 0.225770 -0.973927
vn -0.022236 0.225770 -0.973927
vn -0.022236 0.225770 -0.973927
vn -0.179798 0.592702 -0.785097
vn -0.179798 0.592702 -0.785097
vn -0.179798 0.592702 -0.785097
vn -0.060709 0.616390 -0.785097
vn -0.060709 0.616390 -0.785097
vn -0.060709 0.616390 -0.785097
vn 0.000000 0.000000 -1.000000
vn -0.491813 0.262882 0.830068
vn -0.491813 0.262882 0.830068
vn -0.491813 0.262882 0.830068
vn -0.796574 0.241638 0.554150
vn -0.796574 0.241638 0.554150
vn -0.796574 0.241638 0.554150
vn -0.533650 0.161881 0.830068
vn -0.533650 0.161881 0.830068
vn -0.533650 0.161881 0.830068
vn 0.000000 0.000000 -1.000000
vn 0.000000 0.000000 -1.000000
vn 0.000000 0.000000 -1.000000
vn 0.000000 0.000000 -1.000000
vn 0.000000 0.000000 -1.000000
vn 0.000000 0.000000 -1.000000
vn 0.000000 0.000000 -1.000000
vn 0.000000 0.000000 -1.000000
vn 0.000000 0.000000 -1.000000
vn 0.000000 0.000000 -1.000000
vn 0.592700 -0.179794 -0.785099
vn 0.592700 -0.179794 -0.785099
vn 0.592700 -0.179794 -0.785099
vn 0.592701 -0.179793 -0.785099
vn 0.592701 -0.179793 -0.785099
vn 0.592701 -0.179793 -0.785099
vn 0.217094 -0.065851 -0.973927
vn 0.217094 -0.065851 -0.973927
vn 0.217094 -0.065851 -0.973927
vn 0.217090 -0.065853 -0.973928
vn 0.217090 -0.065853 -0.973928
vn 0.217090 -0.065853 -0.973928
vn -0.197602 0.059942 -0.978448
vn -0.197602 0.059942 -0.978448
vn -0.197602 0.059942 -0.978448
vn -0.197602 0.059942 -0.978448
vn -0.197602 0.059942 -0.978448
vn -0.197602 0.059942 -0.978448
vn -0.533650 0.161880 -0.830068
vn -0.533650 0.161880 -0.830068
vn -0.533650 0.161880 -0.830068
vn -0.796572 0.241637 -0.554153
vn -0.796572 0.241637 -0.554153
vn -0.796572 0.241637 -0.554153
vn -0.533648 0.161880 -0.830069
vn -0.533648 0.161880 -0.830069
vn -0.533648 0.161880 -0.830069
vn 0.956940 -0.290285 0.000000
vn 0.956940 -0.290285 0.000000
vn 0.956940 -0.290285 0.000000
vn 0.956940 -0.290285 0.000000
vn 0.000000 0.000000 -1.000000
vn 0.000000 0.000000 -1.000000
vn 0.956941 0.290284 0.000000
vn 0.956941 0.290284 0.000000
vn 0.956941 0.290284 0.000000
vn 0.956941 0.290284 0.000000
vn -0.796567 0.241639 -0.554158
vn -0.796567 0.241639 -0.554158
vn -0.796567 0.241639 -0.554158
vn -0.936796 0.284178 -0.204099
vn -0.936796 0.284178 -0.204099
vn -0.936796 0.284178 -0.204099
vn -0.936802 0.284171 -0.204082
vn -0.936802 0.284171 -0.204082
vn -0.936802 0.284171 -0.204082
vn -0.956942 0.290280 0.000000
vn -0.956942 0.290280 0.000000
vn -0.956942 0.290280 0.000000
vn -0.974237 0.095957 0.204094
vn -0.974237 0.095957 0.204094
vn -0.974237 0.095957 0.204094
vn -0.995184 0.098020 0.000000
vn -0.995184 0.098020 0.000000
vn -0.995184 0.098020 0.000000
vn 0.000000 0.000000 -1.000000
vn 0.000000 0.000000 -1.000000
vn 0.000000 0.000000 -1.000000
vn -0.974237 0.095957 0.204095
vn -0.974237 0.095957 0.204095
vn -0.974237 0.095957 0.204095
vn -0.828409 0.081593 0.554149
vn -0.828409 0.081593 0.554149
vn -0.828409 0.081593 0.554149
vn -0.197595 -0.059940 0.978450
vn -0.197595 -0.059940 0.978450
vn -0.197595 -0.059940 0.978450
vn 0.217089 0.065854 0.973928
vn 0.217089 0.065854 0.973928
vn 0.217089 0.065854 0.973928
vn 0.217092 0.065852 0.973927
vn 0.217092 0.065852 0.973927
vn 0.217092 0.065852 0.973927
vn 0.592703 0.179794 0.785097
vn 0.592703 0.179794 0.785097
vn 0.592703 0.179794 0.785097
vn 0.592702 0.179795 0.785097
vn 0.592702 0.179795 0.785097
vn 0.592702 0.179795 0.785097
vn 0.000000 0.000000 1.000000
vn 0.000000 0.000000 1.000000
vn 0.000000 0.000000 1.000000
vn 0.956941 0.290284 0.000000
vn 0.956941 0.290284 0.000000
vn 0.956941 0.290284 0.000000
vn 0.956941 0.290284 0.000000
vn 0.000000 0.000000 1.000000
vn 0.000000 0.000000 1.000000
vn 0.956941 -0.290281 0.000000
vn 0.956941 -0.290281 0.000000
vn 0.956941 -0.290281 0.000000
vn 0.956941 -0.290281 0.000000
vn 0.000000 0.000000 1.000000
vn 0.000000 0.000000 1.000000
vn 0.000000 0.000000 1.000000
vn 0.592703 -0.179794 0.785097
vn 0.592703 -0.179794 0.785097
vn 0.592703 -0.179794 0.785097
vn 0.592703 -0.179795 0.785097
vn 0.592703 -0.179795 0.785097
vn 0.592703 -0.179795 0.785097
vn 0.217093 -0.065856 0.973927
vn 0.217093 -0.065856 0.973927
vn 0.217093 -0.065856 0.973927
vn 0.217091 -0.065852 0.973928
vn 0.217091 -0.065852 0.973928
vn 0.217091 -0.065852 0.973928
vn -0.197599 0.059942 0.978448
vn -0.197599 0.059942 0.978448
vn -0.197599 0.059942 0.978448
vn -0.197598 0.059940 0.978449
vn -0.197598 0.059940 0.978449
vn -0.197598 0.059940 0.978449
vn -0.197597 -0.059940 0.978449
vn -0.197597 -0.059940 0.978449
vn -0.197597 -0.059940 0.978449
vn -0.533650 -0.161880 0.830068
vn -0.533650 -0.161880 0.830068
vn -0.533650 -0.161880 0.830068
vn -0.533647 -0.161881 0.830069
vn -0.533647 -0.161881 0.830069
vn -0.533647 -0.161881 0.830069
vn -0.796572 -0.241638 0.554151
vn -0.796572 -0.241638 0.554151
vn -0.796572 -0.241638 0.554151
vn -0.533649 0.161879 0.830069
vn -0.533649 0.161879 0.830069
vn -0.533649 0.161879 0.830069
vn -0.863357 -0.461475 0.204098
vn -0.863357 -0.461475 0.204098
vn -0.863357 -0.461475 0.204098
vn -0.881921 -0.471398 0.000000
vn -0.881921 -0.471398 0.000000
vn -0.881921 -0.471398 0.000000
vn -0.881921 -0.471398 0.000000
vn -0.756740 -0.621038 -0.204100
vn -0.756740 -0.621038 -0.204100
vn -0.756740 -0.621038 -0.204100
vn -0.863357 -0.461475 -0.204099
vn -0.863357 -0.461475 -0.204099
vn -0.863357 -0.461475 -0.204099
vn -0.528077 -0.643464 -0.554155
vn -0.528077 -0.643464 -0.554155
vn -0.528077 -0.643464 -0.554155
vn -0.643467 -0.528074 -0.554155
vn -0.643467 -0.528074 -0.554155
vn -0.643467 -0.528074 -0.554155
vn -0.262878 -0.491812 -0.830070
vn -0.262878 -0.491812 -0.830070
vn -0.262878 -0.491812 -0.830070
vn -0.353777 -0.431076 -0.830070
vn -0.353777 -0.431076 -0.830070
vn -0.353777 -0.431076 -0.830070
vn -0.796575 -0.241637 0.554148
vn -0.796575 -0.241637 0.554148
vn -0.796575 -0.241637 0.554148
vn -0.936798 -0.284173 0.204098
vn -0.936798 -0.284173 0.204098
vn -0.936798 -0.284173 0.204098
vn -0.059943 -0.197608 -0.978447
vn -0.059943 -0.197608 -0.978447
vn -0.059943 -0.197608 -0.978447
vn -0.097342 -0.182116 -0.978447
vn -0.097342 -0.182116 -0.978447
vn -0.097342 -0.182116 -0.978447
vn 0.065854 0.217094 -0.973927
vn 0.065854 0.217094 -0.973927
vn 0.065854 0.217094 -0.973927
vn 0.022237 0.225770 -0.973927
vn 0.022237 0.225770 -0.973927
vn 0.022237 0.225770 -0.973927
vn -0.060706 0.616389 -0.785098
vn -0.060706 0.616389 -0.785098
vn -0.060706 0.616389 -0.785098
vn 0.060709 0.616389 -0.785098
vn 0.060709 0.616389 -0.785098
vn 0.060709 0.616389 -0.785098
vn -0.554976 0.054660 0.830069
vn -0.554976 0.054660 0.830069
vn -0.554976 0.054660 0.830069
vn -0.828406 0.081590 0.554153
vn -0.828406 0.081590 0.554153
vn -0.828406 0.081590 0.554153
vn 0.179797 0.592699 -0.785099
vn 0.179797 0.592699 -0.785099
vn 0.179797 0.592699 -0.785099
vn 0.179793 0.592703 -0.785097
vn 0.179793 0.592703 -0.785097
vn 0.179793 0.592703 -0.785097
vn 0.060706 0.616391 -0.785097
vn 0.060706 0.616391 -0.785097
vn 0.060706 0.616391 -0.785097
vn 0.291972 0.546240 -0.785095
vn 0.291972 0.546240 -0.785095
vn 0.291972 0.546240 -0.785095
vn 0.291977 0.546232 -0.785099
vn 0.291977 0.546232 -0.785099
vn 0.291977 0.546232 -0.785099
vn 0.392924 0.478782 -0.785098
vn 0.392924 0.478782 -0.785098
vn 0.392924 0.478782 -0.785098
vn 0.392922 0.478787 -0.785096
vn 0.392922 0.478787 -0.785096
vn 0.392922 0.478787 -0.785096
vn 0.478780 0.392928 -0.785097
vn 0.478780 0.392928 -0.785097
vn 0.478780 0.392928 -0.785097
vn 0.478780 0.392927 -0.785098
vn 0.478780 0.392927 -0.785098
vn 0.478780 0.392927 -0.785098
vn 0.546238 0.291967 -0.785098
vn 0.546238 0.291967 -0.785098
vn 0.546238 0.291967 -0.785098
vn 0.546238 0.291970 -0.785097
vn 0.546238 0.291970 -0.785097
vn 0.546238 0.291970 -0.785097
vn 0.592700 0.179793 -0.785099
vn 0.592700 0.179793 -0.785099
vn 0.592700 0.179793 -0.785099
vn 0.592701 0.179797 -0.785098
vn 0.592701 0.179797 -0.785098
vn 0.592701 0.179797 -0.785098
vn 0.000000 0.000000 -1.000000
vn 0.000000 0.000000 -1.000000
vn 0.995185 -0.098017 0.000000
vn 0.995185 -0.098017 0.000000
vn 0.995185 -0.098017 0.000000
vn 0.995185 -0.098017 0.000000
vn 0.000000 0.000000 -1.000000
vn 0.616387 -0.060712 -0.785099
vn 0.616387 -0.060712 -0.785099
vn 0.616387 -0.060712 -0.785099
vn 0.616390 -0.060707 -0.785097
vn 0.616390 -0.060707 -0.785097
vn 0.616390 -0.060707 -0.785097
vn 0.225766 -0.022239 -0.973928
vn 0.225766 -0.022239 -0.973928
vn 0.225766 -0.022239 -0.973928
vn 0.225769 -0.022236 -0.973927
vn 0.225769 -0.022236 -0.973927
vn 0.225769 -0.022236 -0.973927
vn -0.205500 0.020240 -0.978448
vn -0.205500 0.020240 -0.978448
vn -0.205500 0.020240 -0.978448
vn -0.205499 0.020240 -0.978448
vn -0.205499 0.020240 -0.978448
vn -0.205499 0.020240 -0.978448
vn -0.554975 0.054661 -0.830069
vn -0.554975 0.054661 -0.830069
vn -0.554975 0.054661 -0.830069
vn -0.828404 0.081590 -0.554158
vn -0.828404 0.081590 -0.554158
vn -0.828404 0.081590 -0.554158
vn -0.554977 0.054660 -0.830068
vn -0.554977 0.054660 -0.830068
vn -0.554977 0.054660 -0.830068
vn 0.000000 0.000000 -1.000000
vn 0.995185 0.098017 0.000000
vn 0.995185 0.098017 0.000000
vn 0.995185 0.098017 0.000000
vn 0.995185 0.098017 0.000000
vn -0.828405 0.081589 -0.554156
vn -0.828405 0.081589 -0.554156
vn -0.828405 0.081589 -0.554156
vn -0.974240 0.095952 -0.204084
vn -0.974240 0.095952 -0.204084
vn -0.974240 0.095952 -0.204084
vn -0.974237 0.095957 -0.204094
vn -0.974237 0.095957 -0.204094
vn -0.974237 0.095957 -0.204094
vn -0.995184 0.098020 0.000000
vn -0.974237 -0.095957 0.204095
vn -0.974237 -0.095957 0.204095
vn -0.974237 -0.095957 0.204095
vn -0.995184 -0.098021 0.000000
vn -0.995184 -0.098021 0.000000
vn -0.995184 -0.098021 0.000000
vn 0.616390 0.060712 -0.785097
vn 0.616390 0.060712 -0.785097
vn 0.616390 0.060712 -0.785097
vn 0.616388 0.060707 -0.785099
vn 0.616388 0.060707 -0.785099
vn 0.616388 0.060707 -0.785099
vn -0.974237 -0.095957 0.204094
vn -0.974237 -0.095957 0.204094
vn -0.974237 -0.095957 0.204094
vn -0.828406 -0.081594 0.554153
vn -0.828406 -0.081594 0.554153
vn -0.828406 -0.081594 0.554153
vn -0.205493 -0.020241 0.978449
vn -0.205493 -0.020241 0.978449
vn -0.205493 -0.020241 0.978449
vn 0.225767 0.022234 0.973928
vn 0.225767 0.022234 0.973928
vn 0.225767 0.022234 0.973928
vn 0.225765 0.022235 0.973928
vn 0.225765 0.022235 0.973928
vn 0.225765 0.022235 0.973928
vn 0.616390 0.060712 0.785097
vn 0.616390 0.060712 0.785097
vn 0.616390 0.060712 0.785097
vn 0.616392 0.060708 0.785096
vn 0.616392 0.060708 0.785096
vn 0.616392 0.060708 0.785096
vn 0.000000 0.000000 1.000000
vn 0.000000 0.000000 1.000000
vn 0.000000 0.000000 1.000000
vn 0.995185 0.098013 0.000000
vn 0.995185 0.098013 0.000000
vn 0.995185 0.098013 0.000000
vn 0.995185 0.098013 0.000000
vn 0.000000 0.000000 1.000000
vn 0.995185 -0.098014 0.000000
vn 0.995185 -0.098014 0.000000
vn 0.995185 -0.098014 0.000000
vn 0.995185 -0.098014 0.000000
vn 0.616392 -0.060712 0.785095
vn 0.616392 -0.060712 0.785095
vn 0.616392 -0.060712 0.785095
vn 0.616391 -0.060708 0.785097
vn 0.616391 -0.060708 0.785097
vn 0.616391 -0.060708 0.785097
vn 0.225767 -0.022235 0.973928
vn 0.225767 -0.022235 0.973928
vn 0.225767 -0.022235 0.973928
vn 0.225767 -0.022236 0.973928
vn 0.225767 -0.022236 0.973928
vn 0.225767 -0.022236 0.973928
vn -0.205497 0.020239 0.978448
vn -0.205497 0.020239 0.978448
vn -0.205497 0.020239 0.978448
vn -0.205497 0.020239 0.978448
vn -0.205497 0.020239 0.978448
vn -0.205497 0.020239 0.978448
vn -0.554975 0.054660 0.830069
vn -0.554975 0.054660 0.830069
vn -0.554975 0.054660 0.830069
vn -0.205497 -0.020239 0.978448
vn -0.205497 -0.020239 0.978448
vn -0.205497 -0.020239 0.978448
vn -0.554975 -0.054660 0.830069
vn -0.554975 -0.054660 0.830069
vn -0.554975 -0.054660 0.830069
vn -0.828410 -0.081591 0.554148
vn -0.828410 -0.081591 0.554148
vn -0.828410 -0.081591 0.554148
vn -0.554975 -0.054660 0.830069
vn -0.554975 -0.054660 0.830069
vn -0.554975 -0.054660 0.830069
vn -0.936799 -0.284171 0.204095
vn -0.936799 -0.284171 0.204095
vn -0.936799 -0.284171 0.204095
vn -0.956941 -0.290281 0.000000
vn -0.956941 -0.290281 0.000000
vn -0.956941 -0.290281 0.000000
vn -0.956941 -0.290281 0.000000
vn -0.863356 -0.461476 -0.204097
vn -0.863356 -0.461476 -0.204097
vn -0.863356 -0.461476 -0.204097
vn -0.936798 -0.284171 -0.204097
vn -0.936798 -0.284171 -0.204097
vn -0.936798 -0.284171 -0.204097
vn -0.643467 -0.528080 -0.554150
vn -0.643467 -0.528080 -0.554150
vn -0.643467 -0.528080 -0.554150
vn -0.734125 -0.392400 -0.554150
vn -0.734125 -0.392400 -0.554150
vn -0.734125 -0.392400 -0.554150
vn -0.353777 -0.431075 -0.830070
vn -0.353777 -0.431075 -0.830070
vn -0.353777 -0.431075 -0.830070
vn -0.431077 -0.353775 -0.830070
vn -0.431077 -0.353775 -0.830070
vn -0.431077 -0.353775 -0.830070
vn -0.097343 -0.182109 -0.978448
vn -0.097343 -0.182109 -0.978448
vn -0.097343 -0.182109 -0.978448
vn -0.130998 -0.159621 -0.978448
vn -0.130998 -0.159621 -0.978448
vn -0.130998 -0.159621 -0.978448
vn 0.106938 0.200077 -0.973927
vn 0.106938 0.200077 -0.973927
vn 0.106938 0.200077 -0.973927
vn 0.065854 0.217094 -0.973927
vn 0.065854 0.217094 -0.973927
vn 0.065854 0.217094 -0.973927
vn 0.106945 0.200059 -0.973930
vn 0.106945 0.200059 -0.973930
vn 0.106945 0.200059 -0.973930
vn 0.143911 0.175370 -0.973928
vn 0.143911 0.175370 -0.973928
vn 0.143911 0.175370 -0.973928
vn 0.143913 0.175358 -0.973930
vn 0.143913 0.175358 -0.973930
vn 0.143913 0.175358 -0.973930
vn 0.175363 0.143918 -0.973928
vn 0.175363 0.143918 -0.973928
vn 0.175363 0.143918 -0.973928
vn 0.175363 0.143917 -0.973928
vn 0.175363 0.143917 -0.973928
vn 0.175363 0.143917 -0.973928
vn 0.200072 0.106944 -0.973927
vn 0.200072 0.106944 -0.973927
vn 0.200072 0.106944 -0.973927
vn 0.200071 0.106940 -0.973928
vn 0.200071 0.106940 -0.973928
vn 0.200071 0.106940 -0.973928
vn 0.217091 0.065851 -0.973928
vn 0.217091 0.065851 -0.973928
vn 0.217091 0.065851 -0.973928
vn 0.217092 0.065854 -0.973927
vn 0.217092 0.065854 -0.973927
vn 0.217092 0.065854 -0.973927
vn 0.225769 0.022239 -0.973927
vn 0.225769 0.022239 -0.973927
vn 0.225769 0.022239 -0.973927
vn 0.225766 0.022236 -0.973928
vn 0.225766 0.022236 -0.973928
vn 0.225766 0.022236 -0.973928
vn -0.205499 -0.020240 -0.978448
vn -0.205499 -0.020240 -0.978448
vn -0.205499 -0.020240 -0.978448
vn -0.205500 -0.020240 -0.978448
vn -0.205500 -0.020240 -0.978448
vn -0.205500 -0.020240 -0.978448
vn -0.554977 -0.054661 -0.830068
vn -0.554977 -0.054661 -0.830068
vn -0.554977 -0.054661 -0.830068
vn -0.828405 -0.081590 -0.554156
vn -0.828405 -0.081590 -0.554156
vn -0.828405 -0.081590 -0.554156
vn -0.554975 -0.054660 -0.830069
vn -0.554975 -0.054660 -0.830069
vn -0.554975 -0.054660 -0.830069
vn -0.974238 -0.095953 -0.204094
vn -0.974238 -0.095953 -0.204094
vn -0.974238 -0.095953 -0.204094
vn -0.828404 -0.081590 -0.554157
vn -0.828404 -0.081590 -0.554157
vn -0.828404 -0.081590 -0.554157
vn -0.974239 -0.095958 -0.204084
vn -0.974239 -0.095958 -0.204084
vn -0.974239 -0.095958 -0.204084
vn -0.995184 -0.098021 0.000000
vn -0.936799 -0.284177 -0.204085
vn -0.936799 -0.284177 -0.204085
vn -0.936799 -0.284177 -0.204085
vn -0.734124 -0.392397 -0.554154
vn -0.734124 -0.392397 -0.554154
vn -0.734124 -0.392397 -0.554154
vn -0.796570 -0.241639 -0.554154
vn -0.796570 -0.241639 -0.554154
vn -0.796570 -0.241639 -0.554154
vn -0.431077 -0.353776 -0.830070
vn -0.431077 -0.353776 -0.830070
vn -0.431077 -0.353776 -0.830070
vn -0.491813 -0.262879 -0.830069
vn -0.491813 -0.262879 -0.830069
vn -0.491813 -0.262879 -0.830069
vn -0.130998 -0.159621 -0.978448
vn -0.130998 -0.159621 -0.978448
vn -0.130998 -0.159621 -0.978448
vn -0.159622 -0.130998 -0.978448
vn -0.159622 -0.130998 -0.978448
vn -0.159622 -0.130998 -0.978448
vn -0.159622 -0.130999 -0.978448
vn -0.159622 -0.130999 -0.978448
vn -0.159622 -0.130999 -0.978448
vn -0.182111 -0.097340 -0.978448
vn -0.182111 -0.097340 -0.978448
vn -0.182111 -0.097340 -0.978448
vn -0.182111 -0.097341 -0.978448
vn -0.182111 -0.097341 -0.978448
vn -0.182111 -0.097341 -0.978448
vn -0.197602 -0.059942 -0.978448
vn -0.197602 -0.059942 -0.978448
vn -0.197602 -0.059942 -0.978448
vn -0.197602 -0.059941 -0.978448
vn -0.197602 -0.059941 -0.978448
vn -0.197602 -0.059941 -0.978448
vn -0.533648 -0.161879 -0.830069
vn -0.533648 -0.161879 -0.830069
vn -0.533648 -0.161879 -0.830069
vn -0.796569 -0.241637 -0.554156
vn -0.796569 -0.241637 -0.554156
vn -0.796569 -0.241637 -0.554156
vn -0.533650 -0.161881 -0.830068
vn -0.533650 -0.161881 -0.830068
vn -0.533650 -0.161881 -0.830068
vn -0.491814 -0.262881 -0.830068
vn -0.491814 -0.262881 -0.830068
vn -0.491814 -0.262881 -0.830068
usemtl Plastic_-_Glossy_(Black)
f 1/1/1 2/2/2 3/3/3
f 1/4/4 4/5/5 2/6/6
f 5/7/7 6/8/8 7/9/9
f 8/10/10 9/11/11 10/12/12
f 8/13/13 10/14/14 11/15/15
f 12/16/16 4/17/17 1/18/18
f 7/19/19 13/20/20 14/21/21
f 4/22/22 15/23/23 2/24/24
f 2/25/25 15/26/26 16/27/27
f 2/28/28 16/29/29 17/30/30
f 7/31/31 14/32/32 18/33/33
f 19/34/34 7/35/35 18/36/36
f 5/37/37 7/38/38 19/39/39
f 20/40/40 21/41/41 4/42/42
f 4/43/43 21/44/44 15/45/45
f 12/46/46 20/47/47 4/48/48
f 8/49/49 11/50/50 22/51/51
f 5/52/52 19/53/53 23/54/54
f 5/55/52 23/56/54 24/57/55
f 25/58/56 9/59/57 8/60/58
f 8/61/49 22/62/51 26/63/59
f 25/64/60 8/65/61 26/66/62
f 25/67/63 27/68/64 9/69/65
f 27/70/66 28/71/67 9/72/68
f 17/73/69 16/74/70 29/75/71
f 17/76/72 29/77/73 30/78/74
f 18/79/75 14/80/76 31/81/77
f 15/82/78 32/83/79 33/84/80
f 15/85/81 33/86/82 16/87/83
f 21/88/84 32/89/85 15/90/86
f 16/91/87 33/92/88 34/93/89
f 16/94/90 34/95/91 29/96/92
f 18/97/93 31/98/94 35/99/95
f 36/100/96 18/101/97 35/102/98
f 19/103/99 18/104/100 36/105/101
f 19/106/102 36/107/103 37/108/104
f 19/109/102 37/110/104 23/111/105
f 20/112/106 38/113/107 21/114/108
f 27/115/109 39/116/110 28/117/111
f 40/118/112 38/119/113 20/120/114
f 38/121/115 41/122/116 21/123/117
f 21/124/118 41/125/119 32/126/120
f 23/127/121 42/128/122 24/129/123
f 22/130/124 43/131/125 44/132/126
f 22/133/127 44/134/128 26/135/129
f 23/136/130 45/137/131 42/138/132
f 37/139/133 45/140/134 23/141/135
f 46/142/136 27/143/137 25/144/138
f 46/145/139 25/146/140 47/147/141
f 25/146/142 26/148/143 47/149/144
f 26/150/145 44/151/146 48/152/147
f 26/153/148 48/154/149 47/155/150
f 49/156/151 39/157/152 27/158/153
f 46/159/154 49/160/155 27/161/156
f 29/162/157 34/163/158 50/164/159
f 29/165/160 50/166/161 51/167/162
f 30/168/163 29/169/164 51/170/165
f 30/171/166 51/172/167 52/173/168
f 35/174/169 31/175/170 53/176/171
f 54/177/172 33/178/173 32/179/174
f 55/180/175 32/181/176 41/182/177
f 54/183/178 32/184/179 55/185/180
f 56/186/181 34/187/182 33/188/183
f 56/189/184 33/190/185 54/191/186
f 57/192/187 50/193/188 34/194/189
f 57/195/190 34/196/191 56/197/192
f 35/198/193 53/199/194 58/200/195
f 59/201/196 35/202/197 58/203/198
f 36/204/199 35/205/200 59/206/201
f 36/207/202 59/208/203 60/209/204
f 36/210/202 60/211/204 37/212/205
f 37/213/206 61/214/207 45/215/208
f 60/216/209 61/217/210 37/218/211
f 38/219/212 62/220/213 41/221/214
f 63/222/215 62/223/216 38/224/217
f 40/225/218 63/226/219 38/227/220
f 64/228/221 63/229/222 40/230/223
f 49/231/224 65/232/225 39/233/226
f 66/234/227 41/235/228 62/236/229
f 55/237/230 41/238/231 66/239/232
f 67/240/233 68/241/234 69/242/235
f 67/243/236 69/244/237 70/245/238
f 71/246/239 68/247/240 67/248/241
f 44/249/242 72/250/243 73/251/244
f 44/252/245 73/253/246 48/254/247
f 61/255/248 74/256/249 45/257/250
f 71/258/251 75/259/252 68/260/253
f 46/261/254 47/262/255 76/263/256
f 77/264/257 46/265/258 76/266/259
f 77/267/260 49/268/261 46/269/262
f 47/270/263 48/271/264 78/272/265
f 47/273/266 78/274/267 76/275/268
f 48/276/269 73/277/270 79/278/271
f 48/279/272 79/280/273 78/281/274
f 77/282/275 80/283/276 49/284/277
f 80/285/278 65/286/279 49/287/280
f 51/288/281 50/289/282 81/290/283
f 82/291/284 81/292/285 50/293/286
f 82/294/287 50/295/288 57/296/289
f 51/297/290 81/298/291 83/299/292
f 52/300/293 51/301/294 83/302/295
f 52/303/296 83/304/297 84/305/298
f 58/306/299 53/307/300 85/308/301
f 54/309/302 86/310/303 87/311/304
f 55/312/305 86/313/306 54/314/307
f 54/315/308 87/316/309 56/317/310
f 55/318/311 88/319/312 86/320/313
f 66/321/314 88/322/315 55/323/316
f 56/324/317 87/325/318 89/326/319
f 56/327/320 89/328/321 57/329/322
f 57/330/323 89/331/324 90/332/325
f 57/333/326 90/334/327 82/335/328
f 58/336/329 85/337/330 91/338/331
f 92/339/332 58/340/333 91/341/334
f 59/342/335 58/343/336 92/344/337
f 59/345/338 92/346/339 93/347/340
f 59/348/338 93/349/340 60/350/341
f 60/351/342 94/352/343 61/353/344
f 93/354/345 94/355/346 60/356/347
f 61/357/348 95/358/349 74/359/350
f 94/360/351 95/361/352 61/362/353
f 63/363/354 96/364/355 62/365/356
f 97/366/357 62/367/358 96/368/359
f 66/369/360 62/370/361 97/371/362
f 98/372/363 96/373/364 63/374/365
f 64/375/366 98/376/367 63/377/368
f 99/378/369 98/379/370 64/380/371
f 80/381/372 100/382/373 65/383/374
f 66/384/375 101/385/376 88/386/377
f 97/387/378 101/388/379 66/389/380
f 68/390/381 102/391/382 69/392/383
f 75/393/384 103/394/385 68/395/386
f 68/396/387 103/397/388 102/398/389
f 69/399/390 102/400/391 104/401/392
f 69/402/393 104/403/394 105/404/395
f 105/405/396 104/406/397 106/407/398
f 105/408/399 106/409/400 107/410/401
f 75/411/402 108/412/403 103/413/404
f 109/414/405 108/415/406 75/416/407
f 76/417/408 78/418/409 110/419/410
f 76/420/411 110/421/412 111/422/413
f 77/423/257 76/424/259 111/425/414
f 112/426/415 80/427/416 77/428/417
f 112/429/418 77/430/419 111/431/420
f 78/432/421 113/433/422 110/434/423
f 78/435/424 79/436/425 113/437/426
f 107/438/427 106/439/428 114/440/429
f 107/441/430 114/442/431 115/443/432
f 116/444/433 100/445/434 80/446/435
f 112/447/436 116/448/437 80/449/438
f 83/450/439 81/451/440 117/452/441
f 118/453/442 117/454/443 81/455/444
f 118/456/445 81/457/446 82/458/447
f 82/459/448 90/460/449 119/461/450
f 82/462/451 119/463/452 118/464/453
f 83/465/454 117/466/455 120/467/456
f 84/468/457 83/469/458 120/470/459
f 84/471/460 120/472/461 121/473/462
f 91/474/463 85/475/464 122/476/465
f 123/477/466 87/478/467 86/479/468
f 124/480/469 86/481/468 88/482/470
f 123/483/466 86/484/468 124/485/469
f 125/486/471 87/487/467 123/488/466
f 125/489/471 89/490/472 87/491/467
f 126/492/473 88/493/470 101/494/474
f 124/495/469 88/496/470 126/497/473
f 127/498/475 89/499/472 125/500/471
f 127/501/475 90/502/476 89/503/472
f 128/504/477 90/505/476 127/506/475
f 128/507/477 119/508/478 90/509/476
f 91/510/479 122/511/480 129/512/481
f 130/513/482 91/514/483 129/515/484
f 92/516/485 91/517/486 130/518/487
f 92/519/488 130/520/489 131/521/490
f 92/522/488 131/523/490 93/524/491
f 93/525/492 132/526/493 94/527/494
f 131/528/495 132/529/496 93/530/497
f 94/531/498 133/532/499 95/533/500
f 132/534/501 133/535/502 94/536/503
f 109/537/504 134/538/505 108/539/506
f 135/540/507 134/541/508 109/542/509
f 98/543/510 136/544/511 96/545/512
f 137/546/513 96/547/514 136/548/515
f 97/549/516 96/550/517 137/551/518
f 97/552/519 138/553/520 101/554/521
f 137/555/522 138/556/523 97/557/524
f 139/558/525 136/559/526 98/560/527
f 99/561/528 139/562/529 98/563/530
f 140/564/531 139/565/532 99/566/533
f 116/567/534 141/568/535 100/569/536
f 142/570/537 101/571/474 138/572/538
f 126/573/473 101/574/474 142/575/537
f 102/576/539 143/577/540 104/578/541
f 103/579/542 144/580/543 102/581/544
f 102/582/545 144/583/546 143/584/547
f 103/585/548 145/586/549 144/587/550
f 108/588/551 145/589/552 103/590/553
f 104/591/554 143/592/555 146/593/556
f 104/594/557 146/595/558 106/596/559
f 106/597/560 146/598/561 147/599/562
f 106/600/563 147/601/564 114/602/565
f 108/603/566 148/604/567 145/605/568
f 134/606/569 148/607/570 108/608/571
f 110/609/572 113/610/573 149/611/574
f 110/612/575 149/613/576 150/614/577
f 111/615/578 110/616/579 150/617/580
f 111/618/581 150/619/582 151/620/583
f 112/621/418 111/622/420 151/623/584
f 152/624/585 112/625/586 151/626/587
f 152/627/588 116/628/589 112/629/590
f 115/630/591 114/631/592 153/632/593
f 115/633/594 153/634/595 154/635/596
f 114/636/597 147/637/598 155/638/599
f 114/639/600 155/640/601 153/641/602
f 152/642/603 156/643/604 116/644/605
f 156/645/606 141/646/607 116/647/608
f 120/648/609 117/649/610 157/650/611
f 158/651/612 157/652/613 117/653/614
f 158/654/615 117/655/616 118/656/617
f 118/657/618 119/658/619 159/659/620
f 118/660/621 159/661/622 158/662/623
f 160/663/624 119/664/478 128/665/477
f 160/666/624 159/667/625 119/668/478
f 120/669/626 157/670/627 161/671/628
f 121/672/629 120/673/630 161/674/631
f 121/675/632 161/676/633 162/677/634
f 129/678/635 122/679/636 163/680/637
f 164/681/638 125/682/471 123/683/466
f 165/684/639 123/685/466 124/686/469
f 164/687/638 123/688/466 165/689/639
f 166/690/640 124/691/469 126/692/473
f 165/693/639 124/694/469 166/695/640
f 167/696/641 127/697/475 125/698/471
f 167/699/641 125/700/471 164/701/638
f 168/702/642 126/703/473 142/704/537
f 166/705/640 126/706/473 168/707/642
f 169/708/643 128/709/477 127/710/475
f 169/711/643 127/712/475 167/713/641
f 170/714/644 160/715/624 128/716/477
f 170/717/644 128/718/477 169/719/643
f 129/720/645 163/721/646 171/722/647
f 172/723/648 129/724/649 171/725/650
f 130/726/651 129/727/652 172/728/653
f 130/729/654 172/730/655 173/731/656
f 130/732/654 173/733/656 131/734/657
f 131/735/658 174/736/659 132/737/660
f 173/738/661 174/739/662 131/740/663
f 132/741/664 175/742/665 133/743/666
f 174/744/667 175/745/668 132/746/669
f 135/747/670 176/748/671 134/749/672
f 177/750/673 176/751/674 135/752/675
f 134/753/676 178/754/677 148/755/678
f 176/756/679 178/757/680 134/758/681
f 139/759/682 179/760/683 136/761/684
f 180/762/685 136/763/686 179/764/687
f 137/765/688 136/766/689 180/767/690
f 137/768/691 181/769/692 138/770/693
f 180/771/694 181/772/695 137/773/696
f 182/774/697 138/775/538 181/776/698
f 142/777/537 138/778/538 182/779/697
f 183/780/699 179/781/700 139/782/701
f 140/783/702 183/784/703 139/785/704
f 184/786/705 183/787/706 140/788/707
f 156/789/708 185/790/709 141/791/710
f 186/792/711 142/793/537 182/794/697
f 168/795/642 142/796/537 186/797/711
f 187/798/712 146/799/713 143/800/714
f 188/801/715 143/802/716 144/803/717
f 187/804/718 143/805/719 188/806/720
f 189/807/721 144/808/722 145/809/723
f 188/810/724 144/811/725 189/812/726
f 190/813/727 145/814/728 148/815/729
f 189/816/730 145/817/731 190/818/732
f 191/819/733 146/820/734 187/821/735
f 191/822/736 147/823/737 146/824/738
f 192/825/739 147/826/740 191/827/741
f 192/828/742 155/829/743 147/830/744
f 193/831/745 148/832/746 178/833/747
f 190/834/748 148/835/749 193/836/750
f 150/837/751 149/838/752 194/839/753
f 154/840/754 153/841/755 195/842/756
f 154/843/757 195/844/758 196/845/759
f 151/846/760 150/847/761 197/848/762
f 150/849/763 194/850/764 197/851/765
f 151/852/766 197/853/767 198/854/768
f 152/855/769 151/856/770 198/857/771
f 199/858/772 156/859/773 152/860/774
f 199/861/775 152/862/776 198/863/777
f 153/864/778 155/865/779 200/866/780
f 153/867/781 200/868/782 195/869/783
f 201/870/784 200/871/785 155/872/786
f 201/873/787 155/874/788 192/875/789
f 202/876/790 185/877/791 156/878/792
f 199/879/793 202/880/794 156/881/795
f 161/882/796 157/883/797 203/884/798
f 204/885/799 203/886/800 157/887/801
f 204/888/802 157/889/803 158/890/804
f 158/891/805 159/892/806 205/893/807
f 158/894/808 205/895/809 204/896/810
f 206/897/811 159/898/625 160/899/624
f 206/900/811 205/901/812 159/902/625
f 207/903/813 206/904/811 160/905/624
f 207/906/813 160/907/624 170/908/644
f 161/909/814 203/910/815 208/911/816
f 162/912/817 161/913/818 208/914/819
f 162/915/820 208/916/821 209/917/822
f 171/918/823 163/919/824 210/920/825
f 211/921/826 212/922/827 213/923/828
f 214/924/829 212/925/830 211/926/831
f 211/927/826 213/928/828 215/929/832
f 214/930/829 216/931/833 212/932/830
f 217/933/834 216/934/835 214/935/836
f 217/936/834 218/937/837 216/938/835
f 219/939/838 218/940/839 217/941/840
f 215/942/841 213/943/842 220/944/843
f 215/945/841 220/946/843 221/947/844
f 222/948/845 223/949/846 224/950/847
f 219/951/838 225/952/848 218/953/839
f 221/954/849 220/955/850 226/956/851
f 221/957/852 226/958/853 227/959/854
f 228/960/855 229/961/856 230/962/857
f 228/963/858 230/964/859 231/965/860
f 171/966/861 210/967/862 232/968/863
f 233/969/864 171/970/865 232/971/866
f 172/972/867 171/973/868 233/974/869
f 172/975/870 233/976/871 234/977/872
f 172/978/873 234/979/874 173/980/875
f 173/981/876 235/982/877 174/983/878
f 234/984/879 235/985/880 173/986/881
f 174/987/882 236/988/883 175/989/884
f 235/990/885 236/991/886 174/992/887
f 177/993/888 237/994/889 176/995/890
f 238/996/891 237/997/892 177/998/893
f 176/999/894 239/1000/895 178/1001/896
f 237/1002/897 239/1003/898 176/1004/899
f 240/1005/900 178/1006/901 239/1007/902
f 193/1008/903 178/1009/904 240/1010/905
f 183/1011/906 241/1012/907 179/1013/908
f 242/1014/909 179/1015/910 241/1016/911
f 180/1017/912 179/1018/913 242/1019/914
f 180/1020/915 243/1021/916 181/1022/917
f 242/1023/918 243/1024/919 180/1025/920
f 244/1026/921 181/1027/698 243/1028/922
f 182/1029/697 181/1030/698 244/1031/921
f 245/1032/923 182/1033/697 244/1034/921
f 186/1035/711 182/1036/697 245/1037/923
f 246/1038/924 241/1039/925 183/1040/926
f 184/1041/927 246/1042/928 183/1043/929
f 202/1044/930 247/1045/931 185/1046/932
f 248/1047/933 246/1048/934 184/1049/935
f 222/1050/845 249/1051/936 223/1052/846
f 250/1053/937 249/1054/938 222/1055/939
f 187/1056/940 251/1057/941 252/1058/942
f 187/1059/943 252/1060/944 191/1061/945
f 188/1062/946 251/1063/947 187/1064/948
f 188/1065/949 253/1066/950 251/1067/951
f 189/1068/952 253/1069/953 188/1070/954
f 189/1071/955 254/1072/956 253/1073/957
f 190/1074/958 254/1075/959 189/1076/960
f 190/1077/961 255/1078/962 254/1079/963
f 193/1080/964 255/1081/965 190/1082/966
f 191/1083/967 252/1084/968 256/1085/969
f 191/1086/970 256/1087/971 192/1088/972
f 192/1089/973 256/1090/974 257/1091/975
f 192/1092/976 257/1093/977 201/1094/978
f 193/1095/979 258/1096/980 255/1097/981
f 240/1098/982 258/1099/983 193/1100/984
f 197/1101/985 194/1102/986 259/1103/987
f 196/1104/988 195/1105/989 260/1106/990
f 196/1107/991 260/1108/992 261/1109/993
f 195/1110/994 200/1111/995 262/1112/996
f 195/1113/997 262/1114/998 260/1115/999
f 197/1116/1000 259/1117/1001 263/1118/1002
f 198/1119/1003 197/1120/1004 263/1121/1005
f 198/1122/1006 263/1123/1007 264/1124/1008
f 199/1125/1009 198/1126/1010 264/1127/1011
f 265/1128/1012 202/1129/1013 199/1130/1014
f 265/1131/1015 199/1132/1016 264/1133/1017
f 266/1134/1018 200/1135/1019 201/1136/1020
f 266/1137/1021 262/1138/1022 200/1139/1023
f 201/1140/1024 257/1141/1025 267/1142/1026
f 201/1143/1027 267/1144/1028 266/1145/1029
f 268/1146/1030 247/1147/1031 202/1148/1032
f 265/1149/1033 268/1150/1034 202/1151/1035
f 208/1152/1036 203/1153/1037 269/1154/1038
f 270/1155/1039 269/1156/1040 203/1157/1041
f 270/1158/1042 203/1159/1043 204/1160/1044
f 204/1161/1045 205/1162/1046 271/1163/1047
f 204/1164/1048 271/1165/1049 270/1166/1050
f 272/1167/1051 205/1168/812 206/1169/811
f 272/1170/1051 271/1171/1052 205/1172/812
f 273/1173/1053 272/1174/1051 206/1175/811
f 273/1176/1053 206/1177/811 207/1178/813
f 231/1179/1054 230/1180/1055 274/1181/1056
f 231/1182/1054 274/1183/1056 275/1184/1057
f 208/1185/1058 269/1186/1059 276/1187/1060
f 209/1188/1061 208/1189/1062 276/1190/1063
f 209/1191/1064 276/1192/1065 277/1193/1066
f 232/1194/1067 210/1195/1068 278/1196/1069
f 279/1197/1070 280/1198/1071 281/1199/1072
f 279/1200/1070 281/1201/1072 282/1202/1073
f 282/1203/1073 281/1204/1072 283/1205/1074
f 284/1206/1075 285/1207/1076 280/1208/1071
f 284/1209/1075 280/1210/1071 279/1211/1070
f 282/1212/1073 283/1213/1074 286/1214/1077
f 286/1215/1077 283/1216/1074 287/1217/1078
f 286/1218/1077 287/1219/1078 288/1220/1079
f 288/1221/1079 287/1222/1078 289/1223/1080
f 284/1224/1075 290/1225/1081 285/1226/1076
f 291/1227/1082 292/1228/1083 290/1229/1081
f 291/1230/1082 290/1231/1081 293/1232/1084
f 293/1233/1084 290/1234/1081 284/1235/1075
f 294/1236/1085 295/1237/1086 292/1238/1083
f 294/1239/1085 292/1240/1083 291/1241/1082
f 232/1242/1087 278/1243/1088 296/1244/1089
f 297/1245/1090 232/1246/1091 296/1247/1092
f 233/1248/1093 232/1249/1094 297/1250/1095
f 233/1251/1096 297/1252/1097 298/1253/1098
f 233/1254/1099 298/1255/1100 234/1256/1101
f 234/1257/1102 299/1258/1103 235/1259/1104
f 298/1260/1105 299/1261/1106 234/1262/1107
f 235/1263/1108 300/1264/1109 236/1265/1110
f 299/1266/1111 300/1267/1112 235/1268/1113
f 238/1269/1114 301/1270/1115 237/1271/1116
f 302/1272/1117 301/1273/1118 238/1274/1119
f 237/1275/1120 303/1276/1121 239/1277/1122
f 301/1278/1123 303/1279/1124 237/1280/1125
f 304/1281/1126 239/1282/1127 303/1283/1128
f 240/1284/1129 239/1285/1130 304/1286/1131
f 240/1287/1132 305/1288/1133 258/1289/1134
f 304/1290/1135 305/1291/1136 240/1292/1137
f 246/1293/1138 306/1294/1139 241/1295/1140
f 307/1296/1141 241/1297/1142 306/1298/1143
f 242/1299/1144 241/1300/1145 307/1301/1146
f 242/1302/1147 308/1303/1148 243/1304/1149
f 307/1305/1150 308/1306/1151 242/1307/1152
f 309/1308/1153 243/1309/922 308/1310/1154
f 244/1311/921 243/1312/922 309/1313/1153
f 310/1314/1155 244/1315/921 309/1316/1153
f 245/1317/923 244/1318/921 310/1319/1155
f 250/1320/937 311/1321/1156 249/1322/938
f 312/1323/1157 311/1324/1158 250/1325/1159
f 313/1326/1160 306/1327/1161 246/1328/1162
f 248/1329/1163 313/1330/1164 246/1331/1165
f 314/1332/1166 313/1333/1167 248/1334/1168
f 268/1335/1169 315/1336/1170 247/1337/1171
f 316/1338/1172 252/1339/1173 251/1340/1174
f 317/1341/1175 251/1342/1174 253/1343/1176
f 316/1344/1172 251/1345/1174 317/1346/1175
f 318/1347/1177 256/1348/1178 252/1349/1173
f 318/1350/1177 252/1351/1173 316/1352/1172
f 319/1353/1179 253/1354/1176 254/1355/1180
f 317/1356/1175 253/1357/1176 319/1358/1179
f 320/1359/1181 254/1360/1180 255/1361/1182
f 319/1362/1179 254/1363/1180 320/1364/1181
f 321/1365/1183 255/1366/1182 258/1367/1184
f 320/1368/1181 255/1369/1182 321/1370/1183
f 322/1371/1185 256/1372/1178 318/1373/1177
f 322/1374/1185 257/1375/1186 256/1376/1178
f 323/1377/1187 267/1378/1188 257/1379/1186
f 323/1380/1187 257/1381/1186 322/1382/1185
f 324/1383/1189 258/1384/1184 305/1385/1190
f 321/1386/1183 258/1387/1184 324/1388/1189
f 263/1389/1191 259/1390/1192 325/1391/1193
f 261/1392/1194 260/1393/1195 326/1394/1196
f 261/1395/1197 326/1396/1198 327/1397/1199
f 260/1398/1200 262/1399/1201 328/1400/1202
f 260/1401/1203 328/1402/1204 326/1403/1205
f 329/1404/1206 262/1405/1207 266/1406/1208
f 329/1407/1209 328/1408/1210 262/1409/1211
f 263/1410/1212 325/1411/1213 330/1412/1214
f 264/1413/1215 263/1414/1216 330/1415/1217
f 264/1416/1218 330/1417/1219 331/1418/1220
f 265/1419/1221 264/1420/1222 331/1421/1223
f 332/1422/1224 268/1423/1225 265/1424/1226
f 332/1425/1227 265/1426/1228 331/1427/1229
f 266/1428/1230 267/1429/1231 333/1430/1232
f 266/1431/1233 333/1432/1234 329/1433/1235
f 334/1434/1236 267/1435/1188 323/1436/1187
f 334/1437/1236 333/1438/1237 267/1439/1188
f 332/1440/1238 335/1441/1239 268/1442/1240
f 335/1443/1241 315/1444/1242 268/1445/1243
f 276/1446/1244 269/1447/1245 336/1448/1246
f 337/1449/1247 336/1450/1248 269/1451/1249
f 337/1452/1250 269/1453/1251 270/1454/1252
f 270/1455/1253 271/1456/1254 338/1457/1255
f 270/1458/1256 338/1459/1257 337/1460/1258
f 339/1461/1259 271/1462/1052 272/1463/1051
f 339/1464/1259 338/1465/1260 271/1466/1052
f 340/1467/1261 339/1468/1259 272/1469/1051
f 340/1470/1261 272/1471/1051 273/1472/1053
f 275/1473/1262 274/1474/1263 341/1475/1264
f 275/1476/1262 341/1477/1264 342/1478/1265
f 343/1479/1266 344/1480/1267 295/1481/1086
f 343/1482/1266 295/1483/1086 294/1484/1085
f 276/1485/1268 336/1486/1269 345/1487/1270
f 277/1488/1271 276/1489/1272 345/1490/1273
f 277/1491/1274 345/1492/1275 346/1493/1276
f 296/1494/1277 278/1495/1278 347/1496/1279
f 348/1497/1280 349/1498/1281 350/1499/1282
f 348/1500/1280 350/1501/1282 351/1502/1283
f 351/1503/1284 350/1504/1285 352/1505/1286
f 351/1506/1284 352/1507/1286 312/1508/1287
f 312/1509/1157 352/1510/1288 311/1511/1158
f 353/1512/1289 354/1513/1290 349/1514/1291
f 353/1515/1289 349/1516/1291 348/1517/1292
f 355/1518/1293 356/1519/1294 357/1520/1295
f 355/1521/1293 357/1522/1295 358/1523/1296
f 358/1524/1297 357/1525/1298 354/1526/1299
f 358/1527/1297 354/1528/1299 353/1529/1300
f 359/1530/1301 360/1531/1302 361/1532/1303
f 359/1533/1301 361/1534/1303 362/1535/1304
f 296/1536/1305 347/1537/1306 363/1538/1307
f 364/1539/1308 296/1540/1309 363/1541/1310
f 297/1542/1311 296/1543/1312 364/1544/1313
f 297/1545/1314 364/1546/1315 365/1547/1316
f 297/1548/1317 365/1549/1318 298/1550/1319
f 298/1551/1320 366/1552/1321 299/1553/1322
f 365/1554/1323 366/1555/1324 298/1556/1325
f 299/1557/1326 367/1558/1327 300/1559/1328
f 366/1560/1329 367/1561/1330 299/1562/1331
f 302/1563/1332 368/1564/1333 301/1565/1334
f 369/1566/1335 368/1567/1336 302/1568/1337
f 301/1569/1338 370/1570/1339 303/1571/1340
f 368/1572/1341 370/1573/1342 301/1574/1343
f 304/1575/1344 303/1576/1345 371/1577/1346
f 371/1578/1347 303/1579/1348 370/1580/1349
f 371/1581/1350 372/1582/1351 304/1583/1352
f 304/1584/1353 372/1585/1354 305/1586/1355
f 373/1587/1356 305/1588/1190 372/1589/1357
f 324/1590/1189 305/1591/1190 373/1592/1356
f 313/1593/1358 374/1594/1359 306/1595/1360
f 375/1596/1361 306/1597/1362 374/1598/1363
f 307/1599/1364 306/1600/1365 375/1601/1366
f 307/1602/1367 376/1603/1368 308/1604/1369
f 375/1605/1370 376/1606/1371 307/1607/1372
f 377/1608/1373 308/1609/1154 376/1610/1374
f 309/1611/1153 308/1612/1154 377/1613/1373
f 378/1614/1375 309/1615/1153 377/1616/1373
f 310/1617/1155 309/1618/1153 378/1619/1375
f 379/1620/1376 374/1621/1377 313/1622/1378
f 314/1623/1379 379/1624/1380 313/1625/1381
f 380/1626/1382 379/1627/1383 314/1628/1384
f 335/1629/1385 381/1630/1386 315/1631/1387
f 382/1632/1388 318/1633/1177 316/1634/1172
f 383/1635/1389 316/1636/1172 317/1637/1175
f 382/1638/1388 316/1639/1172 383/1640/1389
f 384/1641/1390 317/1642/1175 319/1643/1179
f 383/1644/1389 317/1645/1175 384/1646/1390
f 385/1647/1391 322/1648/1185 318/1649/1177
f 385/1650/1391 318/1651/1177 382/1652/1388
f 386/1653/1392 319/1654/1179 320/1655/1181
f 384/1656/1390 319/1657/1179 386/1658/1392
f 387/1659/1393 320/1660/1181 321/1661/1183
f 386/1662/1392 320/1663/1181 387/1664/1393
f 388/1665/1394 321/1666/1183 324/1667/1189
f 387/1668/1393 321/1669/1183 388/1670/1394
f 389/1671/1395 323/1672/1187 322/1673/1185
f 389/1674/1395 322/1675/1185 385/1676/1391
f 390/1677/1396 334/1678/1236 323/1679/1187
f 390/1680/1396 323/1681/1187 389/1682/1395
f 391/1683/1397 324/1684/1189 373/1685/1356
f 388/1686/1394 324/1687/1189 391/1688/1397
f 327/1689/1398 326/1690/1399 392/1691/1400
f 327/1692/1401 392/1693/1402 393/1694/1403
f 330/1695/1404 325/1696/1405 394/1697/1406
f 326/1698/1407 328/1699/1408 395/1700/1409
f 326/1701/1410 395/1702/1411 392/1703/1412
f 396/1704/1413 328/1705/1414 329/1706/1415
f 396/1707/1416 395/1708/1417 328/1709/1418
f 329/1710/1419 333/1711/1420 397/1712/1421
f 329/1713/1422 397/1714/1423 396/1715/1424
f 330/1716/1425 394/1717/1426 398/1718/1427
f 331/1719/1428 330/1720/1429 398/1721/1430
f 331/1722/1431 398/1723/1432 399/1724/1433
f 332/1725/1434 331/1726/1435 399/1727/1436
f 400/1728/1437 401/1729/1438 402/1730/1439
f 400/1731/1440 402/1732/1441 403/1733/1442
f 404/1734/1443 333/1735/1237 334/1736/1236
f 404/1737/1443 397/1738/1444 333/1739/1237
f 405/1740/1445 404/1741/1443 334/1742/1236
f 405/1743/1445 334/1744/1236 390/1745/1396
f 406/1746/1446 407/1747/1447 401/1748/1448
f 400/1749/1449 406/1750/1450 401/1751/1451
f 345/1752/1452 336/1753/1453 408/1754/1454
f 409/1755/1455 408/1756/1456 336/1757/1457
f 409/1758/1458 336/1759/1459 337/1760/1460
f 337/1761/1461 338/1762/1462 410/1763/1463
f 337/1764/1464 410/1765/1465 409/1766/1466
f 411/1767/1467 338/1768/1260 339/1769/1259
f 411/1770/1467 410/1771/1468 338/1772/1260
f 412/1773/1469 411/1774/1467 339/1775/1259
f 412/1776/1469 339/1777/1259 340/1778/1261
f 342/1779/1470 341/1780/1471 413/1781/1472
f 342/1782/1470 413/1783/1472 414/1784/1473
f 415/1785/1474 416/1786/1475 344/1787/1267
f 415/1788/1474 344/1789/1267 343/1790/1266
f 417/1791/1476 360/1792/1477 359/1793/1478
f 417/1794/1476 418/1795/1479 360/1796/1477
f 345/1797/1480 408/1798/1481 419/1799/1482
f 346/1800/1483 345/1801/1484 419/1802/1485
f 420/1803/1486 421/1804/1487 422/1805/1488
f 346/1806/1489 419/1807/1490 423/1808/1491
f 424/1809/1492 377/1810/1373 425/1811/1493
f 378/1812/1375 377/1813/1373 424/1814/1492
f 424/1815/1492 425/1816/1493 426/1817/1494
f 426/1818/1494 425/1819/1493 427/1820/1495
f 426/1821/1494 427/1822/1495 428/1823/1496
f 429/1824/1497 430/1825/1498 431/1826/1499
f 428/1827/1496 430/1828/1500 429/1829/1501
f 429/1830/1502 431/1831/1503 432/1832/1504
f 428/1833/1496 427/1834/1495 430/1835/1500
f 432/1836/1505 431/1837/1506 433/1838/1507
f 432/1839/1508 433/1840/1509 434/1841/1510
f 420/1842/1511 422/1843/1512 435/1844/1513
f 364/1845/1514 363/1846/1515 436/1847/1516
f 437/1848/1517 420/1849/1518 435/1850/1519
f 364/1851/1520 436/1852/1521 438/1853/1522
f 364/1854/1520 438/1855/1522 365/1856/1523
f 438/1857/1524 439/1858/1525 365/1859/1526
f 365/1860/1527 439/1861/1528 366/1862/1529
f 366/1863/1530 440/1864/1531 367/1865/1532
f 439/1866/1533 440/1867/1534 366/1868/1535
f 369/1869/1536 441/1870/1537 368/1871/1538
f 442/1872/1539 441/1873/1540 369/1874/1541
f 368/1875/1542 443/1876/1543 370/1877/1544
f 441/1878/1545 443/1879/1546 368/1880/1547
f 371/1881/1548 370/1882/1549 444/1883/1550
f 444/1884/1551 370/1885/1552 443/1886/1553
f 371/1887/1554 445/1888/1555 372/1889/1556
f 444/1890/1557 445/1891/1558 371/1892/1559
f 446/1893/1560 372/1894/1357 445/1895/1561
f 373/1896/1356 372/1897/1357 446/1898/1560
f 447/1899/1562 373/1900/1356 446/1901/1560
f 391/1902/1397 373/1903/1356 447/1904/1562
f 379/1905/1563 448/1906/1564 374/1907/1565
f 449/1908/1566 374/1909/1567 448/1910/1568
f 375/1911/1569 374/1912/1570 449/1913/1571
f 375/1914/1572 450/1915/1573 376/1916/1574
f 449/1917/1575 450/1918/1576 375/1919/1577
f 425/1920/1493 376/1921/1374 450/1922/1578
f 377/1923/1373 376/1924/1374 425/1925/1493
f 451/1926/1579 448/1927/1580 379/1928/1581
f 380/1929/1582 451/1930/1583 379/1931/1584
f 406/1932/1585 452/1933/1586 407/1934/1587
f 453/1935/1588 451/1936/1589 380/1937/1590
f 454/1938/1591 455/1939/1592 456/1940/1593
f 454/1941/1591 456/1942/1593 457/1943/1594
f 458/1944/1595 455/1945/1596 454/1946/1597
f 458/1947/1595 459/1948/1598 455/1949/1596
f 460/1950/1599 459/1951/1600 458/1952/1601
f 460/1953/1599 461/1954/1602 459/1955/1600
f 462/1956/1603 461/1957/1604 460/1958/1605
f 463/1959/1606 464/1960/1607 465/1961/1608
f 463/1962/1606 465/1963/1608 466/1964/1609
f 462/1965/1603 467/1966/1610 461/1967/1604
f 468/1968/1611 467/1969/1612 462/1970/1613
f 468/1971/1611 469/1972/1614 467/1973/1612
f 470/1974/1615 469/1975/1616 468/1976/1617
f 470/1977/1615 471/1978/1618 469/1979/1616
f 472/1980/1619 471/1981/1620 470/1982/1621
f 466/1983/1622 465/1984/1623 473/1985/1624
f 466/1986/1622 473/1987/1624 474/1988/1625
f 474/1989/1626 473/1990/1627 475/1991/1628
f 474/1992/1626 475/1993/1628 476/1994/1629
f 472/1995/1619 477/1996/1630 471/1997/1620
f 478/1998/1631 479/1999/1632 480/2000/1633
f 392/2001/1634 395/2002/1635 481/2003/1636
f 392/2004/1637 481/2005/1638 482/2006/1639
f 393/2007/1640 392/2008/1641 482/2009/1642
f 483/2010/1643 484/2011/1644 485/2012/1645
f 393/2013/1646 482/2014/1647 486/2015/1648
f 487/2016/1649 395/2017/1650 396/2018/1651
f 487/2019/1652 481/2020/1653 395/2021/1654
f 396/2022/1655 397/2023/1656 488/2024/1657
f 396/2025/1658 488/2026/1659 487/2027/1660
f 489/2028/1661 397/2029/1444 404/2030/1443
f 489/2031/1661 488/2032/1662 397/2033/1444
f 483/2034/1663 485/2035/1664 490/2036/1665
f 403/2037/1666 483/2038/1667 490/2039/1668
f 400/2040/1440 403/2041/1442 491/2042/1669
f 403/2043/1670 490/2044/1671 491/2045/1672
f 492/2046/1673 406/2047/1674 400/2048/1675
f 492/2049/1676 400/2050/1677 491/2051/1678
f 493/2052/1679 489/2053/1661 404/2054/1443
f 493/2055/1679 404/2056/1443 405/2057/1445
f 476/2058/1680 475/2059/1681 494/2060/1682
f 476/2061/1680 494/2062/1682 495/2063/1683
f 496/2064/1684 452/2065/1685 406/2066/1686
f 492/2067/1687 496/2068/1688 406/2069/1689
f 419/2070/1690 408/2071/1691 497/2072/1692
f 498/2073/1693 497/2074/1694 408/2075/1695
f 498/2076/1696 408/2077/1697 409/2078/1698
f 409/2079/1699 410/2080/1700 499/2081/1701
f 409/2082/1702 499/2083/1703 498/2084/1704
f 500/2085/1705 410/2086/1706 411/2087/1707
f 500/2088/1708 499/2089/1709 410/2090/1710
f 501/2091/1711 500/2092/1712 411/2093/1713
f 501/2094/1714 411/2095/1467 412/2096/1469
f 414/2097/1715 413/2098/1716 502/2099/1717
f 414/2100/1715 502/2101/1717 503/2102/1718
f 504/2103/1719 505/2104/1720 416/2105/1475
f 504/2106/1719 416/2107/1475 415/2108/1474
f 506/2109/1721 418/2110/1722 417/2111/1723
f 506/2112/1721 507/2113/1724 418/2114/1722
f 434/2115/1725 433/2116/1726 508/2117/1727
f 434/2118/1725 508/2119/1727 509/2120/1728
f 419/2121/1729 497/2122/1730 510/2123/1731
f 423/2124/1732 419/2125/1733 510/2126/1734
f 435/2127/1735 422/2128/1736 511/2129/1737
f 423/2130/1738 510/2131/1739 512/2132/1740
f 425/2133/1493 450/2134/1578 427/2135/1495
f 427/2136/1495 450/2137/1578 513/2138/1741
f 427/2139/1495 513/2140/1741 430/2141/1500
f 430/2142/1742 514/2143/1743 431/2144/1744
f 430/2145/1745 513/2146/1746 514/2147/1747
f 431/2148/1748 514/2149/1749 515/2150/1750
f 431/2151/1748 515/2152/1750 433/2153/1726
f 433/2154/1726 515/2155/1750 516/2156/1751
f 433/2157/1726 516/2158/1751 508/2159/1727
f 437/2160/1752 435/2161/1753 517/2162/1754
f 517/2163/1755 435/2164/1756 518/2165/1757
f 435/2166/1758 511/2167/1759 518/2168/1760
f 437/2169/1761 517/2170/1762 519/2171/1763
f 437/2172/1761 519/2173/1763 520/2174/1764
f 519/2175/1765 521/2176/1766 520/2177/1767
f 438/2178/1768 522/2179/1769 439/2180/1770
f 522/2181/1771 523/2182/1772 439/2183/1773
f 439/2184/1774 523/2185/1775 440/2186/1776
f 442/2187/1777 524/2188/1778 441/2189/1779
f 525/2190/1780 524/2191/1781 442/2192/1782
f 441/2193/1783 526/2194/1784 443/2195/1785
f 524/2196/1786 526/2197/1787 441/2198/1788
f 527/2199/1789 443/2200/1790 526/2201/1791
f 444/2202/1792 443/2203/1793 527/2204/1794
f 444/2205/1795 528/2206/1796 445/2207/1797
f 527/2208/1798 528/2209/1799 444/2210/1800
f 529/2211/1801 445/2212/1561 528/2213/1802
f 446/2214/1560 445/2215/1561 529/2216/1801
f 530/2217/1803 446/2218/1560 529/2219/1801
f 447/2220/1562 446/2221/1560 530/2222/1803
f 478/2223/1631 531/2224/1804 479/2225/1632
f 532/2226/1805 531/2227/1806 478/2228/1807
f 451/2229/1808 533/2230/1809 448/2231/1810
f 534/2232/1811 448/2233/1812 533/2234/1813
f 449/2235/1814 448/2236/1815 534/2237/1816
f 449/2238/1817 513/2239/1818 450/2240/1819
f 534/2241/1820 513/2242/1821 449/2243/1822
f 535/2244/1823 533/2245/1824 451/2246/1825
f 453/2247/1826 535/2248/1827 451/2249/1828
f 496/2250/1829 536/2251/1830 452/2252/1831
f 537/2253/1832 535/2254/1833 453/2255/1834
f 538/2256/1835 539/2257/1836 540/2258/1837
f 538/2259/1835 540/2260/1837 541/2261/1838
f 541/2262/1838 540/2263/1837 542/2264/1839
f 543/2265/1840 544/2266/1841 539/2267/1836
f 543/2268/1840 539/2269/1836 538/2270/1835
f 541/2271/1838 542/2272/1839 545/2273/1842
f 545/2274/1842 542/2275/1839 546/2276/1843
f 546/2277/1843 542/2278/1839 547/2279/1844
f 546/2280/1843 547/2281/1844 548/2282/1845
f 549/2283/1846 550/2284/1847 544/2285/1841
f 549/2286/1846 544/2287/1841 543/2288/1840
f 546/2289/1843 548/2290/1845 551/2291/1848
f 551/2292/1848 548/2293/1845 552/2294/1849
f 551/2295/1848 552/2296/1849 553/2297/1850
f 553/2298/1850 552/2299/1849 554/2300/1851
f 553/2301/1850 554/2302/1851 555/2303/1852
f 555/2304/1852 554/2305/1851 556/2306/1853
f 557/2307/1854 558/2308/1855 550/2309/1847
f 557/2310/1854 550/2311/1847 549/2312/1846
f 559/2313/1856 560/2314/1857 558/2315/1855
f 559/2316/1856 558/2317/1855 557/2318/1854
f 561/2319/1858 481/2320/1859 487/2321/1860
f 561/2322/1861 562/2323/1862 481/2324/1863
f 482/2325/1864 481/2326/1865 562/2327/1866
f 482/2328/1867 562/2329/1868 563/2330/1869
f 486/2331/1870 482/2332/1871 563/2333/1872
f 486/2334/1873 563/2335/1874 564/2336/1875
f 490/2337/1876 485/2338/1877 565/2339/1878
f 487/2340/1879 488/2341/1880 566/2342/1881
f 487/2343/1882 566/2344/1883 561/2345/1884
f 567/2346/1885 488/2347/1662 489/2348/1661
f 567/2349/1885 566/2350/1886 488/2351/1662
f 568/2352/1887 567/2353/1885 489/2354/1661
f 568/2355/1887 489/2356/1661 493/2357/1679
f 490/2358/1888 565/2359/1889 569/2360/1890
f 491/2361/1891 490/2362/1892 569/2363/1893
f 491/2364/1894 569/2365/1895 570/2366/1896
f 492/2367/1676 491/2368/1678 570/2369/1897
f 571/2370/1898 496/2371/1899 492/2372/1900
f 571/2373/1901 492/2374/1902 570/2375/1903
f 495/2376/1904 494/2377/1905 572/2378/1906
f 495/2379/1904 572/2380/1906 573/2381/1907
f 574/2382/1908 575/2383/1909 560/2384/1857
f 574/2385/1908 560/2386/1857 559/2387/1856
f 576/2388/1910 536/2389/1911 496/2390/1912
f 571/2391/1913 576/2392/1914 496/2393/1915
f 510/2394/1916 497/2395/1917 577/2396/1918
f 578/2397/1919 577/2398/1920 497/2399/1921
f 578/2400/1922 497/2401/1923 498/2402/1924
f 498/2403/1925 499/2404/1926 579/2405/1927
f 498/2406/1928 579/2407/1929 578/2408/1930
f 580/2409/1931 499/2410/1932 500/2411/1933
f 580/2412/1931 579/2413/1934 499/2414/1932
f 581/2415/1935 580/2416/1931 500/2417/1933
f 581/2418/1936 500/2419/1937 501/2420/1938
f 503/2421/1939 502/2422/1940 582/2423/1941
f 503/2424/1939 582/2425/1941 583/2426/1942
f 584/2427/1943 585/2428/1944 505/2429/1720
f 584/2430/1943 505/2431/1720 504/2432/1719
f 586/2433/1945 507/2434/1946 506/2435/1947
f 586/2436/1945 587/2437/1948 507/2438/1946
f 509/2439/1728 508/2440/1727 588/2441/1949
f 509/2442/1728 588/2443/1949 589/2444/1950
f 508/2445/1727 516/2446/1751 590/2447/1951
f 508/2448/1727 590/2449/1951 588/2450/1949
f 510/2451/1952 577/2452/1953 591/2453/1954
f 512/2454/1955 510/2455/1956 591/2456/1957
f 518/2457/1958 511/2458/1959 592/2459/1960
f 512/2460/1961 591/2461/1962 593/2462/1963
f 534/2463/1964 514/2464/1965 513/2465/1966
f 594/2466/1967 515/2467/1968 514/2468/1969
f 594/2469/1970 514/2470/1971 534/2471/1972
f 595/2472/1973 516/2473/1974 515/2474/1975
f 595/2475/1976 515/2476/1977 594/2477/1978
f 596/2478/1979 590/2479/1980 516/2480/1981
f 596/2481/1982 516/2482/1983 595/2483/1984
f 517/2484/1985 518/2485/1986 597/2486/1987
f 517/2487/1988 597/2488/1989 598/2489/1990
f 517/2490/1988 598/2491/1990 519/2492/1991
f 518/2493/1992 592/2494/1993 599/2495/1994
f 597/2496/1995 518/2497/1996 599/2498/1997
f 519/2499/1998 600/2500/1999 521/2501/2000
f 598/2502/2001 600/2503/2002 519/2504/2003
f 522/2505/2004 601/2506/2005 523/2507/2006
f 600/2508/2007 602/2509/2008 521/2510/2009
f 525/2511/2010 603/2512/2011 524/2513/2012
f 604/2514/2013 603/2515/2014 525/2516/2015
f 524/2517/2016 605/2518/2017 526/2519/2018
f 603/2520/2019 605/2521/2020 524/2522/2021
f 606/2523/2022 526/2524/2023 605/2525/2024
f 527/2526/2025 526/2527/2026 606/2528/2027
f 527/2529/2028 607/2530/2029 528/2531/2030
f 606/2532/2031 607/2533/2032 527/2534/2033
f 608/2535/2034 528/2536/1802 607/2537/2035
f 529/2538/1801 528/2539/1802 608/2540/2034
f 609/2541/2036 529/2542/1801 608/2543/2034
f 530/2544/1803 529/2545/1801 609/2546/2036
f 532/2547/1805 610/2548/2037 531/2549/1806
f 611/2550/2038 610/2551/2039 532/2552/2040
f 535/2553/2041 612/2554/2042 533/2555/2043
f 594/2556/2044 533/2557/2045 612/2558/2046
f 534/2559/2047 533/2560/2048 594/2561/2049
f 613/2562/2050 612/2563/2051 535/2564/2052
f 537/2565/2053 613/2566/2054 535/2567/2055
f 576/2568/2056 614/2569/2057 536/2570/2058
f 615/2571/2059 613/2572/2060 537/2573/2061
f 616/2574/2062 617/2575/2063 618/2576/2064
f 618/2577/2065 617/2578/2066 619/2579/2067
f 616/2580/2062 620/2581/2068 617/2582/2063
f 618/2583/2069 619/2584/2070 621/2585/2071
f 622/2586/2072 623/2587/2073 624/2588/2074
f 625/2589/2075 620/2590/2076 616/2591/2077
f 625/2592/2075 626/2593/2078 620/2594/2076
f 622/2595/2079 624/2596/2080 627/2597/2081
f 627/2598/2082 624/2599/2083 628/2600/2084
f 627/2601/2082 628/2602/2084 629/2603/2085
f 629/2604/2086 628/2605/2087 630/2606/2088
f 631/2607/2089 626/2608/2090 625/2609/2091
f 631/2610/2089 632/2611/2092 626/2612/2090
f 629/2613/2086 630/2614/2088 611/2615/2093
f 611/2616/2038 630/2617/2094 610/2618/2039
f 633/2619/2095 632/2620/2096 631/2621/2097
f 633/2622/2095 634/2623/2098 632/2624/2096
f 635/2625/2099 634/2626/2100 633/2627/2101
f 635/2628/2102 636/2629/2103 634/2630/2104
f 561/2631/2105 566/2632/2106 637/2633/2107
f 561/2634/2108 637/2635/2109 638/2636/2110
f 638/2637/2111 562/2638/2112 561/2639/2113
f 638/2640/2114 639/2641/2115 562/2642/2116
f 563/2643/2117 562/2644/2118 639/2645/2119
f 563/2646/2120 639/2647/2121 640/2648/2122
f 564/2649/2123 563/2650/2124 640/2651/2125
f 569/2652/2126 565/2653/2127 641/2654/2128
f 564/2655/2129 640/2656/2130 642/2657/2131
f 643/2658/2132 566/2659/1886 567/2660/1885
f 643/2661/2132 637/2662/2133 566/2663/1886
f 644/2664/2134 643/2665/2132 567/2666/1885
f 644/2667/2134 567/2668/1885 568/2669/1887
f 573/2670/2135 572/2671/2136 645/2672/2137
f 573/2673/2135 645/2674/2137 646/2675/2138
f 569/2676/2139 641/2677/2140 647/2678/2141
f 570/2679/2142 569/2680/2143 647/2681/2144
f 570/2682/2145 647/2683/2146 648/2684/2147
f 571/2685/1901 570/2686/1903 648/2687/2148
f 649/2688/2149 576/2689/2150 571/2690/2151
f 649/2691/2152 571/2692/2153 648/2693/2154
f 650/2694/2155 651/2695/2156 575/2696/1909
f 650/2697/2155 575/2698/1909 574/2699/1908
f 652/2700/2157 636/2701/2158 635/2702/2159
f 652/2703/2160 653/2704/2161 636/2705/2162
f 654/2706/2163 614/2707/2164 576/2708/2165
f 649/2709/2166 654/2710/2167 576/2711/2168
f 591/2712/2169 577/2713/2170 655/2714/2171
f 656/2715/2172 655/2716/2173 577/2717/2174
f 656/2718/2175 577/2719/2176 578/2720/2177
f 578/2721/2178 579/2722/2179 657/2723/2180
f 578/2724/2181 657/2725/2182 656/2726/2183
f 658/2727/2184 579/2728/1934 580/2729/1931
f 658/2730/2184 657/2731/2185 579/2732/1934
f 659/2733/2186 658/2734/2184 580/2735/1931
f 659/2736/2186 580/2737/1931 581/2738/1935
f 583/2739/2187 582/2740/2188 660/2741/2189
f 583/2742/2187 660/2743/2189 661/2744/2190
f 584/2745/1943 662/2746/2191 585/2747/1944
f 663/2748/2192 587/2749/2193 586/2750/2194
f 664/2751/2195 662/2752/2191 584/2753/1943
f 663/2754/2192 665/2755/2196 587/2756/2193
f 589/2757/1950 588/2758/1949 666/2759/2197
f 589/2760/1950 666/2761/2197 667/2762/2198
f 588/2763/1949 590/2764/1951 668/2765/2199
f 588/2766/1949 668/2767/2199 666/2768/2197
f 669/2769/2200 668/2770/2201 590/2771/2202
f 669/2772/2203 590/2773/2204 596/2774/2205
f 591/2775/2206 655/2776/2207 670/2777/2208
f 593/2778/2209 591/2779/2210 670/2780/2211
f 593/2781/2212 670/2782/2213 671/2783/2214
f 599/2784/2215 592/2785/2216 672/2786/2217
f 594/2787/2218 612/2788/2219 595/2789/2220
f 595/2790/2221 673/2791/2222 596/2792/2223
f 595/2793/2224 612/2794/2225 673/2795/2226
f 596/2796/2227 674/2797/2228 669/2798/2229
f 596/2799/2230 673/2800/2231 674/2801/2232
f 597/2802/2233 599/2803/2234 675/2804/2235
f 597/2805/2236 675/2806/2237 676/2807/2238
f 597/2808/2236 676/2809/2238 598/2810/2239
f 598/2811/2240 677/2812/2241 600/2813/2242
f 676/2814/2243 677/2815/2244 598/2816/2245
f 599/2817/2246 672/2818/2247 678/2819/2248
f 675/2820/2249 599/2821/2250 678/2822/2251
f 600/2823/2252 679/2824/2253 602/2825/2254
f 677/2826/2255 679/2827/2256 600/2828/2257
f 604/2829/2258 680/2830/2259 603/2831/2260
f 681/2832/2261 680/2833/2262 604/2834/2263
f 603/2835/2264 682/2836/2265 605/2837/2266
f 680/2838/2267 682/2839/2268 603/2840/2269
f 683/2841/2270 605/2842/2271 682/2843/2272
f 606/2844/2273 605/2845/2274 683/2846/2275
f 606/2847/2276 684/2848/2277 607/2849/2278
f 683/2850/2279 684/2851/2280 606/2852/2281
f 685/2853/2282 607/2854/2035 684/2855/2283
f 608/2856/2034 607/2857/2035 685/2858/2282
f 686/2859/2284 608/2860/2034 685/2861/2282
f 609/2862/2036 608/2863/2034 686/2864/2284
f 613/2865/2285 673/2866/2286 612/2867/2287
f 687/2868/2288 673/2869/2289 613/2870/2290
f 615/2871/2291 687/2872/2292 613/2873/2293
f 654/2874/2294 688/2875/2295 614/2876/2296
f 689/2877/2297 687/2878/2298 615/2879/2299
f 690/2880/2300 691/2881/2301 692/2882/2302
f 693/2883/2303 691/2884/2301 690/2885/2300
f 690/2886/2300 692/2887/2302 694/2888/2304
f 693/2889/2303 695/2890/2305 691/2891/2301
f 696/2892/2306 695/2893/2305 693/2894/2303
f 696/2895/2306 697/2896/2307 695/2897/2305
f 698/2898/2308 697/2899/2307 696/2900/2306
f 694/2901/2304 692/2902/2302 699/2903/2309
f 694/2904/2304 699/2905/2309 700/2906/2310
f 698/2907/2308 685/2908/2282 697/2909/2307
f 686/2910/2284 685/2911/2282 698/2912/2308
f 700/2913/2310 699/2914/2309 701/2915/2311
f 700/2916/2310 701/2917/2311 702/2918/2312
f 702/2919/2312 701/2920/2311 703/2921/2313
f 702/2922/2312 703/2923/2313 704/2924/2314
f 704/2925/2314 703/2926/2313 705/2927/2315
f 704/2928/2314 705/2929/2315 706/2930/2316
f 707/2931/2317 637/2932/2133 643/2933/2132
f 707/2934/2317 708/2935/2318 637/2936/2133
f 638/2937/2319 637/2938/2320 708/2939/2321
f 638/2940/2322 708/2941/2323 709/2942/2324
f 709/2943/2325 639/2944/2326 638/2945/2327
f 709/2946/2328 710/2947/2329 639/2948/2330
f 640/2949/2331 639/2950/2332 710/2951/2333
f 640/2952/2334 710/2953/2335 711/2954/2336
f 642/2955/2337 640/2956/2338 711/2957/2339
f 647/2958/2340 641/2959/2341 712/2960/2342
f 642/2961/2343 711/2962/2344 713/2963/2345
f 714/2964/2346 707/2965/2317 643/2966/2132
f 714/2967/2346 643/2968/2132 644/2969/2134
f 646/2970/2347 645/2971/2348 715/2972/2349
f 646/2973/2347 715/2974/2349 716/2975/2350
f 717/2976/2351 718/2977/2352 651/2978/2156
f 717/2979/2351 651/2980/2156 650/2981/2155
f 647/2982/2353 712/2983/2354 719/2984/2355
f 648/2985/2356 647/2986/2357 719/2987/2358
f 648/2988/2359 719/2989/2360 720/2990/2361
f 649/2991/2362 648/2992/2363 720/2993/2364
f 721/2994/2365 654/2995/2366 649/2996/2367
f 721/2997/2368 649/2998/2369 720/2999/2370
f 722/3000/2371 653/3001/2372 652/3002/2373
f 722/3003/2371 723/3004/2374 653/3005/2372
f 706/3006/2316 705/3007/2315 724/3008/2375
f 706/3009/2316 724/3010/2375 725/3011/2376
f 726/3012/2377 688/3013/2378 654/3014/2379
f 721/3015/2380 726/3016/2381 654/3017/2382
f 670/3018/2383 655/3019/2384 727/3020/2385
f 728/3021/2386 727/3022/2387 655/3023/2388
f 728/3024/2389 655/3025/2390 656/3026/2391
f 656/3027/2392 657/3028/2393 729/3029/2394
f 656/3030/2395 729/3031/2396 728/3032/2397
f 730/3033/2398 657/3034/2185 658/3035/2184
f 730/3036/2398 729/3037/2399 657/3038/2185
f 731/3039/2400 730/3040/2398 658/3041/2184
f 731/3042/2400 658/3043/2184 659/3044/2186
f 661/3045/2401 660/3046/2402 732/3047/2403
f 661/3048/2401 732/3049/2403 733/3050/2404
f 734/3051/2405 735/3052/2406 662/3053/2191
f 734/3054/2405 662/3055/2191 664/3056/2195
f 667/3057/2198 666/3058/2197 736/3059/2407
f 667/3060/2198 736/3061/2407 737/3062/2408
f 738/3063/2409 665/3064/2410 663/3065/2411
f 738/3066/2409 739/3067/2412 665/3068/2410
f 666/3069/2197 668/3070/2199 740/3071/2413
f 666/3072/2197 740/3073/2413 736/3074/2407
f 741/3075/2414 668/3076/2415 669/3077/2416
f 741/3078/2417 740/3079/2418 668/3080/2419
f 669/3081/2420 742/3082/2421 741/3083/2422
f 669/3084/2423 674/3085/2424 742/3086/2425
f 670/3087/2426 727/3088/2427 743/3089/2428
f 671/3090/2429 670/3091/2430 743/3092/2431
f 671/3093/2432 743/3094/2433 744/3095/2434
f 678/3096/2435 672/3097/2436 745/3098/2437
f 687/3099/2438 674/3100/2439 673/3101/2440
f 746/3102/2441 742/3103/2442 674/3104/2443
f 746/3105/2444 674/3106/2445 687/3107/2446
f 675/3108/2447 678/3109/2448 747/3110/2449
f 675/3111/2450 747/3112/2451 748/3113/2452
f 675/3114/2450 748/3115/2452 676/3116/2453
f 676/3117/2454 749/3118/2455 677/3119/2456
f 748/3120/2457 749/3121/2458 676/3122/2459
f 677/3123/2460 750/3124/2461 679/3125/2462
f 749/3126/2463 750/3127/2464 677/3128/2465
f 678/3129/2466 745/3130/2467 751/3131/2468
f 747/3132/2469 678/3133/2470 751/3134/2471
f 681/3135/2472 752/3136/2473 680/3137/2474
f 753/3138/2475 752/3139/2476 681/3140/2477
f 680/3141/2478 754/3142/2479 682/3143/2480
f 752/3144/2481 754/3145/2482 680/3146/2483
f 755/3147/2484 682/3148/2485 754/3149/2486
f 683/3150/2487 682/3151/2488 755/3152/2489
f 683/3153/2490 756/3154/2491 684/3155/2492
f 755/3156/2493 756/3157/2494 683/3158/2495
f 697/3159/2307 684/3160/2283 756/3161/2496
f 685/3162/2282 684/3163/2283 697/3164/2307
f 689/3165/2497 746/3166/2498 687/3167/2499
f 726/3168/2500 757/3169/2501 688/3170/2502
f 758/3171/2503 746/3172/2504 689/3173/2505
f 691/3174/2301 759/3175/2506 692/3176/2302
f 691/3177/2301 760/3178/2507 759/3179/2506
f 695/3180/2305 760/3181/2507 691/3182/2301
f 692/3183/2302 759/3184/2506 761/3185/2508
f 692/3186/2302 761/3187/2508 699/3188/2309
f 695/3189/2305 756/3190/2496 760/3191/2507
f 697/3192/2307 756/3193/2496 695/3194/2305
f 699/3195/2309 761/3196/2508 762/3197/2509
f 699/3198/2309 762/3199/2509 701/3200/2311
f 701/3201/2311 762/3202/2509 763/3203/2510
f 701/3204/2311 763/3205/2510 703/3206/2313
f 703/3207/2313 763/3208/2510 764/3209/2511
f 703/3210/2313 764/3211/2511 705/3212/2315
f 705/3213/2315 764/3214/2511 765/3215/2512
f 705/3216/2315 765/3217/2512 724/3218/2375
f 766/3219/2513 708/3220/2318 707/3221/2317
f 767/3222/2514 766/3223/2513 707/3224/2317
f 767/3225/2514 707/3226/2317 714/3227/2346
f 766/3228/2513 768/3229/2515 708/3230/2318
f 709/3231/2516 708/3232/2517 768/3233/2518
f 709/3234/2519 768/3235/2520 769/3236/2521
f 769/3237/2522 710/3238/2523 709/3239/2524
f 769/3240/2525 770/3241/2526 710/3242/2527
f 711/3243/2528 710/3244/2529 770/3245/2530
f 711/3246/2531 770/3247/2532 771/3248/2533
f 713/3249/2534 711/3250/2535 771/3251/2536
f 719/3252/2537 712/3253/2538 772/3254/2539
f 713/3255/2540 771/3256/2541 773/3257/2542
f 716/3258/2543 715/3259/2544 774/3260/2545
f 716/3261/2543 774/3262/2545 775/3263/2546
f 776/3264/2547 777/3265/2548 718/3266/2352
f 776/3267/2547 718/3268/2352 717/3269/2351
f 778/3270/2549 723/3271/2550 722/3272/2551
f 778/3273/2549 779/3274/2552 723/3275/2550
f 719/3276/2553 772/3277/2554 780/3278/2555
f 720/3279/2556 719/3280/2557 780/3281/2558
f 720/3282/2559 780/3283/2560 781/3284/2561
f 721/3285/2562 720/3286/2563 781/3287/2564
f 782/3288/2565 726/3289/2566 721/3290/2567
f 782/3291/2568 721/3292/2569 781/3293/2570
f 725/3294/2376 724/3295/2375 783/3296/2571
f 725/3297/2376 783/3298/2571 784/3299/2572
f 724/3300/2375 765/3301/2512 785/3302/2573
f 724/3303/2375 785/3304/2573 783/3305/2571
f 782/3306/2574 786/3307/2575 726/3308/2576
f 786/3309/2577 757/3310/2578 726/3311/2579
f 743/3312/2580 727/3313/2581 787/3314/2582
f 788/3315/2583 787/3316/2584 727/3317/2585
f 788/3318/2586 727/3319/2587 728/3320/2588
f 728/3321/2589 729/3322/2590 789/3323/2591
f 728/3324/2592 789/3325/2593 788/3326/2594
f 790/3327/2595 729/3328/2399 730/3329/2398
f 790/3330/2595 789/3331/2596 729/3332/2399
f 791/3333/2597 790/3334/2595 730/3335/2398
f 791/3336/2597 730/3337/2398 731/3338/2400
f 733/3339/2598 732/3340/2599 792/3341/2600
f 733/3342/2598 792/3343/2600 793/3344/2601
f 794/3345/2602 795/3346/2603 735/3347/2406
f 794/3348/2602 735/3349/2406 734/3350/2405
f 796/3351/2604 739/3352/2605 738/3353/2606
f 796/3354/2604 797/3355/2607 739/3356/2605
f 736/3357/2407 740/3358/2413 798/3359/2608
f 736/3360/2407 798/3361/2608 799/3362/2609
f 737/3363/2408 736/3364/2407 799/3365/2609
f 737/3366/2408 799/3367/2609 800/3368/2610
f 801/3369/2611 740/3370/2612 741/3371/2613
f 801/3372/2614 798/3373/2615 740/3374/2616
f 741/3375/2617 742/3376/2618 802/3377/2619
f 741/3378/2620 802/3379/2621 801/3380/2622
f 803/3381/2623 802/3382/2624 742/3383/2625
f 803/3384/2626 742/3385/2627 746/3386/2628
f 743/3387/2629 787/3388/2630 804/3389/2631
f 744/3390/2632 743/3391/2633 804/3392/2634
f 744/3393/2635 804/3394/2636 805/3395/2637
f 751/3396/2638 745/3397/2639 806/3398/2640
f 758/3399/2641 803/3400/2642 746/3401/2643
f 747/3402/2644 751/3403/2645 807/3404/2646
f 747/3405/2647 807/3406/2648 808/3407/2649
f 747/3408/2647 808/3409/2649 748/3410/2650
f 748/3411/2651 809/3412/2652 749/3413/2653
f 808/3414/2654 809/3415/2655 748/3416/2656
f 749/3417/2657 810/3418/2658 750/3419/2659
f 809/3420/2660 810/3421/2661 749/3422/2662
f 753/3423/2663 811/3424/2664 752/3425/2665
f 812/3426/2666 811/3427/2667 753/3428/2668
f 751/3429/2669 806/3430/2670 813/3431/2671
f 807/3432/2672 751/3433/2673 813/3434/2674
f 752/3435/2675 814/3436/2676 754/3437/2677
f 811/3438/2678 814/3439/2679 752/3440/2680
f 815/3441/2681 754/3442/2682 814/3443/2683
f 755/3444/2684 754/3445/2685 815/3446/2686
f 755/3447/2687 760/3448/2688 756/3449/2689
f 815/3450/2690 760/3451/2691 755/3452/2692
f 816/3453/2693 803/3454/2694 758/3455/2695
f 786/3456/2696 817/3457/2697 757/3458/2698
f 818/3459/2699 761/3460/2700 759/3461/2701
f 818/3462/2702 759/3463/2703 815/3464/2704
f 815/3465/2705 759/3466/2706 760/3467/2707
f 819/3468/2708 762/3469/2709 761/3470/2710
f 819/3471/2711 761/3472/2712 818/3473/2713
f 820/3474/2714 763/3475/2715 762/3476/2716
f 820/3477/2717 762/3478/2718 819/3479/2719
f 821/3480/2720 764/3481/2721 763/3482/2722
f 821/3483/2723 763/3484/2724 820/3485/2725
f 822/3486/2726 765/3487/2727 764/3488/2728
f 822/3489/2729 764/3490/2730 821/3491/2731
f 823/3492/2732 785/3493/2733 765/3494/2734
f 823/3495/2735 765/3496/2736 822/3497/2737
f 824/3498/2738 768/3499/2515 766/3500/2513
f 825/3501/2739 824/3502/2738 766/3503/2513
f 825/3504/2739 766/3505/2513 767/3506/2514
f 775/3507/2740 774/3508/2741 826/3509/2742
f 775/3510/2740 826/3511/2742 827/3512/2743
f 824/3513/2738 828/3514/2744 768/3515/2515
f 769/3516/2745 768/3517/2746 828/3518/2747
f 769/3519/2748 828/3520/2749 829/3521/2750
f 829/3522/2751 770/3523/2752 769/3524/2753
f 829/3525/2754 830/3526/2755 770/3527/2756
f 771/3528/2757 770/3529/2758 830/3530/2759
f 771/3531/2760 830/3532/2761 831/3533/2762
f 773/3534/2763 771/3535/2764 831/3536/2765
f 780/3537/2766 772/3538/2767 832/3539/2768
f 773/3540/2769 831/3541/2770 833/3542/2771
f 777/3543/2548 776/3544/2547 834/3545/2772
f 827/3546/2773 826/3547/2774 835/3548/2775
f 827/3549/2773 835/3550/2775 836/3551/2776
f 784/3552/2572 783/3553/2571 824/3554/2738
f 784/3555/2572 824/3556/2738 825/3557/2739
f 780/3558/2777 832/3559/2778 837/3560/2779
f 781/3561/2780 780/3562/2781 837/3563/2782
f 781/3564/2783 837/3565/2784 838/3566/2785
f 782/3567/2568 781/3568/2570 838/3569/2786
f 839/3570/2787 840/3571/2788 841/3572/2789
f 839/3573/2790 841/3574/2791 842/3575/2792
f 783/3576/2571 785/3577/2573 828/3578/2744
f 783/3579/2571 828/3580/2744 824/3581/2738
f 829/3582/2793 828/3583/2794 785/3584/2795
f 829/3585/2796 785/3586/2797 823/3587/2798
f 839/3588/2799 813/3589/2800 840/3590/2801
f 813/3591/2802 843/3592/2803 840/3593/2804
f 804/3594/2805 787/3595/2806 844/3596/2807
f 845/3597/2808 844/3598/2809 787/3599/2810
f 845/3600/2811 787/3601/2812 788/3602/2813
f 788/3603/2814 789/3604/2815 846/3605/2816
f 788/3606/2817 846/3607/2818 845/3608/2819
f 847/3609/2820 789/3610/2596 790/3611/2595
f 847/3612/2820 846/3613/2821 789/3614/2596
f 848/3615/2822 847/3616/2820 790/3617/2595
f 848/3618/2822 790/3619/2595 791/3620/2597
f 849/3621/2823 850/3622/2824 851/3623/2825
f 849/3624/2823 851/3625/2825 852/3626/2826
f 795/3627/2603 794/3628/2602 853/3629/2827
f 852/3630/2828 851/3631/2829 797/3632/2830
f 852/3633/2828 797/3634/2830 796/3635/2831
f 800/3636/2610 799/3637/2609 847/3638/2820
f 800/3639/2610 847/3640/2820 848/3641/2822
f 799/3642/2609 798/3643/2608 846/3644/2821
f 845/3645/2832 846/3646/2833 798/3647/2834
f 845/3648/2835 798/3649/2836 801/3650/2837
f 799/3651/2609 846/3652/2821 847/3653/2820
f 801/3654/2838 844/3655/2839 845/3656/2840
f 801/3657/2841 802/3658/2842 844/3659/2843
f 854/3660/2844 802/3661/2845 803/3662/2846
f 854/3663/2847 844/3664/2848 802/3665/2849
f 816/3666/2850 854/3667/2851 803/3668/2852
f 804/3669/2853 844/3670/2854 854/3671/2855
f 805/3672/2856 804/3673/2857 854/3674/2858
f 813/3675/2859 806/3676/2860 843/3677/2861
f 805/3678/2862 854/3679/2863 816/3680/2864
f 807/3681/2865 813/3682/2866 839/3683/2867
f 807/3684/2868 855/3685/2869 808/3686/2870
f 807/3687/2868 839/3688/2871 855/3689/2869
f 808/3690/2872 856/3691/2873 809/3692/2874
f 855/3693/2875 856/3694/2876 808/3695/2877
f 809/3696/2878 857/3697/2879 810/3698/2880
f 856/3699/2881 857/3700/2882 809/3701/2883
f 812/3702/2884 858/3703/2885 811/3704/2886
f 859/3705/2887 858/3706/2888 812/3707/2889
f 811/3708/2890 860/3709/2891 814/3710/2892
f 858/3711/2893 860/3712/2894 811/3713/2895
f 818/3714/2896 814/3715/2897 860/3716/2898
f 815/3717/2899 814/3718/2900 818/3719/2901
f 818/3720/2902 860/3721/2903 819/3722/2904
f 819/3723/2905 861/3724/2906 820/3725/2907
f 819/3726/2908 860/3727/2909 861/3728/2910
f 820/3729/2911 862/3730/2912 821/3731/2913
f 820/3732/2914 861/3733/2915 862/3734/2916
f 821/3735/2917 863/3736/2918 822/3737/2919
f 821/3738/2920 862/3739/2921 863/3740/2922
f 822/3741/2923 864/3742/2924 823/3743/2925
f 822/3744/2926 863/3745/2927 864/3746/2928
f 823/3747/2929 830/3748/2930 829/3749/2931
f 823/3750/2932 864/3751/2933 830/3752/2934
f 831/3753/2935 830/3754/2936 864/3755/2937
f 831/3756/2938 864/3757/2939 865/3758/2940
f 833/3759/2941 831/3760/2942 865/3761/2943
f 837/3762/2944 832/3763/2945 866/3764/2946
f 833/3765/2947 865/3766/2948 867/3767/2949
f 838/3768/2950 837/3769/2951 868/3770/2952
f 837/3771/2953 866/3772/2954 868/3773/2955
f 838/3774/2956 868/3775/2957 869/3776/2958
f 839/3777/2790 842/3778/2792 855/3779/2959
f 855/3780/2960 870/3781/2961 856/3782/2962
f 856/3783/2963 871/3784/2964 857/3785/2965
f 870/3786/2966 871/3787/2967 856/3788/2968
f 859/3789/2969 872/3790/2970 858/3791/2971
f 873/3792/2972 872/3793/2973 859/3794/2974
f 858/3795/2975 861/3796/2976 860/3797/2977
f 872/3798/2978 861/3799/2979 858/3800/2980
f 872/3801/2981 862/3802/2982 861/3803/2983
f 874/3804/2984 863/3805/2985 862/3806/2986
f 874/3807/2987 862/3808/2988 872/3809/2989
f 865/3810/2990 864/3811/2991 863/3812/2992
f 865/3813/2993 863/3814/2994 874/3815/2995
f 867/3816/2996 865/3817/2997 874/3818/2998
f 870/3819/2999 875/3820/3000 871/3821/3001
f 867/3822/3002 874/3823/3003 873/3824/3004
f 873/3825/3005 874/3826/3006 872/3827/3007
# 875 vertices
# 3827 texture params
# 3007 normals
# 1276 facets

# 1 groups
