# WaveFront *.obj file (generated by Autodesk ATF)

mtllib Left Aileron.mtl

g cessna-172 (1).obj (25)

v 3.726382 4.624992 21.564600
v 3.659934 4.534656 21.564600
v 3.666576 4.533047 21.503551
v 3.764041 4.663094 21.489460
v 3.515817 4.455325 21.564600
v 3.477267 4.448284 21.564600
v 3.520721 4.452614 21.512541
v 3.623889 4.515619 21.564600
v 3.666576 4.533047 21.503551
v 3.337981 4.422474 21.564600
v 3.299212 4.423156 21.564600
v 3.341624 4.419756 21.517159
v 3.144204 4.428536 21.564600
v 3.106924 4.434618 21.564600
v 3.146921 4.426583 21.518856
v 2.952292 4.465612 21.564600
v 2.917251 4.475470 21.564600
v 2.954250 4.465202 21.519098
v 2.771161 4.525220 21.564600
v 2.733106 4.537065 21.564600
v 2.772423 4.527122 21.519098
v 2.568930 4.598166 21.564600
v 2.574857 4.601468 21.519187
v 2.574950 4.601454 21.519100
v 2.574445 4.596788 21.564600
v 2.574869 4.601479 21.519100
v 3.795536 4.980699 21.455448
v 3.759018 5.140218 21.193113
v 3.724166 5.113810 21.441360
v 3.759018 5.140218 21.193113
v 3.594959 5.200181 21.432373
v 3.724166 5.113810 21.441360
v 3.831887 4.999933 21.207203
v 3.807928 4.821386 21.472456
v 3.844779 4.832360 21.224211
v 3.800392 4.666113 21.241215
v 3.701427 4.529804 21.255304
v 3.701427 4.529804 21.255304
v 3.553129 4.445947 21.264296
v 3.370926 4.412653 21.268908
v 3.172793 4.421936 21.270611
v 2.976703 4.465803 21.270853
v 2.791645 4.535486 21.270853
v 2.575026 4.601540 21.517894
v 2.607268 4.612161 21.270853
v 3.627367 5.231611 21.184124
v 3.424410 5.246019 21.427753
v 3.805593 5.150566 20.899797
v 3.805593 5.150566 20.899797
v 3.879925 5.006449 20.913887
v 3.893304 4.834586 20.930897
v 3.848431 4.664302 20.947903
v 3.748003 4.524926 20.961992
v 3.748003 4.524926 20.961992
v 3.597322 4.439551 20.970978
v 3.412090 4.406340 20.975594
v 3.210610 4.417220 20.977293
v 3.011187 4.464121 20.977539
v 2.610544 4.612138 21.245751
v 2.822978 4.538108 20.977535
v 2.645549 4.615083 20.977540
v 3.453713 5.280547 21.179506
v 3.232858 5.264221 21.426056
v 3.671560 5.244779 20.890810
v 3.864196 5.144940 20.524794
v 3.864196 5.144940 20.524794
v 3.940117 4.999233 20.538887
v 3.954026 4.825729 20.555889
v 3.908622 4.654019 20.572899
v 3.806605 4.513691 20.586988
v 3.806605 4.513691 20.586988
v 3.653332 4.428048 20.595976
v 3.464807 4.395235 20.600590
v 3.259689 4.407111 20.602293
v 3.056640 4.455535 20.602535
v 2.652234 4.613770 20.926321
v 2.865005 4.531492 20.602533
v 2.694492 4.606023 20.602533
v 3.258729 5.300467 21.177809
v 3.040637 5.267677 21.425812
v 3.494877 5.295610 20.886196
v 3.727571 5.240482 20.515806
v 3.935127 5.123427 20.031481
v 3.935127 5.123427 20.031481
v 4.012933 4.977273 20.045568
v 4.027470 4.803461 20.062576
v 3.981437 4.631620 20.079580
v 3.877536 4.491377 20.093670
v 3.877536 4.491377 20.093670
v 3.721196 4.406054 20.102663
v 3.528770 4.373755 20.107275
v 3.319342 4.386280 20.108978
v 3.111999 4.435425 20.109221
v 2.706907 4.601189 20.507409
v 2.916308 4.512138 20.109221
v 2.758876 4.580151 20.109221
v 3.063089 5.304815 21.177567
v 2.858809 5.267367 21.425814
v 3.296547 5.316752 20.884491
v 3.547594 5.292382 20.511190
v 3.795434 5.219519 20.022491
v 4.018114 5.086758 19.395784
v 4.018114 5.086758 19.395784
v 4.098215 4.940379 19.409876
v 4.113516 4.766492 19.426884
v 4.066720 4.594727 19.443888
v 3.960523 4.454708 19.457979
v 3.960523 4.454708 19.457979
v 3.800444 4.369751 19.466969
v 3.603264 4.337918 19.471584
v 3.388587 4.350956 19.473284
v 3.176012 4.400614 19.473528
v 2.783109 4.567108 19.923544
v 2.975378 4.477810 19.473528
v 2.841842 4.534399 19.473527
v 2.878031 5.305070 21.177563
v 2.661336 5.266592 21.425812
v 3.097573 5.321895 20.884251
v 3.345625 5.314380 20.509491
v 3.611556 5.272028 20.017874
v 3.874681 5.183216 19.386803
v 4.110575 5.038239 18.643892
v 4.110575 5.038239 18.643892
v 4.193314 4.891665 18.657982
v 4.209495 4.717715 18.674988
v 4.161819 4.546013 18.691996
v 4.052983 4.406188 18.706083
v 4.052983 4.406188 18.706083
v 3.888605 4.321547 18.715069
v 3.685961 4.290114 18.719688
v 3.465248 4.303595 18.721388
v 3.246656 4.353693 18.721632
v 3.040339 4.431306 18.721630
v 2.886658 4.506742 19.130146
v 2.939974 4.472870 18.721632
v 2.677050 5.304862 21.177563
v 2.909364 5.322760 20.884253
v 3.143025 5.320221 20.509247
v 3.405279 5.294654 20.016174
v 3.686051 5.236191 19.382181
v 3.962843 5.135012 18.634905
v 4.209351 4.981819 17.814529
v 4.209351 4.981819 17.814529
v 4.294958 4.835073 17.828619
v 4.312096 4.661065 17.845625
v 4.263463 4.489421 17.862631
v 4.151760 4.349769 17.876720
v 4.151760 4.349769 17.876720
v 3.982710 4.265409 17.885710
v 3.774127 4.234334 17.890326
v 3.546853 4.248209 17.892025
v 3.321725 4.298700 17.892269
v 3.109231 4.376685 17.892269
v 3.012463 4.425377 18.166214
v 3.048217 4.401325 17.892269
v 2.704962 5.323186 20.884253
v 2.951391 5.321693 20.509247
v 3.198385 5.301098 20.015932
v 3.474523 5.259330 19.380482
v 3.768749 5.188386 18.630289
v 4.056948 5.078873 17.805540
v 4.311285 4.921449 16.946432
v 4.311285 4.921449 16.946432
v 4.399875 4.774541 16.960524
v 4.418007 4.600479 16.977530
v 4.368380 4.428889 16.994535
v 4.253695 4.289399 17.008627
v 4.253695 4.289399 17.008627
v 4.079786 4.205302 17.017611
v 3.865028 4.174563 17.022230
v 3.630930 4.188809 17.023930
v 3.399003 4.239671 17.024172
v 3.150343 4.332981 17.109768
v 3.180085 4.318005 17.024170
v 3.161515 4.325314 17.024170
v 2.743269 5.322772 20.509247
v 3.002695 5.303133 20.015932
v 3.262397 5.266286 19.380238
v 3.551184 5.211968 18.628586
v 3.856914 5.132605 17.800926
v 4.154024 5.018768 16.937447
v 4.413746 4.860421 16.071880
v 4.413746 4.860421 16.071880
v 4.505338 4.713353 16.085970
v 4.524470 4.539237 16.102974
v 4.473842 4.367700 16.119980
v 4.356156 4.228371 16.134071
v 4.356156 4.228371 16.134071
v 4.177357 4.144536 16.143061
v 3.956383 4.114129 16.147676
v 3.715419 4.128742 16.149376
v 3.476650 4.179969 16.149620
v 3.210859 4.292345 16.646094
v 3.275655 4.250136 16.149620
v 2.790165 5.304820 20.015932
v 3.061764 5.268805 19.380243
v 3.333043 5.219366 18.628347
v 3.632789 5.156581 17.799227
v 3.947814 5.072835 16.932831
v 4.251595 4.958001 16.062895
v 4.516208 4.799393 15.197328
v 4.516208 4.799393 15.197328
v 4.610800 4.652164 15.211419
v 4.630932 4.477994 15.228425
v 4.579305 4.306512 15.245428
v 4.458617 4.167342 15.259521
v 4.458617 4.167342 15.259521
v 4.274929 4.083769 15.268511
v 4.047740 4.053694 15.273124
v 3.799908 4.068675 15.274824
v 3.290391 4.240783 16.036713
v 3.554298 4.120268 15.275068
v 3.389795 4.176339 15.275070
v 2.854018 5.270915 19.380238
v 2.825238 5.282743 19.600748
v 2.859410 5.268341 19.338918
v 3.126726 5.222301 18.628345
v 3.408111 5.164373 17.798983
v 3.716866 5.097183 16.931128
v 4.039170 5.012401 16.058275
v 4.349167 4.897234 15.188340
v 4.618669 4.738364 14.322778
v 4.618669 4.738364 14.322778
v 4.716262 4.590975 14.336865
v 4.737395 4.416752 14.353873
v 4.684767 4.245323 14.370876
v 4.561078 4.106314 14.384966
v 4.561078 4.106314 14.384966
v 4.372499 4.023002 14.393955
v 4.139095 3.993259 14.398571
v 3.884398 4.008607 14.400271
v 3.429142 4.151470 14.973587
v 3.631945 4.060565 14.400517
v 3.503935 4.103200 14.400515
v 3.195616 5.167680 17.798983
v 3.485389 5.105344 16.930885
v 3.801356 5.037116 16.056576
v 4.130526 4.951966 15.183724
v 4.446738 4.836467 14.313787
v 4.721130 4.677336 13.448224
v 4.721130 4.677336 13.448224
v 4.821725 4.529787 13.462316
v 4.843858 4.355511 13.479319
v 4.790230 4.184134 13.496325
v 4.663539 4.045286 13.510414
v 4.663539 4.045286 13.510414
v 4.470071 3.962235 13.519403
v 4.230450 3.932825 13.524023
v 3.968888 3.948539 13.525723
v 3.566317 4.063928 13.922539
v 3.709592 4.000864 13.525966
v 3.618076 4.030668 13.525965
v 3.266472 5.109001 16.930885
v 3.563037 5.045642 16.056334
v 3.885845 4.977048 15.182024
v 4.221881 4.891531 14.309171
v 4.561550 4.766109 13.440109
v 4.544212 4.775761 13.440109
v 4.543985 4.775817 13.440109
v 4.496529 3.964260 13.440109
v 4.671646 4.040406 13.440109
v 4.478790 3.956755 13.440109
v 4.262559 3.929870 13.440109
v 4.239104 3.927057 13.440109
v 4.003322 3.941127 13.440109
v 3.977067 3.942689 13.440109
v 3.743309 3.989850 13.440109
v 3.717142 3.995032 13.440109
v 3.629281 4.023646 13.440109
v 3.337655 5.049644 16.056334
v 3.640684 4.985940 15.181783
v 3.970335 4.916981 14.307473
v 4.312664 4.831476 13.440109
v 4.311081 4.831637 13.440109
v 3.408837 4.990288 15.181783
v 3.718332 4.926239 14.307230
v 4.054129 4.857408 13.440109
v 4.052056 4.857484 13.440109
v 3.795319 4.867044 13.440109
v 4.722063 4.676772 13.440109
v 3.536522 4.919416 14.150836
v 3.516110 4.930221 14.307230
v 3.793294 4.867084 13.440109
v 3.629281 4.870461 13.440109
v 3.420217 4.980799 15.041976
v 3.401970 4.990402 15.181783
v 3.398086 4.992438 15.211541
v 3.287830 5.050422 16.056334
v 3.258635 5.065708 16.280026
v 3.173690 5.110346 16.930886
v 3.117874 5.139421 17.358548
v 3.060392 5.169478 17.798983
v 2.981152 5.209617 18.406127
v 2.952149 5.224377 18.628347
v 2.771051 5.305068 20.015932
v 2.766015 5.306436 20.054522
v 2.706668 5.323149 20.509247
v 2.699401 5.323109 20.564925
v 2.657725 5.323527 20.884252
v 2.650267 5.319809 20.941394
v 2.619444 5.305087 21.177564
v 2.611390 5.295386 21.239271
v 2.587044 5.266637 21.425812
v 2.576646 5.246236 21.505482
v 2.568930 5.231271 21.564600
v 2.659530 5.231502 21.564600
v 2.738865 5.231813 21.564600
v 2.854700 5.232547 21.564600
v 2.927752 5.232671 21.564600
v 3.034408 5.233149 21.564600
v 3.111722 5.231783 21.564600
v 3.224379 5.230338 21.564600
v 3.302129 5.223122 21.564600
v 3.413669 5.213926 21.564600
v 3.485056 5.195232 21.564600
v 3.582303 5.171812 21.564600
v 3.640202 5.134223 21.564600
v 3.710614 5.091551 21.564600
v 4.671646 4.040406 13.440109
v 4.681790 4.051483 13.440109
v 4.796895 4.180222 13.440109
v 4.800214 4.191126 13.440109
v 4.848547 4.352779 13.440109
v 4.847435 4.360517 13.440109
v 4.824354 4.528240 13.440109
v 4.821718 4.531965 13.440109
v 4.722063 4.676772 13.440109
v 3.659934 4.534656 21.564600
v 3.755191 4.661699 21.564600
v 3.781498 4.760925 21.564600
v 3.796787 4.814540 21.564600
v 3.788694 4.903073 21.564600
v 3.782610 4.966361 21.564600
v 3.746306 5.031604 21.564600
v 3.710614 5.091551 21.564600
vt -0.087767 -0.158989 0.000000
vt -0.026369 -0.160981 0.000000
vt -0.079318 -0.047166 0.000000
vt 0.000000 0.000000 0.000000
vt 0.181793 0.195107 0.000000
vt 0.182279 0.155923 0.000000
vt 0.233915 0.200092 0.000000
vt -0.052058 -0.005608 0.000000
vt 0.000000 0.000000 0.000000
vt -0.058333 0.117986 0.000000
vt 0.000571 0.166804 0.000000
vt 0.186218 0.204839 0.000000
vt 0.186180 0.166064 0.000000
vt 0.233737 0.208482 0.000000
vt -0.047514 -0.003704 0.000000
vt 0.000000 0.000000 0.000000
vt -0.049355 0.137941 0.000000
vt 0.002262 0.182131 0.000000
vt 0.187182 0.202555 0.000000
vt 0.186982 0.164783 0.000000
vt 0.232966 0.205308 0.000000
vt -0.045785 -0.002718 0.000000
vt 0.000000 0.000000 0.000000
vt -0.045567 0.152383 0.000000
vt 0.001973 0.194820 0.000000
vt 0.185844 0.193517 0.000000
vt 0.185875 0.157116 0.000000
vt 0.231344 0.195551 0.000000
vt -0.045502 -0.001997 0.000000
vt 0.000000 0.000000 0.000000
vt -0.045489 0.155711 0.000000
vt 0.000258 0.196503 0.000000
vt 0.183125 0.208163 0.000000
vt 0.183721 0.168311 0.000000
vt 0.228664 0.209484 0.000000
vt -0.045539 -0.001332 0.000000
vt 0.000000 0.000000 0.000000
vt -0.048085 0.152976 0.000000
vt -0.003169 0.192055 0.000000
vt 0.180752 0.247444 0.000000
vt 0.226260 0.253551 0.000000
vt 0.180607 0.253127 0.000000
vt 0.226345 0.253647 0.000000
vt -0.052076 0.168871 0.000000
vt -0.045738 -0.000539 0.000000
vt -0.007887 0.210852 0.000000
vt 0.000000 0.000000 0.000000
vt -0.012098 0.259207 0.000000
vt -0.012011 0.259219 0.000000
vt -0.012015 0.259303 0.000000
vt 0.000160 -0.151692 0.000000
vt 0.250266 0.030094 0.000000
vt 0.000000 0.000000 0.000000
vt 0.247691 0.046773 0.000000
vt -0.028852 0.152980 0.000000
vt 0.000000 0.000000 0.000000
vt -0.251059 -0.180468 0.000000
vt -0.000373 -0.158708 0.000000
vt 0.000000 0.000000 0.000000
vt -0.014927 -0.160002 0.000000
vt 0.250886 0.019317 0.000000
vt 0.000000 0.000000 0.000000
vt -0.265833 -0.179290 0.000000
vt -0.014870 -0.168271 0.000000
vt 0.000000 0.000000 0.000000
vt -0.022797 -0.163560 0.000000
vt 0.250949 0.011339 0.000000
vt 0.000000 0.000000 0.000000
vt -0.274023 -0.174466 0.000000
vt -0.023131 -0.171354 0.000000
vt 0.000000 0.000000 0.000000
vt -0.027237 -0.160837 0.000000
vt 0.250883 0.003734 0.000000
vt 0.000000 0.000000 0.000000
vt 0.249156 0.206653 0.000000
vt 0.001641 0.166797 0.000000
vt 0.000000 0.000000 0.000000
vt -0.279255 -0.162637 0.000000
vt -0.028584 -0.166600 0.000000
vt 0.000000 0.000000 0.000000
vt 0.251202 0.215076 0.000000
vt 0.002939 0.182121 0.000000
vt 0.000000 0.000000 0.000000
vt 0.034775 0.167021 0.000000
vt -0.250088 0.013278 0.000000
vt 0.000000 0.000000 0.000000
vt 0.250215 0.224141 0.000000
vt 0.001864 0.194821 0.000000
vt 0.000000 0.000000 0.000000
vt 0.002933 0.185254 0.000000
vt -0.248294 -0.029793 0.000000
vt 0.000000 0.000000 0.000000
vt 0.248393 0.222890 0.000000
vt 0.000158 0.196503 0.000000
vt 0.000000 0.000000 0.000000
vt 0.001832 0.198349 0.000000
vt -0.248286 -0.025900 0.000000
vt 0.000000 0.000000 0.000000
vt 0.246072 0.215788 0.000000
vt -0.002056 0.192070 0.000000
vt 0.000000 0.000000 0.000000
vt -0.000752 0.200936 0.000000
vt -0.248195 -0.023008 0.000000
vt 0.000000 0.000000 0.000000
vt 0.243621 0.231482 0.000000
vt -0.004660 0.210948 0.000000
vt 0.000000 0.000000 0.000000
vt -0.004371 0.197694 0.000000
vt -0.248281 -0.020535 0.000000
vt 0.000000 0.000000 0.000000
vt -0.006755 0.259409 0.000000
vt -0.005548 0.259573 0.000000
vt -0.006757 0.259493 0.000000
vt -0.000669 0.017971 0.000000
vt -0.008092 0.217518 0.000000
vt -0.247577 -0.016923 0.000000
vt -0.248786 -0.017006 0.000000
vt 0.277640 -0.103306 0.000000
vt 0.246442 0.054149 0.000000
vt 0.000000 0.000000 0.000000
vt -0.250088 0.033494 0.000000
vt -0.011852 -0.176264 0.000000
vt 0.000000 0.000000 0.000000
vt -0.001120 -0.158704 0.000000
vt 0.296940 0.011707 0.000000
vt 0.000000 0.000000 0.000000
vt 0.296622 0.018056 0.000000
vt -0.018302 0.159470 0.000000
vt 0.000000 0.000000 0.000000
vt -0.298224 -0.170124 0.000000
vt -0.001020 -0.162765 0.000000
vt 0.000000 0.000000 0.000000
vt -0.014669 -0.168289 0.000000
vt 0.297223 0.006543 0.000000
vt 0.000000 0.000000 0.000000
vt -0.311888 -0.174840 0.000000
vt -0.014587 -0.172605 0.000000
vt 0.000000 0.000000 0.000000
vt -0.023945 -0.171242 0.000000
vt 0.297300 0.002293 0.000000
vt 0.000000 0.000000 0.000000
vt -0.321316 -0.173404 0.000000
vt -0.024097 -0.175267 0.000000
vt 0.000000 0.000000 0.000000
vt -0.030305 -0.166296 0.000000
vt 0.297217 -0.002209 0.000000
vt 0.000000 0.000000 0.000000
vt 0.333087 0.157016 0.000000
vt 0.036218 0.166714 0.000000
vt 0.000000 0.000000 0.000000
vt -0.327735 -0.163662 0.000000
vt -0.030767 -0.169598 0.000000
vt 0.000000 0.000000 0.000000
vt 0.296235 0.230186 0.000000
vt 0.002959 0.185253 0.000000
vt 0.000000 0.000000 0.000000
vt 0.036773 0.169476 0.000000
vt -0.296425 0.012696 0.000000
vt 0.000000 0.000000 0.000000
vt 0.295218 0.239558 0.000000
vt 0.001842 0.198349 0.000000
vt 0.000000 0.000000 0.000000
vt 0.003056 0.188218 0.000000
vt -0.293288 -0.041827 0.000000
vt 0.000000 0.000000 0.000000
vt 0.292916 0.239689 0.000000
vt -0.000318 0.200937 0.000000
vt 0.000000 0.000000 0.000000
vt 0.001799 0.201772 0.000000
vt -0.293349 -0.037872 0.000000
vt 0.000000 0.000000 0.000000
vt 0.290348 0.234568 0.000000
vt -0.002683 0.197724 0.000000
vt 0.000000 0.000000 0.000000
vt -0.000782 0.204863 0.000000
vt -0.293207 -0.035425 0.000000
vt 0.000000 0.000000 0.000000
vt -0.000368 0.017980 0.000000
vt 0.024697 0.021527 0.000000
vt -0.004454 0.217623 0.000000
vt 0.288587 0.251551 0.000000
vt -0.003767 0.202193 0.000000
vt -0.293071 -0.033662 0.000000
vt 0.000000 0.000000 0.000000
vt -0.268587 -0.008751 0.000000
vt -0.000789 0.029392 0.000000
vt -0.005975 0.222730 0.000000
vt -0.237672 0.210396 0.000000
vt -0.250509 0.030377 0.000000
vt 0.000000 0.000000 0.000000
vt -0.250622 0.029428 0.000000
vt -0.004381 -0.192373 0.000000
vt 0.000000 0.000000 0.000000
vt 0.315487 -0.140151 0.000000
vt 0.296042 0.022771 0.000000
vt 0.000000 0.000000 0.000000
vt -0.293351 0.045874 0.000000
vt -0.008842 -0.180260 0.000000
vt 0.000000 0.000000 0.000000
vt -0.003032 -0.162740 0.000000
vt 0.379544 -0.006353 0.000000
vt 0.000000 0.000000 0.000000
vt 0.379471 -0.009783 0.000000
vt -0.008990 0.163832 0.000000
vt 0.000000 0.000000 0.000000
vt -0.382440 -0.156717 0.000000
vt -0.002660 -0.164882 0.000000
vt 0.000000 0.000000 0.000000
vt -0.014702 -0.172595 0.000000
vt 0.379800 -0.007246 0.000000
vt 0.000000 0.000000 0.000000
vt -0.394488 -0.165383 0.000000
vt -0.014596 -0.174279 0.000000
vt 0.000000 0.000000 0.000000
vt -0.024195 -0.175254 0.000000
vt 0.379886 -0.009115 0.000000
vt 0.000000 0.000000 0.000000
vt -0.404064 -0.166180 0.000000
vt -0.024269 -0.176766 0.000000
vt 0.000000 0.000000 0.000000
vt -0.031636 -0.169438 0.000000
vt 0.379737 -0.012501 0.000000
vt 0.000000 0.000000 0.000000
vt 0.418621 0.146630 0.000000
vt 0.039550 0.168849 0.000000
vt 0.000000 0.000000 0.000000
vt -0.411178 -0.157449 0.000000
vt -0.031704 -0.171151 0.000000
vt 0.000000 0.000000 0.000000
vt 0.377738 0.245138 0.000000
vt 0.002696 0.188223 0.000000
vt 0.000000 0.000000 0.000000
vt -0.000868 0.175805 0.000000
vt -0.373856 -0.064245 0.000000
vt 0.000000 0.000000 0.000000
vt 0.377096 0.254565 0.000000
vt 0.001939 0.201771 0.000000
vt 0.000000 0.000000 0.000000
vt 0.002829 0.191394 0.000000
vt -0.375055 -0.053520 0.000000
vt 0.000000 0.000000 0.000000
vt 0.375025 0.255283 0.000000
vt 0.000067 0.204865 0.000000
vt 0.000000 0.000000 0.000000
vt 0.001933 0.205459 0.000000
vt -0.375126 -0.049161 0.000000
vt 0.000000 0.000000 0.000000
vt 0.372842 0.251057 0.000000
vt -0.001835 0.202220 0.000000
vt 0.000000 0.000000 0.000000
vt -0.000049 0.208744 0.000000
vt -0.374945 -0.046728 0.000000
vt 0.000000 0.000000 0.000000
vt -0.000362 0.029400 0.000000
vt 0.050793 0.036687 0.000000
vt -0.002740 0.222793 0.000000
vt 0.371877 0.268601 0.000000
vt -0.002035 0.206128 0.000000
vt -0.374690 -0.045206 0.000000
vt 0.000000 0.000000 0.000000
vt -0.323898 -0.005073 0.000000
vt -0.000544 0.041042 0.000000
vt -0.003011 0.227116 0.000000
vt -0.246109 0.221948 0.000000
vt -0.250866 0.025999 0.000000
vt 0.000000 0.000000 0.000000
vt -0.250879 0.025875 0.000000
vt -0.000747 -0.192251 0.000000
vt 0.000000 0.000000 0.000000
vt -0.284242 0.226470 0.000000
vt -0.293464 0.042793 0.000000
vt 0.000000 0.000000 0.000000
vt -0.293667 0.041375 0.000000
vt -0.002998 -0.195984 0.000000
vt 0.000000 0.000000 0.000000
vt 0.388195 -0.174210 0.000000
vt 0.379114 -0.007497 0.000000
vt 0.000000 0.000000 0.000000
vt -0.374684 0.058268 0.000000
vt -0.006206 -0.183803 0.000000
vt 0.000000 0.000000 0.000000
vt -0.004905 -0.164831 0.000000
vt 0.498256 -0.024337 0.000000
vt 0.000000 0.000000 0.000000
vt 0.497432 -0.037591 0.000000
vt -0.002085 0.166946 0.000000
vt 0.000000 0.000000 0.000000
vt -0.502977 -0.141154 0.000000
vt -0.004455 -0.166113 0.000000
vt 0.000000 0.000000 0.000000
vt -0.014855 -0.174257 0.000000
vt 0.498659 -0.022056 0.000000
vt 0.000000 0.000000 0.000000
vt -0.513500 -0.152251 0.000000
vt -0.014755 -0.174623 0.000000
vt 0.000000 0.000000 0.000000
vt -0.023974 -0.176807 0.000000
vt 0.498720 -0.022929 0.000000
vt 0.000000 0.000000 0.000000
vt -0.522656 -0.154006 0.000000
vt -0.024024 -0.177089 0.000000
vt 0.000000 0.000000 0.000000
vt -0.031920 -0.171111 0.000000
vt 0.498418 -0.027313 0.000000
vt 0.000000 0.000000 0.000000
vt 0.539133 0.126194 0.000000
vt 0.042227 0.170660 0.000000
vt 0.000000 0.000000 0.000000
vt -0.530072 -0.144775 0.000000
vt -0.031934 -0.172170 0.000000
vt 0.000000 0.000000 0.000000
vt 0.496012 0.260299 0.000000
vt 0.002352 0.191401 0.000000
vt 0.000000 0.000000 0.000000
vt -0.001289 0.178330 0.000000
vt -0.492397 -0.077408 0.000000
vt 0.000000 0.000000 0.000000
vt 0.495899 0.269526 0.000000
vt 0.002130 0.205458 0.000000
vt 0.000000 0.000000 0.000000
vt 0.002491 0.195156 0.000000
vt -0.493664 -0.064870 0.000000
vt 0.000000 0.000000 0.000000
vt 0.494440 0.270067 0.000000
vt 0.000891 0.208742 0.000000
vt 0.000000 0.000000 0.000000
vt 0.002141 0.209798 0.000000
vt -0.493742 -0.059758 0.000000
vt 0.000000 0.000000 0.000000
vt 0.492953 0.265687 0.000000
vt -0.000284 0.206138 0.000000
vt 0.000000 0.000000 0.000000
vt 0.000938 0.213086 0.000000
vt -0.493550 -0.056893 0.000000
vt 0.000000 0.000000 0.000000
vt -0.000102 0.041045 0.000000
vt 0.094990 0.054595 0.000000
vt -0.000566 0.227135 0.000000
vt 0.492616 0.283125 0.000000
vt -0.000118 0.210190 0.000000
vt -0.493283 -0.055104 0.000000
vt 0.000000 0.000000 0.000000
vt -0.398195 0.003408 0.000000
vt -0.000084 0.060018 0.000000
vt -0.000326 0.231513 0.000000
vt -0.250116 0.218144 0.000000
vt -0.251007 0.022458 0.000000
vt 0.000000 0.000000 0.000000
vt -0.251008 0.022452 0.000000
vt 0.000048 -0.181828 0.000000
vt 0.000000 0.000000 0.000000
vt -0.290582 0.237465 0.000000
vt -0.293742 0.038029 0.000000
vt 0.000000 0.000000 0.000000
vt -0.293768 0.037827 0.000000
vt -0.000495 -0.195688 0.000000
vt 0.000000 0.000000 0.000000
vt -0.368450 0.242114 0.000000
vt -0.374713 0.054851 0.000000
vt 0.000000 0.000000 0.000000
vt -0.374978 0.053015 0.000000
vt -0.001840 -0.199452 0.000000
vt 0.000000 0.000000 0.000000
vt 0.498575 -0.206822 0.000000
vt 0.497023 -0.037040 0.000000
vt 0.000000 0.000000 0.000000
vt -0.493372 0.070629 0.000000
vt -0.004470 -0.187314 0.000000
vt 0.000000 0.000000 0.000000
vt -0.006332 -0.166052 0.000000
vt 0.640785 -0.041661 0.000000
vt 0.000000 0.000000 0.000000
vt 0.638862 -0.064786 0.000000
vt 0.002500 0.169772 0.000000
vt 0.000000 0.000000 0.000000
vt -0.646966 -0.125173 0.000000
vt -0.005904 -0.167352 0.000000
vt 0.000000 0.000000 0.000000
vt -0.015015 -0.174601 0.000000
vt 0.641378 -0.037061 0.000000
vt 0.000000 0.000000 0.000000
vt -0.656381 -0.137599 0.000000
vt -0.014902 -0.174751 0.000000
vt 0.000000 0.000000 0.000000
vt -0.023647 -0.177139 0.000000
vt 0.641423 -0.038108 0.000000
vt 0.000000 0.000000 0.000000
vt -0.665038 -0.139184 0.000000
vt -0.023720 -0.177257 0.000000
vt 0.000000 0.000000 0.000000
vt -0.031898 -0.172176 0.000000
vt 0.640849 -0.045294 0.000000
vt 0.000000 0.000000 0.000000
vt 0.633045 0.272977 0.000000
vt -0.002073 0.178322 0.000000
vt 0.000000 0.000000 0.000000
vt -0.672542 -0.127965 0.000000
vt -0.032017 -0.173368 0.000000
vt 0.000000 0.000000 0.000000
vt 0.638667 0.275536 0.000000
vt 0.002078 0.195161 0.000000
vt 0.000000 0.000000 0.000000
vt -0.001545 0.181443 0.000000
vt -0.635325 -0.089824 0.000000
vt 0.000000 0.000000 0.000000
vt 0.639004 0.284421 0.000000
vt 0.002319 0.209796 0.000000
vt 0.000000 0.000000 0.000000
vt 0.002206 0.199774 0.000000
vt -0.636585 -0.075475 0.000000
vt 0.000000 0.000000 0.000000
vt 0.638168 0.284242 0.000000
vt 0.001704 0.213081 0.000000
vt 0.000000 0.000000 0.000000
vt 0.002335 0.215067 0.000000
vt -0.636662 -0.069370 0.000000
vt 0.000000 0.000000 0.000000
vt 0.637323 0.278941 0.000000
vt 0.001173 0.210186 0.000000
vt 0.000000 0.000000 0.000000
vt 0.001795 0.218291 0.000000
vt -0.636470 -0.065734 0.000000
vt 0.000000 0.000000 0.000000
vt 0.000330 0.060018 0.000000
vt 0.186170 0.086415 0.000000
vt 0.001272 0.231510 0.000000
vt 0.637380 0.295855 0.000000
vt 0.001409 0.214968 0.000000
vt -0.636213 -0.063289 0.000000
vt 0.000000 0.000000 0.000000
vt -0.449897 0.027835 0.000000
vt 0.000620 0.091623 0.000000
vt 0.001602 0.236651 0.000000
vt -0.251056 0.204281 0.000000
vt -0.251098 0.019223 0.000000
vt 0.000000 0.000000 0.000000
vt -0.251098 0.019223 0.000000
vt 0.000114 -0.197474 0.000000
vt 0.000000 0.000000 0.000000
vt -0.293257 0.233535 0.000000
vt -0.293811 0.034495 0.000000
vt 0.000000 0.000000 0.000000
vt -0.293813 0.034484 0.000000
vt -0.000019 -0.185058 0.000000
vt 0.000000 0.000000 0.000000
vt -0.373096 0.252530 0.000000
vt -0.374969 0.049368 0.000000
vt 0.000000 0.000000 0.000000
vt -0.375005 0.049095 0.000000
vt -0.000225 -0.199041 0.000000
vt 0.000000 0.000000 0.000000
vt -0.489002 0.257754 0.000000
vt -0.493398 0.066521 0.000000
vt 0.000000 0.000000 0.000000
vt -0.493687 0.064342 0.000000
vt -0.001103 -0.203167 0.000000
vt 0.000000 0.000000 0.000000
vt 0.635014 -0.238181 0.000000
vt 0.638323 -0.065130 0.000000
vt 0.000000 0.000000 0.000000
vt -0.636321 0.082426 0.000000
vt -0.003491 -0.191252 0.000000
vt 0.000000 0.000000 0.000000
vt -0.007086 -0.167306 0.000000
vt 0.757080 -0.055456 0.000000
vt 0.000000 0.000000 0.000000
vt 0.754103 -0.087025 0.000000
vt 0.005128 0.173007 0.000000
vt 0.000000 0.000000 0.000000
vt -0.764044 -0.112679 0.000000
vt -0.006670 -0.168770 0.000000
vt 0.000000 0.000000 0.000000
vt -0.015063 -0.174737 0.000000
vt 0.757869 -0.048952 0.000000
vt 0.000000 0.000000 0.000000
vt -0.772922 -0.125849 0.000000
vt -0.014942 -0.174890 0.000000
vt 0.000000 0.000000 0.000000
vt -0.023517 -0.177284 0.000000
vt 0.757894 -0.050345 0.000000
vt 0.000000 0.000000 0.000000
vt -0.781385 -0.127101 0.000000
vt -0.023610 -0.177444 0.000000
vt 0.000000 0.000000 0.000000
vt -0.032135 -0.173346 0.000000
vt 0.757048 -0.060308 0.000000
vt 0.000000 0.000000 0.000000
vt 0.749747 0.286234 0.000000
vt -0.002096 0.181437 0.000000
vt 0.000000 0.000000 0.000000
vt -0.789026 -0.114132 0.000000
vt -0.032341 -0.174782 0.000000
vt 0.000000 0.000000 0.000000
vt 0.755265 0.289098 0.000000
vt 0.001958 0.199776 0.000000
vt 0.000000 0.000000 0.000000
vt -0.001606 0.185102 0.000000
vt -0.752060 -0.099275 0.000000
vt 0.000000 0.000000 0.000000
vt 0.755836 0.297913 0.000000
vt 0.002438 0.215066 0.000000
vt 0.000000 0.000000 0.000000
vt 0.002072 0.205108 0.000000
vt -0.753303 -0.083703 0.000000
vt 0.000000 0.000000 0.000000
vt 0.755361 0.297008 0.000000
vt 0.002188 0.218287 0.000000
vt 0.000000 0.000000 0.000000
vt 0.002461 0.221118 0.000000
vt -0.753372 -0.076801 0.000000
vt 0.000000 0.000000 0.000000
vt 0.754894 0.290653 0.000000
vt 0.002026 0.214963 0.000000
vt 0.000000 0.000000 0.000000
vt 0.002290 0.224247 0.000000
vt -0.753185 -0.072473 0.000000
vt 0.000000 0.000000 0.000000
vt 0.002275 0.220421 0.000000
vt -0.752938 -0.069403 0.000000
vt 0.000000 0.000000 0.000000
vt 0.000901 0.091621 0.000000
vt 0.344871 0.140292 0.000000
vt 0.002328 0.236645 0.000000
vt 0.755159 0.307196 0.000000
vt -0.407841 0.076181 0.000000
vt 0.001480 0.133885 0.000000
vt 0.002681 0.242509 0.000000
vt -0.251213 0.216696 0.000000
vt -0.251182 0.015714 0.000000
vt 0.000000 0.000000 0.000000
vt -0.293792 0.219544 0.000000
vt -0.293843 0.031334 0.000000
vt 0.000000 0.000000 0.000000
vt -0.293843 0.031333 0.000000
vt 0.000013 -0.200981 0.000000
vt 0.000000 0.000000 0.000000
vt -0.374767 0.248155 0.000000
vt -0.375005 0.045471 0.000000
vt 0.000000 0.000000 0.000000
vt -0.375007 0.045453 0.000000
vt 0.000005 -0.188210 0.000000
vt 0.000000 0.000000 0.000000
vt -0.492572 0.267531 0.000000
vt -0.493667 0.060012 0.000000
vt 0.000000 0.000000 0.000000
vt -0.493708 0.059678 0.000000
vt -0.000031 -0.202684 0.000000
vt 0.000000 0.000000 0.000000
vt -0.632976 0.273340 0.000000
vt -0.636357 0.077386 0.000000
vt 0.000000 0.000000 0.000000
vt -0.636649 0.074943 0.000000
vt -0.000715 -0.207521 0.000000
vt 0.000000 0.000000 0.000000
vt 0.747317 -0.264759 0.000000
vt 0.753457 -0.088031 0.000000
vt 0.000000 0.000000 0.000000
vt -0.753033 0.091588 0.000000
vt -0.002973 -0.195960 0.000000
vt 0.000000 0.000000 0.000000
vt -0.007432 -0.168738 0.000000
vt 0.834604 -0.064952 0.000000
vt 0.000000 0.000000 0.000000
vt 0.830764 -0.103021 0.000000
vt 0.006748 0.176706 0.000000
vt 0.000000 0.000000 0.000000
vt -0.841930 -0.104642 0.000000
vt -0.007028 -0.170329 0.000000
vt 0.000000 0.000000 0.000000
vt -0.015038 -0.174882 0.000000
vt 0.835548 -0.056895 0.000000
vt 0.000000 0.000000 0.000000
vt -0.850576 -0.118055 0.000000
vt -0.014914 -0.175042 0.000000
vt 0.000000 0.000000 0.000000
vt -0.023529 -0.177454 0.000000
vt 0.835554 -0.058548 0.000000
vt 0.000000 0.000000 0.000000
vt -0.032584 -0.174737 0.000000
vt 0.834493 -0.070723 0.000000
vt 0.000000 0.000000 0.000000
vt -0.859060 -0.119074 0.000000
vt -0.023627 -0.177645 0.000000
vt 0.000000 0.000000 0.000000
vt -0.866945 -0.105104 0.000000
vt -0.032855 -0.176350 0.000000
vt 0.000000 0.000000 0.000000
vt 0.827688 0.296325 0.000000
vt -0.002018 0.185098 0.000000
vt 0.000000 0.000000 0.000000
vt 0.833051 0.300360 0.000000
vt 0.001925 0.205110 0.000000
vt 0.000000 0.000000 0.000000
vt -0.001549 0.189138 0.000000
vt -0.829915 -0.105287 0.000000
vt 0.000000 0.000000 0.000000
vt 0.833734 0.309444 0.000000
vt 0.002515 0.221117 0.000000
vt 0.000000 0.000000 0.000000
vt 0.002021 0.210925 0.000000
vt -0.831131 -0.089156 0.000000
vt 0.000000 0.000000 0.000000
vt 0.833458 0.307962 0.000000
vt 0.002458 0.224246 0.000000
vt 0.000000 0.000000 0.000000
vt 0.002539 0.227690 0.000000
vt -0.831196 -0.081754 0.000000
vt 0.000000 0.000000 0.000000
vt 0.833205 0.300617 0.000000
vt 0.002500 0.220418 0.000000
vt 0.000000 0.000000 0.000000
vt 0.002565 0.230707 0.000000
vt -0.831014 -0.076928 0.000000
vt 0.000000 0.000000 0.000000
vt 0.002757 0.226336 0.000000
vt -0.830773 -0.073378 0.000000
vt 0.000000 0.000000 0.000000
vt 0.001613 0.133883 0.000000
vt 0.558249 0.212337 0.000000
vt 0.002922 0.242506 0.000000
vt 0.833590 0.317066 0.000000
vt -0.272216 0.144513 0.000000
vt 0.002404 0.183069 0.000000
vt 0.003269 0.248864 0.000000
vt -0.293855 0.232315 0.000000
vt -0.293882 0.027912 0.000000
vt 0.000000 0.000000 0.000000
vt -0.375010 0.233668 0.000000
vt -0.375007 0.042028 0.000000
vt 0.000000 0.000000 0.000000
vt -0.375007 0.042027 0.000000
vt 0.000001 -0.204403 0.000000
vt 0.000000 0.000000 0.000000
vt -0.493667 0.262381 0.000000
vt -0.493682 0.055386 0.000000
vt 0.000000 0.000000 0.000000
vt -0.493685 0.055361 0.000000
vt 0.000056 -0.191640 0.000000
vt 0.000000 0.000000 0.000000
vt -0.635938 0.282454 0.000000
vt -0.636628 0.069659 0.000000
vt 0.000000 0.000000 0.000000
vt -0.636670 0.069278 0.000000
vt 0.000094 -0.206994 0.000000
vt 0.000000 0.000000 0.000000
vt -0.750226 0.287114 0.000000
vt -0.753065 0.085782 0.000000
vt 0.000000 0.000000 0.000000
vt -0.753356 0.083194 0.000000
vt -0.000507 -0.212796 0.000000
vt 0.000000 0.000000 0.000000
vt 0.822112 -0.285274 0.000000
vt 0.830015 -0.104541 0.000000
vt 0.000000 0.000000 0.000000
vt -0.830858 0.097615 0.000000
vt -0.002672 -0.201335 0.000000
vt 0.000000 0.000000 0.000000
vt -0.007532 -0.170307 0.000000
vt 0.873338 -0.070063 0.000000
vt 0.000000 0.000000 0.000000
vt 0.868901 -0.112425 0.000000
vt 0.007744 0.180741 0.000000
vt 0.000000 0.000000 0.000000
vt -0.014970 -0.175037 0.000000
vt 0.874388 -0.060890 0.000000
vt 0.000000 0.000000 0.000000
vt -0.880770 -0.101118 0.000000
vt -0.007134 -0.171981 0.000000
vt 0.000000 0.000000 0.000000
vt -0.889348 -0.114219 0.000000
vt -0.014844 -0.175201 0.000000
vt 0.000000 0.000000 0.000000
vt -0.023621 -0.177646 0.000000
vt 0.874383 -0.062705 0.000000
vt 0.000000 0.000000 0.000000
vt -0.897982 -0.115112 0.000000
vt -0.023725 -0.177855 0.000000
vt 0.000000 0.000000 0.000000
vt -0.033176 -0.176290 0.000000
vt 0.873168 -0.076413 0.000000
vt 0.000000 0.000000 0.000000
vt 0.866813 0.303180 0.000000
vt -0.001873 0.189135 0.000000
vt 0.000000 0.000000 0.000000
vt -0.906223 -0.100970 0.000000
vt -0.033476 -0.178011 0.000000
vt 0.000000 0.000000 0.000000
vt 0.871988 0.309093 0.000000
vt 0.001933 0.210926 0.000000
vt 0.000000 0.000000 0.000000
vt -0.001436 0.193379 0.000000
vt -0.868896 -0.107944 0.000000
vt 0.000000 0.000000 0.000000
vt 0.872695 0.318756 0.000000
vt 0.002562 0.227689 0.000000
vt 0.000000 0.000000 0.000000
vt 0.002029 0.216987 0.000000
vt -0.870052 -0.091844 0.000000
vt 0.000000 0.000000 0.000000
vt 0.002586 0.234522 0.000000
vt -0.870110 -0.084230 0.000000
vt 0.000000 0.000000 0.000000
vt 0.872521 0.316867 0.000000
vt 0.002600 0.230707 0.000000
vt 0.000000 0.000000 0.000000
vt 0.002705 0.237424 0.000000
vt -0.869937 -0.079109 0.000000
vt 0.000000 0.000000 0.000000
vt 0.872394 0.308647 0.000000
vt 0.002753 0.226336 0.000000
vt 0.000000 0.000000 0.000000
vt 0.002373 0.183069 0.000000
vt 0.786771 0.293199 0.000000
vt 0.003226 0.248865 0.000000
vt 0.872836 0.325273 0.000000
vt 0.003003 0.232491 0.000000
vt -0.869711 -0.075248 0.000000
vt 0.000000 0.000000 0.000000
vt -0.082530 0.223521 0.000000
vt 0.003298 0.235526 0.000000
vt 0.003577 0.255481 0.000000
vt -0.375007 0.246433 0.000000
vt -0.375006 0.038307 0.000000
vt 0.000000 0.000000 0.000000
vt -0.493664 0.051304 0.000000
vt 0.000040 -0.208126 0.000000
vt 0.000000 0.000000 0.000000
vt -0.493738 0.247007 0.000000
vt -0.493663 0.051306 0.000000
vt 0.000000 0.000000 0.000000
vt -0.636757 0.276287 0.000000
vt -0.636644 0.064047 0.000000
vt 0.000000 0.000000 0.000000
vt -0.636647 0.064016 0.000000
vt 0.000109 -0.195701 0.000000
vt 0.000000 0.000000 0.000000
vt -0.753382 0.076702 0.000000
vt 0.000170 -0.212240 0.000000
vt 0.000000 0.000000 0.000000
vt -0.752861 0.295957 0.000000
vt -0.753340 0.077112 0.000000
vt 0.000000 0.000000 0.000000
vt -0.828360 0.298467 0.000000
vt -0.830897 0.091307 0.000000
vt 0.000000 0.000000 0.000000
vt -0.831181 0.088685 0.000000
vt -0.000389 -0.218845 0.000000
vt 0.000000 0.000000 0.000000
vt -0.869779 0.100535 0.000000
vt -0.002511 -0.207160 0.000000
vt 0.000000 0.000000 0.000000
vt 0.859093 -0.299157 0.000000
vt 0.868088 -0.114220 0.000000
vt 0.000000 0.000000 0.000000
vt -0.007464 -0.171967 0.000000
vt 0.879750 -0.071438 0.000000
vt 0.000000 0.000000 0.000000
vt 0.874991 -0.115993 0.000000
vt 0.008299 0.184970 0.000000
vt 0.000000 0.000000 0.000000
vt -0.014872 -0.175199 0.000000
vt 0.880862 -0.061588 0.000000
vt 0.000000 0.000000 0.000000
vt -0.887112 -0.101422 0.000000
vt -0.007062 -0.173685 0.000000
vt 0.000000 0.000000 0.000000
vt -0.895724 -0.113686 0.000000
vt -0.014743 -0.175368 0.000000
vt 0.000000 0.000000 0.000000
vt -0.023769 -0.177849 0.000000
vt 0.880854 -0.063475 0.000000
vt 0.000000 0.000000 0.000000
vt -0.904600 -0.114548 0.000000
vt -0.023874 -0.178066 0.000000
vt 0.000000 0.000000 0.000000
vt -0.033850 -0.177941 0.000000
vt 0.879557 -0.078055 0.000000
vt 0.000000 0.000000 0.000000
vt -0.913285 -0.100994 0.000000
vt -0.034153 -0.179708 0.000000
vt 0.000000 0.000000 0.000000
vt 0.873566 0.307307 0.000000
vt -0.001700 0.193376 0.000000
vt 0.000000 0.000000 0.000000
vt 0.878524 0.315571 0.000000
vt 0.001979 0.216987 0.000000
vt 0.000000 0.000000 0.000000
vt -0.001269 0.197678 0.000000
vt -0.875450 -0.107874 0.000000
vt 0.000000 0.000000 0.000000
vt 0.879211 0.326044 0.000000
vt 0.002589 0.234522 0.000000
vt 0.000000 0.000000 0.000000
vt 0.002065 0.223095 0.000000
vt -0.876547 -0.092232 0.000000
vt 0.000000 0.000000 0.000000
vt 0.002613 0.241398 0.000000
vt -0.876599 -0.084641 0.000000
vt 0.000000 0.000000 0.000000
vt 0.879074 0.323916 0.000000
vt 0.002655 0.237424 0.000000
vt 0.000000 0.000000 0.000000
vt 0.002762 0.244187 0.000000
vt -0.876429 -0.079409 0.000000
vt 0.000000 0.000000 0.000000
vt 0.879002 0.314955 0.000000
vt 0.002855 0.232493 0.000000
vt 0.000000 0.000000 0.000000
vt 0.003095 0.235529 0.000000
vt 0.382110 0.288552 0.000000
vt 0.003357 0.255484 0.000000
vt 0.000336 0.025827 0.000000
vt 0.003102 0.238700 0.000000
vt -0.497416 -0.042798 0.000000
vt -0.876210 -0.075390 0.000000
vt -0.493701 0.259434 0.000000
vt -0.493641 0.046898 0.000000
vt 0.000000 0.000000 0.000000
vt -0.636753 0.259723 0.000000
vt -0.636615 0.059074 0.000000
vt 0.000000 0.000000 0.000000
vt -0.636615 0.059071 0.000000
vt 0.000090 -0.212536 0.000000
vt 0.000000 0.000000 0.000000
vt -0.753352 0.070651 0.000000
vt 0.000160 -0.200649 0.000000
vt 0.000000 0.000000 0.000000
vt -0.753548 0.288953 0.000000
vt -0.753349 0.070686 0.000000
vt 0.000000 0.000000 0.000000
vt -0.830809 0.307483 0.000000
vt -0.831160 0.082073 0.000000
vt 0.000000 0.000000 0.000000
vt -0.831202 0.081652 0.000000
vt 0.000230 -0.218266 0.000000
vt 0.000000 0.000000 0.000000
vt -0.870096 0.091421 0.000000
vt -0.000318 -0.225410 0.000000
vt 0.000000 0.000000 0.000000
vt -0.867442 0.307205 0.000000
vt -0.869822 0.093988 0.000000
vt 0.000000 0.000000 0.000000
vt -0.876285 0.100886 0.000000
vt -0.002444 -0.213216 0.000000
vt 0.000000 0.000000 0.000000
vt 0.864554 -0.307051 0.000000
vt 0.874167 -0.117834 0.000000
vt 0.000000 0.000000 0.000000
vt 0.874674 -0.118364 0.000000
vt 0.008792 0.189257 0.000000
vt 0.000000 0.000000 0.000000
vt -0.007364 -0.173673 0.000000
vt 0.879700 -0.072068 0.000000
vt 0.000000 0.000000 0.000000
vt -0.886959 -0.102518 0.000000
vt -0.006965 -0.175426 0.000000
vt 0.000000 0.000000 0.000000
vt -0.014766 -0.175366 0.000000
vt 0.880856 -0.061628 0.000000
vt 0.000000 0.000000 0.000000
vt -0.023928 -0.178058 0.000000
vt 0.880840 -0.063571 0.000000
vt 0.000000 0.000000 0.000000
vt -0.895612 -0.113817 0.000000
vt -0.014641 -0.175543 0.000000
vt 0.000000 0.000000 0.000000
vt -0.034544 -0.179633 0.000000
vt 0.879479 -0.078888 0.000000
vt 0.000000 0.000000 0.000000
vt -0.904745 -0.114666 0.000000
vt -0.024029 -0.178279 0.000000
vt 0.000000 0.000000 0.000000
vt -0.913899 -0.101871 0.000000
vt -0.034848 -0.181433 0.000000
vt 0.000000 0.000000 0.000000
vt 0.873828 0.310955 0.000000
vt -0.001516 0.197676 0.000000
vt 0.000000 0.000000 0.000000
vt -0.001107 0.202004 0.000000
vt -0.875521 -0.107301 0.000000
vt 0.000000 0.000000 0.000000
vt 0.878577 0.321603 0.000000
vt 0.002023 0.223095 0.000000
vt 0.000000 0.000000 0.000000
vt 0.002106 0.229208 0.000000
vt -0.876553 -0.092168 0.000000
vt 0.000000 0.000000 0.000000
vt 0.879233 0.332920 0.000000
vt 0.002612 0.241398 0.000000
vt 0.000000 0.000000 0.000000
vt 0.879123 0.330594 0.000000
vt 0.002698 0.244188 0.000000
vt 0.000000 0.000000 0.000000
vt 0.002637 0.248275 0.000000
vt -0.876598 -0.084641 0.000000
vt 0.000000 0.000000 0.000000
vt 0.000317 0.025827 0.000000
vt 0.113494 0.041434 0.000000
vt 0.002930 0.238702 0.000000
vt 0.879099 0.320939 0.000000
vt 0.002801 0.250955 0.000000
vt -0.876436 -0.079337 0.000000
vt 0.000000 0.000000 0.000000
vt -0.762694 -0.033869 0.000000
vt 0.000921 0.071142 0.000000
vt 0.003170 0.244924 0.000000
vt -0.636597 0.063856 0.000000
vt -0.415771 0.035075 0.000000
vt -0.636702 0.271612 0.000000
vt 0.000000 0.000000 0.000000
vt 0.000123 -0.207757 0.000000
vt 0.000000 0.000000 0.000000
vt -0.041277 -0.202363 0.000000
vt -0.753334 0.064965 0.000000
vt -0.753510 0.271307 0.000000
vt -0.753334 0.064969 0.000000
vt 0.000000 0.000000 0.000000
vt -0.831429 0.299926 0.000000
vt -0.831182 0.075113 0.000000
vt 0.000000 0.000000 0.000000
vt -0.831185 0.075075 0.000000
vt 0.000189 -0.206338 0.000000
vt 0.000000 0.000000 0.000000
vt -0.869797 0.316779 0.000000
vt -0.870084 0.084545 0.000000
vt 0.000000 0.000000 0.000000
vt -0.870124 0.084127 0.000000
vt 0.000262 -0.224814 0.000000
vt 0.000000 0.000000 0.000000
vt -0.876588 0.091865 0.000000
vt -0.000289 -0.232234 0.000000
vt 0.000000 0.000000 0.000000
vt -0.874008 0.313636 0.000000
vt -0.876327 0.094320 0.000000
vt 0.000000 0.000000 0.000000
vt 0.863690 -0.313724 0.000000
vt 0.873849 -0.120196 0.000000
vt 0.000000 0.000000 0.000000
vt -0.876305 0.100737 0.000000
vt -0.002397 -0.219316 0.000000
vt 0.000000 0.000000 0.000000
vt -0.007277 -0.175413 0.000000
vt 0.879644 -0.072712 0.000000
vt 0.000000 0.000000 0.000000
vt 0.874346 -0.120741 0.000000
vt 0.009316 0.193571 0.000000
vt 0.000000 0.000000 0.000000
vt -0.014665 -0.175540 0.000000
vt 0.880856 -0.061670 0.000000
vt 0.000000 0.000000 0.000000
vt -0.886812 -0.103634 0.000000
vt -0.006870 -0.177198 0.000000
vt 0.000000 0.000000 0.000000
vt -0.895511 -0.113953 0.000000
vt -0.014539 -0.175722 0.000000
vt 0.000000 0.000000 0.000000
vt -0.024084 -0.178271 0.000000
vt 0.880836 -0.063667 0.000000
vt 0.000000 0.000000 0.000000
vt -0.904898 -0.114786 0.000000
vt -0.024189 -0.178498 0.000000
vt 0.000000 0.000000 0.000000
vt -0.035249 -0.181356 0.000000
vt 0.879403 -0.079737 0.000000
vt 0.000000 0.000000 0.000000
vt -0.914524 -0.102764 0.000000
vt -0.035546 -0.183187 0.000000
vt 0.000000 0.000000 0.000000
vt 0.874082 0.314678 0.000000
vt -0.001346 0.202002 0.000000
vt 0.000000 0.000000 0.000000
vt 0.878633 0.327646 0.000000
vt 0.002066 0.229209 0.000000
vt 0.000000 0.000000 0.000000
vt -0.000952 0.206356 0.000000
vt -0.875592 -0.106768 0.000000
vt 0.000000 0.000000 0.000000
vt 0.879258 0.339794 0.000000
vt 0.002637 0.248275 0.000000
vt 0.000000 0.000000 0.000000
vt 0.002152 0.235327 0.000000
vt -0.876560 -0.092108 0.000000
vt 0.000000 0.000000 0.000000
vt 0.002661 0.255150 0.000000
vt -0.876599 -0.084641 0.000000
vt 0.000000 0.000000 0.000000
vt 0.879172 0.337285 0.000000
vt 0.002738 0.250956 0.000000
vt 0.000000 0.000000 0.000000
vt 0.000872 0.071143 0.000000
vt 0.303082 0.112710 0.000000
vt 0.003003 0.244926 0.000000
vt 0.879191 0.326954 0.000000
vt 0.002839 0.257729 0.000000
vt -0.876442 -0.079270 0.000000
vt 0.000000 0.000000 0.000000
vt -0.573067 0.037423 0.000000
vt 0.001495 0.116249 0.000000
vt 0.003231 0.251161 0.000000
vt -0.831372 0.281419 0.000000
vt -0.831159 0.068899 0.000000
vt 0.000000 0.000000 0.000000
vt -0.870384 0.308947 0.000000
vt -0.870098 0.077327 0.000000
vt 0.000000 0.000000 0.000000
vt -0.870101 0.077288 0.000000
vt 0.000220 -0.212520 0.000000
vt 0.000000 0.000000 0.000000
vt -0.876317 0.324048 0.000000
vt -0.876568 0.084947 0.000000
vt 0.000000 0.000000 0.000000
vt -0.876607 0.084542 0.000000
vt 0.000290 -0.231620 0.000000
vt 0.000000 0.000000 0.000000
vt -0.874069 0.319613 0.000000
vt -0.876337 0.094190 0.000000
vt 0.000000 0.000000 0.000000
vt -0.876585 0.091850 0.000000
vt -0.000260 -0.239101 0.000000
vt 0.000000 0.000000 0.000000
vt -0.866468 0.310326 0.000000
vt -0.874891 0.112351 0.000000
vt 0.000000 0.000000 0.000000
vt -0.876320 0.100597 0.000000
vt -0.002345 -0.225423 0.000000
vt 0.000000 0.000000 0.000000
vt -0.007191 -0.177185 0.000000
vt 0.879593 -0.073366 0.000000
vt 0.000000 0.000000 0.000000
vt -0.874728 0.117975 0.000000
vt -0.008705 -0.197963 0.000000
vt 0.000000 0.000000 0.000000
vt -0.014565 -0.175720 0.000000
vt 0.880849 -0.061714 0.000000
vt 0.000000 0.000000 0.000000
vt -0.886673 -0.104771 0.000000
vt -0.006790 -0.179004 0.000000
vt 0.000000 0.000000 0.000000
vt -0.895403 -0.114091 0.000000
vt -0.014432 -0.175906 0.000000
vt 0.000000 0.000000 0.000000
vt -0.024245 -0.178491 0.000000
vt 0.880832 -0.063764 0.000000
vt 0.000000 0.000000 0.000000
vt -0.905053 -0.114911 0.000000
vt -0.024352 -0.178723 0.000000
vt 0.000000 0.000000 0.000000
vt -0.035958 -0.183107 0.000000
vt 0.879324 -0.080599 0.000000
vt 0.000000 0.000000 0.000000
vt 0.874311 0.318474 0.000000
vt -0.001185 0.206355 0.000000
vt 0.000000 0.000000 0.000000
vt -0.915152 -0.103669 0.000000
vt -0.036258 -0.184969 0.000000
vt 0.000000 0.000000 0.000000
vt 0.878684 0.333703 0.000000
vt 0.002113 0.235328 0.000000
vt 0.000000 0.000000 0.000000
vt -0.000804 0.210731 0.000000
vt -0.875648 -0.106277 0.000000
vt 0.000000 0.000000 0.000000
vt 0.879276 0.346668 0.000000
vt 0.002660 0.255150 0.000000
vt 0.000000 0.000000 0.000000
vt 0.002198 0.241453 0.000000
vt -0.876561 -0.092054 0.000000
vt 0.000000 0.000000 0.000000
vt 0.002683 0.262026 0.000000
vt -0.876595 -0.084639 0.000000
vt 0.000000 0.000000 0.000000
vt 0.879215 0.343985 0.000000
vt 0.002778 0.257730 0.000000
vt 0.000000 0.000000 0.000000
vt 0.001420 0.116250 0.000000
vt 0.480557 0.181996 0.000000
vt 0.003067 0.251163 0.000000
vt 0.879272 0.332997 0.000000
vt 0.002874 0.264507 0.000000
vt -0.876447 -0.079207 0.000000
vt 0.000000 0.000000 0.000000
vt -0.395549 0.106739 0.000000
vt 0.002061 0.161168 0.000000
vt 0.003292 0.257408 0.000000
vt -0.870319 0.289813 0.000000
vt -0.870077 0.070865 0.000000
vt 0.000000 0.000000 0.000000
vt -0.876895 0.316168 0.000000
vt -0.876583 0.077697 0.000000
vt 0.000000 0.000000 0.000000
vt -0.876586 0.077658 0.000000
vt 0.000244 -0.218948 0.000000
vt 0.000000 0.000000 0.000000
vt -0.876343 0.330903 0.000000
vt -0.876569 0.084934 0.000000
vt 0.000000 0.000000 0.000000
vt -0.876607 0.084543 0.000000
vt 0.000313 -0.238472 0.000000
vt 0.000000 0.000000 0.000000
vt -0.874130 0.325606 0.000000
vt -0.876352 0.094070 0.000000
vt 0.000000 0.000000 0.000000
vt -0.876589 0.091837 0.000000
vt -0.000236 -0.245968 0.000000
vt 0.000000 0.000000 0.000000
vt -0.874101 0.111558 0.000000
vt 0.000000 0.000000 0.000000
vt -0.874172 0.131402 0.000000
vt -0.866713 0.314040 0.000000
vt -0.875456 0.100369 0.000000
vt -0.875454 0.100135 0.000000
vt 0.000000 0.000000 0.000000
vt -0.002297 -0.231535 0.000000
vt 0.078493 0.028819 0.000000
vt 0.069454 0.219560 0.000000
vt 0.000000 0.000000 0.000000
vt -0.000933 0.210730 0.000000
vt -0.794018 -0.094585 0.000000
vt -0.794880 -0.075344 0.000000
vt -0.873417 -0.104043 0.000000
vt 0.081653 0.250239 0.000000
vt 0.002177 0.241453 0.000000
vt 0.083871 0.032355 0.000000
vt 0.000000 0.000000 0.000000
vt -0.790138 -0.081876 0.000000
vt -0.790366 -0.058254 0.000000
vt -0.874244 -0.090592 0.000000
vt 0.086788 0.270695 0.000000
vt 0.002678 0.262026 0.000000
vt 0.085909 0.034496 0.000000
vt 0.000000 0.000000 0.000000
vt -0.788432 -0.075284 0.000000
vt -0.788334 -0.048983 0.000000
vt -0.874243 -0.083478 0.000000
vt 0.088604 0.272851 0.000000
vt 0.002807 0.264508 0.000000
vt 0.086293 0.034394 0.000000
vt 0.000000 0.000000 0.000000
vt -0.788041 -0.070491 0.000000
vt -0.787780 -0.043818 0.000000
vt -0.874082 -0.078188 0.000000
vt 0.089146 0.265350 0.000000
vt 0.003127 0.257410 0.000000
vt 0.088023 0.172953 0.000000
vt 0.001958 0.161170 0.000000
vt -0.876828 0.296611 0.000000
vt -0.876563 0.071194 0.000000
vt 0.000000 0.000000 0.000000
vt -0.876918 0.323021 0.000000
vt -0.876582 0.077699 0.000000
vt 0.000000 0.000000 0.000000
vt -0.876585 0.077660 0.000000
vt 0.000266 -0.225417 0.000000
vt 0.000000 0.000000 0.000000
vt -0.876370 0.337759 0.000000
vt -0.876569 0.084923 0.000000
vt 0.000000 0.000000 0.000000
vt -0.876606 0.084545 0.000000
vt 0.000338 -0.245322 0.000000
vt 0.000000 0.000000 0.000000
vt -0.873305 0.331279 0.000000
vt -0.870860 0.093369 0.000000
vt 0.000000 0.000000 0.000000
vt -0.871085 0.091248 0.000000
vt -0.871076 0.089657 0.000000
vt 0.000000 0.000000 0.000000
vt -0.000209 -0.252836 0.000000
vt -0.876850 0.303083 0.000000
vt -0.876562 0.071195 0.000000
vt 0.000000 0.000000 0.000000
vt -0.876941 0.329873 0.000000
vt -0.876583 0.077700 0.000000
vt 0.000000 0.000000 0.000000
vt -0.876587 0.077661 0.000000
vt 0.000289 -0.231888 0.000000
vt 0.000000 0.000000 0.000000
vt -0.870884 0.342450 0.000000
vt -0.869367 0.084213 0.000000
vt 0.000000 0.000000 0.000000
vt -0.869402 0.083851 0.000000
vt -0.869397 0.081776 0.000000
vt 0.000000 0.000000 0.000000
vt 0.000359 -0.252173 0.000000
vt -0.869754 0.333954 0.000000
vt -0.869134 0.077040 0.000000
vt 0.000000 0.000000 0.000000
vt -0.008118 0.001068 0.000000
vt -0.007630 -0.182631 0.000000
vt 0.000000 0.000000 0.000000
vt 0.000264 -0.202261 0.000000
vt 0.000000 0.000000 0.000000
vt -0.156502 -0.181845 0.000000
vt -0.869135 0.074976 0.000000
vt -0.869137 0.077002 0.000000
vt -0.869221 0.149293 0.000000
vt -0.156813 0.056514 0.000000
vt -0.869444 0.313340 0.000000
vt -0.876611 0.107294 0.000000
vt -0.140129 0.011381 0.000000
vt -0.876874 0.309554 0.000000
vt 0.000000 0.000000 0.000000
vt -0.140129 0.011381 0.000000
vt 0.000008 -0.006868 0.000000
vt 0.000000 0.000000 0.000000
vt -0.876807 0.309133 0.000000
vt -0.846979 0.305249 0.000000
vt -0.876814 0.316002 0.000000
vt 0.000052 -0.049831 0.000000
vt 0.000000 0.000000 0.000000
vt -0.846726 0.060439 0.000000
vt -0.876562 0.071191 0.000000
vt -0.876741 0.259144 0.000000
vt -0.652528 0.229946 0.000000
vt -0.876793 0.308975 0.000000
vt 0.000090 -0.092792 0.000000
vt 0.000000 0.000000 0.000000
vt -0.652298 -0.007838 0.000000
vt -0.876563 0.071190 0.000000
vt -0.870190 0.208873 0.000000
vt -0.441542 0.153052 0.000000
vt -0.870280 0.301665 0.000000
vt 0.000119 -0.135237 0.000000
vt 0.000000 0.000000 0.000000
vt -0.441339 -0.077749 0.000000
vt -0.870078 0.070862 0.000000
vt -0.831216 0.157750 0.000000
vt -0.222747 0.078503 0.000000
vt -0.831332 0.292987 0.000000
vt 0.000136 -0.174589 0.000000
vt 0.000000 0.000000 0.000000
vt -0.222573 -0.145584 0.000000
vt -0.831159 0.068896 0.000000
vt -0.753335 0.108291 0.000000
vt -0.041406 0.015545 0.000000
vt -0.753461 0.282879 0.000000
vt -0.415771 0.035076 0.000000
vt 0.000013 -0.019115 0.000000
vt 0.000000 0.000000 0.000000
vt -0.493722 0.289638 0.000000
vt -0.455108 0.284601 0.000000
vt -0.493731 0.308753 0.000000
vt 0.000013 -0.036603 0.000000
vt 0.000000 0.000000 0.000000
vt -0.455018 0.022747 0.000000
vt -0.493641 0.046899 0.000000
vt -0.374997 0.258869 0.000000
vt -0.319319 0.251602 0.000000
vt -0.374996 0.295473 0.000000
vt -0.000001 -0.047239 0.000000
vt 0.000000 0.000000 0.000000
vt -0.319327 -0.005561 0.000000
vt -0.375006 0.038308 0.000000
vt -0.293842 0.233527 0.000000
vt -0.236579 0.226069 0.000000
vt -0.293819 0.280766 0.000000
vt -0.000013 -0.057607 0.000000
vt 0.000000 0.000000 0.000000
vt -0.236641 -0.026783 0.000000
vt -0.293882 0.027912 0.000000
vt -0.251193 0.206542 0.000000
vt -0.188727 0.198488 0.000000
vt -0.251158 0.264149 0.000000
vt -0.000006 -0.074292 0.000000
vt 0.000000 0.000000 0.000000
vt -0.188750 -0.049946 0.000000
vt -0.251182 0.015714 0.000000
vt -0.239454 0.172316 0.000000
vt -0.157214 0.161918 0.000000
vt -0.239443 0.246608 0.000000
vt -0.096077 -0.089388 0.000000
vt -0.096134 0.001212 0.000000
vt -0.157060 -0.081672 0.000000
vt -0.239289 0.003018 0.000000
vt -0.096210 0.080548 0.000000
vt -0.239289 0.003018 0.000000
vt -0.239477 0.200492 0.000000
vt -0.095917 -0.113079 0.000000
vt -0.096095 0.002759 0.000000
vt -0.239183 0.006867 0.000000
vt -0.096095 0.002759 0.000000
vt -0.096126 0.075811 0.000000
vt -0.239183 0.006867 0.000000
vt -0.239260 0.188695 0.000000
vt -0.095935 -0.102474 0.000000
vt -0.096050 0.004183 0.000000
vt -0.239068 0.010412 0.000000
vt -0.096050 0.004184 0.000000
vt -0.095719 0.081509 0.000000
vt -0.239068 0.010413 0.000000
vt -0.237994 0.202662 0.000000
vt -0.096506 -0.106949 0.000000
vt -0.096162 0.005717 0.000000
vt -0.238789 0.014197 0.000000
vt -0.096160 0.005740 0.000000
vt -0.094409 0.083805 0.000000
vt -0.238785 0.014253 0.000000
vt -0.232720 0.206580 0.000000
vt -0.099569 -0.104429 0.000000
vt -0.097415 0.007469 0.000000
vt -0.237971 0.018245 0.000000
vt -0.097398 0.007681 0.000000
vt -0.092778 0.081330 0.000000
vt -0.237931 0.018763 0.000000
vt -0.222125 0.194716 0.000000
vt -0.106513 -0.090160 0.000000
vt -0.101099 0.009720 0.000000
vt -0.236302 0.022720 0.000000
vt 0.094668 0.036790 0.000000
vt 0.117368 -0.028403 0.000000
vt 0.221271 0.085990 0.000000
vt 0.263660 -0.063804 0.000000
vt 0.077386 0.113367 0.000000
vt 0.103986 0.035449 0.000000
vt 0.223213 0.076094 0.000000
vt -0.842417 -0.111766 0.000000
vt -0.840630 -0.096852 0.000000
vt -0.913050 -0.105196 0.000000
vt 0.056504 -0.005212 0.000000
vt 0.000000 0.000000 0.000000
vt 0.036026 -0.176686 0.000000
vt -0.036404 -0.184940 0.000000
vt -0.846003 -0.119600 0.000000
vt -0.845544 -0.108211 0.000000
vt -0.902600 -0.115513 0.000000
vt 0.039480 -0.002849 0.000000
vt 0.000000 0.000000 0.000000
vt 0.032759 -0.171439 0.000000
vt -0.024298 -0.178730 0.000000
vt -0.853353 -0.117447 0.000000
vt -0.853474 -0.109631 0.000000
vt -0.892840 -0.114688 0.000000
vt 0.022360 -0.001561 0.000000
vt 0.000000 0.000000 0.000000
vt 0.024857 -0.170847 0.000000
vt -0.014509 -0.175899 0.000000
vt -0.861903 -0.108344 0.000000
vt -0.862085 -0.103784 0.000000
vt -0.884238 -0.106451 0.000000
vt 0.008159 -0.000684 0.000000
vt 0.000000 0.000000 0.000000
vt 0.014840 -0.176341 0.000000
vt -0.007316 -0.178984 0.000000
vt 0.172146 0.181871 0.000000
vt 0.173736 0.141139 0.000000
vt 0.233115 0.189377 0.000000
vt 0.156682 0.003666 0.000000
vt 0.153725 -0.042903 0.000000
vt 0.232334 0.005435 0.000000
vt -0.097477 -0.165136 0.000000
vt -0.021819 -0.163694 0.000000
vt -0.094526 -0.062525 0.000000
vt 0.000000 0.000000 0.000000
vt 0.139991 0.010736 0.000000
vt 0.138474 -0.044997 0.000000
vt 0.232786 0.017852 0.000000
vt -0.108114 -0.166841 0.000000
vt -0.015301 -0.159966 0.000000
vt -0.109139 -0.077945 0.000000
vt 0.000000 0.000000 0.000000
vt 0.122636 0.016072 0.000000
vt 0.123426 -0.047503 0.000000
vt 0.232541 0.030475 0.000000
vt -0.110046 -0.168032 0.000000
vt -0.000412 -0.151692 0.000000
vt -0.116875 -0.093682 0.000000
vt 0.000000 0.000000 0.000000
vt 0.107542 0.022460 0.000000
vt 0.115128 -0.046894 0.000000
vt 0.230846 0.048213 0.000000
vn 0.801285 -0.589400 0.102713
vn 0.801285 -0.589400 0.102713
vn 0.801285 -0.589400 0.102713
vn 0.801285 -0.589400 0.102713
vn 0.179250 -0.981451 0.067997
vn 0.179250 -0.981451 0.067997
vn 0.179250 -0.981451 0.067997
vn 0.485191 -0.869661 0.090993
vn 0.485191 -0.869661 0.090993
vn 0.485191 -0.869661 0.090993
vn 0.485191 -0.869661 0.090993
vn -0.017576 -0.998285 0.055833
vn -0.017576 -0.998285 0.055833
vn -0.017576 -0.998285 0.055833
vn 0.181755 -0.980839 0.070139
vn 0.181755 -0.980839 0.070139
vn 0.181755 -0.980839 0.070139
vn 0.181755 -0.980839 0.070139
vn -0.160922 -0.986430 0.032566
vn -0.160922 -0.986430 0.032566
vn -0.160922 -0.986430 0.032566
vn -0.034657 -0.998575 0.040583
vn -0.034657 -0.998575 0.040583
vn -0.034657 -0.998575 0.040583
vn -0.034657 -0.998575 0.040583
vn -0.270800 -0.962631 -0.002967
vn -0.270800 -0.962631 -0.002967
vn -0.270800 -0.962631 -0.002967
vn -0.196531 -0.980498 0.000389
vn -0.196531 -0.980498 0.000389
vn -0.196531 -0.980498 0.000389
vn -0.196531 -0.980498 0.000389
vn -0.296862 -0.953708 -0.048099
vn -0.296862 -0.953708 -0.048099
vn -0.296862 -0.953708 -0.048099
vn -0.321986 -0.945504 -0.048453
vn -0.321986 -0.945504 -0.048453
vn -0.321986 -0.945504 -0.048453
vn -0.321986 -0.945504 -0.048453
vn -0.241193 -0.965139 -0.101652
vn -0.241193 -0.965139 -0.101652
vn -0.241193 -0.965139 -0.101652
vn -0.241193 -0.965139 -0.101652
vn -0.350543 -0.931258 -0.099390
vn -0.350543 -0.931258 -0.099390
vn -0.350543 -0.931258 -0.099390
vn -0.350543 -0.931258 -0.099390
vn -0.286505 -0.945794 -0.152934
vn -0.286505 -0.945794 -0.152934
vn -0.286505 -0.945794 -0.152934
vn 0.860520 0.479565 0.171823
vn 0.860520 0.479565 0.171823
vn 0.860520 0.479565 0.171823
vn 0.540351 0.825371 0.163660
vn 0.540351 0.825371 0.163660
vn 0.540351 0.825371 0.163660
vn 0.868677 0.467641 0.163437
vn 0.868677 0.467641 0.163437
vn 0.868677 0.467641 0.163437
vn 0.984132 0.092702 0.151294
vn 0.984132 0.092702 0.151294
vn 0.984132 0.092702 0.151294
vn 0.984467 0.090973 0.150160
vn 0.984467 0.090973 0.150160
vn 0.984467 0.090973 0.150160
vn 0.958856 -0.251752 0.131209
vn 0.958856 -0.251752 0.131209
vn 0.958856 -0.251752 0.131209
vn 0.960375 -0.242327 0.137685
vn 0.960375 -0.242327 0.137685
vn 0.960375 -0.242327 0.137685
vn 0.801030 -0.588404 0.110143
vn 0.801030 -0.588404 0.110143
vn 0.801030 -0.588404 0.110143
vn 0.485123 -0.870826 0.079482
vn 0.485123 -0.870826 0.079482
vn 0.485123 -0.870826 0.079482
vn 0.809165 -0.574964 0.121110
vn 0.809165 -0.574964 0.121110
vn 0.809165 -0.574964 0.121110
vn 0.181472 -0.982121 0.050066
vn 0.181472 -0.982121 0.050066
vn 0.181472 -0.982121 0.050066
vn 0.494345 -0.864824 0.087760
vn 0.494345 -0.864824 0.087760
vn 0.494345 -0.864824 0.087760
vn -0.034815 -0.999094 0.024477
vn -0.034815 -0.999094 0.024477
vn -0.034815 -0.999094 0.024477
vn 0.180744 -0.982287 0.049439
vn 0.180744 -0.982287 0.049439
vn 0.180744 -0.982287 0.049439
vn -0.196533 -0.980495 -0.002127
vn -0.196533 -0.980495 -0.002127
vn -0.196533 -0.980495 -0.002127
vn -0.046673 -0.998814 0.013834
vn -0.046673 -0.998814 0.013834
vn -0.046673 -0.998814 0.013834
vn -0.322205 -0.946148 -0.031434
vn -0.322205 -0.946148 -0.031434
vn -0.322205 -0.946148 -0.031434
vn -0.218288 -0.975634 -0.022106
vn -0.218288 -0.975634 -0.022106
vn -0.218288 -0.975634 -0.022106
vn -0.351679 -0.934278 -0.058709
vn -0.351679 -0.934278 -0.058709
vn -0.351679 -0.934278 -0.058709
vn -0.351783 -0.934238 -0.058715
vn -0.351783 -0.934238 -0.058715
vn -0.351783 -0.934238 -0.058715
vn -0.288843 -0.953512 -0.085932
vn -0.288843 -0.953512 -0.085932
vn -0.288843 -0.953512 -0.085932
vn -0.382444 -0.919638 -0.089453
vn -0.382444 -0.919638 -0.089453
vn -0.382444 -0.919638 -0.089453
vn -0.382444 -0.919638 -0.089453
vn 0.553327 0.814302 0.175332
vn 0.553327 0.814302 0.175332
vn 0.553327 0.814302 0.175332
vn 0.252575 0.955257 0.153916
vn 0.252575 0.955257 0.153916
vn 0.252575 0.955257 0.153916
vn 0.870297 0.467604 0.154691
vn 0.870297 0.467604 0.154691
vn 0.870297 0.467604 0.154691
vn 0.560837 0.819479 0.117967
vn 0.560837 0.819479 0.117967
vn 0.560837 0.819479 0.117967
vn 0.872086 0.464769 0.153149
vn 0.872086 0.464769 0.153149
vn 0.872086 0.464769 0.153149
vn 0.982330 0.092105 0.162926
vn 0.982330 0.092105 0.162926
vn 0.982330 0.092105 0.162926
vn 0.982236 0.092616 0.163202
vn 0.982236 0.092616 0.163202
vn 0.982236 0.092616 0.163202
vn 0.958100 -0.239776 0.156687
vn 0.958100 -0.239776 0.156687
vn 0.958100 -0.239776 0.156687
vn 0.958556 -0.236775 0.158453
vn 0.958556 -0.236775 0.158453
vn 0.958556 -0.236775 0.158453
vn 0.808329 -0.572826 0.135923
vn 0.808329 -0.572826 0.135923
vn 0.808329 -0.572826 0.135923
vn 0.494351 -0.864287 0.092872
vn 0.494351 -0.864287 0.092872
vn 0.494351 -0.864287 0.092872
vn 0.810116 -0.569769 0.138115
vn 0.810116 -0.569769 0.138115
vn 0.810116 -0.569769 0.138115
vn 0.180731 -0.982329 0.048650
vn 0.180731 -0.982329 0.048650
vn 0.180731 -0.982329 0.048650
vn 0.495020 -0.863845 0.093419
vn 0.495020 -0.863845 0.093419
vn 0.495020 -0.863845 0.093419
vn -0.046663 -0.998799 0.014951
vn -0.046663 -0.998799 0.014951
vn -0.046663 -0.998799 0.014951
vn 0.177408 -0.983059 0.046059
vn 0.177408 -0.983059 0.046059
vn 0.177408 -0.983059 0.046059
vn -0.218313 -0.975799 -0.012460
vn -0.218313 -0.975799 -0.012460
vn -0.218313 -0.975799 -0.012460
vn -0.053845 -0.998508 0.009110
vn -0.053845 -0.998508 0.009110
vn -0.053845 -0.998508 0.009110
vn -0.352162 -0.935245 -0.036040
vn -0.352162 -0.935245 -0.036040
vn -0.352162 -0.935245 -0.036040
vn -0.228911 -0.973214 -0.021332
vn -0.228911 -0.973214 -0.021332
vn -0.228911 -0.973214 -0.021332
vn -0.383518 -0.922221 -0.049214
vn -0.383518 -0.922221 -0.049214
vn -0.383518 -0.922221 -0.049214
vn -0.383518 -0.922221 -0.049214
vn -0.365445 -0.929628 -0.047349
vn -0.365445 -0.929628 -0.047349
vn -0.365445 -0.929628 -0.047349
vn -0.397234 -0.915628 -0.061897
vn -0.397234 -0.915628 -0.061897
vn -0.397234 -0.915628 -0.061897
vn 0.263565 0.950712 0.163340
vn 0.263565 0.950712 0.163340
vn 0.263565 0.950712 0.163340
vn 0.092256 0.984698 0.147846
vn 0.092256 0.984698 0.147846
vn 0.092256 0.984698 0.147846
vn 0.565297 0.815846 0.121798
vn 0.565297 0.815846 0.121798
vn 0.565297 0.815846 0.121798
vn 0.268229 0.959730 0.083499
vn 0.268229 0.959730 0.083499
vn 0.268229 0.959730 0.083499
vn 0.875986 0.464510 0.129922
vn 0.875986 0.464510 0.129922
vn 0.875986 0.464510 0.129922
vn 0.569908 0.818113 0.076787
vn 0.569908 0.818113 0.076787
vn 0.569908 0.818113 0.076787
vn 0.873899 0.468048 0.131266
vn 0.873899 0.468048 0.131266
vn 0.873899 0.468048 0.131266
vn 0.983449 0.092006 0.156086
vn 0.983449 0.092006 0.156086
vn 0.983449 0.092006 0.156086
vn 0.983102 0.094193 0.156963
vn 0.983102 0.094193 0.156963
vn 0.983102 0.094193 0.156963
vn 0.958251 -0.236466 0.160748
vn 0.958251 -0.236466 0.160748
vn 0.958251 -0.236466 0.160748
vn 0.958081 -0.237460 0.160293
vn 0.958081 -0.237460 0.160293
vn 0.958081 -0.237460 0.160293
vn 0.809603 -0.568648 0.145542
vn 0.809603 -0.568648 0.145542
vn 0.809603 -0.568648 0.145542
vn 0.494984 -0.862752 0.103198
vn 0.494984 -0.862752 0.103198
vn 0.494984 -0.862752 0.103198
vn 0.807282 -0.572503 0.143306
vn 0.807282 -0.572503 0.143306
vn 0.807282 -0.572503 0.143306
vn 0.177568 -0.982476 0.056661
vn 0.177568 -0.982476 0.056661
vn 0.177568 -0.982476 0.056661
vn 0.489804 -0.866110 0.099727
vn 0.489804 -0.866110 0.099727
vn 0.489804 -0.866110 0.099727
vn -0.053726 -0.998313 0.022010
vn -0.053726 -0.998313 0.022010
vn -0.053726 -0.998313 0.022010
vn 0.172497 -0.983563 0.053376
vn 0.172497 -0.983563 0.053376
vn 0.172497 -0.983563 0.053376
vn -0.228941 -0.973433 -0.003722
vn -0.228941 -0.973433 -0.003722
vn -0.228941 -0.973433 -0.003722
vn -0.057633 -0.998150 0.019364
vn -0.057633 -0.998150 0.019364
vn -0.057633 -0.998150 0.019364
vn -0.365759 -0.930425 -0.023030
vn -0.365759 -0.930425 -0.023030
vn -0.365759 -0.930425 -0.023030
vn -0.231982 -0.972703 -0.005847
vn -0.231982 -0.972703 -0.005847
vn -0.231982 -0.972703 -0.005847
vn -0.397836 -0.917017 -0.028407
vn -0.397836 -0.917017 -0.028407
vn -0.397836 -0.917017 -0.028407
vn -0.397836 -0.917017 -0.028407
vn -0.368358 -0.929351 -0.024886
vn -0.368358 -0.929351 -0.024886
vn -0.368358 -0.929351 -0.024886
vn -0.400327 -0.915870 -0.030336
vn -0.400327 -0.915870 -0.030336
vn -0.400327 -0.915870 -0.030336
vn 0.099101 0.983108 0.153872
vn 0.099101 0.983108 0.153872
vn 0.099101 0.983108 0.153872
vn 0.017600 0.989091 0.146252
vn 0.017600 0.989091 0.146252
vn 0.017600 0.989091 0.146252
vn 0.273308 0.957934 0.087554
vn 0.273308 0.957934 0.087554
vn 0.273308 0.957934 0.087554
vn 0.100860 0.992766 0.065141
vn 0.100860 0.992766 0.065141
vn 0.100860 0.992766 0.065141
vn 0.568106 0.819489 0.075463
vn 0.568106 0.819489 0.075463
vn 0.568106 0.819489 0.075463
vn 0.275629 0.960791 0.030159
vn 0.275629 0.960791 0.030159
vn 0.275629 0.960791 0.030159
vn 0.877625 0.467526 0.105801
vn 0.877625 0.467526 0.105801
vn 0.877625 0.467526 0.105801
vn 0.570419 0.820050 0.046256
vn 0.570419 0.820050 0.046256
vn 0.570419 0.820050 0.046256
vn 0.873230 0.475251 0.107735
vn 0.873230 0.475251 0.107735
vn 0.873230 0.475251 0.107735
vn 0.985596 0.092862 0.141343
vn 0.985596 0.092862 0.141343
vn 0.985596 0.092862 0.141343
vn 0.985124 0.096317 0.142315
vn 0.985124 0.096317 0.142315
vn 0.985124 0.096317 0.142315
vn 0.958964 -0.238364 0.153528
vn 0.958964 -0.238364 0.153528
vn 0.958964 -0.238364 0.153528
vn 0.958323 -0.241630 0.152422
vn 0.958323 -0.241630 0.152422
vn 0.958323 -0.241630 0.152422
vn 0.807153 -0.572227 0.145120
vn 0.807153 -0.572227 0.145120
vn 0.807153 -0.572227 0.145120
vn 0.489737 -0.864961 0.109542
vn 0.489737 -0.864961 0.109542
vn 0.489737 -0.864961 0.109542
vn 0.802166 -0.580074 0.141578
vn 0.802166 -0.580074 0.141578
vn 0.802166 -0.580074 0.141578
vn 0.172686 -0.982657 0.067565
vn 0.172686 -0.982657 0.067565
vn 0.172686 -0.982657 0.067565
vn 0.481049 -0.870385 0.104980
vn 0.481049 -0.870385 0.104980
vn 0.481049 -0.870385 0.104980
vn -0.057469 -0.997698 0.035989
vn -0.057469 -0.997698 0.035989
vn -0.057469 -0.997698 0.035989
vn 0.166694 -0.983900 0.064453
vn 0.166694 -0.983900 0.064453
vn 0.166694 -0.983900 0.064453
vn -0.231945 -0.972642 0.013024
vn -0.231945 -0.972642 0.013024
vn -0.231945 -0.972642 0.013024
vn -0.059378 -0.997624 0.034946
vn -0.059378 -0.997624 0.034946
vn -0.059378 -0.997624 0.034946
vn -0.368470 -0.929633 -0.003453
vn -0.368470 -0.929633 -0.003453
vn -0.368470 -0.929633 -0.003453
vn -0.230596 -0.972952 0.013785
vn -0.230596 -0.972952 0.013785
vn -0.230596 -0.972952 0.013785
vn -0.400505 -0.916277 -0.005704
vn -0.400505 -0.916277 -0.005704
vn -0.400505 -0.916277 -0.005704
vn -0.400505 -0.916277 -0.005704
vn -0.364970 -0.931018 -0.001430
vn -0.364970 -0.931018 -0.001430
vn -0.364970 -0.931018 -0.001430
vn -0.396582 -0.917994 -0.003257
vn -0.396582 -0.917994 -0.003257
vn -0.396582 -0.917994 -0.003257
vn 0.021779 0.988470 0.149845
vn 0.021779 0.988470 0.149845
vn 0.021779 0.988470 0.149845
vn -0.001687 0.989015 0.147804
vn -0.001687 0.989015 0.147804
vn -0.001687 0.989015 0.147804
vn 0.105164 0.992083 0.068638
vn 0.105164 0.992083 0.068638
vn 0.105164 0.992083 0.068638
vn 0.022106 0.998057 0.058260
vn 0.022106 0.998057 0.058260
vn 0.022106 0.998057 0.058260
vn 0.276223 0.960607 0.030560
vn 0.276223 0.960607 0.030560
vn 0.276223 0.960607 0.030560
vn 0.105941 0.994352 0.006332
vn 0.105941 0.994352 0.006332
vn 0.105941 0.994352 0.006332
vn 0.564363 0.824427 0.042603
vn 0.564363 0.824427 0.042603
vn 0.564363 0.824427 0.042603
vn 0.277140 0.960826 -0.002705
vn 0.277140 0.960826 -0.002705
vn 0.277140 0.960826 -0.002705
vn 0.875867 0.474652 0.086960
vn 0.875867 0.474652 0.086960
vn 0.875867 0.474652 0.086960
vn 0.565397 0.824401 0.026255
vn 0.565397 0.824401 0.026255
vn 0.565397 0.824401 0.026255
vn 0.870178 0.484706 0.088609
vn 0.870178 0.484706 0.088609
vn 0.870178 0.484706 0.088609
vn 0.987350 0.095000 0.126945
vn 0.987350 0.095000 0.126945
vn 0.987350 0.095000 0.126945
vn 0.986813 0.099337 0.127797
vn 0.986813 0.099337 0.127797
vn 0.986813 0.099337 0.127797
vn 0.959348 -0.242740 0.143973
vn 0.959348 -0.242740 0.143973
vn 0.959348 -0.242740 0.143973
vn 0.958426 -0.246971 0.142912
vn 0.958426 -0.246971 0.142912
vn 0.958426 -0.246971 0.142912
vn 0.802185 -0.580118 0.141286
vn 0.802185 -0.580118 0.141286
vn 0.802185 -0.580118 0.141286
vn 0.480983 -0.869425 0.112942
vn 0.480983 -0.869425 0.112942
vn 0.480983 -0.869425 0.112942
vn 0.795779 -0.589678 0.137900
vn 0.795779 -0.589678 0.137900
vn 0.795779 -0.589678 0.137900
vn 0.166839 -0.982978 0.076934
vn 0.166839 -0.982978 0.076934
vn 0.166839 -0.982978 0.076934
vn 0.470766 -0.875538 0.108687
vn 0.470766 -0.875538 0.108687
vn 0.470766 -0.875538 0.108687
vn -0.059226 -0.997028 0.049268
vn -0.059226 -0.997028 0.049268
vn -0.059226 -0.997028 0.049268
vn 0.160636 -0.984212 0.074310
vn 0.160636 -0.984212 0.074310
vn 0.160636 -0.984212 0.074310
vn -0.230505 -0.972641 0.028939
vn -0.230505 -0.972641 0.028939
vn -0.230505 -0.972641 0.028939
vn -0.060164 -0.996993 0.048847
vn -0.060164 -0.996993 0.048847
vn -0.060164 -0.996993 0.048847
vn -0.364934 -0.930925 0.014231
vn -0.364934 -0.930925 0.014231
vn -0.364934 -0.930925 0.014231
vn -0.227339 -0.973341 0.030409
vn -0.227339 -0.973341 0.030409
vn -0.227339 -0.973341 0.030409
vn -0.396552 -0.917924 0.012721
vn -0.396552 -0.917924 0.012721
vn -0.396552 -0.917924 0.012721
vn -0.396552 -0.917924 0.012721
vn -0.359045 -0.933165 0.017030
vn -0.359045 -0.933165 0.017030
vn -0.359045 -0.933165 0.017030
vn -0.390138 -0.920617 0.015996
vn -0.390138 -0.920617 0.015996
vn -0.390138 -0.920617 0.015996
vn 0.001362 0.988646 0.150258
vn 0.001362 0.988646 0.150258
vn 0.001362 0.988646 0.150258
vn -0.003881 0.988700 0.149860
vn -0.003881 0.988700 0.149860
vn -0.003881 0.988700 0.149860
vn 0.025715 0.997799 0.061125
vn 0.025715 0.997799 0.061125
vn 0.025715 0.997799 0.061125
vn 0.001378 0.998299 0.058293
vn 0.001378 0.998299 0.058293
vn 0.001378 0.998299 0.058293
vn 0.108211 0.994097 0.007875
vn 0.108211 0.994097 0.007875
vn 0.108211 0.994097 0.007875
vn 0.025841 0.999662 -0.002941
vn 0.025841 0.999662 -0.002941
vn 0.025841 0.999662 -0.002941
vn 0.274682 0.961526 -0.004056
vn 0.274682 0.961526 -0.004056
vn 0.274682 0.961526 -0.004056
vn 0.108464 0.993735 -0.026936
vn 0.108464 0.993735 -0.026936
vn 0.108464 0.993735 -0.026936
vn 0.556960 0.830247 0.022019
vn 0.556960 0.830247 0.022019
vn 0.556960 0.830247 0.022019
vn 0.275011 0.961220 -0.020610
vn 0.275011 0.961220 -0.020610
vn 0.275011 0.961220 -0.020610
vn 0.871616 0.484273 0.075934
vn 0.871616 0.484273 0.075934
vn 0.871616 0.484273 0.075934
vn 0.557337 0.830152 0.014967
vn 0.557337 0.830152 0.014967
vn 0.557337 0.830152 0.014967
vn 0.865031 0.495730 0.077291
vn 0.865031 0.495730 0.077291
vn 0.865031 0.495730 0.077291
vn 0.988042 0.098544 0.118582
vn 0.988042 0.098544 0.118582
vn 0.988042 0.098544 0.118582
vn 0.987443 0.103521 0.119330
vn 0.987443 0.103521 0.119330
vn 0.987443 0.103521 0.119330
vn 0.958930 -0.247549 0.138466
vn 0.958930 -0.247549 0.138466
vn 0.958930 -0.247549 0.138466
vn 0.957821 -0.252337 0.137494
vn 0.957821 -0.252337 0.137494
vn 0.957821 -0.252337 0.137494
vn 0.795719 -0.589538 0.138837
vn 0.795719 -0.589538 0.138837
vn 0.795719 -0.589538 0.138837
vn 0.470715 -0.874845 0.114337
vn 0.470715 -0.874845 0.114337
vn 0.470715 -0.874845 0.114337
vn 0.788408 -0.600006 0.135668
vn 0.788408 -0.600006 0.135668
vn 0.788408 -0.600006 0.135668
vn 0.160714 -0.983597 0.081902
vn 0.160714 -0.983597 0.081902
vn 0.160714 -0.983597 0.081902
vn 0.459757 -0.881156 0.110398
vn 0.459757 -0.881156 0.110398
vn 0.459757 -0.881156 0.110398
vn -0.060077 -0.996579 0.056753
vn -0.060077 -0.996579 0.056753
vn -0.060077 -0.996579 0.056753
vn 0.154568 -0.984770 0.079610
vn 0.154568 -0.984770 0.079610
vn 0.154568 -0.984770 0.079610
vn -0.227270 -0.973085 0.038122
vn -0.227270 -0.973085 0.038122
vn -0.227270 -0.973085 0.038122
vn -0.060432 -0.996566 0.056611
vn -0.060432 -0.996566 0.056611
vn -0.060432 -0.996566 0.056611
vn -0.358990 -0.933020 0.024494
vn -0.358990 -0.933020 0.024494
vn -0.358990 -0.933020 0.024494
vn -0.223176 -0.973965 0.039810
vn -0.223176 -0.973965 0.039810
vn -0.223176 -0.973965 0.039810
vn -0.351961 -0.935612 0.027458
vn -0.351961 -0.935612 0.027458
vn -0.351961 -0.935612 0.027458
vn -0.390083 -0.920487 0.023229
vn -0.390083 -0.920487 0.023229
vn -0.390083 -0.920487 0.023229
vn -0.390083 -0.920487 0.023229
vn -0.382477 -0.923580 0.026662
vn -0.382477 -0.923580 0.026662
vn -0.382477 -0.923580 0.026662
vn -0.001027 0.988335 0.152294
vn -0.001027 0.988335 0.152294
vn -0.001027 0.988335 0.152294
vn 0.004591 0.998146 0.060689
vn 0.004591 0.998146 0.060689
vn 0.004591 0.998146 0.060689
vn -0.001037 0.998192 0.060091
vn -0.001037 0.998192 0.060091
vn -0.001037 0.998192 0.060091
vn 0.028818 0.999584 -0.000968
vn 0.028818 0.999584 -0.000968
vn 0.028818 0.999584 -0.000968
vn 0.004598 0.999982 -0.003906
vn 0.004598 0.999982 -0.003906
vn 0.004598 0.999982 -0.003906
vn 0.109210 0.993665 -0.026527
vn 0.109210 0.993665 -0.026527
vn 0.109210 0.993665 -0.026527
vn 0.028842 0.998919 -0.036455
vn 0.028842 0.998919 -0.036455
vn 0.028842 0.998919 -0.036455
vn 0.270821 0.962366 -0.022518
vn 0.270821 0.962366 -0.022518
vn 0.270821 0.962366 -0.022518
vn 0.109283 0.993072 -0.043179
vn 0.109283 0.993072 -0.043179
vn 0.109283 0.993072 -0.043179
vn 0.547481 0.836751 0.010549
vn 0.547481 0.836751 0.010549
vn 0.547481 0.836751 0.010549
vn 0.270937 0.962132 -0.029914
vn 0.270937 0.962132 -0.029914
vn 0.270937 0.962132 -0.029914
vn 0.865862 0.495443 0.069419
vn 0.865862 0.495443 0.069419
vn 0.865862 0.495443 0.069419
vn 0.547589 0.836706 0.008298
vn 0.547589 0.836706 0.008298
vn 0.547589 0.836706 0.008298
vn 0.858645 0.507687 0.070591
vn 0.858645 0.507687 0.070591
vn 0.858645 0.507687 0.070591
vn 0.988112 0.103069 0.114067
vn 0.988112 0.103069 0.114067
vn 0.988112 0.103069 0.114067
vn 0.987455 0.108466 0.114749
vn 0.987455 0.108466 0.114749
vn 0.987455 0.108466 0.114749
vn 0.958009 -0.252561 0.135767
vn 0.958009 -0.252561 0.135767
vn 0.958009 -0.252561 0.135767
vn 0.788295 -0.599730 0.137533
vn 0.788295 -0.599730 0.137533
vn 0.788295 -0.599730 0.137533
vn 0.956762 -0.257727 0.134843
vn 0.956762 -0.257727 0.134843
vn 0.956762 -0.257727 0.134843
vn 0.780402 -0.610645 0.134486
vn 0.780402 -0.610645 0.134486
vn 0.780402 -0.610645 0.134486
vn 0.459720 -0.880631 0.114660
vn 0.459720 -0.880631 0.114660
vn 0.459720 -0.880631 0.114660
vn 0.154612 -0.984383 0.084175
vn 0.154612 -0.984383 0.084175
vn 0.154612 -0.984383 0.084175
vn 0.448475 -0.886886 0.110920
vn 0.448475 -0.886886 0.110920
vn 0.448475 -0.886886 0.110920
vn -0.060387 -0.996334 0.060591
vn -0.060387 -0.996334 0.060591
vn -0.060387 -0.996334 0.060591
vn 0.148635 -0.985480 0.082081
vn 0.148635 -0.985480 0.082081
vn 0.148635 -0.985480 0.082081
vn -0.223142 -0.973834 0.043078
vn -0.223142 -0.973834 0.043078
vn -0.223142 -0.973834 0.043078
vn -0.060373 -0.996335 0.060596
vn -0.060373 -0.996335 0.060596
vn -0.060373 -0.996335 0.060596
vn -0.351934 -0.935538 0.030178
vn -0.351934 -0.935538 0.030178
vn -0.351934 -0.935538 0.030178
vn -0.218577 -0.974788 0.044851
vn -0.218577 -0.974788 0.044851
vn -0.218577 -0.974788 0.044851
vn -0.344339 -0.938259 0.033190
vn -0.344339 -0.938259 0.033190
vn -0.344339 -0.938259 0.033190
vn -0.382452 -0.923519 0.029053
vn -0.382452 -0.923519 0.029053
vn -0.382452 -0.923519 0.029053
vn -0.382452 -0.923519 0.029053
vn -0.374257 -0.926755 0.032523
vn -0.374257 -0.926755 0.032523
vn -0.374257 -0.926755 0.032523
vn 0.002079 0.998040 0.062550
vn 0.002079 0.998040 0.062550
vn 0.002079 0.998040 0.062550
vn 0.007684 0.999969 -0.001983
vn 0.007684 0.999969 -0.001983
vn 0.007684 0.999969 -0.001983
vn 0.002083 0.999994 -0.002611
vn 0.002083 0.999994 -0.002611
vn 0.002083 0.999994 -0.002611
vn 0.031153 0.998894 -0.035225
vn 0.031153 0.998894 -0.035225
vn 0.031153 0.998894 -0.035225
vn 0.007678 0.999253 -0.037873
vn 0.007678 0.999253 -0.037873
vn 0.007678 0.999253 -0.037873
vn 0.108985 0.993099 -0.043313
vn 0.108985 0.993099 -0.043313
vn 0.108985 0.993099 -0.043313
vn 0.031150 0.998157 -0.052072
vn 0.031150 0.998157 -0.052072
vn 0.031150 0.998157 -0.052072
vn 0.265721 0.963518 -0.032034
vn 0.265721 0.963518 -0.032034
vn 0.265721 0.963518 -0.032034
vn 0.109007 0.992725 -0.051128
vn 0.109007 0.992725 -0.051128
vn 0.109007 0.992725 -0.051128
vn 0.536989 0.843581 0.003829
vn 0.536989 0.843581 0.003829
vn 0.536989 0.843581 0.003829
vn 0.265760 0.963401 -0.035057
vn 0.265760 0.963401 -0.035057
vn 0.265760 0.963401 -0.035057
vn 0.859150 0.507502 0.065591
vn 0.859150 0.507502 0.065591
vn 0.859150 0.507502 0.065591
vn 0.536964 0.843594 0.004386
vn 0.536964 0.843594 0.004386
vn 0.536964 0.843594 0.004386
vn 0.987816 0.108217 0.111840
vn 0.987816 0.108217 0.111840
vn 0.987816 0.108217 0.111840
vn 0.851601 0.519934 0.066668
vn 0.851601 0.519934 0.066668
vn 0.851601 0.519934 0.066668
vn 0.987113 0.113818 0.112488
vn 0.987113 0.113818 0.112488
vn 0.987113 0.113818 0.112488
vn 0.956776 -0.257743 0.134719
vn 0.956776 -0.257743 0.134719
vn 0.956776 -0.257743 0.134719
vn 0.955451 -0.263071 0.133819
vn 0.955451 -0.263071 0.133819
vn 0.955451 -0.263071 0.133819
vn 0.780263 -0.610295 0.136858
vn 0.780263 -0.610295 0.136858
vn 0.780263 -0.610295 0.136858
vn 0.448447 -0.886470 0.114306
vn 0.448447 -0.886470 0.114306
vn 0.448447 -0.886470 0.114306
vn 0.772083 -0.621263 0.133866
vn 0.772083 -0.621263 0.133866
vn 0.772083 -0.621263 0.133866
vn 0.148661 -0.985242 0.084841
vn 0.148661 -0.985242 0.084841
vn 0.148661 -0.985242 0.084841
vn 0.437291 -0.892481 0.110695
vn 0.437291 -0.892481 0.110695
vn 0.437291 -0.892481 0.110695
vn -0.060354 -0.996233 0.062273
vn -0.060354 -0.996233 0.062273
vn -0.060354 -0.996233 0.062273
vn 0.142950 -0.986254 0.082875
vn 0.142950 -0.986254 0.082875
vn 0.142950 -0.986254 0.082875
vn -0.060176 -0.996239 0.062339
vn -0.060176 -0.996239 0.062339
vn -0.060176 -0.996239 0.062339
vn -0.218570 -0.974759 0.045529
vn -0.218570 -0.974759 0.045529
vn -0.218570 -0.974759 0.045529
vn -0.213921 -0.975705 0.047303
vn -0.213921 -0.975705 0.047303
vn -0.213921 -0.975705 0.047303
vn -0.344339 -0.938260 0.033147
vn -0.344339 -0.938260 0.033147
vn -0.344339 -0.938260 0.033147
vn -0.374262 -0.926767 0.032098
vn -0.374262 -0.926767 0.032098
vn -0.374262 -0.926767 0.032098
vn -0.374262 -0.926767 0.032098
vn -0.336687 -0.940923 0.036122
vn -0.336687 -0.940923 0.036122
vn -0.336687 -0.940923 0.036122
vn -0.366005 -0.929935 0.035521
vn -0.366005 -0.929935 0.035521
vn -0.366005 -0.929935 0.035521
vn 0.005180 0.999986 -0.000576
vn 0.005180 0.999986 -0.000576
vn 0.005180 0.999986 -0.000576
vn 0.005177 0.999300 -0.037059
vn 0.005177 0.999300 -0.037059
vn 0.005177 0.999300 -0.037059
vn 0.010390 0.999279 -0.036516
vn 0.010390 0.999279 -0.036516
vn 0.010390 0.999279 -0.036516
vn 0.032791 0.998142 -0.051358
vn 0.032791 0.998142 -0.051358
vn 0.032791 0.998142 -0.051358
vn 0.010382 0.998507 -0.053635
vn 0.010382 0.998507 -0.053635
vn 0.010382 0.998507 -0.053635
vn 0.032785 0.997690 -0.059502
vn 0.032785 0.997690 -0.059502
vn 0.032785 0.997690 -0.059502
vn 0.108017 0.992813 -0.051524
vn 0.108017 0.992813 -0.051524
vn 0.108017 0.992813 -0.051524
vn 0.260038 0.964880 -0.037253
vn 0.260038 0.964880 -0.037253
vn 0.260038 0.964880 -0.037253
vn 0.108025 0.992610 -0.055277
vn 0.108025 0.992610 -0.055277
vn 0.108025 0.992610 -0.055277
vn 0.260043 0.964860 -0.037725
vn 0.260043 0.964860 -0.037725
vn 0.260043 0.964860 -0.037725
vn 0.526226 0.850345 -0.000030
vn 0.526226 0.850345 -0.000030
vn 0.526226 0.850345 -0.000030
vn 0.851910 0.519820 0.063534
vn 0.851910 0.519820 0.063534
vn 0.851910 0.519820 0.063534
vn 0.526129 0.850402 0.002297
vn 0.526129 0.850402 0.002297
vn 0.526129 0.850402 0.002297
vn 0.987283 0.113701 0.111102
vn 0.987283 0.113701 0.111102
vn 0.987283 0.113701 0.111102
vn 0.844282 0.531992 0.064591
vn 0.844282 0.531992 0.064591
vn 0.844282 0.531992 0.064591
vn 0.986548 0.119316 0.111741
vn 0.986548 0.119316 0.111741
vn 0.986548 0.119316 0.111741
vn 0.955357 -0.262955 0.134713
vn 0.955357 -0.262955 0.134713
vn 0.955357 -0.262955 0.134713
vn 0.953997 -0.268298 0.133813
vn 0.953997 -0.268298 0.133813
vn 0.953997 -0.268298 0.133813
vn 0.771933 -0.620871 0.136526
vn 0.771933 -0.620871 0.136526
vn 0.771933 -0.620871 0.136526
vn 0.763722 -0.631580 0.133549
vn 0.763722 -0.631580 0.133549
vn 0.763722 -0.631580 0.133549
vn 0.437271 -0.892141 0.113485
vn 0.437271 -0.892141 0.113485
vn 0.437271 -0.892141 0.113485
vn 0.142964 -0.986117 0.084469
vn 0.142964 -0.986117 0.084469
vn 0.142964 -0.986117 0.084469
vn 0.426483 -0.897787 0.109963
vn 0.426483 -0.897787 0.109963
vn 0.426483 -0.897787 0.109963
vn -0.060173 -0.996226 0.062557
vn -0.060173 -0.996226 0.062557
vn -0.060173 -0.996226 0.062557
vn 0.137547 -0.987047 0.082576
vn 0.137547 -0.987047 0.082576
vn 0.137547 -0.987047 0.082576
vn -0.059976 -0.996233 0.062630
vn -0.059976 -0.996233 0.062630
vn -0.059976 -0.996233 0.062630
vn -0.213932 -0.975748 0.046350
vn -0.213932 -0.975748 0.046350
vn -0.213932 -0.975748 0.046350
vn -0.209482 -0.976630 0.048071
vn -0.209482 -0.976630 0.048071
vn -0.209482 -0.976630 0.048071
vn -0.336708 -0.940983 0.034342
vn -0.336708 -0.940983 0.034342
vn -0.336708 -0.940983 0.034342
vn -0.366033 -0.930005 0.033327
vn -0.366033 -0.930005 0.033327
vn -0.366033 -0.930005 0.033327
vn -0.329362 -0.943469 0.037226
vn -0.329362 -0.943469 0.037226
vn -0.329362 -0.943469 0.037226
vn -0.329362 -0.943469 0.037226
vn 0.007933 0.999334 -0.035611
vn 0.007933 0.999334 -0.035611
vn 0.007933 0.999334 -0.035611
vn 0.012534 0.998529 -0.052757
vn 0.012534 0.998529 -0.052757
vn 0.012534 0.998529 -0.052757
vn 0.007926 0.998553 -0.053187
vn 0.007926 0.998553 -0.053187
vn 0.007926 0.998553 -0.053187
vn 0.012527 0.998053 -0.061105
vn 0.012527 0.998053 -0.061105
vn 0.012527 0.998053 -0.061105
vn 0.033896 0.997678 -0.059074
vn 0.033896 0.997678 -0.059074
vn 0.033896 0.997678 -0.059074
vn 0.106625 0.992732 -0.055806
vn 0.106625 0.992732 -0.055806
vn 0.106625 0.992732 -0.055806
vn 0.033892 0.997420 -0.063276
vn 0.033892 0.997420 -0.063276
vn 0.033892 0.997420 -0.063276
vn 0.106627 0.992654 -0.057181
vn 0.106627 0.992654 -0.057181
vn 0.106627 0.992654 -0.057181
vn 0.254255 0.966313 -0.039909
vn 0.254255 0.966313 -0.039909
vn 0.254255 0.966313 -0.039909
vn 0.254243 0.966363 -0.038781
vn 0.254243 0.966363 -0.038781
vn 0.254243 0.966363 -0.038781
vn 0.515699 0.856768 -0.001997
vn 0.515699 0.856768 -0.001997
vn 0.515699 0.856768 -0.001997
vn 0.515594 0.856833 0.000615
vn 0.515594 0.856833 0.000615
vn 0.515594 0.856833 0.000615
vn 0.844550 0.531895 0.061830
vn 0.844550 0.531895 0.061830
vn 0.844550 0.531895 0.061830
vn 0.836909 0.543718 0.062882
vn 0.836909 0.543718 0.062882
vn 0.836909 0.543718 0.062882
vn 0.986683 0.119224 0.110643
vn 0.986683 0.119224 0.110643
vn 0.986683 0.119224 0.110643
vn 0.953884 -0.268157 0.134899
vn 0.953884 -0.268157 0.134899
vn 0.953884 -0.268157 0.134899
vn 0.985919 0.124826 0.111279
vn 0.985919 0.124826 0.111279
vn 0.985919 0.124826 0.111279
vn 0.763575 -0.631183 0.136241
vn 0.763575 -0.631183 0.136241
vn 0.763575 -0.631183 0.136241
vn 0.952500 -0.273477 0.133997
vn 0.952500 -0.273477 0.133997
vn 0.952500 -0.273477 0.133997
vn 0.755391 -0.641579 0.133272
vn 0.755391 -0.641579 0.133272
vn 0.755391 -0.641579 0.133272
vn 0.426466 -0.897469 0.112592
vn 0.426466 -0.897469 0.112592
vn 0.426466 -0.897469 0.112592
vn 0.416073 -0.902757 0.109147
vn 0.416073 -0.902757 0.109147
vn 0.416073 -0.902757 0.109147
vn 0.137559 -0.986932 0.083923
vn 0.137559 -0.986932 0.083923
vn 0.137559 -0.986932 0.083923
vn 0.132429 -0.987787 0.082093
vn 0.132429 -0.987787 0.082093
vn 0.132429 -0.987787 0.082093
vn -0.059977 -0.996236 0.062578
vn -0.059977 -0.996236 0.062578
vn -0.059977 -0.996236 0.062578
vn -0.209495 -0.976687 0.046844
vn -0.209495 -0.976687 0.046844
vn -0.209495 -0.976687 0.046844
vn -0.059791 -0.996243 0.062650
vn -0.059791 -0.996243 0.062650
vn -0.059791 -0.996243 0.062650
vn -0.329387 -0.943540 0.035166
vn -0.329387 -0.943540 0.035166
vn -0.329387 -0.943540 0.035166
vn -0.329387 -0.943540 0.035166
vn -0.205287 -0.977499 0.048502
vn -0.205287 -0.977499 0.048502
vn -0.205287 -0.977499 0.048502
vn -0.322390 -0.945846 0.037955
vn -0.322390 -0.945846 0.037955
vn -0.322390 -0.945846 0.037955
vn 0.010143 0.998583 -0.052241
vn 0.010143 0.998583 -0.052241
vn 0.010143 0.998583 -0.052241
vn 0.010143 0.998583 -0.052241
vn 0.010138 0.998095 -0.060854
vn 0.010138 0.998095 -0.060854
vn 0.010138 0.998095 -0.060854
vn 0.010138 0.998095 -0.060854
vn 0.014203 0.998067 -0.060502
vn 0.014203 0.998067 -0.060502
vn 0.014203 0.998067 -0.060502
vn 0.034657 0.997412 -0.062998
vn 0.034657 0.997412 -0.062998
vn 0.034657 0.997412 -0.062998
vn 0.014199 0.997792 -0.064875
vn 0.014199 0.997792 -0.064875
vn 0.014199 0.997792 -0.064875
vn 0.105093 0.992784 -0.057751
vn 0.105093 0.992784 -0.057751
vn 0.105093 0.992784 -0.057751
vn 0.034655 0.997291 -0.064881
vn 0.034655 0.997291 -0.064881
vn 0.034655 0.997291 -0.064881
vn 0.105092 0.992791 -0.057627
vn 0.105092 0.992791 -0.057627
vn 0.105092 0.992791 -0.057627
vn 0.248711 0.967714 -0.040892
vn 0.248711 0.967714 -0.040892
vn 0.248711 0.967714 -0.040892
vn 0.505551 0.862790 -0.003546
vn 0.505551 0.862790 -0.003546
vn 0.505551 0.862790 -0.003546
vn 0.248697 0.967776 -0.039498
vn 0.248697 0.967776 -0.039498
vn 0.248697 0.967776 -0.039498
vn 0.837171 0.543624 0.060145
vn 0.837171 0.543624 0.060145
vn 0.837171 0.543624 0.060145
vn 0.505452 0.862854 -0.000995
vn 0.505452 0.862854 -0.000995
vn 0.505452 0.862854 -0.000995
vn 0.986054 0.124735 0.110180
vn 0.986054 0.124735 0.110180
vn 0.986054 0.124735 0.110180
vn 0.829520 0.555114 0.061192
vn 0.829520 0.555114 0.061192
vn 0.829520 0.555114 0.061192
vn 0.985259 0.130331 0.110813
vn 0.985259 0.130331 0.110813
vn 0.985259 0.130331 0.110813
vn 0.952387 -0.273336 0.135079
vn 0.952387 -0.273336 0.135079
vn 0.952387 -0.273336 0.135079
vn 0.950978 -0.278638 0.134173
vn 0.950978 -0.278638 0.134173
vn 0.950978 -0.278638 0.134173
vn 0.755249 -0.641186 0.135936
vn 0.755249 -0.641186 0.135936
vn 0.755249 -0.641186 0.135936
vn 0.747095 -0.651281 0.132975
vn 0.747095 -0.651281 0.132975
vn 0.747095 -0.651281 0.132975
vn 0.416058 -0.902449 0.111719
vn 0.416058 -0.902449 0.111719
vn 0.416058 -0.902449 0.111719
vn 0.132441 -0.987676 0.083402
vn 0.132441 -0.987676 0.083402
vn 0.132441 -0.987676 0.083402
vn 0.406047 -0.907406 0.108350
vn 0.406047 -0.907406 0.108350
vn 0.406047 -0.907406 0.108350
vn -0.059791 -0.996246 0.062598
vn -0.059791 -0.996246 0.062598
vn -0.059791 -0.996246 0.062598
vn 0.127574 -0.988464 0.081632
vn 0.127574 -0.988464 0.081632
vn 0.127574 -0.988464 0.081632
vn -0.059614 -0.996252 0.062667
vn -0.059614 -0.996252 0.062667
vn -0.059614 -0.996252 0.062667
vn -0.205300 -0.977555 0.047308
vn -0.205300 -0.977555 0.047308
vn -0.205300 -0.977555 0.047308
vn -0.322414 -0.945916 0.035949
vn -0.322414 -0.945916 0.035949
vn -0.322414 -0.945916 0.035949
vn -0.322414 -0.945916 0.035949
vn -0.201302 -0.978307 0.048913
vn -0.201302 -0.978307 0.048913
vn -0.201302 -0.978307 0.048913
vn -0.315757 -0.948053 0.038643
vn -0.315757 -0.948053 0.038643
vn -0.315757 -0.948053 0.038643
vn 0.015528 0.997802 -0.064425
vn 0.015528 0.997802 -0.064425
vn 0.015528 0.997802 -0.064425
vn 0.035228 0.997284 -0.064677
vn 0.035228 0.997284 -0.064677
vn 0.035228 0.997284 -0.064677
vn 0.015526 0.997668 -0.066457
vn 0.015526 0.997668 -0.066457
vn 0.015526 0.997668 -0.066457
vn 0.103607 0.992915 -0.058187
vn 0.103607 0.992915 -0.058187
vn 0.103607 0.992915 -0.058187
vn 0.035228 0.997257 -0.065092
vn 0.035228 0.997257 -0.065092
vn 0.035228 0.997257 -0.065092
vn 0.243450 0.969024 -0.041532
vn 0.243450 0.969024 -0.041532
vn 0.243450 0.969024 -0.041532
vn 0.103607 0.992938 -0.057793
vn 0.103607 0.992938 -0.057793
vn 0.103607 0.992938 -0.057793
vn 0.495784 0.868431 -0.005029
vn 0.495784 0.868431 -0.005029
vn 0.495784 0.868431 -0.005029
vn 0.243436 0.969084 -0.040176
vn 0.243436 0.969084 -0.040176
vn 0.243436 0.969084 -0.040176
vn 0.829776 0.555024 0.058484
vn 0.829776 0.555024 0.058484
vn 0.829776 0.555024 0.058484
vn 0.495690 0.868496 -0.002531
vn 0.495690 0.868496 -0.002531
vn 0.495690 0.868496 -0.002531
vn 0.985393 0.130240 0.109717
vn 0.985393 0.130240 0.109717
vn 0.985393 0.130240 0.109717
vn 0.822124 0.566187 0.059527
vn 0.822124 0.566187 0.059527
vn 0.822124 0.566187 0.059527
vn 0.984571 0.135805 0.110345
vn 0.984571 0.135805 0.110345
vn 0.984571 0.135805 0.110345
vn 0.950866 -0.278497 0.135254
vn 0.950866 -0.278497 0.135254
vn 0.950866 -0.278497 0.135254
vn 0.949434 -0.283771 0.134347
vn 0.949434 -0.283771 0.134347
vn 0.949434 -0.283771 0.134347
vn 0.746959 -0.650893 0.135616
vn 0.746959 -0.650893 0.135616
vn 0.746959 -0.650893 0.135616
vn 0.406035 -0.907107 0.110871
vn 0.406035 -0.907107 0.110871
vn 0.406035 -0.907107 0.110871
vn 0.738845 -0.660688 0.132666
vn 0.738845 -0.660688 0.132666
vn 0.738845 -0.660688 0.132666
vn 0.127586 -0.988356 0.082909
vn 0.127586 -0.988356 0.082909
vn 0.127586 -0.988356 0.082909
vn 0.396390 -0.911758 0.107576
vn 0.396390 -0.911758 0.107576
vn 0.396390 -0.911758 0.107576
vn -0.059614 -0.996256 0.062618
vn -0.059614 -0.996256 0.062618
vn -0.059614 -0.996256 0.062618
vn 0.122964 -0.989084 0.081194
vn 0.122964 -0.989084 0.081194
vn 0.122964 -0.989084 0.081194
vn -0.059448 -0.996261 0.062684
vn -0.059448 -0.996261 0.062684
vn -0.059448 -0.996261 0.062684
vn -0.201315 -0.978362 0.047749
vn -0.201315 -0.978362 0.047749
vn -0.201315 -0.978362 0.047749
vn -0.315780 -0.948123 0.036687
vn -0.315780 -0.948123 0.036687
vn -0.315780 -0.948123 0.036687
vn -0.315780 -0.948123 0.036687
vn -0.197523 -0.979058 0.049299
vn -0.197523 -0.979058 0.049299
vn -0.197523 -0.979058 0.049299
vn -0.309424 -0.950112 0.039300
vn -0.309424 -0.950112 0.039300
vn -0.309424 -0.950112 0.039300
vn 0.016663 0.997675 -0.066078
vn 0.016663 0.997675 -0.066078
vn 0.016663 0.997675 -0.066078
vn 0.035743 0.997251 -0.064905
vn 0.035743 0.997251 -0.064905
vn 0.035743 0.997251 -0.064905
vn 0.016663 0.997639 -0.066626
vn 0.016663 0.997639 -0.066626
vn 0.016663 0.997639 -0.066626
vn 0.102205 0.993052 -0.058333
vn 0.102205 0.993052 -0.058333
vn 0.102205 0.993052 -0.058333
vn 0.035742 0.997242 -0.065041
vn 0.035742 0.997242 -0.065041
vn 0.035742 0.997242 -0.065041
vn 0.238464 0.970237 -0.042136
vn 0.238464 0.970237 -0.042136
vn 0.238464 0.970237 -0.042136
vn 0.102204 0.993074 -0.057948
vn 0.102204 0.993074 -0.057948
vn 0.102204 0.993074 -0.057948
vn 0.486377 0.873725 -0.006445
vn 0.486377 0.873725 -0.006445
vn 0.486377 0.873725 -0.006445
vn 0.486377 0.873725 -0.006445
vn 0.238452 0.970296 -0.040816
vn 0.238452 0.970296 -0.040816
vn 0.238452 0.970296 -0.040816
vn 0.238452 0.970296 -0.040816
vn 0.396384 -0.911593 0.108983
vn 0.396384 -0.911593 0.108983
vn 0.396384 -0.911593 0.108983
vn 0.396384 -0.911593 0.108983
vn 0.387459 -0.915784 0.105898
vn 0.387459 -0.915784 0.105898
vn 0.387459 -0.915784 0.105898
vn 0.122970 -0.989027 0.081877
vn 0.122970 -0.989027 0.081877
vn 0.122970 -0.989027 0.081877
vn 0.122970 -0.989027 0.081877
vn 0.118719 -0.989678 0.080273
vn 0.118719 -0.989678 0.080273
vn 0.118719 -0.989678 0.080273
vn -0.059451 -0.996282 0.062353
vn -0.059451 -0.996282 0.062353
vn -0.059451 -0.996282 0.062353
vn -0.059451 -0.996282 0.062353
vn -0.059301 -0.996287 0.062414
vn -0.059301 -0.996287 0.062414
vn -0.059301 -0.996287 0.062414
vn -0.197536 -0.979118 0.048034
vn -0.197536 -0.979118 0.048034
vn -0.197536 -0.979118 0.048034
vn -0.197536 -0.979118 0.048034
vn -0.194021 -0.979748 0.049495
vn -0.194021 -0.979748 0.049495
vn -0.194021 -0.979748 0.049495
vn -0.309447 -0.950183 0.037336
vn -0.309447 -0.950183 0.037336
vn -0.309447 -0.950183 0.037336
vn -0.309447 -0.950183 0.037336
vn 0.017715 0.997645 -0.066269
vn 0.017715 0.997645 -0.066269
vn 0.017715 0.997645 -0.066269
vn 0.036232 0.997236 -0.064860
vn 0.036232 0.997236 -0.064860
vn 0.036232 0.997236 -0.064860
vn 0.017715 0.997627 -0.066531
vn 0.017715 0.997627 -0.066531
vn 0.017715 0.997627 -0.066531
vn 0.100876 0.993179 -0.058470
vn 0.100876 0.993179 -0.058470
vn 0.100876 0.993179 -0.058470
vn 0.036232 0.997228 -0.064993
vn 0.036232 0.997228 -0.064993
vn 0.036232 0.997228 -0.064993
vn 0.233725 0.971364 -0.042710
vn 0.233725 0.971364 -0.042710
vn 0.233725 0.971364 -0.042710
vn 0.100876 0.993201 -0.058096
vn 0.100876 0.993201 -0.058096
vn 0.100876 0.993201 -0.058096
vn 0.100876 0.993201 -0.058096
vn 0.018708 0.997632 -0.066187
vn 0.018708 0.997632 -0.066187
vn 0.018708 0.997632 -0.066187
vn 0.036697 0.997222 -0.064817
vn 0.036697 0.997222 -0.064817
vn 0.036697 0.997222 -0.064817
vn 0.018708 0.997615 -0.066441
vn 0.018708 0.997615 -0.066441
vn 0.018708 0.997615 -0.066441
vn 0.099622 0.993298 -0.058599
vn 0.099622 0.993298 -0.058599
vn 0.099622 0.993298 -0.058599
vn 0.036697 0.997214 -0.064946
vn 0.036697 0.997214 -0.064946
vn 0.036697 0.997214 -0.064946
vn 0.036697 0.997214 -0.064946
vn 0.037133 0.997209 -0.064778
vn 0.037133 0.997209 -0.064778
vn 0.037133 0.997209 -0.064778
vn 0.486317 0.873770 -0.004772
vn 0.486317 0.873770 -0.004772
vn 0.486317 0.873770 -0.004772
vn 0.019646 0.997602 -0.066358
vn 0.019646 0.997602 -0.066358
vn 0.019646 0.997602 -0.066358
vn 0.019646 0.997602 -0.066358
vn 0.019646 0.997602 -0.066358
vn 0.020539 0.997606 -0.066035
vn 0.020539 0.997606 -0.066035
vn 0.020539 0.997606 -0.066035
vn 0.019646 0.997619 -0.066110
vn 0.019646 0.997619 -0.066110
vn 0.019646 0.997619 -0.066110
vn 0.019646 0.997619 -0.066110
vn 0.016637 0.997657 -0.066357
vn 0.016637 0.997657 -0.066357
vn 0.016637 0.997657 -0.066357
vn 0.016638 0.997677 -0.066064
vn 0.016638 0.997677 -0.066064
vn 0.016638 0.997677 -0.066064
vn 0.015583 0.997668 -0.066444
vn 0.015583 0.997668 -0.066444
vn 0.015583 0.997668 -0.066444
vn 0.015583 0.997668 -0.066444
vn 0.015583 0.997689 -0.066142
vn 0.015583 0.997689 -0.066142
vn 0.015583 0.997689 -0.066142
vn 0.014466 0.997679 -0.066536
vn 0.014466 0.997679 -0.066536
vn 0.014466 0.997679 -0.066536
vn 0.014466 0.997679 -0.066536
vn 0.014467 0.997719 -0.065942
vn 0.014467 0.997719 -0.065942
vn 0.014467 0.997719 -0.065942
vn 0.013270 0.997708 -0.066357
vn 0.013270 0.997708 -0.066357
vn 0.013270 0.997708 -0.066357
vn 0.013270 0.997708 -0.066357
vn 0.013272 0.997846 -0.064236
vn 0.013272 0.997846 -0.064236
vn 0.013272 0.997846 -0.064236
vn 0.011865 0.997832 -0.064731
vn 0.011865 0.997832 -0.064731
vn 0.011865 0.997832 -0.064731
vn 0.011865 0.997832 -0.064731
vn 0.011869 0.998115 -0.060205
vn 0.011869 0.998115 -0.060205
vn 0.011869 0.998115 -0.060205
vn 0.012965 0.998563 -0.052002
vn 0.012965 0.998563 -0.052002
vn 0.012965 0.998563 -0.052002
vn 0.012975 0.999347 -0.033716
vn 0.012975 0.999347 -0.033716
vn 0.012975 0.999347 -0.033716
vn 0.010306 0.999321 -0.035385
vn 0.010306 0.999321 -0.035385
vn 0.010306 0.999321 -0.035385
vn 0.010306 0.999321 -0.035385
vn 0.010313 0.999945 0.002067
vn 0.010313 0.999945 0.002067
vn 0.010313 0.999945 0.002067
vn 0.007224 0.999974 -0.000367
vn 0.007224 0.999974 -0.000367
vn 0.007224 0.999974 -0.000367
vn 0.007224 0.999974 -0.000367
vn 0.007208 0.997802 0.065866
vn 0.007208 0.997802 0.065866
vn 0.007208 0.997802 0.065866
vn 0.003910 0.998023 0.062723
vn 0.003910 0.998023 0.062723
vn 0.003910 0.998023 0.062723
vn 0.003910 0.998023 0.062723
vn 0.003871 0.987782 0.155795
vn 0.003871 0.987782 0.155795
vn 0.003871 0.987782 0.155795
vn 0.000599 0.988319 0.152395
vn 0.000599 0.988319 0.152395
vn 0.000599 0.988319 0.152395
vn 0.000599 0.988319 0.152395
vn 0.000588 0.968725 0.248136
vn 0.000588 0.968725 0.248136
vn 0.000588 0.968725 0.248136
vn -0.002463 0.969497 0.245090
vn -0.002463 0.969497 0.245090
vn -0.002463 0.969497 0.245090
vn -0.002463 0.969497 0.245090
vn -0.003807 0.969497 0.245073
vn -0.003807 0.969497 0.245073
vn -0.003807 0.969497 0.245073
vn -0.003807 0.969497 0.245073
vn -0.006141 0.969963 0.243174
vn -0.006141 0.969963 0.243174
vn -0.006141 0.969963 0.243174
vn -0.001653 0.969949 0.243303
vn -0.001653 0.969949 0.243303
vn -0.001653 0.969949 0.243303
vn -0.001653 0.969949 0.243303
vn -0.004348 0.970456 0.241240
vn -0.004348 0.970456 0.241240
vn -0.004348 0.970456 0.241240
vn 0.017137 0.970096 0.242115
vn 0.017137 0.970096 0.242115
vn 0.017137 0.970096 0.242115
vn 0.017137 0.970096 0.242115
vn 0.012459 0.971120 0.238264
vn 0.012459 0.971120 0.238264
vn 0.012459 0.971120 0.238264
vn 0.089664 0.966179 0.241781
vn 0.089664 0.966179 0.241781
vn 0.089664 0.966179 0.241781
vn 0.089664 0.966179 0.241781
vn 0.079901 0.969059 0.233539
vn 0.079901 0.969059 0.233539
vn 0.079901 0.969059 0.233539
vn 0.245942 0.939211 0.239572
vn 0.245942 0.939211 0.239572
vn 0.245942 0.939211 0.239572
vn 0.245942 0.939211 0.239572
vn 0.228129 0.947260 0.225067
vn 0.228129 0.947260 0.225067
vn 0.228129 0.947260 0.225067
vn 0.530434 0.817029 0.226063
vn 0.530434 0.817029 0.226063
vn 0.530434 0.817029 0.226063
vn 0.530434 0.817029 0.226063
vn 0.507072 0.836705 0.206887
vn 0.507072 0.836705 0.206887
vn 0.507072 0.836705 0.206887
vn 0.731140 -0.669574 0.130786
vn 0.731140 -0.669574 0.130786
vn 0.731140 -0.669574 0.130786
vn 0.738800 -0.660555 0.133570
vn 0.738800 -0.660555 0.133570
vn 0.738800 -0.660555 0.133570
vn 0.738800 -0.660555 0.133570
vn 0.948221 -0.288647 0.132512
vn 0.948221 -0.288647 0.132512
vn 0.948221 -0.288647 0.132512
vn 0.949537 -0.283903 0.133336
vn 0.949537 -0.283903 0.133336
vn 0.949537 -0.283903 0.133336
vn 0.949537 -0.283903 0.133336
vn 0.984071 0.141335 0.107836
vn 0.984071 0.141335 0.107836
vn 0.984071 0.141335 0.107836
vn 0.984957 0.135545 0.107177
vn 0.984957 0.135545 0.107177
vn 0.984957 0.135545 0.107177
vn 0.984957 0.135545 0.107177
vn 0.814938 0.576804 0.056322
vn 0.814938 0.576804 0.056322
vn 0.814938 0.576804 0.056322
vn 0.822518 0.566048 0.055264
vn 0.822518 0.566048 0.055264
vn 0.822518 0.566048 0.055264
vn 0.822518 0.566048 0.055264
vn 0.465742 -0.881828 0.073920
vn 0.465742 -0.881828 0.073920
vn 0.465742 -0.881828 0.073920
vn 0.784079 -0.615362 0.080925
vn 0.784079 -0.615362 0.080925
vn 0.784079 -0.615362 0.080925
vn 0.960903 -0.254765 0.108446
vn 0.960903 -0.254765 0.108446
vn 0.960903 -0.254765 0.108446
vn 0.960903 -0.254765 0.108446
vn 0.957273 -0.272977 0.095455
vn 0.957273 -0.272977 0.095455
vn 0.957273 -0.272977 0.095455
vn 0.987892 0.090310 0.126148
vn 0.987892 0.090310 0.126148
vn 0.987892 0.090310 0.126148
vn 0.987892 0.090310 0.126148
vn 0.987047 0.094894 0.129356
vn 0.987047 0.094894 0.129356
vn 0.987047 0.094894 0.129356
vn 0.861845 0.479560 0.165060
vn 0.861845 0.479560 0.165060
vn 0.861845 0.479560 0.165060
vn 0.861845 0.479560 0.165060
vn 0.844609 0.502877 0.183710
vn 0.844609 0.502877 0.183710
vn 0.844609 0.502877 0.183710
usemtl Paint_-_Enamel_Glossy_(White)_(1)
f 2/1/1 3/2/2 1/3/3
f 1/3/3 3/2/2 4/4/4
f 5/5/5 6/6/6 7/7/7
f 5/8/8 7/9/9 8/10/10
f 8/10/10 7/9/9 9/11/11
f 10/12/12 11/13/13 12/14/14
f 10/15/15 12/16/16 6/17/17
f 6/17/17 12/16/16 7/18/18
f 13/19/19 14/20/20 15/21/21
f 13/22/22 15/23/23 11/24/24
f 11/24/24 15/23/23 12/25/25
f 16/26/26 17/27/27 18/28/28
f 16/29/29 18/30/30 14/31/31
f 14/31/31 18/30/30 15/32/32
f 19/33/33 20/34/34 21/35/35
f 19/36/36 21/37/37 17/38/38
f 17/38/38 21/37/37 18/39/39
f 22/40/40 23/41/41 25/42/42
f 25/42/42 23/41/41 24/43/43
f 20/44/44 25/45/45 21/46/46
f 21/46/46 25/45/45 24/47/47
f 23/48/48 26/49/49 24/50/50
f 27/51/51 28/52/52 29/53/53
f 30/54/54 31/55/55 32/56/56
f 27/57/57 33/58/58 28/59/59
f 34/60/60 33/61/61 27/62/62
f 34/63/63 35/64/64 33/65/65
f 4/66/66 35/67/67 34/68/68
f 4/69/69 36/70/70 35/71/71
f 3/72/72 36/73/73 4/74/74
f 37/75/75 9/76/76 7/77/77
f 3/78/78 38/79/79 36/80/80
f 39/81/81 7/82/82 12/83/83
f 37/84/84 7/85/85 39/86/86
f 40/87/87 12/88/88 15/89/89
f 39/90/90 12/91/91 40/92/92
f 41/93/93 15/94/94 18/95/95
f 40/96/96 15/97/97 41/98/98
f 42/99/99 18/100/100 21/101/101
f 41/102/102 18/103/103 42/104/104
f 43/105/105 21/106/106 24/107/107
f 42/108/108 21/109/109 43/110/110
f 26/111/111 44/112/112 24/113/113
f 45/114/114 43/115/115 44/116/116
f 44/116/116 43/115/115 24/117/117
f 30/118/118 46/119/119 31/120/120
f 46/121/121 47/122/122 31/123/123
f 33/124/124 48/125/125 28/126/126
f 49/127/127 46/128/128 30/129/129
f 33/130/130 50/131/131 48/132/132
f 35/133/133 50/134/134 33/135/135
f 35/136/136 51/137/137 50/138/138
f 36/139/139 51/140/140 35/141/141
f 36/142/142 52/143/143 51/144/144
f 38/145/145 52/146/146 36/147/147
f 53/148/148 37/149/149 39/150/150
f 38/151/151 54/152/152 52/153/153
f 55/154/154 39/155/155 40/156/156
f 53/157/157 39/158/158 55/159/159
f 56/160/160 40/161/161 41/162/162
f 55/163/163 40/164/164 56/165/165
f 57/166/166 41/167/167 42/168/168
f 56/169/169 41/170/170 57/171/171
f 58/172/172 42/173/173 43/174/174
f 57/175/175 42/176/176 58/177/177
f 45/178/178 59/179/179 43/180/180
f 43/180/180 59/179/179 60/181/181
f 58/182/182 43/183/183 60/184/184
f 59/185/185 61/186/186 60/187/187
f 46/188/188 62/189/189 47/190/190
f 62/191/191 63/192/192 47/193/193
f 49/194/194 64/195/195 46/196/196
f 64/197/197 62/198/198 46/199/199
f 50/200/200 65/201/201 48/202/202
f 66/203/203 64/204/204 49/205/205
f 50/206/206 67/207/207 65/208/208
f 51/209/209 67/210/210 50/211/211
f 51/212/212 68/213/213 67/214/214
f 52/215/215 68/216/216 51/217/217
f 52/218/218 69/219/219 68/220/220
f 54/221/221 69/222/222 52/223/223
f 70/224/224 53/225/225 55/226/226
f 54/227/227 71/228/228 69/229/229
f 72/230/230 55/231/231 56/232/232
f 70/233/233 55/234/234 72/235/235
f 73/236/236 56/237/237 57/238/238
f 72/239/239 56/240/240 73/241/241
f 74/242/242 57/243/243 58/244/244
f 73/245/245 57/246/246 74/247/247
f 75/248/248 58/249/249 60/250/250
f 74/251/251 58/252/252 75/253/253
f 61/254/254 76/255/255 60/256/256
f 60/256/256 76/255/255 77/257/257
f 75/258/258 60/259/259 77/260/260
f 76/261/261 78/262/262 77/263/263
f 62/264/264 79/265/265 63/266/266
f 79/267/267 80/268/268 63/269/269
f 64/270/270 81/271/271 62/272/272
f 81/273/273 79/274/274 62/275/275
f 66/276/276 82/277/277 64/278/278
f 82/279/279 81/280/280 64/281/281
f 67/282/282 83/283/283 65/284/284
f 84/285/285 82/286/286 66/287/287
f 67/288/288 85/289/289 83/290/290
f 68/291/291 85/292/292 67/293/293
f 68/294/294 86/295/295 85/296/296
f 69/297/297 86/298/298 68/299/299
f 69/300/300 87/301/301 86/302/302
f 71/303/303 87/304/304 69/305/305
f 88/306/306 70/307/307 72/308/308
f 71/309/309 89/310/310 87/311/311
f 90/312/312 72/313/313 73/314/314
f 88/315/315 72/316/316 90/317/317
f 91/318/318 73/319/319 74/320/320
f 90/321/321 73/322/322 91/323/323
f 92/324/324 74/325/325 75/326/326
f 91/327/327 74/328/328 92/329/329
f 93/330/330 75/331/331 77/332/332
f 92/333/333 75/334/334 93/335/335
f 78/336/336 94/337/337 77/338/338
f 77/338/338 94/337/337 95/339/339
f 93/340/340 77/341/341 95/342/342
f 94/343/343 96/344/344 95/345/345
f 79/346/346 97/347/347 80/348/348
f 97/349/349 98/350/350 80/351/351
f 81/352/352 99/353/353 79/354/354
f 99/355/355 97/356/356 79/357/357
f 82/358/358 100/359/359 81/360/360
f 100/361/361 99/362/362 81/363/363
f 84/364/364 101/365/365 82/366/366
f 101/367/367 100/368/368 82/369/369
f 85/370/370 102/371/371 83/372/372
f 103/373/373 101/374/374 84/375/375
f 85/376/376 104/377/377 102/378/378
f 86/379/379 104/380/380 85/381/381
f 86/382/382 105/383/383 104/384/384
f 87/385/385 105/386/386 86/387/387
f 87/388/388 106/389/389 105/390/390
f 89/391/391 106/392/392 87/393/393
f 107/394/394 88/395/395 90/396/396
f 89/397/397 108/398/398 106/399/399
f 109/400/400 90/401/401 91/402/402
f 107/403/403 90/404/404 109/405/405
f 110/406/406 91/407/407 92/408/408
f 109/409/409 91/410/410 110/411/411
f 111/412/412 92/413/413 93/414/414
f 110/415/415 92/416/416 111/417/417
f 112/418/418 93/419/419 95/420/420
f 111/421/421 93/422/422 112/423/423
f 96/424/424 113/425/425 95/426/426
f 95/426/426 113/425/425 114/427/427
f 112/428/428 95/429/429 114/430/430
f 113/431/431 115/432/432 114/433/433
f 97/434/434 116/435/435 98/436/436
f 116/437/437 117/438/438 98/439/439
f 99/440/440 118/441/441 97/442/442
f 118/443/443 116/444/444 97/445/445
f 100/446/446 119/447/447 99/448/448
f 119/449/449 118/450/450 99/451/451
f 101/452/452 120/453/453 100/454/454
f 120/455/455 119/456/456 100/457/457
f 103/458/458 121/459/459 101/460/460
f 121/461/461 120/462/462 101/463/463
f 104/464/464 122/465/465 102/466/466
f 123/467/467 121/468/468 103/469/469
f 104/470/470 124/471/471 122/472/472
f 105/473/473 124/474/474 104/475/475
f 105/476/476 125/477/477 124/478/478
f 106/479/479 125/480/480 105/481/481
f 106/482/482 126/483/483 125/484/484
f 108/485/485 126/486/486 106/487/487
f 127/488/488 107/489/489 109/490/490
f 108/491/491 128/492/492 126/493/493
f 129/494/494 109/495/495 110/496/496
f 127/497/497 109/498/498 129/499/499
f 130/500/500 110/501/501 111/502/502
f 129/503/503 110/504/504 130/505/505
f 131/506/506 111/507/507 112/508/508
f 130/509/509 111/510/510 131/511/511
f 132/512/512 112/513/513 114/514/514
f 131/515/515 112/516/516 132/517/517
f 132/518/518 114/519/519 133/520/520
f 115/521/521 134/522/522 114/523/523
f 114/523/523 134/522/522 133/524/524
f 134/525/525 135/526/526 133/527/527
f 116/528/528 136/529/529 117/530/530
f 118/531/531 137/532/532 116/533/533
f 137/534/534 136/535/535 116/536/536
f 119/537/537 138/538/538 118/539/539
f 138/540/540 137/541/541 118/542/542
f 120/543/543 139/544/544 119/545/545
f 139/546/546 138/547/547 119/548/548
f 121/549/549 140/550/550 120/551/551
f 140/552/552 139/553/553 120/554/554
f 123/555/555 141/556/556 121/557/557
f 141/558/558 140/559/559 121/560/560
f 124/561/561 142/562/562 122/563/563
f 143/564/564 141/565/565 123/566/566
f 124/567/567 144/568/568 142/569/569
f 125/570/570 144/571/571 124/572/572
f 125/573/573 145/574/574 144/575/575
f 126/576/576 145/577/577 125/578/578
f 128/579/579 146/580/580 126/581/581
f 126/582/582 146/583/583 145/584/584
f 128/585/585 147/586/586 146/587/587
f 148/588/588 127/589/589 129/590/590
f 149/591/591 129/592/592 130/593/593
f 148/594/594 129/595/595 149/596/596
f 150/597/597 130/598/598 131/599/599
f 149/600/600 130/601/601 150/602/602
f 151/603/603 131/604/604 132/605/605
f 150/606/606 131/607/607 151/608/608
f 152/609/609 132/610/610 133/611/611
f 151/612/612 132/613/613 152/614/614
f 152/615/615 133/616/616 153/617/617
f 135/618/618 154/619/619 133/620/620
f 133/620/620 154/619/619 153/621/621
f 154/622/622 155/623/623 153/624/624
f 137/625/625 156/626/626 136/627/627
f 138/628/628 157/629/629 137/630/630
f 157/631/631 156/632/632 137/633/633
f 139/634/634 158/635/635 138/636/636
f 158/637/637 157/638/638 138/639/639
f 140/640/640 159/641/641 139/642/642
f 159/643/643 158/644/644 139/645/645
f 141/646/646 160/647/647 140/648/648
f 160/649/649 159/650/650 140/651/651
f 143/652/652 161/653/653 141/654/654
f 161/655/655 160/656/656 141/657/657
f 144/658/658 162/659/659 142/660/660
f 163/661/661 161/662/662 143/663/663
f 145/664/664 164/665/665 144/666/666
f 144/667/667 164/668/668 162/669/669
f 145/670/670 165/671/671 164/672/672
f 146/673/673 165/674/674 145/675/675
f 146/676/676 166/677/677 165/678/678
f 147/679/679 166/680/680 146/681/681
f 167/682/682 148/683/683 149/684/684
f 147/685/685 168/686/686 166/687/687
f 169/688/688 149/689/689 150/690/690
f 167/691/691 149/692/692 169/693/693
f 170/694/694 150/695/695 151/696/696
f 169/697/697 150/698/698 170/699/699
f 170/700/700 151/701/701 171/702/702
f 171/703/703 151/704/704 152/705/705
f 171/706/706 152/707/707 172/708/708
f 172/709/709 152/710/710 153/711/711
f 155/712/712 173/713/713 153/714/714
f 153/714/714 173/713/713 174/715/715
f 172/716/716 153/717/717 174/718/718
f 173/719/719 175/720/720 174/721/721
f 157/722/722 176/723/723 156/724/724
f 177/725/725 176/726/726 157/727/727
f 158/728/728 177/729/729 157/730/730
f 159/731/731 178/732/732 158/733/733
f 178/734/734 177/735/735 158/736/736
f 179/737/737 178/738/738 159/739/739
f 160/740/740 179/741/741 159/742/742
f 161/743/743 180/744/744 160/745/745
f 180/746/746 179/747/747 160/748/748
f 181/749/749 180/750/750 161/751/751
f 163/752/752 181/753/753 161/754/754
f 164/755/755 182/756/756 162/757/757
f 183/758/758 181/759/759 163/760/760
f 165/761/761 184/762/762 164/763/763
f 164/764/764 184/765/765 182/766/766
f 165/767/767 185/768/768 184/769/769
f 166/770/770 185/771/771 165/772/772
f 166/773/773 186/774/774 185/775/775
f 168/776/776 186/777/777 166/778/778
f 168/779/779 187/780/780 186/781/781
f 188/782/782 167/783/783 169/784/784
f 189/785/785 169/786/786 170/787/787
f 188/788/788 169/789/789 189/790/790
f 190/791/791 170/792/792 171/793/793
f 189/794/794 170/795/795 190/796/796
f 190/797/797 171/798/798 191/799/799
f 191/800/800 171/801/801 172/802/802
f 191/803/803 172/804/804 192/805/805
f 192/806/806 172/807/807 174/808/808
f 175/809/809 193/810/810 174/811/811
f 194/812/812 192/813/813 193/814/814
f 193/814/814 192/813/813 174/815/815
f 177/816/816 195/817/817 176/818/818
f 178/819/819 196/820/820 177/821/821
f 196/822/822 195/823/823 177/824/824
f 197/825/825 196/826/826 178/827/827
f 179/828/828 197/829/829 178/830/830
f 180/831/831 198/832/832 179/833/833
f 198/834/834 197/835/835 179/836/836
f 199/837/837 198/838/838 180/839/839
f 181/840/840 199/841/841 180/842/842
f 200/843/843 199/844/844 181/845/845
f 183/846/846 200/847/847 181/848/848
f 201/849/849 200/850/850 183/851/851
f 184/852/852 202/853/853 182/854/854
f 184/855/855 203/856/856 202/857/857
f 185/858/858 203/859/859 184/860/860
f 186/861/861 204/862/862 185/863/863
f 185/864/864 204/865/865 203/866/866
f 187/867/867 205/868/868 186/869/869
f 186/870/870 205/871/871 204/872/872
f 187/873/873 206/874/874 205/875/875
f 207/876/876 188/877/877 189/878/878
f 207/879/879 189/880/880 208/881/881
f 208/882/882 189/883/883 190/884/884
f 208/885/885 190/886/886 209/887/887
f 209/888/888 190/889/889 191/890/890
f 210/891/891 191/892/892 192/893/893
f 209/894/894 191/895/895 210/896/896
f 194/897/897 211/898/898 192/899/899
f 192/899/899 211/898/898 212/900/900
f 210/901/901 192/902/902 212/903/903
f 211/904/904 213/905/905 212/906/906
f 214/907/907 215/908/908 196/909/909
f 196/909/909 215/908/908 195/910/910
f 214/911/911 196/912/912 216/913/913
f 216/913/913 196/912/912 217/914/914
f 197/915/915 217/916/916 196/917/917
f 198/918/918 218/919/919 197/920/920
f 218/921/921 217/922/922 197/923/923
f 199/924/924 219/925/925 198/926/926
f 219/927/927 218/928/928 198/929/929
f 220/930/930 219/931/931 199/932/932
f 200/933/933 220/934/934 199/935/935
f 201/936/936 221/937/937 200/938/938
f 221/939/939 220/940/940 200/941/941
f 203/942/942 222/943/943 202/944/944
f 223/945/945 221/946/946 201/947/947
f 204/948/948 224/949/949 203/950/950
f 203/951/951 224/952/952 222/953/953
f 204/954/954 225/955/955 224/956/956
f 205/957/957 225/958/958 204/959/959
f 205/960/960 226/961/961 225/962/962
f 206/963/963 226/964/964 205/965/965
f 206/966/966 227/967/967 226/968/968
f 228/969/969 207/970/970 208/971/971
f 229/972/972 208/973/973 209/974/974
f 228/975/975 208/976/976 229/977/977
f 230/978/978 209/979/979 210/980/980
f 229/981/981 209/982/982 230/983/983
f 230/984/984 210/985/985 231/986/986
f 231/987/987 210/988/988 212/989/989
f 213/990/990 232/991/991 212/992/992
f 212/992/992 232/991/991 233/993/993
f 231/994/994 212/995/995 233/996/996
f 232/997/997 234/998/998 233/999/999
f 218/1000/1000 235/1001/1001 217/1002/1002
f 219/1003/1003 236/1004/1004 218/1005/1005
f 236/1006/1006 235/1007/1007 218/1008/1008
f 220/1009/1009 237/1010/1010 219/1011/1011
f 237/1012/1012 236/1013/1013 219/1014/1014
f 221/1015/1015 238/1016/1016 220/1017/1017
f 238/1018/1018 237/1019/1019 220/1020/1020
f 223/1021/1021 239/1022/1022 221/1023/1023
f 239/1024/1024 238/1025/1025 221/1026/1026
f 224/1027/1027 240/1028/1028 222/1029/1029
f 241/1030/1030 239/1031/1031 223/1032/1032
f 225/1033/1033 242/1034/1034 224/1035/1035
f 224/1036/1036 242/1037/1037 240/1038/1038
f 225/1039/1039 243/1040/1040 242/1041/1041
f 226/1042/1042 243/1043/1043 225/1044/1044
f 226/1045/1045 244/1046/1046 243/1047/1047
f 227/1048/1048 244/1049/1049 226/1050/1050
f 245/1051/1051 228/1052/1052 229/1053/1053
f 227/1054/1054 246/1055/1055 244/1056/1056
f 247/1057/1057 229/1058/1058 230/1059/1059
f 245/1060/1060 229/1061/1061 247/1062/1062
f 248/1063/1063 230/1064/1064 231/1065/1065
f 247/1066/1066 230/1067/1067 248/1068/1068
f 248/1069/1069 231/1070/1070 249/1071/1071
f 249/1072/1072 231/1073/1073 233/1074/1074
f 234/1075/1075 250/1076/1076 233/1077/1077
f 233/1077/1077 250/1076/1076 251/1078/1078
f 249/1079/1079 233/1080/1080 251/1081/1081
f 250/1082/1082 252/1083/1083 251/1084/1084
f 236/1085/1085 253/1086/1086 235/1087/1087
f 237/1088/1088 254/1089/1089 236/1090/1090
f 254/1091/1091 253/1092/1092 236/1093/1093
f 238/1094/1094 255/1095/1095 237/1096/1096
f 255/1097/1097 254/1098/1098 237/1099/1099
f 239/1100/1100 256/1101/1101 238/1102/1102
f 256/1103/1103 255/1104/1104 238/1105/1105
f 258/1106/1106 239/1107/1107 257/1108/1108
f 257/1108/1108 239/1107/1107 241/1109/1109
f 258/1110/1110 259/1111/1111 239/1112/1112
f 239/1112/1112 259/1111/1111 256/1113/1113
f 260/1114/1114 261/1115/1115 247/1116/1116
f 247/1116/1116 261/1115/1115 245/1117/1117
f 262/1118/1118 260/1119/1119 247/1120/1120
f 262/1121/1121 247/1122/1122 263/1123/1123
f 263/1123/1123 247/1122/1122 248/1124/1124
f 264/1125/1125 263/1126/1126 248/1127/1127
f 264/1128/1128 248/1129/1129 265/1130/1130
f 265/1130/1130 248/1129/1129 249/1131/1131
f 266/1132/1132 265/1133/1133 249/1134/1134
f 266/1135/1135 249/1136/1136 267/1137/1137
f 267/1137/1137 249/1136/1136 251/1138/1138
f 268/1139/1139 267/1140/1140 251/1141/1141
f 268/1142/1142 251/1143/1143 269/1144/1144
f 269/1144/1144 251/1143/1143 252/1145/1145
f 254/1146/1146 270/1147/1147 253/1148/1148
f 255/1149/1149 271/1150/1150 254/1151/1151
f 271/1152/1152 270/1153/1153 254/1154/1154
f 256/1155/1155 272/1156/1156 255/1157/1157
f 272/1158/1158 271/1159/1159 255/1160/1160
f 259/1161/1161 273/1162/1162 256/1163/1163
f 273/1164/1164 274/1165/1165 256/1166/1166
f 256/1166/1166 274/1165/1165 272/1167/1167
f 271/1168/1168 275/1169/1169 270/1170/1170
f 272/1171/1171 276/1172/1172 271/1173/1173
f 276/1174/1174 275/1175/1175 271/1176/1176
f 274/1177/1177 277/1178/1178 272/1179/1179
f 277/1180/1180 278/1181/1181 272/1182/1182
f 272/1182/1182 278/1181/1181 276/1183/1183
f 278/1184/1184 279/1185/1185 276/1186/1186
f 280/1187/1187 257/1188/1188 241/1189/1189
f 282/1190/1190 276/1191/1191 281/1192/1192
f 281/1192/1192 276/1191/1191 283/1193/1193
f 283/1193/1193 276/1191/1191 279/1194/1194
f 284/1195/1195 281/1196/1196 283/1197/1197
f 282/1198/1198 285/1199/1199 276/1200/1200
f 276/1200/1200 285/1199/1199 275/1201/1201
f 285/1202/1202 286/1203/1203 275/1204/1204
f 286/1205/1205 287/1206/1206 275/1207/1207
f 288/1208/1208 270/1209/1209 287/1210/1210
f 287/1210/1210 270/1209/1209 275/1211/1211
f 288/1212/1212 289/1213/1213 270/1214/1214
f 290/1215/1215 253/1216/1216 289/1217/1217
f 289/1217/1217 253/1216/1216 270/1218/1218
f 290/1219/1219 291/1220/1220 253/1221/1221
f 292/1222/1222 235/1223/1223 291/1224/1224
f 291/1224/1224 235/1223/1223 253/1225/1225
f 292/1226/1226 293/1227/1227 235/1228/1228
f 294/1229/1229 217/1230/1230 293/1231/1231
f 293/1231/1231 217/1230/1230 235/1232/1232
f 294/1233/1233 216/1234/1234 217/1235/1235
f 215/1236/1236 295/1237/1237 195/1238/1238
f 295/1239/1239 296/1240/1240 195/1241/1241
f 297/1242/1242 176/1243/1243 296/1244/1244
f 296/1244/1244 176/1243/1243 195/1245/1245
f 297/1246/1246 298/1247/1247 176/1248/1248
f 299/1249/1249 156/1250/1250 298/1251/1251
f 298/1251/1251 156/1250/1250 176/1252/1252
f 299/1253/1253 300/1254/1254 156/1255/1255
f 301/1256/1256 136/1257/1257 300/1258/1258
f 300/1258/1258 136/1257/1257 156/1259/1259
f 301/1260/1260 302/1261/1261 136/1262/1262
f 303/1263/1263 117/1264/1264 302/1265/1265
f 302/1265/1265 117/1264/1264 136/1266/1266
f 303/1267/1267 304/1268/1268 117/1269/1269
f 305/1270/1270 306/1271/1271 304/1272/1272
f 304/1272/1272 306/1271/1271 117/1273/1273
f 306/1271/1274 307/1274/1275 117/1275/1276
f 117/1275/1276 307/1274/1275 98/1276/1277
f 307/1277/1278 308/1278/1279 98/1279/1280
f 308/1280/1281 309/1281/1282 98/1282/1283
f 98/1282/1283 309/1281/1282 80/1283/1284
f 309/1284/1285 310/1285/1286 80/1286/1287
f 310/1287/1288 311/1288/1289 80/1289/1290
f 80/1289/1290 311/1288/1289 63/1290/1291
f 311/1291/1292 312/1292/1293 63/1293/1294
f 312/1294/1295 313/1295/1296 63/1296/1297
f 63/1296/1297 313/1295/1296 47/1297/1298
f 313/1298/1299 314/1299/1300 47/1300/1301
f 314/1301/1302 315/1302/1303 47/1303/1304
f 47/1303/1304 315/1302/1303 31/1304/1305
f 315/1305/1306 316/1306/1307 31/1307/1308
f 316/1308/1309 317/1309/1310 31/1310/1311
f 31/1310/1311 317/1309/1310 32/1311/1312
f 317/1312/1313 318/1313/1314 32/1314/1315
f 319/1315/1316 320/1316/1317 246/1317/1318
f 321/1318/1319 244/1319/1320 320/1320/1321
f 320/1320/1321 244/1319/1320 246/1321/1322
f 321/1322/1323 322/1323/1324 244/1324/1325
f 323/1325/1326 243/1326/1327 322/1327/1328
f 322/1327/1328 243/1326/1327 244/1328/1329
f 323/1329/1330 324/1330/1331 243/1331/1332
f 325/1332/1333 242/1333/1334 324/1334/1335
f 324/1334/1335 242/1333/1334 243/1335/1336
f 325/1336/1337 326/1337/1338 242/1338/1339
f 327/1339/1340 240/1340/1341 326/1341/1342
f 326/1341/1342 240/1340/1341 242/1342/1343
f 328/1343/1344 8/1344/1345 9/1345/1346
f 329/1346/1347 1/1347/1348 4/1348/1349
f 329/1349/1350 4/1350/1351 330/1351/1352
f 330/1351/1352 4/1350/1351 34/1352/1353
f 331/1353/1354 330/1354/1355 34/1355/1356
f 331/1356/1357 34/1357/1358 332/1358/1359
f 332/1358/1359 34/1357/1358 27/1359/1360
f 333/1360/1361 332/1361/1362 27/1362/1363
f 333/1363/1364 27/1364/1365 334/1365/1366
f 334/1365/1366 27/1364/1365 29/1366/1367
f 335/1367/1368 334/1368/1369 29/1369/1370
# 335 vertices
# 1369 texture params
# 1370 normals
# 494 facets

# 1 groups
