# WaveFront *.obj file (generated by Autodesk ATF)

mtllib Propeller.mtl

g cessna-172 (1).obj (23)

v -9.214252 4.893623 -0.020184
v -9.205126 4.792600 -0.075661
v -9.240674 4.875232 -0.019355
v -9.179786 4.804442 -0.078371
v -9.233634 4.935256 0.049627
v -9.190220 4.873543 -0.019355
v -9.214252 4.893623 -0.020184
v -9.259401 4.958272 0.049523
v -9.214252 4.893623 -0.020184
v -9.240674 4.875232 -0.019355
v -9.190220 4.873543 -0.019355
v -9.259401 4.958272 0.049523
v -9.205126 4.792600 -0.075661
v -9.182754 4.699872 -0.116189
v -9.204840 4.692215 -0.104993
v -9.182754 4.699872 -0.116189
v -9.227832 4.748789 -0.072563
v -9.264128 4.816122 -0.018525
v -9.286098 4.936174 0.049627
v -9.157617 4.702490 -0.121812
v -9.159141 4.790462 -0.075661
v -9.213154 4.866946 0.049730
v -9.262562 4.889161 0.125271
v -9.284418 4.959778 0.125271
v -9.171839 4.813050 -0.018525
v -9.159141 4.790462 -0.075661
v -9.310798 4.983317 0.125271
v -9.310798 4.983317 0.125271
v -9.175261 4.598558 -0.140839
v -9.147623 4.593843 -0.148996
v -9.175261 4.598558 -0.140839
v -9.207324 4.617272 -0.116736
v -9.241474 4.660965 -0.075975
v -9.280355 4.713290 -0.019458
v -9.309093 4.868623 0.049730
v -9.337176 4.959778 0.125271
v -9.139894 4.697475 -0.116188
v -9.129312 4.595726 -0.140839
v -9.144497 4.744973 -0.072563
v -9.139894 4.697475 -0.116188
v -9.201197 4.752948 0.049614
v -9.248619 4.771452 0.125271
v -9.296717 4.755114 0.200928
v -9.312502 4.868623 0.200811
v -9.335497 4.936173 0.200915
v -9.161326 4.709302 -0.019458
v -9.362195 4.958272 0.201018
v -9.362195 4.958272 0.201018
v -9.147830 4.465384 -0.163032
v -9.177890 4.472515 -0.153808
v -9.177890 4.472515 -0.153808
v -9.127513 4.469258 -0.153808
v -9.213362 4.492666 -0.126195
v -9.251040 4.526608 -0.080888
v -9.324878 4.755113 0.049614
v -9.291310 4.564698 -0.021013
v -9.359033 4.889161 0.125271
v -9.387960 4.935256 0.200915
v -9.132588 4.688363 -0.104993
v -9.124031 4.612604 -0.116736
v -9.129312 4.595726 -0.140839
v -9.121179 4.487298 -0.126195
v -9.127513 4.469258 -0.153808
v -9.134787 4.655994 -0.075975
v -9.241458 4.606579 0.125271
v -9.196763 4.592550 0.049419
v -9.286903 4.594971 0.201122
v -9.341239 4.713290 0.270000
v -9.330284 4.564698 0.271554
v -9.357467 4.816123 0.269067
v -9.380920 4.875232 0.269896
v -9.158516 4.560202 -0.021013
v -9.407344 4.893624 0.270725
v -9.407344 4.893624 0.270725
v -9.134709 4.302738 -0.158666
v -9.156147 4.299869 -0.168214
v -9.187071 4.306182 -0.158666
v -9.187071 4.306182 -0.158666
v -9.127322 4.315673 -0.130030
v -9.134709 4.302738 -0.158666
v -9.223108 4.321337 -0.130030
v -9.260876 4.344040 -0.083091
v -9.334693 4.594971 0.049419
v -9.372977 4.771452 0.125271
v -9.300104 4.368400 -0.021738
v -9.408442 4.866946 0.200811
v -9.431375 4.873543 0.269896
v -9.132080 4.520930 -0.080888
v -9.137321 4.338080 -0.083091
v -9.238821 4.394452 0.125271
v -9.280685 4.387461 0.201213
v -9.197731 4.384945 0.049329
v -9.321490 4.368400 0.272280
v -9.370554 4.526608 0.331430
v -9.380122 4.660965 0.326517
v -9.360719 4.344040 0.333632
v -9.393764 4.748789 0.323104
v -9.416469 4.792600 0.326202
v -9.380920 4.875232 0.269896
v -9.407344 4.893624 0.270725
v -9.416469 4.792600 0.326202
v -9.162231 4.363709 -0.021738
v -9.441811 4.804442 0.328913
v -9.431375 4.873543 0.269896
v -9.148633 4.083880 -0.159360
v -9.140102 4.090697 -0.130577
v -9.148633 4.083880 -0.159360
v -9.170543 4.082952 -0.168955
v -9.201276 4.087352 -0.159360
v -9.201276 4.087352 -0.159360
v -9.148182 4.102975 -0.083406
v -9.236405 4.096405 -0.130578
v -9.272394 4.108976 -0.083406
v -9.380136 4.606579 0.125271
v -9.340911 4.387461 0.049329
v -9.420398 4.752948 0.200928
v -9.308802 4.121953 -0.021842
v -9.449757 4.813050 0.269067
v -9.462455 4.790462 0.326202
v -9.462455 4.790462 0.326202
v -9.170205 4.117234 -0.021842
v -9.275824 4.131788 0.201226
v -9.238444 4.134984 0.125271
v -9.312793 4.121953 0.272383
v -9.201842 4.129260 0.049316
v -9.349202 4.108976 0.333947
v -9.408234 4.492666 0.376736
v -9.398485 4.321337 0.380571
v -9.414272 4.617272 0.367278
v -9.385189 4.096405 0.381119
v -9.416755 4.692215 0.355534
v -9.438841 4.699872 0.366730
v -9.438841 4.699872 0.366730
v -9.463980 4.702490 0.372354
v -9.167151 3.805860 -0.158996
v -9.157025 3.808471 -0.130250
v -9.167151 3.805860 -0.158996
v -9.162330 3.814100 -0.083138
v -9.189558 3.806333 -0.168578
v -9.219726 3.809323 -0.158996
v -9.219726 3.809323 -0.158996
v -9.180459 3.821018 -0.021654
v -9.253206 3.814164 -0.130250
v -9.286383 3.820086 -0.083138
v -9.424832 4.592550 0.201122
v -9.382773 4.394452 0.125271
v -9.345771 4.131788 0.049316
v -9.460268 4.709304 0.270000
v -9.318878 3.825725 -0.021654
v -9.477099 4.744973 0.323104
v -9.481703 4.697475 0.366730
v -9.481703 4.697475 0.366730
v -9.207285 3.827108 0.049413
v -9.270565 3.829630 0.201128
v -9.302716 3.825725 0.272195
v -9.238537 3.830391 0.125271
v -9.335212 3.820086 0.333680
v -9.368390 3.814164 0.380791
v -9.434525 4.306182 0.409208
v -9.443705 4.472515 0.404350
v -9.420319 4.087352 0.409902
v -9.446335 4.598558 0.391380
v -9.401869 3.809323 0.409537
v -9.473971 4.593843 0.399538
v -9.446335 4.598558 0.391380
v -9.492283 4.595726 0.391380
v -9.189601 3.481693 -0.156444
v -9.177553 3.482079 -0.127956
v -9.189601 3.481693 -0.156444
v -9.179440 3.484175 -0.081268
v -9.192878 3.487193 -0.020335
v -9.212472 3.482886 -0.165941
v -9.241708 3.485094 -0.156444
v -9.241708 3.485094 -0.156444
v -9.214075 3.490130 0.050094
v -9.272871 3.487669 -0.127956
v -9.302383 3.490054 -0.081268
v -9.463078 4.560202 0.271554
v -9.423865 4.384945 0.201213
v -9.383150 4.134984 0.125271
v -9.351031 3.829630 0.049413
v -9.486809 4.655994 0.326517
v -9.330057 3.491815 -0.020335
v -9.489006 4.688363 0.355534
v -9.497565 4.612604 0.367278
v -9.492283 4.595726 0.391380
v -9.239185 3.492107 0.125271
v -9.291538 3.491815 0.270876
v -9.265064 3.492607 0.200447
v -9.319211 3.490054 0.331809
v -9.348723 3.487669 0.378498
v -9.379889 3.485094 0.406986
v -9.434525 4.306182 0.409208
v -9.465449 4.299869 0.418756
v -9.451052 4.082952 0.419496
v -9.420319 4.087352 0.409902
v -9.443705 4.472515 0.404350
v -9.473766 4.465383 0.413574
v -9.432038 3.806333 0.419119
v -9.401869 3.809323 0.409537
v -9.409122 3.482886 0.416482
v -9.379889 3.485094 0.406986
v -9.494081 4.469258 0.404350
v -9.500418 4.487298 0.376736
v -9.494081 4.469258 0.404350
v -9.177553 3.482079 -0.127956
v -9.201045 3.128810 -0.121731
v -9.215021 3.129311 -0.149519
v -9.199221 3.129453 -0.076190
v -9.201045 3.128810 -0.121731
v -9.207493 3.130849 -0.016756
v -9.222522 3.132465 0.051942
v -9.238070 3.130739 -0.158782
v -9.265852 3.132547 -0.149519
v -9.265852 3.132547 -0.149519
v -9.240946 3.133868 0.125271
v -9.294030 3.134129 -0.121731
v -9.319146 3.135046 -0.076190
v -9.459363 4.363709 0.272280
v -9.489515 4.520930 0.331430
v -9.419752 4.129259 0.201226
v -9.383059 3.830391 0.125271
v -9.356531 3.492607 0.050094
v -9.341303 3.135247 -0.016756
v -9.260119 3.134823 0.198599
v -9.302448 3.135046 0.326732
v -9.280293 3.135247 0.267297
v -9.327566 3.134129 0.372273
v -9.355742 3.132547 0.400061
v -9.383525 3.130739 0.409323
v -9.355742 3.132547 0.400061
v -9.472961 4.083880 0.409902
v -9.486885 4.302738 0.409208
v -9.454445 3.805860 0.409537
v -9.431993 3.481693 0.406986
v -9.406574 3.129311 0.400061
v -9.494272 4.315673 0.380571
v -9.486885 4.302738 0.409208
v -9.484275 4.338080 0.333632
v -9.226185 2.765908 -0.109609
v -9.220818 2.766151 -0.066303
v -9.226185 2.765908 -0.109609
v -9.241690 2.766589 -0.136033
v -9.223938 2.767059 -0.009785
v -9.232732 2.768248 0.055541
v -9.244374 2.769411 0.125271
v -9.264350 2.767959 -0.144841
v -9.290035 2.769515 -0.136033
v -9.290035 2.769515 -0.136033
v -9.256727 2.770380 0.195001
v -9.314618 2.770717 -0.109609
v -9.334869 2.771209 -0.066303
v -9.451389 4.117234 0.272383
v -9.414310 3.827108 0.201128
v -9.382409 3.492107 0.125271
v -9.361477 3.134823 0.051942
v -9.351186 2.771036 -0.009785
v -9.270409 2.771036 0.260327
v -9.306976 2.770718 0.360150
v -9.286725 2.771209 0.316844
v -9.331561 2.769515 0.386574
v -9.357246 2.767959 0.395382
v -9.331561 2.769515 0.386574
v -9.379905 2.766589 0.386574
v -9.472961 4.083880 0.409902
v -9.481492 4.090697 0.381119
v -9.464569 3.808471 0.380791
v -9.454445 3.805860 0.409537
v -9.444042 3.482079 0.378498
v -9.431993 3.481693 0.406986
v -9.444042 3.482079 0.378498
v -9.420549 3.128810 0.372273
v -9.395411 2.765908 0.360150
v -9.473414 4.102975 0.333947
v -9.250795 2.412861 -0.090506
v -9.242670 2.412391 -0.050772
v -9.250795 2.412861 -0.090506
v -9.241342 2.412128 0.001149
v -9.267024 2.413071 -0.114674
v -9.244511 2.412612 0.061183
v -9.249940 2.413494 0.125271
v -9.256014 2.414407 0.189358
v -9.288505 2.413794 -0.122701
v -9.311377 2.415536 -0.114674
v -9.311377 2.415536 -0.114674
v -9.263641 2.415478 0.249392
v -9.331903 2.416913 -0.090506
v -9.347230 2.416652 -0.050772
v -9.441137 3.821018 0.272195
v -9.407521 3.490130 0.200447
v -9.380650 3.133868 0.125271
v -9.364867 2.770380 0.055541
v -9.357955 2.415478 0.001149
v -9.274364 2.416652 0.301314
v -9.310220 2.415536 0.365215
v -9.289692 2.416914 0.341048
v -9.333091 2.413793 0.373242
v -9.310220 2.415536 0.365215
v -9.354571 2.413071 0.365215
v -9.370799 2.412861 0.341048
v -9.459267 3.814100 0.333680
v -9.442154 3.484175 0.331809
v -9.422376 3.129453 0.326732
v -9.420549 3.128810 0.372273
v -9.400779 2.766151 0.316844
v -9.395411 2.765908 0.360150
v -9.378926 2.412391 0.301314
v -9.370799 2.412861 0.341048
v -9.271914 2.098341 -0.066872
v -9.262519 2.094059 -0.031845
v -9.271914 2.098341 -0.066872
v -9.258309 2.087395 0.014393
v -9.257246 2.084728 0.067999
v -9.287831 2.095192 -0.087626
v -9.257766 2.084962 0.125271
v -9.258832 2.086126 0.182542
v -9.261545 2.090005 0.236148
v -9.307403 2.092393 -0.094317
v -9.326811 2.097113 -0.087626
v -9.326811 2.097113 -0.087626
v -9.267616 2.097385 0.282386
v -9.343072 2.101506 -0.066872
v -9.353980 2.097385 -0.031845
v -9.428717 3.487193 0.270876
v -9.399073 3.132465 0.198599
v -9.377220 2.769411 0.125271
v -9.365581 2.414407 0.061183
v -9.360049 2.090005 0.014393
v -9.278523 2.101506 0.317413
v -9.314194 2.092393 0.344858
v -9.294785 2.097114 0.338168
v -9.294785 2.097114 0.338168
v -9.333764 2.095192 0.338168
v -9.349681 2.098341 0.317413
v -9.359077 2.094059 0.282386
v -9.349681 2.098341 0.317413
v -9.414104 3.130849 0.267297
v -9.397657 2.767059 0.260327
v -9.380254 2.412128 0.249392
v -9.363286 2.087395 0.236148
v -9.287872 1.851819 -0.042296
v -9.279362 1.836266 -0.012815
v -9.287872 1.851819 -0.042296
v -9.274258 1.814215 0.027636
v -9.270669 1.804627 0.074814
v -9.267890 1.803684 0.125271
v -9.302279 1.838265 -0.057711
v -9.265520 1.805624 0.175727
v -9.264748 1.816081 0.222905
v -9.267334 1.838660 0.263356
v -9.319431 1.826692 -0.062212
v -9.335129 1.839656 -0.057711
v -9.335129 1.839656 -0.057711
v -9.274479 1.854117 0.292838
v -9.347116 1.854117 -0.042296
v -9.354260 1.838660 -0.012815
v -9.388865 2.768248 0.195001
v -9.371655 2.413494 0.125271
v -9.362763 2.086126 0.067999
v -9.356848 1.816081 0.027636
v -9.286466 1.839656 0.308252
v -9.319315 1.838265 0.308252
v -9.302163 1.826692 0.312753
v -9.286466 1.839656 0.308252
v -9.333724 1.851819 0.292838
v -9.342235 1.836266 0.263356
v -9.333724 1.851819 0.292838
v -9.347337 1.814215 0.222905
v -9.377084 2.412612 0.189358
v -9.364348 2.084728 0.182542
v -9.350927 1.804627 0.175727
v -9.297490 1.704864 -0.023216
v -9.294273 1.651646 0.001550
v -9.297490 1.704864 -0.023216
v -9.289753 1.608885 0.038177
v -9.284980 1.591718 0.080408
v -9.280352 1.589526 0.125271
v -9.275980 1.592348 0.170134
v -9.309538 1.654483 -0.026355
v -9.272981 1.610071 0.212365
v -9.272904 1.653204 0.248992
v -9.275501 1.706534 0.273757
v -9.324831 1.629510 -0.027804
v -9.319431 1.826692 -0.062212
v -9.324831 1.629510 -0.027804
v -9.338071 1.655485 -0.026355
v -9.283524 1.655485 0.276897
v -9.346095 1.706534 -0.023216
v -9.348692 1.653204 0.001550
v -9.363829 2.084962 0.125271
v -9.356074 1.805624 0.074814
v -9.348616 1.610071 0.038177
v -9.302163 1.826692 0.312753
v -9.296764 1.629510 0.278345
v -9.312057 1.654483 0.276897
v -9.324105 1.704864 0.273757
v -9.296764 1.629510 0.278345
v -9.327322 1.651646 0.248992
v -9.324105 1.704864 0.273757
v -9.331843 1.608885 0.212365
v -9.336615 1.591718 0.170134
v -9.353705 1.803684 0.125271
v -9.341244 1.589526 0.125271
v -9.309546 1.542795 0.007102
v -9.294273 1.651646 0.001550
v -9.305654 1.484022 0.043911
v -9.309546 1.542795 0.007102
v -9.300451 1.462066 0.083778
v -9.294982 1.459045 0.125271
v -9.289634 1.462368 0.166763
v -9.285275 1.484600 0.206630
v -9.324888 1.506220 0.008036
v -9.283161 1.543585 0.243439
v -9.338433 1.543585 0.007102
v -9.324888 1.506220 0.008036
v -9.345615 1.592348 0.080408
v -9.336321 1.484599 0.043911
v -9.296707 1.506220 0.242505
v -9.296707 1.506220 0.242505
v -9.312049 1.542795 0.243439
v -9.327322 1.651646 0.248992
v -9.315941 1.484022 0.206630
v -9.312049 1.542795 0.243439
v -9.321145 1.462066 0.166763
v -9.326613 1.459045 0.125271
v -9.331963 1.462368 0.083778
v -9.321558 1.442498 0.045517
v -9.305654 1.484022 0.043911
v -9.316469 1.418934 0.084864
v -9.321558 1.442498 0.045517
v -9.310798 1.415551 0.125271
v -9.305125 1.418934 0.165678
v -9.300037 1.442498 0.205024
v -9.321558 1.442498 0.045517
v -9.300037 1.442498 0.205024
v -9.315941 1.484022 0.206630
v -9.305125 1.418934 0.165678
v -9.300037 1.442498 0.205024
v -9.310798 1.415551 0.125271
v -9.316469 1.418934 0.084864
vt -0.024923 0.020393 0.000000
vt -0.053548 -0.091622 0.000000
vt 0.000000 0.000000 0.000000
vt 0.026891 0.112443 0.000000
vt -0.024819 0.013180 0.000000
vt 0.000000 0.000000 0.000000
vt -0.056643 0.061433 0.000000
vt -0.010175 -0.029630 0.000000
vt 0.000000 0.000000 0.000000
vt 0.048645 0.098103 0.000000
vt -0.023769 0.021728 0.000000
vt 0.000000 0.000000 0.000000
vt -0.018795 -0.025064 0.000000
vt 0.011659 -0.111316 0.000000
vt 0.000000 0.000000 0.000000
vt -0.009438 -0.033236 0.000000
vt 0.048597 -0.093355 0.000000
vt 0.000000 0.000000 0.000000
vt 0.015476 0.103431 0.000000
vt -0.024689 0.007889 0.000000
vt 0.000000 0.000000 0.000000
vt -0.025134 0.012569 0.000000
vt -0.032462 -0.098427 0.000000
vt 0.000000 0.000000 0.000000
vt -0.020403 0.045036 0.000000
vt -0.037401 -0.058156 0.000000
vt 0.000000 0.000000 0.000000
vt 0.043123 0.130859 0.000000
vt -0.019716 0.045341 0.000000
vt 0.000000 0.000000 0.000000
vt -0.018217 0.060933 0.000000
vt -0.062876 -0.069410 0.000000
vt 0.000000 0.000000 0.000000
vt 0.063780 0.124386 0.000000
vt -0.017144 0.061244 0.000000
vt 0.000000 0.000000 0.000000
vt -0.023128 0.025810 0.000000
vt -0.073953 -0.071181 0.000000
vt 0.000000 0.000000 0.000000
vt 0.006720 0.111034 0.000000
vt -0.025741 0.002780 0.000000
vt 0.000000 0.000000 0.000000
vt -0.019719 -0.015497 0.000000
vt -0.000702 -0.113014 0.000000
vt 0.000000 0.000000 0.000000
vt -0.028412 0.086946 0.000000
vt -0.017877 -0.017590 0.000000
vt 0.000000 0.000000 0.000000
vt 0.006851 -0.070985 0.000000
vt 0.079619 -0.064129 0.000000
vt 0.000000 0.000000 0.000000
vt -0.080083 -0.047647 0.000000
vt 0.009993 -0.070611 0.000000
vt 0.000000 0.000000 0.000000
vt 0.010838 -0.073123 0.000000
vt 0.090871 -0.025393 0.000000
vt 0.000000 0.000000 0.000000
vt -0.079755 0.002208 0.000000
vt 0.007485 -0.033729 0.000000
vt 0.000000 0.000000 0.000000
vt -0.072767 -0.006870 0.000000
vt 0.005469 -0.062992 0.000000
vt 0.000000 0.000000 0.000000
vt 0.001033 -0.063221 0.000000
vt 0.059158 -0.086828 0.000000
vt 0.000000 0.000000 0.000000
vt 0.007764 -0.034491 0.000000
vt 0.087520 -0.036699 0.000000
vt 0.000000 0.000000 0.000000
vt 0.069582 0.060933 0.000000
vt -0.019629 0.028561 0.000000
vt 0.000000 0.000000 0.000000
vt 0.043529 0.095062 0.000000
vt 0.018803 0.102833 0.000000
vt 0.000000 0.000000 0.000000
vt 0.041982 0.108583 0.000000
vt 0.016230 0.111264 0.000000
vt 0.000000 0.000000 0.000000
vt 0.013391 0.103677 0.000000
vt -0.028798 -0.004826 0.000000
vt 0.000000 0.000000 0.000000
vt 0.045270 0.132737 0.000000
vt 0.006274 0.075638 0.000000
vt 0.000000 0.000000 0.000000
vt 0.004299 0.075776 0.000000
vt -0.040014 -0.018922 0.000000
vt 0.000000 0.000000 0.000000
vt -0.007514 0.088625 0.000000
vt -0.052846 -0.044091 0.000000
vt 0.000000 0.000000 0.000000
vt 0.057746 0.156693 0.000000
vt -0.006653 0.088694 0.000000
vt 0.000000 0.000000 0.000000
vt -0.009732 0.103653 0.000000
vt -0.068279 -0.052743 0.000000
vt 0.000000 0.000000 0.000000
vt 0.072160 0.156634 0.000000
vt -0.009292 0.103693 0.000000
vt 0.000000 0.000000 0.000000
vt -0.015640 0.069622 0.000000
vt -0.080679 -0.054111 0.000000
vt 0.000000 0.000000 0.000000
vt -0.018881 0.029890 0.000000
vt -0.089385 -0.029973 0.000000
vt 0.000000 0.000000 0.000000
vt 0.076820 0.094356 0.000000
vt -0.014236 0.069923 0.000000
vt 0.000000 0.000000 0.000000
vt 0.019273 0.110409 0.000000
vt 0.000726 0.105223 0.000000
vt 0.000000 0.000000 0.000000
vt -0.001209 0.112435 0.000000
vt -0.020040 0.001950 0.000000
vt 0.000000 0.000000 0.000000
vt -0.018185 0.097676 0.000000
vt -0.018436 -0.005569 0.000000
vt 0.000000 0.000000 0.000000
vt -0.058062 0.023764 0.000000
vt -0.001736 -0.047857 0.000000
vt 0.000000 0.000000 0.000000
vt -0.006277 -0.047475 0.000000
vt 0.035234 -0.097047 0.000000
vt 0.000000 0.000000 0.000000
vt 0.073986 0.060358 0.000000
vt -0.005644 0.114484 0.000000
vt 0.000000 0.000000 0.000000
vt -0.006262 0.114452 0.000000
vt -0.089276 0.018578 0.000000
vt 0.000000 0.000000 0.000000
vt 0.082895 0.095976 0.000000
vt -0.007340 0.118304 0.000000
vt 0.000000 0.000000 0.000000
vt -0.007691 0.118282 0.000000
vt -0.089637 -0.016418 0.000000
vt 0.000000 0.000000 0.000000
vt -0.077352 -0.093921 0.000000
vt 0.013060 -0.072759 0.000000
vt 0.000000 0.000000 0.000000
vt 0.081576 0.134924 0.000000
vt -0.008949 0.114252 0.000000
vt 0.000000 0.000000 0.000000
vt 0.014237 -0.069923 0.000000
vt 0.091056 0.024434 0.000000
vt 0.000000 0.000000 0.000000
vt -0.070504 -0.059865 0.000000
vt 0.018882 -0.029890 0.000000
vt 0.000000 0.000000 0.000000
vt 0.055612 0.035819 0.000000
vt -0.004628 0.104180 0.000000
vt 0.000000 0.000000 0.000000
vt -0.005650 0.104130 0.000000
vt -0.079665 0.043807 0.000000
vt 0.000000 0.000000 0.000000
vt 0.019630 -0.028562 0.000000
vt 0.089212 0.032372 0.000000
vt 0.000000 0.000000 0.000000
vt 0.079756 -0.002207 0.000000
vt -0.007765 0.034491 0.000000
vt 0.000000 0.000000 0.000000
vt 0.032352 0.133917 0.000000
vt 0.003540 0.129175 0.000000
vt 0.000000 0.000000 0.000000
vt 0.045218 0.145433 0.000000
vt 0.005146 0.126632 0.000000
vt 0.000000 0.000000 0.000000
vt 0.000978 0.126733 0.000000
vt -0.031434 -0.007170 0.000000
vt 0.000000 0.000000 0.000000
vt 0.016529 0.125202 0.000000
vt -0.003517 0.127096 0.000000
vt 0.000000 0.000000 0.000000
vt -0.005770 0.129094 0.000000
vt -0.022310 0.003893 0.000000
vt 0.000000 0.000000 0.000000
vt 0.000595 0.125109 0.000000
vt -0.044916 -0.020232 0.000000
vt 0.000000 0.000000 0.000000
vt 0.055632 0.168944 0.000000
vt 0.002594 0.125084 0.000000
vt 0.000000 0.000000 0.000000
vt 0.066465 0.187258 0.000000
vt -0.002011 0.134771 0.000000
vt 0.000000 0.000000 0.000000
vt -0.002804 0.134757 0.000000
vt -0.058868 -0.034044 0.000000
vt 0.000000 0.000000 0.000000
vt -0.009207 0.114232 0.000000
vt -0.082042 -0.042089 0.000000
vt 0.000000 0.000000 0.000000
vt 0.077164 0.190836 0.000000
vt -0.004966 0.148921 0.000000
vt 0.000000 0.000000 0.000000
vt -0.005167 0.148914 0.000000
vt -0.072114 -0.038172 0.000000
vt 0.000000 0.000000 0.000000
vt -0.013061 0.072759 0.000000
vt -0.090412 -0.021161 0.000000
vt 0.000000 0.000000 0.000000
vt 0.081576 0.134925 0.000000
vt -0.008949 0.114252 0.000000
vt 0.000000 0.000000 0.000000
vt -0.007485 0.033728 0.000000
vt -0.087241 0.035935 0.000000
vt 0.000000 0.000000 0.000000
vt 0.080033 0.047731 0.000000
vt -0.010838 0.073123 0.000000
vt 0.000000 0.000000 0.000000
vt -0.040014 0.050787 0.000000
vt -0.012916 -0.009743 0.000000
vt 0.000000 0.000000 0.000000
vt 0.006578 0.086091 0.000000
vt -0.006700 0.076848 0.000000
vt 0.000000 0.000000 0.000000
vt -0.019745 0.103356 0.000000
vt -0.024489 0.017144 0.000000
vt 0.000000 0.000000 0.000000
vt 0.016171 0.108517 0.000000
vt -0.008493 0.125408 0.000000
vt 0.000000 0.000000 0.000000
vt -0.012119 0.126565 0.000000
vt -0.028322 0.018053 0.000000
vt 0.000000 0.000000 0.000000
vt 0.028920 0.032530 0.000000
vt -0.005160 0.089423 0.000000
vt 0.000000 0.000000 0.000000
vt -0.006642 0.089325 0.000000
vt -0.062260 0.053516 0.000000
vt 0.000000 0.000000 0.000000
vt 0.085532 0.146469 0.000000
vt -0.003757 0.164986 0.000000
vt 0.000000 0.000000 0.000000
vt -0.002404 0.160441 0.000000
vt -0.088039 0.014032 0.000000
vt 0.000000 0.000000 0.000000
vt 0.077410 0.116784 0.000000
vt -0.002336 0.160442 0.000000
vt 0.000000 0.000000 0.000000
vt 0.084467 0.176721 0.000000
vt -0.005180 0.160360 0.000000
vt 0.000000 0.000000 0.000000
vt -0.003710 0.164987 0.000000
vt -0.088422 -0.011616 0.000000
vt 0.000000 0.000000 0.000000
vt 0.077164 0.190836 0.000000
vt -0.004966 0.148921 0.000000
vt 0.000000 0.000000 0.000000
vt -0.009207 0.114231 0.000000
vt -0.082042 -0.042089 0.000000
vt 0.000000 0.000000 0.000000
vt -0.005142 0.160361 0.000000
vt -0.082705 -0.030314 0.000000
vt 0.000000 0.000000 0.000000
vt -0.065038 -0.123732 0.000000
vt 0.015641 -0.069622 0.000000
vt 0.000000 0.000000 0.000000
vt 0.072160 0.156634 0.000000
vt -0.009292 0.103694 0.000000
vt 0.000000 0.000000 0.000000
vt 0.017144 -0.061244 0.000000
vt 0.080924 0.063141 0.000000
vt 0.000000 0.000000 0.000000
vt -0.050824 -0.096991 0.000000
vt 0.023128 -0.025811 0.000000
vt 0.000000 0.000000 0.000000
vt -0.002699 0.149111 0.000000
vt -0.080146 0.032351 0.000000
vt 0.000000 0.000000 0.000000
vt 0.059854 0.095801 0.000000
vt -0.002581 0.149113 0.000000
vt 0.000000 0.000000 0.000000
vt 0.023770 -0.021728 0.000000
vt 0.072413 0.076375 0.000000
vt 0.000000 0.000000 0.000000
vt 0.058037 -0.060118 0.000000
vt 0.009436 0.033235 0.000000
vt 0.000000 0.000000 0.000000
vt 0.013754 0.162653 0.000000
vt -0.008559 0.166527 0.000000
vt 0.000000 0.000000 0.000000
vt -0.009705 0.165521 0.000000
vt -0.023468 0.002869 0.000000
vt 0.000000 0.000000 0.000000
vt 0.024937 0.172815 0.000000
vt -0.006505 0.165677 0.000000
vt 0.000000 0.000000 0.000000
vt -0.007402 0.166492 0.000000
vt -0.032363 -0.006319 0.000000
vt 0.000000 0.000000 0.000000
vt 0.040440 0.186779 0.000000
vt -0.004498 0.166596 0.000000
vt 0.000000 0.000000 0.000000
vt 0.023314 0.153656 0.000000
vt -0.005011 0.171704 0.000000
vt 0.000000 0.000000 0.000000
vt -0.006412 0.166623 0.000000
vt -0.029571 0.012944 0.000000
vt 0.000000 0.000000 0.000000
vt -0.005401 0.171563 0.000000
vt -0.046023 -0.015176 0.000000
vt 0.000000 0.000000 0.000000
vt 0.055284 0.205609 0.000000
vt -0.003611 0.171610 0.000000
vt 0.000000 0.000000 0.000000
vt -0.004616 0.182788 0.000000
vt -0.060236 -0.022730 0.000000
vt 0.000000 0.000000 0.000000
vt 0.068220 0.220943 0.000000
vt -0.003912 0.182804 0.000000
vt 0.000000 0.000000 0.000000
vt -0.005143 0.160361 0.000000
vt -0.082706 -0.030314 0.000000
vt 0.000000 0.000000 0.000000
vt 0.084467 0.176721 0.000000
vt -0.005181 0.160359 0.000000
vt 0.000000 0.000000 0.000000
vt -0.007692 0.118282 0.000000
vt -0.089638 -0.016419 0.000000
vt 0.000000 0.000000 0.000000
vt -0.004229 0.196451 0.000000
vt -0.072815 -0.024379 0.000000
vt 0.000000 0.000000 0.000000
vt 0.078604 0.226750 0.000000
vt -0.004108 0.196453 0.000000
vt 0.000000 0.000000 0.000000
vt -0.009993 0.070611 0.000000
vt -0.090077 0.022963 0.000000
vt 0.000000 0.000000 0.000000
vt 0.082895 0.095977 0.000000
vt -0.007341 0.118304 0.000000
vt 0.000000 0.000000 0.000000
vt 0.072768 0.006855 0.000000
vt -0.006851 0.070984 0.000000
vt 0.000000 0.000000 0.000000
vt 0.010172 0.029630 0.000000
vt -0.046474 0.091059 0.000000
vt 0.000000 0.000000 0.000000
vt -0.013024 0.076032 0.000000
vt -0.041994 0.043547 0.000000
vt 0.000000 0.000000 0.000000
vt 0.036728 0.091679 0.000000
vt -0.005426 0.135072 0.000000
vt 0.000000 0.000000 0.000000
vt -0.009861 0.125308 0.000000
vt -0.046599 0.033633 0.000000
vt 0.000000 0.000000 0.000000
vt 0.045798 0.149288 0.000000
vt -0.000790 0.182937 0.000000
vt 0.000000 0.000000 0.000000
vt -0.002343 0.171761 0.000000
vt -0.047984 0.022424 0.000000
vt 0.000000 0.000000 0.000000
vt -0.005587 0.135065 0.000000
vt -0.065452 0.039272 0.000000
vt 0.000000 0.000000 0.000000
vt 0.086705 0.198110 0.000000
vt -0.001335 0.212139 0.000000
vt 0.000000 0.000000 0.000000
vt -0.001275 0.212140 0.000000
vt -0.086717 -0.006991 0.000000
vt 0.000000 0.000000 0.000000
vt 0.085287 0.219191 0.000000
vt -0.003136 0.207579 0.000000
vt 0.000000 0.000000 0.000000
vt 0.080531 0.175258 0.000000
vt 0.000384 0.207607 0.000000
vt 0.000000 0.000000 0.000000
vt 0.000381 0.207607 0.000000
vt -0.086346 0.009507 0.000000
vt 0.000000 0.000000 0.000000
vt -0.003050 0.207581 0.000000
vt -0.081947 -0.019067 0.000000
vt 0.000000 0.000000 0.000000
vt 0.078603 0.226750 0.000000
vt -0.004108 0.196453 0.000000
vt 0.000000 0.000000 0.000000
vt -0.005167 0.148914 0.000000
vt -0.072114 -0.038172 0.000000
vt 0.000000 0.000000 0.000000
vt 0.066464 0.187258 0.000000
vt -0.002013 0.134771 0.000000
vt 0.000000 0.000000 0.000000
vt -0.009732 0.103653 0.000000
vt -0.068280 -0.052743 0.000000
vt 0.000000 0.000000 0.000000
vt -0.004229 0.196451 0.000000
vt -0.072815 -0.024379 0.000000
vt 0.000000 0.000000 0.000000
vt 0.068220 0.220943 0.000000
vt -0.003912 0.182804 0.000000
vt 0.000000 0.000000 0.000000
vt 0.057747 0.156694 0.000000
vt -0.006652 0.088694 0.000000
vt 0.000000 0.000000 0.000000
vt -0.044659 -0.130343 0.000000
vt 0.018217 -0.060933 0.000000
vt 0.000000 0.000000 0.000000
vt -0.028622 -0.112016 0.000000
vt 0.024925 -0.020393 0.000000
vt 0.000000 0.000000 0.000000
vt 0.019715 -0.045341 0.000000
vt 0.062839 0.085518 0.000000
vt 0.000000 0.000000 0.000000
vt 0.001029 0.196526 0.000000
vt -0.079439 0.021239 0.000000
vt 0.000000 0.000000 0.000000
vt 0.066326 0.157248 0.000000
vt 0.000878 0.196527 0.000000
vt 0.000000 0.000000 0.000000
vt 0.024821 -0.013180 0.000000
vt 0.051709 0.099264 0.000000
vt 0.000000 0.000000 0.000000
vt 0.030457 -0.086251 0.000000
vt 0.018793 0.025064 0.000000
vt 0.000000 0.000000 0.000000
vt 0.010480 0.216047 0.000000
vt -0.012987 0.218916 0.000000
vt 0.000000 0.000000 0.000000
vt 0.026137 0.212358 0.000000
vt -0.003428 0.225313 0.000000
vt 0.000000 0.000000 0.000000
vt -0.004441 0.219256 0.000000
vt -0.030018 0.006829 0.000000
vt 0.000000 0.000000 0.000000
vt -0.013479 0.216977 0.000000
vt -0.023918 0.000928 0.000000
vt 0.000000 0.000000 0.000000
vt 0.018806 0.223287 0.000000
vt -0.013558 0.216972 0.000000
vt 0.000000 0.000000 0.000000
vt 0.035207 0.234193 0.000000
vt -0.010819 0.219025 0.000000
vt 0.000000 0.000000 0.000000
vt -0.013368 0.218884 0.000000
vt -0.032196 -0.004401 0.000000
vt 0.000000 0.000000 0.000000
vt 0.050162 0.212916 0.000000
vt 0.002181 0.235346 0.000000
vt 0.000000 0.000000 0.000000
vt 0.001801 0.225332 0.000000
vt -0.047854 0.012297 0.000000
vt 0.000000 0.000000 0.000000
vt 0.052140 0.247909 0.000000
vt -0.008097 0.225180 0.000000
vt 0.000000 0.000000 0.000000
vt -0.010007 0.225104 0.000000
vt -0.045414 -0.009059 0.000000
vt 0.000000 0.000000 0.000000
vt -0.006815 0.235248 0.000000
vt -0.059331 -0.012582 0.000000
vt 0.000000 0.000000 0.000000
vt 0.066738 0.259649 0.000000
vt -0.006077 0.235268 0.000000
vt 0.000000 0.000000 0.000000
vt -0.003709 0.164987 0.000000
vt -0.088421 -0.011616 0.000000
vt 0.000000 0.000000 0.000000
vt 0.085286 0.219191 0.000000
vt -0.003136 0.207579 0.000000
vt 0.000000 0.000000 0.000000
vt -0.003051 0.207581 0.000000
vt -0.081948 -0.019067 0.000000
vt 0.000000 0.000000 0.000000
vt 0.085532 0.146469 0.000000
vt -0.003756 0.164986 0.000000
vt 0.000000 0.000000 0.000000
vt -0.006261 0.114452 0.000000
vt -0.089275 0.018578 0.000000
vt 0.000000 0.000000 0.000000
vt -0.004380 0.246562 0.000000
vt -0.071522 -0.012983 0.000000
vt 0.000000 0.000000 0.000000
vt 0.077652 0.265633 0.000000
vt -0.004295 0.246563 0.000000
vt 0.000000 0.000000 0.000000
vt -0.005469 0.062993 0.000000
vt -0.078235 0.056123 0.000000
vt 0.000000 0.000000 0.000000
vt 0.073987 0.060358 0.000000
vt -0.005644 0.114484 0.000000
vt 0.000000 0.000000 0.000000
vt 0.017876 0.017591 0.000000
vt -0.010537 0.104537 0.000000
vt 0.000000 0.000000 0.000000
vt 0.058126 -0.023607 0.000000
vt -0.001032 0.063221 0.000000
vt 0.000000 0.000000 0.000000
vt -0.000000 0.182939 0.000000
vt -0.066212 0.025642 0.000000
vt 0.000000 0.000000 0.000000
vt 0.069202 0.220945 0.000000
vt 0.002990 0.246586 0.000000
vt 0.000000 0.000000 0.000000
vt 0.003460 0.235331 0.000000
vt -0.065381 0.014273 0.000000
vt 0.000000 0.000000 0.000000
vt 0.084375 0.262700 0.000000
vt -0.002342 0.255708 0.000000
vt 0.000000 0.000000 0.000000
vt -0.000166 0.259468 0.000000
vt -0.084654 -0.003195 0.000000
vt 0.000000 0.000000 0.000000
vt 0.086166 0.249962 0.000000
vt -0.000179 0.259468 0.000000
vt 0.000000 0.000000 0.000000
vt 0.077651 0.265633 0.000000
vt -0.004295 0.246563 0.000000
vt 0.000000 0.000000 0.000000
vt -0.002239 0.255709 0.000000
vt -0.080188 -0.009837 0.000000
vt 0.000000 0.000000 0.000000
vt 0.001777 0.255712 0.000000
vt -0.084314 0.005725 0.000000
vt 0.000000 0.000000 0.000000
vt 0.081279 0.234474 0.000000
vt 0.001840 0.255712 0.000000
vt 0.000000 0.000000 0.000000
vt 0.066739 0.259649 0.000000
vt -0.006076 0.235268 0.000000
vt 0.000000 0.000000 0.000000
vt -0.004380 0.246562 0.000000
vt -0.071523 -0.012983 0.000000
vt 0.000000 0.000000 0.000000
vt 0.055283 0.205609 0.000000
vt -0.003612 0.171610 0.000000
vt 0.000000 0.000000 0.000000
vt -0.002806 0.134757 0.000000
vt -0.058869 -0.034044 0.000000
vt 0.000000 0.000000 0.000000
vt -0.004616 0.182788 0.000000
vt -0.060236 -0.022730 0.000000
vt 0.000000 0.000000 0.000000
vt 0.055631 0.168944 0.000000
vt 0.002593 0.125084 0.000000
vt 0.000000 0.000000 0.000000
vt -0.007513 0.088625 0.000000
vt -0.052846 -0.044091 0.000000
vt 0.000000 0.000000 0.000000
vt 0.052140 0.247909 0.000000
vt -0.008096 0.225180 0.000000
vt 0.000000 0.000000 0.000000
vt -0.006813 0.235248 0.000000
vt -0.059330 -0.012582 0.000000
vt 0.000000 0.000000 0.000000
vt -0.016998 -0.103192 0.000000
vt 0.020402 -0.045036 0.000000
vt 0.000000 0.000000 0.000000
vt 0.045272 0.132737 0.000000
vt 0.006276 0.075638 0.000000
vt 0.000000 0.000000 0.000000
vt -0.007325 -0.110996 0.000000
vt 0.025136 -0.012570 0.000000
vt 0.000000 0.000000 0.000000
vt 0.024689 -0.007889 0.000000
vt 0.040164 0.095542 0.000000
vt 0.000000 0.000000 0.000000
vt 0.003178 0.246584 0.000000
vt -0.077873 0.012031 0.000000
vt 0.000000 0.000000 0.000000
vt 0.025743 -0.002780 0.000000
vt 0.032460 0.108254 0.000000
vt 0.000000 0.000000 0.000000
vt 0.019018 -0.097517 0.000000
vt 0.019718 0.015497 0.000000
vt 0.000000 0.000000 0.000000
vt 0.007110 0.277201 0.000000
vt -0.016809 0.278129 0.000000
vt 0.000000 0.000000 0.000000
vt 0.025739 0.275872 0.000000
vt -0.004279 0.282701 0.000000
vt 0.000000 0.000000 0.000000
vt -0.005713 0.278578 0.000000
vt -0.030477 0.002616 0.000000
vt 0.000000 0.000000 0.000000
vt 0.050678 0.276916 0.000000
vt 0.002823 0.289207 0.000000
vt 0.000000 0.000000 0.000000
vt 0.002337 0.282723 0.000000
vt -0.047408 0.005639 0.000000
vt 0.000000 0.000000 0.000000
vt -0.017340 0.276730 0.000000
vt -0.024369 -0.000472 0.000000
vt 0.000000 0.000000 0.000000
vt 0.013918 0.281070 0.000000
vt -0.018277 0.276670 0.000000
vt 0.000000 0.000000 0.000000
vt 0.030820 0.287319 0.000000
vt -0.014594 0.278259 0.000000
vt 0.000000 0.000000 0.000000
vt -0.017704 0.278078 0.000000
vt -0.031653 -0.002991 0.000000
vt 0.000000 0.000000 0.000000
vt 0.069081 0.282104 0.000000
vt 0.003699 0.296370 0.000000
vt 0.000000 0.000000 0.000000
vt 0.004326 0.289189 0.000000
vt -0.064101 0.006926 0.000000
vt 0.000000 0.000000 0.000000
vt -0.013005 0.282441 0.000000
vt -0.044128 -0.004845 0.000000
vt 0.000000 0.000000 0.000000
vt 0.048750 0.295128 0.000000
vt -0.010580 0.282542 0.000000
vt 0.000000 0.000000 0.000000
vt 0.064082 0.302121 0.000000
vt -0.007439 0.289133 0.000000
vt 0.000000 0.000000 0.000000
vt -0.008318 0.289109 0.000000
vt -0.057621 -0.005927 0.000000
vt 0.000000 0.000000 0.000000
vt -0.002405 0.160441 0.000000
vt -0.088040 0.014032 0.000000
vt 0.000000 0.000000 0.000000
vt 0.086706 0.198110 0.000000
vt -0.001335 0.212139 0.000000
vt 0.000000 0.000000 0.000000
vt -0.001275 0.212140 0.000000
vt -0.086716 -0.006991 0.000000
vt 0.000000 0.000000 0.000000
vt -0.002238 0.255709 0.000000
vt -0.080188 -0.009837 0.000000
vt 0.000000 0.000000 0.000000
vt 0.084375 0.262700 0.000000
vt -0.002341 0.255708 0.000000
vt 0.000000 0.000000 0.000000
vt -0.005650 0.104129 0.000000
vt -0.079665 0.043805 0.000000
vt 0.000000 0.000000 0.000000
vt 0.077410 0.116786 0.000000
vt -0.002337 0.160442 0.000000
vt 0.000000 0.000000 0.000000
vt 0.075343 0.306200 0.000000
vt -0.004845 0.296360 0.000000
vt 0.000000 0.000000 0.000000
vt -0.004896 0.296359 0.000000
vt -0.069543 -0.005641 0.000000
vt 0.000000 0.000000 0.000000
vt 0.001736 0.047857 0.000000
vt -0.056325 0.071622 0.000000
vt 0.000000 0.000000 0.000000
vt 0.055612 0.035818 0.000000
vt -0.004628 0.104179 0.000000
vt 0.000000 0.000000 0.000000
vt 0.018436 0.005569 0.000000
vt 0.000252 0.103245 0.000000
vt 0.000000 0.000000 0.000000
vt 0.041510 -0.049572 0.000000
vt 0.006277 0.047475 0.000000
vt 0.000000 0.000000 0.000000
vt 0.080186 0.290165 0.000000
vt 0.002312 0.302192 0.000000
vt 0.000000 0.000000 0.000000
vt 0.003822 0.296369 0.000000
vt -0.075961 0.006093 0.000000
vt 0.000000 0.000000 0.000000
vt 0.082242 0.305390 0.000000
vt -0.002412 0.302194 0.000000
vt 0.000000 0.000000 0.000000
vt -0.002260 0.302195 0.000000
vt -0.078001 -0.003906 0.000000
vt 0.000000 0.000000 0.000000
vt 0.075343 0.306200 0.000000
vt -0.004845 0.296360 0.000000
vt 0.000000 0.000000 0.000000
vt 0.000036 0.304592 0.000000
vt -0.082342 -0.000761 0.000000
vt 0.000000 0.000000 0.000000
vt 0.084354 0.298868 0.000000
vt 0.000040 0.304592 0.000000
vt 0.000000 0.000000 0.000000
vt -0.004896 0.296359 0.000000
vt -0.069543 -0.005641 0.000000
vt 0.000000 0.000000 0.000000
vt 0.064082 0.302121 0.000000
vt -0.007440 0.289133 0.000000
vt 0.000000 0.000000 0.000000
vt 0.002166 0.302193 0.000000
vt -0.082043 0.003284 0.000000
vt 0.000000 0.000000 0.000000
vt -0.008319 0.289109 0.000000
vt -0.057622 -0.005927 0.000000
vt 0.000000 0.000000 0.000000
vt 0.048751 0.295128 0.000000
vt -0.010578 0.282542 0.000000
vt 0.000000 0.000000 0.000000
vt -0.005402 0.171563 0.000000
vt -0.046025 -0.015176 0.000000
vt 0.000000 0.000000 0.000000
vt 0.040441 0.186779 0.000000
vt -0.004496 0.166595 0.000000
vt 0.000000 0.000000 0.000000
vt 0.000594 0.125109 0.000000
vt -0.044915 -0.020232 0.000000
vt 0.000000 0.000000 0.000000
vt 0.035207 0.234193 0.000000
vt -0.010821 0.219025 0.000000
vt 0.000000 0.000000 0.000000
vt -0.010006 0.225104 0.000000
vt -0.045414 -0.009059 0.000000
vt 0.000000 0.000000 0.000000
vt 0.045216 0.145433 0.000000
vt 0.005146 0.126632 0.000000
vt 0.000000 0.000000 0.000000
vt 0.004301 0.075776 0.000000
vt -0.040014 -0.018922 0.000000
vt 0.000000 0.000000 0.000000
vt -0.013003 0.282441 0.000000
vt -0.044126 -0.004844 0.000000
vt 0.000000 0.000000 0.000000
vt 0.030820 0.287318 0.000000
vt -0.014594 0.278258 0.000000
vt 0.000000 0.000000 0.000000
vt 0.043529 0.095062 0.000000
vt 0.018804 0.102833 0.000000
vt 0.000000 0.000000 0.000000
vt 0.041981 0.108583 0.000000
vt 0.016228 0.111265 0.000000
vt 0.000000 0.000000 0.000000
vt 0.013392 0.103677 0.000000
vt -0.028797 -0.004826 0.000000
vt 0.000000 0.000000 0.000000
vt -0.001211 0.112435 0.000000
vt -0.020040 0.001950 0.000000
vt 0.000000 0.000000 0.000000
vt 0.019272 0.110409 0.000000
vt 0.000725 0.105223 0.000000
vt 0.000000 0.000000 0.000000
vt 0.004724 0.324832 0.000000
vt -0.019645 0.324359 0.000000
vt 0.000000 0.000000 0.000000
vt 0.025926 0.324398 0.000000
vt -0.004551 0.327014 0.000000
vt 0.000000 0.000000 0.000000
vt -0.006376 0.324891 0.000000
vt -0.030931 0.000386 0.000000
vt 0.000000 0.000000 0.000000
vt 0.051283 0.324715 0.000000
vt 0.003875 0.330351 0.000000
vt 0.000000 0.000000 0.000000
vt 0.003178 0.327030 0.000000
vt -0.046727 0.002100 0.000000
vt 0.000000 0.000000 0.000000
vt 0.068921 0.327102 0.000000
vt 0.004820 0.334024 0.000000
vt 0.000000 0.000000 0.000000
vt 0.005550 0.330327 0.000000
vt -0.062397 0.003021 0.000000
vt 0.000000 0.000000 0.000000
vt 0.009010 0.326466 0.000000
vt -0.022643 0.323476 0.000000
vt 0.000000 0.000000 0.000000
vt -0.020170 0.323640 0.000000
vt -0.024764 -0.001194 0.000000
vt 0.000000 0.000000 0.000000
vt -0.021699 0.324257 0.000000
vt -0.030739 -0.002208 0.000000
vt 0.000000 0.000000 0.000000
vt 0.025736 0.329307 0.000000
vt -0.018392 0.324462 0.000000
vt 0.000000 0.000000 0.000000
vt 0.079005 0.330943 0.000000
vt 0.003044 0.337033 0.000000
vt 0.000000 0.000000 0.000000
vt 0.004858 0.334024 0.000000
vt -0.073550 0.002939 0.000000
vt 0.000000 0.000000 0.000000
vt -0.016086 0.326699 0.000000
vt -0.042222 -0.002577 0.000000
vt 0.000000 0.000000 0.000000
vt 0.044355 0.332753 0.000000
vt -0.013266 0.326825 0.000000
vt 0.000000 0.000000 0.000000
vt -0.010151 0.330269 0.000000
vt -0.055234 -0.002387 0.000000
vt 0.000000 0.000000 0.000000
vt 0.060370 0.335940 0.000000
vt -0.009174 0.330297 0.000000
vt 0.000000 0.000000 0.000000
vt -0.002699 0.149112 0.000000
vt -0.080146 0.032351 0.000000
vt 0.000000 0.000000 0.000000
vt 0.080530 0.175258 0.000000
vt 0.000383 0.207607 0.000000
vt 0.000000 0.000000 0.000000
vt 0.000381 0.207607 0.000000
vt -0.086347 0.009507 0.000000
vt 0.000000 0.000000 0.000000
vt -0.000166 0.259468 0.000000
vt -0.084654 -0.003195 0.000000
vt 0.000000 0.000000 0.000000
vt 0.086167 0.249962 0.000000
vt -0.000179 0.259468 0.000000
vt 0.000000 0.000000 0.000000
vt 0.082242 0.305390 0.000000
vt -0.002413 0.302194 0.000000
vt 0.000000 0.000000 0.000000
vt -0.002261 0.302195 0.000000
vt -0.078002 -0.003906 0.000000
vt 0.000000 0.000000 0.000000
vt -0.006642 0.089325 0.000000
vt -0.062261 0.053517 0.000000
vt 0.000000 0.000000 0.000000
vt 0.059854 0.095801 0.000000
vt -0.002581 0.149114 0.000000
vt 0.000000 0.000000 0.000000
vt -0.005831 0.334048 0.000000
vt -0.066923 -0.001761 0.000000
vt 0.000000 0.000000 0.000000
vt 0.072178 0.337956 0.000000
vt -0.005823 0.334048 0.000000
vt 0.000000 0.000000 0.000000
vt 0.012915 0.009743 0.000000
vt -0.027101 0.060528 0.000000
vt 0.000000 0.000000 0.000000
vt 0.028920 0.032530 0.000000
vt -0.005160 0.089423 0.000000
vt 0.000000 0.000000 0.000000
vt 0.006576 0.086091 0.000000
vt -0.006701 0.076848 0.000000
vt 0.000000 0.000000 0.000000
vt -0.019745 0.103356 0.000000
vt -0.024490 0.017144 0.000000
vt 0.000000 0.000000 0.000000
vt 0.082290 0.335001 0.000000
vt 0.000247 0.338285 0.000000
vt 0.000000 0.000000 0.000000
vt 0.002800 0.337035 0.000000
vt -0.079260 0.001978 0.000000
vt 0.000000 0.000000 0.000000
vt 0.072178 0.337956 0.000000
vt -0.005823 0.334049 0.000000
vt 0.000000 0.000000 0.000000
vt -0.002574 0.337059 0.000000
vt -0.075240 -0.000792 0.000000
vt 0.000000 0.000000 0.000000
vt 0.079574 0.337818 0.000000
vt -0.002767 0.337057 0.000000
vt 0.000000 0.000000 0.000000
vt 0.060370 0.335941 0.000000
vt -0.009174 0.330297 0.000000
vt 0.000000 0.000000 0.000000
vt -0.005830 0.334049 0.000000
vt -0.066922 -0.001761 0.000000
vt 0.000000 0.000000 0.000000
vt 0.000211 0.338285 0.000000
vt -0.079506 0.000500 0.000000
vt 0.000000 0.000000 0.000000
vt 0.044354 0.332753 0.000000
vt -0.013267 0.326825 0.000000
vt 0.000000 0.000000 0.000000
vt -0.010151 0.330269 0.000000
vt -0.055234 -0.002387 0.000000
vt 0.000000 0.000000 0.000000
vt 0.025736 0.329307 0.000000
vt -0.018390 0.324462 0.000000
vt 0.000000 0.000000 0.000000
vt -0.016088 0.326699 0.000000
vt -0.042224 -0.002577 0.000000
vt 0.000000 0.000000 0.000000
vt 0.018804 0.223287 0.000000
vt -0.013560 0.216972 0.000000
vt 0.000000 0.000000 0.000000
vt -0.013369 0.218884 0.000000
vt -0.032196 -0.004401 0.000000
vt 0.000000 0.000000 0.000000
vt -0.007400 0.166492 0.000000
vt -0.032363 -0.006319 0.000000
vt 0.000000 0.000000 0.000000
vt 0.024939 0.172815 0.000000
vt -0.006505 0.165676 0.000000
vt 0.000000 0.000000 0.000000
vt 0.000977 0.126733 0.000000
vt -0.031436 -0.007171 0.000000
vt 0.000000 0.000000 0.000000
vt 0.013920 0.281070 0.000000
vt -0.018276 0.276670 0.000000
vt 0.000000 0.000000 0.000000
vt -0.017704 0.278078 0.000000
vt -0.031655 -0.002991 0.000000
vt 0.000000 0.000000 0.000000
vt 0.032353 0.133918 0.000000
vt 0.003542 0.129176 0.000000
vt 0.000000 0.000000 0.000000
vt 0.009010 0.326467 0.000000
vt -0.022645 0.323476 0.000000
vt 0.000000 0.000000 0.000000
vt -0.021697 0.324258 0.000000
vt -0.030738 -0.002208 0.000000
vt 0.000000 0.000000 0.000000
vt 0.016529 0.125202 0.000000
vt -0.003517 0.127096 0.000000
vt 0.000000 0.000000 0.000000
vt -0.005769 0.129095 0.000000
vt -0.022308 0.003894 0.000000
vt 0.000000 0.000000 0.000000
vt 0.016172 0.108517 0.000000
vt -0.008493 0.125408 0.000000
vt 0.000000 0.000000 0.000000
vt -0.012119 0.126565 0.000000
vt -0.028322 0.018053 0.000000
vt 0.000000 0.000000 0.000000
vt 0.027534 0.353701 0.000000
vt -0.003396 0.354088 0.000000
vt 0.000000 0.000000 0.000000
vt -0.005266 0.353327 0.000000
vt -0.031104 -0.000503 0.000000
vt 0.000000 0.000000 0.000000
vt 0.003907 0.353944 0.000000
vt -0.020857 0.352750 0.000000
vt 0.000000 0.000000 0.000000
vt 0.052647 0.353161 0.000000
vt 0.005920 0.355260 0.000000
vt 0.000000 0.000000 0.000000
vt 0.005302 0.354064 0.000000
vt -0.045578 0.000645 0.000000
vt 0.000000 0.000000 0.000000
vt 0.069064 0.353579 0.000000
vt 0.006667 0.356598 0.000000
vt 0.000000 0.000000 0.000000
vt 0.007779 0.355224 0.000000
vt -0.060008 0.001398 0.000000
vt 0.000000 0.000000 0.000000
vt 0.006632 0.356599 0.000000
vt -0.070322 0.001617 0.000000
vt 0.000000 0.000000 0.000000
vt 0.077760 0.354807 0.000000
vt 0.004210 0.357745 0.000000
vt 0.000000 0.000000 0.000000
vt -0.021126 0.352517 0.000000
vt -0.024841 -0.001429 0.000000
vt 0.000000 0.000000 0.000000
vt 0.004181 0.354357 0.000000
vt -0.026558 0.352149 0.000000
vt 0.000000 0.000000 0.000000
vt -0.025095 0.352549 0.000000
vt -0.029285 -0.001808 0.000000
vt 0.000000 0.000000 0.000000
vt 0.019708 0.355299 0.000000
vt -0.022514 0.352723 0.000000
vt 0.000000 0.000000 0.000000
vt 0.079817 0.356266 0.000000
vt 0.000558 0.358243 0.000000
vt 0.000000 0.000000 0.000000
vt 0.003854 0.357749 0.000000
vt -0.075608 0.001403 0.000000
vt 0.000000 0.000000 0.000000
vt 0.038641 0.356226 0.000000
vt -0.016593 0.353839 0.000000
vt 0.000000 0.000000 0.000000
vt -0.019449 0.353693 0.000000
vt -0.039575 -0.001582 0.000000
vt 0.000000 0.000000 0.000000
vt 0.055355 0.357014 0.000000
vt -0.011567 0.355252 0.000000
vt 0.000000 0.000000 0.000000
vt -0.012549 0.355219 0.000000
vt -0.052008 -0.000918 0.000000
vt 0.000000 0.000000 0.000000
vt 0.001029 0.196526 0.000000
vt -0.079438 0.021239 0.000000
vt 0.000000 0.000000 0.000000
vt 0.066327 0.157248 0.000000
vt 0.000879 0.196527 0.000000
vt 0.000000 0.000000 0.000000
vt -0.005587 0.135065 0.000000
vt -0.065452 0.039272 0.000000
vt 0.000000 0.000000 0.000000
vt 0.001778 0.255713 0.000000
vt -0.084314 0.005726 0.000000
vt 0.000000 0.000000 0.000000
vt 0.081279 0.234475 0.000000
vt 0.001841 0.255713 0.000000
vt 0.000000 0.000000 0.000000
vt 0.000036 0.304592 0.000000
vt -0.082342 -0.000761 0.000000
vt 0.000000 0.000000 0.000000
vt 0.084354 0.298867 0.000000
vt 0.000040 0.304592 0.000000
vt 0.000000 0.000000 0.000000
vt -0.002573 0.337059 0.000000
vt -0.075240 -0.000792 0.000000
vt 0.000000 0.000000 0.000000
vt 0.079574 0.337818 0.000000
vt -0.002767 0.337057 0.000000
vt 0.000000 0.000000 0.000000
vt -0.013025 0.076033 0.000000
vt -0.041995 0.043547 0.000000
vt 0.000000 0.000000 0.000000
vt 0.036728 0.091679 0.000000
vt -0.005426 0.135072 0.000000
vt 0.000000 0.000000 0.000000
vt -0.007283 0.356689 0.000000
vt -0.063430 -0.000202 0.000000
vt 0.000000 0.000000 0.000000
vt 0.067930 0.357481 0.000000
vt -0.007310 0.356688 0.000000
vt 0.000000 0.000000 0.000000
vt -0.009861 0.125308 0.000000
vt -0.046600 0.033633 0.000000
vt 0.000000 0.000000 0.000000
vt 0.076150 0.357307 0.000000
vt -0.003357 0.357808 0.000000
vt 0.000000 0.000000 0.000000
vt 0.000445 0.358243 0.000000
vt -0.075794 0.000955 0.000000
vt 0.000000 0.000000 0.000000
vt 0.055355 0.357014 0.000000
vt -0.011567 0.355252 0.000000
vt 0.000000 0.000000 0.000000
vt -0.007283 0.356689 0.000000
vt -0.063430 -0.000202 0.000000
vt 0.000000 0.000000 0.000000
vt 0.067930 0.357481 0.000000
vt -0.007310 0.356688 0.000000
vt 0.000000 0.000000 0.000000
vt -0.003166 0.357810 0.000000
vt -0.071598 0.000425 0.000000
vt 0.000000 0.000000 0.000000
vt -0.012549 0.355219 0.000000
vt -0.052009 -0.000918 0.000000
vt 0.000000 0.000000 0.000000
vt 0.038642 0.356226 0.000000
vt -0.016592 0.353839 0.000000
vt 0.000000 0.000000 0.000000
vt -0.019447 0.353693 0.000000
vt -0.039573 -0.001582 0.000000
vt 0.000000 0.000000 0.000000
vt 0.019707 0.355299 0.000000
vt -0.022516 0.352723 0.000000
vt 0.000000 0.000000 0.000000
vt 0.004180 0.354357 0.000000
vt -0.026557 0.352149 0.000000
vt 0.000000 0.000000 0.000000
vt -0.025097 0.352549 0.000000
vt -0.029286 -0.001808 0.000000
vt 0.000000 0.000000 0.000000
vt -0.013481 0.216977 0.000000
vt -0.023918 0.000928 0.000000
vt 0.000000 0.000000 0.000000
vt 0.010479 0.216047 0.000000
vt -0.012987 0.218916 0.000000
vt 0.000000 0.000000 0.000000
vt -0.009705 0.165520 0.000000
vt -0.023466 0.002869 0.000000
vt 0.000000 0.000000 0.000000
vt 0.007111 0.277201 0.000000
vt -0.016807 0.278129 0.000000
vt 0.000000 0.000000 0.000000
vt -0.017338 0.276730 0.000000
vt -0.024369 -0.000472 0.000000
vt 0.000000 0.000000 0.000000
vt 0.013752 0.162651 0.000000
vt -0.008559 0.166527 0.000000
vt 0.000000 0.000000 0.000000
vt 0.004722 0.324832 0.000000
vt -0.019647 0.324359 0.000000
vt 0.000000 0.000000 0.000000
vt -0.020171 0.323640 0.000000
vt -0.024764 -0.001194 0.000000
vt 0.000000 0.000000 0.000000
vt 0.003908 0.353944 0.000000
vt -0.020856 0.352750 0.000000
vt 0.000000 0.000000 0.000000
vt -0.021125 0.352517 0.000000
vt -0.024841 -0.001429 0.000000
vt 0.000000 0.000000 0.000000
vt 0.023314 0.153656 0.000000
vt -0.005012 0.171704 0.000000
vt 0.000000 0.000000 0.000000
vt -0.006413 0.166623 0.000000
vt -0.029571 0.012943 0.000000
vt 0.000000 0.000000 0.000000
vt 0.045798 0.149288 0.000000
vt -0.000790 0.182937 0.000000
vt 0.000000 0.000000 0.000000
vt -0.002343 0.171761 0.000000
vt -0.047983 0.022424 0.000000
vt 0.000000 0.000000 0.000000
vt 0.030604 0.364476 0.000000
vt -0.000501 0.363973 0.000000
vt 0.000000 0.000000 0.000000
vt 0.054611 0.363321 0.000000
vt 0.009034 0.363966 0.000000
vt 0.000000 0.000000 0.000000
vt 0.008949 0.363864 0.000000
vt -0.043637 0.000244 0.000000
vt 0.000000 0.000000 0.000000
vt -0.001919 0.363946 0.000000
vt -0.030637 -0.000683 0.000000
vt 0.000000 0.000000 0.000000
vt 0.005045 0.364843 0.000000
vt -0.019796 0.363413 0.000000
vt 0.000000 0.000000 0.000000
vt 0.069194 0.362715 0.000000
vt 0.009186 0.364113 0.000000
vt 0.000000 0.000000 0.000000
vt 0.011082 0.363909 0.000000
vt -0.056604 0.000909 0.000000
vt 0.000000 0.000000 0.000000
vt 0.076025 0.362717 0.000000
vt 0.005703 0.364333 0.000000
vt 0.000000 0.000000 0.000000
vt 0.009114 0.364115 0.000000
vt -0.065915 0.001190 0.000000
vt 0.000000 0.000000 0.000000
vt 0.076444 0.363069 0.000000
vt 0.000836 0.364472 0.000000
vt 0.000000 0.000000 0.000000
vt 0.005235 0.364340 0.000000
vt -0.070695 0.001163 0.000000
vt 0.000000 0.000000 0.000000
vt -0.019522 0.363474 0.000000
vt -0.024312 -0.001373 0.000000
vt 0.000000 0.000000 0.000000
vt -0.000059 0.364622 0.000000
vt -0.029344 0.362813 0.000000
vt 0.000000 0.000000 0.000000
vt -0.027254 0.363065 0.000000
vt -0.027154 -0.001556 0.000000
vt 0.000000 0.000000 0.000000
vt 0.012880 0.364689 0.000000
vt -0.026694 0.363107 0.000000
vt 0.000000 0.000000 0.000000
vt 0.071454 0.363496 0.000000
vt -0.004340 0.364451 0.000000
vt 0.000000 0.000000 0.000000
vt 0.000598 0.364473 0.000000
vt -0.070816 0.000969 0.000000
vt 0.000000 0.000000 0.000000
vt -0.022903 0.363475 0.000000
vt -0.036091 -0.001203 0.000000
vt 0.000000 0.000000 0.000000
vt 0.031443 0.364533 0.000000
vt -0.020565 0.363615 0.000000
vt 0.000000 0.000000 0.000000
vt -0.015620 0.363976 0.000000
vt -0.047807 -0.000492 0.000000
vt 0.000000 0.000000 0.000000
vt 0.048673 0.364213 0.000000
vt -0.014758 0.364012 0.000000
vt 0.000000 0.000000 0.000000
vt 0.003178 0.246584 0.000000
vt -0.077873 0.012030 0.000000
vt 0.000000 0.000000 0.000000
vt 0.069203 0.220945 0.000000
vt 0.002990 0.246586 0.000000
vt 0.000000 0.000000 0.000000
vt -0.000001 0.182939 0.000000
vt -0.066212 0.025642 0.000000
vt 0.000000 0.000000 0.000000
vt 0.002166 0.302192 0.000000
vt -0.082043 0.003284 0.000000
vt 0.000000 0.000000 0.000000
vt 0.080186 0.290165 0.000000
vt 0.002312 0.302191 0.000000
vt 0.000000 0.000000 0.000000
vt 0.000211 0.338285 0.000000
vt -0.079506 0.000500 0.000000
vt 0.000000 0.000000 0.000000
vt 0.082291 0.335001 0.000000
vt 0.000247 0.338285 0.000000
vt 0.000000 0.000000 0.000000
vt -0.003166 0.357810 0.000000
vt -0.071598 0.000425 0.000000
vt 0.000000 0.000000 0.000000
vt 0.076149 0.357307 0.000000
vt -0.003357 0.357808 0.000000
vt 0.000000 0.000000 0.000000
vt -0.009438 0.364290 0.000000
vt -0.058826 0.000173 0.000000
vt 0.000000 0.000000 0.000000
vt 0.062127 0.363864 0.000000
vt -0.009472 0.364289 0.000000
vt 0.000000 0.000000 0.000000
vt 0.062126 0.363864 0.000000
vt -0.009472 0.364289 0.000000
vt 0.000000 0.000000 0.000000
vt -0.004218 0.364452 0.000000
vt -0.066743 0.000656 0.000000
vt 0.000000 0.000000 0.000000
vt 0.031442 0.364532 0.000000
vt -0.020566 0.363614 0.000000
vt 0.000000 0.000000 0.000000
vt -0.015620 0.363976 0.000000
vt -0.047807 -0.000492 0.000000
vt 0.000000 0.000000 0.000000
vt 0.048672 0.364213 0.000000
vt -0.014758 0.364012 0.000000
vt 0.000000 0.000000 0.000000
vt -0.009438 0.364290 0.000000
vt -0.058826 0.000173 0.000000
vt 0.000000 0.000000 0.000000
vt 0.012881 0.364689 0.000000
vt -0.026693 0.363107 0.000000
vt 0.000000 0.000000 0.000000
vt -0.022904 0.363475 0.000000
vt -0.036092 -0.001203 0.000000
vt 0.000000 0.000000 0.000000
vt -0.000057 0.364622 0.000000
vt -0.029343 0.362813 0.000000
vt 0.000000 0.000000 0.000000
vt -0.027252 0.363065 0.000000
vt -0.027154 -0.001556 0.000000
vt 0.000000 0.000000 0.000000
vt 0.005044 0.364843 0.000000
vt -0.019797 0.363412 0.000000
vt 0.000000 0.000000 0.000000
vt -0.019520 0.363474 0.000000
vt -0.024310 -0.001372 0.000000
vt 0.000000 0.000000 0.000000
vt 0.025739 0.275872 0.000000
vt -0.004279 0.282701 0.000000
vt 0.000000 0.000000 0.000000
vt -0.004441 0.219256 0.000000
vt -0.030018 0.006829 0.000000
vt 0.000000 0.000000 0.000000
vt -0.005712 0.278578 0.000000
vt -0.030476 0.002616 0.000000
vt 0.000000 0.000000 0.000000
vt 0.026137 0.212359 0.000000
vt -0.003428 0.225313 0.000000
vt 0.000000 0.000000 0.000000
vt 0.025927 0.324398 0.000000
vt -0.004549 0.327014 0.000000
vt 0.000000 0.000000 0.000000
vt -0.006378 0.324891 0.000000
vt -0.030931 0.000386 0.000000
vt 0.000000 0.000000 0.000000
vt 0.027534 0.353701 0.000000
vt -0.003397 0.354088 0.000000
vt 0.000000 0.000000 0.000000
vt -0.005264 0.353326 0.000000
vt -0.031104 -0.000503 0.000000
vt 0.000000 0.000000 0.000000
vt 0.030605 0.364476 0.000000
vt -0.000499 0.363973 0.000000
vt 0.000000 0.000000 0.000000
vt -0.001922 0.363946 0.000000
vt -0.030638 -0.000684 0.000000
vt 0.000000 0.000000 0.000000
vt 0.050161 0.212916 0.000000
vt 0.002180 0.235346 0.000000
vt 0.000000 0.000000 0.000000
vt 0.001800 0.225332 0.000000
vt -0.047854 0.012297 0.000000
vt 0.000000 0.000000 0.000000
vt 0.003461 0.235331 0.000000
vt -0.065382 0.014273 0.000000
vt 0.000000 0.000000 0.000000
vt 0.034598 0.355080 0.000000
vt 0.003961 0.354396 0.000000
vt 0.000000 0.000000 0.000000
vt 0.056371 0.354302 0.000000
vt 0.012734 0.354546 0.000000
vt 0.000000 0.000000 0.000000
vt 0.013759 0.354151 0.000000
vt -0.040556 -0.000472 0.000000
vt 0.000000 0.000000 0.000000
vt 0.068494 0.354417 0.000000
vt 0.011890 0.355326 0.000000
vt 0.000000 0.000000 0.000000
vt 0.014960 0.354459 0.000000
vt -0.051939 -0.000263 0.000000
vt 0.000000 0.000000 0.000000
vt 0.003587 0.355049 0.000000
vt -0.029111 -0.000211 0.000000
vt 0.000000 0.000000 0.000000
vt 0.008302 0.356081 0.000000
vt -0.016009 0.354706 0.000000
vt 0.000000 0.000000 0.000000
vt 0.073085 0.354614 0.000000
vt 0.007169 0.355803 0.000000
vt 0.000000 0.000000 0.000000
vt 0.011843 0.355328 0.000000
vt -0.060117 0.000484 0.000000
vt 0.000000 0.000000 0.000000
vt 0.071613 0.354796 0.000000
vt 0.000918 0.355959 0.000000
vt 0.000000 0.000000 0.000000
vt 0.006621 0.355814 0.000000
vt -0.064317 0.000882 0.000000
vt 0.000000 0.000000 0.000000
vt 0.000526 0.355960 0.000000
vt -0.064375 0.000914 0.000000
vt 0.000000 0.000000 0.000000
vt 0.065135 0.355003 0.000000
vt -0.005680 0.355972 0.000000
vt 0.000000 0.000000 0.000000
vt -0.014952 0.355363 0.000000
vt -0.022931 -0.000725 0.000000
vt 0.000000 0.000000 0.000000
vt -0.002904 0.355962 0.000000
vt -0.030058 0.354405 0.000000
vt 0.000000 0.000000 0.000000
vt -0.027245 0.354218 0.000000
vt -0.024240 -0.001743 0.000000
vt 0.000000 0.000000 0.000000
vt 0.005916 0.355183 0.000000
vt -0.030175 0.353981 0.000000
vt 0.000000 0.000000 0.000000
vt 0.054654 0.354929 0.000000
vt -0.012089 0.355585 0.000000
vt 0.000000 0.000000 0.000000
vt -0.005687 0.355972 0.000000
vt -0.060516 0.001070 0.000000
vt 0.000000 0.000000 0.000000
vt -0.025750 0.353805 0.000000
vt -0.031708 -0.001378 0.000000
vt 0.000000 0.000000 0.000000
vt 0.023179 0.354377 0.000000
vt -0.024628 0.353885 0.000000
vt 0.000000 0.000000 0.000000
vt -0.018938 0.354607 0.000000
vt -0.042587 0.000262 0.000000
vt 0.000000 0.000000 0.000000
vt 0.040477 0.354465 0.000000
vt -0.018349 0.354638 0.000000
vt 0.000000 0.000000 0.000000
vt 0.003821 0.296369 0.000000
vt -0.075961 0.006093 0.000000
vt 0.000000 0.000000 0.000000
vt 0.069081 0.282104 0.000000
vt 0.003698 0.296370 0.000000
vt 0.000000 0.000000 0.000000
vt 0.002800 0.337035 0.000000
vt -0.079260 0.001978 0.000000
vt 0.000000 0.000000 0.000000
vt 0.079005 0.330943 0.000000
vt 0.003044 0.337033 0.000000
vt 0.000000 0.000000 0.000000
vt 0.000445 0.358243 0.000000
vt -0.075794 0.000955 0.000000
vt 0.000000 0.000000 0.000000
vt 0.079818 0.356266 0.000000
vt 0.000558 0.358243 0.000000
vt 0.000000 0.000000 0.000000
vt -0.004217 0.364452 0.000000
vt -0.066743 0.000656 0.000000
vt 0.000000 0.000000 0.000000
vt 0.071455 0.363496 0.000000
vt -0.004339 0.364451 0.000000
vt 0.000000 0.000000 0.000000
vt -0.012077 0.355586 0.000000
vt -0.053018 0.001174 0.000000
vt 0.000000 0.000000 0.000000
vt 0.054654 0.354929 0.000000
vt -0.012089 0.355585 0.000000
vt 0.000000 0.000000 0.000000
vt 0.040477 0.354465 0.000000
vt -0.018349 0.354638 0.000000
vt 0.000000 0.000000 0.000000
vt -0.012076 0.355586 0.000000
vt -0.053018 0.001174 0.000000
vt 0.000000 0.000000 0.000000
vt 0.005917 0.355184 0.000000
vt -0.030175 0.353981 0.000000
vt 0.000000 0.000000 0.000000
vt -0.025749 0.353805 0.000000
vt -0.031709 -0.001378 0.000000
vt 0.000000 0.000000 0.000000
vt 0.023180 0.354377 0.000000
vt -0.024628 0.353885 0.000000
vt 0.000000 0.000000 0.000000
vt -0.018938 0.354607 0.000000
vt -0.042588 0.000262 0.000000
vt 0.000000 0.000000 0.000000
vt -0.002905 0.355963 0.000000
vt -0.030059 0.354405 0.000000
vt 0.000000 0.000000 0.000000
vt -0.027245 0.354218 0.000000
vt -0.024239 -0.001744 0.000000
vt 0.000000 0.000000 0.000000
vt 0.008302 0.356081 0.000000
vt -0.016008 0.354707 0.000000
vt 0.000000 0.000000 0.000000
vt -0.014953 0.355363 0.000000
vt -0.022931 -0.000725 0.000000
vt 0.000000 0.000000 0.000000
vt 0.034596 0.355080 0.000000
vt 0.003958 0.354396 0.000000
vt 0.000000 0.000000 0.000000
vt 0.003588 0.355049 0.000000
vt -0.029110 -0.000210 0.000000
vt 0.000000 0.000000 0.000000
vt 0.002337 0.282723 0.000000
vt -0.047408 0.005639 0.000000
vt 0.000000 0.000000 0.000000
vt 0.050677 0.276916 0.000000
vt 0.002822 0.289207 0.000000
vt 0.000000 0.000000 0.000000
vt 0.051282 0.324715 0.000000
vt 0.003874 0.330351 0.000000
vt 0.000000 0.000000 0.000000
vt 0.003178 0.327030 0.000000
vt -0.046727 0.002101 0.000000
vt 0.000000 0.000000 0.000000
vt 0.052647 0.353160 0.000000
vt 0.005921 0.355260 0.000000
vt 0.000000 0.000000 0.000000
vt 0.005301 0.354064 0.000000
vt -0.045578 0.000645 0.000000
vt 0.000000 0.000000 0.000000
vt 0.054610 0.363321 0.000000
vt 0.009033 0.363966 0.000000
vt 0.000000 0.000000 0.000000
vt 0.008949 0.363864 0.000000
vt -0.043637 0.000244 0.000000
vt 0.000000 0.000000 0.000000
vt 0.056371 0.354302 0.000000
vt 0.012734 0.354546 0.000000
vt 0.000000 0.000000 0.000000
vt 0.013758 0.354151 0.000000
vt -0.040557 -0.000472 0.000000
vt 0.000000 0.000000 0.000000
vt 0.004326 0.289189 0.000000
vt -0.064101 0.006926 0.000000
vt 0.000000 0.000000 0.000000
vt 0.036937 0.316227 0.000000
vt 0.007827 0.316016 0.000000
vt 0.000000 0.000000 0.000000
vt 0.055104 0.319651 0.000000
vt 0.014548 0.319180 0.000000
vt 0.000000 0.000000 0.000000
vt 0.017090 0.315651 0.000000
vt -0.036263 -0.004297 0.000000
vt 0.000000 0.000000 0.000000
vt 0.064740 0.325457 0.000000
vt 0.012801 0.325194 0.000000
vt 0.000000 0.000000 0.000000
vt 0.016840 0.319067 0.000000
vt -0.046427 -0.006680 0.000000
vt 0.000000 0.000000 0.000000
vt 0.012859 0.325192 0.000000
vt -0.053616 -0.002671 0.000000
vt 0.000000 0.000000 0.000000
vt 0.067599 0.327633 0.000000
vt 0.007481 0.328117 0.000000
vt 0.000000 0.000000 0.000000
vt 0.009209 0.319573 0.000000
vt -0.026154 0.003166 0.000000
vt 0.000000 0.000000 0.000000
vt 0.012803 0.320271 0.000000
vt -0.010128 0.319545 0.000000
vt 0.000000 0.000000 0.000000
vt 0.006933 0.328129 0.000000
vt -0.057274 0.000235 0.000000
vt 0.000000 0.000000 0.000000
vt 0.064980 0.327742 0.000000
vt 0.000663 0.328624 0.000000
vt 0.000000 0.000000 0.000000
vt 0.057856 0.327386 0.000000
vt -0.006519 0.328300 0.000000
vt 0.000000 0.000000 0.000000
vt 0.000149 0.328624 0.000000
vt -0.057282 0.001164 0.000000
vt 0.000000 0.000000 0.000000
vt 0.047114 0.324402 0.000000
vt -0.013402 0.325473 0.000000
vt 0.000000 0.000000 0.000000
vt -0.006662 0.328297 0.000000
vt -0.053674 0.003880 0.000000
vt 0.000000 0.000000 0.000000
vt -0.008240 0.323099 0.000000
vt -0.020681 0.002814 0.000000
vt 0.000000 0.000000 0.000000
vt -0.003085 0.323793 0.000000
vt -0.027325 0.322047 0.000000
vt 0.000000 0.000000 0.000000
vt -0.023703 0.319062 0.000000
vt -0.020527 -0.004729 0.000000
vt 0.000000 0.000000 0.000000
vt 0.001097 0.319852 0.000000
vt -0.030611 0.318474 0.000000
vt 0.000000 0.000000 0.000000
vt 0.033117 0.318105 0.000000
vt -0.019901 0.319279 0.000000
vt 0.000000 0.000000 0.000000
vt -0.013404 0.325473 0.000000
vt -0.046635 0.007380 0.000000
vt 0.000000 0.000000 0.000000
vt -0.025510 0.315459 0.000000
vt -0.026366 -0.004394 0.000000
vt 0.000000 0.000000 0.000000
vt 0.016517 0.315151 0.000000
vt -0.026070 0.315413 0.000000
vt 0.000000 0.000000 0.000000
vt -0.020078 0.319268 0.000000
vt -0.036686 0.004121 0.000000
vt 0.000000 0.000000 0.000000
vt 0.033117 0.318105 0.000000
vt -0.019901 0.319279 0.000000
vt 0.000000 0.000000 0.000000
vt 0.004858 0.334024 0.000000
vt -0.073549 0.002939 0.000000
vt 0.000000 0.000000 0.000000
vt 0.068922 0.327102 0.000000
vt 0.004821 0.334024 0.000000
vt 0.000000 0.000000 0.000000
vt 0.003854 0.357749 0.000000
vt -0.075608 0.001403 0.000000
vt 0.000000 0.000000 0.000000
vt 0.077760 0.354807 0.000000
vt 0.004211 0.357745 0.000000
vt 0.000000 0.000000 0.000000
vt 0.000599 0.364473 0.000000
vt -0.070816 0.000969 0.000000
vt 0.000000 0.000000 0.000000
vt 0.076444 0.363069 0.000000
vt 0.000836 0.364472 0.000000
vt 0.000000 0.000000 0.000000
vt -0.005687 0.355972 0.000000
vt -0.060516 0.001070 0.000000
vt 0.000000 0.000000 0.000000
vt 0.065135 0.355003 0.000000
vt -0.005680 0.355972 0.000000
vt 0.000000 0.000000 0.000000
vt -0.013404 0.325473 0.000000
vt -0.046634 0.007380 0.000000
vt 0.000000 0.000000 0.000000
vt 0.047114 0.324402 0.000000
vt -0.013402 0.325473 0.000000
vt 0.000000 0.000000 0.000000
vt 0.016517 0.315151 0.000000
vt -0.026070 0.315413 0.000000
vt 0.000000 0.000000 0.000000
vt -0.020078 0.319268 0.000000
vt -0.036686 0.004121 0.000000
vt 0.000000 0.000000 0.000000
vt -0.003086 0.323793 0.000000
vt -0.027324 0.322047 0.000000
vt 0.000000 0.000000 0.000000
vt -0.023704 0.319062 0.000000
vt -0.020528 -0.004730 0.000000
vt 0.000000 0.000000 0.000000
vt 0.001097 0.319852 0.000000
vt -0.030611 0.318473 0.000000
vt 0.000000 0.000000 0.000000
vt -0.025510 0.315459 0.000000
vt -0.026366 -0.004393 0.000000
vt 0.000000 0.000000 0.000000
vt 0.012803 0.320271 0.000000
vt -0.010128 0.319545 0.000000
vt 0.000000 0.000000 0.000000
vt -0.008239 0.323099 0.000000
vt -0.020680 0.002814 0.000000
vt 0.000000 0.000000 0.000000
vt 0.036937 0.316227 0.000000
vt 0.007827 0.316016 0.000000
vt 0.000000 0.000000 0.000000
vt 0.009210 0.319572 0.000000
vt -0.026153 0.003166 0.000000
vt 0.000000 0.000000 0.000000
vt 0.055103 0.319651 0.000000
vt 0.014547 0.319180 0.000000
vt 0.000000 0.000000 0.000000
vt 0.017089 0.315651 0.000000
vt -0.036264 -0.004297 0.000000
vt 0.000000 0.000000 0.000000
vt 0.005551 0.330327 0.000000
vt -0.062397 0.003021 0.000000
vt 0.000000 0.000000 0.000000
vt 0.069064 0.353579 0.000000
vt 0.006667 0.356598 0.000000
vt 0.000000 0.000000 0.000000
vt 0.007779 0.355224 0.000000
vt -0.060008 0.001398 0.000000
vt 0.000000 0.000000 0.000000
vt 0.069194 0.362715 0.000000
vt 0.009186 0.364113 0.000000
vt 0.000000 0.000000 0.000000
vt 0.011083 0.363909 0.000000
vt -0.056604 0.000909 0.000000
vt 0.000000 0.000000 0.000000
vt 0.068494 0.354417 0.000000
vt 0.011890 0.355326 0.000000
vt 0.000000 0.000000 0.000000
vt 0.014960 0.354459 0.000000
vt -0.051939 -0.000263 0.000000
vt 0.000000 0.000000 0.000000
vt 0.064740 0.325457 0.000000
vt 0.012801 0.325194 0.000000
vt 0.000000 0.000000 0.000000
vt 0.016840 0.319067 0.000000
vt -0.046427 -0.006680 0.000000
vt 0.000000 0.000000 0.000000
vt 0.036312 0.244881 0.000000
vt 0.010158 0.248050 0.000000
vt 0.000000 0.000000 0.000000
vt 0.050073 0.262971 0.000000
vt 0.013809 0.258674 0.000000
vt 0.000000 0.000000 0.000000
vt 0.018115 0.247596 0.000000
vt -0.030651 -0.015620 0.000000
vt 0.000000 0.000000 0.000000
vt 0.058015 0.280397 0.000000
vt 0.011588 0.273720 0.000000
vt 0.000000 0.000000 0.000000
vt 0.015965 0.258550 0.000000
vt -0.040736 -0.022116 0.000000
vt 0.000000 0.000000 0.000000
vt 0.060131 0.283100 0.000000
vt 0.006515 0.280429 0.000000
vt 0.000000 0.000000 0.000000
vt 0.011780 0.273712 0.000000
vt -0.047311 -0.009607 0.000000
vt 0.000000 0.000000 0.000000
vt 0.057368 0.281226 0.000000
vt 0.000093 0.281460 0.000000
vt 0.000000 0.000000 0.000000
vt 0.006054 0.280440 0.000000
vt -0.050533 -0.000944 0.000000
vt 0.000000 0.000000 0.000000
vt 0.014280 0.258672 0.000000
vt -0.021040 0.013646 0.000000
vt 0.000000 0.000000 0.000000
vt 0.017260 0.256222 0.000000
vt -0.003420 0.259043 0.000000
vt 0.000000 0.000000 0.000000
vt 0.050595 0.279421 0.000000
vt -0.006687 0.280585 0.000000
vt 0.000000 0.000000 0.000000
vt -0.000461 0.281460 0.000000
vt -0.050512 0.001941 0.000000
vt 0.000000 0.000000 0.000000
vt 0.040614 0.270072 0.000000
vt -0.013060 0.273952 0.000000
vt 0.000000 0.000000 0.000000
vt -0.006890 0.280580 0.000000
vt -0.047184 0.010460 0.000000
vt 0.000000 0.000000 0.000000
vt -0.012977 0.273956 0.000000
vt -0.040532 0.022581 0.000000
vt 0.000000 0.000000 0.000000
vt 0.027733 0.251355 0.000000
vt -0.018902 0.258735 0.000000
vt 0.000000 0.000000 0.000000
vt -0.000602 0.267903 0.000000
vt -0.017670 0.011669 0.000000
vt 0.000000 0.000000 0.000000
vt -0.001899 0.271706 0.000000
vt -0.022423 0.266964 0.000000
vt 0.000000 0.000000 0.000000
vt -0.018243 0.258680 0.000000
vt -0.016281 -0.013026 0.000000
vt 0.000000 0.000000 0.000000
vt -0.002402 0.262119 0.000000
vt -0.028768 0.257722 0.000000
vt 0.000000 0.000000 0.000000
vt 0.012025 0.243292 0.000000
vt -0.024661 0.247414 0.000000
vt 0.000000 0.000000 0.000000
vt -0.018524 0.258762 0.000000
vt -0.030334 0.015459 0.000000
vt 0.000000 0.000000 0.000000
vt -0.022267 0.247641 0.000000
vt -0.019516 -0.014475 0.000000
vt 0.000000 0.000000 0.000000
vt 0.012025 0.243292 0.000000
vt -0.024661 0.247414 0.000000
vt 0.000000 0.000000 0.000000
vt -0.018524 0.258762 0.000000
vt -0.030334 0.015459 0.000000
vt 0.000000 0.000000 0.000000
vt 0.027733 0.251355 0.000000
vt -0.018902 0.258735 0.000000
vt 0.000000 0.000000 0.000000
vt 0.006632 0.356599 0.000000
vt -0.070323 0.001617 0.000000
vt 0.000000 0.000000 0.000000
vt 0.005235 0.364340 0.000000
vt -0.070695 0.001163 0.000000
vt 0.000000 0.000000 0.000000
vt 0.076026 0.362717 0.000000
vt 0.005703 0.364333 0.000000
vt 0.000000 0.000000 0.000000
vt 0.071614 0.354796 0.000000
vt 0.000918 0.355959 0.000000
vt 0.000000 0.000000 0.000000
vt 0.000526 0.355960 0.000000
vt -0.064375 0.000914 0.000000
vt 0.000000 0.000000 0.000000
vt -0.006662 0.328297 0.000000
vt -0.053674 0.003880 0.000000
vt 0.000000 0.000000 0.000000
vt 0.057856 0.327386 0.000000
vt -0.006519 0.328300 0.000000
vt 0.000000 0.000000 0.000000
vt 0.040614 0.270072 0.000000
vt -0.013060 0.273952 0.000000
vt 0.000000 0.000000 0.000000
vt -0.012977 0.273956 0.000000
vt -0.040532 0.022581 0.000000
vt 0.000000 0.000000 0.000000
vt -0.002403 0.262119 0.000000
vt -0.028768 0.257722 0.000000
vt 0.000000 0.000000 0.000000
vt -0.022268 0.247641 0.000000
vt -0.019516 -0.014475 0.000000
vt 0.000000 0.000000 0.000000
vt 0.017259 0.256222 0.000000
vt -0.003420 0.259043 0.000000
vt 0.000000 0.000000 0.000000
vt -0.000604 0.267903 0.000000
vt -0.017670 0.011669 0.000000
vt 0.000000 0.000000 0.000000
vt -0.001899 0.271707 0.000000
vt -0.022424 0.266964 0.000000
vt 0.000000 0.000000 0.000000
vt -0.018243 0.258680 0.000000
vt -0.016281 -0.013026 0.000000
vt 0.000000 0.000000 0.000000
vt 0.036313 0.244881 0.000000
vt 0.010160 0.248049 0.000000
vt 0.000000 0.000000 0.000000
vt 0.014277 0.258672 0.000000
vt -0.021041 0.013646 0.000000
vt 0.000000 0.000000 0.000000
vt 0.050072 0.262971 0.000000
vt 0.013808 0.258674 0.000000
vt 0.000000 0.000000 0.000000
vt 0.018115 0.247595 0.000000
vt -0.030651 -0.015620 0.000000
vt 0.000000 0.000000 0.000000
vt 0.058015 0.280397 0.000000
vt 0.011588 0.273720 0.000000
vt 0.000000 0.000000 0.000000
vt 0.015966 0.258550 0.000000
vt -0.040736 -0.022116 0.000000
vt 0.000000 0.000000 0.000000
vt 0.009114 0.364115 0.000000
vt -0.065915 0.001190 0.000000
vt 0.000000 0.000000 0.000000
vt 0.073085 0.354614 0.000000
vt 0.007170 0.355803 0.000000
vt 0.000000 0.000000 0.000000
vt 0.011843 0.355328 0.000000
vt -0.060117 0.000484 0.000000
vt 0.000000 0.000000 0.000000
vt 0.012859 0.325192 0.000000
vt -0.053616 -0.002671 0.000000
vt 0.000000 0.000000 0.000000
vt 0.067599 0.327633 0.000000
vt 0.007481 0.328117 0.000000
vt 0.000000 0.000000 0.000000
vt 0.060132 0.283100 0.000000
vt 0.006516 0.280429 0.000000
vt 0.000000 0.000000 0.000000
vt 0.011779 0.273712 0.000000
vt -0.047311 -0.009607 0.000000
vt 0.000000 0.000000 0.000000
vt 0.030067 0.134554 0.000000
vt 0.009044 0.148225 0.000000
vt 0.000000 0.000000 0.000000
vt 0.039353 0.201206 0.000000
vt 0.008708 0.185573 0.000000
vt 0.000000 0.000000 0.000000
vt 0.014486 0.147793 0.000000
vt -0.024317 -0.053520 0.000000
vt 0.000000 0.000000 0.000000
vt 0.048489 0.228164 0.000000
vt 0.007759 0.206037 0.000000
vt 0.000000 0.000000 0.000000
vt 0.010497 0.185481 0.000000
vt -0.036673 -0.042960 0.000000
vt 0.000000 0.000000 0.000000
vt 0.051595 0.223031 0.000000
vt 0.004285 0.213419 0.000000
vt 0.000000 0.000000 0.000000
vt 0.008179 0.206021 0.000000
vt -0.042476 -0.017225 0.000000
vt 0.000000 0.000000 0.000000
vt 0.004045 0.213424 0.000000
vt -0.045101 -0.002197 0.000000
vt 0.000000 0.000000 0.000000
vt 0.049834 0.215463 0.000000
vt -0.000699 0.214519 0.000000
vt 0.000000 0.000000 0.000000
vt -0.001164 0.214517 0.000000
vt -0.045075 0.002826 0.000000
vt 0.000000 0.000000 0.000000
vt 0.044453 0.211578 0.000000
vt -0.006059 0.213520 0.000000
vt 0.000000 0.000000 0.000000
vt 0.022190 0.174777 0.000000
vt 0.004572 0.186523 0.000000
vt 0.000000 0.000000 0.000000
vt 0.019084 0.185600 0.000000
vt -0.010224 0.050879 0.000000
vt 0.000000 0.000000 0.000000
vt -0.006119 0.213518 0.000000
vt -0.042329 0.017744 0.000000
vt 0.000000 0.000000 0.000000
vt 0.036580 0.195706 0.000000
vt -0.010603 0.206171 0.000000
vt 0.000000 0.000000 0.000000
vt 0.026680 0.162985 0.000000
vt -0.013845 0.185579 0.000000
vt 0.000000 0.000000 0.000000
vt -0.010135 0.206195 0.000000
vt -0.036582 0.043171 0.000000
vt 0.000000 0.000000 0.000000
vt -0.012965 0.185642 0.000000
vt -0.024786 0.053383 0.000000
vt 0.000000 0.000000 0.000000
vt 0.012141 0.132230 0.000000
vt -0.018188 0.147700 0.000000
vt 0.000000 0.000000 0.000000
vt 0.007690 0.200087 0.000000
vt -0.014747 0.025341 0.000000
vt 0.000000 0.000000 0.000000
vt -0.002122 0.212503 0.000000
vt -0.018335 0.199393 0.000000
vt 0.000000 0.000000 0.000000
vt -0.015088 0.186235 0.000000
vt -0.012735 -0.026266 0.000000
vt 0.000000 0.000000 0.000000
vt -0.008056 0.199313 0.000000
vt -0.027547 0.184803 0.000000
vt 0.000000 0.000000 0.000000
vt -0.008057 0.199313 0.000000
vt -0.027547 0.184803 0.000000
vt 0.000000 0.000000 0.000000
vt -0.014359 0.148121 0.000000
vt -0.007430 -0.051235 0.000000
vt 0.000000 0.000000 0.000000
vt -0.014358 0.148121 0.000000
vt -0.007431 -0.051235 0.000000
vt 0.000000 0.000000 0.000000
vt 0.012140 0.132230 0.000000
vt -0.018189 0.147699 0.000000
vt 0.000000 0.000000 0.000000
vt -0.012966 0.185642 0.000000
vt -0.024786 0.053383 0.000000
vt 0.000000 0.000000 0.000000
vt 0.026680 0.162985 0.000000
vt -0.013845 0.185579 0.000000
vt 0.000000 0.000000 0.000000
vt 0.006622 0.355814 0.000000
vt -0.064317 0.000882 0.000000
vt 0.000000 0.000000 0.000000
vt 0.000149 0.328624 0.000000
vt -0.057282 0.001164 0.000000
vt 0.000000 0.000000 0.000000
vt 0.064980 0.327742 0.000000
vt 0.000663 0.328624 0.000000
vt 0.000000 0.000000 0.000000
vt -0.006890 0.280580 0.000000
vt -0.047184 0.010460 0.000000
vt 0.000000 0.000000 0.000000
vt 0.050595 0.279421 0.000000
vt -0.006687 0.280585 0.000000
vt 0.000000 0.000000 0.000000
vt -0.010135 0.206194 0.000000
vt -0.036582 0.043171 0.000000
vt 0.000000 0.000000 0.000000
vt 0.036580 0.195705 0.000000
vt -0.010603 0.206171 0.000000
vt 0.000000 0.000000 0.000000
vt -0.002121 0.212503 0.000000
vt -0.018334 0.199393 0.000000
vt 0.000000 0.000000 0.000000
vt -0.015087 0.186235 0.000000
vt -0.012736 -0.026266 0.000000
vt 0.000000 0.000000 0.000000
vt 0.022190 0.174777 0.000000
vt 0.004572 0.186523 0.000000
vt 0.000000 0.000000 0.000000
vt 0.019083 0.185600 0.000000
vt -0.010225 0.050879 0.000000
vt 0.000000 0.000000 0.000000
vt 0.030066 0.134554 0.000000
vt 0.009042 0.148225 0.000000
vt 0.000000 0.000000 0.000000
vt 0.007692 0.200087 0.000000
vt -0.014746 0.025341 0.000000
vt 0.000000 0.000000 0.000000
vt 0.039352 0.201206 0.000000
vt 0.008708 0.185573 0.000000
vt 0.000000 0.000000 0.000000
vt 0.014485 0.147793 0.000000
vt -0.024317 -0.053520 0.000000
vt 0.000000 0.000000 0.000000
vt 0.048490 0.228164 0.000000
vt 0.007760 0.206037 0.000000
vt 0.000000 0.000000 0.000000
vt 0.010496 0.185481 0.000000
vt -0.036673 -0.042960 0.000000
vt 0.000000 0.000000 0.000000
vt 0.051594 0.223031 0.000000
vt 0.004284 0.213419 0.000000
vt 0.000000 0.000000 0.000000
vt 0.008180 0.206021 0.000000
vt -0.042476 -0.017225 0.000000
vt 0.000000 0.000000 0.000000
vt 0.006933 0.328129 0.000000
vt -0.057274 0.000235 0.000000
vt 0.000000 0.000000 0.000000
vt 0.057368 0.281226 0.000000
vt 0.000093 0.281460 0.000000
vt 0.000000 0.000000 0.000000
vt 0.006055 0.280440 0.000000
vt -0.050533 -0.000944 0.000000
vt 0.000000 0.000000 0.000000
vt 0.004044 0.213424 0.000000
vt -0.045101 -0.002197 0.000000
vt 0.000000 0.000000 0.000000
vt 0.049834 0.215463 0.000000
vt -0.000699 0.214519 0.000000
vt 0.000000 0.000000 0.000000
vt -0.018652 -0.164265 0.000000
vt 0.009260 -0.051063 0.000000
vt 0.000000 0.000000 0.000000
vt 0.001662 -0.110045 0.000000
vt 0.023690 0.053801 0.000000
vt 0.000000 0.000000 0.000000
vt -0.036025 -0.169482 0.000000
vt -0.000066 -0.110058 0.000000
vt 0.000000 0.000000 0.000000
vt -0.001118 -0.125997 0.000000
vt 0.036450 0.043149 0.000000
vt 0.000000 0.000000 0.000000
vt -0.042508 -0.148131 0.000000
vt -0.002411 -0.125979 0.000000
vt 0.000000 0.000000 0.000000
vt -0.000834 -0.130613 0.000000
vt 0.042448 0.017294 0.000000
vt 0.000000 0.000000 0.000000
vt -0.043031 -0.133654 0.000000
vt -0.001181 -0.130611 0.000000
vt 0.000000 0.000000 0.000000
vt 0.001580 -0.131290 0.000000
vt 0.045100 0.002206 0.000000
vt 0.000000 0.000000 0.000000
vt -0.040092 -0.127943 0.000000
vt 0.001742 -0.131287 0.000000
vt 0.000000 0.000000 0.000000
vt 0.004594 -0.130657 0.000000
vt 0.045075 -0.002836 0.000000
vt 0.000000 0.000000 0.000000
vt -0.035970 -0.108325 0.000000
vt 0.004068 -0.130675 0.000000
vt 0.000000 0.000000 0.000000
vt 0.006106 -0.126055 0.000000
vt 0.042303 -0.017806 0.000000
vt 0.000000 0.000000 0.000000
vt 0.012333 -0.037708 0.000000
vt 0.018294 0.115148 0.000000
vt 0.000000 0.000000 0.000000
vt -0.003690 -0.152927 0.000000
vt 0.014004 -0.025759 0.000000
vt 0.000000 0.000000 0.000000
vt -0.031984 -0.066834 0.000000
vt 0.004388 -0.126127 0.000000
vt 0.000000 0.000000 0.000000
vt 0.004345 -0.110153 0.000000
vt 0.036379 -0.043343 0.000000
vt 0.000000 0.000000 0.000000
vt -0.029856 0.002293 0.000000
vt 0.001448 -0.110229 0.000000
vt 0.000000 0.000000 0.000000
vt -0.005848 -0.051439 0.000000
vt 0.024008 -0.053737 0.000000
vt 0.000000 0.000000 0.000000
vt 0.031042 -0.088448 0.000000
vt 0.011713 0.026737 0.000000
vt 0.000000 0.000000 0.000000
vt 0.010378 0.038376 0.000000
vt -0.021216 0.126629 0.000000
vt 0.000000 0.000000 0.000000
vt -0.001447 0.110229 0.000000
vt -0.031304 0.112522 0.000000
vt 0.000000 0.000000 0.000000
vt 0.029857 -0.002298 0.000000
vt 0.005849 0.051440 0.000000
vt 0.000000 0.000000 0.000000
vt -0.011714 -0.026737 0.000000
vt 0.019328 -0.115185 0.000000
vt 0.000000 0.000000 0.000000
vt 0.032034 0.066810 0.000000
vt -0.004344 0.110153 0.000000
vt 0.000000 0.000000 0.000000
vt -0.000461 0.281460 0.000000
vt -0.050512 0.001941 0.000000
vt 0.000000 0.000000 0.000000
vt 0.044453 0.211578 0.000000
vt -0.006059 0.213520 0.000000
vt 0.000000 0.000000 0.000000
vt -0.006119 0.213518 0.000000
vt -0.042329 0.017744 0.000000
vt 0.000000 0.000000 0.000000
vt -0.004387 0.126127 0.000000
vt -0.036372 0.059293 0.000000
vt 0.000000 0.000000 0.000000
vt 0.036196 0.108249 0.000000
vt -0.006107 0.126055 0.000000
vt 0.000000 0.000000 0.000000
vt -0.014003 0.025759 0.000000
vt -0.017695 -0.127168 0.000000
vt 0.000000 0.000000 0.000000
vt -0.031594 0.088252 0.000000
vt -0.010379 -0.038376 0.000000
vt 0.000000 0.000000 0.000000
vt 0.005962 0.152855 0.000000
vt -0.012332 0.037708 0.000000
vt 0.000000 0.000000 0.000000
vt -0.009261 0.051063 0.000000
vt -0.027911 -0.113202 0.000000
vt 0.000000 0.000000 0.000000
vt 0.022027 0.163846 0.000000
vt -0.001662 0.110045 0.000000
vt 0.000000 0.000000 0.000000
vt 0.037567 0.169147 0.000000
vt 0.001116 0.125997 0.000000
vt 0.000000 0.000000 0.000000
vt 0.000065 0.110058 0.000000
vt -0.035959 -0.059424 0.000000
vt 0.000000 0.000000 0.000000
vt 0.002410 0.125979 0.000000
vt -0.040098 -0.022153 0.000000
vt 0.000000 0.000000 0.000000
vt 0.043283 0.147907 0.000000
vt 0.000835 0.130613 0.000000
vt 0.000000 0.000000 0.000000
vt 0.043520 0.133495 0.000000
vt -0.001580 0.131290 0.000000
vt 0.000000 0.000000 0.000000
vt 0.001182 0.130610 0.000000
vt -0.041850 -0.003043 0.000000
vt 0.000000 0.000000 0.000000
vt -0.001164 0.214517 0.000000
vt -0.045075 0.002826 0.000000
vt 0.000000 0.000000 0.000000
vt 0.040481 0.127821 0.000000
vt -0.004594 0.130657 0.000000
vt 0.000000 0.000000 0.000000
vt -0.001742 0.131287 0.000000
vt -0.041834 0.003344 0.000000
vt 0.000000 0.000000 0.000000
vt -0.021720 -0.105866 0.000000
vt 0.009142 -0.038606 0.000000
vt 0.000000 0.000000 0.000000
vt 0.008384 -0.043698 0.000000
vt 0.031606 0.061849 0.000000
vt 0.000000 0.000000 0.000000
vt 0.004125 -0.045838 0.000000
vt 0.039422 0.023334 0.000000
vt 0.000000 0.000000 0.000000
vt -0.034714 -0.069466 0.000000
vt 0.003975 -0.044317 0.000000
vt 0.000000 0.000000 0.000000
vt -0.039141 -0.049601 0.000000
vt 0.001643 -0.045994 0.000000
vt 0.000000 0.000000 0.000000
vt 0.002473 -0.046214 0.000000
vt 0.041837 0.003210 0.000000
vt 0.000000 0.000000 0.000000
vt -0.039057 -0.042651 0.000000
vt 0.001728 -0.046248 0.000000
vt 0.000000 0.000000 0.000000
vt 0.002629 -0.046053 0.000000
vt 0.041819 -0.003524 0.000000
vt 0.000000 0.000000 0.000000
vt -0.039009 -0.021102 0.000000
vt -0.000239 -0.046127 0.000000
vt 0.000000 0.000000 0.000000
vt 0.000305 -0.044642 0.000000
vt 0.039331 -0.023573 0.000000
vt 0.000000 0.000000 0.000000
vt -0.036985 0.022743 0.000000
vt -0.005627 -0.044287 0.000000
vt 0.000000 0.000000 0.000000
vt -0.005666 -0.039349 0.000000
vt 0.031303 -0.062118 0.000000
vt 0.000000 0.000000 0.000000
vt 0.036970 -0.022769 0.000000
vt 0.005666 0.039349 0.000000
vt 0.000000 0.000000 0.000000
vt 0.005628 0.044287 0.000000
vt -0.031358 0.067030 0.000000
vt 0.000000 0.000000 0.000000
vt -0.004068 0.130675 0.000000
vt -0.040038 0.022350 0.000000
vt 0.000000 0.000000 0.000000
vt 0.039026 0.021069 0.000000
vt -0.000305 0.044642 0.000000
vt 0.000000 0.000000 0.000000
vt -0.009141 0.038606 0.000000
vt -0.030862 -0.067260 0.000000
vt 0.000000 0.000000 0.000000
vt 0.023224 0.105546 0.000000
vt -0.008383 0.043697 0.000000
vt 0.000000 0.000000 0.000000
vt 0.035295 0.069173 0.000000
vt -0.004126 0.045839 0.000000
vt 0.000000 0.000000 0.000000
vt -0.003974 0.044316 0.000000
vt -0.038689 -0.025149 0.000000
vt 0.000000 0.000000 0.000000
vt 0.039365 0.049424 0.000000
vt -0.002472 0.046214 0.000000
vt 0.000000 0.000000 0.000000
vt -0.001643 0.045995 0.000000
vt -0.040784 -0.003607 0.000000
vt 0.000000 0.000000 0.000000
vt 0.039189 0.042529 0.000000
vt -0.002630 0.046053 0.000000
vt 0.000000 0.000000 0.000000
vt -0.001728 0.046248 0.000000
vt -0.040785 0.003597 0.000000
vt 0.000000 0.000000 0.000000
vt 0.000240 0.046127 0.000000
vt -0.038769 0.025026 0.000000
vt 0.000000 0.000000 0.000000
vn -0.327081 0.431997 -0.840474
vn -0.327081 0.431997 -0.840474
vn -0.327081 0.431997 -0.840474
vn -0.295946 0.439105 -0.848294
vn -0.295946 0.439105 -0.848294
vn -0.295946 0.439105 -0.848294
vn 0.623561 0.735342 -0.265414
vn 0.623561 0.735342 -0.265414
vn 0.623561 0.735342 -0.265414
vn -0.394140 0.532454 -0.749097
vn -0.394140 0.532454 -0.749097
vn -0.394140 0.532454 -0.749097
vn 0.521025 0.598452 -0.608596
vn 0.521025 0.598452 -0.608596
vn 0.521025 0.598452 -0.608596
vn 0.645387 0.721421 -0.251053
vn 0.645387 0.721421 -0.251053
vn 0.645387 0.721421 -0.251053
vn -0.503976 0.240922 -0.829437
vn -0.503976 0.240922 -0.829437
vn -0.503976 0.240922 -0.829437
vn -0.253755 0.335317 -0.907288
vn -0.253755 0.335317 -0.907288
vn -0.253755 0.335317 -0.907288
vn -0.555932 0.231673 -0.798290
vn -0.555932 0.231673 -0.798290
vn -0.555932 0.231673 -0.798290
vn -0.600367 0.257615 -0.757096
vn -0.600367 0.257615 -0.757096
vn -0.600367 0.257615 -0.757096
vn -0.637784 0.242809 -0.730941
vn -0.637784 0.242809 -0.730941
vn -0.637784 0.242809 -0.730941
vn -0.683596 0.261682 -0.681336
vn -0.683596 0.261682 -0.681336
vn -0.683596 0.261682 -0.681336
vn -0.430561 0.516711 -0.740019
vn -0.430561 0.516711 -0.740019
vn -0.430561 0.516711 -0.740019
vn -0.238835 0.336233 -0.910991
vn -0.238835 0.336233 -0.910991
vn -0.238835 0.336233 -0.910991
vn 0.398459 0.431500 -0.809344
vn 0.398459 0.431500 -0.809344
vn 0.398459 0.431500 -0.809344
vn 0.492846 0.606923 -0.623496
vn 0.492846 0.606923 -0.623496
vn 0.492846 0.606923 -0.623496
vn 0.905252 0.271900 0.326480
vn 0.905252 0.271900 0.326480
vn 0.905252 0.271900 0.326480
vn 0.842048 0.253178 0.476294
vn 0.842048 0.253178 0.476294
vn 0.842048 0.253178 0.476294
vn 0.838633 0.259560 0.478877
vn 0.838633 0.259560 0.478877
vn 0.838633 0.259560 0.478877
vn 0.652137 0.731014 0.200836
vn 0.652137 0.731014 0.200836
vn 0.652137 0.731014 0.200836
vn 0.903134 0.278896 0.326445
vn 0.903134 0.278896 0.326445
vn 0.903134 0.278896 0.326445
vn 0.951953 0.290581 0.096689
vn 0.951953 0.290581 0.096689
vn 0.951953 0.290581 0.096689
vn 0.652216 0.730936 0.200864
vn 0.652216 0.730936 0.200864
vn 0.652216 0.730936 0.200864
vn -0.526614 0.633570 -0.566804
vn -0.526614 0.633570 -0.566804
vn -0.526614 0.633570 -0.566804
vn -0.492056 0.171281 -0.853548
vn -0.492056 0.171281 -0.853548
vn -0.492056 0.171281 -0.853548
vn -0.234527 0.215595 -0.947901
vn -0.234527 0.215595 -0.947901
vn -0.234527 0.215595 -0.947901
vn -0.243137 0.212300 -0.946474
vn -0.243137 0.212300 -0.946474
vn -0.243137 0.212300 -0.946474
vn -0.681517 0.135289 -0.719188
vn -0.681517 0.135289 -0.719188
vn -0.681517 0.135289 -0.719188
vn -0.537662 0.147899 -0.830088
vn -0.537662 0.147899 -0.830088
vn -0.537662 0.147899 -0.830088
vn -0.684115 0.134128 -0.716935
vn -0.684115 0.134128 -0.716935
vn -0.684115 0.134128 -0.716935
vn -0.732620 0.139689 -0.666149
vn -0.732620 0.139689 -0.666149
vn -0.732620 0.139689 -0.666149
vn -0.759220 0.125604 -0.638599
vn -0.759220 0.125604 -0.638599
vn -0.759220 0.125604 -0.638599
vn -0.779818 0.128619 -0.612651
vn -0.779818 0.128619 -0.612651
vn -0.779818 0.128619 -0.612651
vn -0.714212 0.242106 -0.656723
vn -0.714212 0.242106 -0.656723
vn -0.714212 0.242106 -0.656723
vn -0.549959 0.616301 -0.563665
vn -0.549959 0.616301 -0.563665
vn -0.549959 0.616301 -0.563665
vn -0.761355 0.258249 -0.594681
vn -0.761355 0.258249 -0.594681
vn -0.761355 0.258249 -0.594681
vn 0.357249 0.254847 -0.898569
vn 0.357249 0.254847 -0.898569
vn 0.357249 0.254847 -0.898569
vn 0.371007 0.257369 -0.892253
vn 0.371007 0.257369 -0.892253
vn 0.371007 0.257369 -0.892253
vn 0.381811 0.434552 -0.815711
vn 0.381811 0.434552 -0.815711
vn 0.381811 0.434552 -0.815711
vn 0.946485 0.310649 0.087540
vn 0.946485 0.310649 0.087540
vn 0.946485 0.310649 0.087540
vn 0.934180 0.286216 -0.213044
vn 0.934180 0.286216 -0.213044
vn 0.934180 0.286216 -0.213044
vn 0.882398 0.092083 0.461404
vn 0.882398 0.092083 0.461404
vn 0.882398 0.092083 0.461404
vn 0.853598 0.089009 0.513272
vn 0.853598 0.089009 0.513272
vn 0.853598 0.089009 0.513272
vn 0.845919 0.100200 0.523814
vn 0.845919 0.100200 0.523814
vn 0.845919 0.100200 0.523814
vn 0.830064 0.098322 0.548932
vn 0.830064 0.098322 0.548932
vn 0.830064 0.098322 0.548932
vn 0.778217 0.240861 0.579969
vn 0.778217 0.240861 0.579969
vn 0.778217 0.240861 0.579969
vn 0.814249 0.113819 0.569249
vn 0.814249 0.113819 0.569249
vn 0.814249 0.113819 0.569249
vn 0.761345 0.258258 0.594690
vn 0.761345 0.258258 0.594690
vn 0.761345 0.258258 0.594690
vn 0.549939 0.616314 0.563670
vn 0.549939 0.616314 0.563670
vn 0.549939 0.616314 0.563670
vn 0.930076 0.091041 0.355907
vn 0.930076 0.091041 0.355907
vn 0.930076 0.091041 0.355907
vn 0.885358 0.085601 0.456962
vn 0.885358 0.085601 0.456962
vn 0.885358 0.085601 0.456962
vn 0.526608 0.633572 0.566807
vn 0.526608 0.633572 0.566807
vn 0.526608 0.633572 0.566807
vn -0.652233 0.730913 -0.200891
vn -0.652233 0.730913 -0.200891
vn -0.652233 0.730913 -0.200891
vn -0.264970 0.105158 -0.958505
vn -0.264970 0.105158 -0.958505
vn -0.264970 0.105158 -0.958505
vn -0.561569 0.096276 -0.821810
vn -0.561569 0.096276 -0.821810
vn -0.561569 0.096276 -0.821810
vn -0.269104 0.104134 -0.957465
vn -0.269104 0.104134 -0.957465
vn -0.269104 0.104134 -0.957465
vn 0.396388 0.099237 -0.912704
vn 0.396388 0.099237 -0.912704
vn 0.396388 0.099237 -0.912704
vn 0.395627 0.099127 -0.913046
vn 0.395627 0.099127 -0.913046
vn 0.395627 0.099127 -0.913046
vn -0.579625 0.089566 -0.809946
vn -0.579625 0.089566 -0.809946
vn -0.579625 0.089566 -0.809946
vn -0.715566 0.087282 -0.693070
vn -0.715566 0.087282 -0.693070
vn -0.715566 0.087282 -0.693070
vn -0.785964 0.078388 -0.613283
vn -0.785964 0.078388 -0.613283
vn -0.785964 0.078388 -0.613283
vn -0.737440 0.077044 -0.671005
vn -0.737440 0.077044 -0.671005
vn -0.737440 0.077044 -0.671005
vn -0.802875 0.112253 -0.585484
vn -0.802875 0.112253 -0.585484
vn -0.802875 0.112253 -0.585484
vn -0.819877 0.066395 -0.568677
vn -0.819877 0.066395 -0.568677
vn -0.819877 0.066395 -0.568677
vn -0.808138 0.065703 -0.585317
vn -0.808138 0.065703 -0.585317
vn -0.808138 0.065703 -0.585317
vn -0.778216 0.240863 -0.579970
vn -0.778216 0.240863 -0.579970
vn -0.778216 0.240863 -0.579970
vn -0.814249 0.113818 -0.569249
vn -0.814249 0.113818 -0.569249
vn -0.814249 0.113818 -0.569249
vn -0.652160 0.730986 -0.200866
vn -0.652160 0.730986 -0.200866
vn -0.652160 0.730986 -0.200866
vn -0.838632 0.259562 -0.478878
vn -0.838632 0.259562 -0.478878
vn -0.838632 0.259562 -0.478878
vn 0.888593 0.354019 -0.291674
vn 0.888593 0.354019 -0.291674
vn 0.888593 0.354019 -0.291674
vn 0.882536 0.167783 -0.439294
vn 0.882536 0.167783 -0.439294
vn 0.882536 0.167783 -0.439294
vn 0.928727 0.175688 -0.326497
vn 0.928727 0.175688 -0.326497
vn 0.928727 0.175688 -0.326497
vn 0.969779 0.040240 -0.240644
vn 0.969779 0.040240 -0.240644
vn 0.969779 0.040240 -0.240644
vn 0.968057 0.039165 -0.247652
vn 0.968057 0.039165 -0.247652
vn 0.968057 0.039165 -0.247652
vn 0.977650 0.099590 0.185155
vn 0.977650 0.099590 0.185155
vn 0.977650 0.099590 0.185155
vn 0.931026 0.088019 0.354178
vn 0.931026 0.088019 0.354178
vn 0.931026 0.088019 0.354178
vn 0.850772 0.036953 0.524233
vn 0.850772 0.036953 0.524233
vn 0.850772 0.036953 0.524233
vn 0.863196 0.023249 0.504333
vn 0.863196 0.023249 0.504333
vn 0.863196 0.023249 0.504333
vn 0.872194 0.023517 0.488594
vn 0.872194 0.023517 0.488594
vn 0.872194 0.023517 0.488594
vn 0.837640 0.051989 0.543743
vn 0.837640 0.051989 0.543743
vn 0.837640 0.051989 0.543743
vn 0.854712 0.037124 0.517773
vn 0.854712 0.037124 0.517773
vn 0.854712 0.037124 0.517773
vn 0.819877 0.066395 0.568677
vn 0.819877 0.066395 0.568677
vn 0.819877 0.066395 0.568677
vn 0.802874 0.112253 0.585485
vn 0.802874 0.112253 0.585485
vn 0.802874 0.112253 0.585485
vn 0.840135 0.052137 0.539866
vn 0.840135 0.052137 0.539866
vn 0.840135 0.052137 0.539866
vn 0.714207 0.242116 0.656725
vn 0.714207 0.242116 0.656725
vn 0.714207 0.242116 0.656725
vn 0.779819 0.128618 0.612650
vn 0.779819 0.128618 0.612650
vn 0.779819 0.128618 0.612650
vn 0.683602 0.261685 0.681329
vn 0.683602 0.261685 0.681329
vn 0.683602 0.261685 0.681329
vn 0.430561 0.516719 0.740013
vn 0.430561 0.516719 0.740013
vn 0.430561 0.516719 0.740013
vn 0.880967 0.011674 0.473033
vn 0.880967 0.011674 0.473033
vn 0.880967 0.011674 0.473033
vn 0.909690 0.012819 0.415089
vn 0.909690 0.012819 0.415089
vn 0.909690 0.012819 0.415089
vn 0.394122 0.532469 0.749096
vn 0.394122 0.532469 0.749096
vn 0.394122 0.532469 0.749096
vn -0.645420 0.721406 0.251012
vn -0.645420 0.721406 0.251012
vn -0.645420 0.721406 0.251012
vn 0.411993 0.008778 -0.911145
vn 0.411993 0.008778 -0.911145
vn 0.411993 0.008778 -0.911145
vn 0.405925 0.008215 -0.913870
vn 0.405925 0.008215 -0.913870
vn 0.405925 0.008215 -0.913870
vn -0.283465 0.044237 -0.957962
vn -0.283465 0.044237 -0.957962
vn -0.283465 0.044237 -0.957962
vn -0.286565 0.043771 -0.957060
vn -0.286565 0.043771 -0.957060
vn -0.286565 0.043771 -0.957060
vn -0.593227 0.056200 -0.803071
vn -0.593227 0.056200 -0.803071
vn -0.593227 0.056200 -0.803071
vn 0.978384 -0.030453 -0.204541
vn 0.978384 -0.030453 -0.204541
vn 0.978384 -0.030453 -0.204541
vn 0.971428 -0.035134 -0.234720
vn 0.971428 -0.035134 -0.234720
vn 0.971428 -0.035134 -0.234720
vn -0.607704 0.052308 -0.792439
vn -0.607704 0.052308 -0.792439
vn -0.607704 0.052308 -0.792439
vn -0.746077 0.057291 -0.663390
vn -0.746077 0.057291 -0.663390
vn -0.746077 0.057291 -0.663390
vn -0.766465 0.049016 -0.640413
vn -0.766465 0.049016 -0.640413
vn -0.766465 0.049016 -0.640413
vn -0.813447 0.050812 -0.579415
vn -0.813447 0.050812 -0.579415
vn -0.813447 0.050812 -0.579415
vn -0.840122 0.052147 -0.539885
vn -0.840122 0.052147 -0.539885
vn -0.840122 0.052147 -0.539885
vn -0.837629 0.051999 -0.543759
vn -0.837629 0.051999 -0.543759
vn -0.837629 0.051999 -0.543759
vn -0.830052 0.098334 -0.548949
vn -0.830052 0.098334 -0.548949
vn -0.830052 0.098334 -0.548949
vn -0.834671 0.039422 -0.549336
vn -0.834671 0.039422 -0.549336
vn -0.834671 0.039422 -0.549336
vn -0.843052 0.039750 -0.536361
vn -0.843052 0.039750 -0.536361
vn -0.843052 0.039750 -0.536361
vn -0.842042 0.253190 -0.476299
vn -0.842042 0.253190 -0.476299
vn -0.842042 0.253190 -0.476299
vn -0.845914 0.100213 -0.523819
vn -0.845914 0.100213 -0.523819
vn -0.845914 0.100213 -0.523819
vn -0.905252 0.271914 -0.326468
vn -0.905252 0.271914 -0.326468
vn -0.905252 0.271914 -0.326468
vn -0.623606 0.735320 0.265367
vn -0.623606 0.735320 0.265367
vn -0.623606 0.735320 0.265367
vn 0.981982 0.084736 0.168912
vn 0.981982 0.084736 0.168912
vn 0.981982 0.084736 0.168912
vn 0.969560 0.010530 0.244627
vn 0.969560 0.010530 0.244627
vn 0.969560 0.010530 0.244627
vn 0.973035 0.004743 0.230607
vn 0.973035 0.004743 0.230607
vn 0.973035 0.004743 0.230607
vn 0.966354 -0.030776 0.255367
vn 0.966354 -0.030776 0.255367
vn 0.966354 -0.030776 0.255367
vn 0.973224 -0.039896 0.226369
vn 0.973224 -0.039896 0.226369
vn 0.973224 -0.039896 0.226369
vn 0.915700 0.003732 0.401846
vn 0.915700 0.003732 0.401846
vn 0.915700 0.003732 0.401846
vn 0.862371 0.010720 0.506164
vn 0.862371 0.010720 0.506164
vn 0.862371 0.010720 0.506164
vn 0.875271 0.010880 0.483510
vn 0.875271 0.010880 0.483510
vn 0.875271 0.010880 0.483510
vn 0.855781 0.025869 0.516691
vn 0.855781 0.025869 0.516691
vn 0.855781 0.025869 0.516691
vn 0.877950 -0.004303 0.478733
vn 0.877950 -0.004303 0.478733
vn 0.877950 -0.004303 0.478733
vn 0.879277 -0.004308 0.476291
vn 0.879277 -0.004308 0.476291
vn 0.879277 -0.004308 0.476291
vn 0.863881 0.026106 0.503019
vn 0.863881 0.026106 0.503019
vn 0.863881 0.026106 0.503019
vn 0.843062 0.039750 0.536345
vn 0.843062 0.039750 0.536345
vn 0.843062 0.039750 0.536345
vn 0.808138 0.065703 0.585317
vn 0.808138 0.065703 0.585317
vn 0.808138 0.065703 0.585317
vn 0.785945 0.078399 0.613306
vn 0.785945 0.078399 0.613306
vn 0.785945 0.078399 0.613306
vn 0.759208 0.125601 0.638613
vn 0.759208 0.125601 0.638613
vn 0.759208 0.125601 0.638613
vn 0.834671 0.039422 0.549336
vn 0.834671 0.039422 0.549336
vn 0.834671 0.039422 0.549336
vn 0.813447 0.050811 0.579415
vn 0.813447 0.050811 0.579415
vn 0.813447 0.050811 0.579415
vn 0.732619 0.139681 0.666152
vn 0.732619 0.139681 0.666152
vn 0.732619 0.139681 0.666152
vn 0.637778 0.242806 0.730948
vn 0.637778 0.242806 0.730948
vn 0.637778 0.242806 0.730948
vn 0.327063 0.432005 0.840477
vn 0.327063 0.432005 0.840477
vn 0.327063 0.432005 0.840477
vn 0.600376 0.257607 0.757092
vn 0.600376 0.257607 0.757092
vn 0.600376 0.257607 0.757092
vn 0.892219 -0.018537 0.451222
vn 0.892219 -0.018537 0.451222
vn 0.892219 -0.018537 0.451222
vn 0.910045 -0.018737 0.414086
vn 0.910045 -0.018737 0.414086
vn 0.910045 -0.018737 0.414086
vn 0.295927 0.439112 0.848297
vn 0.295927 0.439112 0.848297
vn 0.295927 0.439112 0.848297
vn -0.521071 0.598445 0.608562
vn -0.521071 0.598445 0.608562
vn -0.521071 0.598445 0.608562
vn 0.409330 -0.023149 -0.912093
vn 0.409330 -0.023149 -0.912093
vn 0.409330 -0.023149 -0.912093
vn 0.972550 -0.054697 -0.226173
vn 0.972550 -0.054697 -0.226173
vn 0.972550 -0.054697 -0.226173
vn 0.960833 -0.060270 -0.270495
vn 0.960833 -0.060270 -0.270495
vn 0.960833 -0.060270 -0.270495
vn 0.401852 -0.023545 -0.915402
vn 0.401852 -0.023545 -0.915402
vn 0.401852 -0.023545 -0.915402
vn -0.290734 0.022559 -0.956538
vn -0.290734 0.022559 -0.956538
vn -0.290734 0.022559 -0.956538
vn -0.610655 0.042148 -0.790775
vn -0.610655 0.042148 -0.790775
vn -0.610655 0.042148 -0.790775
vn -0.295029 0.022181 -0.955231
vn -0.295029 0.022181 -0.955231
vn -0.295029 0.022181 -0.955231
vn 0.972435 -0.045227 0.228745
vn 0.972435 -0.045227 0.228745
vn 0.972435 -0.045227 0.228745
vn 0.981552 -0.056204 0.182747
vn 0.981552 -0.056204 0.182747
vn 0.981552 -0.056204 0.182747
vn -0.767054 0.046903 -0.639865
vn -0.767054 0.046903 -0.639865
vn -0.767054 0.046903 -0.639865
vn -0.627262 0.038976 -0.777832
vn -0.627262 0.038976 -0.777832
vn -0.627262 0.038976 -0.777832
vn -0.789315 0.039498 -0.612717
vn -0.789315 0.039498 -0.612717
vn -0.789315 0.039498 -0.612717
vn -0.834193 0.041613 -0.549900
vn -0.834193 0.041613 -0.549900
vn -0.834193 0.041613 -0.549900
vn -0.854723 0.037114 -0.517756
vn -0.854723 0.037114 -0.517756
vn -0.854723 0.037114 -0.517756
vn -0.855791 0.025869 -0.516675
vn -0.855791 0.025869 -0.516675
vn -0.855791 0.025869 -0.516675
vn -0.863871 0.026105 -0.503037
vn -0.863871 0.026105 -0.503037
vn -0.863871 0.026105 -0.503037
vn -0.850781 0.036943 -0.524220
vn -0.850781 0.036943 -0.524220
vn -0.850781 0.036943 -0.524220
vn -0.853607 0.089002 -0.513258
vn -0.853607 0.089002 -0.513258
vn -0.853607 0.089002 -0.513258
vn -0.857521 0.030479 -0.513546
vn -0.857521 0.030479 -0.513546
vn -0.857521 0.030479 -0.513546
vn -0.863223 0.030676 -0.503890
vn -0.863223 0.030676 -0.503890
vn -0.863223 0.030676 -0.503890
vn -0.903134 0.278910 -0.326432
vn -0.903134 0.278910 -0.326432
vn -0.903134 0.278910 -0.326432
vn -0.882397 0.092075 -0.461409
vn -0.882397 0.092075 -0.461409
vn -0.882397 0.092075 -0.461409
vn -0.492879 0.606921 0.623472
vn -0.492879 0.606921 0.623472
vn -0.492879 0.606921 0.623472
vn -0.951949 0.290595 -0.096680
vn -0.951949 0.290595 -0.096680
vn -0.951949 0.290595 -0.096680
vn 0.921503 -0.031078 0.387126
vn 0.921503 -0.031078 0.387126
vn 0.921503 -0.031078 0.387126
vn 0.921699 -0.029980 0.386747
vn 0.921699 -0.029980 0.386747
vn 0.921699 -0.029980 0.386747
vn 0.937406 -0.043765 0.345477
vn 0.937406 -0.043765 0.345477
vn 0.937406 -0.043765 0.345477
vn 0.874976 0.016663 0.483880
vn 0.874976 0.016663 0.483880
vn 0.874976 0.016663 0.483880
vn 0.897213 0.001303 0.441595
vn 0.897213 0.001303 0.441595
vn 0.897213 0.001303 0.441595
vn 0.879577 0.001277 0.475754
vn 0.879577 0.001277 0.475754
vn 0.879577 0.001277 0.475754
vn 0.863233 0.030677 0.503873
vn 0.863233 0.030677 0.503873
vn 0.863233 0.030677 0.503873
vn 0.886302 0.016877 0.462800
vn 0.886302 0.016877 0.462800
vn 0.886302 0.016877 0.462800
vn 0.900335 -0.014499 0.434956
vn 0.900335 -0.014499 0.434956
vn 0.900335 -0.014499 0.434956
vn 0.892782 -0.014378 0.450260
vn 0.892782 -0.014378 0.450260
vn 0.892782 -0.014378 0.450260
vn 0.834194 0.041606 0.549899
vn 0.834194 0.041606 0.549899
vn 0.834194 0.041606 0.549899
vn 0.857509 0.030479 0.513566
vn 0.857509 0.030479 0.513566
vn 0.857509 0.030479 0.513566
vn 0.746066 0.057299 0.663402
vn 0.746066 0.057299 0.663402
vn 0.746066 0.057299 0.663402
vn 0.737427 0.077054 0.671017
vn 0.737427 0.077054 0.671017
vn 0.737427 0.077054 0.671017
vn 0.766473 0.049017 0.640404
vn 0.766473 0.049017 0.640404
vn 0.766473 0.049017 0.640404
vn 0.715563 0.087287 0.693073
vn 0.715563 0.087287 0.693073
vn 0.715563 0.087287 0.693073
vn 0.684120 0.134121 0.716932
vn 0.684120 0.134121 0.716932
vn 0.684120 0.134121 0.716932
vn 0.767063 0.046901 0.639855
vn 0.767063 0.046901 0.639855
vn 0.767063 0.046901 0.639855
vn 0.789332 0.039492 0.612695
vn 0.789332 0.039492 0.612695
vn 0.789332 0.039492 0.612695
vn 0.555948 0.231670 0.798280
vn 0.555948 0.231670 0.798280
vn 0.555948 0.231670 0.798280
vn 0.681554 0.135268 0.719157
vn 0.681554 0.135268 0.719157
vn 0.681554 0.135268 0.719157
vn 0.253739 0.335322 0.907290
vn 0.253739 0.335322 0.907290
vn 0.253739 0.335322 0.907290
vn 0.503974 0.240922 0.829438
vn 0.503974 0.240922 0.829438
vn 0.503974 0.240922 0.829438
vn 0.911484 -0.029660 0.410264
vn 0.911484 -0.029660 0.410264
vn 0.911484 -0.029660 0.410264
vn 0.238819 0.336237 0.910994
vn 0.238819 0.336237 0.910994
vn 0.238819 0.336237 0.910994
vn -0.398487 0.431500 0.809331
vn -0.398487 0.431500 0.809331
vn -0.398487 0.431500 0.809331
vn 0.401964 -0.027974 -0.915228
vn 0.401964 -0.027974 -0.915228
vn 0.401964 -0.027974 -0.915228
vn 0.960822 -0.057928 -0.271046
vn 0.960822 -0.057928 -0.271046
vn 0.960822 -0.057928 -0.271046
vn 0.943090 -0.063246 -0.326469
vn 0.943090 -0.063246 -0.326469
vn 0.943090 -0.063246 -0.326469
vn 0.982362 -0.047944 0.180736
vn 0.982362 -0.047944 0.180736
vn 0.982362 -0.047944 0.180736
vn 0.991161 -0.059295 0.118680
vn 0.991161 -0.059295 0.118680
vn 0.991161 -0.059295 0.118680
vn 0.392538 -0.028236 -0.919302
vn 0.392538 -0.028236 -0.919302
vn 0.392538 -0.028236 -0.919302
vn -0.295462 0.019010 -0.955165
vn -0.295462 0.019010 -0.955165
vn -0.295462 0.019010 -0.955165
vn -0.626972 0.040585 -0.777984
vn -0.626972 0.040585 -0.777984
vn -0.626972 0.040585 -0.777984
vn -0.300984 0.018723 -0.953446
vn -0.300984 0.018723 -0.953446
vn -0.300984 0.018723 -0.953446
vn 0.938682 -0.032275 0.343272
vn 0.938682 -0.032275 0.343272
vn 0.938682 -0.032275 0.343272
vn 0.956697 -0.046589 0.287334
vn 0.956697 -0.046589 0.287334
vn 0.956697 -0.046589 0.287334
vn -0.647818 0.037679 -0.760862
vn -0.647818 0.037679 -0.760862
vn -0.647818 0.037679 -0.760862
vn -0.788214 0.046207 -0.613664
vn -0.788214 0.046207 -0.613664
vn -0.788214 0.046207 -0.613664
vn -0.856217 0.040983 -0.514989
vn -0.856217 0.040983 -0.514989
vn -0.856217 0.040983 -0.514989
vn -0.814684 0.038913 -0.578599
vn -0.814684 0.038913 -0.578599
vn -0.814684 0.038913 -0.578599
vn -0.863192 0.023254 -0.504340
vn -0.863192 0.023254 -0.504340
vn -0.863192 0.023254 -0.504340
vn -0.862366 0.010720 -0.506172
vn -0.862366 0.010720 -0.506172
vn -0.862366 0.010720 -0.506172
vn -0.875280 0.010880 -0.483494
vn -0.875280 0.010880 -0.483494
vn -0.875280 0.010880 -0.483494
vn -0.886302 0.016871 -0.462800
vn -0.886302 0.016871 -0.462800
vn -0.886302 0.016871 -0.462800
vn -0.874985 0.016657 -0.483863
vn -0.874985 0.016657 -0.483863
vn -0.874985 0.016657 -0.483863
vn -0.885355 0.085594 -0.456968
vn -0.885355 0.085594 -0.456968
vn -0.885355 0.085594 -0.456968
vn -0.872195 0.023522 -0.488592
vn -0.872195 0.023522 -0.488592
vn -0.872195 0.023522 -0.488592
vn -0.885298 0.029819 -0.464067
vn -0.885298 0.029819 -0.464067
vn -0.885298 0.029819 -0.464067
vn -0.882596 0.029724 -0.469191
vn -0.882596 0.029724 -0.469191
vn -0.882596 0.029724 -0.469191
vn -0.946479 0.310670 -0.087528
vn -0.946479 0.310670 -0.087528
vn -0.946479 0.310670 -0.087528
vn -0.930068 0.091033 -0.355929
vn -0.930068 0.091033 -0.355929
vn -0.930068 0.091033 -0.355929
vn -0.381811 0.434557 0.815709
vn -0.381811 0.434557 0.815709
vn -0.381811 0.434557 0.815709
vn -0.934170 0.286234 0.213064
vn -0.934170 0.286234 0.213064
vn -0.934170 0.286234 0.213064
vn 0.912609 -0.016307 0.408508
vn 0.912609 -0.016307 0.408508
vn 0.912609 -0.016307 0.408508
vn 0.934171 -0.032112 0.355378
vn 0.934171 -0.032112 0.355378
vn 0.934171 -0.032112 0.355378
vn 0.896871 0.015466 0.442022
vn 0.896871 0.015466 0.442022
vn 0.896871 0.015466 0.442022
vn 0.910661 0.015716 0.412855
vn 0.910661 0.015716 0.412855
vn 0.910661 0.015716 0.412855
vn 0.885298 0.029819 0.464068
vn 0.885298 0.029819 0.464068
vn 0.885298 0.029819 0.464068
vn 0.921253 -0.000280 0.388964
vn 0.921253 -0.000280 0.388964
vn 0.921253 -0.000280 0.388964
vn 0.900849 -0.000274 0.434132
vn 0.900849 -0.000274 0.434132
vn 0.900849 -0.000274 0.434132
vn 0.882596 0.029724 0.469191
vn 0.882596 0.029724 0.469191
vn 0.882596 0.029724 0.469191
vn 0.856204 0.040988 0.515009
vn 0.856204 0.040988 0.515009
vn 0.856204 0.040988 0.515009
vn 0.924229 -0.016525 0.381480
vn 0.924229 -0.016525 0.381480
vn 0.924229 -0.016525 0.381480
vn 0.814667 0.038918 0.578622
vn 0.814667 0.038918 0.578622
vn 0.814667 0.038918 0.578622
vn 0.788230 0.046203 0.613644
vn 0.788230 0.046203 0.613644
vn 0.788230 0.046203 0.613644
vn 0.607673 0.052313 0.792463
vn 0.607673 0.052313 0.792463
vn 0.607673 0.052313 0.792463
vn 0.593240 0.056194 0.803062
vn 0.593240 0.056194 0.803062
vn 0.593240 0.056194 0.803062
vn 0.579633 0.089571 0.809940
vn 0.579633 0.089571 0.809940
vn 0.579633 0.089571 0.809940
vn 0.610624 0.042151 0.790798
vn 0.610624 0.042151 0.790798
vn 0.610624 0.042151 0.790798
vn 0.627263 0.038973 0.777832
vn 0.627263 0.038973 0.777832
vn 0.627263 0.038973 0.777832
vn 0.561578 0.096280 0.821803
vn 0.561578 0.096280 0.821803
vn 0.561578 0.096280 0.821803
vn 0.537680 0.147884 0.830079
vn 0.537680 0.147884 0.830079
vn 0.537680 0.147884 0.830079
vn 0.647841 0.037676 0.760843
vn 0.647841 0.037676 0.760843
vn 0.647841 0.037676 0.760843
vn 0.626972 0.040585 0.777984
vn 0.626972 0.040585 0.777984
vn 0.626972 0.040585 0.777984
vn 0.492053 0.171277 0.853550
vn 0.492053 0.171277 0.853550
vn 0.492053 0.171277 0.853550
vn 0.234511 0.215601 0.947903
vn 0.234511 0.215601 0.947903
vn 0.234511 0.215601 0.947903
vn 0.243146 0.212297 0.946472
vn 0.243146 0.212297 0.946472
vn 0.243146 0.212297 0.946472
vn -0.371009 0.257363 0.892254
vn -0.371009 0.257363 0.892254
vn -0.371009 0.257363 0.892254
vn -0.357247 0.254841 0.898571
vn -0.357247 0.254841 0.898571
vn -0.357247 0.254841 0.898571
vn 0.392352 -0.034406 -0.919171
vn 0.392352 -0.034406 -0.919171
vn 0.392352 -0.034406 -0.919171
vn 0.943140 -0.061612 -0.326635
vn 0.943140 -0.061612 -0.326635
vn 0.943140 -0.061612 -0.326635
vn 0.919295 -0.066717 -0.387872
vn 0.919295 -0.066717 -0.387872
vn 0.919295 -0.066717 -0.387872
vn 0.991747 -0.050767 0.117727
vn 0.991747 -0.050767 0.117727
vn 0.991747 -0.050767 0.117727
vn 0.997119 -0.062409 0.043109
vn 0.997119 -0.062409 0.043109
vn 0.997119 -0.062409 0.043109
vn 0.957542 -0.034491 0.286222
vn 0.957542 -0.034491 0.286222
vn 0.957542 -0.034491 0.286222
vn 0.974831 -0.049325 0.217419
vn 0.974831 -0.049325 0.217419
vn 0.974831 -0.049325 0.217419
vn -0.301472 0.013583 -0.953378
vn -0.301472 0.013583 -0.953378
vn -0.301472 0.013583 -0.953378
vn 0.381692 -0.034572 -0.923643
vn 0.381692 -0.034572 -0.923643
vn 0.381692 -0.034572 -0.923643
vn -0.307978 0.013394 -0.951299
vn -0.307978 0.013394 -0.951299
vn -0.307978 0.013394 -0.951299
vn -0.647791 0.037932 -0.760873
vn -0.647791 0.037932 -0.760873
vn -0.647791 0.037932 -0.760873
vn 0.934898 -0.018122 0.354454
vn 0.934898 -0.018122 0.354454
vn 0.934898 -0.018122 0.354454
vn 0.956603 -0.034444 0.289350
vn 0.956603 -0.034444 0.289350
vn 0.956603 -0.034444 0.289350
vn -0.672704 0.035325 -0.739068
vn -0.672704 0.035325 -0.739068
vn -0.672704 0.035325 -0.739068
vn -0.814115 0.044967 -0.578960
vn -0.814115 0.044967 -0.578960
vn -0.814115 0.044967 -0.578960
vn -0.843805 0.037876 -0.535312
vn -0.843805 0.037876 -0.535312
vn -0.843805 0.037876 -0.535312
vn -0.881881 0.040093 -0.469764
vn -0.881881 0.040093 -0.469764
vn -0.881881 0.040093 -0.469764
vn -0.880972 0.011674 -0.473024
vn -0.880972 0.011674 -0.473024
vn -0.880972 0.011674 -0.473024
vn -0.877956 -0.004299 -0.478722
vn -0.877956 -0.004299 -0.478722
vn -0.877956 -0.004299 -0.478722
vn -0.879268 -0.004304 -0.476307
vn -0.879268 -0.004304 -0.476307
vn -0.879268 -0.004304 -0.476307
vn -0.897213 0.001303 -0.441595
vn -0.897213 0.001303 -0.441595
vn -0.897213 0.001303 -0.441595
vn -0.879568 0.001277 -0.475771
vn -0.879568 0.001277 -0.475771
vn -0.879568 0.001277 -0.475771
vn -0.896870 0.015472 -0.442023
vn -0.896870 0.015472 -0.442023
vn -0.896870 0.015472 -0.442023
vn -0.910652 0.015721 -0.412876
vn -0.910652 0.015721 -0.412876
vn -0.910652 0.015721 -0.412876
vn -0.931020 0.088008 -0.354199
vn -0.931020 0.088008 -0.354199
vn -0.931020 0.088008 -0.354199
vn -0.909685 0.012819 -0.415102
vn -0.909685 0.012819 -0.415102
vn -0.909685 0.012819 -0.415102
vn -0.909804 0.028824 -0.414037
vn -0.909804 0.028824 -0.414037
vn -0.909804 0.028824 -0.414037
vn -0.910114 0.028837 -0.413353
vn -0.910114 0.028837 -0.413353
vn -0.910114 0.028837 -0.413353
vn -0.888640 0.353958 0.291603
vn -0.888640 0.353958 0.291603
vn -0.888640 0.353958 0.291603
vn -0.977658 0.099583 -0.185114
vn -0.977658 0.099583 -0.185114
vn -0.977658 0.099583 -0.185114
vn -0.882594 0.167793 0.439173
vn -0.882594 0.167793 0.439173
vn -0.882594 0.167793 0.439173
vn -0.928704 0.175684 0.326564
vn -0.928704 0.175684 0.326564
vn -0.928704 0.175684 0.326564
vn 0.924579 -0.001772 0.380986
vn 0.924579 -0.001772 0.380986
vn 0.924579 -0.001772 0.380986
vn 0.948181 -0.018465 0.317193
vn 0.948181 -0.018465 0.317193
vn 0.948181 -0.018465 0.317193
vn 0.910123 0.028835 0.413333
vn 0.910123 0.028835 0.413333
vn 0.910123 0.028835 0.413333
vn 0.935899 0.014564 0.351966
vn 0.935899 0.014564 0.351966
vn 0.935899 0.014564 0.351966
vn 0.921107 0.014248 0.389048
vn 0.921107 0.014248 0.389048
vn 0.921107 0.014248 0.389048
vn 0.881881 0.040093 0.469764
vn 0.881881 0.040093 0.469764
vn 0.881881 0.040093 0.469764
vn 0.909809 0.028822 0.414025
vn 0.909809 0.028822 0.414025
vn 0.909809 0.028822 0.414025
vn 0.945539 -0.001813 0.325505
vn 0.945539 -0.001813 0.325505
vn 0.945539 -0.001813 0.325505
vn 0.814099 0.044971 0.578982
vn 0.814099 0.044971 0.578982
vn 0.814099 0.044971 0.578982
vn 0.843805 0.037876 0.535312
vn 0.843805 0.037876 0.535312
vn 0.843805 0.037876 0.535312
vn 0.647814 0.037930 0.760854
vn 0.647814 0.037930 0.760854
vn 0.647814 0.037930 0.760854
vn 0.672682 0.035328 0.739087
vn 0.672682 0.035328 0.739087
vn 0.672682 0.035328 0.739087
vn 0.290734 0.022562 0.956538
vn 0.290734 0.022562 0.956538
vn 0.290734 0.022562 0.956538
vn 0.295029 0.022183 0.955231
vn 0.295029 0.022183 0.955231
vn 0.295029 0.022183 0.955231
vn 0.286566 0.043768 0.957060
vn 0.286566 0.043768 0.957060
vn 0.286566 0.043768 0.957060
vn 0.283448 0.044236 0.957967
vn 0.283448 0.044236 0.957967
vn 0.283448 0.044236 0.957967
vn 0.269085 0.104136 0.957470
vn 0.269085 0.104136 0.957470
vn 0.269085 0.104136 0.957470
vn 0.295463 0.019008 0.955165
vn 0.295463 0.019008 0.955165
vn 0.295463 0.019008 0.955165
vn 0.300966 0.018722 0.953451
vn 0.300966 0.018722 0.953451
vn 0.300966 0.018722 0.953451
vn 0.264981 0.105154 0.958503
vn 0.264981 0.105154 0.958503
vn 0.264981 0.105154 0.958503
vn 0.301454 0.013584 0.953384
vn 0.301454 0.013584 0.953384
vn 0.301454 0.013584 0.953384
vn 0.307996 0.013394 0.951293
vn 0.307996 0.013394 0.951293
vn 0.307996 0.013394 0.951293
vn -0.396389 0.099236 0.912704
vn -0.396389 0.099236 0.912704
vn -0.396389 0.099236 0.912704
vn -0.395656 0.099131 0.913033
vn -0.395656 0.099131 0.913033
vn -0.395656 0.099131 0.913033
vn -0.969760 0.040246 0.240721
vn -0.969760 0.040246 0.240721
vn -0.969760 0.040246 0.240721
vn -0.968040 0.039171 0.247719
vn -0.968040 0.039171 0.247719
vn -0.968040 0.039171 0.247719
vn 0.919224 -0.067961 -0.387825
vn 0.919224 -0.067961 -0.387825
vn 0.919224 -0.067961 -0.387825
vn 0.890450 -0.073063 -0.449178
vn 0.890450 -0.073063 -0.449178
vn 0.890450 -0.073063 -0.449178
vn 0.381029 -0.045635 -0.923436
vn 0.381029 -0.045635 -0.923436
vn 0.381029 -0.045635 -0.923436
vn 0.997568 -0.055014 0.042795
vn 0.997568 -0.055014 0.042795
vn 0.997568 -0.055014 0.042795
vn 0.996992 -0.066986 -0.038993
vn 0.996992 -0.066986 -0.038993
vn 0.996992 -0.066986 -0.038993
vn 0.975442 -0.037827 0.216984
vn 0.975442 -0.037827 0.216984
vn 0.975442 -0.037827 0.216984
vn 0.988881 -0.053155 0.138882
vn 0.988881 -0.053155 0.138882
vn 0.988881 -0.053155 0.138882
vn 0.976009 -0.037876 0.214412
vn 0.976009 -0.037876 0.214412
vn 0.976009 -0.037876 0.214412
vn 0.957112 -0.021110 0.288947
vn 0.957112 -0.021110 0.288947
vn 0.957112 -0.021110 0.288947
vn 0.370043 -0.045762 -0.927887
vn 0.370043 -0.045762 -0.927887
vn 0.370043 -0.045762 -0.927887
vn -0.308707 0.003105 -0.951152
vn -0.308707 0.003105 -0.951152
vn -0.308707 0.003105 -0.951152
vn -0.316113 0.003013 -0.948717
vn -0.316113 0.003013 -0.948717
vn -0.316113 0.003013 -0.948717
vn -0.672958 0.031571 -0.739006
vn -0.672958 0.031571 -0.739006
vn -0.672958 0.031571 -0.739006
vn 0.948442 -0.004661 0.316917
vn 0.948442 -0.004661 0.316917
vn 0.948442 -0.004661 0.316917
vn 0.969531 -0.021636 0.244011
vn 0.969531 -0.021636 0.244011
vn 0.969531 -0.021636 0.244011
vn -0.843625 0.041064 -0.535361
vn -0.843625 0.041064 -0.535361
vn -0.843625 0.041064 -0.535361
vn -0.701015 0.029409 -0.712540
vn -0.701015 0.029409 -0.712540
vn -0.701015 0.029409 -0.712540
vn -0.909468 0.037020 -0.414121
vn -0.909468 0.037020 -0.414121
vn -0.909468 0.037020 -0.414121
vn -0.874849 0.034398 -0.483173
vn -0.874849 0.034398 -0.483173
vn -0.874849 0.034398 -0.483173
vn -0.892229 -0.018537 -0.451203
vn -0.892229 -0.018537 -0.451203
vn -0.892229 -0.018537 -0.451203
vn -0.910039 -0.018737 -0.414098
vn -0.910039 -0.018737 -0.414098
vn -0.910039 -0.018737 -0.414098
vn -0.915694 0.003731 -0.401858
vn -0.915694 0.003731 -0.401858
vn -0.915694 0.003731 -0.401858
vn -0.900335 -0.014506 -0.434957
vn -0.900335 -0.014506 -0.434957
vn -0.900335 -0.014506 -0.434957
vn -0.892790 -0.014385 -0.450243
vn -0.892790 -0.014385 -0.450243
vn -0.892790 -0.014385 -0.450243
vn -0.921257 -0.000277 -0.388954
vn -0.921257 -0.000277 -0.388954
vn -0.921257 -0.000277 -0.388954
vn -0.900849 -0.000271 -0.434132
vn -0.900849 -0.000271 -0.434132
vn -0.900849 -0.000271 -0.434132
vn -0.935900 0.014562 -0.351966
vn -0.935900 0.014562 -0.351966
vn -0.935900 0.014562 -0.351966
vn -0.921112 0.014246 -0.389038
vn -0.921112 0.014246 -0.389038
vn -0.921112 0.014246 -0.389038
vn -0.981981 0.084761 -0.168908
vn -0.981981 0.084761 -0.168908
vn -0.981981 0.084761 -0.168908
vn -0.969555 0.010529 -0.244648
vn -0.969555 0.010529 -0.244648
vn -0.969555 0.010529 -0.244648
vn -0.936662 0.026035 -0.349266
vn -0.936662 0.026035 -0.349266
vn -0.936662 0.026035 -0.349266
vn -0.935641 0.025976 -0.351997
vn -0.935641 0.025976 -0.351997
vn -0.935641 0.025976 -0.351997
vn -0.973031 0.004741 -0.230627
vn -0.973031 0.004741 -0.230627
vn -0.973031 0.004741 -0.230627
vn 0.945506 0.011387 0.325406
vn 0.945506 0.011387 0.325406
vn 0.945506 0.011387 0.325406
vn 0.967448 -0.004754 0.253025
vn 0.967448 -0.004754 0.253025
vn 0.967448 -0.004754 0.253025
vn 0.909474 0.037021 0.414109
vn 0.909474 0.037021 0.414109
vn 0.909474 0.037021 0.414109
vn 0.936667 0.026035 0.349253
vn 0.936667 0.026035 0.349253
vn 0.936667 0.026035 0.349253
vn 0.935641 0.025976 0.351997
vn 0.935641 0.025976 0.351997
vn 0.935641 0.025976 0.351997
vn 0.959440 0.011805 0.281667
vn 0.959440 0.011805 0.281667
vn 0.959440 0.011805 0.281667
vn 0.874833 0.034397 0.483202
vn 0.874833 0.034397 0.483202
vn 0.874833 0.034397 0.483202
vn 0.843625 0.041059 0.535361
vn 0.843625 0.041059 0.535361
vn 0.843625 0.041059 0.535361
vn 0.701039 0.029407 0.712516
vn 0.701039 0.029407 0.712516
vn 0.701039 0.029407 0.712516
vn 0.672937 0.031572 0.739026
vn 0.672937 0.031572 0.739026
vn 0.672937 0.031572 0.739026
vn 0.308725 0.003105 0.951146
vn 0.308725 0.003105 0.951146
vn 0.308725 0.003105 0.951146
vn 0.316104 0.003014 0.948720
vn 0.316104 0.003014 0.948720
vn 0.316104 0.003014 0.948720
vn -0.401853 -0.023549 0.915401
vn -0.401853 -0.023549 0.915401
vn -0.401853 -0.023549 0.915401
vn -0.409362 -0.023151 0.912078
vn -0.409362 -0.023151 0.912078
vn -0.409362 -0.023151 0.912078
vn -0.405956 0.008213 0.913856
vn -0.405956 0.008213 0.913856
vn -0.405956 0.008213 0.913856
vn -0.401964 -0.027971 0.915228
vn -0.401964 -0.027971 0.915228
vn -0.401964 -0.027971 0.915228
vn -0.392538 -0.028233 0.919302
vn -0.392538 -0.028233 0.919302
vn -0.392538 -0.028233 0.919302
vn -0.412027 0.008776 0.911129
vn -0.412027 0.008776 0.911129
vn -0.412027 0.008776 0.911129
vn -0.392352 -0.034408 0.919171
vn -0.392352 -0.034408 0.919171
vn -0.392352 -0.034408 0.919171
vn -0.381692 -0.034574 0.923643
vn -0.381692 -0.034574 0.923643
vn -0.381692 -0.034574 0.923643
vn -0.381030 -0.045634 0.923436
vn -0.381030 -0.045634 0.923436
vn -0.381030 -0.045634 0.923436
vn -0.370045 -0.045762 0.927886
vn -0.370045 -0.045762 0.927886
vn -0.370045 -0.045762 0.927886
vn -0.978372 -0.030462 0.204600
vn -0.978372 -0.030462 0.204600
vn -0.978372 -0.030462 0.204600
vn -0.971428 -0.035134 0.234721
vn -0.971428 -0.035134 0.234721
vn -0.971428 -0.035134 0.234721
vn -0.966350 -0.030771 -0.255382
vn -0.966350 -0.030771 -0.255382
vn -0.966350 -0.030771 -0.255382
vn -0.973232 -0.039906 -0.226336
vn -0.973232 -0.039906 -0.226336
vn -0.973232 -0.039906 -0.226336
vn 0.890182 -0.076669 -0.449109
vn 0.890182 -0.076669 -0.449109
vn 0.890182 -0.076669 -0.449109
vn 0.997411 -0.060356 -0.039104
vn 0.997411 -0.060356 -0.039104
vn 0.997411 -0.060356 -0.039104
vn 0.989834 -0.072654 -0.122270
vn 0.989834 -0.072654 -0.122270
vn 0.989834 -0.072654 -0.122270
vn 0.858662 -0.081943 -0.505950
vn 0.858662 -0.081943 -0.505950
vn 0.858662 -0.081943 -0.505950
vn 0.368879 -0.061604 -0.927434
vn 0.368879 -0.061604 -0.927434
vn 0.368879 -0.061604 -0.927434
vn 0.989441 -0.042070 0.138699
vn 0.989441 -0.042070 0.138699
vn 0.989441 -0.042070 0.138699
vn 0.996763 -0.057731 0.055960
vn 0.996763 -0.057731 0.055960
vn 0.996763 -0.057731 0.055960
vn 0.976460 -0.025256 0.214214
vn 0.976460 -0.025256 0.214214
vn 0.976460 -0.025256 0.214214
vn 0.990077 -0.042188 0.134047
vn 0.990077 -0.042188 0.134047
vn 0.990077 -0.042188 0.134047
vn 0.969774 -0.009123 0.243833
vn 0.969774 -0.009123 0.243833
vn 0.969774 -0.009123 0.243833
vn 0.985942 -0.026008 0.165052
vn 0.985942 -0.026008 0.165052
vn 0.985942 -0.026008 0.165052
vn 0.358354 -0.061755 -0.931541
vn 0.358354 -0.061755 -0.931541
vn 0.358354 -0.061755 -0.931541
vn -0.317051 -0.013474 -0.948313
vn -0.317051 -0.013474 -0.948313
vn -0.317051 -0.013474 -0.948313
vn -0.325078 -0.013472 -0.945591
vn -0.325078 -0.013472 -0.945591
vn -0.325078 -0.013472 -0.945591
vn -0.701435 0.020260 -0.712445
vn -0.701435 0.020260 -0.712445
vn -0.701435 0.020260 -0.712445
vn 0.967474 0.006508 0.252885
vn 0.967474 0.006508 0.252885
vn 0.967474 0.006508 0.252885
vn 0.984604 -0.009262 0.174555
vn 0.984604 -0.009262 0.174555
vn 0.984604 -0.009262 0.174555
vn -0.731600 0.018714 -0.681477
vn -0.731600 0.018714 -0.681477
vn -0.731600 0.018714 -0.681477
vn -0.874885 0.033446 -0.483174
vn -0.874885 0.033446 -0.483174
vn -0.874885 0.033446 -0.483174
vn -0.905382 0.027612 -0.423700
vn -0.905382 0.027612 -0.423700
vn -0.905382 0.027612 -0.423700
vn -0.936524 0.030982 -0.349232
vn -0.936524 0.030982 -0.349232
vn -0.936524 0.030982 -0.349232
vn -0.911485 -0.029660 -0.410264
vn -0.911485 -0.029660 -0.410264
vn -0.911485 -0.029660 -0.410264
vn -0.921688 -0.029980 -0.386771
vn -0.921688 -0.029980 -0.386771
vn -0.921688 -0.029980 -0.386771
vn -0.921494 -0.031073 -0.387148
vn -0.921494 -0.031073 -0.387148
vn -0.921494 -0.031073 -0.387148
vn -0.924229 -0.016522 -0.381480
vn -0.924229 -0.016522 -0.381480
vn -0.924229 -0.016522 -0.381480
vn -0.912610 -0.016304 -0.408507
vn -0.912610 -0.016304 -0.408507
vn -0.912610 -0.016304 -0.408507
vn -0.945542 -0.001815 -0.325494
vn -0.945542 -0.001815 -0.325494
vn -0.945542 -0.001815 -0.325494
vn -0.924579 -0.001775 -0.380986
vn -0.924579 -0.001775 -0.380986
vn -0.924579 -0.001775 -0.380986
vn -0.959436 0.011808 -0.281679
vn -0.959436 0.011808 -0.281679
vn -0.959436 0.011808 -0.281679
vn -0.945510 0.011389 -0.325395
vn -0.945510 0.011389 -0.325395
vn -0.945510 0.011389 -0.325395
vn -0.960574 0.020759 -0.277249
vn -0.960574 0.020759 -0.277249
vn -0.960574 0.020759 -0.277249
vn -0.959313 0.020642 -0.281589
vn -0.959313 0.020642 -0.281589
vn -0.959313 0.020642 -0.281589
vn 0.959317 0.020645 0.281576
vn 0.959317 0.020645 0.281576
vn 0.959317 0.020645 0.281576
vn 0.978755 0.007087 0.204913
vn 0.978755 0.007087 0.204913
vn 0.978755 0.007087 0.204913
vn 0.874869 0.033449 0.483203
vn 0.874869 0.033449 0.483203
vn 0.874869 0.033449 0.483203
vn 0.905382 0.027612 0.423700
vn 0.905382 0.027612 0.423700
vn 0.905382 0.027612 0.423700
vn 0.936529 0.030982 0.349219
vn 0.936529 0.030982 0.349219
vn 0.936529 0.030982 0.349219
vn 0.960574 0.020762 0.277249
vn 0.960574 0.020762 0.277249
vn 0.960574 0.020762 0.277249
vn 0.701460 0.020258 0.712421
vn 0.701460 0.020258 0.712421
vn 0.701460 0.020258 0.712421
vn 0.731574 0.018716 0.681505
vn 0.731574 0.018716 0.681505
vn 0.731574 0.018716 0.681505
vn 0.317043 -0.013476 0.948315
vn 0.317043 -0.013476 0.948315
vn 0.317043 -0.013476 0.948315
vn 0.325077 -0.013474 0.945592
vn 0.325077 -0.013474 0.945592
vn 0.325077 -0.013474 0.945592
vn -0.368881 -0.061605 0.927433
vn -0.368881 -0.061605 0.927433
vn -0.368881 -0.061605 0.927433
vn -0.358382 -0.061756 0.931530
vn -0.358382 -0.061756 0.931530
vn -0.358382 -0.061756 0.931530
vn -0.960822 -0.057928 0.271047
vn -0.960822 -0.057928 0.271047
vn -0.960822 -0.057928 0.271047
vn -0.960833 -0.060270 0.270495
vn -0.960833 -0.060270 0.270495
vn -0.960833 -0.060270 0.270495
vn -0.943109 -0.063240 0.326413
vn -0.943109 -0.063240 0.326413
vn -0.943109 -0.063240 0.326413
vn -0.972550 -0.054697 0.226174
vn -0.972550 -0.054697 0.226174
vn -0.972550 -0.054697 0.226174
vn -0.943160 -0.061610 0.326579
vn -0.943160 -0.061610 0.326579
vn -0.943160 -0.061610 0.326579
vn -0.919284 -0.066721 0.387899
vn -0.919284 -0.066721 0.387899
vn -0.919284 -0.066721 0.387899
vn -0.919213 -0.067963 0.387852
vn -0.919213 -0.067963 0.387852
vn -0.919213 -0.067963 0.387852
vn -0.890462 -0.073061 0.449154
vn -0.890462 -0.073061 0.449154
vn -0.890462 -0.073061 0.449154
vn -0.890194 -0.076664 0.449084
vn -0.890194 -0.076664 0.449084
vn -0.890194 -0.076664 0.449084
vn -0.858633 -0.081945 0.505998
vn -0.858633 -0.081945 0.505998
vn -0.858633 -0.081945 0.505998
vn -0.972444 -0.045227 -0.228708
vn -0.972444 -0.045227 -0.228708
vn -0.972444 -0.045227 -0.228708
vn -0.981559 -0.056204 -0.182708
vn -0.981559 -0.056204 -0.182708
vn -0.981559 -0.056204 -0.182708
vn -0.937397 -0.043764 -0.345502
vn -0.937397 -0.043764 -0.345502
vn -0.937397 -0.043764 -0.345502
vn 0.858218 -0.087195 -0.505825
vn 0.858218 -0.087195 -0.505825
vn 0.858218 -0.087195 -0.505825
vn 0.990253 -0.066542 -0.122357
vn 0.990253 -0.066542 -0.122357
vn 0.990253 -0.066542 -0.122357
vn 0.976485 -0.078925 -0.200618
vn 0.976485 -0.078925 -0.200618
vn 0.976485 -0.078925 -0.200618
vn 0.997325 -0.047183 0.055821
vn 0.997325 -0.047183 0.055821
vn 0.997325 -0.047183 0.055821
vn 0.997694 -0.062764 -0.025845
vn 0.997694 -0.062764 -0.025845
vn 0.997694 -0.062764 -0.025845
vn 0.826233 -0.092782 -0.555635
vn 0.826233 -0.092782 -0.555635
vn 0.826233 -0.092782 -0.555635
vn 0.356778 -0.081795 -0.930602
vn 0.356778 -0.081795 -0.930602
vn 0.356778 -0.081795 -0.930602
vn 0.990520 -0.030682 0.133897
vn 0.990520 -0.030682 0.133897
vn 0.990520 -0.030682 0.133897
vn 0.997473 -0.047276 0.053035
vn 0.997473 -0.047276 0.053035
vn 0.997473 -0.047276 0.053035
vn 0.986187 -0.015421 0.164916
vn 0.986187 -0.015421 0.164916
vn 0.986187 -0.015421 0.164916
vn 0.995895 -0.031639 0.084804
vn 0.995895 -0.031639 0.084804
vn 0.995895 -0.031639 0.084804
vn 0.995397 -0.015566 0.094562
vn 0.995397 -0.015566 0.094562
vn 0.995397 -0.015566 0.094562
vn 0.984666 -0.000792 0.174449
vn 0.984666 -0.000792 0.174449
vn 0.984666 -0.000792 0.174449
vn 0.346453 -0.082046 -0.934472
vn 0.346453 -0.082046 -0.934472
vn 0.346453 -0.082046 -0.934472
vn -0.326152 -0.036806 -0.944601
vn -0.326152 -0.036806 -0.944601
vn -0.326152 -0.036806 -0.944601
vn -0.333429 -0.036742 -0.942059
vn -0.333429 -0.036742 -0.942059
vn -0.333429 -0.036742 -0.942059
vn -0.732081 0.003032 -0.681211
vn -0.732081 0.003032 -0.681211
vn -0.732081 0.003032 -0.681211
vn 0.978715 0.012328 0.204852
vn 0.978715 0.012328 0.204852
vn 0.978715 0.012328 0.204852
vn 0.992025 -0.000010 0.126040
vn 0.992025 -0.000010 0.126040
vn 0.992025 -0.000010 0.126040
vn -0.762112 0.002277 -0.647441
vn -0.762112 0.002277 -0.647441
vn -0.762112 0.002277 -0.647441
vn -0.905548 0.021364 -0.423706
vn -0.905548 0.021364 -0.423706
vn -0.905548 0.021364 -0.423706
vn -0.932903 0.016765 -0.359737
vn -0.932903 0.016765 -0.359737
vn -0.932903 0.016765 -0.359737
vn -0.960563 0.021343 -0.277244
vn -0.960563 0.021343 -0.277244
vn -0.960563 0.021343 -0.277244
vn -0.934167 -0.032105 -0.355389
vn -0.934167 -0.032105 -0.355389
vn -0.934167 -0.032105 -0.355389
vn -0.938673 -0.032269 -0.343296
vn -0.938673 -0.032269 -0.343296
vn -0.938673 -0.032269 -0.343296
vn -0.948174 -0.018462 -0.317215
vn -0.948174 -0.018462 -0.317215
vn -0.948174 -0.018462 -0.317215
vn -0.934894 -0.018119 -0.354465
vn -0.934894 -0.018119 -0.354465
vn -0.934894 -0.018119 -0.354465
vn -0.967451 -0.004752 -0.253013
vn -0.967451 -0.004752 -0.253013
vn -0.967451 -0.004752 -0.253013
vn -0.948435 -0.004658 -0.316939
vn -0.948435 -0.004658 -0.316939
vn -0.948435 -0.004658 -0.316939
vn -0.978755 0.007082 -0.204913
vn -0.978755 0.007082 -0.204913
vn -0.978755 0.007082 -0.204913
vn -0.967477 0.006503 -0.252874
vn -0.967477 0.006503 -0.252874
vn -0.967477 0.006503 -0.252874
vn -0.979306 0.012432 -0.202005
vn -0.979306 0.012432 -0.202005
vn -0.979306 0.012432 -0.202005
vn -0.978715 0.012333 -0.204852
vn -0.978715 0.012333 -0.204852
vn -0.978715 0.012333 -0.204852
vn 0.960563 0.021343 0.277244
vn 0.960563 0.021343 0.277244
vn 0.960563 0.021343 0.277244
vn 0.979313 0.012428 0.201971
vn 0.979313 0.012428 0.201971
vn 0.979313 0.012428 0.201971
vn 0.732055 0.003029 0.681238
vn 0.732055 0.003029 0.681238
vn 0.732055 0.003029 0.681238
vn 0.762097 0.002273 0.647459
vn 0.762097 0.002273 0.647459
vn 0.762097 0.002273 0.647459
vn 0.905548 0.021362 0.423706
vn 0.905548 0.021362 0.423706
vn 0.905548 0.021362 0.423706
vn 0.932896 0.016764 0.359756
vn 0.932896 0.016764 0.359756
vn 0.932896 0.016764 0.359756
vn 0.326151 -0.036806 0.944601
vn 0.326151 -0.036806 0.944601
vn 0.326151 -0.036806 0.944601
vn 0.333442 -0.036741 0.942054
vn 0.333442 -0.036741 0.942054
vn 0.333442 -0.036741 0.942054
vn -0.356806 -0.081795 0.930591
vn -0.356806 -0.081795 0.930591
vn -0.356806 -0.081795 0.930591
vn -0.346453 -0.082047 0.934472
vn -0.346453 -0.082047 0.934472
vn -0.346453 -0.082047 0.934472
vn -0.858189 -0.087200 0.505873
vn -0.858189 -0.087200 0.505873
vn -0.858189 -0.087200 0.505873
vn -0.826250 -0.092780 0.555610
vn -0.826250 -0.092780 0.555610
vn -0.826250 -0.092780 0.555610
vn -0.991165 -0.059295 -0.118640
vn -0.991165 -0.059295 -0.118640
vn -0.991165 -0.059295 -0.118640
vn -0.982369 -0.047945 -0.180697
vn -0.982369 -0.047945 -0.180697
vn -0.982369 -0.047945 -0.180697
vn -0.991752 -0.050773 -0.117688
vn -0.991752 -0.050773 -0.117688
vn -0.991752 -0.050773 -0.117688
vn -0.997119 -0.062406 -0.043129
vn -0.997119 -0.062406 -0.043129
vn -0.997119 -0.062406 -0.043129
vn -0.997567 -0.055009 -0.042815
vn -0.997567 -0.055009 -0.042815
vn -0.997567 -0.055009 -0.042815
vn -0.996990 -0.066989 0.039035
vn -0.996990 -0.066989 0.039035
vn -0.996990 -0.066989 0.039035
vn -0.997409 -0.060357 0.039146
vn -0.997409 -0.060357 0.039146
vn -0.997409 -0.060357 0.039146
vn -0.989834 -0.072649 0.122270
vn -0.989834 -0.072649 0.122270
vn -0.989834 -0.072649 0.122270
vn -0.990253 -0.066542 0.122357
vn -0.990253 -0.066542 0.122357
vn -0.990253 -0.066542 0.122357
vn -0.976475 -0.078932 0.200663
vn -0.976475 -0.078932 0.200663
vn -0.976475 -0.078932 0.200663
vn -0.956697 -0.046589 -0.287334
vn -0.956697 -0.046589 -0.287334
vn -0.956697 -0.046589 -0.287334
vn 0.825866 -0.097190 -0.555427
vn 0.825866 -0.097190 -0.555427
vn 0.825866 -0.097190 -0.555427
vn 0.976953 -0.072845 -0.200641
vn 0.976953 -0.072845 -0.200641
vn 0.976953 -0.072845 -0.200641
vn 0.959768 -0.084564 -0.267759
vn 0.959768 -0.084564 -0.267759
vn 0.959768 -0.084564 -0.267759
vn 0.998250 -0.053213 -0.025810
vn 0.998250 -0.053213 -0.025810
vn 0.998250 -0.053213 -0.025810
vn 0.992656 -0.067850 -0.100151
vn 0.992656 -0.067850 -0.100151
vn 0.992656 -0.067850 -0.100151
vn 0.998338 -0.053080 -0.022445
vn 0.998338 -0.053080 -0.022445
vn 0.998338 -0.053080 -0.022445
vn 0.997885 -0.037658 0.052980
vn 0.997885 -0.037658 0.052980
vn 0.997885 -0.037658 0.052980
vn 0.796767 -0.102820 -0.595475
vn 0.796767 -0.102820 -0.595475
vn 0.796767 -0.102820 -0.595475
vn 0.345219 -0.101979 -0.932965
vn 0.345219 -0.101979 -0.932965
vn 0.345219 -0.101979 -0.932965
vn 0.999211 -0.038619 0.009226
vn 0.999211 -0.038619 0.009226
vn 0.999211 -0.038619 0.009226
vn 0.996123 -0.023728 0.084714
vn 0.996123 -0.023728 0.084714
vn 0.996123 -0.023728 0.084714
vn 0.995470 -0.010507 0.094496
vn 0.995470 -0.010507 0.094496
vn 0.995470 -0.010507 0.094496
vn 0.999534 -0.023810 0.019092
vn 0.999534 -0.023810 0.019092
vn 0.999534 -0.023810 0.019092
vn 0.992027 0.001261 0.126018
vn 0.992027 0.001261 0.126018
vn 0.992027 0.001261 0.126018
vn 0.998640 -0.009637 0.051243
vn 0.998640 -0.009637 0.051243
vn 0.998640 -0.009637 0.051243
vn 0.334852 -0.102411 -0.936689
vn 0.334852 -0.102411 -0.936689
vn 0.334852 -0.102411 -0.936689
vn -0.334790 -0.063344 -0.940161
vn -0.334790 -0.063344 -0.940161
vn -0.334790 -0.063344 -0.940161
vn -0.338972 -0.063301 -0.938664
vn -0.338972 -0.063301 -0.938664
vn -0.338972 -0.063301 -0.938664
vn -0.762560 -0.017967 -0.646668
vn -0.762560 -0.017967 -0.646668
vn -0.762560 -0.017967 -0.646668
vn 0.979334 0.008721 0.202059
vn 0.979334 0.008721 0.202059
vn 0.979334 0.008721 0.202059
vn 0.991512 0.001095 0.130012
vn 0.991512 0.001095 0.130012
vn 0.991512 0.001095 0.130012
vn -0.788897 -0.018094 -0.614259
vn -0.788897 -0.018094 -0.614259
vn -0.788897 -0.018094 -0.614259
vn -0.932994 0.006073 -0.359842
vn -0.932994 0.006073 -0.359842
vn -0.932994 0.006073 -0.359842
vn -0.954856 0.002577 -0.297058
vn -0.954856 0.002577 -0.297058
vn -0.954856 0.002577 -0.297058
vn -0.979327 0.008724 -0.202094
vn -0.979327 0.008724 -0.202094
vn -0.979327 0.008724 -0.202094
vn -0.956610 -0.034450 -0.289327
vn -0.956610 -0.034450 -0.289327
vn -0.956610 -0.034450 -0.289327
vn -0.957542 -0.034497 -0.286222
vn -0.957542 -0.034497 -0.286222
vn -0.957542 -0.034497 -0.286222
vn -0.969534 -0.021641 -0.243999
vn -0.969534 -0.021641 -0.243999
vn -0.969534 -0.021641 -0.243999
vn -0.957119 -0.021116 -0.288924
vn -0.957119 -0.021116 -0.288924
vn -0.957119 -0.021116 -0.288924
vn -0.984604 -0.009265 -0.174555
vn -0.984604 -0.009265 -0.174555
vn -0.984604 -0.009265 -0.174555
vn -0.969777 -0.009125 -0.243821
vn -0.969777 -0.009125 -0.243821
vn -0.969777 -0.009125 -0.243821
vn -0.992029 -0.000009 -0.126009
vn -0.992029 -0.000009 -0.126009
vn -0.992029 -0.000009 -0.126009
vn -0.984666 -0.000792 -0.174449
vn -0.984666 -0.000792 -0.174449
vn -0.984666 -0.000792 -0.174449
vn -0.991517 0.001091 -0.129972
vn -0.991517 0.001091 -0.129972
vn -0.991517 0.001091 -0.129972
vn -0.992031 0.001257 -0.125987
vn -0.992031 0.001257 -0.125987
vn -0.992031 0.001257 -0.125987
vn 0.932986 0.006071 0.359862
vn 0.932986 0.006071 0.359862
vn 0.932986 0.006071 0.359862
vn 0.954863 0.002573 0.297035
vn 0.954863 0.002573 0.297035
vn 0.954863 0.002573 0.297035
vn 0.334803 -0.063343 0.940157
vn 0.334803 -0.063343 0.940157
vn 0.334803 -0.063343 0.940157
vn 0.338961 -0.063301 0.938668
vn 0.338961 -0.063301 0.938668
vn 0.338961 -0.063301 0.938668
vn 0.762545 -0.017967 0.646686
vn 0.762545 -0.017967 0.646686
vn 0.762545 -0.017967 0.646686
vn 0.788896 -0.018094 0.614260
vn 0.788896 -0.018094 0.614260
vn 0.788896 -0.018094 0.614260
vn -0.345219 -0.101980 0.932965
vn -0.345219 -0.101980 0.932965
vn -0.345219 -0.101980 0.932965
vn -0.334869 -0.102411 0.936683
vn -0.334869 -0.102411 0.936683
vn -0.334869 -0.102411 0.936683
vn -0.825883 -0.097189 0.555402
vn -0.825883 -0.097189 0.555402
vn -0.825883 -0.097189 0.555402
vn -0.796783 -0.102820 0.595453
vn -0.796783 -0.102820 0.595453
vn -0.796783 -0.102820 0.595453
vn -0.976943 -0.072848 0.200687
vn -0.976943 -0.072848 0.200687
vn -0.976943 -0.072848 0.200687
vn -0.959754 -0.084566 0.267807
vn -0.959754 -0.084566 0.267807
vn -0.959754 -0.084566 0.267807
vn -0.974831 -0.049330 -0.217419
vn -0.974831 -0.049330 -0.217419
vn -0.974831 -0.049330 -0.217419
vn -0.975442 -0.037822 -0.216984
vn -0.975442 -0.037822 -0.216984
vn -0.975442 -0.037822 -0.216984
vn -0.988882 -0.053149 -0.138882
vn -0.988882 -0.053149 -0.138882
vn -0.988882 -0.053149 -0.138882
vn -0.989440 -0.042073 -0.138699
vn -0.989440 -0.042073 -0.138699
vn -0.989440 -0.042073 -0.138699
vn -0.996762 -0.057730 -0.055977
vn -0.996762 -0.057730 -0.055977
vn -0.996762 -0.057730 -0.055977
vn -0.997324 -0.047182 -0.055838
vn -0.997324 -0.047182 -0.055838
vn -0.997324 -0.047182 -0.055838
vn -0.997694 -0.062764 0.025826
vn -0.997694 -0.062764 0.025826
vn -0.997694 -0.062764 0.025826
vn -0.998250 -0.053212 0.025792
vn -0.998250 -0.053212 0.025792
vn -0.998250 -0.053212 0.025792
vn -0.992658 -0.067848 0.100131
vn -0.992658 -0.067848 0.100131
vn -0.992658 -0.067848 0.100131
vn 0.796661 -0.110805 -0.594182
vn 0.796661 -0.110805 -0.594182
vn 0.796661 -0.110805 -0.594182
vn 0.960003 -0.082473 -0.267566
vn 0.960003 -0.082473 -0.267566
vn 0.960003 -0.082473 -0.267566
vn 0.942454 -0.093023 -0.321133
vn 0.942454 -0.093023 -0.321133
vn 0.942454 -0.093023 -0.321133
vn 0.993058 -0.062796 -0.099459
vn 0.993058 -0.062796 -0.099459
vn 0.993058 -0.062796 -0.099459
vn 0.983199 -0.076472 -0.165748
vn 0.983199 -0.076472 -0.165748
vn 0.983199 -0.076472 -0.165748
vn 0.998581 -0.048394 -0.022216
vn 0.998581 -0.048394 -0.022216
vn 0.998581 -0.048394 -0.022216
vn 0.994144 -0.062318 -0.088286
vn 0.994144 -0.062318 -0.088286
vn 0.994144 -0.062318 -0.088286
vn 0.999310 -0.035969 0.009216
vn 0.999310 -0.035969 0.009216
vn 0.999310 -0.035969 0.009216
vn 0.997229 -0.049148 -0.055843
vn 0.997229 -0.049148 -0.055843
vn 0.997229 -0.049148 -0.055843
vn 0.774472 -0.115962 -0.621889
vn 0.774472 -0.115962 -0.621889
vn 0.774472 -0.115962 -0.621889
vn 0.337113 -0.127566 -0.932782
vn 0.337113 -0.127566 -0.932782
vn 0.337113 -0.127566 -0.932782
vn 0.999522 -0.024296 0.019101
vn 0.999522 -0.024296 0.019101
vn 0.999522 -0.024296 0.019101
vn 0.998317 -0.035933 -0.045509
vn 0.998317 -0.035933 -0.045509
vn 0.998317 -0.035933 -0.045509
vn 0.998569 -0.014167 0.051567
vn 0.998569 -0.014167 0.051567
vn 0.998569 -0.014167 0.051567
vn 0.999660 -0.023564 -0.011145
vn 0.999660 -0.023564 -0.011145
vn 0.999660 -0.023564 -0.011145
vn 0.997274 -0.015151 0.072221
vn 0.997274 -0.015151 0.072221
vn 0.997274 -0.015151 0.072221
vn 0.991275 -0.008593 0.131527
vn 0.991275 -0.008593 0.131527
vn 0.991275 -0.008593 0.131527
vn 0.331609 -0.127953 -0.934699
vn 0.331609 -0.127953 -0.934699
vn 0.331609 -0.127953 -0.934699
vn -0.345395 -0.097149 -0.933416
vn -0.345395 -0.097149 -0.933416
vn -0.345395 -0.097149 -0.933416
vn -0.347615 -0.097132 -0.932593
vn -0.347615 -0.097132 -0.932593
vn -0.347615 -0.097132 -0.932593
vn -0.790997 -0.045340 -0.610138
vn -0.790997 -0.045340 -0.610138
vn -0.790997 -0.045340 -0.610138
vn 0.954214 -0.014081 0.298793
vn 0.954214 -0.014081 0.298793
vn 0.954214 -0.014081 0.298793
vn 0.969667 -0.016878 0.243848
vn 0.969667 -0.016878 0.243848
vn 0.969667 -0.016878 0.243848
vn -0.808628 -0.045051 -0.586593
vn -0.808628 -0.045051 -0.586593
vn -0.808628 -0.045051 -0.586593
vn -0.954207 -0.014084 -0.298816
vn -0.954207 -0.014084 -0.298816
vn -0.954207 -0.014084 -0.298816
vn -0.969674 -0.016883 -0.243820
vn -0.969674 -0.016883 -0.243820
vn -0.969674 -0.016883 -0.243820
vn -0.991281 -0.008597 -0.131488
vn -0.991281 -0.008597 -0.131488
vn -0.991281 -0.008597 -0.131488
vn -0.976003 -0.037871 -0.214438
vn -0.976003 -0.037871 -0.214438
vn -0.976003 -0.037871 -0.214438
vn -0.985938 -0.026002 -0.165078
vn -0.985938 -0.026002 -0.165078
vn -0.985938 -0.026002 -0.165078
vn -0.976455 -0.025251 -0.214240
vn -0.976455 -0.025251 -0.214240
vn -0.976455 -0.025251 -0.214240
vn -0.986183 -0.015421 -0.164942
vn -0.986183 -0.015421 -0.164942
vn -0.986183 -0.015421 -0.164942
vn -0.995397 -0.015566 -0.094562
vn -0.995397 -0.015566 -0.094562
vn -0.995397 -0.015566 -0.094562
vn -0.998639 -0.009634 -0.051260
vn -0.998639 -0.009634 -0.051260
vn -0.998639 -0.009634 -0.051260
vn -0.995470 -0.010505 -0.094496
vn -0.995470 -0.010505 -0.094496
vn -0.995470 -0.010505 -0.094496
vn -0.998568 -0.014165 -0.051585
vn -0.998568 -0.014165 -0.051585
vn -0.998568 -0.014165 -0.051585
vn -0.997272 -0.015148 -0.072243
vn -0.997272 -0.015148 -0.072243
vn -0.997272 -0.015148 -0.072243
vn 0.790996 -0.045337 0.610140
vn 0.790996 -0.045337 0.610140
vn 0.790996 -0.045337 0.610140
vn 0.808651 -0.045047 0.586562
vn 0.808651 -0.045047 0.586562
vn 0.808651 -0.045047 0.586562
vn -0.337131 -0.127567 0.932775
vn -0.337131 -0.127567 0.932775
vn -0.337131 -0.127567 0.932775
vn -0.331610 -0.127956 0.934699
vn -0.331610 -0.127956 0.934699
vn -0.331610 -0.127956 0.934699
vn 0.345383 -0.097148 0.933420
vn 0.345383 -0.097148 0.933420
vn 0.345383 -0.097148 0.933420
vn 0.347612 -0.097131 0.932594
vn 0.347612 -0.097131 0.932594
vn 0.347612 -0.097131 0.932594
vn -0.796678 -0.110798 0.594162
vn -0.796678 -0.110798 0.594162
vn -0.796678 -0.110798 0.594162
vn -0.774431 -0.115968 0.621939
vn -0.774431 -0.115968 0.621939
vn -0.774431 -0.115968 0.621939
vn -0.959990 -0.082476 0.267615
vn -0.959990 -0.082476 0.267615
vn -0.959990 -0.082476 0.267615
vn -0.942456 -0.093016 0.321130
vn -0.942456 -0.093016 0.321130
vn -0.942456 -0.093016 0.321130
vn -0.993060 -0.062799 0.099439
vn -0.993060 -0.062799 0.099439
vn -0.993060 -0.062799 0.099439
vn -0.983207 -0.076470 0.165701
vn -0.983207 -0.076470 0.165701
vn -0.983207 -0.076470 0.165701
vn -0.990078 -0.042191 -0.134033
vn -0.990078 -0.042191 -0.134033
vn -0.990078 -0.042191 -0.134033
vn -0.990522 -0.030688 -0.133883
vn -0.990522 -0.030688 -0.133883
vn -0.990522 -0.030688 -0.133883
vn -0.997472 -0.047276 -0.053051
vn -0.997472 -0.047276 -0.053051
vn -0.997472 -0.047276 -0.053051
vn -0.998338 -0.053079 0.022427
vn -0.998338 -0.053079 0.022427
vn -0.998338 -0.053079 0.022427
vn -0.997884 -0.037657 -0.052995
vn -0.997884 -0.037657 -0.052995
vn -0.997884 -0.037657 -0.052995
vn -0.998582 -0.048387 0.022198
vn -0.998582 -0.048387 0.022198
vn -0.998582 -0.048387 0.022198
vn -0.994140 -0.062323 0.088327
vn -0.994140 -0.062323 0.088327
vn -0.994140 -0.062323 0.088327
vn 0.779013 -0.130609 -0.613254
vn 0.779013 -0.130609 -0.613254
vn 0.779013 -0.130609 -0.613254
vn 0.940334 -0.101225 -0.324847
vn 0.940334 -0.101225 -0.324847
vn 0.940334 -0.101225 -0.324847
vn 0.930960 -0.106283 -0.349309
vn 0.930960 -0.106283 -0.349309
vn 0.930960 -0.106283 -0.349309
vn 0.982122 -0.082795 -0.169058
vn 0.982122 -0.082795 -0.169058
vn 0.982122 -0.082795 -0.169058
vn 0.967993 -0.096219 -0.231800
vn 0.967993 -0.096219 -0.231800
vn 0.967993 -0.096219 -0.231800
vn 0.993573 -0.069138 -0.089629
vn 0.993573 -0.069138 -0.089629
vn 0.993573 -0.069138 -0.089629
vn 0.986082 -0.081844 -0.144721
vn 0.986082 -0.081844 -0.144721
vn 0.986082 -0.081844 -0.144721
vn 0.991967 -0.069453 -0.105727
vn 0.991967 -0.069453 -0.105727
vn 0.991967 -0.069453 -0.105727
vn 0.996746 -0.058000 -0.055982
vn 0.996746 -0.058000 -0.055982
vn 0.996746 -0.058000 -0.055982
vn 0.993964 -0.057838 -0.093218
vn 0.993964 -0.057838 -0.093218
vn 0.993964 -0.057838 -0.093218
vn 0.997843 -0.047757 -0.045032
vn 0.997843 -0.047757 -0.045032
vn 0.997843 -0.047757 -0.045032
vn 0.356304 -0.170802 -0.918626
vn 0.356304 -0.170802 -0.918626
vn 0.356304 -0.170802 -0.918626
vn 0.751844 -0.139635 -0.644386
vn 0.751844 -0.139635 -0.644386
vn 0.751844 -0.139635 -0.644386
vn 0.997570 -0.047591 -0.050876
vn 0.997570 -0.047591 -0.050876
vn 0.997570 -0.047591 -0.050876
vn 0.999189 -0.039543 -0.007595
vn 0.999189 -0.039543 -0.007595
vn 0.999189 -0.039543 -0.007595
vn 0.995800 -0.036416 0.083997
vn 0.995800 -0.036416 0.083997
vn 0.995800 -0.036416 0.083997
vn 0.997961 -0.042327 0.047766
vn 0.997961 -0.042327 0.047766
vn 0.997961 -0.042327 0.047766
vn 0.978935 -0.044832 0.199189
vn 0.978935 -0.044832 0.199189
vn 0.978935 -0.044832 0.199189
vn 0.966145 -0.039653 0.254935
vn 0.966145 -0.039653 0.254935
vn 0.966145 -0.039653 0.254935
vn 0.363971 -0.169775 -0.915807
vn 0.363971 -0.169775 -0.915807
vn 0.363971 -0.169775 -0.915807
vn -0.383953 -0.148512 -0.911331
vn -0.383953 -0.148512 -0.911331
vn -0.383953 -0.148512 -0.911331
vn -0.390599 -0.148437 -0.908515
vn -0.390599 -0.148437 -0.908515
vn -0.390599 -0.148437 -0.908515
vn -0.822758 -0.082600 -0.562358
vn -0.822758 -0.082600 -0.562358
vn -0.822758 -0.082600 -0.562358
vn 0.822780 -0.082594 0.562327
vn 0.822780 -0.082594 0.562327
vn 0.822780 -0.082594 0.562327
vn 0.782839 -0.085113 0.616375
vn 0.782839 -0.085113 0.616375
vn 0.782839 -0.085113 0.616375
vn -0.782751 -0.085122 -0.616486
vn -0.782751 -0.085122 -0.616486
vn -0.782751 -0.085122 -0.616486
vn -0.966155 -0.039642 -0.254900
vn -0.966155 -0.039642 -0.254900
vn -0.966155 -0.039642 -0.254900
vn -0.978941 -0.044820 -0.199165
vn -0.978941 -0.044820 -0.199165
vn -0.978941 -0.044820 -0.199165
vn -0.995799 -0.036407 -0.084015
vn -0.995799 -0.036407 -0.084015
vn -0.995799 -0.036407 -0.084015
vn -0.995895 -0.031644 -0.084804
vn -0.995895 -0.031644 -0.084804
vn -0.995895 -0.031644 -0.084804
vn -0.999535 -0.023810 -0.019075
vn -0.999535 -0.023810 -0.019075
vn -0.999535 -0.023810 -0.019075
vn -0.996123 -0.023728 -0.084714
vn -0.996123 -0.023728 -0.084714
vn -0.996123 -0.023728 -0.084714
vn -0.999660 -0.023567 0.011164
vn -0.999660 -0.023567 0.011164
vn -0.999660 -0.023567 0.011164
vn -0.999523 -0.024299 -0.019085
vn -0.999523 -0.024299 -0.019085
vn -0.999523 -0.024299 -0.019085
vn -0.997962 -0.042322 -0.047761
vn -0.997962 -0.042322 -0.047761
vn -0.997962 -0.042322 -0.047761
vn -0.999189 -0.039538 0.007617
vn -0.999189 -0.039538 0.007617
vn -0.999189 -0.039538 0.007617
vn 0.383953 -0.148514 0.911331
vn 0.383953 -0.148514 0.911331
vn 0.383953 -0.148514 0.911331
vn 0.390573 -0.148439 0.908526
vn 0.390573 -0.148439 0.908526
vn 0.390573 -0.148439 0.908526
vn -0.356303 -0.170802 0.918627
vn -0.356303 -0.170802 0.918627
vn -0.356303 -0.170802 0.918627
vn -0.751813 -0.139640 0.644421
vn -0.751813 -0.139640 0.644421
vn -0.751813 -0.139640 0.644421
vn -0.778973 -0.130618 0.613303
vn -0.778973 -0.130618 0.613303
vn -0.778973 -0.130618 0.613303
vn -0.363988 -0.169772 0.915800
vn -0.363988 -0.169772 0.915800
vn -0.363988 -0.169772 0.915800
vn -0.940332 -0.101230 0.324850
vn -0.940332 -0.101230 0.324850
vn -0.940332 -0.101230 0.324850
vn -0.930954 -0.106290 0.349324
vn -0.930954 -0.106290 0.349324
vn -0.930954 -0.106290 0.349324
vn -0.982132 -0.082784 0.169007
vn -0.982132 -0.082784 0.169007
vn -0.982132 -0.082784 0.169007
vn -0.967985 -0.096226 0.231832
vn -0.967985 -0.096226 0.231832
vn -0.967985 -0.096226 0.231832
vn -0.993568 -0.069148 0.089671
vn -0.993568 -0.069148 0.089671
vn -0.993568 -0.069148 0.089671
vn -0.986090 -0.081833 0.144673
vn -0.986090 -0.081833 0.144673
vn -0.986090 -0.081833 0.144673
vn -0.999211 -0.038619 -0.009226
vn -0.999211 -0.038619 -0.009226
vn -0.999211 -0.038619 -0.009226
vn -0.999311 -0.035965 -0.009216
vn -0.999311 -0.035965 -0.009216
vn -0.999311 -0.035965 -0.009216
vn -0.997231 -0.049141 0.055824
vn -0.997231 -0.049141 0.055824
vn -0.997231 -0.049141 0.055824
vn -0.991964 -0.069463 0.105749
vn -0.991964 -0.069463 0.105749
vn -0.991964 -0.069463 0.105749
vn -0.996747 -0.058000 0.055963
vn -0.996747 -0.058000 0.055963
vn -0.996747 -0.058000 0.055963
vn 0.823217 -0.162969 -0.543834
vn 0.823217 -0.162969 -0.543834
vn 0.823217 -0.162969 -0.543834
vn 0.890179 -0.146895 -0.431281
vn 0.890179 -0.146895 -0.431281
vn 0.890179 -0.146895 -0.431281
vn 0.930872 -0.147651 -0.334179
vn 0.930872 -0.147651 -0.334179
vn 0.930872 -0.147651 -0.334179
vn 0.952419 -0.133861 -0.273823
vn 0.952419 -0.133861 -0.273823
vn 0.952419 -0.133861 -0.273823
vn 0.970792 -0.132802 -0.199819
vn 0.970792 -0.132802 -0.199819
vn 0.970792 -0.132802 -0.199819
vn 0.979675 -0.121063 -0.159940
vn 0.979675 -0.121063 -0.159940
vn 0.979675 -0.121063 -0.159940
vn 0.982974 -0.120896 -0.138373
vn 0.982974 -0.120896 -0.138373
vn 0.982974 -0.120896 -0.138373
vn 0.988031 -0.110784 -0.107341
vn 0.988031 -0.110784 -0.107341
vn 0.988031 -0.110784 -0.107341
vn 0.986791 -0.110645 -0.118331
vn 0.986791 -0.110645 -0.118331
vn 0.986791 -0.110645 -0.118331
vn 0.990719 -0.101733 -0.090141
vn 0.990719 -0.101733 -0.090141
vn 0.990719 -0.101733 -0.090141
vn 0.993363 -0.103022 -0.051147
vn 0.993363 -0.103022 -0.051147
vn 0.993363 -0.103022 -0.051147
vn 0.994909 -0.096103 -0.030327
vn 0.994909 -0.096103 -0.030327
vn 0.994909 -0.096103 -0.030327
vn 0.530535 -0.243282 -0.812002
vn 0.530535 -0.243282 -0.812002
vn 0.530535 -0.243282 -0.812002
vn 0.479996 -0.245087 -0.842340
vn 0.479996 -0.245087 -0.842340
vn 0.479996 -0.245087 -0.842340
vn 0.989113 -0.101779 0.106283
vn 0.989113 -0.101779 0.106283
vn 0.989113 -0.101779 0.106283
vn 0.988649 -0.098262 0.113656
vn 0.988649 -0.098262 0.113656
vn 0.988649 -0.098262 0.113656
vn 0.926566 -0.104991 0.361181
vn 0.926566 -0.104991 0.361181
vn 0.926566 -0.104991 0.361181
vn 0.924137 -0.122980 0.361727
vn 0.924137 -0.122980 0.361727
vn 0.924137 -0.122980 0.361727
vn -0.552589 -0.237113 -0.799013
vn -0.552589 -0.237113 -0.799013
vn -0.552589 -0.237113 -0.799013
vn -0.575104 -0.228113 -0.785633
vn -0.575104 -0.228113 -0.785633
vn -0.575104 -0.228113 -0.785633
vn -0.926543 -0.105008 -0.361237
vn -0.926543 -0.105008 -0.361237
vn -0.926543 -0.105008 -0.361237
vn -0.924112 -0.123007 -0.361783
vn -0.924112 -0.123007 -0.361783
vn -0.924112 -0.123007 -0.361783
vn 0.552560 -0.237119 0.799032
vn 0.552560 -0.237119 0.799032
vn 0.552560 -0.237119 0.799032
vn -0.988645 -0.098280 -0.113677
vn -0.988645 -0.098280 -0.113677
vn -0.988645 -0.098280 -0.113677
vn -0.998318 -0.035930 0.045490
vn -0.998318 -0.035930 0.045490
vn -0.998318 -0.035930 0.045490
vn -0.997844 -0.047753 0.045013
vn -0.997844 -0.047753 0.045013
vn -0.997844 -0.047753 0.045013
vn -0.997569 -0.047585 0.050901
vn -0.997569 -0.047585 0.050901
vn -0.997569 -0.047585 0.050901
vn -0.989107 -0.101781 -0.106338
vn -0.989107 -0.101781 -0.106338
vn -0.989107 -0.101781 -0.106338
vn -0.994909 -0.096102 0.030350
vn -0.994909 -0.096102 0.030350
vn -0.994909 -0.096102 0.030350
vn -0.480018 -0.245084 0.842328
vn -0.480018 -0.245084 0.842328
vn -0.480018 -0.245084 0.842328
vn 0.575075 -0.228119 0.785653
vn 0.575075 -0.228119 0.785653
vn 0.575075 -0.228119 0.785653
vn -0.530556 -0.243278 0.811989
vn -0.530556 -0.243278 0.811989
vn -0.530556 -0.243278 0.811989
vn -0.823195 -0.162978 0.543863
vn -0.823195 -0.162978 0.543863
vn -0.823195 -0.162978 0.543863
vn -0.890171 -0.146902 0.431295
vn -0.890171 -0.146902 0.431295
vn -0.890171 -0.146902 0.431295
vn -0.952405 -0.133876 0.273864
vn -0.952405 -0.133876 0.273864
vn -0.952405 -0.133876 0.273864
vn -0.930867 -0.147659 0.334191
vn -0.930867 -0.147659 0.334191
vn -0.930867 -0.147659 0.334191
vn -0.970778 -0.132817 0.199872
vn -0.970778 -0.132817 0.199872
vn -0.970778 -0.132817 0.199872
vn -0.979685 -0.121048 0.159891
vn -0.979685 -0.121048 0.159891
vn -0.979685 -0.121048 0.159891
vn -0.988029 -0.110783 0.107362
vn -0.988029 -0.110783 0.107362
vn -0.988029 -0.110783 0.107362
vn -0.982979 -0.120881 0.138350
vn -0.982979 -0.120881 0.138350
vn -0.982979 -0.120881 0.138350
vn -0.993964 -0.057838 0.093218
vn -0.993964 -0.057838 0.093218
vn -0.993964 -0.057838 0.093218
vn -0.990720 -0.101726 0.090142
vn -0.990720 -0.101726 0.090142
vn -0.990720 -0.101726 0.090142
vn -0.986788 -0.110644 0.118353
vn -0.986788 -0.110644 0.118353
vn -0.986788 -0.110644 0.118353
vn 0.725991 -0.320083 -0.608674
vn 0.725991 -0.320083 -0.608674
vn 0.725991 -0.320083 -0.608674
vn 0.754911 -0.311470 -0.577144
vn 0.754911 -0.311470 -0.577144
vn 0.754911 -0.311470 -0.577144
vn 0.890959 -0.338490 -0.302681
vn 0.890959 -0.338490 -0.302681
vn 0.890959 -0.338490 -0.302681
vn 0.879549 -0.349378 -0.323000
vn 0.879549 -0.349378 -0.323000
vn 0.879549 -0.349378 -0.323000
vn 0.924239 -0.347228 -0.158792
vn 0.924239 -0.347228 -0.158792
vn 0.924239 -0.347228 -0.158792
vn 0.929565 -0.338020 -0.147141
vn 0.929565 -0.338020 -0.147141
vn 0.929565 -0.338020 -0.147141
vn 0.934818 -0.339930 -0.102777
vn 0.934818 -0.339930 -0.102777
vn 0.934818 -0.339930 -0.102777
vn 0.938429 -0.332343 -0.094339
vn 0.938429 -0.332343 -0.094339
vn 0.938429 -0.332343 -0.094339
vn 0.938209 -0.336628 0.080289
vn 0.938209 -0.336628 0.080289
vn 0.938209 -0.336628 0.080289
vn 0.939447 -0.332554 0.082742
vn 0.939447 -0.332554 0.082742
vn 0.939447 -0.332554 0.082742
vn 0.835623 -0.310287 0.453272
vn 0.835623 -0.310287 0.453272
vn 0.835623 -0.310287 0.453272
vn 0.833649 -0.313589 0.454633
vn 0.833649 -0.313589 0.454633
vn 0.833649 -0.313589 0.454633
vn -0.833652 -0.313568 -0.454643
vn -0.833652 -0.313568 -0.454643
vn -0.833652 -0.313568 -0.454643
vn -0.835604 -0.310302 -0.453297
vn -0.835604 -0.310302 -0.453297
vn -0.835604 -0.310302 -0.453297
vn -0.993364 -0.103015 0.051151
vn -0.993364 -0.103015 0.051151
vn -0.993364 -0.103015 0.051151
vn -0.939439 -0.332574 -0.082753
vn -0.939439 -0.332574 -0.082753
vn -0.939439 -0.332574 -0.082753
vn -0.726008 -0.320072 0.608659
vn -0.726008 -0.320072 0.608659
vn -0.726008 -0.320072 0.608659
vn -0.754928 -0.311459 0.577128
vn -0.754928 -0.311459 0.577128
vn -0.754928 -0.311459 0.577128
vn -0.890929 -0.338519 0.302736
vn -0.890929 -0.338519 0.302736
vn -0.890929 -0.338519 0.302736
vn -0.879565 -0.349363 0.322972
vn -0.879565 -0.349363 0.322972
vn -0.879565 -0.349363 0.322972
vn -0.929568 -0.338021 0.147120
vn -0.929568 -0.338021 0.147120
vn -0.929568 -0.338021 0.147120
vn -0.924222 -0.347263 0.158814
vn -0.924222 -0.347263 0.158814
vn -0.924222 -0.347263 0.158814
vn -0.938414 -0.332379 0.094357
vn -0.938414 -0.332379 0.094357
vn -0.938414 -0.332379 0.094357
vn -0.934820 -0.339931 0.102755
vn -0.934820 -0.339931 0.102755
vn -0.934820 -0.339931 0.102755
vn -0.938195 -0.336665 -0.080290
vn -0.938195 -0.336665 -0.080290
vn -0.938195 -0.336665 -0.080290
usemtl Paint_-_Enamel_Glossy_(White)_(1)
f 1/1/1 2/2/2 3/3/3
f 1/4/4 4/5/5 2/6/6
f 5/7/7 6/8/8 7/9/9
f 8/10/10 9/11/11 10/12/12
f 11/13/13 4/14/14 1/15/15
f 5/16/16 7/17/17 12/18/18
f 13/19/19 14/20/20 15/21/21
f 4/22/22 16/23/23 2/24/24
f 13/25/25 15/26/26 17/27/27
f 10/28/28 13/29/29 17/30/30
f 10/31/31 17/32/32 18/33/33
f 19/34/34 10/35/35 18/36/36
f 8/37/37 10/38/38 19/39/39
f 4/40/40 20/41/41 16/42/42
f 21/43/43 20/44/44 4/45/45
f 11/46/46 21/47/47 4/48/48
f 22/49/49 6/50/50 5/51/51
f 23/52/52 22/53/53 5/54/54
f 23/55/55 5/56/56 24/57/57
f 24/58/58 5/59/59 12/60/60
f 22/61/61 25/62/62 6/63/63
f 25/64/64 26/65/65 6/66/66
f 24/67/67 12/68/68 27/69/69
f 28/70/70 8/71/71 19/72/72
f 15/73/73 14/74/74 29/75/75
f 16/76/76 20/77/77 30/78/78
f 16/79/79 30/80/80 31/81/81
f 17/82/82 15/83/83 32/84/84
f 15/85/85 29/86/86 32/87/87
f 17/88/88 32/89/89 33/90/90
f 18/91/91 17/92/92 33/93/93
f 18/94/94 33/95/95 34/96/96
f 35/97/97 18/98/98 34/99/99
f 19/100/100 18/101/101 35/102/102
f 28/103/103 19/104/104 36/105/105
f 36/106/106 19/107/107 35/108/108
f 20/109/109 37/110/110 38/111/111
f 20/112/112 38/113/113 30/114/114
f 21/115/115 37/116/116 20/117/117
f 25/118/118 39/119/119 26/120/120
f 39/121/121 40/122/122 26/123/123
f 25/124/124 22/125/125 41/126/126
f 22/127/127 42/128/128 41/129/129
f 22/130/130 23/131/131 42/132/132
f 23/133/133 43/134/134 42/135/135
f 44/136/136 23/137/137 24/138/138
f 23/139/139 44/140/140 43/141/141
f 44/142/142 24/143/143 45/144/144
f 45/145/145 24/146/146 27/147/147
f 39/148/148 25/149/149 46/150/150
f 25/151/151 41/152/152 46/153/153
f 45/154/154 27/155/155 47/156/156
f 48/157/157 28/158/158 36/159/159
f 31/160/160 30/161/161 49/162/162
f 32/163/163 29/164/164 50/165/165
f 31/166/166 49/167/167 51/168/168
f 30/169/169 38/170/170 52/171/171
f 30/172/172 52/173/173 49/174/174
f 32/175/175 50/176/176 53/177/177
f 33/178/178 32/179/179 53/180/180
f 34/181/181 33/182/182 54/183/183
f 33/184/184 53/185/185 54/186/186
f 35/187/187 34/188/188 55/189/189
f 55/190/190 34/191/191 56/192/192
f 34/193/193 54/194/194 56/195/195
f 36/196/196 35/197/197 57/198/198
f 57/199/199 35/200/200 55/201/201
f 48/202/202 36/203/203 58/204/204
f 58/205/205 36/206/206 57/207/207
f 39/208/208 59/209/209 40/210/210
f 40/211/211 59/212/212 60/213/213
f 40/214/214 60/215/215 61/216/216
f 61/217/217 60/218/218 62/219/219
f 61/220/220 62/221/221 63/222/222
f 59/223/223 39/224/224 64/225/225
f 39/226/226 46/227/227 64/228/228
f 41/229/229 42/230/230 65/231/231
f 41/232/232 65/233/233 66/234/234
f 46/235/235 41/236/236 66/237/237
f 42/238/238 43/239/239 67/240/240
f 42/241/241 67/242/242 65/243/243
f 43/244/244 68/245/245 69/246/246
f 44/247/247 68/248/248 43/249/249
f 43/250/250 69/251/251 67/252/252
f 70/253/253 44/254/254 45/255/255
f 44/256/256 70/257/257 68/258/258
f 70/259/259 45/260/260 71/261/261
f 71/262/262 45/263/263 47/264/264
f 46/265/265 66/266/266 72/267/267
f 64/268/268 46/269/269 72/270/270
f 71/271/271 47/272/272 73/273/273
f 74/274/274 48/275/275 58/276/276
f 49/277/277 52/278/278 75/279/279
f 49/280/280 75/281/281 76/282/282
f 51/283/283 49/284/284 76/285/285
f 51/286/286 76/287/287 77/288/288
f 53/289/289 50/290/290 78/291/291
f 63/292/292 62/293/293 79/294/294
f 63/295/295 79/296/296 80/297/297
f 53/298/298 78/299/299 81/300/300
f 54/301/301 53/302/302 81/303/303
f 54/304/304 81/305/305 82/306/306
f 56/307/307 54/308/308 82/309/309
f 55/310/310 56/311/311 83/312/312
f 84/313/313 55/314/314 83/315/315
f 57/316/316 55/317/317 84/318/318
f 56/319/319 82/320/320 85/321/321
f 83/322/322 56/323/323 85/324/324
f 58/325/325 57/326/326 86/327/327
f 86/328/328 57/329/329 84/330/330
f 87/331/331 58/332/332 86/333/333
f 74/334/334 58/335/335 87/336/336
f 59/337/337 64/338/338 60/339/339
f 60/340/340 64/341/341 88/342/342
f 60/343/343 88/344/344 62/345/345
f 62/346/346 88/347/347 89/348/348
f 62/349/349 89/350/350 79/351/351
f 64/352/352 72/353/353 88/354/354
f 66/355/355 65/356/356 90/357/357
f 65/358/358 91/359/359 90/360/360
f 65/361/361 67/362/362 91/363/363
f 72/364/364 66/365/365 92/366/366
f 66/367/367 90/368/368 92/369/369
f 67/370/370 93/371/371 91/372/372
f 67/373/373 69/374/374 93/375/375
f 68/376/376 94/377/377 69/378/378
f 68/379/379 95/380/380 94/381/381
f 70/382/382 95/383/383 68/384/384
f 69/385/385 96/386/386 93/387/387
f 69/388/388 94/389/389 96/390/390
f 70/391/391 97/392/392 95/393/393
f 97/394/394 70/395/395 71/396/396
f 98/397/397 99/398/398 100/399/399
f 97/400/400 71/401/401 101/402/402
f 72/403/403 92/404/404 102/405/405
f 88/406/406 72/407/407 102/408/408
f 98/409/409 100/410/410 103/411/411
f 103/412/412 100/413/413 104/414/414
f 76/415/415 75/416/416 105/417/417
f 80/418/418 79/419/419 106/420/420
f 80/421/421 106/422/422 107/423/423
f 76/424/424 105/425/425 108/426/426
f 77/427/427 76/428/428 108/429/429
f 81/430/430 78/431/431 109/432/432
f 77/433/433 108/434/434 110/435/435
f 79/436/436 89/437/437 111/438/438
f 79/439/439 111/440/440 106/441/441
f 82/442/442 81/443/443 112/444/444
f 81/445/445 109/446/446 112/447/447
f 82/448/448 112/449/449 113/450/450
f 85/451/451 82/452/452 113/453/453
f 84/454/454 83/455/455 114/456/456
f 114/457/457 83/458/458 115/459/459
f 83/460/460 85/461/461 115/462/462
f 116/463/463 84/464/464 114/465/465
f 86/466/466 84/467/467 116/468/468
f 85/469/469 113/470/470 117/471/471
f 115/472/472 85/473/473 117/474/474
f 87/475/475 86/476/476 118/477/477
f 118/478/478 86/479/479 116/480/480
f 103/481/481 104/482/482 119/483/483
f 120/484/484 87/485/485 118/486/486
f 88/487/487 102/488/488 89/489/489
f 89/490/490 102/491/491 121/492/492
f 89/493/493 121/494/494 111/495/495
f 90/496/496 91/497/497 122/498/498
f 90/499/499 122/500/500 123/501/501
f 92/502/502 90/503/503 123/504/504
f 91/505/505 93/506/506 124/507/507
f 91/508/508 124/509/509 122/510/510
f 92/511/511 123/512/512 125/513/513
f 102/514/514 92/515/515 125/516/516
f 93/517/517 96/518/518 126/519/519
f 93/520/520 126/521/521 124/522/522
f 94/523/523 127/524/524 128/525/525
f 95/526/526 127/527/527 94/528/528
f 94/529/529 128/530/530 96/531/531
f 95/532/532 129/533/533 127/534/534
f 97/535/535 129/536/536 95/537/537
f 96/538/538 128/539/539 130/540/540
f 96/541/541 130/542/542 126/543/543
f 131/544/544 97/545/545 101/546/546
f 97/547/547 131/548/548 129/549/549
f 132/550/550 98/551/551 103/552/552
f 131/553/553 101/554/554 133/555/555
f 102/556/556 125/557/557 121/558/558
f 132/559/559 103/560/560 134/561/561
f 134/562/562 103/563/563 119/564/564
f 108/565/565 105/566/566 135/567/567
f 107/568/568 106/569/569 136/570/570
f 107/571/571 136/572/572 137/573/573
f 106/574/574 111/575/575 138/576/576
f 106/577/577 138/578/578 136/579/579
f 108/580/580 135/581/581 139/582/582
f 110/583/583 108/584/584 139/585/585
f 112/586/586 109/587/587 140/588/588
f 110/589/589 139/590/590 141/591/591
f 111/592/592 121/593/593 142/594/594
f 111/595/595 142/596/596 138/597/597
f 112/598/598 140/599/599 143/600/600
f 113/601/601 112/602/602 143/603/603
f 117/604/604 113/605/605 144/606/606
f 113/607/607 143/608/608 144/609/609
f 116/610/610 114/611/611 145/612/612
f 145/613/613 114/614/614 146/615/615
f 114/616/616 115/617/617 146/618/618
f 115/619/619 117/620/620 147/621/621
f 146/622/622 115/623/623 147/624/624
f 118/625/625 116/626/626 148/627/627
f 148/628/628 116/629/629 145/630/630
f 147/631/631 117/632/632 149/633/633
f 117/634/634 144/635/635 149/636/636
f 120/637/637 118/638/638 150/639/639
f 150/640/640 118/641/641 148/642/642
f 134/643/643 119/644/644 151/645/645
f 152/646/646 120/647/647 150/648/648
f 121/649/649 125/650/650 153/651/651
f 121/652/652 153/653/653 142/654/654
f 123/655/655 122/656/656 154/657/657
f 122/658/658 155/659/659 154/660/660
f 122/661/661 124/662/662 155/663/663
f 123/664/664 154/665/665 156/666/666
f 125/667/667 123/668/668 156/669/669
f 124/670/670 157/671/671 155/672/672
f 124/673/673 126/674/674 157/675/675
f 125/676/676 156/677/677 153/678/678
f 126/679/679 158/680/680 157/681/681
f 126/682/682 130/683/683 158/684/684
f 127/685/685 159/686/686 128/687/687
f 127/688/688 160/689/689 159/690/690
f 129/691/691 160/692/692 127/693/693
f 128/694/694 159/695/695 161/696/696
f 128/697/697 161/698/698 130/699/699
f 129/700/700 162/701/701 160/702/702
f 131/703/703 162/704/704 129/705/705
f 130/706/706 163/707/707 158/708/708
f 130/709/709 161/710/710 163/711/711
f 131/712/712 133/713/713 162/714/714
f 132/715/715 134/716/716 164/717/717
f 132/718/718 164/719/719 165/720/720
f 134/721/721 166/722/722 164/723/723
f 134/724/724 151/725/725 166/726/726
f 139/727/727 135/728/728 167/729/729
f 137/730/730 136/731/731 168/732/732
f 137/733/733 168/734/734 169/735/735
f 136/736/736 138/737/737 170/738/738
f 136/739/739 170/740/740 168/741/741
f 138/742/742 142/743/743 171/744/744
f 138/745/745 171/746/746 170/747/747
f 141/748/748 139/749/749 172/750/750
f 139/751/751 167/752/752 172/753/753
f 141/754/754 172/755/755 173/756/756
f 143/757/757 140/758/758 174/759/759
f 142/760/760 153/761/761 175/762/762
f 142/763/763 175/764/764 171/765/765
f 143/766/766 174/767/767 176/768/768
f 144/769/769 143/770/770 176/771/771
f 144/772/772 176/773/773 177/774/774
f 149/775/775 144/776/776 177/777/777
f 148/778/778 145/779/779 178/780/780
f 178/781/781 145/782/782 179/783/783
f 145/784/784 146/785/785 179/786/786
f 146/787/787 147/788/788 180/789/789
f 179/790/790 146/791/791 180/792/792
f 180/793/793 147/794/794 181/795/795
f 147/796/796 149/797/797 181/798/798
f 150/799/799 148/800/800 182/801/801
f 182/802/802 148/803/803 178/804/804
f 149/805/805 177/806/806 183/807/807
f 181/808/808 149/809/809 183/810/810
f 152/811/811 150/812/812 184/813/813
f 184/814/814 150/815/815 182/816/816
f 152/817/817 184/818/818 185/819/819
f 152/820/820 185/821/821 186/822/822
f 153/823/823 156/824/824 187/825/825
f 153/826/826 187/827/827 175/828/828
f 154/829/829 155/830/830 188/831/831
f 154/832/832 188/833/833 189/834/834
f 156/835/835 154/836/836 189/837/837
f 155/838/838 157/839/839 190/840/840
f 155/841/841 190/842/842 188/843/843
f 156/844/844 189/845/845 187/846/846
f 157/847/847 158/848/848 191/849/849
f 157/850/850 191/851/851 190/852/852
f 158/853/853 163/854/854 192/855/855
f 158/856/856 192/857/857 191/858/858
f 193/859/859 194/860/860 195/861/861
f 193/862/862 195/863/863 196/864/864
f 197/865/865 194/866/866 193/867/867
f 197/868/868 198/869/869 194/870/870
f 165/871/871 198/872/872 197/873/873
f 196/874/874 195/875/875 199/876/876
f 196/877/877 199/878/878 200/879/879
f 165/880/880 164/881/881 198/882/882
f 200/883/883 199/884/884 201/885/885
f 200/886/886 201/887/887 202/888/888
f 164/889/889 166/890/890 203/891/891
f 164/892/892 203/893/893 198/894/894
f 186/895/895 185/896/896 204/897/897
f 186/898/898 204/899/899 205/900/900
f 167/901/901 206/902/902 207/903/903
f 167/904/904 207/905/905 208/906/906
f 172/907/907 167/908/908 208/909/909
f 168/910/910 170/911/911 209/912/912
f 168/913/913 209/914/914 210/915/915
f 170/916/916 171/917/917 211/918/918
f 170/919/919 211/920/920 209/921/921
f 171/922/922 212/923/923 211/924/924
f 171/925/925 175/926/926 212/927/927
f 172/928/928 208/929/929 213/930/930
f 173/931/931 172/932/932 213/933/933
f 173/934/934 213/935/935 214/936/936
f 176/937/937 174/938/938 215/939/939
f 175/940/940 187/941/941 216/942/942
f 175/943/943 216/944/944 212/945/945
f 177/946/946 176/947/947 217/948/948
f 176/949/949 215/950/950 217/951/951
f 183/952/952 177/953/953 218/954/954
f 177/955/955 217/956/956 218/957/957
f 178/958/958 179/959/959 219/960/960
f 220/961/961 178/962/962 219/963/963
f 182/964/964 178/965/965 220/966/966
f 179/967/967 180/968/968 221/969/969
f 219/970/970 179/971/971 221/972/972
f 180/973/973 181/974/974 222/975/975
f 221/976/976 180/977/977 222/978/978
f 181/979/979 183/980/980 223/981/981
f 222/982/982 181/983/983 223/984/984
f 184/985/985 182/986/986 185/987/987
f 185/988/988 182/989/989 220/990/990
f 183/991/991 218/992/992 224/993/993
f 223/994/994 183/995/995 224/996/996
f 185/997/997 220/998/998 204/999/999
f 187/1000/1000 189/1001/1001 225/1002/1002
f 187/1003/1003 225/1004/1004 216/1005/1005
f 188/1006/1006 190/1007/1007 226/1008/1008
f 188/1009/1009 226/1010/1010 227/1011/1011
f 189/1012/1012 188/1013/1013 227/1014/1014
f 189/1015/1015 227/1016/1016 225/1017/1017
f 190/1018/1018 228/1019/1019 226/1020/1020
f 190/1021/1021 191/1022/1022 228/1023/1023
f 191/1024/1024 229/1025/1025 228/1026/1026
f 191/1027/1027 192/1028/1028 229/1029/1029
f 202/1030/1030 201/1031/1031 230/1032/1032
f 202/1033/1033 230/1034/1034 231/1035/1035
f 194/1036/1036 232/1037/1037 195/1038/1038
f 194/1039/1039 233/1040/1040 232/1041/1041
f 198/1042/1042 233/1043/1043 194/1044/1044
f 195/1045/1045 232/1046/1046 234/1047/1047
f 195/1048/1048 234/1049/1049 199/1050/1050
f 198/1051/1051 203/1052/1052 233/1053/1053
f 199/1054/1054 234/1055/1055 235/1056/1056
f 199/1057/1057 235/1058/1058 201/1059/1059
f 201/1060/1060 235/1061/1061 236/1062/1062
f 201/1063/1063 236/1064/1064 230/1065/1065
f 205/1066/1066 204/1067/1067 237/1068/1068
f 205/1069/1069 237/1070/1070 238/1071/1071
f 204/1072/1072 220/1073/1073 239/1074/1074
f 204/1075/1075 239/1076/1076 237/1077/1077
f 208/1078/1078 207/1079/1079 240/1080/1080
f 210/1081/1081 209/1082/1082 241/1083/1083
f 210/1084/1084 241/1085/1085 242/1086/1086
f 208/1087/1087 240/1088/1088 243/1089/1089
f 213/1090/1090 208/1091/1091 243/1092/1092
f 209/1093/1093 211/1094/1094 244/1095/1095
f 209/1096/1096 244/1097/1097 241/1098/1098
f 211/1099/1099 212/1100/1100 245/1101/1101
f 211/1102/1102 245/1103/1103 244/1104/1104
f 212/1105/1105 216/1106/1106 246/1107/1107
f 212/1108/1108 246/1109/1109 245/1110/1110
f 213/1111/1111 243/1112/1112 247/1113/1113
f 214/1114/1114 213/1115/1115 247/1116/1116
f 214/1117/1117 247/1118/1118 248/1119/1119
f 217/1120/1120 215/1121/1121 249/1122/1122
f 216/1123/1123 225/1124/1124 250/1125/1125
f 216/1126/1126 250/1127/1127 246/1128/1128
f 217/1129/1129 249/1130/1130 251/1131/1131
f 218/1132/1132 217/1133/1133 251/1134/1134
f 218/1135/1135 251/1136/1136 252/1137/1137
f 224/1138/1138 218/1139/1139 252/1140/1140
f 219/1141/1141 221/1142/1142 253/1143/1143
f 239/1144/1144 219/1145/1145 253/1146/1146
f 220/1147/1147 219/1148/1148 239/1149/1149
f 221/1150/1150 222/1151/1151 254/1152/1152
f 253/1153/1153 221/1154/1154 254/1155/1155
f 222/1156/1156 223/1157/1157 255/1158/1158
f 254/1159/1159 222/1160/1160 255/1161/1161
f 223/1162/1162 224/1163/1163 256/1164/1164
f 255/1165/1165 223/1166/1166 256/1167/1167
f 224/1168/1168 252/1169/1169 257/1170/1170
f 256/1171/1171 224/1172/1172 257/1173/1173
f 225/1174/1174 227/1175/1175 258/1176/1176
f 225/1177/1177 258/1178/1178 250/1179/1179
f 226/1180/1180 228/1181/1181 259/1182/1182
f 226/1183/1183 259/1184/1184 260/1185/1185
f 227/1186/1186 226/1187/1187 260/1188/1188
f 227/1189/1189 260/1190/1190 258/1191/1191
f 228/1192/1192 229/1193/1193 261/1194/1194
f 228/1195/1195 261/1196/1196 259/1197/1197
f 231/1198/1198 230/1199/1199 262/1200/1200
f 231/1201/1201 262/1202/1202 263/1203/1203
f 230/1204/1204 236/1205/1205 264/1206/1206
f 230/1207/1207 264/1208/1208 262/1209/1209
f 265/1210/1210 266/1211/1211 267/1212/1212
f 238/1213/1213 266/1214/1214 265/1215/1215
f 265/1216/1216 267/1217/1217 268/1218/1218
f 238/1219/1219 237/1220/1220 266/1221/1221
f 268/1222/1222 267/1223/1223 269/1224/1224
f 268/1225/1225 269/1226/1226 270/1227/1227
f 235/1228/1228 271/1229/1229 272/1230/1230
f 235/1231/1231 272/1232/1232 236/1233/1233
f 236/1234/1234 272/1235/1235 273/1236/1236
f 236/1237/1237 273/1238/1238 264/1239/1239
f 237/1240/1240 239/1241/1241 274/1242/1242
f 237/1243/1243 274/1244/1244 266/1245/1245
f 239/1246/1246 253/1247/1247 274/1248/1248
f 243/1249/1249 240/1250/1250 275/1251/1251
f 242/1252/1252 241/1253/1253 276/1254/1254
f 242/1255/1255 276/1256/1256 277/1257/1257
f 241/1258/1258 244/1259/1259 278/1260/1260
f 241/1261/1261 278/1262/1262 276/1263/1263
f 243/1264/1264 275/1265/1265 279/1266/1266
f 247/1267/1267 243/1268/1268 279/1269/1269
f 244/1270/1270 245/1271/1271 280/1272/1272
f 244/1273/1273 280/1274/1274 278/1275/1275
f 245/1276/1276 246/1277/1277 281/1278/1278
f 245/1279/1279 281/1280/1280 280/1281/1281
f 246/1282/1282 282/1283/1283 281/1284/1284
f 246/1285/1285 250/1286/1286 282/1287/1287
f 247/1288/1288 279/1289/1289 283/1290/1290
f 248/1291/1291 247/1292/1292 283/1293/1293
f 248/1294/1294 283/1295/1295 284/1296/1296
f 251/1297/1297 249/1298/1298 285/1299/1299
f 250/1300/1300 258/1301/1301 286/1302/1302
f 250/1303/1303 286/1304/1304 282/1305/1305
f 251/1306/1306 285/1307/1307 287/1308/1308
f 252/1309/1309 251/1310/1310 287/1311/1311
f 252/1312/1312 287/1313/1313 288/1314/1314
f 257/1315/1315 252/1316/1316 288/1317/1317
f 253/1318/1318 254/1319/1319 289/1320/1320
f 274/1321/1321 253/1322/1322 289/1323/1323
f 254/1324/1324 255/1325/1325 290/1326/1326
f 289/1327/1327 254/1328/1328 290/1329/1329
f 255/1330/1330 256/1331/1331 291/1332/1332
f 290/1333/1333 255/1334/1334 291/1335/1335
f 256/1336/1336 257/1337/1337 292/1338/1338
f 291/1339/1339 256/1340/1340 292/1341/1341
f 257/1342/1342 288/1343/1343 293/1344/1344
f 292/1345/1345 257/1346/1346 293/1347/1347
f 258/1348/1348 260/1349/1349 294/1350/1350
f 258/1351/1351 294/1352/1352 286/1353/1353
f 259/1354/1354 261/1355/1355 295/1356/1356
f 259/1357/1357 295/1358/1358 296/1359/1359
f 260/1360/1360 259/1361/1361 296/1362/1362
f 260/1363/1363 296/1364/1364 294/1365/1365
f 263/1366/1366 262/1367/1367 297/1368/1368
f 263/1369/1369 297/1370/1370 298/1371/1371
f 262/1372/1372 264/1373/1373 299/1374/1374
f 262/1375/1375 299/1376/1376 297/1377/1377
f 264/1378/1378 273/1379/1379 300/1380/1380
f 264/1381/1381 300/1382/1382 299/1383/1383
f 266/1384/1384 301/1385/1385 267/1386/1386
f 266/1387/1387 274/1388/1388 301/1389/1389
f 267/1390/1390 301/1391/1391 302/1392/1392
f 267/1393/1393 302/1394/1394 269/1395/1395
f 269/1396/1396 302/1397/1397 303/1398/1398
f 269/1399/1399 303/1400/1400 304/1401/1401
f 304/1402/1402 303/1403/1403 305/1404/1404
f 304/1405/1405 305/1406/1406 306/1407/1407
f 306/1408/1408 305/1409/1409 307/1410/1410
f 306/1411/1411 307/1412/1412 308/1413/1413
f 274/1414/1414 289/1415/1415 301/1416/1416
f 279/1417/1417 275/1418/1418 309/1419/1419
f 277/1420/1420 276/1421/1421 310/1422/1422
f 277/1423/1423 310/1424/1424 311/1425/1425
f 276/1426/1426 278/1427/1427 312/1428/1428
f 276/1429/1429 312/1430/1430 310/1431/1431
f 278/1432/1432 313/1433/1433 312/1434/1434
f 278/1435/1435 280/1436/1436 313/1437/1437
f 279/1438/1438 309/1439/1439 314/1440/1440
f 283/1441/1441 279/1442/1442 314/1443/1443
f 280/1444/1444 315/1445/1445 313/1446/1446
f 280/1447/1447 281/1448/1448 315/1449/1449
f 281/1450/1450 282/1451/1451 316/1452/1452
f 281/1453/1453 316/1454/1454 315/1455/1455
f 282/1456/1456 286/1457/1457 317/1458/1458
f 282/1459/1459 317/1460/1460 316/1461/1461
f 283/1462/1462 314/1463/1463 318/1464/1464
f 284/1465/1465 283/1466/1466 318/1467/1467
f 284/1468/1468 318/1469/1469 319/1470/1470
f 287/1471/1471 285/1472/1472 320/1473/1473
f 286/1474/1474 294/1475/1475 321/1476/1476
f 286/1477/1477 321/1478/1478 317/1479/1479
f 287/1480/1480 320/1481/1481 322/1482/1482
f 288/1483/1483 287/1484/1484 322/1485/1485
f 288/1486/1486 322/1487/1487 323/1488/1488
f 293/1489/1489 288/1490/1490 323/1491/1491
f 289/1492/1492 290/1493/1493 324/1494/1494
f 301/1495/1495 289/1496/1496 324/1497/1497
f 290/1498/1498 291/1499/1499 325/1500/1500
f 324/1501/1501 290/1502/1502 325/1503/1503
f 291/1504/1504 292/1505/1505 326/1506/1506
f 325/1507/1507 291/1508/1508 326/1509/1509
f 292/1510/1510 293/1511/1511 327/1512/1512
f 326/1513/1513 292/1514/1514 327/1515/1515
f 293/1516/1516 323/1517/1517 328/1518/1518
f 327/1519/1519 293/1520/1520 328/1521/1521
f 294/1522/1522 296/1523/1523 329/1524/1524
f 294/1525/1525 329/1526/1526 321/1527/1527
f 298/1528/1528 297/1529/1529 330/1530/1530
f 298/1531/1531 330/1532/1532 331/1533/1533
f 296/1534/1534 295/1535/1535 332/1536/1536
f 296/1537/1537 332/1538/1538 329/1539/1539
f 297/1540/1540 299/1541/1541 333/1542/1542
f 297/1543/1543 333/1544/1544 330/1545/1545
f 299/1546/1546 300/1547/1547 334/1548/1548
f 299/1549/1549 334/1550/1550 333/1551/1551
f 308/1552/1552 307/1553/1553 335/1554/1554
f 308/1555/1555 335/1556/1556 336/1557/1557
f 301/1558/1558 324/1559/1559 302/1560/1560
f 302/1561/1561 324/1562/1562 337/1563/1563
f 302/1564/1564 337/1565/1565 303/1566/1566
f 303/1567/1567 337/1568/1568 338/1569/1569
f 303/1570/1570 338/1571/1571 305/1572/1572
f 305/1573/1573 338/1574/1574 339/1575/1575
f 305/1576/1576 339/1577/1577 307/1578/1578
f 307/1579/1579 339/1580/1580 340/1581/1581
f 307/1582/1582 340/1583/1583 335/1584/1584
f 314/1585/1585 309/1586/1586 341/1587/1587
f 311/1588/1588 310/1589/1589 342/1590/1590
f 311/1591/1591 342/1592/1592 343/1593/1593
f 310/1594/1594 312/1595/1595 344/1596/1596
f 310/1597/1597 344/1598/1598 342/1599/1599
f 312/1600/1600 313/1601/1601 345/1602/1602
f 312/1603/1603 345/1604/1604 344/1605/1605
f 313/1606/1606 315/1607/1607 346/1608/1608
f 313/1609/1609 346/1610/1610 345/1611/1611
f 314/1612/1612 341/1613/1613 347/1614/1614
f 318/1615/1615 314/1616/1616 347/1617/1617
f 315/1618/1618 316/1619/1619 348/1620/1620
f 315/1621/1621 348/1622/1622 346/1623/1623
f 316/1624/1624 317/1625/1625 349/1626/1626
f 316/1627/1627 349/1628/1628 348/1629/1629
f 317/1630/1630 350/1631/1631 349/1632/1632
f 317/1633/1633 321/1634/1634 350/1635/1635
f 318/1636/1636 347/1637/1637 351/1638/1638
f 319/1639/1639 318/1640/1640 351/1641/1641
f 319/1642/1642 351/1643/1643 352/1644/1644
f 322/1645/1645 320/1646/1646 353/1647/1647
f 321/1648/1648 329/1649/1649 354/1650/1650
f 321/1651/1651 354/1652/1652 350/1653/1653
f 322/1654/1654 353/1655/1655 355/1656/1656
f 323/1657/1657 322/1658/1658 355/1659/1659
f 323/1660/1660 355/1661/1661 356/1662/1662
f 328/1663/1663 323/1664/1664 356/1665/1665
f 324/1666/1666 325/1667/1667 337/1668/1668
f 325/1669/1669 326/1670/1670 357/1671/1671
f 337/1672/1672 325/1673/1673 357/1674/1674
f 357/1675/1675 326/1676/1676 358/1677/1677
f 326/1678/1678 327/1679/1679 358/1680/1680
f 327/1681/1681 328/1682/1682 359/1683/1683
f 358/1684/1684 327/1685/1685 359/1686/1686
f 359/1687/1687 328/1688/1688 360/1689/1689
f 328/1690/1690 356/1691/1691 360/1692/1692
f 329/1693/1693 332/1694/1694 361/1695/1695
f 329/1696/1696 361/1697/1697 354/1698/1698
f 330/1699/1699 333/1700/1700 362/1701/1701
f 330/1702/1702 362/1703/1703 363/1704/1704
f 331/1705/1705 330/1706/1706 363/1707/1707
f 331/1708/1708 363/1709/1709 364/1710/1710
f 333/1711/1711 334/1712/1712 365/1713/1713
f 333/1714/1714 365/1715/1715 362/1716/1716
f 336/1717/1717 335/1718/1718 366/1719/1719
f 336/1720/1720 366/1721/1721 367/1722/1722
f 335/1723/1723 340/1724/1724 368/1725/1725
f 335/1726/1726 368/1727/1727 366/1728/1728
f 337/1729/1729 357/1730/1730 338/1731/1731
f 338/1732/1732 357/1733/1733 369/1734/1734
f 338/1735/1735 369/1736/1736 339/1737/1737
f 339/1738/1738 370/1739/1739 340/1740/1740
f 339/1741/1741 369/1742/1742 370/1743/1743
f 340/1744/1744 370/1745/1745 371/1746/1746
f 340/1747/1747 371/1748/1748 368/1749/1749
f 347/1750/1750 341/1751/1751 372/1752/1752
f 343/1753/1753 342/1754/1754 373/1755/1755
f 343/1756/1756 373/1757/1757 374/1758/1758
f 342/1759/1759 344/1760/1760 375/1761/1761
f 342/1762/1762 375/1763/1763 373/1764/1764
f 344/1765/1765 345/1766/1766 376/1767/1767
f 344/1768/1768 376/1769/1769 375/1770/1770
f 345/1771/1771 377/1772/1772 376/1773/1773
f 345/1774/1774 346/1775/1775 377/1776/1776
f 346/1777/1777 378/1778/1778 377/1779/1779
f 346/1780/1780 348/1781/1781 378/1782/1782
f 351/1783/1783 347/1784/1784 379/1785/1785
f 347/1786/1786 372/1787/1787 379/1788/1788
f 348/1789/1789 380/1790/1790 378/1791/1791
f 348/1792/1792 349/1793/1793 380/1794/1794
f 349/1795/1795 350/1796/1796 381/1797/1797
f 349/1798/1798 381/1799/1799 380/1800/1800
f 350/1801/1801 382/1802/1802 381/1803/1803
f 350/1804/1804 354/1805/1805 382/1806/1806
f 351/1807/1807 379/1808/1808 383/1809/1809
f 353/1810/1810 384/1811/1811 385/1812/1812
f 353/1813/1813 385/1814/1814 386/1815/1815
f 355/1816/1816 353/1817/1817 386/1818/1818
f 354/1819/1819 361/1820/1820 387/1821/1821
f 354/1822/1822 387/1823/1823 382/1824/1824
f 355/1825/1825 386/1826/1826 388/1827/1827
f 356/1828/1828 355/1829/1829 388/1830/1830
f 356/1831/1831 388/1832/1832 389/1833/1833
f 360/1834/1834 356/1835/1835 389/1836/1836
f 357/1837/1837 358/1838/1838 369/1839/1839
f 358/1840/1840 359/1841/1841 390/1842/1842
f 369/1843/1843 358/1844/1844 390/1845/1845
f 359/1846/1846 360/1847/1847 391/1848/1848
f 390/1849/1849 359/1850/1850 391/1851/1851
f 360/1852/1852 389/1853/1853 392/1854/1854
f 391/1855/1855 360/1856/1856 392/1857/1857
f 361/1858/1858 393/1859/1859 394/1860/1860
f 361/1861/1861 394/1862/1862 387/1863/1863
f 363/1864/1864 362/1865/1865 395/1866/1866
f 362/1867/1867 396/1868/1868 395/1869/1869
f 362/1870/1870 365/1871/1871 396/1872/1872
f 363/1873/1873 395/1874/1874 397/1875/1875
f 367/1876/1876 366/1877/1877 398/1878/1878
f 367/1879/1879 398/1880/1880 399/1881/1881
f 366/1882/1882 368/1883/1883 400/1884/1884
f 366/1885/1885 400/1886/1886 398/1887/1887
f 368/1888/1888 371/1889/1889 401/1890/1890
f 368/1891/1891 401/1892/1892 400/1893/1893
f 369/1894/1894 390/1895/1895 370/1896/1896
f 370/1897/1897 390/1898/1898 402/1899/1899
f 370/1900/1900 402/1901/1901 371/1902/1902
f 371/1903/1903 403/1904/1904 401/1905/1905
f 371/1906/1906 402/1907/1907 403/1908/1908
f 404/1909/1909 379/1910/1910 372/1911/1911
f 404/1912/1912 372/1913/1913 405/1914/1914
f 406/1915/1915 407/1916/1916 373/1917/1917
f 406/1918/1918 373/1919/1919 375/1920/1920
f 408/1921/1921 406/1922/1922 375/1923/1923
f 408/1924/1924 375/1925/1925 376/1926/1926
f 409/1927/1927 408/1928/1928 376/1929/1929
f 409/1930/1930 376/1931/1931 377/1932/1932
f 410/1933/1933 409/1934/1934 377/1935/1935
f 410/1936/1936 377/1937/1937 378/1938/1938
f 411/1939/1939 410/1940/1940 378/1941/1941
f 411/1942/1942 378/1943/1943 380/1944/1944
f 412/1945/1945 379/1946/1946 404/1947/1947
f 412/1948/1948 383/1949/1949 379/1950/1950
f 413/1951/1951 411/1952/1952 380/1953/1953
f 413/1954/1954 380/1955/1955 381/1956/1956
f 387/1957/1957 413/1958/1958 381/1959/1959
f 387/1960/1960 381/1961/1961 382/1962/1962
f 414/1963/1963 386/1964/1964 385/1965/1965
f 414/1966/1966 385/1967/1967 415/1968/1968
f 389/1969/1969 386/1970/1970 414/1971/1971
f 389/1972/1972 388/1973/1973 386/1974/1974
f 394/1975/1975 413/1976/1976 387/1977/1977
f 392/1978/1978 389/1979/1979 414/1980/1980
f 390/1981/1981 391/1982/1982 402/1983/1983
f 402/1984/1984 391/1985/1985 416/1986/1986
f 391/1987/1987 392/1988/1988 416/1989/1989
f 392/1990/1990 414/1991/1991 417/1992/1992
f 416/1993/1993 392/1994/1994 417/1995/1995
f 395/1996/1996 418/1997/1997 397/1998/1998
f 394/1999/1999 419/2000/2000 413/2001/2001
f 395/2002/2002 420/2003/2003 418/2004/2004
f 396/2005/2005 420/2006/2006 395/2007/2007
f 396/2008/2008 421/2009/2009 420/2010/2010
f 398/2011/2011 400/2012/2012 422/2013/2013
f 398/2014/2014 422/2015/2015 423/2016/2016
f 400/2017/2017 424/2018/2018 422/2019/2019
f 400/2020/2020 401/2021/2021 424/2022/2022
f 401/2023/2023 403/2024/2024 425/2025/2025
f 401/2026/2026 425/2027/2027 424/2028/2028
f 402/2029/2029 416/2030/2030 403/2031/2031
f 403/2032/2032 416/2033/2033 426/2034/2034
f 403/2035/2035 426/2036/2036 425/2037/2037
f 427/2038/2038 412/2039/2039 404/2040/2040
f 427/2041/2041 404/2042/2042 428/2043/2043
f 429/2044/2044 406/2045/2045 408/2046/2046
f 429/2047/2047 430/2048/2048 406/2049/2049
f 431/2050/2050 429/2051/2051 408/2052/2052
f 431/2053/2053 408/2054/2054 409/2055/2055
f 432/2056/2056 431/2057/2057 409/2058/2058
f 432/2059/2059 409/2060/2060 410/2061/2061
f 433/2062/2062 432/2063/2063 410/2064/2064
f 433/2065/2065 410/2066/2066 411/2067/2067
f 419/2068/2068 433/2069/2069 411/2070/2070
f 419/2071/2071 411/2072/2072 413/2073/2073
f 417/2074/2074 414/2075/2075 415/2076/2076
f 417/2077/2077 415/2078/2078 434/2079/2079
f 416/2080/2080 417/2081/2081 426/2082/2082
f 426/2083/2083 417/2084/2084 434/2085/2085
f 420/2086/2086 435/2087/2087 418/2088/2088
f 420/2089/2089 436/2090/2090 435/2091/2091
f 422/2092/2092 424/2093/2093 437/2094/2094
f 422/2095/2095 437/2096/2096 438/2097/2097
f 424/2098/2098 425/2099/2099 439/2100/2100
f 424/2101/2101 439/2102/2102 437/2103/2103
f 425/2104/2104 426/2105/2105 440/2106/2106
f 425/2107/2107 440/2108/2108 439/2109/2109
f 426/2110/2110 434/2111/2111 440/2112/2112
g cessna-172 (1).obj (24)

v -9.214252 -2.581007 0.270725
v -9.205126 -2.479984 0.326202
v -9.240674 -2.562615 0.269896
v -9.179786 -2.491825 0.328912
v -9.233634 -2.622639 0.200914
v -9.190220 -2.560926 0.269896
v -9.214252 -2.581007 0.270725
v -9.259401 -2.645655 0.201018
v -9.214252 -2.581007 0.270725
v -9.240674 -2.562615 0.269896
v -9.190220 -2.560926 0.269896
v -9.259401 -2.645655 0.201018
v -9.205126 -2.479984 0.326202
v -9.182754 -2.387255 0.366729
v -9.204840 -2.379599 0.355534
v -9.182754 -2.387255 0.366729
v -9.227832 -2.436173 0.323103
v -9.264128 -2.503505 0.269066
v -9.286098 -2.623558 0.200914
v -9.157617 -2.389874 0.372353
v -9.159141 -2.477845 0.326202
v -9.213154 -2.554329 0.200811
v -9.262562 -2.576545 0.125270
v -9.284418 -2.647161 0.125270
v -9.171839 -2.500434 0.269066
v -9.159141 -2.477845 0.326202
v -9.310798 -2.670700 0.125270
v -9.310798 -2.670700 0.125270
v -9.175261 -2.285942 0.391380
v -9.147623 -2.281226 0.399537
v -9.175261 -2.285942 0.391380
v -9.207324 -2.304656 0.367277
v -9.241474 -2.348349 0.326516
v -9.280355 -2.400674 0.269999
v -9.309093 -2.556006 0.200811
v -9.337176 -2.647161 0.125270
v -9.139894 -2.384858 0.366729
v -9.129312 -2.283109 0.391380
v -9.144497 -2.432356 0.323103
v -9.139894 -2.384858 0.366729
v -9.201197 -2.440331 0.200927
v -9.248619 -2.458836 0.125270
v -9.296717 -2.442497 0.049613
v -9.312502 -2.556006 0.049730
v -9.335497 -2.623557 0.049626
v -9.161326 -2.396686 0.269999
v -9.362195 -2.645655 0.049523
v -9.362195 -2.645655 0.049523
v -9.147830 -2.152767 0.413573
v -9.177890 -2.159898 0.404349
v -9.177890 -2.159898 0.404349
v -9.127513 -2.156641 0.404349
v -9.213362 -2.180049 0.376736
v -9.251040 -2.213992 0.331429
v -9.324878 -2.442497 0.200927
v -9.291310 -2.252081 0.271554
v -9.359033 -2.576545 0.125270
v -9.387960 -2.622640 0.049626
v -9.132588 -2.375746 0.355534
v -9.124031 -2.299987 0.367277
v -9.129312 -2.283109 0.391380
v -9.121179 -2.174681 0.376736
v -9.127513 -2.156641 0.404349
v -9.134787 -2.343378 0.326516
v -9.241458 -2.293962 0.125270
v -9.196763 -2.279933 0.201122
v -9.286903 -2.282354 0.049419
v -9.341239 -2.400674 -0.019459
v -9.330284 -2.252081 -0.021013
v -9.357467 -2.503506 -0.018526
v -9.380920 -2.562616 -0.019355
v -9.158516 -2.247585 0.271554
v -9.407344 -2.581007 -0.020184
v -9.407344 -2.581007 -0.020184
v -9.134709 -1.990121 0.409207
v -9.156147 -1.987252 0.418755
v -9.187071 -1.993565 0.409207
v -9.187071 -1.993565 0.409207
v -9.127322 -2.003057 0.380571
v -9.134709 -1.990121 0.409207
v -9.223108 -2.008721 0.380571
v -9.260876 -2.031424 0.333632
v -9.334693 -2.282354 0.201122
v -9.372977 -2.458836 0.125270
v -9.300104 -2.055784 0.272279
v -9.408442 -2.554329 0.049730
v -9.431375 -2.560926 -0.019355
v -9.132080 -2.208313 0.331429
v -9.137321 -2.025463 0.333632
v -9.238821 -2.081835 0.125270
v -9.280685 -2.074844 0.049328
v -9.197731 -2.072328 0.201212
v -9.321490 -2.055784 -0.021739
v -9.370554 -2.213992 -0.080889
v -9.380122 -2.348349 -0.075976
v -9.360719 -2.031424 -0.083091
v -9.393764 -2.436173 -0.072563
v -9.416469 -2.479984 -0.075661
v -9.380920 -2.562616 -0.019355
v -9.407344 -2.581007 -0.020184
v -9.416469 -2.479984 -0.075661
v -9.162231 -2.051093 0.272279
v -9.441811 -2.491825 -0.078372
v -9.431375 -2.560926 -0.019355
v -9.148633 -1.771264 0.409901
v -9.140102 -1.778081 0.381119
v -9.148633 -1.771264 0.409901
v -9.170543 -1.770336 0.419496
v -9.201276 -1.774735 0.409901
v -9.201276 -1.774735 0.409901
v -9.148182 -1.790358 0.333947
v -9.236405 -1.783788 0.381119
v -9.272394 -1.796359 0.333947
v -9.380136 -2.293962 0.125270
v -9.340911 -2.074844 0.201212
v -9.420398 -2.440331 0.049613
v -9.308802 -1.809336 0.272383
v -9.449757 -2.500434 -0.018526
v -9.462455 -2.477845 -0.075661
v -9.462455 -2.477845 -0.075661
v -9.170205 -1.804617 0.272383
v -9.275824 -1.819172 0.049315
v -9.238444 -1.822367 0.125270
v -9.312793 -1.809336 -0.021842
v -9.201842 -1.816642 0.201225
v -9.349202 -1.796360 -0.083406
v -9.408234 -2.180049 -0.126195
v -9.398485 -2.008721 -0.130030
v -9.414272 -2.304656 -0.116737
v -9.385189 -1.783788 -0.130578
v -9.416755 -2.379599 -0.104993
v -9.438841 -2.387255 -0.116189
v -9.438841 -2.387255 -0.116189
v -9.463980 -2.389874 -0.121813
v -9.167151 -1.493243 0.409537
v -9.157025 -1.495855 0.380791
v -9.167151 -1.493243 0.409537
v -9.162330 -1.501483 0.333679
v -9.189558 -1.493716 0.419119
v -9.219726 -1.496706 0.409537
v -9.219726 -1.496706 0.409537
v -9.180459 -1.508401 0.272195
v -9.253206 -1.501547 0.380791
v -9.286383 -1.507469 0.333679
v -9.424832 -2.279933 0.049419
v -9.382773 -2.081835 0.125270
v -9.345771 -1.819172 0.201225
v -9.460268 -2.396687 -0.019459
v -9.318878 -1.513108 0.272195
v -9.477099 -2.432356 -0.072563
v -9.481703 -2.384858 -0.116189
v -9.481703 -2.384858 -0.116189
v -9.207285 -1.514491 0.201128
v -9.270565 -1.517014 0.049413
v -9.302716 -1.513108 -0.021654
v -9.238537 -1.517774 0.125270
v -9.335212 -1.507469 -0.083139
v -9.368390 -1.501547 -0.130250
v -9.434525 -1.993565 -0.158667
v -9.443705 -2.159898 -0.153809
v -9.420319 -1.774735 -0.159361
v -9.446335 -2.285942 -0.140839
v -9.401869 -1.496706 -0.158996
v -9.473971 -2.281226 -0.148997
v -9.446335 -2.285942 -0.140839
v -9.492283 -2.283109 -0.140839
v -9.189601 -1.169077 0.406986
v -9.177553 -1.169462 0.378498
v -9.189601 -1.169077 0.406986
v -9.179440 -1.171558 0.331809
v -9.192878 -1.174576 0.270876
v -9.212472 -1.170270 0.416482
v -9.241708 -1.172478 0.406986
v -9.241708 -1.172478 0.406986
v -9.214075 -1.177513 0.200447
v -9.272871 -1.175052 0.378498
v -9.302383 -1.177437 0.331809
v -9.463078 -2.247585 -0.021013
v -9.423865 -2.072328 0.049328
v -9.383150 -1.822367 0.125270
v -9.351031 -1.517014 0.201128
v -9.486809 -2.343378 -0.075976
v -9.330057 -1.179199 0.270876
v -9.489006 -2.375746 -0.104993
v -9.497565 -2.299987 -0.116737
v -9.492283 -2.283109 -0.140839
v -9.239185 -1.179490 0.125270
v -9.291538 -1.179199 -0.020335
v -9.265064 -1.179991 0.050094
v -9.319211 -1.177437 -0.081268
v -9.348723 -1.175052 -0.127957
v -9.379889 -1.172478 -0.156445
v -9.434525 -1.993565 -0.158667
v -9.465449 -1.987252 -0.168215
v -9.451052 -1.770336 -0.168955
v -9.420319 -1.774735 -0.159361
v -9.443705 -2.159898 -0.153809
v -9.473766 -2.152767 -0.163033
v -9.432038 -1.493716 -0.168578
v -9.401869 -1.496706 -0.158996
v -9.409122 -1.170270 -0.165941
v -9.379889 -1.172478 -0.156445
v -9.494081 -2.156641 -0.153809
v -9.500418 -2.174681 -0.126195
v -9.494081 -2.156641 -0.153809
v -9.177553 -1.169462 0.378498
v -9.201045 -0.816193 0.372273
v -9.215021 -0.816695 0.400060
v -9.199221 -0.816836 0.326732
v -9.201045 -0.816193 0.372273
v -9.207493 -0.818232 0.267297
v -9.222522 -0.819848 0.198599
v -9.238070 -0.818122 0.409323
v -9.265852 -0.819930 0.400060
v -9.265852 -0.819930 0.400060
v -9.240946 -0.821251 0.125271
v -9.294030 -0.821512 0.372273
v -9.319146 -0.822429 0.326732
v -9.459363 -2.051093 -0.021739
v -9.489515 -2.208313 -0.080889
v -9.419752 -1.816642 0.049315
v -9.383059 -1.517774 0.125270
v -9.356531 -1.179991 0.200447
v -9.341303 -0.822631 0.267297
v -9.260119 -0.822206 0.051942
v -9.302448 -0.822429 -0.076191
v -9.280293 -0.822631 -0.016756
v -9.327566 -0.821512 -0.121732
v -9.355742 -0.819930 -0.149519
v -9.383525 -0.818122 -0.158782
v -9.355742 -0.819930 -0.149519
v -9.472961 -1.771264 -0.159361
v -9.486885 -1.990121 -0.158667
v -9.454445 -1.493243 -0.158996
v -9.431993 -1.169077 -0.156445
v -9.406574 -0.816694 -0.149519
v -9.494272 -2.003057 -0.130030
v -9.486885 -1.990121 -0.158667
v -9.484275 -2.025463 -0.083091
v -9.226185 -0.453291 0.360150
v -9.220818 -0.453534 0.316844
v -9.226185 -0.453291 0.360150
v -9.241690 -0.453972 0.386574
v -9.223938 -0.454442 0.260326
v -9.232732 -0.455631 0.195000
v -9.244374 -0.456794 0.125271
v -9.264350 -0.455342 0.395382
v -9.290035 -0.456898 0.386574
v -9.290035 -0.456898 0.386574
v -9.256727 -0.457763 0.055541
v -9.314618 -0.458101 0.360150
v -9.334869 -0.458593 0.316844
v -9.451389 -1.804617 -0.021842
v -9.414310 -1.514491 0.049413
v -9.382409 -1.179490 0.125270
v -9.361477 -0.822206 0.198599
v -9.351186 -0.458419 0.260326
v -9.270409 -0.458419 -0.009785
v -9.306976 -0.458101 -0.109609
v -9.286725 -0.458593 -0.066303
v -9.331561 -0.456898 -0.136033
v -9.357246 -0.455342 -0.144841
v -9.331561 -0.456898 -0.136033
v -9.379905 -0.453972 -0.136033
v -9.472961 -1.771264 -0.159361
v -9.481492 -1.778081 -0.130578
v -9.464569 -1.495855 -0.130250
v -9.454445 -1.493243 -0.158996
v -9.444042 -1.169462 -0.127957
v -9.431993 -1.169077 -0.156445
v -9.444042 -1.169462 -0.127957
v -9.420549 -0.816193 -0.121732
v -9.395411 -0.453291 -0.109609
v -9.473414 -1.790358 -0.083406
v -9.250795 -0.100245 0.341048
v -9.242670 -0.099775 0.301314
v -9.250795 -0.100245 0.341048
v -9.241342 -0.099512 0.249392
v -9.267024 -0.100454 0.365215
v -9.244511 -0.099995 0.189358
v -9.249940 -0.100877 0.125271
v -9.256014 -0.101790 0.061183
v -9.288505 -0.101177 0.373242
v -9.311377 -0.102919 0.365215
v -9.311377 -0.102919 0.365215
v -9.263641 -0.102861 0.001149
v -9.331903 -0.104297 0.341048
v -9.347230 -0.104035 0.301314
v -9.441137 -1.508401 -0.021654
v -9.407521 -1.177513 0.050094
v -9.380650 -0.821251 0.125271
v -9.364867 -0.457763 0.195000
v -9.357955 -0.102861 0.249392
v -9.274364 -0.104035 -0.050772
v -9.310220 -0.102919 -0.114674
v -9.289692 -0.104297 -0.090506
v -9.333091 -0.101177 -0.122701
v -9.310220 -0.102919 -0.114674
v -9.354571 -0.100454 -0.114674
v -9.370799 -0.100245 -0.090506
v -9.459267 -1.501483 -0.083139
v -9.442154 -1.171558 -0.081268
v -9.422376 -0.816836 -0.076191
v -9.420549 -0.816193 -0.121732
v -9.400779 -0.453534 -0.066303
v -9.395411 -0.453291 -0.109609
v -9.378926 -0.099774 -0.050772
v -9.370799 -0.100245 -0.090506
v -9.271914 0.214276 0.317413
v -9.262519 0.218557 0.282386
v -9.271914 0.214276 0.317413
v -9.258309 0.225222 0.236148
v -9.257246 0.227889 0.182542
v -9.287831 0.217425 0.338168
v -9.257766 0.227654 0.125271
v -9.258832 0.226491 0.067999
v -9.261545 0.222611 0.014393
v -9.307403 0.220223 0.344858
v -9.326811 0.215503 0.338168
v -9.326811 0.215503 0.338168
v -9.267616 0.215232 -0.031845
v -9.343072 0.211110 0.317413
v -9.353980 0.215231 0.282386
v -9.428717 -1.174576 -0.020335
v -9.399073 -0.819848 0.051942
v -9.377220 -0.456794 0.125271
v -9.365581 -0.101790 0.189358
v -9.360049 0.222611 0.236148
v -9.278523 0.211110 -0.066872
v -9.314194 0.220223 -0.094317
v -9.294785 0.215503 -0.087626
v -9.294785 0.215503 -0.087626
v -9.333764 0.217425 -0.087626
v -9.349681 0.214276 -0.066872
v -9.359077 0.218557 -0.031845
v -9.349681 0.214276 -0.066872
v -9.414104 -0.818233 -0.016756
v -9.397657 -0.454442 -0.009785
v -9.380254 -0.099512 0.001149
v -9.363286 0.225222 0.014393
v -9.287872 0.460797 0.292838
v -9.279362 0.476350 0.263356
v -9.287872 0.460797 0.292838
v -9.274258 0.498401 0.222905
v -9.270669 0.507990 0.175727
v -9.267890 0.508933 0.125271
v -9.302279 0.474351 0.308252
v -9.265520 0.506993 0.074814
v -9.264748 0.496536 0.027636
v -9.267334 0.473957 -0.012815
v -9.319431 0.485924 0.312753
v -9.335129 0.472960 0.308252
v -9.335129 0.472960 0.308252
v -9.274479 0.458500 -0.042296
v -9.347116 0.458500 0.292838
v -9.354260 0.473957 0.263356
v -9.388865 -0.455631 0.055541
v -9.371655 -0.100877 0.125271
v -9.362763 0.226491 0.182542
v -9.356848 0.496536 0.222905
v -9.286466 0.472960 -0.057711
v -9.319315 0.474351 -0.057711
v -9.302163 0.485924 -0.062212
v -9.286466 0.472960 -0.057711
v -9.333724 0.460797 -0.042296
v -9.342235 0.476350 -0.012815
v -9.333724 0.460797 -0.042296
v -9.347337 0.498401 0.027636
v -9.377084 -0.099995 0.061183
v -9.364348 0.227889 0.067999
v -9.350927 0.507990 0.074814
v -9.297490 0.607753 0.273757
v -9.294273 0.660970 0.248992
v -9.297490 0.607753 0.273757
v -9.289753 0.703731 0.212365
v -9.284980 0.720898 0.170134
v -9.280352 0.723090 0.125271
v -9.275980 0.720269 0.080408
v -9.309538 0.658133 0.276897
v -9.272981 0.702545 0.038177
v -9.272904 0.659412 0.001550
v -9.275501 0.606083 -0.023216
v -9.324831 0.683107 0.278345
v -9.319431 0.485924 0.312753
v -9.324831 0.683107 0.278345
v -9.338071 0.657132 0.276897
v -9.283524 0.657132 -0.026355
v -9.346095 0.606083 0.273757
v -9.348692 0.659412 0.248992
v -9.363829 0.227654 0.125271
v -9.356074 0.506993 0.175727
v -9.348616 0.702545 0.212365
v -9.302163 0.485924 -0.062212
v -9.296764 0.683107 -0.027804
v -9.312057 0.658133 -0.026355
v -9.324105 0.607753 -0.023216
v -9.296764 0.683107 -0.027804
v -9.327322 0.660970 0.001550
v -9.324105 0.607753 -0.023216
v -9.331843 0.703731 0.038177
v -9.336615 0.720898 0.080408
v -9.353705 0.508933 0.125271
v -9.341244 0.723090 0.125271
v -9.309546 0.769822 0.243439
v -9.294273 0.660970 0.248992
v -9.305654 0.828594 0.206630
v -9.309546 0.769822 0.243439
v -9.300451 0.850551 0.166763
v -9.294982 0.853572 0.125271
v -9.289634 0.850248 0.083778
v -9.285275 0.828017 0.043911
v -9.324888 0.806397 0.242505
v -9.283161 0.769032 0.007102
v -9.338433 0.769032 0.243439
v -9.324888 0.806397 0.242505
v -9.345615 0.720269 0.170134
v -9.336321 0.828017 0.206630
v -9.296707 0.806397 0.008036
v -9.296707 0.806397 0.008036
v -9.312049 0.769822 0.007102
v -9.327322 0.660970 0.001550
v -9.315941 0.828594 0.043911
v -9.312049 0.769822 0.007102
v -9.321145 0.850551 0.083778
v -9.326613 0.853572 0.125271
v -9.331963 0.850248 0.166763
v -9.321558 0.870118 0.205024
v -9.305654 0.828594 0.206630
v -9.316469 0.893683 0.165678
v -9.321558 0.870118 0.205024
v -9.310798 0.897065 0.125271
v -9.305125 0.893683 0.084864
v -9.300037 0.870118 0.045518
v -9.321558 0.870118 0.205024
v -9.300037 0.870118 0.045518
v -9.315941 0.828594 0.043911
v -9.305125 0.893683 0.084864
v -9.300037 0.870118 0.045518
v -9.310798 0.897065 0.125271
v -9.316469 0.893683 0.165678
vt 0.024923 -0.020393 0.000000
vt 0.053549 0.091622 0.000000
vt 0.000000 0.000000 0.000000
vt -0.026891 -0.112443 0.000000
vt 0.024819 -0.013180 0.000000
vt 0.000000 0.000000 0.000000
vt 0.056644 -0.061432 0.000000
vt 0.010175 0.029630 0.000000
vt 0.000000 0.000000 0.000000
vt -0.048645 -0.098103 0.000000
vt 0.023769 -0.021728 0.000000
vt 0.000000 0.000000 0.000000
vt 0.018795 0.025064 0.000000
vt -0.011660 0.111316 0.000000
vt 0.000000 0.000000 0.000000
vt 0.009438 0.033236 0.000000
vt -0.048598 0.093355 0.000000
vt 0.000000 0.000000 0.000000
vt -0.015476 -0.103432 0.000000
vt 0.024689 -0.007889 0.000000
vt 0.000000 0.000000 0.000000
vt 0.025134 -0.012569 0.000000
vt 0.032461 0.098427 0.000000
vt 0.000000 0.000000 0.000000
vt 0.020403 -0.045036 0.000000
vt 0.037401 0.058156 0.000000
vt 0.000000 0.000000 0.000000
vt -0.043123 -0.130859 0.000000
vt 0.019716 -0.045341 0.000000
vt 0.000000 0.000000 0.000000
vt 0.018217 -0.060933 0.000000
vt 0.062876 0.069410 0.000000
vt 0.000000 0.000000 0.000000
vt -0.063780 -0.124387 0.000000
vt 0.017144 -0.061244 0.000000
vt 0.000000 0.000000 0.000000
vt 0.023128 -0.025810 0.000000
vt 0.073953 0.071181 0.000000
vt 0.000000 0.000000 0.000000
vt -0.006720 -0.111034 0.000000
vt 0.025741 -0.002780 0.000000
vt 0.000000 0.000000 0.000000
vt 0.019719 0.015497 0.000000
vt 0.000702 0.113014 0.000000
vt 0.000000 0.000000 0.000000
vt 0.028411 -0.086946 0.000000
vt 0.017877 0.017590 0.000000
vt 0.000000 0.000000 0.000000
vt -0.006851 0.070984 0.000000
vt -0.079619 0.064129 0.000000
vt 0.000000 0.000000 0.000000
vt 0.080083 0.047646 0.000000
vt -0.009993 0.070610 0.000000
vt 0.000000 0.000000 0.000000
vt -0.010838 0.073123 0.000000
vt -0.090871 0.025393 0.000000
vt 0.000000 0.000000 0.000000
vt 0.079756 -0.002208 0.000000
vt -0.007485 0.033729 0.000000
vt 0.000000 0.000000 0.000000
vt 0.072767 0.006870 0.000000
vt -0.005469 0.062992 0.000000
vt 0.000000 0.000000 0.000000
vt -0.001032 0.063220 0.000000
vt -0.059158 0.086828 0.000000
vt 0.000000 0.000000 0.000000
vt -0.007764 0.034492 0.000000
vt -0.087520 0.036699 0.000000
vt 0.000000 0.000000 0.000000
vt -0.069582 -0.060933 0.000000
vt 0.019629 -0.028561 0.000000
vt 0.000000 0.000000 0.000000
vt -0.043529 -0.095062 0.000000
vt -0.018803 -0.102833 0.000000
vt 0.000000 0.000000 0.000000
vt -0.041982 -0.108583 0.000000
vt -0.016230 -0.111264 0.000000
vt 0.000000 0.000000 0.000000
vt -0.013391 -0.103677 0.000000
vt 0.028798 0.004826 0.000000
vt 0.000000 0.000000 0.000000
vt -0.045270 -0.132738 0.000000
vt -0.006274 -0.075639 0.000000
vt 0.000000 0.000000 0.000000
vt -0.004299 -0.075777 0.000000
vt 0.040014 0.018922 0.000000
vt 0.000000 0.000000 0.000000
vt 0.007514 -0.088625 0.000000
vt 0.052846 0.044091 0.000000
vt 0.000000 0.000000 0.000000
vt -0.057746 -0.156693 0.000000
vt 0.006653 -0.088694 0.000000
vt 0.000000 0.000000 0.000000
vt 0.009732 -0.103653 0.000000
vt 0.068279 0.052742 0.000000
vt 0.000000 0.000000 0.000000
vt -0.072160 -0.156634 0.000000
vt 0.009292 -0.103693 0.000000
vt 0.000000 0.000000 0.000000
vt 0.015640 -0.069623 0.000000
vt 0.080679 0.054111 0.000000
vt 0.000000 0.000000 0.000000
vt 0.018881 -0.029891 0.000000
vt 0.089385 0.029972 0.000000
vt 0.000000 0.000000 0.000000
vt -0.076820 -0.094355 0.000000
vt 0.014236 -0.069923 0.000000
vt 0.000000 0.000000 0.000000
vt -0.019273 -0.110410 0.000000
vt -0.000726 -0.105223 0.000000
vt 0.000000 0.000000 0.000000
vt 0.001210 -0.112435 0.000000
vt 0.020040 -0.001949 0.000000
vt 0.000000 0.000000 0.000000
vt 0.018185 -0.097676 0.000000
vt 0.018436 0.005569 0.000000
vt 0.000000 0.000000 0.000000
vt 0.058062 -0.023764 0.000000
vt 0.001736 0.047857 0.000000
vt 0.000000 0.000000 0.000000
vt 0.006277 0.047475 0.000000
vt -0.035234 0.097047 0.000000
vt 0.000000 0.000000 0.000000
vt -0.073986 -0.060359 0.000000
vt 0.005644 -0.114484 0.000000
vt 0.000000 0.000000 0.000000
vt 0.006262 -0.114452 0.000000
vt 0.089276 -0.018579 0.000000
vt 0.000000 0.000000 0.000000
vt -0.082895 -0.095976 0.000000
vt 0.007340 -0.118304 0.000000
vt 0.000000 0.000000 0.000000
vt 0.007691 -0.118282 0.000000
vt 0.089637 0.016419 0.000000
vt 0.000000 0.000000 0.000000
vt 0.077352 0.093920 0.000000
vt -0.013061 0.072759 0.000000
vt 0.000000 0.000000 0.000000
vt -0.081576 -0.134925 0.000000
vt 0.008949 -0.114252 0.000000
vt 0.000000 0.000000 0.000000
vt -0.014237 0.069922 0.000000
vt -0.091056 -0.024434 0.000000
vt 0.000000 0.000000 0.000000
vt 0.070504 0.059865 0.000000
vt -0.018882 0.029890 0.000000
vt 0.000000 0.000000 0.000000
vt -0.055612 -0.035819 0.000000
vt 0.004628 -0.104180 0.000000
vt 0.000000 0.000000 0.000000
vt 0.005650 -0.104130 0.000000
vt 0.079665 -0.043806 0.000000
vt 0.000000 0.000000 0.000000
vt -0.019630 0.028562 0.000000
vt -0.089212 -0.032372 0.000000
vt 0.000000 0.000000 0.000000
vt -0.079756 0.002207 0.000000
vt 0.007765 -0.034491 0.000000
vt 0.000000 0.000000 0.000000
vt -0.032352 -0.133917 0.000000
vt -0.003540 -0.129175 0.000000
vt 0.000000 0.000000 0.000000
vt -0.045218 -0.145433 0.000000
vt -0.005146 -0.126632 0.000000
vt 0.000000 0.000000 0.000000
vt -0.000978 -0.126733 0.000000
vt 0.031434 0.007170 0.000000
vt 0.000000 0.000000 0.000000
vt -0.016529 -0.125203 0.000000
vt 0.003517 -0.127096 0.000000
vt 0.000000 0.000000 0.000000
vt 0.005770 -0.129095 0.000000
vt 0.022310 -0.003893 0.000000
vt 0.000000 0.000000 0.000000
vt -0.000595 -0.125109 0.000000
vt 0.044916 0.020233 0.000000
vt 0.000000 0.000000 0.000000
vt -0.055632 -0.168944 0.000000
vt -0.002594 -0.125084 0.000000
vt 0.000000 0.000000 0.000000
vt -0.066465 -0.187258 0.000000
vt 0.002011 -0.134772 0.000000
vt 0.000000 0.000000 0.000000
vt 0.002804 -0.134758 0.000000
vt 0.058868 0.034043 0.000000
vt 0.000000 0.000000 0.000000
vt 0.009207 -0.114232 0.000000
vt 0.082042 0.042089 0.000000
vt 0.000000 0.000000 0.000000
vt -0.077164 -0.190837 0.000000
vt 0.004966 -0.148922 0.000000
vt 0.000000 0.000000 0.000000
vt 0.005167 -0.148915 0.000000
vt 0.072114 0.038172 0.000000
vt 0.000000 0.000000 0.000000
vt 0.013061 -0.072759 0.000000
vt 0.090412 0.021161 0.000000
vt 0.000000 0.000000 0.000000
vt -0.081576 -0.134925 0.000000
vt 0.008949 -0.114252 0.000000
vt 0.000000 0.000000 0.000000
vt 0.007485 -0.033727 0.000000
vt 0.087241 -0.035935 0.000000
vt 0.000000 0.000000 0.000000
vt -0.080033 -0.047731 0.000000
vt 0.010838 -0.073123 0.000000
vt 0.000000 0.000000 0.000000
vt 0.040015 -0.050787 0.000000
vt 0.012916 0.009743 0.000000
vt 0.000000 0.000000 0.000000
vt -0.006578 -0.086091 0.000000
vt 0.006700 -0.076848 0.000000
vt 0.000000 0.000000 0.000000
vt 0.019745 -0.103357 0.000000
vt 0.024489 -0.017145 0.000000
vt 0.000000 0.000000 0.000000
vt -0.016171 -0.108517 0.000000
vt 0.008493 -0.125408 0.000000
vt 0.000000 0.000000 0.000000
vt 0.012119 -0.126566 0.000000
vt 0.028322 -0.018054 0.000000
vt 0.000000 0.000000 0.000000
vt -0.028920 -0.032530 0.000000
vt 0.005160 -0.089423 0.000000
vt 0.000000 0.000000 0.000000
vt 0.006642 -0.089325 0.000000
vt 0.062260 -0.053516 0.000000
vt 0.000000 0.000000 0.000000
vt -0.085532 -0.146469 0.000000
vt 0.003757 -0.164987 0.000000
vt 0.000000 0.000000 0.000000
vt 0.002404 -0.160441 0.000000
vt 0.088039 -0.014032 0.000000
vt 0.000000 0.000000 0.000000
vt -0.077410 -0.116785 0.000000
vt 0.002336 -0.160442 0.000000
vt 0.000000 0.000000 0.000000
vt -0.084467 -0.176722 0.000000
vt 0.005180 -0.160360 0.000000
vt 0.000000 0.000000 0.000000
vt 0.003710 -0.164988 0.000000
vt 0.088422 0.011616 0.000000
vt 0.000000 0.000000 0.000000
vt -0.077164 -0.190837 0.000000
vt 0.004966 -0.148922 0.000000
vt 0.000000 0.000000 0.000000
vt 0.009207 -0.114231 0.000000
vt 0.082042 0.042089 0.000000
vt 0.000000 0.000000 0.000000
vt 0.005142 -0.160361 0.000000
vt 0.082705 0.030314 0.000000
vt 0.000000 0.000000 0.000000
vt 0.065038 0.123732 0.000000
vt -0.015641 0.069622 0.000000
vt 0.000000 0.000000 0.000000
vt -0.072160 -0.156633 0.000000
vt 0.009292 -0.103693 0.000000
vt 0.000000 0.000000 0.000000
vt -0.017144 0.061244 0.000000
vt -0.080924 -0.063141 0.000000
vt 0.000000 0.000000 0.000000
vt 0.050824 0.096991 0.000000
vt -0.023128 0.025811 0.000000
vt 0.000000 0.000000 0.000000
vt 0.002699 -0.149111 0.000000
vt 0.080146 -0.032351 0.000000
vt 0.000000 0.000000 0.000000
vt -0.059854 -0.095801 0.000000
vt 0.002581 -0.149114 0.000000
vt 0.000000 0.000000 0.000000
vt -0.023770 0.021728 0.000000
vt -0.072413 -0.076375 0.000000
vt 0.000000 0.000000 0.000000
vt -0.058037 0.060118 0.000000
vt -0.009436 -0.033235 0.000000
vt 0.000000 0.000000 0.000000
vt -0.013754 -0.162652 0.000000
vt 0.008559 -0.166527 0.000000
vt 0.000000 0.000000 0.000000
vt 0.009705 -0.165521 0.000000
vt 0.023468 -0.002869 0.000000
vt 0.000000 0.000000 0.000000
vt -0.024937 -0.172815 0.000000
vt 0.006505 -0.165677 0.000000
vt 0.000000 0.000000 0.000000
vt 0.007402 -0.166492 0.000000
vt 0.032363 0.006319 0.000000
vt 0.000000 0.000000 0.000000
vt -0.040440 -0.186779 0.000000
vt 0.004498 -0.166596 0.000000
vt 0.000000 0.000000 0.000000
vt -0.023314 -0.153656 0.000000
vt 0.005011 -0.171704 0.000000
vt 0.000000 0.000000 0.000000
vt 0.006413 -0.166623 0.000000
vt 0.029571 -0.012944 0.000000
vt 0.000000 0.000000 0.000000
vt 0.005400 -0.171563 0.000000
vt 0.046023 0.015176 0.000000
vt 0.000000 0.000000 0.000000
vt -0.055284 -0.205608 0.000000
vt 0.003611 -0.171610 0.000000
vt 0.000000 0.000000 0.000000
vt 0.004616 -0.182788 0.000000
vt 0.060236 0.022730 0.000000
vt 0.000000 0.000000 0.000000
vt -0.068220 -0.220943 0.000000
vt 0.003912 -0.182804 0.000000
vt 0.000000 0.000000 0.000000
vt 0.005143 -0.160361 0.000000
vt 0.082706 0.030314 0.000000
vt 0.000000 0.000000 0.000000
vt -0.084467 -0.176722 0.000000
vt 0.005181 -0.160360 0.000000
vt 0.000000 0.000000 0.000000
vt 0.007692 -0.118282 0.000000
vt 0.089638 0.016419 0.000000
vt 0.000000 0.000000 0.000000
vt 0.004228 -0.196450 0.000000
vt 0.072815 0.024379 0.000000
vt 0.000000 0.000000 0.000000
vt -0.078604 -0.226749 0.000000
vt 0.004108 -0.196452 0.000000
vt 0.000000 0.000000 0.000000
vt 0.009993 -0.070611 0.000000
vt 0.090077 -0.022964 0.000000
vt 0.000000 0.000000 0.000000
vt -0.082895 -0.095976 0.000000
vt 0.007341 -0.118304 0.000000
vt 0.000000 0.000000 0.000000
vt -0.072768 -0.006856 0.000000
vt 0.006851 -0.070985 0.000000
vt 0.000000 0.000000 0.000000
vt -0.010172 -0.029630 0.000000
vt 0.046474 -0.091060 0.000000
vt 0.000000 0.000000 0.000000
vt 0.013024 -0.076032 0.000000
vt 0.041994 -0.043547 0.000000
vt 0.000000 0.000000 0.000000
vt -0.036728 -0.091679 0.000000
vt 0.005426 -0.135072 0.000000
vt 0.000000 0.000000 0.000000
vt 0.009861 -0.125308 0.000000
vt 0.046599 -0.033633 0.000000
vt 0.000000 0.000000 0.000000
vt -0.045798 -0.149288 0.000000
vt 0.000790 -0.182937 0.000000
vt 0.000000 0.000000 0.000000
vt 0.002343 -0.171761 0.000000
vt 0.047984 -0.022424 0.000000
vt 0.000000 0.000000 0.000000
vt 0.005587 -0.135066 0.000000
vt 0.065452 -0.039272 0.000000
vt 0.000000 0.000000 0.000000
vt -0.086705 -0.198110 0.000000
vt 0.001335 -0.212139 0.000000
vt 0.000000 0.000000 0.000000
vt 0.001275 -0.212140 0.000000
vt 0.086717 0.006991 0.000000
vt 0.000000 0.000000 0.000000
vt -0.085287 -0.219191 0.000000
vt 0.003136 -0.207579 0.000000
vt 0.000000 0.000000 0.000000
vt -0.080531 -0.175258 0.000000
vt -0.000384 -0.207607 0.000000
vt 0.000000 0.000000 0.000000
vt -0.000381 -0.207607 0.000000
vt 0.086346 -0.009507 0.000000
vt 0.000000 0.000000 0.000000
vt 0.003050 -0.207581 0.000000
vt 0.081947 0.019067 0.000000
vt 0.000000 0.000000 0.000000
vt -0.078603 -0.226749 0.000000
vt 0.004108 -0.196452 0.000000
vt 0.000000 0.000000 0.000000
vt 0.005167 -0.148915 0.000000
vt 0.072114 0.038172 0.000000
vt 0.000000 0.000000 0.000000
vt -0.066464 -0.187259 0.000000
vt 0.002013 -0.134772 0.000000
vt 0.000000 0.000000 0.000000
vt 0.009732 -0.103653 0.000000
vt 0.068280 0.052743 0.000000
vt 0.000000 0.000000 0.000000
vt 0.004229 -0.196450 0.000000
vt 0.072815 0.024379 0.000000
vt 0.000000 0.000000 0.000000
vt -0.068220 -0.220943 0.000000
vt 0.003912 -0.182804 0.000000
vt 0.000000 0.000000 0.000000
vt -0.057747 -0.156693 0.000000
vt 0.006652 -0.088694 0.000000
vt 0.000000 0.000000 0.000000
vt 0.044659 0.130343 0.000000
vt -0.018217 0.060933 0.000000
vt 0.000000 0.000000 0.000000
vt 0.028622 0.112015 0.000000
vt -0.024925 0.020392 0.000000
vt 0.000000 0.000000 0.000000
vt -0.019715 0.045341 0.000000
vt -0.062839 -0.085518 0.000000
vt 0.000000 0.000000 0.000000
vt -0.001029 -0.196526 0.000000
vt 0.079439 -0.021239 0.000000
vt 0.000000 0.000000 0.000000
vt -0.066326 -0.157248 0.000000
vt -0.000878 -0.196527 0.000000
vt 0.000000 0.000000 0.000000
vt -0.024821 0.013180 0.000000
vt -0.051709 -0.099264 0.000000
vt 0.000000 0.000000 0.000000
vt -0.030457 0.086251 0.000000
vt -0.018793 -0.025065 0.000000
vt 0.000000 0.000000 0.000000
vt -0.010480 -0.216046 0.000000
vt 0.012987 -0.218916 0.000000
vt 0.000000 0.000000 0.000000
vt -0.026137 -0.212358 0.000000
vt 0.003428 -0.225313 0.000000
vt 0.000000 0.000000 0.000000
vt 0.004441 -0.219256 0.000000
vt 0.030018 -0.006829 0.000000
vt 0.000000 0.000000 0.000000
vt 0.013479 -0.216977 0.000000
vt 0.023918 -0.000929 0.000000
vt 0.000000 0.000000 0.000000
vt -0.018806 -0.223287 0.000000
vt 0.013558 -0.216972 0.000000
vt 0.000000 0.000000 0.000000
vt -0.035207 -0.234194 0.000000
vt 0.010819 -0.219025 0.000000
vt 0.000000 0.000000 0.000000
vt 0.013368 -0.218884 0.000000
vt 0.032196 0.004401 0.000000
vt 0.000000 0.000000 0.000000
vt -0.050162 -0.212916 0.000000
vt -0.002181 -0.235346 0.000000
vt 0.000000 0.000000 0.000000
vt -0.001801 -0.225332 0.000000
vt 0.047854 -0.012297 0.000000
vt 0.000000 0.000000 0.000000
vt -0.052140 -0.247909 0.000000
vt 0.008097 -0.225181 0.000000
vt 0.000000 0.000000 0.000000
vt 0.010007 -0.225104 0.000000
vt 0.045414 0.009059 0.000000
vt 0.000000 0.000000 0.000000
vt 0.006815 -0.235248 0.000000
vt 0.059331 0.012582 0.000000
vt 0.000000 0.000000 0.000000
vt -0.066738 -0.259649 0.000000
vt 0.006077 -0.235268 0.000000
vt 0.000000 0.000000 0.000000
vt 0.003709 -0.164988 0.000000
vt 0.088421 0.011616 0.000000
vt 0.000000 0.000000 0.000000
vt -0.085286 -0.219191 0.000000
vt 0.003136 -0.207579 0.000000
vt 0.000000 0.000000 0.000000
vt 0.003051 -0.207581 0.000000
vt 0.081948 0.019067 0.000000
vt 0.000000 0.000000 0.000000
vt -0.085532 -0.146469 0.000000
vt 0.003756 -0.164987 0.000000
vt 0.000000 0.000000 0.000000
vt 0.006261 -0.114452 0.000000
vt 0.089275 -0.018579 0.000000
vt 0.000000 0.000000 0.000000
vt 0.004380 -0.246562 0.000000
vt 0.071522 0.012983 0.000000
vt 0.000000 0.000000 0.000000
vt -0.077652 -0.265633 0.000000
vt 0.004295 -0.246564 0.000000
vt 0.000000 0.000000 0.000000
vt 0.005469 -0.062992 0.000000
vt 0.078235 -0.056122 0.000000
vt 0.000000 0.000000 0.000000
vt -0.073987 -0.060359 0.000000
vt 0.005644 -0.114484 0.000000
vt 0.000000 0.000000 0.000000
vt -0.017876 -0.017591 0.000000
vt 0.010537 -0.104536 0.000000
vt 0.000000 0.000000 0.000000
vt -0.058126 0.023608 0.000000
vt 0.001032 -0.063221 0.000000
vt 0.000000 0.000000 0.000000
vt 0.000000 -0.182938 0.000000
vt 0.066212 -0.025642 0.000000
vt 0.000000 0.000000 0.000000
vt -0.069202 -0.220945 0.000000
vt -0.002990 -0.246586 0.000000
vt 0.000000 0.000000 0.000000
vt -0.003460 -0.235331 0.000000
vt 0.065381 -0.014273 0.000000
vt 0.000000 0.000000 0.000000
vt -0.084375 -0.262700 0.000000
vt 0.002342 -0.255708 0.000000
vt 0.000000 0.000000 0.000000
vt 0.000166 -0.259468 0.000000
vt 0.084654 0.003195 0.000000
vt 0.000000 0.000000 0.000000
vt -0.086166 -0.249961 0.000000
vt 0.000179 -0.259468 0.000000
vt 0.000000 0.000000 0.000000
vt -0.077651 -0.265633 0.000000
vt 0.004295 -0.246564 0.000000
vt 0.000000 0.000000 0.000000
vt 0.002239 -0.255709 0.000000
vt 0.080188 0.009837 0.000000
vt 0.000000 0.000000 0.000000
vt -0.001777 -0.255713 0.000000
vt 0.084314 -0.005725 0.000000
vt 0.000000 0.000000 0.000000
vt -0.081279 -0.234475 0.000000
vt -0.001840 -0.255712 0.000000
vt 0.000000 0.000000 0.000000
vt -0.066739 -0.259649 0.000000
vt 0.006076 -0.235268 0.000000
vt 0.000000 0.000000 0.000000
vt 0.004380 -0.246562 0.000000
vt 0.071523 0.012983 0.000000
vt 0.000000 0.000000 0.000000
vt -0.055283 -0.205609 0.000000
vt 0.003612 -0.171610 0.000000
vt 0.000000 0.000000 0.000000
vt 0.002806 -0.134758 0.000000
vt 0.058869 0.034043 0.000000
vt 0.000000 0.000000 0.000000
vt 0.004616 -0.182788 0.000000
vt 0.060236 0.022730 0.000000
vt 0.000000 0.000000 0.000000
vt -0.055631 -0.168944 0.000000
vt -0.002593 -0.125084 0.000000
vt 0.000000 0.000000 0.000000
vt 0.007513 -0.088625 0.000000
vt 0.052846 0.044091 0.000000
vt 0.000000 0.000000 0.000000
vt -0.052140 -0.247909 0.000000
vt 0.008096 -0.225181 0.000000
vt 0.000000 0.000000 0.000000
vt 0.006813 -0.235248 0.000000
vt 0.059330 0.012582 0.000000
vt 0.000000 0.000000 0.000000
vt 0.016998 0.103192 0.000000
vt -0.020402 0.045036 0.000000
vt 0.000000 0.000000 0.000000
vt -0.045272 -0.132737 0.000000
vt -0.006276 -0.075638 0.000000
vt 0.000000 0.000000 0.000000
vt 0.007325 0.110996 0.000000
vt -0.025136 0.012569 0.000000
vt 0.000000 0.000000 0.000000
vt -0.024689 0.007889 0.000000
vt -0.040164 -0.095543 0.000000
vt 0.000000 0.000000 0.000000
vt -0.003178 -0.246584 0.000000
vt 0.077873 -0.012030 0.000000
vt 0.000000 0.000000 0.000000
vt -0.025743 0.002780 0.000000
vt -0.032460 -0.108254 0.000000
vt 0.000000 0.000000 0.000000
vt -0.019018 0.097517 0.000000
vt -0.019718 -0.015497 0.000000
vt 0.000000 0.000000 0.000000
vt -0.007110 -0.277201 0.000000
vt 0.016809 -0.278129 0.000000
vt 0.000000 0.000000 0.000000
vt -0.025739 -0.275872 0.000000
vt 0.004279 -0.282701 0.000000
vt 0.000000 0.000000 0.000000
vt 0.005713 -0.278578 0.000000
vt 0.030477 -0.002617 0.000000
vt 0.000000 0.000000 0.000000
vt -0.050678 -0.276916 0.000000
vt -0.002823 -0.289208 0.000000
vt 0.000000 0.000000 0.000000
vt -0.002337 -0.282723 0.000000
vt 0.047408 -0.005638 0.000000
vt 0.000000 0.000000 0.000000
vt 0.017340 -0.276730 0.000000
vt 0.024369 0.000473 0.000000
vt 0.000000 0.000000 0.000000
vt -0.013918 -0.281070 0.000000
vt 0.018277 -0.276670 0.000000
vt 0.000000 0.000000 0.000000
vt -0.030820 -0.287319 0.000000
vt 0.014594 -0.278259 0.000000
vt 0.000000 0.000000 0.000000
vt 0.017704 -0.278078 0.000000
vt 0.031653 0.002991 0.000000
vt 0.000000 0.000000 0.000000
vt -0.069081 -0.282104 0.000000
vt -0.003699 -0.296370 0.000000
vt 0.000000 0.000000 0.000000
vt -0.004325 -0.289189 0.000000
vt 0.064101 -0.006926 0.000000
vt 0.000000 0.000000 0.000000
vt 0.013005 -0.282441 0.000000
vt 0.044128 0.004845 0.000000
vt 0.000000 0.000000 0.000000
vt -0.048750 -0.295128 0.000000
vt 0.010580 -0.282542 0.000000
vt 0.000000 0.000000 0.000000
vt -0.064082 -0.302121 0.000000
vt 0.007439 -0.289133 0.000000
vt 0.000000 0.000000 0.000000
vt 0.008318 -0.289109 0.000000
vt 0.057621 0.005927 0.000000
vt 0.000000 0.000000 0.000000
vt 0.002405 -0.160441 0.000000
vt 0.088040 -0.014032 0.000000
vt 0.000000 0.000000 0.000000
vt -0.086706 -0.198110 0.000000
vt 0.001335 -0.212139 0.000000
vt 0.000000 0.000000 0.000000
vt 0.001275 -0.212140 0.000000
vt 0.086716 0.006991 0.000000
vt 0.000000 0.000000 0.000000
vt 0.002238 -0.255709 0.000000
vt 0.080188 0.009837 0.000000
vt 0.000000 0.000000 0.000000
vt -0.084375 -0.262700 0.000000
vt 0.002340 -0.255708 0.000000
vt 0.000000 0.000000 0.000000
vt 0.005650 -0.104129 0.000000
vt 0.079665 -0.043805 0.000000
vt 0.000000 0.000000 0.000000
vt -0.077410 -0.116786 0.000000
vt 0.002337 -0.160442 0.000000
vt 0.000000 0.000000 0.000000
vt -0.075343 -0.306200 0.000000
vt 0.004845 -0.296360 0.000000
vt 0.000000 0.000000 0.000000
vt 0.004896 -0.296359 0.000000
vt 0.069543 0.005641 0.000000
vt 0.000000 0.000000 0.000000
vt -0.001736 -0.047857 0.000000
vt 0.056325 -0.071622 0.000000
vt 0.000000 0.000000 0.000000
vt -0.055612 -0.035818 0.000000
vt 0.004628 -0.104179 0.000000
vt 0.000000 0.000000 0.000000
vt -0.018436 -0.005569 0.000000
vt -0.000252 -0.103245 0.000000
vt 0.000000 0.000000 0.000000
vt -0.041510 0.049572 0.000000
vt -0.006277 -0.047475 0.000000
vt 0.000000 0.000000 0.000000
vt -0.080186 -0.290165 0.000000
vt -0.002312 -0.302192 0.000000
vt 0.000000 0.000000 0.000000
vt -0.003822 -0.296369 0.000000
vt 0.075961 -0.006092 0.000000
vt 0.000000 0.000000 0.000000
vt -0.082242 -0.305390 0.000000
vt 0.002412 -0.302194 0.000000
vt 0.000000 0.000000 0.000000
vt 0.002260 -0.302195 0.000000
vt 0.078001 0.003906 0.000000
vt 0.000000 0.000000 0.000000
vt -0.075343 -0.306200 0.000000
vt 0.004845 -0.296360 0.000000
vt 0.000000 0.000000 0.000000
vt -0.000036 -0.304593 0.000000
vt 0.082342 0.000761 0.000000
vt 0.000000 0.000000 0.000000
vt -0.084354 -0.298868 0.000000
vt -0.000040 -0.304593 0.000000
vt 0.000000 0.000000 0.000000
vt 0.004896 -0.296359 0.000000
vt 0.069543 0.005641 0.000000
vt 0.000000 0.000000 0.000000
vt -0.064082 -0.302121 0.000000
vt 0.007440 -0.289133 0.000000
vt 0.000000 0.000000 0.000000
vt -0.002166 -0.302193 0.000000
vt 0.082043 -0.003284 0.000000
vt 0.000000 0.000000 0.000000
vt 0.008319 -0.289109 0.000000
vt 0.057622 0.005927 0.000000
vt 0.000000 0.000000 0.000000
vt -0.048751 -0.295128 0.000000
vt 0.010578 -0.282542 0.000000
vt 0.000000 0.000000 0.000000
vt 0.005402 -0.171563 0.000000
vt 0.046025 0.015176 0.000000
vt 0.000000 0.000000 0.000000
vt -0.040441 -0.186779 0.000000
vt 0.004496 -0.166596 0.000000
vt 0.000000 0.000000 0.000000
vt -0.000594 -0.125109 0.000000
vt 0.044915 0.020233 0.000000
vt 0.000000 0.000000 0.000000
vt -0.035207 -0.234194 0.000000
vt 0.010821 -0.219025 0.000000
vt 0.000000 0.000000 0.000000
vt 0.010006 -0.225104 0.000000
vt 0.045414 0.009059 0.000000
vt 0.000000 0.000000 0.000000
vt -0.045216 -0.145433 0.000000
vt -0.005146 -0.126632 0.000000
vt 0.000000 0.000000 0.000000
vt -0.004301 -0.075776 0.000000
vt 0.040014 0.018922 0.000000
vt 0.000000 0.000000 0.000000
vt 0.013003 -0.282441 0.000000
vt 0.044126 0.004844 0.000000
vt 0.000000 0.000000 0.000000
vt -0.030819 -0.287318 0.000000
vt 0.014594 -0.278258 0.000000
vt 0.000000 0.000000 0.000000
vt -0.043529 -0.095062 0.000000
vt -0.018804 -0.102833 0.000000
vt 0.000000 0.000000 0.000000
vt -0.041981 -0.108583 0.000000
vt -0.016228 -0.111265 0.000000
vt 0.000000 0.000000 0.000000
vt -0.013392 -0.103677 0.000000
vt 0.028797 0.004826 0.000000
vt 0.000000 0.000000 0.000000
vt 0.001211 -0.112435 0.000000
vt 0.020040 -0.001949 0.000000
vt 0.000000 0.000000 0.000000
vt -0.019272 -0.110410 0.000000
vt -0.000725 -0.105223 0.000000
vt 0.000000 0.000000 0.000000
vt -0.004724 -0.324831 0.000000
vt 0.019645 -0.324358 0.000000
vt 0.000000 0.000000 0.000000
vt -0.025926 -0.324398 0.000000
vt 0.004551 -0.327014 0.000000
vt 0.000000 0.000000 0.000000
vt 0.006376 -0.324890 0.000000
vt 0.030931 -0.000386 0.000000
vt 0.000000 0.000000 0.000000
vt -0.051283 -0.324715 0.000000
vt -0.003874 -0.330351 0.000000
vt 0.000000 0.000000 0.000000
vt -0.003178 -0.327030 0.000000
vt 0.046727 -0.002100 0.000000
vt 0.000000 0.000000 0.000000
vt -0.068921 -0.327102 0.000000
vt -0.004820 -0.334024 0.000000
vt 0.000000 0.000000 0.000000
vt -0.005550 -0.330327 0.000000
vt 0.062397 -0.003021 0.000000
vt 0.000000 0.000000 0.000000
vt -0.009010 -0.326466 0.000000
vt 0.022643 -0.323476 0.000000
vt 0.000000 0.000000 0.000000
vt 0.020170 -0.323640 0.000000
vt 0.024764 0.001194 0.000000
vt 0.000000 0.000000 0.000000
vt 0.021699 -0.324257 0.000000
vt 0.030739 0.002208 0.000000
vt 0.000000 0.000000 0.000000
vt -0.025736 -0.329306 0.000000
vt 0.018392 -0.324462 0.000000
vt 0.000000 0.000000 0.000000
vt -0.079005 -0.330943 0.000000
vt -0.003044 -0.337033 0.000000
vt 0.000000 0.000000 0.000000
vt -0.004858 -0.334024 0.000000
vt 0.073549 -0.002939 0.000000
vt 0.000000 0.000000 0.000000
vt 0.016086 -0.326698 0.000000
vt 0.042222 0.002576 0.000000
vt 0.000000 0.000000 0.000000
vt -0.044355 -0.332753 0.000000
vt 0.013266 -0.326825 0.000000
vt 0.000000 0.000000 0.000000
vt 0.010151 -0.330269 0.000000
vt 0.055234 0.002387 0.000000
vt 0.000000 0.000000 0.000000
vt -0.060370 -0.335941 0.000000
vt 0.009174 -0.330298 0.000000
vt 0.000000 0.000000 0.000000
vt 0.002699 -0.149112 0.000000
vt 0.080146 -0.032351 0.000000
vt 0.000000 0.000000 0.000000
vt -0.080530 -0.175258 0.000000
vt -0.000383 -0.207607 0.000000
vt 0.000000 0.000000 0.000000
vt -0.000381 -0.207607 0.000000
vt 0.086347 -0.009507 0.000000
vt 0.000000 0.000000 0.000000
vt 0.000166 -0.259468 0.000000
vt 0.084654 0.003195 0.000000
vt 0.000000 0.000000 0.000000
vt -0.086167 -0.249961 0.000000
vt 0.000179 -0.259468 0.000000
vt 0.000000 0.000000 0.000000
vt -0.082242 -0.305390 0.000000
vt 0.002413 -0.302194 0.000000
vt 0.000000 0.000000 0.000000
vt 0.002261 -0.302195 0.000000
vt 0.078002 0.003906 0.000000
vt 0.000000 0.000000 0.000000
vt 0.006642 -0.089325 0.000000
vt 0.062261 -0.053517 0.000000
vt 0.000000 0.000000 0.000000
vt -0.059854 -0.095801 0.000000
vt 0.002581 -0.149114 0.000000
vt 0.000000 0.000000 0.000000
vt 0.005831 -0.334048 0.000000
vt 0.066923 0.001762 0.000000
vt 0.000000 0.000000 0.000000
vt -0.072178 -0.337956 0.000000
vt 0.005823 -0.334048 0.000000
vt 0.000000 0.000000 0.000000
vt -0.012915 -0.009743 0.000000
vt 0.027101 -0.060528 0.000000
vt 0.000000 0.000000 0.000000
vt -0.028920 -0.032530 0.000000
vt 0.005160 -0.089423 0.000000
vt 0.000000 0.000000 0.000000
vt -0.006576 -0.086092 0.000000
vt 0.006701 -0.076848 0.000000
vt 0.000000 0.000000 0.000000
vt 0.019745 -0.103356 0.000000
vt 0.024490 -0.017145 0.000000
vt 0.000000 0.000000 0.000000
vt -0.082290 -0.335001 0.000000
vt -0.000247 -0.338285 0.000000
vt 0.000000 0.000000 0.000000
vt -0.002800 -0.337035 0.000000
vt 0.079260 -0.001978 0.000000
vt 0.000000 0.000000 0.000000
vt -0.072178 -0.337956 0.000000
vt 0.005823 -0.334048 0.000000
vt 0.000000 0.000000 0.000000
vt 0.002574 -0.337059 0.000000
vt 0.075240 0.000792 0.000000
vt 0.000000 0.000000 0.000000
vt -0.079574 -0.337818 0.000000
vt 0.002768 -0.337057 0.000000
vt 0.000000 0.000000 0.000000
vt -0.060370 -0.335941 0.000000
vt 0.009174 -0.330298 0.000000
vt 0.000000 0.000000 0.000000
vt 0.005830 -0.334048 0.000000
vt 0.066922 0.001762 0.000000
vt 0.000000 0.000000 0.000000
vt -0.000211 -0.338285 0.000000
vt 0.079506 -0.000501 0.000000
vt 0.000000 0.000000 0.000000
vt -0.044354 -0.332754 0.000000
vt 0.013267 -0.326826 0.000000
vt 0.000000 0.000000 0.000000
vt 0.010151 -0.330269 0.000000
vt 0.055234 0.002387 0.000000
vt 0.000000 0.000000 0.000000
vt -0.025736 -0.329306 0.000000
vt 0.018390 -0.324462 0.000000
vt 0.000000 0.000000 0.000000
vt 0.016088 -0.326699 0.000000
vt 0.042224 0.002576 0.000000
vt 0.000000 0.000000 0.000000
vt -0.018804 -0.223286 0.000000
vt 0.013560 -0.216972 0.000000
vt 0.000000 0.000000 0.000000
vt 0.013369 -0.218884 0.000000
vt 0.032196 0.004401 0.000000
vt 0.000000 0.000000 0.000000
vt 0.007400 -0.166492 0.000000
vt 0.032363 0.006319 0.000000
vt 0.000000 0.000000 0.000000
vt -0.024939 -0.172815 0.000000
vt 0.006505 -0.165677 0.000000
vt 0.000000 0.000000 0.000000
vt -0.000977 -0.126733 0.000000
vt 0.031436 0.007170 0.000000
vt 0.000000 0.000000 0.000000
vt -0.013920 -0.281070 0.000000
vt 0.018276 -0.276670 0.000000
vt 0.000000 0.000000 0.000000
vt 0.017704 -0.278078 0.000000
vt 0.031655 0.002991 0.000000
vt 0.000000 0.000000 0.000000
vt -0.032353 -0.133917 0.000000
vt -0.003542 -0.129175 0.000000
vt 0.000000 0.000000 0.000000
vt -0.009010 -0.326467 0.000000
vt 0.022645 -0.323476 0.000000
vt 0.000000 0.000000 0.000000
vt 0.021697 -0.324258 0.000000
vt 0.030738 0.002208 0.000000
vt 0.000000 0.000000 0.000000
vt -0.016529 -0.125203 0.000000
vt 0.003517 -0.127096 0.000000
vt 0.000000 0.000000 0.000000
vt 0.005769 -0.129095 0.000000
vt 0.022308 -0.003893 0.000000
vt 0.000000 0.000000 0.000000
vt -0.016172 -0.108517 0.000000
vt 0.008493 -0.125408 0.000000
vt 0.000000 0.000000 0.000000
vt 0.012119 -0.126566 0.000000
vt 0.028322 -0.018054 0.000000
vt 0.000000 0.000000 0.000000
vt -0.027534 -0.353702 0.000000
vt 0.003397 -0.354088 0.000000
vt 0.000000 0.000000 0.000000
vt 0.005266 -0.353326 0.000000
vt 0.031105 0.000503 0.000000
vt 0.000000 0.000000 0.000000
vt -0.003907 -0.353944 0.000000
vt 0.020857 -0.352750 0.000000
vt 0.000000 0.000000 0.000000
vt -0.052647 -0.353161 0.000000
vt -0.005920 -0.355260 0.000000
vt 0.000000 0.000000 0.000000
vt -0.005302 -0.354064 0.000000
vt 0.045577 -0.000645 0.000000
vt 0.000000 0.000000 0.000000
vt -0.069064 -0.353579 0.000000
vt -0.006667 -0.356599 0.000000
vt 0.000000 0.000000 0.000000
vt -0.007779 -0.355224 0.000000
vt 0.060008 -0.001398 0.000000
vt 0.000000 0.000000 0.000000
vt -0.006632 -0.356599 0.000000
vt 0.070322 -0.001617 0.000000
vt 0.000000 0.000000 0.000000
vt -0.077760 -0.354807 0.000000
vt -0.004210 -0.357744 0.000000
vt 0.000000 0.000000 0.000000
vt 0.021126 -0.352517 0.000000
vt 0.024841 0.001429 0.000000
vt 0.000000 0.000000 0.000000
vt -0.004181 -0.354357 0.000000
vt 0.026558 -0.352149 0.000000
vt 0.000000 0.000000 0.000000
vt 0.025095 -0.352549 0.000000
vt 0.029285 0.001808 0.000000
vt 0.000000 0.000000 0.000000
vt -0.019708 -0.355299 0.000000
vt 0.022514 -0.352723 0.000000
vt 0.000000 0.000000 0.000000
vt -0.079817 -0.356266 0.000000
vt -0.000558 -0.358243 0.000000
vt 0.000000 0.000000 0.000000
vt -0.003854 -0.357748 0.000000
vt 0.075608 -0.001403 0.000000
vt 0.000000 0.000000 0.000000
vt -0.038641 -0.356226 0.000000
vt 0.016593 -0.353839 0.000000
vt 0.000000 0.000000 0.000000
vt 0.019449 -0.353693 0.000000
vt 0.039575 0.001582 0.000000
vt 0.000000 0.000000 0.000000
vt -0.055355 -0.357014 0.000000
vt 0.011567 -0.355251 0.000000
vt 0.000000 0.000000 0.000000
vt 0.012549 -0.355218 0.000000
vt 0.052008 0.000918 0.000000
vt 0.000000 0.000000 0.000000
vt -0.001029 -0.196526 0.000000
vt 0.079438 -0.021239 0.000000
vt 0.000000 0.000000 0.000000
vt -0.066327 -0.157248 0.000000
vt -0.000879 -0.196527 0.000000
vt 0.000000 0.000000 0.000000
vt 0.005587 -0.135066 0.000000
vt 0.065452 -0.039272 0.000000
vt 0.000000 0.000000 0.000000
vt -0.001778 -0.255713 0.000000
vt 0.084314 -0.005726 0.000000
vt 0.000000 0.000000 0.000000
vt -0.081279 -0.234475 0.000000
vt -0.001841 -0.255713 0.000000
vt 0.000000 0.000000 0.000000
vt -0.000036 -0.304593 0.000000
vt 0.082342 0.000761 0.000000
vt 0.000000 0.000000 0.000000
vt -0.084354 -0.298868 0.000000
vt -0.000040 -0.304593 0.000000
vt 0.000000 0.000000 0.000000
vt 0.002573 -0.337059 0.000000
vt 0.075240 0.000792 0.000000
vt 0.000000 0.000000 0.000000
vt -0.079575 -0.337818 0.000000
vt 0.002767 -0.337057 0.000000
vt 0.000000 0.000000 0.000000
vt 0.013025 -0.076033 0.000000
vt 0.041995 -0.043547 0.000000
vt 0.000000 0.000000 0.000000
vt -0.036728 -0.091679 0.000000
vt 0.005426 -0.135072 0.000000
vt 0.000000 0.000000 0.000000
vt 0.007283 -0.356689 0.000000
vt 0.063430 0.000201 0.000000
vt 0.000000 0.000000 0.000000
vt -0.067930 -0.357481 0.000000
vt 0.007310 -0.356688 0.000000
vt 0.000000 0.000000 0.000000
vt 0.009861 -0.125308 0.000000
vt 0.046600 -0.033633 0.000000
vt 0.000000 0.000000 0.000000
vt -0.076150 -0.357307 0.000000
vt 0.003357 -0.357808 0.000000
vt 0.000000 0.000000 0.000000
vt -0.000445 -0.358243 0.000000
vt 0.075794 -0.000955 0.000000
vt 0.000000 0.000000 0.000000
vt -0.055355 -0.357014 0.000000
vt 0.011567 -0.355251 0.000000
vt 0.000000 0.000000 0.000000
vt 0.007283 -0.356689 0.000000
vt 0.063430 0.000201 0.000000
vt 0.000000 0.000000 0.000000
vt -0.067930 -0.357481 0.000000
vt 0.007310 -0.356688 0.000000
vt 0.000000 0.000000 0.000000
vt 0.003166 -0.357810 0.000000
vt 0.071598 -0.000425 0.000000
vt 0.000000 0.000000 0.000000
vt 0.012549 -0.355218 0.000000
vt 0.052009 0.000918 0.000000
vt 0.000000 0.000000 0.000000
vt -0.038642 -0.356226 0.000000
vt 0.016592 -0.353838 0.000000
vt 0.000000 0.000000 0.000000
vt 0.019447 -0.353693 0.000000
vt 0.039573 0.001583 0.000000
vt 0.000000 0.000000 0.000000
vt -0.019707 -0.355299 0.000000
vt 0.022516 -0.352723 0.000000
vt 0.000000 0.000000 0.000000
vt -0.004180 -0.354357 0.000000
vt 0.026557 -0.352149 0.000000
vt 0.000000 0.000000 0.000000
vt 0.025097 -0.352549 0.000000
vt 0.029286 0.001808 0.000000
vt 0.000000 0.000000 0.000000
vt 0.013481 -0.216977 0.000000
vt 0.023918 -0.000928 0.000000
vt 0.000000 0.000000 0.000000
vt -0.010479 -0.216047 0.000000
vt 0.012987 -0.218916 0.000000
vt 0.000000 0.000000 0.000000
vt 0.009705 -0.165520 0.000000
vt 0.023466 -0.002869 0.000000
vt 0.000000 0.000000 0.000000
vt -0.007111 -0.277201 0.000000
vt 0.016807 -0.278129 0.000000
vt 0.000000 0.000000 0.000000
vt 0.017338 -0.276730 0.000000
vt 0.024369 0.000473 0.000000
vt 0.000000 0.000000 0.000000
vt -0.013752 -0.162652 0.000000
vt 0.008559 -0.166526 0.000000
vt 0.000000 0.000000 0.000000
vt -0.004722 -0.324831 0.000000
vt 0.019647 -0.324359 0.000000
vt 0.000000 0.000000 0.000000
vt 0.020171 -0.323640 0.000000
vt 0.024764 0.001194 0.000000
vt 0.000000 0.000000 0.000000
vt -0.003908 -0.353944 0.000000
vt 0.020856 -0.352750 0.000000
vt 0.000000 0.000000 0.000000
vt 0.021125 -0.352517 0.000000
vt 0.024841 0.001429 0.000000
vt 0.000000 0.000000 0.000000
vt -0.023314 -0.153656 0.000000
vt 0.005011 -0.171704 0.000000
vt 0.000000 0.000000 0.000000
vt 0.006413 -0.166622 0.000000
vt 0.029571 -0.012943 0.000000
vt 0.000000 0.000000 0.000000
vt -0.045798 -0.149288 0.000000
vt 0.000790 -0.182937 0.000000
vt 0.000000 0.000000 0.000000
vt 0.002343 -0.171761 0.000000
vt 0.047983 -0.022424 0.000000
vt 0.000000 0.000000 0.000000
vt -0.030604 -0.364477 0.000000
vt 0.000501 -0.363973 0.000000
vt 0.000000 0.000000 0.000000
vt -0.054611 -0.363321 0.000000
vt -0.009034 -0.363965 0.000000
vt 0.000000 0.000000 0.000000
vt -0.008949 -0.363864 0.000000
vt 0.043637 -0.000244 0.000000
vt 0.000000 0.000000 0.000000
vt 0.001919 -0.363947 0.000000
vt 0.030637 0.000683 0.000000
vt 0.000000 0.000000 0.000000
vt -0.005045 -0.364843 0.000000
vt 0.019796 -0.363413 0.000000
vt 0.000000 0.000000 0.000000
vt -0.069194 -0.362715 0.000000
vt -0.009186 -0.364113 0.000000
vt 0.000000 0.000000 0.000000
vt -0.011082 -0.363909 0.000000
vt 0.056604 -0.000909 0.000000
vt 0.000000 0.000000 0.000000
vt -0.076025 -0.362717 0.000000
vt -0.005703 -0.364333 0.000000
vt 0.000000 0.000000 0.000000
vt -0.009114 -0.364115 0.000000
vt 0.065915 -0.001190 0.000000
vt 0.000000 0.000000 0.000000
vt -0.076444 -0.363070 0.000000
vt -0.000836 -0.364473 0.000000
vt 0.000000 0.000000 0.000000
vt -0.005235 -0.364340 0.000000
vt 0.070695 -0.001163 0.000000
vt 0.000000 0.000000 0.000000
vt 0.019522 -0.363474 0.000000
vt 0.024312 0.001373 0.000000
vt 0.000000 0.000000 0.000000
vt 0.000059 -0.364621 0.000000
vt 0.029344 -0.362813 0.000000
vt 0.000000 0.000000 0.000000
vt 0.027254 -0.363065 0.000000
vt 0.027154 0.001556 0.000000
vt 0.000000 0.000000 0.000000
vt -0.012881 -0.364689 0.000000
vt 0.026694 -0.363107 0.000000
vt 0.000000 0.000000 0.000000
vt -0.071454 -0.363496 0.000000
vt 0.004340 -0.364451 0.000000
vt 0.000000 0.000000 0.000000
vt -0.000598 -0.364473 0.000000
vt 0.070816 -0.000969 0.000000
vt 0.000000 0.000000 0.000000
vt 0.022903 -0.363475 0.000000
vt 0.036091 0.001203 0.000000
vt 0.000000 0.000000 0.000000
vt -0.031443 -0.364532 0.000000
vt 0.020565 -0.363615 0.000000
vt 0.000000 0.000000 0.000000
vt 0.015620 -0.363976 0.000000
vt 0.047807 0.000492 0.000000
vt 0.000000 0.000000 0.000000
vt -0.048673 -0.364213 0.000000
vt 0.014758 -0.364012 0.000000
vt 0.000000 0.000000 0.000000
vt -0.003178 -0.246584 0.000000
vt 0.077873 -0.012030 0.000000
vt 0.000000 0.000000 0.000000
vt -0.069203 -0.220945 0.000000
vt -0.002990 -0.246586 0.000000
vt 0.000000 0.000000 0.000000
vt 0.000001 -0.182938 0.000000
vt 0.066212 -0.025642 0.000000
vt 0.000000 0.000000 0.000000
vt -0.002166 -0.302192 0.000000
vt 0.082043 -0.003284 0.000000
vt 0.000000 0.000000 0.000000
vt -0.080186 -0.290165 0.000000
vt -0.002312 -0.302191 0.000000
vt 0.000000 0.000000 0.000000
vt -0.000211 -0.338285 0.000000
vt 0.079506 -0.000501 0.000000
vt 0.000000 0.000000 0.000000
vt -0.082291 -0.335001 0.000000
vt -0.000247 -0.338285 0.000000
vt 0.000000 0.000000 0.000000
vt 0.003166 -0.357810 0.000000
vt 0.071598 -0.000425 0.000000
vt 0.000000 0.000000 0.000000
vt -0.076149 -0.357307 0.000000
vt 0.003357 -0.357808 0.000000
vt 0.000000 0.000000 0.000000
vt 0.009438 -0.364290 0.000000
vt 0.058826 -0.000173 0.000000
vt 0.000000 0.000000 0.000000
vt -0.062127 -0.363864 0.000000
vt 0.009472 -0.364289 0.000000
vt 0.000000 0.000000 0.000000
vt -0.062126 -0.363864 0.000000
vt 0.009472 -0.364289 0.000000
vt 0.000000 0.000000 0.000000
vt 0.004218 -0.364452 0.000000
vt 0.066743 -0.000656 0.000000
vt 0.000000 0.000000 0.000000
vt -0.031442 -0.364532 0.000000
vt 0.020566 -0.363615 0.000000
vt 0.000000 0.000000 0.000000
vt 0.015620 -0.363976 0.000000
vt 0.047807 0.000492 0.000000
vt 0.000000 0.000000 0.000000
vt -0.048672 -0.364213 0.000000
vt 0.014758 -0.364012 0.000000
vt 0.000000 0.000000 0.000000
vt 0.009438 -0.364290 0.000000
vt 0.058826 -0.000173 0.000000
vt 0.000000 0.000000 0.000000
vt -0.012881 -0.364689 0.000000
vt 0.026693 -0.363107 0.000000
vt 0.000000 0.000000 0.000000
vt 0.022905 -0.363475 0.000000
vt 0.036092 0.001203 0.000000
vt 0.000000 0.000000 0.000000
vt 0.000057 -0.364621 0.000000
vt 0.029343 -0.362813 0.000000
vt 0.000000 0.000000 0.000000
vt 0.027252 -0.363065 0.000000
vt 0.027154 0.001556 0.000000
vt 0.000000 0.000000 0.000000
vt -0.005044 -0.364843 0.000000
vt 0.019797 -0.363413 0.000000
vt 0.000000 0.000000 0.000000
vt 0.019520 -0.363474 0.000000
vt 0.024310 0.001373 0.000000
vt 0.000000 0.000000 0.000000
vt -0.025739 -0.275872 0.000000
vt 0.004279 -0.282700 0.000000
vt 0.000000 0.000000 0.000000
vt 0.004441 -0.219256 0.000000
vt 0.030018 -0.006830 0.000000
vt 0.000000 0.000000 0.000000
vt 0.005712 -0.278578 0.000000
vt 0.030476 -0.002617 0.000000
vt 0.000000 0.000000 0.000000
vt -0.026137 -0.212358 0.000000
vt 0.003428 -0.225313 0.000000
vt 0.000000 0.000000 0.000000
vt -0.025927 -0.324398 0.000000
vt 0.004549 -0.327014 0.000000
vt 0.000000 0.000000 0.000000
vt 0.006378 -0.324891 0.000000
vt 0.030931 -0.000386 0.000000
vt 0.000000 0.000000 0.000000
vt -0.027534 -0.353702 0.000000
vt 0.003397 -0.354088 0.000000
vt 0.000000 0.000000 0.000000
vt 0.005264 -0.353327 0.000000
vt 0.031104 0.000503 0.000000
vt 0.000000 0.000000 0.000000
vt -0.030605 -0.364476 0.000000
vt 0.000499 -0.363973 0.000000
vt 0.000000 0.000000 0.000000
vt 0.001921 -0.363946 0.000000
vt 0.030638 0.000683 0.000000
vt 0.000000 0.000000 0.000000
vt -0.050161 -0.212916 0.000000
vt -0.002180 -0.235346 0.000000
vt 0.000000 0.000000 0.000000
vt -0.001800 -0.225332 0.000000
vt 0.047854 -0.012297 0.000000
vt 0.000000 0.000000 0.000000
vt -0.003461 -0.235330 0.000000
vt 0.065382 -0.014273 0.000000
vt 0.000000 0.000000 0.000000
vt -0.034598 -0.355080 0.000000
vt -0.003961 -0.354396 0.000000
vt 0.000000 0.000000 0.000000
vt -0.056371 -0.354302 0.000000
vt -0.012734 -0.354546 0.000000
vt 0.000000 0.000000 0.000000
vt -0.013759 -0.354151 0.000000
vt 0.040556 0.000472 0.000000
vt 0.000000 0.000000 0.000000
vt -0.068494 -0.354417 0.000000
vt -0.011890 -0.355326 0.000000
vt 0.000000 0.000000 0.000000
vt -0.014960 -0.354459 0.000000
vt 0.051939 0.000263 0.000000
vt 0.000000 0.000000 0.000000
vt -0.003587 -0.355049 0.000000
vt 0.029111 0.000211 0.000000
vt 0.000000 0.000000 0.000000
vt -0.008302 -0.356081 0.000000
vt 0.016009 -0.354706 0.000000
vt 0.000000 0.000000 0.000000
vt -0.073085 -0.354614 0.000000
vt -0.007169 -0.355804 0.000000
vt 0.000000 0.000000 0.000000
vt -0.011843 -0.355328 0.000000
vt 0.060117 -0.000484 0.000000
vt 0.000000 0.000000 0.000000
vt -0.071613 -0.354797 0.000000
vt -0.000918 -0.355959 0.000000
vt 0.000000 0.000000 0.000000
vt -0.006621 -0.355814 0.000000
vt 0.064317 -0.000882 0.000000
vt 0.000000 0.000000 0.000000
vt -0.000526 -0.355960 0.000000
vt 0.064375 -0.000914 0.000000
vt 0.000000 0.000000 0.000000
vt -0.065135 -0.355004 0.000000
vt 0.005680 -0.355973 0.000000
vt 0.000000 0.000000 0.000000
vt 0.014952 -0.355363 0.000000
vt 0.022931 0.000725 0.000000
vt 0.000000 0.000000 0.000000
vt 0.002904 -0.355962 0.000000
vt 0.030058 -0.354405 0.000000
vt 0.000000 0.000000 0.000000
vt 0.027245 -0.354219 0.000000
vt 0.024240 0.001743 0.000000
vt 0.000000 0.000000 0.000000
vt -0.005916 -0.355184 0.000000
vt 0.030175 -0.353981 0.000000
vt 0.000000 0.000000 0.000000
vt -0.054654 -0.354929 0.000000
vt 0.012089 -0.355585 0.000000
vt 0.000000 0.000000 0.000000
vt 0.005687 -0.355973 0.000000
vt 0.060516 -0.001071 0.000000
vt 0.000000 0.000000 0.000000
vt 0.025750 -0.353805 0.000000
vt 0.031708 0.001378 0.000000
vt 0.000000 0.000000 0.000000
vt -0.023179 -0.354377 0.000000
vt 0.024628 -0.353885 0.000000
vt 0.000000 0.000000 0.000000
vt 0.018938 -0.354607 0.000000
vt 0.042587 -0.000262 0.000000
vt 0.000000 0.000000 0.000000
vt -0.040477 -0.354465 0.000000
vt 0.018349 -0.354638 0.000000
vt 0.000000 0.000000 0.000000
vt -0.003821 -0.296369 0.000000
vt 0.075961 -0.006093 0.000000
vt 0.000000 0.000000 0.000000
vt -0.069081 -0.282104 0.000000
vt -0.003698 -0.296370 0.000000
vt 0.000000 0.000000 0.000000
vt -0.002800 -0.337035 0.000000
vt 0.079260 -0.001978 0.000000
vt 0.000000 0.000000 0.000000
vt -0.079005 -0.330943 0.000000
vt -0.003044 -0.337033 0.000000
vt 0.000000 0.000000 0.000000
vt -0.000445 -0.358243 0.000000
vt 0.075794 -0.000955 0.000000
vt 0.000000 0.000000 0.000000
vt -0.079818 -0.356266 0.000000
vt -0.000558 -0.358243 0.000000
vt 0.000000 0.000000 0.000000
vt 0.004217 -0.364452 0.000000
vt 0.066743 -0.000656 0.000000
vt 0.000000 0.000000 0.000000
vt -0.071455 -0.363496 0.000000
vt 0.004339 -0.364451 0.000000
vt 0.000000 0.000000 0.000000
vt 0.012077 -0.355586 0.000000
vt 0.053018 -0.001174 0.000000
vt 0.000000 0.000000 0.000000
vt -0.054654 -0.354929 0.000000
vt 0.012089 -0.355585 0.000000
vt 0.000000 0.000000 0.000000
vt -0.040477 -0.354465 0.000000
vt 0.018349 -0.354638 0.000000
vt 0.000000 0.000000 0.000000
vt 0.012076 -0.355586 0.000000
vt 0.053018 -0.001174 0.000000
vt 0.000000 0.000000 0.000000
vt -0.005917 -0.355184 0.000000
vt 0.030175 -0.353981 0.000000
vt 0.000000 0.000000 0.000000
vt 0.025749 -0.353805 0.000000
vt 0.031709 0.001378 0.000000
vt 0.000000 0.000000 0.000000
vt -0.023180 -0.354377 0.000000
vt 0.024628 -0.353885 0.000000
vt 0.000000 0.000000 0.000000
vt 0.018938 -0.354607 0.000000
vt 0.042588 -0.000262 0.000000
vt 0.000000 0.000000 0.000000
vt 0.002905 -0.355963 0.000000
vt 0.030059 -0.354405 0.000000
vt 0.000000 0.000000 0.000000
vt 0.027245 -0.354218 0.000000
vt 0.024239 0.001743 0.000000
vt 0.000000 0.000000 0.000000
vt -0.008302 -0.356081 0.000000
vt 0.016008 -0.354706 0.000000
vt 0.000000 0.000000 0.000000
vt 0.014953 -0.355363 0.000000
vt 0.022931 0.000725 0.000000
vt 0.000000 0.000000 0.000000
vt -0.034596 -0.355080 0.000000
vt -0.003958 -0.354396 0.000000
vt 0.000000 0.000000 0.000000
vt -0.003588 -0.355049 0.000000
vt 0.029110 0.000211 0.000000
vt 0.000000 0.000000 0.000000
vt -0.002337 -0.282723 0.000000
vt 0.047408 -0.005638 0.000000
vt 0.000000 0.000000 0.000000
vt -0.050677 -0.276916 0.000000
vt -0.002822 -0.289208 0.000000
vt 0.000000 0.000000 0.000000
vt -0.051282 -0.324716 0.000000
vt -0.003874 -0.330351 0.000000
vt 0.000000 0.000000 0.000000
vt -0.003178 -0.327031 0.000000
vt 0.046727 -0.002101 0.000000
vt 0.000000 0.000000 0.000000
vt -0.052648 -0.353161 0.000000
vt -0.005921 -0.355260 0.000000
vt 0.000000 0.000000 0.000000
vt -0.005301 -0.354064 0.000000
vt 0.045578 -0.000644 0.000000
vt 0.000000 0.000000 0.000000
vt -0.054610 -0.363321 0.000000
vt -0.009033 -0.363965 0.000000
vt 0.000000 0.000000 0.000000
vt -0.008949 -0.363864 0.000000
vt 0.043637 -0.000244 0.000000
vt 0.000000 0.000000 0.000000
vt -0.056371 -0.354302 0.000000
vt -0.012734 -0.354546 0.000000
vt 0.000000 0.000000 0.000000
vt -0.013758 -0.354151 0.000000
vt 0.040557 0.000472 0.000000
vt 0.000000 0.000000 0.000000
vt -0.004326 -0.289189 0.000000
vt 0.064101 -0.006926 0.000000
vt 0.000000 0.000000 0.000000
vt -0.036937 -0.316227 0.000000
vt -0.007827 -0.316016 0.000000
vt 0.000000 0.000000 0.000000
vt -0.055104 -0.319651 0.000000
vt -0.014548 -0.319180 0.000000
vt 0.000000 0.000000 0.000000
vt -0.017090 -0.315651 0.000000
vt 0.036263 0.004297 0.000000
vt 0.000000 0.000000 0.000000
vt -0.064740 -0.325457 0.000000
vt -0.012801 -0.325194 0.000000
vt 0.000000 0.000000 0.000000
vt -0.016840 -0.319067 0.000000
vt 0.046427 0.006680 0.000000
vt 0.000000 0.000000 0.000000
vt -0.012859 -0.325192 0.000000
vt 0.053616 0.002671 0.000000
vt 0.000000 0.000000 0.000000
vt -0.067599 -0.327633 0.000000
vt -0.007481 -0.328117 0.000000
vt 0.000000 0.000000 0.000000
vt -0.009209 -0.319573 0.000000
vt 0.026154 -0.003166 0.000000
vt 0.000000 0.000000 0.000000
vt -0.012803 -0.320271 0.000000
vt 0.010128 -0.319545 0.000000
vt 0.000000 0.000000 0.000000
vt -0.006933 -0.328129 0.000000
vt 0.057274 -0.000235 0.000000
vt 0.000000 0.000000 0.000000
vt -0.064980 -0.327742 0.000000
vt -0.000663 -0.328624 0.000000
vt 0.000000 0.000000 0.000000
vt -0.057856 -0.327386 0.000000
vt 0.006519 -0.328299 0.000000
vt 0.000000 0.000000 0.000000
vt -0.000149 -0.328624 0.000000
vt 0.057282 -0.001164 0.000000
vt 0.000000 0.000000 0.000000
vt -0.047114 -0.324402 0.000000
vt 0.013402 -0.325473 0.000000
vt 0.000000 0.000000 0.000000
vt 0.006662 -0.328296 0.000000
vt 0.053674 -0.003880 0.000000
vt 0.000000 0.000000 0.000000
vt 0.008240 -0.323099 0.000000
vt 0.020681 -0.002813 0.000000
vt 0.000000 0.000000 0.000000
vt 0.003085 -0.323792 0.000000
vt 0.027325 -0.322047 0.000000
vt 0.000000 0.000000 0.000000
vt 0.023703 -0.319062 0.000000
vt 0.020527 0.004730 0.000000
vt 0.000000 0.000000 0.000000
vt -0.001097 -0.319852 0.000000
vt 0.030611 -0.318474 0.000000
vt 0.000000 0.000000 0.000000
vt -0.033117 -0.318105 0.000000
vt 0.019901 -0.319279 0.000000
vt 0.000000 0.000000 0.000000
vt 0.013404 -0.325473 0.000000
vt 0.046635 -0.007380 0.000000
vt 0.000000 0.000000 0.000000
vt 0.025510 -0.315459 0.000000
vt 0.026366 0.004393 0.000000
vt 0.000000 0.000000 0.000000
vt -0.016517 -0.315151 0.000000
vt 0.026070 -0.315413 0.000000
vt 0.000000 0.000000 0.000000
vt 0.020078 -0.319268 0.000000
vt 0.036686 -0.004121 0.000000
vt 0.000000 0.000000 0.000000
vt -0.033117 -0.318105 0.000000
vt 0.019901 -0.319279 0.000000
vt 0.000000 0.000000 0.000000
vt -0.004858 -0.334024 0.000000
vt 0.073549 -0.002939 0.000000
vt 0.000000 0.000000 0.000000
vt -0.068922 -0.327102 0.000000
vt -0.004821 -0.334025 0.000000
vt 0.000000 0.000000 0.000000
vt -0.003854 -0.357748 0.000000
vt 0.075608 -0.001403 0.000000
vt 0.000000 0.000000 0.000000
vt -0.077760 -0.354806 0.000000
vt -0.004211 -0.357744 0.000000
vt 0.000000 0.000000 0.000000
vt -0.000599 -0.364473 0.000000
vt 0.070816 -0.000969 0.000000
vt 0.000000 0.000000 0.000000
vt -0.076444 -0.363070 0.000000
vt -0.000836 -0.364473 0.000000
vt 0.000000 0.000000 0.000000
vt 0.005687 -0.355973 0.000000
vt 0.060516 -0.001071 0.000000
vt 0.000000 0.000000 0.000000
vt -0.065135 -0.355004 0.000000
vt 0.005680 -0.355973 0.000000
vt 0.000000 0.000000 0.000000
vt 0.013404 -0.325473 0.000000
vt 0.046635 -0.007380 0.000000
vt 0.000000 0.000000 0.000000
vt -0.047114 -0.324402 0.000000
vt 0.013402 -0.325473 0.000000
vt 0.000000 0.000000 0.000000
vt -0.016517 -0.315151 0.000000
vt 0.026070 -0.315413 0.000000
vt 0.000000 0.000000 0.000000
vt 0.020078 -0.319268 0.000000
vt 0.036686 -0.004121 0.000000
vt 0.000000 0.000000 0.000000
vt 0.003086 -0.323792 0.000000
vt 0.027324 -0.322047 0.000000
vt 0.000000 0.000000 0.000000
vt 0.023704 -0.319062 0.000000
vt 0.020528 0.004730 0.000000
vt 0.000000 0.000000 0.000000
vt -0.001097 -0.319852 0.000000
vt 0.030611 -0.318474 0.000000
vt 0.000000 0.000000 0.000000
vt 0.025510 -0.315459 0.000000
vt 0.026366 0.004394 0.000000
vt 0.000000 0.000000 0.000000
vt -0.012803 -0.320271 0.000000
vt 0.010128 -0.319545 0.000000
vt 0.000000 0.000000 0.000000
vt 0.008239 -0.323099 0.000000
vt 0.020680 -0.002813 0.000000
vt 0.000000 0.000000 0.000000
vt -0.036938 -0.316227 0.000000
vt -0.007827 -0.316016 0.000000
vt 0.000000 0.000000 0.000000
vt -0.009210 -0.319573 0.000000
vt 0.026153 -0.003166 0.000000
vt 0.000000 0.000000 0.000000
vt -0.055103 -0.319651 0.000000
vt -0.014547 -0.319180 0.000000
vt 0.000000 0.000000 0.000000
vt -0.017089 -0.315651 0.000000
vt 0.036264 0.004297 0.000000
vt 0.000000 0.000000 0.000000
vt -0.005551 -0.330327 0.000000
vt 0.062397 -0.003021 0.000000
vt 0.000000 0.000000 0.000000
vt -0.069064 -0.353579 0.000000
vt -0.006667 -0.356598 0.000000
vt 0.000000 0.000000 0.000000
vt -0.007779 -0.355224 0.000000
vt 0.060008 -0.001399 0.000000
vt 0.000000 0.000000 0.000000
vt -0.069194 -0.362715 0.000000
vt -0.009186 -0.364113 0.000000
vt 0.000000 0.000000 0.000000
vt -0.011083 -0.363909 0.000000
vt 0.056604 -0.000909 0.000000
vt 0.000000 0.000000 0.000000
vt -0.068494 -0.354417 0.000000
vt -0.011890 -0.355326 0.000000
vt 0.000000 0.000000 0.000000
vt -0.014960 -0.354459 0.000000
vt 0.051939 0.000263 0.000000
vt 0.000000 0.000000 0.000000
vt -0.064740 -0.325457 0.000000
vt -0.012801 -0.325194 0.000000
vt 0.000000 0.000000 0.000000
vt -0.016840 -0.319067 0.000000
vt 0.046427 0.006680 0.000000
vt 0.000000 0.000000 0.000000
vt -0.036312 -0.244881 0.000000
vt -0.010158 -0.248049 0.000000
vt 0.000000 0.000000 0.000000
vt -0.050073 -0.262970 0.000000
vt -0.013809 -0.258674 0.000000
vt 0.000000 0.000000 0.000000
vt -0.018115 -0.247595 0.000000
vt 0.030651 0.015621 0.000000
vt 0.000000 0.000000 0.000000
vt -0.058015 -0.280397 0.000000
vt -0.011588 -0.273720 0.000000
vt 0.000000 0.000000 0.000000
vt -0.015965 -0.258550 0.000000
vt 0.040736 0.022116 0.000000
vt 0.000000 0.000000 0.000000
vt -0.060131 -0.283100 0.000000
vt -0.006515 -0.280429 0.000000
vt 0.000000 0.000000 0.000000
vt -0.011780 -0.273712 0.000000
vt 0.047311 0.009607 0.000000
vt 0.000000 0.000000 0.000000
vt -0.057367 -0.281226 0.000000
vt -0.000093 -0.281460 0.000000
vt 0.000000 0.000000 0.000000
vt -0.006054 -0.280440 0.000000
vt 0.050533 0.000944 0.000000
vt 0.000000 0.000000 0.000000
vt -0.014280 -0.258672 0.000000
vt 0.021040 -0.013646 0.000000
vt 0.000000 0.000000 0.000000
vt -0.017260 -0.256222 0.000000
vt 0.003420 -0.259043 0.000000
vt 0.000000 0.000000 0.000000
vt -0.050595 -0.279421 0.000000
vt 0.006687 -0.280585 0.000000
vt 0.000000 0.000000 0.000000
vt 0.000461 -0.281460 0.000000
vt 0.050512 -0.001941 0.000000
vt 0.000000 0.000000 0.000000
vt -0.040614 -0.270072 0.000000
vt 0.013060 -0.273952 0.000000
vt 0.000000 0.000000 0.000000
vt 0.006890 -0.280580 0.000000
vt 0.047184 -0.010460 0.000000
vt 0.000000 0.000000 0.000000
vt 0.012977 -0.273956 0.000000
vt 0.040532 -0.022581 0.000000
vt 0.000000 0.000000 0.000000
vt -0.027733 -0.251355 0.000000
vt 0.018902 -0.258735 0.000000
vt 0.000000 0.000000 0.000000
vt 0.000602 -0.267903 0.000000
vt 0.017670 -0.011669 0.000000
vt 0.000000 0.000000 0.000000
vt 0.001899 -0.271707 0.000000
vt 0.022423 -0.266964 0.000000
vt 0.000000 0.000000 0.000000
vt 0.018243 -0.258680 0.000000
vt 0.016281 0.013026 0.000000
vt 0.000000 0.000000 0.000000
vt 0.002402 -0.262119 0.000000
vt 0.028768 -0.257722 0.000000
vt 0.000000 0.000000 0.000000
vt -0.012025 -0.243292 0.000000
vt 0.024661 -0.247414 0.000000
vt 0.000000 0.000000 0.000000
vt 0.018524 -0.258762 0.000000
vt 0.030334 -0.015459 0.000000
vt 0.000000 0.000000 0.000000
vt 0.022267 -0.247641 0.000000
vt 0.019516 0.014475 0.000000
vt 0.000000 0.000000 0.000000
vt -0.012025 -0.243292 0.000000
vt 0.024661 -0.247414 0.000000
vt 0.000000 0.000000 0.000000
vt 0.018524 -0.258762 0.000000
vt 0.030334 -0.015459 0.000000
vt 0.000000 0.000000 0.000000
vt -0.027733 -0.251355 0.000000
vt 0.018902 -0.258735 0.000000
vt 0.000000 0.000000 0.000000
vt -0.006632 -0.356599 0.000000
vt 0.070323 -0.001617 0.000000
vt 0.000000 0.000000 0.000000
vt -0.005235 -0.364340 0.000000
vt 0.070695 -0.001163 0.000000
vt 0.000000 0.000000 0.000000
vt -0.076026 -0.362717 0.000000
vt -0.005703 -0.364333 0.000000
vt 0.000000 0.000000 0.000000
vt -0.071614 -0.354797 0.000000
vt -0.000918 -0.355959 0.000000
vt 0.000000 0.000000 0.000000
vt -0.000526 -0.355960 0.000000
vt 0.064375 -0.000914 0.000000
vt 0.000000 0.000000 0.000000
vt 0.006662 -0.328296 0.000000
vt 0.053674 -0.003880 0.000000
vt 0.000000 0.000000 0.000000
vt -0.057856 -0.327386 0.000000
vt 0.006519 -0.328299 0.000000
vt 0.000000 0.000000 0.000000
vt -0.040614 -0.270072 0.000000
vt 0.013060 -0.273952 0.000000
vt 0.000000 0.000000 0.000000
vt 0.012977 -0.273956 0.000000
vt 0.040532 -0.022581 0.000000
vt 0.000000 0.000000 0.000000
vt 0.002403 -0.262119 0.000000
vt 0.028768 -0.257722 0.000000
vt 0.000000 0.000000 0.000000
vt 0.022268 -0.247641 0.000000
vt 0.019516 0.014475 0.000000
vt 0.000000 0.000000 0.000000
vt -0.017259 -0.256222 0.000000
vt 0.003420 -0.259043 0.000000
vt 0.000000 0.000000 0.000000
vt 0.000604 -0.267903 0.000000
vt 0.017670 -0.011669 0.000000
vt 0.000000 0.000000 0.000000
vt 0.001899 -0.271706 0.000000
vt 0.022424 -0.266964 0.000000
vt 0.000000 0.000000 0.000000
vt 0.018243 -0.258680 0.000000
vt 0.016281 0.013026 0.000000
vt 0.000000 0.000000 0.000000
vt -0.036313 -0.244881 0.000000
vt -0.010160 -0.248049 0.000000
vt 0.000000 0.000000 0.000000
vt -0.014277 -0.258672 0.000000
vt 0.021041 -0.013646 0.000000
vt 0.000000 0.000000 0.000000
vt -0.050072 -0.262971 0.000000
vt -0.013808 -0.258674 0.000000
vt 0.000000 0.000000 0.000000
vt -0.018115 -0.247595 0.000000
vt 0.030651 0.015621 0.000000
vt 0.000000 0.000000 0.000000
vt -0.058015 -0.280397 0.000000
vt -0.011588 -0.273720 0.000000
vt 0.000000 0.000000 0.000000
vt -0.015966 -0.258550 0.000000
vt 0.040736 0.022116 0.000000
vt 0.000000 0.000000 0.000000
vt -0.009114 -0.364115 0.000000
vt 0.065915 -0.001190 0.000000
vt 0.000000 0.000000 0.000000
vt -0.073085 -0.354614 0.000000
vt -0.007170 -0.355804 0.000000
vt 0.000000 0.000000 0.000000
vt -0.011844 -0.355328 0.000000
vt 0.060117 -0.000484 0.000000
vt 0.000000 0.000000 0.000000
vt -0.012859 -0.325192 0.000000
vt 0.053616 0.002671 0.000000
vt 0.000000 0.000000 0.000000
vt -0.067599 -0.327633 0.000000
vt -0.007482 -0.328117 0.000000
vt 0.000000 0.000000 0.000000
vt -0.060132 -0.283100 0.000000
vt -0.006516 -0.280429 0.000000
vt 0.000000 0.000000 0.000000
vt -0.011779 -0.273712 0.000000
vt 0.047311 0.009607 0.000000
vt 0.000000 0.000000 0.000000
vt -0.030067 -0.134554 0.000000
vt -0.009043 -0.148225 0.000000
vt 0.000000 0.000000 0.000000
vt -0.039353 -0.201207 0.000000
vt -0.008708 -0.185573 0.000000
vt 0.000000 0.000000 0.000000
vt -0.014486 -0.147793 0.000000
vt 0.024317 0.053520 0.000000
vt 0.000000 0.000000 0.000000
vt -0.048489 -0.228165 0.000000
vt -0.007759 -0.206038 0.000000
vt 0.000000 0.000000 0.000000
vt -0.010497 -0.185481 0.000000
vt 0.036673 0.042960 0.000000
vt 0.000000 0.000000 0.000000
vt -0.051595 -0.223031 0.000000
vt -0.004285 -0.213419 0.000000
vt 0.000000 0.000000 0.000000
vt -0.008179 -0.206021 0.000000
vt 0.042476 0.017225 0.000000
vt 0.000000 0.000000 0.000000
vt -0.004045 -0.213424 0.000000
vt 0.045101 0.002197 0.000000
vt 0.000000 0.000000 0.000000
vt -0.049834 -0.215463 0.000000
vt 0.000699 -0.214519 0.000000
vt 0.000000 0.000000 0.000000
vt 0.001164 -0.214517 0.000000
vt 0.045075 -0.002826 0.000000
vt 0.000000 0.000000 0.000000
vt -0.044453 -0.211578 0.000000
vt 0.006059 -0.213520 0.000000
vt 0.000000 0.000000 0.000000
vt -0.022190 -0.174777 0.000000
vt -0.004572 -0.186523 0.000000
vt 0.000000 0.000000 0.000000
vt -0.019084 -0.185600 0.000000
vt 0.010224 -0.050879 0.000000
vt 0.000000 0.000000 0.000000
vt 0.006119 -0.213518 0.000000
vt 0.042329 -0.017744 0.000000
vt 0.000000 0.000000 0.000000
vt -0.036580 -0.195706 0.000000
vt 0.010603 -0.206171 0.000000
vt 0.000000 0.000000 0.000000
vt -0.026680 -0.162985 0.000000
vt 0.013845 -0.185579 0.000000
vt 0.000000 0.000000 0.000000
vt 0.010135 -0.206194 0.000000
vt 0.036582 -0.043172 0.000000
vt 0.000000 0.000000 0.000000
vt 0.012965 -0.185642 0.000000
vt 0.024786 -0.053383 0.000000
vt 0.000000 0.000000 0.000000
vt -0.012141 -0.132230 0.000000
vt 0.018189 -0.147699 0.000000
vt 0.000000 0.000000 0.000000
vt -0.007690 -0.200087 0.000000
vt 0.014747 -0.025341 0.000000
vt 0.000000 0.000000 0.000000
vt 0.002122 -0.212503 0.000000
vt 0.018335 -0.199393 0.000000
vt 0.000000 0.000000 0.000000
vt 0.015088 -0.186235 0.000000
vt 0.012735 0.026266 0.000000
vt 0.000000 0.000000 0.000000
vt 0.008056 -0.199314 0.000000
vt 0.027547 -0.184803 0.000000
vt 0.000000 0.000000 0.000000
vt 0.008058 -0.199314 0.000000
vt 0.027547 -0.184803 0.000000
vt 0.000000 0.000000 0.000000
vt 0.014359 -0.148121 0.000000
vt 0.007430 0.051235 0.000000
vt 0.000000 0.000000 0.000000
vt 0.014358 -0.148121 0.000000
vt 0.007431 0.051235 0.000000
vt 0.000000 0.000000 0.000000
vt -0.012140 -0.132230 0.000000
vt 0.018189 -0.147699 0.000000
vt 0.000000 0.000000 0.000000
vt 0.012966 -0.185642 0.000000
vt 0.024786 -0.053383 0.000000
vt 0.000000 0.000000 0.000000
vt -0.026680 -0.162985 0.000000
vt 0.013845 -0.185579 0.000000
vt 0.000000 0.000000 0.000000
vt -0.006622 -0.355814 0.000000
vt 0.064317 -0.000882 0.000000
vt 0.000000 0.000000 0.000000
vt -0.000149 -0.328624 0.000000
vt 0.057282 -0.001164 0.000000
vt 0.000000 0.000000 0.000000
vt -0.064980 -0.327742 0.000000
vt -0.000663 -0.328624 0.000000
vt 0.000000 0.000000 0.000000
vt 0.006890 -0.280580 0.000000
vt 0.047184 -0.010460 0.000000
vt 0.000000 0.000000 0.000000
vt -0.050595 -0.279421 0.000000
vt 0.006687 -0.280585 0.000000
vt 0.000000 0.000000 0.000000
vt 0.010135 -0.206194 0.000000
vt 0.036582 -0.043172 0.000000
vt 0.000000 0.000000 0.000000
vt -0.036580 -0.195705 0.000000
vt 0.010603 -0.206171 0.000000
vt 0.000000 0.000000 0.000000
vt 0.002121 -0.212503 0.000000
vt 0.018334 -0.199394 0.000000
vt 0.000000 0.000000 0.000000
vt 0.015087 -0.186235 0.000000
vt 0.012736 0.026266 0.000000
vt 0.000000 0.000000 0.000000
vt -0.022190 -0.174777 0.000000
vt -0.004572 -0.186523 0.000000
vt 0.000000 0.000000 0.000000
vt -0.019083 -0.185600 0.000000
vt 0.010225 -0.050879 0.000000
vt 0.000000 0.000000 0.000000
vt -0.030067 -0.134554 0.000000
vt -0.009042 -0.148226 0.000000
vt 0.000000 0.000000 0.000000
vt -0.007692 -0.200087 0.000000
vt 0.014746 -0.025341 0.000000
vt 0.000000 0.000000 0.000000
vt -0.039352 -0.201207 0.000000
vt -0.008708 -0.185573 0.000000
vt 0.000000 0.000000 0.000000
vt -0.014485 -0.147793 0.000000
vt 0.024317 0.053520 0.000000
vt 0.000000 0.000000 0.000000
vt -0.048490 -0.228164 0.000000
vt -0.007760 -0.206037 0.000000
vt 0.000000 0.000000 0.000000
vt -0.010496 -0.185481 0.000000
vt 0.036673 0.042960 0.000000
vt 0.000000 0.000000 0.000000
vt -0.051594 -0.223031 0.000000
vt -0.004284 -0.213419 0.000000
vt 0.000000 0.000000 0.000000
vt -0.008180 -0.206021 0.000000
vt 0.042476 0.017225 0.000000
vt 0.000000 0.000000 0.000000
vt -0.006933 -0.328129 0.000000
vt 0.057274 -0.000235 0.000000
vt 0.000000 0.000000 0.000000
vt -0.057368 -0.281226 0.000000
vt -0.000093 -0.281460 0.000000
vt 0.000000 0.000000 0.000000
vt -0.006055 -0.280440 0.000000
vt 0.050533 0.000944 0.000000
vt 0.000000 0.000000 0.000000
vt -0.004044 -0.213424 0.000000
vt 0.045101 0.002198 0.000000
vt 0.000000 0.000000 0.000000
vt -0.049834 -0.215463 0.000000
vt 0.000699 -0.214519 0.000000
vt 0.000000 0.000000 0.000000
vt 0.018651 0.164265 0.000000
vt -0.009260 0.051063 0.000000
vt 0.000000 0.000000 0.000000
vt -0.001662 0.110045 0.000000
vt -0.023690 -0.053801 0.000000
vt 0.000000 0.000000 0.000000
vt 0.036025 0.169482 0.000000
vt 0.000066 0.110058 0.000000
vt 0.000000 0.000000 0.000000
vt 0.001118 0.125997 0.000000
vt -0.036450 -0.043149 0.000000
vt 0.000000 0.000000 0.000000
vt 0.042508 0.148131 0.000000
vt 0.002411 0.125979 0.000000
vt 0.000000 0.000000 0.000000
vt 0.000834 0.130613 0.000000
vt -0.042448 -0.017294 0.000000
vt 0.000000 0.000000 0.000000
vt 0.043031 0.133654 0.000000
vt 0.001181 0.130611 0.000000
vt 0.000000 0.000000 0.000000
vt -0.001580 0.131290 0.000000
vt -0.045101 -0.002206 0.000000
vt 0.000000 0.000000 0.000000
vt 0.040092 0.127944 0.000000
vt -0.001742 0.131288 0.000000
vt 0.000000 0.000000 0.000000
vt -0.004594 0.130657 0.000000
vt -0.045075 0.002836 0.000000
vt 0.000000 0.000000 0.000000
vt 0.035970 0.108325 0.000000
vt -0.004068 0.130675 0.000000
vt 0.000000 0.000000 0.000000
vt -0.006106 0.126055 0.000000
vt -0.042303 0.017806 0.000000
vt 0.000000 0.000000 0.000000
vt -0.012334 0.037708 0.000000
vt -0.018294 -0.115148 0.000000
vt 0.000000 0.000000 0.000000
vt 0.003690 0.152927 0.000000
vt -0.014004 0.025759 0.000000
vt 0.000000 0.000000 0.000000
vt 0.031984 0.066834 0.000000
vt -0.004388 0.126127 0.000000
vt 0.000000 0.000000 0.000000
vt -0.004345 0.110153 0.000000
vt -0.036379 0.043343 0.000000
vt 0.000000 0.000000 0.000000
vt 0.029856 -0.002293 0.000000
vt -0.001448 0.110229 0.000000
vt 0.000000 0.000000 0.000000
vt 0.005848 0.051440 0.000000
vt -0.024008 0.053737 0.000000
vt 0.000000 0.000000 0.000000
vt -0.031042 0.088448 0.000000
vt -0.011713 -0.026737 0.000000
vt 0.000000 0.000000 0.000000
vt -0.010378 -0.038376 0.000000
vt 0.021216 -0.126628 0.000000
vt 0.000000 0.000000 0.000000
vt 0.001447 -0.110229 0.000000
vt 0.031304 -0.112522 0.000000
vt 0.000000 0.000000 0.000000
vt -0.029857 0.002298 0.000000
vt -0.005849 -0.051440 0.000000
vt 0.000000 0.000000 0.000000
vt 0.011714 0.026737 0.000000
vt -0.019328 0.115185 0.000000
vt 0.000000 0.000000 0.000000
vt -0.032034 -0.066810 0.000000
vt 0.004344 -0.110153 0.000000
vt 0.000000 0.000000 0.000000
vt 0.000461 -0.281460 0.000000
vt 0.050512 -0.001941 0.000000
vt 0.000000 0.000000 0.000000
vt -0.044453 -0.211578 0.000000
vt 0.006059 -0.213520 0.000000
vt 0.000000 0.000000 0.000000
vt 0.006119 -0.213518 0.000000
vt 0.042329 -0.017744 0.000000
vt 0.000000 0.000000 0.000000
vt 0.004387 -0.126127 0.000000
vt 0.036372 -0.059293 0.000000
vt 0.000000 0.000000 0.000000
vt -0.036196 -0.108249 0.000000
vt 0.006107 -0.126055 0.000000
vt 0.000000 0.000000 0.000000
vt 0.014003 -0.025759 0.000000
vt 0.017695 0.127168 0.000000
vt 0.000000 0.000000 0.000000
vt 0.031594 -0.088252 0.000000
vt 0.010379 0.038376 0.000000
vt 0.000000 0.000000 0.000000
vt -0.005962 -0.152855 0.000000
vt 0.012332 -0.037708 0.000000
vt 0.000000 0.000000 0.000000
vt 0.009261 -0.051063 0.000000
vt 0.027911 0.113202 0.000000
vt 0.000000 0.000000 0.000000
vt -0.022027 -0.163846 0.000000
vt 0.001662 -0.110045 0.000000
vt 0.000000 0.000000 0.000000
vt -0.037567 -0.169147 0.000000
vt -0.001116 -0.125997 0.000000
vt 0.000000 0.000000 0.000000
vt -0.000065 -0.110058 0.000000
vt 0.035959 0.059424 0.000000
vt 0.000000 0.000000 0.000000
vt -0.002410 -0.125979 0.000000
vt 0.040098 0.022153 0.000000
vt 0.000000 0.000000 0.000000
vt -0.043283 -0.147907 0.000000
vt -0.000835 -0.130613 0.000000
vt 0.000000 0.000000 0.000000
vt -0.043520 -0.133495 0.000000
vt 0.001580 -0.131290 0.000000
vt 0.000000 0.000000 0.000000
vt -0.001182 -0.130610 0.000000
vt 0.041850 0.003043 0.000000
vt 0.000000 0.000000 0.000000
vt 0.001164 -0.214517 0.000000
vt 0.045075 -0.002826 0.000000
vt 0.000000 0.000000 0.000000
vt -0.040481 -0.127821 0.000000
vt 0.004594 -0.130657 0.000000
vt 0.000000 0.000000 0.000000
vt 0.001742 -0.131287 0.000000
vt 0.041834 -0.003344 0.000000
vt 0.000000 0.000000 0.000000
vt 0.021720 0.105866 0.000000
vt -0.009142 0.038606 0.000000
vt 0.000000 0.000000 0.000000
vt -0.008384 0.043698 0.000000
vt -0.031606 -0.061849 0.000000
vt 0.000000 0.000000 0.000000
vt -0.004125 0.045838 0.000000
vt -0.039422 -0.023334 0.000000
vt 0.000000 0.000000 0.000000
vt 0.034714 0.069466 0.000000
vt -0.003975 0.044317 0.000000
vt 0.000000 0.000000 0.000000
vt 0.039141 0.049601 0.000000
vt -0.001643 0.045994 0.000000
vt 0.000000 0.000000 0.000000
vt -0.002473 0.046214 0.000000
vt -0.041837 -0.003210 0.000000
vt 0.000000 0.000000 0.000000
vt 0.039057 0.042651 0.000000
vt -0.001728 0.046248 0.000000
vt 0.000000 0.000000 0.000000
vt -0.002629 0.046052 0.000000
vt -0.041819 0.003524 0.000000
vt 0.000000 0.000000 0.000000
vt 0.039009 0.021101 0.000000
vt 0.000239 0.046127 0.000000
vt 0.000000 0.000000 0.000000
vt -0.000305 0.044642 0.000000
vt -0.039331 0.023573 0.000000
vt 0.000000 0.000000 0.000000
vt 0.036985 -0.022743 0.000000
vt 0.005627 0.044287 0.000000
vt 0.000000 0.000000 0.000000
vt 0.005666 0.039349 0.000000
vt -0.031303 0.062118 0.000000
vt 0.000000 0.000000 0.000000
vt -0.036970 0.022769 0.000000
vt -0.005666 -0.039349 0.000000
vt 0.000000 0.000000 0.000000
vt -0.005628 -0.044287 0.000000
vt 0.031358 -0.067030 0.000000
vt 0.000000 0.000000 0.000000
vt 0.004068 -0.130675 0.000000
vt 0.040038 -0.022350 0.000000
vt 0.000000 0.000000 0.000000
vt -0.039026 -0.021069 0.000000
vt 0.000305 -0.044642 0.000000
vt 0.000000 0.000000 0.000000
vt 0.009141 -0.038606 0.000000
vt 0.030862 0.067260 0.000000
vt 0.000000 0.000000 0.000000
vt -0.023224 -0.105546 0.000000
vt 0.008383 -0.043697 0.000000
vt 0.000000 0.000000 0.000000
vt -0.035295 -0.069173 0.000000
vt 0.004126 -0.045839 0.000000
vt 0.000000 0.000000 0.000000
vt 0.003974 -0.044316 0.000000
vt 0.038689 0.025150 0.000000
vt 0.000000 0.000000 0.000000
vt -0.039365 -0.049424 0.000000
vt 0.002472 -0.046214 0.000000
vt 0.000000 0.000000 0.000000
vt 0.001643 -0.045995 0.000000
vt 0.040784 0.003607 0.000000
vt 0.000000 0.000000 0.000000
vt -0.039189 -0.042529 0.000000
vt 0.002630 -0.046053 0.000000
vt 0.000000 0.000000 0.000000
vt 0.001728 -0.046248 0.000000
vt 0.040785 -0.003597 0.000000
vt 0.000000 0.000000 0.000000
vt -0.000240 -0.046127 0.000000
vt 0.038769 -0.025026 0.000000
vt 0.000000 0.000000 0.000000
vn -0.327083 -0.431999 0.840473
vn -0.327083 -0.431999 0.840473
vn -0.327083 -0.431999 0.840473
vn -0.295937 -0.439108 0.848296
vn -0.295937 -0.439108 0.848296
vn -0.295937 -0.439108 0.848296
vn 0.623567 -0.735340 0.265406
vn 0.623567 -0.735340 0.265406
vn 0.623567 -0.735340 0.265406
vn -0.394141 -0.532454 0.749097
vn -0.394141 -0.532454 0.749097
vn -0.394141 -0.532454 0.749097
vn 0.521030 -0.598451 0.608592
vn 0.521030 -0.598451 0.608592
vn 0.521030 -0.598451 0.608592
vn 0.645396 -0.721416 0.251042
vn 0.645396 -0.721416 0.251042
vn 0.645396 -0.721416 0.251042
vn -0.503972 -0.240922 0.829439
vn -0.503972 -0.240922 0.829439
vn -0.503972 -0.240922 0.829439
vn -0.253748 -0.335318 0.907289
vn -0.253748 -0.335318 0.907289
vn -0.253748 -0.335318 0.907289
vn -0.555934 -0.231672 0.798289
vn -0.555934 -0.231672 0.798289
vn -0.555934 -0.231672 0.798289
vn -0.600369 -0.257615 0.757095
vn -0.600369 -0.257615 0.757095
vn -0.600369 -0.257615 0.757095
vn -0.637784 -0.242809 0.730941
vn -0.637784 -0.242809 0.730941
vn -0.637784 -0.242809 0.730941
vn -0.683595 -0.261682 0.681337
vn -0.683595 -0.261682 0.681337
vn -0.683595 -0.261682 0.681337
vn -0.430555 -0.516713 0.740020
vn -0.430555 -0.516713 0.740020
vn -0.430555 -0.516713 0.740020
vn -0.238835 -0.336234 0.910991
vn -0.238835 -0.336234 0.910991
vn -0.238835 -0.336234 0.910991
vn 0.398457 -0.431501 0.809345
vn 0.398457 -0.431501 0.809345
vn 0.398457 -0.431501 0.809345
vn 0.492841 -0.606925 0.623498
vn 0.492841 -0.606925 0.623498
vn 0.492841 -0.606925 0.623498
vn 0.905252 -0.271901 -0.326480
vn 0.905252 -0.271901 -0.326480
vn 0.905252 -0.271901 -0.326480
vn 0.842049 -0.253179 -0.476292
vn 0.842049 -0.253179 -0.476292
vn 0.842049 -0.253179 -0.476292
vn 0.838633 -0.259563 -0.478876
vn 0.838633 -0.259563 -0.478876
vn 0.838633 -0.259563 -0.478876
vn 0.652144 -0.731007 -0.200841
vn 0.652144 -0.731007 -0.200841
vn 0.652144 -0.731007 -0.200841
vn 0.903133 -0.278898 -0.326445
vn 0.903133 -0.278898 -0.326445
vn 0.903133 -0.278898 -0.326445
vn 0.951952 -0.290583 -0.096687
vn 0.951952 -0.290583 -0.096687
vn 0.951952 -0.290583 -0.096687
vn 0.652220 -0.730932 -0.200867
vn 0.652220 -0.730932 -0.200867
vn 0.652220 -0.730932 -0.200867
vn -0.526609 -0.633576 0.566802
vn -0.526609 -0.633576 0.566802
vn -0.526609 -0.633576 0.566802
vn -0.492053 -0.171282 0.853549
vn -0.492053 -0.171282 0.853549
vn -0.492053 -0.171282 0.853549
vn -0.234527 -0.215595 0.947901
vn -0.234527 -0.215595 0.947901
vn -0.234527 -0.215595 0.947901
vn -0.243138 -0.212300 0.946474
vn -0.243138 -0.212300 0.946474
vn -0.243138 -0.212300 0.946474
vn -0.681519 -0.135288 0.719186
vn -0.681519 -0.135288 0.719186
vn -0.681519 -0.135288 0.719186
vn -0.537662 -0.147898 0.830088
vn -0.537662 -0.147898 0.830088
vn -0.537662 -0.147898 0.830088
vn -0.684114 -0.134128 0.716936
vn -0.684114 -0.134128 0.716936
vn -0.684114 -0.134128 0.716936
vn -0.732620 -0.139689 0.666149
vn -0.732620 -0.139689 0.666149
vn -0.732620 -0.139689 0.666149
vn -0.759220 -0.125604 0.638598
vn -0.759220 -0.125604 0.638598
vn -0.759220 -0.125604 0.638598
vn -0.779818 -0.128619 0.612651
vn -0.779818 -0.128619 0.612651
vn -0.779818 -0.128619 0.612651
vn -0.714212 -0.242106 0.656723
vn -0.714212 -0.242106 0.656723
vn -0.714212 -0.242106 0.656723
vn -0.549960 -0.616303 0.563662
vn -0.549960 -0.616303 0.563662
vn -0.549960 -0.616303 0.563662
vn -0.761356 -0.258248 0.594680
vn -0.761356 -0.258248 0.594680
vn -0.761356 -0.258248 0.594680
vn 0.357248 -0.254846 0.898570
vn 0.357248 -0.254846 0.898570
vn 0.357248 -0.254846 0.898570
vn 0.371015 -0.257369 0.892249
vn 0.371015 -0.257369 0.892249
vn 0.371015 -0.257369 0.892249
vn 0.381810 -0.434552 0.815712
vn 0.381810 -0.434552 0.815712
vn 0.381810 -0.434552 0.815712
vn 0.946485 -0.310649 -0.087539
vn 0.946485 -0.310649 -0.087539
vn 0.946485 -0.310649 -0.087539
vn 0.934180 -0.286216 0.213044
vn 0.934180 -0.286216 0.213044
vn 0.934180 -0.286216 0.213044
vn 0.882398 -0.092082 -0.461405
vn 0.882398 -0.092082 -0.461405
vn 0.882398 -0.092082 -0.461405
vn 0.853598 -0.089008 -0.513272
vn 0.853598 -0.089008 -0.513272
vn 0.853598 -0.089008 -0.513272
vn 0.845919 -0.100200 -0.523814
vn 0.845919 -0.100200 -0.523814
vn 0.845919 -0.100200 -0.523814
vn 0.830064 -0.098322 -0.548933
vn 0.830064 -0.098322 -0.548933
vn 0.830064 -0.098322 -0.548933
vn 0.778216 -0.240863 -0.579970
vn 0.778216 -0.240863 -0.579970
vn 0.778216 -0.240863 -0.579970
vn 0.814248 -0.113818 -0.569250
vn 0.814248 -0.113818 -0.569250
vn 0.814248 -0.113818 -0.569250
vn 0.761345 -0.258259 -0.594690
vn 0.761345 -0.258259 -0.594690
vn 0.761345 -0.258259 -0.594690
vn 0.549942 -0.616312 -0.563669
vn 0.549942 -0.616312 -0.563669
vn 0.549942 -0.616312 -0.563669
vn 0.930076 -0.091041 -0.355907
vn 0.930076 -0.091041 -0.355907
vn 0.930076 -0.091041 -0.355907
vn 0.885357 -0.085601 -0.456963
vn 0.885357 -0.085601 -0.456963
vn 0.885357 -0.085601 -0.456963
vn 0.526609 -0.633571 -0.566807
vn 0.526609 -0.633571 -0.566807
vn 0.526609 -0.633571 -0.566807
vn -0.652233 -0.730913 0.200891
vn -0.652233 -0.730913 0.200891
vn -0.652233 -0.730913 0.200891
vn -0.264971 -0.105158 0.958505
vn -0.264971 -0.105158 0.958505
vn -0.264971 -0.105158 0.958505
vn -0.561569 -0.096276 0.821810
vn -0.561569 -0.096276 0.821810
vn -0.561569 -0.096276 0.821810
vn -0.269102 -0.104134 0.957466
vn -0.269102 -0.104134 0.957466
vn -0.269102 -0.104134 0.957466
vn 0.396392 -0.099237 0.912702
vn 0.396392 -0.099237 0.912702
vn 0.396392 -0.099237 0.912702
vn 0.395627 -0.099127 0.913046
vn 0.395627 -0.099127 0.913046
vn 0.395627 -0.099127 0.913046
vn -0.579625 -0.089567 0.809946
vn -0.579625 -0.089567 0.809946
vn -0.579625 -0.089567 0.809946
vn -0.715566 -0.087282 0.693071
vn -0.715566 -0.087282 0.693071
vn -0.715566 -0.087282 0.693071
vn -0.785964 -0.078388 0.613283
vn -0.785964 -0.078388 0.613283
vn -0.785964 -0.078388 0.613283
vn -0.737440 -0.077044 0.671005
vn -0.737440 -0.077044 0.671005
vn -0.737440 -0.077044 0.671005
vn -0.802874 -0.112253 0.585485
vn -0.802874 -0.112253 0.585485
vn -0.802874 -0.112253 0.585485
vn -0.819877 -0.066394 0.568677
vn -0.819877 -0.066394 0.568677
vn -0.819877 -0.066394 0.568677
vn -0.808139 -0.065703 0.585316
vn -0.808139 -0.065703 0.585316
vn -0.808139 -0.065703 0.585316
vn -0.778216 -0.240863 0.579970
vn -0.778216 -0.240863 0.579970
vn -0.778216 -0.240863 0.579970
vn -0.814248 -0.113818 0.569249
vn -0.814248 -0.113818 0.569249
vn -0.814248 -0.113818 0.569249
vn -0.652157 -0.730989 0.200864
vn -0.652157 -0.730989 0.200864
vn -0.652157 -0.730989 0.200864
vn -0.838632 -0.259562 0.478878
vn -0.838632 -0.259562 0.478878
vn -0.838632 -0.259562 0.478878
vn 0.888595 -0.354016 0.291671
vn 0.888595 -0.354016 0.291671
vn 0.888595 -0.354016 0.291671
vn 0.882537 -0.167783 0.439292
vn 0.882537 -0.167783 0.439292
vn 0.882537 -0.167783 0.439292
vn 0.928727 -0.175687 0.326498
vn 0.928727 -0.175687 0.326498
vn 0.928727 -0.175687 0.326498
vn 0.969779 -0.040240 0.240644
vn 0.969779 -0.040240 0.240644
vn 0.969779 -0.040240 0.240644
vn 0.968057 -0.039165 0.247652
vn 0.968057 -0.039165 0.247652
vn 0.968057 -0.039165 0.247652
vn 0.977650 -0.099590 -0.185154
vn 0.977650 -0.099590 -0.185154
vn 0.977650 -0.099590 -0.185154
vn 0.931027 -0.088019 -0.354178
vn 0.931027 -0.088019 -0.354178
vn 0.931027 -0.088019 -0.354178
vn 0.850773 -0.036952 -0.524233
vn 0.850773 -0.036952 -0.524233
vn 0.850773 -0.036952 -0.524233
vn 0.863196 -0.023249 -0.504333
vn 0.863196 -0.023249 -0.504333
vn 0.863196 -0.023249 -0.504333
vn 0.872194 -0.023517 -0.488595
vn 0.872194 -0.023517 -0.488595
vn 0.872194 -0.023517 -0.488595
vn 0.837640 -0.051989 -0.543743
vn 0.837640 -0.051989 -0.543743
vn 0.837640 -0.051989 -0.543743
vn 0.854712 -0.037123 -0.517773
vn 0.854712 -0.037123 -0.517773
vn 0.854712 -0.037123 -0.517773
vn 0.819877 -0.066394 -0.568676
vn 0.819877 -0.066394 -0.568676
vn 0.819877 -0.066394 -0.568676
vn 0.802875 -0.112253 -0.585484
vn 0.802875 -0.112253 -0.585484
vn 0.802875 -0.112253 -0.585484
vn 0.840135 -0.052137 -0.539866
vn 0.840135 -0.052137 -0.539866
vn 0.840135 -0.052137 -0.539866
vn 0.714206 -0.242117 -0.656726
vn 0.714206 -0.242117 -0.656726
vn 0.714206 -0.242117 -0.656726
vn 0.779818 -0.128619 -0.612651
vn 0.779818 -0.128619 -0.612651
vn 0.779818 -0.128619 -0.612651
vn 0.683603 -0.261684 -0.681328
vn 0.683603 -0.261684 -0.681328
vn 0.683603 -0.261684 -0.681328
vn 0.430562 -0.516719 -0.740012
vn 0.430562 -0.516719 -0.740012
vn 0.430562 -0.516719 -0.740012
vn 0.880967 -0.011674 -0.473033
vn 0.880967 -0.011674 -0.473033
vn 0.880967 -0.011674 -0.473033
vn 0.909690 -0.012819 -0.415089
vn 0.909690 -0.012819 -0.415089
vn 0.909690 -0.012819 -0.415089
vn 0.394119 -0.532471 -0.749096
vn 0.394119 -0.532471 -0.749096
vn 0.394119 -0.532471 -0.749096
vn -0.645416 -0.721408 -0.251017
vn -0.645416 -0.721408 -0.251017
vn -0.645416 -0.721408 -0.251017
vn 0.411992 -0.008778 0.911145
vn 0.411992 -0.008778 0.911145
vn 0.411992 -0.008778 0.911145
vn 0.405924 -0.008215 0.913870
vn 0.405924 -0.008215 0.913870
vn 0.405924 -0.008215 0.913870
vn -0.283464 -0.044237 0.957962
vn -0.283464 -0.044237 0.957962
vn -0.283464 -0.044237 0.957962
vn -0.286564 -0.043771 0.957061
vn -0.286564 -0.043771 0.957061
vn -0.286564 -0.043771 0.957061
vn -0.593228 -0.056200 0.803071
vn -0.593228 -0.056200 0.803071
vn -0.593228 -0.056200 0.803071
vn 0.978384 0.030453 0.204540
vn 0.978384 0.030453 0.204540
vn 0.978384 0.030453 0.204540
vn 0.971428 0.035134 0.234720
vn 0.971428 0.035134 0.234720
vn 0.971428 0.035134 0.234720
vn -0.607704 -0.052308 0.792439
vn -0.607704 -0.052308 0.792439
vn -0.607704 -0.052308 0.792439
vn -0.746077 -0.057292 0.663390
vn -0.746077 -0.057292 0.663390
vn -0.746077 -0.057292 0.663390
vn -0.766465 -0.049016 0.640413
vn -0.766465 -0.049016 0.640413
vn -0.766465 -0.049016 0.640413
vn -0.813448 -0.050812 0.579414
vn -0.813448 -0.050812 0.579414
vn -0.813448 -0.050812 0.579414
vn -0.840122 -0.052146 0.539885
vn -0.840122 -0.052146 0.539885
vn -0.840122 -0.052146 0.539885
vn -0.837629 -0.051998 0.543759
vn -0.837629 -0.051998 0.543759
vn -0.837629 -0.051998 0.543759
vn -0.830052 -0.098334 0.548949
vn -0.830052 -0.098334 0.548949
vn -0.830052 -0.098334 0.548949
vn -0.834671 -0.039423 0.549336
vn -0.834671 -0.039423 0.549336
vn -0.834671 -0.039423 0.549336
vn -0.843052 -0.039750 0.536362
vn -0.843052 -0.039750 0.536362
vn -0.843052 -0.039750 0.536362
vn -0.842043 -0.253187 0.476298
vn -0.842043 -0.253187 0.476298
vn -0.842043 -0.253187 0.476298
vn -0.845915 -0.100214 0.523818
vn -0.845915 -0.100214 0.523818
vn -0.845915 -0.100214 0.523818
vn -0.905253 -0.271912 0.326468
vn -0.905253 -0.271912 0.326468
vn -0.905253 -0.271912 0.326468
vn -0.623610 -0.735317 -0.265366
vn -0.623610 -0.735317 -0.265366
vn -0.623610 -0.735317 -0.265366
vn 0.981982 -0.084736 -0.168912
vn 0.981982 -0.084736 -0.168912
vn 0.981982 -0.084736 -0.168912
vn 0.969560 -0.010530 -0.244627
vn 0.969560 -0.010530 -0.244627
vn 0.969560 -0.010530 -0.244627
vn 0.973035 -0.004743 -0.230607
vn 0.973035 -0.004743 -0.230607
vn 0.973035 -0.004743 -0.230607
vn 0.966354 0.030776 -0.255367
vn 0.966354 0.030776 -0.255367
vn 0.966354 0.030776 -0.255367
vn 0.973224 0.039896 -0.226369
vn 0.973224 0.039896 -0.226369
vn 0.973224 0.039896 -0.226369
vn 0.915700 -0.003732 -0.401845
vn 0.915700 -0.003732 -0.401845
vn 0.915700 -0.003732 -0.401845
vn 0.862371 -0.010720 -0.506164
vn 0.862371 -0.010720 -0.506164
vn 0.862371 -0.010720 -0.506164
vn 0.875271 -0.010880 -0.483511
vn 0.875271 -0.010880 -0.483511
vn 0.875271 -0.010880 -0.483511
vn 0.855781 -0.025869 -0.516691
vn 0.855781 -0.025869 -0.516691
vn 0.855781 -0.025869 -0.516691
vn 0.877950 0.004303 -0.478733
vn 0.877950 0.004303 -0.478733
vn 0.877950 0.004303 -0.478733
vn 0.879277 0.004308 -0.476291
vn 0.879277 0.004308 -0.476291
vn 0.879277 0.004308 -0.476291
vn 0.863881 -0.026106 -0.503019
vn 0.863881 -0.026106 -0.503019
vn 0.863881 -0.026106 -0.503019
vn 0.843062 -0.039750 -0.536345
vn 0.843062 -0.039750 -0.536345
vn 0.843062 -0.039750 -0.536345
vn 0.808138 -0.065703 -0.585317
vn 0.808138 -0.065703 -0.585317
vn 0.808138 -0.065703 -0.585317
vn 0.785945 -0.078398 -0.613306
vn 0.785945 -0.078398 -0.613306
vn 0.785945 -0.078398 -0.613306
vn 0.759208 -0.125602 -0.638614
vn 0.759208 -0.125602 -0.638614
vn 0.759208 -0.125602 -0.638614
vn 0.834671 -0.039422 -0.549337
vn 0.834671 -0.039422 -0.549337
vn 0.834671 -0.039422 -0.549337
vn 0.813448 -0.050811 -0.579415
vn 0.813448 -0.050811 -0.579415
vn 0.813448 -0.050811 -0.579415
vn 0.732619 -0.139681 -0.666152
vn 0.732619 -0.139681 -0.666152
vn 0.732619 -0.139681 -0.666152
vn 0.637779 -0.242806 -0.730947
vn 0.637779 -0.242806 -0.730947
vn 0.637779 -0.242806 -0.730947
vn 0.327061 -0.432007 -0.840477
vn 0.327061 -0.432007 -0.840477
vn 0.327061 -0.432007 -0.840477
vn 0.600377 -0.257607 -0.757091
vn 0.600377 -0.257607 -0.757091
vn 0.600377 -0.257607 -0.757091
vn 0.892219 0.018537 -0.451222
vn 0.892219 0.018537 -0.451222
vn 0.892219 0.018537 -0.451222
vn 0.910045 0.018737 -0.414086
vn 0.910045 0.018737 -0.414086
vn 0.910045 0.018737 -0.414086
vn 0.295920 -0.439115 -0.848298
vn 0.295920 -0.439115 -0.848298
vn 0.295920 -0.439115 -0.848298
vn -0.521076 -0.598444 -0.608559
vn -0.521076 -0.598444 -0.608559
vn -0.521076 -0.598444 -0.608559
vn 0.409329 0.023149 0.912093
vn 0.409329 0.023149 0.912093
vn 0.409329 0.023149 0.912093
vn 0.972550 0.054697 0.226173
vn 0.972550 0.054697 0.226173
vn 0.972550 0.054697 0.226173
vn 0.960833 0.060270 0.270494
vn 0.960833 0.060270 0.270494
vn 0.960833 0.060270 0.270494
vn 0.401852 0.023545 0.915402
vn 0.401852 0.023545 0.915402
vn 0.401852 0.023545 0.915402
vn -0.290733 -0.022559 0.956538
vn -0.290733 -0.022559 0.956538
vn -0.290733 -0.022559 0.956538
vn -0.610654 -0.042148 0.790775
vn -0.610654 -0.042148 0.790775
vn -0.610654 -0.042148 0.790775
vn -0.295029 -0.022181 0.955231
vn -0.295029 -0.022181 0.955231
vn -0.295029 -0.022181 0.955231
vn 0.972435 0.045227 -0.228745
vn 0.972435 0.045227 -0.228745
vn 0.972435 0.045227 -0.228745
vn 0.981552 0.056204 -0.182746
vn 0.981552 0.056204 -0.182746
vn 0.981552 0.056204 -0.182746
vn -0.767055 -0.046903 0.639865
vn -0.767055 -0.046903 0.639865
vn -0.767055 -0.046903 0.639865
vn -0.627263 -0.038975 0.777832
vn -0.627263 -0.038975 0.777832
vn -0.627263 -0.038975 0.777832
vn -0.789315 -0.039498 0.612716
vn -0.789315 -0.039498 0.612716
vn -0.789315 -0.039498 0.612716
vn -0.834193 -0.041613 0.549900
vn -0.834193 -0.041613 0.549900
vn -0.834193 -0.041613 0.549900
vn -0.854723 -0.037114 0.517756
vn -0.854723 -0.037114 0.517756
vn -0.854723 -0.037114 0.517756
vn -0.855791 -0.025869 0.516675
vn -0.855791 -0.025869 0.516675
vn -0.855791 -0.025869 0.516675
vn -0.863871 -0.026106 0.503037
vn -0.863871 -0.026106 0.503037
vn -0.863871 -0.026106 0.503037
vn -0.850781 -0.036943 0.524220
vn -0.850781 -0.036943 0.524220
vn -0.850781 -0.036943 0.524220
vn -0.853607 -0.089003 0.513258
vn -0.853607 -0.089003 0.513258
vn -0.853607 -0.089003 0.513258
vn -0.857521 -0.030479 0.513546
vn -0.857521 -0.030479 0.513546
vn -0.857521 -0.030479 0.513546
vn -0.863223 -0.030676 0.503890
vn -0.863223 -0.030676 0.503890
vn -0.863223 -0.030676 0.503890
vn -0.903133 -0.278913 0.326433
vn -0.903133 -0.278913 0.326433
vn -0.903133 -0.278913 0.326433
vn -0.882396 -0.092075 0.461410
vn -0.882396 -0.092075 0.461410
vn -0.882396 -0.092075 0.461410
vn -0.492878 -0.606922 -0.623471
vn -0.492878 -0.606922 -0.623471
vn -0.492878 -0.606922 -0.623471
vn -0.951949 -0.290597 0.096678
vn -0.951949 -0.290597 0.096678
vn -0.951949 -0.290597 0.096678
vn 0.921503 0.031078 -0.387126
vn 0.921503 0.031078 -0.387126
vn 0.921503 0.031078 -0.387126
vn 0.921699 0.029980 -0.386746
vn 0.921699 0.029980 -0.386746
vn 0.921699 0.029980 -0.386746
vn 0.937406 0.043765 -0.345477
vn 0.937406 0.043765 -0.345477
vn 0.937406 0.043765 -0.345477
vn 0.874976 -0.016663 -0.483880
vn 0.874976 -0.016663 -0.483880
vn 0.874976 -0.016663 -0.483880
vn 0.897213 -0.001302 -0.441595
vn 0.897213 -0.001302 -0.441595
vn 0.897213 -0.001302 -0.441595
vn 0.879577 -0.001277 -0.475754
vn 0.879577 -0.001277 -0.475754
vn 0.879577 -0.001277 -0.475754
vn 0.863233 -0.030677 -0.503873
vn 0.863233 -0.030677 -0.503873
vn 0.863233 -0.030677 -0.503873
vn 0.886302 -0.016877 -0.462800
vn 0.886302 -0.016877 -0.462800
vn 0.886302 -0.016877 -0.462800
vn 0.900335 0.014499 -0.434956
vn 0.900335 0.014499 -0.434956
vn 0.900335 0.014499 -0.434956
vn 0.892782 0.014378 -0.450260
vn 0.892782 0.014378 -0.450260
vn 0.892782 0.014378 -0.450260
vn 0.834194 -0.041606 -0.549899
vn 0.834194 -0.041606 -0.549899
vn 0.834194 -0.041606 -0.549899
vn 0.857509 -0.030479 -0.513565
vn 0.857509 -0.030479 -0.513565
vn 0.857509 -0.030479 -0.513565
vn 0.746066 -0.057299 -0.663402
vn 0.746066 -0.057299 -0.663402
vn 0.746066 -0.057299 -0.663402
vn 0.737427 -0.077053 -0.671017
vn 0.737427 -0.077053 -0.671017
vn 0.737427 -0.077053 -0.671017
vn 0.766473 -0.049017 -0.640403
vn 0.766473 -0.049017 -0.640403
vn 0.766473 -0.049017 -0.640403
vn 0.715563 -0.087287 -0.693074
vn 0.715563 -0.087287 -0.693074
vn 0.715563 -0.087287 -0.693074
vn 0.684119 -0.134121 -0.716933
vn 0.684119 -0.134121 -0.716933
vn 0.684119 -0.134121 -0.716933
vn 0.767063 -0.046901 -0.639855
vn 0.767063 -0.046901 -0.639855
vn 0.767063 -0.046901 -0.639855
vn 0.789332 -0.039492 -0.612695
vn 0.789332 -0.039492 -0.612695
vn 0.789332 -0.039492 -0.612695
vn 0.555949 -0.231669 -0.798280
vn 0.555949 -0.231669 -0.798280
vn 0.555949 -0.231669 -0.798280
vn 0.681555 -0.135268 -0.719156
vn 0.681555 -0.135268 -0.719156
vn 0.681555 -0.135268 -0.719156
vn 0.253732 -0.335322 -0.907292
vn 0.253732 -0.335322 -0.907292
vn 0.253732 -0.335322 -0.907292
vn 0.503971 -0.240922 -0.829439
vn 0.503971 -0.240922 -0.829439
vn 0.503971 -0.240922 -0.829439
vn 0.911484 0.029660 -0.410264
vn 0.911484 0.029660 -0.410264
vn 0.911484 0.029660 -0.410264
vn 0.238820 -0.336237 -0.910994
vn 0.238820 -0.336237 -0.910994
vn 0.238820 -0.336237 -0.910994
vn -0.398486 -0.431500 -0.809331
vn -0.398486 -0.431500 -0.809331
vn -0.398486 -0.431500 -0.809331
vn 0.401964 0.027974 0.915228
vn 0.401964 0.027974 0.915228
vn 0.401964 0.027974 0.915228
vn 0.960822 0.057928 0.271046
vn 0.960822 0.057928 0.271046
vn 0.960822 0.057928 0.271046
vn 0.943090 0.063246 0.326467
vn 0.943090 0.063246 0.326467
vn 0.943090 0.063246 0.326467
vn 0.982362 0.047944 -0.180735
vn 0.982362 0.047944 -0.180735
vn 0.982362 0.047944 -0.180735
vn 0.991161 0.059295 -0.118679
vn 0.991161 0.059295 -0.118679
vn 0.991161 0.059295 -0.118679
vn 0.392539 0.028236 0.919302
vn 0.392539 0.028236 0.919302
vn 0.392539 0.028236 0.919302
vn -0.295462 -0.019010 0.955165
vn -0.295462 -0.019010 0.955165
vn -0.295462 -0.019010 0.955165
vn -0.626972 -0.040585 0.777984
vn -0.626972 -0.040585 0.777984
vn -0.626972 -0.040585 0.777984
vn -0.300984 -0.018723 0.953445
vn -0.300984 -0.018723 0.953445
vn -0.300984 -0.018723 0.953445
vn 0.938681 0.032275 -0.343272
vn 0.938681 0.032275 -0.343272
vn 0.938681 0.032275 -0.343272
vn 0.956697 0.046589 -0.287334
vn 0.956697 0.046589 -0.287334
vn 0.956697 0.046589 -0.287334
vn -0.647818 -0.037679 0.760863
vn -0.647818 -0.037679 0.760863
vn -0.647818 -0.037679 0.760863
vn -0.788214 -0.046208 0.613664
vn -0.788214 -0.046208 0.613664
vn -0.788214 -0.046208 0.613664
vn -0.856217 -0.040983 0.514989
vn -0.856217 -0.040983 0.514989
vn -0.856217 -0.040983 0.514989
vn -0.814683 -0.038913 0.578599
vn -0.814683 -0.038913 0.578599
vn -0.814683 -0.038913 0.578599
vn -0.863192 -0.023254 0.504341
vn -0.863192 -0.023254 0.504341
vn -0.863192 -0.023254 0.504341
vn -0.862366 -0.010720 0.506172
vn -0.862366 -0.010720 0.506172
vn -0.862366 -0.010720 0.506172
vn -0.875280 -0.010880 0.483494
vn -0.875280 -0.010880 0.483494
vn -0.875280 -0.010880 0.483494
vn -0.886302 -0.016871 0.462800
vn -0.886302 -0.016871 0.462800
vn -0.886302 -0.016871 0.462800
vn -0.874985 -0.016657 0.483863
vn -0.874985 -0.016657 0.483863
vn -0.874985 -0.016657 0.483863
vn -0.885355 -0.085594 0.456968
vn -0.885355 -0.085594 0.456968
vn -0.885355 -0.085594 0.456968
vn -0.872195 -0.023522 0.488592
vn -0.872195 -0.023522 0.488592
vn -0.872195 -0.023522 0.488592
vn -0.885298 -0.029819 0.464068
vn -0.885298 -0.029819 0.464068
vn -0.885298 -0.029819 0.464068
vn -0.882597 -0.029724 0.469191
vn -0.882597 -0.029724 0.469191
vn -0.882597 -0.029724 0.469191
vn -0.946479 -0.310670 0.087527
vn -0.946479 -0.310670 0.087527
vn -0.946479 -0.310670 0.087527
vn -0.930068 -0.091032 0.355930
vn -0.930068 -0.091032 0.355930
vn -0.930068 -0.091032 0.355930
vn -0.381812 -0.434557 -0.815708
vn -0.381812 -0.434557 -0.815708
vn -0.381812 -0.434557 -0.815708
vn -0.934170 -0.286234 -0.213065
vn -0.934170 -0.286234 -0.213065
vn -0.934170 -0.286234 -0.213065
vn 0.912609 0.016307 -0.408508
vn 0.912609 0.016307 -0.408508
vn 0.912609 0.016307 -0.408508
vn 0.934171 0.032112 -0.355378
vn 0.934171 0.032112 -0.355378
vn 0.934171 0.032112 -0.355378
vn 0.896871 -0.015466 -0.442023
vn 0.896871 -0.015466 -0.442023
vn 0.896871 -0.015466 -0.442023
vn 0.910661 -0.015716 -0.412855
vn 0.910661 -0.015716 -0.412855
vn 0.910661 -0.015716 -0.412855
vn 0.885298 -0.029819 -0.464068
vn 0.885298 -0.029819 -0.464068
vn 0.885298 -0.029819 -0.464068
vn 0.921253 0.000280 -0.388964
vn 0.921253 0.000280 -0.388964
vn 0.921253 0.000280 -0.388964
vn 0.900849 0.000274 -0.434132
vn 0.900849 0.000274 -0.434132
vn 0.900849 0.000274 -0.434132
vn 0.882596 -0.029724 -0.469191
vn 0.882596 -0.029724 -0.469191
vn 0.882596 -0.029724 -0.469191
vn 0.856204 -0.040988 -0.515009
vn 0.856204 -0.040988 -0.515009
vn 0.856204 -0.040988 -0.515009
vn 0.924229 0.016525 -0.381480
vn 0.924229 0.016525 -0.381480
vn 0.924229 0.016525 -0.381480
vn 0.814667 -0.038917 -0.578621
vn 0.814667 -0.038917 -0.578621
vn 0.814667 -0.038917 -0.578621
vn 0.788230 -0.046203 -0.613644
vn 0.788230 -0.046203 -0.613644
vn 0.788230 -0.046203 -0.613644
vn 0.607672 -0.052313 -0.792463
vn 0.607672 -0.052313 -0.792463
vn 0.607672 -0.052313 -0.792463
vn 0.593240 -0.056194 -0.803062
vn 0.593240 -0.056194 -0.803062
vn 0.593240 -0.056194 -0.803062
vn 0.579633 -0.089571 -0.809940
vn 0.579633 -0.089571 -0.809940
vn 0.579633 -0.089571 -0.809940
vn 0.610623 -0.042151 -0.790799
vn 0.610623 -0.042151 -0.790799
vn 0.610623 -0.042151 -0.790799
vn 0.627263 -0.038973 -0.777832
vn 0.627263 -0.038973 -0.777832
vn 0.627263 -0.038973 -0.777832
vn 0.561578 -0.096280 -0.821803
vn 0.561578 -0.096280 -0.821803
vn 0.561578 -0.096280 -0.821803
vn 0.537679 -0.147883 -0.830079
vn 0.537679 -0.147883 -0.830079
vn 0.537679 -0.147883 -0.830079
vn 0.647840 -0.037676 -0.760844
vn 0.647840 -0.037676 -0.760844
vn 0.647840 -0.037676 -0.760844
vn 0.626972 -0.040585 -0.777984
vn 0.626972 -0.040585 -0.777984
vn 0.626972 -0.040585 -0.777984
vn 0.492051 -0.171278 -0.853551
vn 0.492051 -0.171278 -0.853551
vn 0.492051 -0.171278 -0.853551
vn 0.234512 -0.215600 -0.947903
vn 0.234512 -0.215600 -0.947903
vn 0.234512 -0.215600 -0.947903
vn 0.243146 -0.212297 -0.946472
vn 0.243146 -0.212297 -0.946472
vn 0.243146 -0.212297 -0.946472
vn -0.371014 -0.257363 -0.892252
vn -0.371014 -0.257363 -0.892252
vn -0.371014 -0.257363 -0.892252
vn -0.357248 -0.254840 -0.898571
vn -0.357248 -0.254840 -0.898571
vn -0.357248 -0.254840 -0.898571
vn 0.392353 0.034406 0.919171
vn 0.392353 0.034406 0.919171
vn 0.392353 0.034406 0.919171
vn 0.943141 0.061612 0.326634
vn 0.943141 0.061612 0.326634
vn 0.943141 0.061612 0.326634
vn 0.919295 0.066717 0.387873
vn 0.919295 0.066717 0.387873
vn 0.919295 0.066717 0.387873
vn 0.991748 0.050767 -0.117727
vn 0.991748 0.050767 -0.117727
vn 0.991748 0.050767 -0.117727
vn 0.997119 0.062409 -0.043109
vn 0.997119 0.062409 -0.043109
vn 0.997119 0.062409 -0.043109
vn 0.957542 0.034491 -0.286222
vn 0.957542 0.034491 -0.286222
vn 0.957542 0.034491 -0.286222
vn 0.974831 0.049325 -0.217418
vn 0.974831 0.049325 -0.217418
vn 0.974831 0.049325 -0.217418
vn -0.301472 -0.013583 0.953378
vn -0.301472 -0.013583 0.953378
vn -0.301472 -0.013583 0.953378
vn 0.381694 0.034572 0.923642
vn 0.381694 0.034572 0.923642
vn 0.381694 0.034572 0.923642
vn -0.307976 -0.013395 0.951300
vn -0.307976 -0.013395 0.951300
vn -0.307976 -0.013395 0.951300
vn -0.647791 -0.037932 0.760873
vn -0.647791 -0.037932 0.760873
vn -0.647791 -0.037932 0.760873
vn 0.934898 0.018122 -0.354454
vn 0.934898 0.018122 -0.354454
vn 0.934898 0.018122 -0.354454
vn 0.956603 0.034444 -0.289350
vn 0.956603 0.034444 -0.289350
vn 0.956603 0.034444 -0.289350
vn -0.672705 -0.035326 0.739067
vn -0.672705 -0.035326 0.739067
vn -0.672705 -0.035326 0.739067
vn -0.814115 -0.044967 0.578960
vn -0.814115 -0.044967 0.578960
vn -0.814115 -0.044967 0.578960
vn -0.843805 -0.037876 0.535312
vn -0.843805 -0.037876 0.535312
vn -0.843805 -0.037876 0.535312
vn -0.881881 -0.040093 0.469764
vn -0.881881 -0.040093 0.469764
vn -0.881881 -0.040093 0.469764
vn -0.880972 -0.011674 0.473024
vn -0.880972 -0.011674 0.473024
vn -0.880972 -0.011674 0.473024
vn -0.877956 0.004299 0.478722
vn -0.877956 0.004299 0.478722
vn -0.877956 0.004299 0.478722
vn -0.879268 0.004304 0.476308
vn -0.879268 0.004304 0.476308
vn -0.879268 0.004304 0.476308
vn -0.897213 -0.001303 0.441595
vn -0.897213 -0.001303 0.441595
vn -0.897213 -0.001303 0.441595
vn -0.879568 -0.001277 0.475771
vn -0.879568 -0.001277 0.475771
vn -0.879568 -0.001277 0.475771
vn -0.896870 -0.015472 0.442023
vn -0.896870 -0.015472 0.442023
vn -0.896870 -0.015472 0.442023
vn -0.910652 -0.015721 0.412876
vn -0.910652 -0.015721 0.412876
vn -0.910652 -0.015721 0.412876
vn -0.931019 -0.088008 0.354200
vn -0.931019 -0.088008 0.354200
vn -0.931019 -0.088008 0.354200
vn -0.909685 -0.012819 0.415102
vn -0.909685 -0.012819 0.415102
vn -0.909685 -0.012819 0.415102
vn -0.909804 -0.028824 0.414037
vn -0.909804 -0.028824 0.414037
vn -0.909804 -0.028824 0.414037
vn -0.910114 -0.028837 0.413354
vn -0.910114 -0.028837 0.413354
vn -0.910114 -0.028837 0.413354
vn -0.888642 -0.353955 -0.291600
vn -0.888642 -0.353955 -0.291600
vn -0.888642 -0.353955 -0.291600
vn -0.977659 -0.099583 0.185113
vn -0.977659 -0.099583 0.185113
vn -0.977659 -0.099583 0.185113
vn -0.882595 -0.167793 -0.439171
vn -0.882595 -0.167793 -0.439171
vn -0.882595 -0.167793 -0.439171
vn -0.928704 -0.175684 -0.326564
vn -0.928704 -0.175684 -0.326564
vn -0.928704 -0.175684 -0.326564
vn 0.924579 0.001773 -0.380986
vn 0.924579 0.001773 -0.380986
vn 0.924579 0.001773 -0.380986
vn 0.948181 0.018465 -0.317193
vn 0.948181 0.018465 -0.317193
vn 0.948181 0.018465 -0.317193
vn 0.910123 -0.028835 -0.413333
vn 0.910123 -0.028835 -0.413333
vn 0.910123 -0.028835 -0.413333
vn 0.935899 -0.014564 -0.351966
vn 0.935899 -0.014564 -0.351966
vn 0.935899 -0.014564 -0.351966
vn 0.921107 -0.014248 -0.389048
vn 0.921107 -0.014248 -0.389048
vn 0.921107 -0.014248 -0.389048
vn 0.881881 -0.040093 -0.469764
vn 0.881881 -0.040093 -0.469764
vn 0.881881 -0.040093 -0.469764
vn 0.909809 -0.028822 -0.414025
vn 0.909809 -0.028822 -0.414025
vn 0.909809 -0.028822 -0.414025
vn 0.945539 0.001813 -0.325505
vn 0.945539 0.001813 -0.325505
vn 0.945539 0.001813 -0.325505
vn 0.814099 -0.044971 -0.578982
vn 0.814099 -0.044971 -0.578982
vn 0.814099 -0.044971 -0.578982
vn 0.843805 -0.037876 -0.535312
vn 0.843805 -0.037876 -0.535312
vn 0.843805 -0.037876 -0.535312
vn 0.647813 -0.037930 -0.760855
vn 0.647813 -0.037930 -0.760855
vn 0.647813 -0.037930 -0.760855
vn 0.672682 -0.035328 -0.739087
vn 0.672682 -0.035328 -0.739087
vn 0.672682 -0.035328 -0.739087
vn 0.290736 -0.022561 -0.956537
vn 0.290736 -0.022561 -0.956537
vn 0.290736 -0.022561 -0.956537
vn 0.295029 -0.022183 -0.955231
vn 0.295029 -0.022183 -0.955231
vn 0.295029 -0.022183 -0.955231
vn 0.286568 -0.043768 -0.957060
vn 0.286568 -0.043768 -0.957060
vn 0.286568 -0.043768 -0.957060
vn 0.283448 -0.044236 -0.957967
vn 0.283448 -0.044236 -0.957967
vn 0.283448 -0.044236 -0.957967
vn 0.269087 -0.104136 -0.957470
vn 0.269087 -0.104136 -0.957470
vn 0.269087 -0.104136 -0.957470
vn 0.295463 -0.019008 -0.955165
vn 0.295463 -0.019008 -0.955165
vn 0.295463 -0.019008 -0.955165
vn 0.300968 -0.018722 -0.953450
vn 0.300968 -0.018722 -0.953450
vn 0.300968 -0.018722 -0.953450
vn 0.264980 -0.105154 -0.958503
vn 0.264980 -0.105154 -0.958503
vn 0.264980 -0.105154 -0.958503
vn 0.301456 -0.013584 -0.953383
vn 0.301456 -0.013584 -0.953383
vn 0.301456 -0.013584 -0.953383
vn 0.307996 -0.013394 -0.951293
vn 0.307996 -0.013394 -0.951293
vn 0.307996 -0.013394 -0.951293
vn -0.396390 -0.099236 -0.912703
vn -0.396390 -0.099236 -0.912703
vn -0.396390 -0.099236 -0.912703
vn -0.395661 -0.099131 -0.913031
vn -0.395661 -0.099131 -0.913031
vn -0.395661 -0.099131 -0.913031
vn -0.969760 -0.040246 -0.240721
vn -0.969760 -0.040246 -0.240721
vn -0.969760 -0.040246 -0.240721
vn -0.968039 -0.039171 -0.247721
vn -0.968039 -0.039171 -0.247721
vn -0.968039 -0.039171 -0.247721
vn 0.919224 0.067961 0.387826
vn 0.919224 0.067961 0.387826
vn 0.919224 0.067961 0.387826
vn 0.890450 0.073063 0.449178
vn 0.890450 0.073063 0.449178
vn 0.890450 0.073063 0.449178
vn 0.381031 0.045635 0.923435
vn 0.381031 0.045635 0.923435
vn 0.381031 0.045635 0.923435
vn 0.997568 0.055014 -0.042795
vn 0.997568 0.055014 -0.042795
vn 0.997568 0.055014 -0.042795
vn 0.996992 0.066986 0.038994
vn 0.996992 0.066986 0.038994
vn 0.996992 0.066986 0.038994
vn 0.975442 0.037827 -0.216984
vn 0.975442 0.037827 -0.216984
vn 0.975442 0.037827 -0.216984
vn 0.988881 0.053155 -0.138882
vn 0.988881 0.053155 -0.138882
vn 0.988881 0.053155 -0.138882
vn 0.976009 0.037876 -0.214412
vn 0.976009 0.037876 -0.214412
vn 0.976009 0.037876 -0.214412
vn 0.957112 0.021110 -0.288947
vn 0.957112 0.021110 -0.288947
vn 0.957112 0.021110 -0.288947
vn 0.370043 0.045762 0.927887
vn 0.370043 0.045762 0.927887
vn 0.370043 0.045762 0.927887
vn -0.308705 -0.003105 0.951153
vn -0.308705 -0.003105 0.951153
vn -0.308705 -0.003105 0.951153
vn -0.316112 -0.003013 0.948717
vn -0.316112 -0.003013 0.948717
vn -0.316112 -0.003013 0.948717
vn -0.672959 -0.031571 0.739006
vn -0.672959 -0.031571 0.739006
vn -0.672959 -0.031571 0.739006
vn 0.948442 0.004661 -0.316917
vn 0.948442 0.004661 -0.316917
vn 0.948442 0.004661 -0.316917
vn 0.969531 0.021636 -0.244011
vn 0.969531 0.021636 -0.244011
vn 0.969531 0.021636 -0.244011
vn -0.843625 -0.041064 0.535361
vn -0.843625 -0.041064 0.535361
vn -0.843625 -0.041064 0.535361
vn -0.701015 -0.029409 0.712539
vn -0.701015 -0.029409 0.712539
vn -0.701015 -0.029409 0.712539
vn -0.909468 -0.037021 0.414122
vn -0.909468 -0.037021 0.414122
vn -0.909468 -0.037021 0.414122
vn -0.874849 -0.034398 0.483174
vn -0.874849 -0.034398 0.483174
vn -0.874849 -0.034398 0.483174
vn -0.892229 0.018537 0.451203
vn -0.892229 0.018537 0.451203
vn -0.892229 0.018537 0.451203
vn -0.910039 0.018737 0.414098
vn -0.910039 0.018737 0.414098
vn -0.910039 0.018737 0.414098
vn -0.915694 -0.003731 0.401858
vn -0.915694 -0.003731 0.401858
vn -0.915694 -0.003731 0.401858
vn -0.900335 0.014506 0.434957
vn -0.900335 0.014506 0.434957
vn -0.900335 0.014506 0.434957
vn -0.892790 0.014385 0.450243
vn -0.892790 0.014385 0.450243
vn -0.892790 0.014385 0.450243
vn -0.921257 0.000277 0.388954
vn -0.921257 0.000277 0.388954
vn -0.921257 0.000277 0.388954
vn -0.900849 0.000271 0.434132
vn -0.900849 0.000271 0.434132
vn -0.900849 0.000271 0.434132
vn -0.935899 -0.014562 0.351966
vn -0.935899 -0.014562 0.351966
vn -0.935899 -0.014562 0.351966
vn -0.921112 -0.014246 0.389038
vn -0.921112 -0.014246 0.389038
vn -0.921112 -0.014246 0.389038
vn -0.981981 -0.084761 0.168907
vn -0.981981 -0.084761 0.168907
vn -0.981981 -0.084761 0.168907
vn -0.969555 -0.010529 0.244649
vn -0.969555 -0.010529 0.244649
vn -0.969555 -0.010529 0.244649
vn -0.936662 -0.026035 0.349266
vn -0.936662 -0.026035 0.349266
vn -0.936662 -0.026035 0.349266
vn -0.935641 -0.025976 0.351997
vn -0.935641 -0.025976 0.351997
vn -0.935641 -0.025976 0.351997
vn -0.973031 -0.004741 0.230627
vn -0.973031 -0.004741 0.230627
vn -0.973031 -0.004741 0.230627
vn 0.945506 -0.011387 -0.325406
vn 0.945506 -0.011387 -0.325406
vn 0.945506 -0.011387 -0.325406
vn 0.967448 0.004754 -0.253025
vn 0.967448 0.004754 -0.253025
vn 0.967448 0.004754 -0.253025
vn 0.909474 -0.037021 -0.414110
vn 0.909474 -0.037021 -0.414110
vn 0.909474 -0.037021 -0.414110
vn 0.936667 -0.026035 -0.349253
vn 0.936667 -0.026035 -0.349253
vn 0.936667 -0.026035 -0.349253
vn 0.935641 -0.025975 -0.351997
vn 0.935641 -0.025975 -0.351997
vn 0.935641 -0.025975 -0.351997
vn 0.959439 -0.011805 -0.281667
vn 0.959439 -0.011805 -0.281667
vn 0.959439 -0.011805 -0.281667
vn 0.874833 -0.034397 -0.483202
vn 0.874833 -0.034397 -0.483202
vn 0.874833 -0.034397 -0.483202
vn 0.843625 -0.041059 -0.535361
vn 0.843625 -0.041059 -0.535361
vn 0.843625 -0.041059 -0.535361
vn 0.701039 -0.029407 -0.712516
vn 0.701039 -0.029407 -0.712516
vn 0.701039 -0.029407 -0.712516
vn 0.672937 -0.031572 -0.739026
vn 0.672937 -0.031572 -0.739026
vn 0.672937 -0.031572 -0.739026
vn 0.308725 -0.003105 -0.951146
vn 0.308725 -0.003105 -0.951146
vn 0.308725 -0.003105 -0.951146
vn 0.316104 -0.003014 -0.948720
vn 0.316104 -0.003014 -0.948720
vn 0.316104 -0.003014 -0.948720
vn -0.401853 0.023549 -0.915401
vn -0.401853 0.023549 -0.915401
vn -0.401853 0.023549 -0.915401
vn -0.409362 0.023151 -0.912078
vn -0.409362 0.023151 -0.912078
vn -0.409362 0.023151 -0.912078
vn -0.405956 -0.008213 -0.913856
vn -0.405956 -0.008213 -0.913856
vn -0.405956 -0.008213 -0.913856
vn -0.401964 0.027971 -0.915228
vn -0.401964 0.027971 -0.915228
vn -0.401964 0.027971 -0.915228
vn -0.392538 0.028233 -0.919302
vn -0.392538 0.028233 -0.919302
vn -0.392538 0.028233 -0.919302
vn -0.412027 -0.008776 -0.911129
vn -0.412027 -0.008776 -0.911129
vn -0.412027 -0.008776 -0.911129
vn -0.392352 0.034409 -0.919171
vn -0.392352 0.034409 -0.919171
vn -0.392352 0.034409 -0.919171
vn -0.381692 0.034574 -0.923643
vn -0.381692 0.034574 -0.923643
vn -0.381692 0.034574 -0.923643
vn -0.381030 0.045634 -0.923436
vn -0.381030 0.045634 -0.923436
vn -0.381030 0.045634 -0.923436
vn -0.370045 0.045762 -0.927886
vn -0.370045 0.045762 -0.927886
vn -0.370045 0.045762 -0.927886
vn -0.978372 0.030462 -0.204599
vn -0.978372 0.030462 -0.204599
vn -0.978372 0.030462 -0.204599
vn -0.971428 0.035134 -0.234720
vn -0.971428 0.035134 -0.234720
vn -0.971428 0.035134 -0.234720
vn -0.966350 0.030771 0.255382
vn -0.966350 0.030771 0.255382
vn -0.966350 0.030771 0.255382
vn -0.973232 0.039906 0.226336
vn -0.973232 0.039906 0.226336
vn -0.973232 0.039906 0.226336
vn 0.890182 0.076669 0.449109
vn 0.890182 0.076669 0.449109
vn 0.890182 0.076669 0.449109
vn 0.997411 0.060357 0.039104
vn 0.997411 0.060357 0.039104
vn 0.997411 0.060357 0.039104
vn 0.989834 0.072654 0.122270
vn 0.989834 0.072654 0.122270
vn 0.989834 0.072654 0.122270
vn 0.858662 0.081943 0.505949
vn 0.858662 0.081943 0.505949
vn 0.858662 0.081943 0.505949
vn 0.368879 0.061603 0.927434
vn 0.368879 0.061603 0.927434
vn 0.368879 0.061603 0.927434
vn 0.989441 0.042070 -0.138699
vn 0.989441 0.042070 -0.138699
vn 0.989441 0.042070 -0.138699
vn 0.996763 0.057731 -0.055960
vn 0.996763 0.057731 -0.055960
vn 0.996763 0.057731 -0.055960
vn 0.976460 0.025256 -0.214214
vn 0.976460 0.025256 -0.214214
vn 0.976460 0.025256 -0.214214
vn 0.990077 0.042188 -0.134047
vn 0.990077 0.042188 -0.134047
vn 0.990077 0.042188 -0.134047
vn 0.969774 0.009123 -0.243833
vn 0.969774 0.009123 -0.243833
vn 0.969774 0.009123 -0.243833
vn 0.985942 0.026008 -0.165051
vn 0.985942 0.026008 -0.165051
vn 0.985942 0.026008 -0.165051
vn 0.358353 0.061755 0.931541
vn 0.358353 0.061755 0.931541
vn 0.358353 0.061755 0.931541
vn -0.317051 0.013474 0.948313
vn -0.317051 0.013474 0.948313
vn -0.317051 0.013474 0.948313
vn -0.325077 0.013472 0.945592
vn -0.325077 0.013472 0.945592
vn -0.325077 0.013472 0.945592
vn -0.701436 -0.020260 0.712445
vn -0.701436 -0.020260 0.712445
vn -0.701436 -0.020260 0.712445
vn 0.967474 -0.006508 -0.252885
vn 0.967474 -0.006508 -0.252885
vn 0.967474 -0.006508 -0.252885
vn 0.984604 0.009262 -0.174555
vn 0.984604 0.009262 -0.174555
vn 0.984604 0.009262 -0.174555
vn -0.731601 -0.018714 0.681476
vn -0.731601 -0.018714 0.681476
vn -0.731601 -0.018714 0.681476
vn -0.874885 -0.033447 0.483175
vn -0.874885 -0.033447 0.483175
vn -0.874885 -0.033447 0.483175
vn -0.905382 -0.027612 0.423700
vn -0.905382 -0.027612 0.423700
vn -0.905382 -0.027612 0.423700
vn -0.936524 -0.030982 0.349231
vn -0.936524 -0.030982 0.349231
vn -0.936524 -0.030982 0.349231
vn -0.911485 0.029660 0.410264
vn -0.911485 0.029660 0.410264
vn -0.911485 0.029660 0.410264
vn -0.921688 0.029980 0.386771
vn -0.921688 0.029980 0.386771
vn -0.921688 0.029980 0.386771
vn -0.921494 0.031073 0.387148
vn -0.921494 0.031073 0.387148
vn -0.921494 0.031073 0.387148
vn -0.924229 0.016522 0.381480
vn -0.924229 0.016522 0.381480
vn -0.924229 0.016522 0.381480
vn -0.912610 0.016304 0.408507
vn -0.912610 0.016304 0.408507
vn -0.912610 0.016304 0.408507
vn -0.945542 0.001815 0.325494
vn -0.945542 0.001815 0.325494
vn -0.945542 0.001815 0.325494
vn -0.924579 0.001775 0.380986
vn -0.924579 0.001775 0.380986
vn -0.924579 0.001775 0.380986
vn -0.959436 -0.011808 0.281680
vn -0.959436 -0.011808 0.281680
vn -0.959436 -0.011808 0.281680
vn -0.945510 -0.011389 0.325395
vn -0.945510 -0.011389 0.325395
vn -0.945510 -0.011389 0.325395
vn -0.960574 -0.020759 0.277249
vn -0.960574 -0.020759 0.277249
vn -0.960574 -0.020759 0.277249
vn -0.959313 -0.020642 0.281589
vn -0.959313 -0.020642 0.281589
vn -0.959313 -0.020642 0.281589
vn 0.959317 -0.020645 -0.281577
vn 0.959317 -0.020645 -0.281577
vn 0.959317 -0.020645 -0.281577
vn 0.978755 -0.007087 -0.204912
vn 0.978755 -0.007087 -0.204912
vn 0.978755 -0.007087 -0.204912
vn 0.874869 -0.033449 -0.483203
vn 0.874869 -0.033449 -0.483203
vn 0.874869 -0.033449 -0.483203
vn 0.905382 -0.027612 -0.423699
vn 0.905382 -0.027612 -0.423699
vn 0.905382 -0.027612 -0.423699
vn 0.936529 -0.030982 -0.349218
vn 0.936529 -0.030982 -0.349218
vn 0.936529 -0.030982 -0.349218
vn 0.960574 -0.020762 -0.277249
vn 0.960574 -0.020762 -0.277249
vn 0.960574 -0.020762 -0.277249
vn 0.701459 -0.020258 -0.712421
vn 0.701459 -0.020258 -0.712421
vn 0.701459 -0.020258 -0.712421
vn 0.731574 -0.018716 -0.681505
vn 0.731574 -0.018716 -0.681505
vn 0.731574 -0.018716 -0.681505
vn 0.317043 0.013476 -0.948315
vn 0.317043 0.013476 -0.948315
vn 0.317043 0.013476 -0.948315
vn 0.325078 0.013474 -0.945591
vn 0.325078 0.013474 -0.945591
vn 0.325078 0.013474 -0.945591
vn -0.368881 0.061605 -0.927433
vn -0.368881 0.061605 -0.927433
vn -0.368881 0.061605 -0.927433
vn -0.358382 0.061756 -0.931530
vn -0.358382 0.061756 -0.931530
vn -0.358382 0.061756 -0.931530
vn -0.960822 0.057928 -0.271046
vn -0.960822 0.057928 -0.271046
vn -0.960822 0.057928 -0.271046
vn -0.960833 0.060270 -0.270494
vn -0.960833 0.060270 -0.270494
vn -0.960833 0.060270 -0.270494
vn -0.943110 0.063240 -0.326412
vn -0.943110 0.063240 -0.326412
vn -0.943110 0.063240 -0.326412
vn -0.972550 0.054697 -0.226173
vn -0.972550 0.054697 -0.226173
vn -0.972550 0.054697 -0.226173
vn -0.943160 0.061610 -0.326578
vn -0.943160 0.061610 -0.326578
vn -0.943160 0.061610 -0.326578
vn -0.919284 0.066722 -0.387899
vn -0.919284 0.066722 -0.387899
vn -0.919284 0.066722 -0.387899
vn -0.919213 0.067963 -0.387852
vn -0.919213 0.067963 -0.387852
vn -0.919213 0.067963 -0.387852
vn -0.890462 0.073061 -0.449154
vn -0.890462 0.073061 -0.449154
vn -0.890462 0.073061 -0.449154
vn -0.890194 0.076664 -0.449085
vn -0.890194 0.076664 -0.449085
vn -0.890194 0.076664 -0.449085
vn -0.858634 0.081945 -0.505997
vn -0.858634 0.081945 -0.505997
vn -0.858634 0.081945 -0.505997
vn -0.972444 0.045227 0.228708
vn -0.972444 0.045227 0.228708
vn -0.972444 0.045227 0.228708
vn -0.981559 0.056204 0.182708
vn -0.981559 0.056204 0.182708
vn -0.981559 0.056204 0.182708
vn -0.937397 0.043764 0.345502
vn -0.937397 0.043764 0.345502
vn -0.937397 0.043764 0.345502
vn 0.858218 0.087195 0.505824
vn 0.858218 0.087195 0.505824
vn 0.858218 0.087195 0.505824
vn 0.990253 0.066542 0.122357
vn 0.990253 0.066542 0.122357
vn 0.990253 0.066542 0.122357
vn 0.976485 0.078925 0.200618
vn 0.976485 0.078925 0.200618
vn 0.976485 0.078925 0.200618
vn 0.997325 0.047183 -0.055821
vn 0.997325 0.047183 -0.055821
vn 0.997325 0.047183 -0.055821
vn 0.997694 0.062764 0.025845
vn 0.997694 0.062764 0.025845
vn 0.997694 0.062764 0.025845
vn 0.826234 0.092782 0.555634
vn 0.826234 0.092782 0.555634
vn 0.826234 0.092782 0.555634
vn 0.356776 0.081795 0.930602
vn 0.356776 0.081795 0.930602
vn 0.356776 0.081795 0.930602
vn 0.990520 0.030682 -0.133897
vn 0.990520 0.030682 -0.133897
vn 0.990520 0.030682 -0.133897
vn 0.997473 0.047276 -0.053035
vn 0.997473 0.047276 -0.053035
vn 0.997473 0.047276 -0.053035
vn 0.986187 0.015422 -0.164916
vn 0.986187 0.015422 -0.164916
vn 0.986187 0.015422 -0.164916
vn 0.995895 0.031639 -0.084804
vn 0.995895 0.031639 -0.084804
vn 0.995895 0.031639 -0.084804
vn 0.995397 0.015566 -0.094562
vn 0.995397 0.015566 -0.094562
vn 0.995397 0.015566 -0.094562
vn 0.984666 0.000792 -0.174449
vn 0.984666 0.000792 -0.174449
vn 0.984666 0.000792 -0.174449
vn 0.346452 0.082046 0.934473
vn 0.346452 0.082046 0.934473
vn 0.346452 0.082046 0.934473
vn -0.326151 0.036806 0.944601
vn -0.326151 0.036806 0.944601
vn -0.326151 0.036806 0.944601
vn -0.333428 0.036742 0.942059
vn -0.333428 0.036742 0.942059
vn -0.333428 0.036742 0.942059
vn -0.732082 -0.003032 0.681210
vn -0.732082 -0.003032 0.681210
vn -0.732082 -0.003032 0.681210
vn 0.978715 -0.012328 -0.204852
vn 0.978715 -0.012328 -0.204852
vn 0.978715 -0.012328 -0.204852
vn 0.992025 0.000010 -0.126040
vn 0.992025 0.000010 -0.126040
vn 0.992025 0.000010 -0.126040
vn -0.762112 -0.002277 0.647441
vn -0.762112 -0.002277 0.647441
vn -0.762112 -0.002277 0.647441
vn -0.905548 -0.021364 0.423706
vn -0.905548 -0.021364 0.423706
vn -0.905548 -0.021364 0.423706
vn -0.932903 -0.016765 0.359737
vn -0.932903 -0.016765 0.359737
vn -0.932903 -0.016765 0.359737
vn -0.960563 -0.021343 0.277244
vn -0.960563 -0.021343 0.277244
vn -0.960563 -0.021343 0.277244
vn -0.934167 0.032105 0.355389
vn -0.934167 0.032105 0.355389
vn -0.934167 0.032105 0.355389
vn -0.938673 0.032269 0.343296
vn -0.938673 0.032269 0.343296
vn -0.938673 0.032269 0.343296
vn -0.948174 0.018462 0.317215
vn -0.948174 0.018462 0.317215
vn -0.948174 0.018462 0.317215
vn -0.934894 0.018119 0.354465
vn -0.934894 0.018119 0.354465
vn -0.934894 0.018119 0.354465
vn -0.967451 0.004752 0.253013
vn -0.967451 0.004752 0.253013
vn -0.967451 0.004752 0.253013
vn -0.948435 0.004658 0.316939
vn -0.948435 0.004658 0.316939
vn -0.948435 0.004658 0.316939
vn -0.978755 -0.007082 0.204913
vn -0.978755 -0.007082 0.204913
vn -0.978755 -0.007082 0.204913
vn -0.967477 -0.006503 0.252874
vn -0.967477 -0.006503 0.252874
vn -0.967477 -0.006503 0.252874
vn -0.979306 -0.012432 0.202005
vn -0.979306 -0.012432 0.202005
vn -0.979306 -0.012432 0.202005
vn -0.978715 -0.012333 0.204852
vn -0.978715 -0.012333 0.204852
vn -0.978715 -0.012333 0.204852
vn 0.960563 -0.021343 -0.277244
vn 0.960563 -0.021343 -0.277244
vn 0.960563 -0.021343 -0.277244
vn 0.979313 -0.012428 -0.201971
vn 0.979313 -0.012428 -0.201971
vn 0.979313 -0.012428 -0.201971
vn 0.732055 -0.003029 -0.681239
vn 0.732055 -0.003029 -0.681239
vn 0.732055 -0.003029 -0.681239
vn 0.762096 -0.002273 -0.647460
vn 0.762096 -0.002273 -0.647460
vn 0.762096 -0.002273 -0.647460
vn 0.905548 -0.021362 -0.423706
vn 0.905548 -0.021362 -0.423706
vn 0.905548 -0.021362 -0.423706
vn 0.932896 -0.016764 -0.359756
vn 0.932896 -0.016764 -0.359756
vn 0.932896 -0.016764 -0.359756
vn 0.326152 0.036806 -0.944601
vn 0.326152 0.036806 -0.944601
vn 0.326152 0.036806 -0.944601
vn 0.333443 0.036741 -0.942054
vn 0.333443 0.036741 -0.942054
vn 0.333443 0.036741 -0.942054
vn -0.356805 0.081795 -0.930591
vn -0.356805 0.081795 -0.930591
vn -0.356805 0.081795 -0.930591
vn -0.346453 0.082047 -0.934472
vn -0.346453 0.082047 -0.934472
vn -0.346453 0.082047 -0.934472
vn -0.858190 0.087200 -0.505872
vn -0.858190 0.087200 -0.505872
vn -0.858190 0.087200 -0.505872
vn -0.826250 0.092780 -0.555611
vn -0.826250 0.092780 -0.555611
vn -0.826250 0.092780 -0.555611
vn -0.991165 0.059295 0.118640
vn -0.991165 0.059295 0.118640
vn -0.991165 0.059295 0.118640
vn -0.982370 0.047945 0.180697
vn -0.982370 0.047945 0.180697
vn -0.982370 0.047945 0.180697
vn -0.991752 0.050773 0.117688
vn -0.991752 0.050773 0.117688
vn -0.991752 0.050773 0.117688
vn -0.997119 0.062406 0.043130
vn -0.997119 0.062406 0.043130
vn -0.997119 0.062406 0.043130
vn -0.997567 0.055009 0.042816
vn -0.997567 0.055009 0.042816
vn -0.997567 0.055009 0.042816
vn -0.996990 0.066989 -0.039035
vn -0.996990 0.066989 -0.039035
vn -0.996990 0.066989 -0.039035
vn -0.997409 0.060358 -0.039146
vn -0.997409 0.060358 -0.039146
vn -0.997409 0.060358 -0.039146
vn -0.989834 0.072649 -0.122270
vn -0.989834 0.072649 -0.122270
vn -0.989834 0.072649 -0.122270
vn -0.990253 0.066542 -0.122356
vn -0.990253 0.066542 -0.122356
vn -0.990253 0.066542 -0.122356
vn -0.976475 0.078932 -0.200663
vn -0.976475 0.078932 -0.200663
vn -0.976475 0.078932 -0.200663
vn -0.956697 0.046589 0.287334
vn -0.956697 0.046589 0.287334
vn -0.956697 0.046589 0.287334
vn 0.825867 0.097190 0.555426
vn 0.825867 0.097190 0.555426
vn 0.825867 0.097190 0.555426
vn 0.976953 0.072845 0.200641
vn 0.976953 0.072845 0.200641
vn 0.976953 0.072845 0.200641
vn 0.959768 0.084563 0.267758
vn 0.959768 0.084563 0.267758
vn 0.959768 0.084563 0.267758
vn 0.998250 0.053213 0.025810
vn 0.998250 0.053213 0.025810
vn 0.998250 0.053213 0.025810
vn 0.992656 0.067850 0.100151
vn 0.992656 0.067850 0.100151
vn 0.992656 0.067850 0.100151
vn 0.998338 0.053080 0.022445
vn 0.998338 0.053080 0.022445
vn 0.998338 0.053080 0.022445
vn 0.997885 0.037658 -0.052980
vn 0.997885 0.037658 -0.052980
vn 0.997885 0.037658 -0.052980
vn 0.796766 0.102820 0.595476
vn 0.796766 0.102820 0.595476
vn 0.796766 0.102820 0.595476
vn 0.345218 0.101979 0.932966
vn 0.345218 0.101979 0.932966
vn 0.345218 0.101979 0.932966
vn 0.999211 0.038619 -0.009226
vn 0.999211 0.038619 -0.009226
vn 0.999211 0.038619 -0.009226
vn 0.996123 0.023728 -0.084714
vn 0.996123 0.023728 -0.084714
vn 0.996123 0.023728 -0.084714
vn 0.995470 0.010507 -0.094496
vn 0.995470 0.010507 -0.094496
vn 0.995470 0.010507 -0.094496
vn 0.999534 0.023810 -0.019092
vn 0.999534 0.023810 -0.019092
vn 0.999534 0.023810 -0.019092
vn 0.992027 -0.001261 -0.126018
vn 0.992027 -0.001261 -0.126018
vn 0.992027 -0.001261 -0.126018
vn 0.998640 0.009637 -0.051243
vn 0.998640 0.009637 -0.051243
vn 0.998640 0.009637 -0.051243
vn 0.334854 0.102411 0.936688
vn 0.334854 0.102411 0.936688
vn 0.334854 0.102411 0.936688
vn -0.334788 0.063343 0.940162
vn -0.334788 0.063343 0.940162
vn -0.334788 0.063343 0.940162
vn -0.338975 0.063301 0.938663
vn -0.338975 0.063301 0.938663
vn -0.338975 0.063301 0.938663
vn -0.762560 0.017966 0.646668
vn -0.762560 0.017966 0.646668
vn -0.762560 0.017966 0.646668
vn 0.979334 -0.008721 -0.202059
vn 0.979334 -0.008721 -0.202059
vn 0.979334 -0.008721 -0.202059
vn 0.991512 -0.001095 -0.130012
vn 0.991512 -0.001095 -0.130012
vn 0.991512 -0.001095 -0.130012
vn -0.788896 0.018094 0.614260
vn -0.788896 0.018094 0.614260
vn -0.788896 0.018094 0.614260
vn -0.932993 -0.006073 0.359842
vn -0.932993 -0.006073 0.359842
vn -0.932993 -0.006073 0.359842
vn -0.954856 -0.002577 0.297059
vn -0.954856 -0.002577 0.297059
vn -0.954856 -0.002577 0.297059
vn -0.979327 -0.008724 0.202094
vn -0.979327 -0.008724 0.202094
vn -0.979327 -0.008724 0.202094
vn -0.956610 0.034450 0.289327
vn -0.956610 0.034450 0.289327
vn -0.956610 0.034450 0.289327
vn -0.957542 0.034497 0.286222
vn -0.957542 0.034497 0.286222
vn -0.957542 0.034497 0.286222
vn -0.969534 0.021641 0.243999
vn -0.969534 0.021641 0.243999
vn -0.969534 0.021641 0.243999
vn -0.957119 0.021116 0.288924
vn -0.957119 0.021116 0.288924
vn -0.957119 0.021116 0.288924
vn -0.984604 0.009265 0.174555
vn -0.984604 0.009265 0.174555
vn -0.984604 0.009265 0.174555
vn -0.969777 0.009125 0.243821
vn -0.969777 0.009125 0.243821
vn -0.969777 0.009125 0.243821
vn -0.992029 0.000009 0.126009
vn -0.992029 0.000009 0.126009
vn -0.992029 0.000009 0.126009
vn -0.984666 0.000792 0.174449
vn -0.984666 0.000792 0.174449
vn -0.984666 0.000792 0.174449
vn -0.991517 -0.001091 0.129972
vn -0.991517 -0.001091 0.129972
vn -0.991517 -0.001091 0.129972
vn -0.992031 -0.001257 0.125987
vn -0.992031 -0.001257 0.125987
vn -0.992031 -0.001257 0.125987
vn 0.932986 -0.006071 -0.359861
vn 0.932986 -0.006071 -0.359861
vn 0.932986 -0.006071 -0.359861
vn 0.954863 -0.002573 -0.297035
vn 0.954863 -0.002573 -0.297035
vn 0.954863 -0.002573 -0.297035
vn 0.334803 0.063344 -0.940157
vn 0.334803 0.063344 -0.940157
vn 0.334803 0.063344 -0.940157
vn 0.338958 0.063301 -0.938670
vn 0.338958 0.063301 -0.938670
vn 0.338958 0.063301 -0.938670
vn 0.762544 0.017967 -0.646686
vn 0.762544 0.017967 -0.646686
vn 0.762544 0.017967 -0.646686
vn 0.788897 0.018094 -0.614259
vn 0.788897 0.018094 -0.614259
vn 0.788897 0.018094 -0.614259
vn -0.345219 0.101980 -0.932965
vn -0.345219 0.101980 -0.932965
vn -0.345219 0.101980 -0.932965
vn -0.334866 0.102411 -0.936684
vn -0.334866 0.102411 -0.936684
vn -0.334866 0.102411 -0.936684
vn -0.825883 0.097189 -0.555403
vn -0.825883 0.097189 -0.555403
vn -0.825883 0.097189 -0.555403
vn -0.796784 0.102820 -0.595453
vn -0.796784 0.102820 -0.595453
vn -0.796784 0.102820 -0.595453
vn -0.976943 0.072848 -0.200687
vn -0.976943 0.072848 -0.200687
vn -0.976943 0.072848 -0.200687
vn -0.959754 0.084566 -0.267807
vn -0.959754 0.084566 -0.267807
vn -0.959754 0.084566 -0.267807
vn -0.974831 0.049330 0.217419
vn -0.974831 0.049330 0.217419
vn -0.974831 0.049330 0.217419
vn -0.975442 0.037822 0.216983
vn -0.975442 0.037822 0.216983
vn -0.975442 0.037822 0.216983
vn -0.988882 0.053149 0.138882
vn -0.988882 0.053149 0.138882
vn -0.988882 0.053149 0.138882
vn -0.989440 0.042073 0.138699
vn -0.989440 0.042073 0.138699
vn -0.989440 0.042073 0.138699
vn -0.996762 0.057730 0.055977
vn -0.996762 0.057730 0.055977
vn -0.996762 0.057730 0.055977
vn -0.997324 0.047182 0.055838
vn -0.997324 0.047182 0.055838
vn -0.997324 0.047182 0.055838
vn -0.997694 0.062763 -0.025826
vn -0.997694 0.062763 -0.025826
vn -0.997694 0.062763 -0.025826
vn -0.998250 0.053212 -0.025792
vn -0.998250 0.053212 -0.025792
vn -0.998250 0.053212 -0.025792
vn -0.992658 0.067849 -0.100131
vn -0.992658 0.067849 -0.100131
vn -0.992658 0.067849 -0.100131
vn 0.796661 0.110805 0.594183
vn 0.796661 0.110805 0.594183
vn 0.796661 0.110805 0.594183
vn 0.960004 0.082473 0.267566
vn 0.960004 0.082473 0.267566
vn 0.960004 0.082473 0.267566
vn 0.942454 0.093023 0.321133
vn 0.942454 0.093023 0.321133
vn 0.942454 0.093023 0.321133
vn 0.993058 0.062796 0.099459
vn 0.993058 0.062796 0.099459
vn 0.993058 0.062796 0.099459
vn 0.983199 0.076472 0.165748
vn 0.983199 0.076472 0.165748
vn 0.983199 0.076472 0.165748
vn 0.998581 0.048395 0.022216
vn 0.998581 0.048395 0.022216
vn 0.998581 0.048395 0.022216
vn 0.994144 0.062318 0.088286
vn 0.994144 0.062318 0.088286
vn 0.994144 0.062318 0.088286
vn 0.999310 0.035969 -0.009216
vn 0.999310 0.035969 -0.009216
vn 0.999310 0.035969 -0.009216
vn 0.997229 0.049148 0.055843
vn 0.997229 0.049148 0.055843
vn 0.997229 0.049148 0.055843
vn 0.774472 0.115962 0.621889
vn 0.774472 0.115962 0.621889
vn 0.774472 0.115962 0.621889
vn 0.337115 0.127566 0.932781
vn 0.337115 0.127566 0.932781
vn 0.337115 0.127566 0.932781
vn 0.999522 0.024296 -0.019101
vn 0.999522 0.024296 -0.019101
vn 0.999522 0.024296 -0.019101
vn 0.998317 0.035933 0.045509
vn 0.998317 0.035933 0.045509
vn 0.998317 0.035933 0.045509
vn 0.998569 0.014167 -0.051567
vn 0.998569 0.014167 -0.051567
vn 0.998569 0.014167 -0.051567
vn 0.999660 0.023564 0.011145
vn 0.999660 0.023564 0.011145
vn 0.999660 0.023564 0.011145
vn 0.997274 0.015151 -0.072221
vn 0.997274 0.015151 -0.072221
vn 0.997274 0.015151 -0.072221
vn 0.991275 0.008593 -0.131527
vn 0.991275 0.008593 -0.131527
vn 0.991275 0.008593 -0.131527
vn 0.331609 0.127953 0.934700
vn 0.331609 0.127953 0.934700
vn 0.331609 0.127953 0.934700
vn -0.345398 0.097149 0.933414
vn -0.345398 0.097149 0.933414
vn -0.345398 0.097149 0.933414
vn -0.347615 0.097132 0.932593
vn -0.347615 0.097132 0.932593
vn -0.347615 0.097132 0.932593
vn -0.790996 0.045340 0.610139
vn -0.790996 0.045340 0.610139
vn -0.790996 0.045340 0.610139
vn 0.954214 0.014081 -0.298793
vn 0.954214 0.014081 -0.298793
vn 0.954214 0.014081 -0.298793
vn 0.969667 0.016878 -0.243847
vn 0.969667 0.016878 -0.243847
vn 0.969667 0.016878 -0.243847
vn -0.808628 0.045051 0.586593
vn -0.808628 0.045051 0.586593
vn -0.808628 0.045051 0.586593
vn -0.954207 0.014084 0.298817
vn -0.954207 0.014084 0.298817
vn -0.954207 0.014084 0.298817
vn -0.969673 0.016883 0.243820
vn -0.969673 0.016883 0.243820
vn -0.969673 0.016883 0.243820
vn -0.991281 0.008597 0.131488
vn -0.991281 0.008597 0.131488
vn -0.991281 0.008597 0.131488
vn -0.976003 0.037871 0.214438
vn -0.976003 0.037871 0.214438
vn -0.976003 0.037871 0.214438
vn -0.985938 0.026002 0.165078
vn -0.985938 0.026002 0.165078
vn -0.985938 0.026002 0.165078
vn -0.976455 0.025251 0.214240
vn -0.976455 0.025251 0.214240
vn -0.976455 0.025251 0.214240
vn -0.986183 0.015421 0.164942
vn -0.986183 0.015421 0.164942
vn -0.986183 0.015421 0.164942
vn -0.995397 0.015565 0.094562
vn -0.995397 0.015565 0.094562
vn -0.995397 0.015565 0.094562
vn -0.998639 0.009634 0.051260
vn -0.998639 0.009634 0.051260
vn -0.998639 0.009634 0.051260
vn -0.995470 0.010505 0.094496
vn -0.995470 0.010505 0.094496
vn -0.995470 0.010505 0.094496
vn -0.998568 0.014165 0.051585
vn -0.998568 0.014165 0.051585
vn -0.998568 0.014165 0.051585
vn -0.997272 0.015148 0.072243
vn -0.997272 0.015148 0.072243
vn -0.997272 0.015148 0.072243
vn 0.790996 0.045337 -0.610139
vn 0.790996 0.045337 -0.610139
vn 0.790996 0.045337 -0.610139
vn 0.808650 0.045048 -0.586563
vn 0.808650 0.045048 -0.586563
vn 0.808650 0.045048 -0.586563
vn -0.337127 0.127568 -0.932776
vn -0.337127 0.127568 -0.932776
vn -0.337127 0.127568 -0.932776
vn -0.331609 0.127956 -0.934699
vn -0.331609 0.127956 -0.934699
vn -0.331609 0.127956 -0.934699
vn 0.345380 0.097148 -0.933421
vn 0.345380 0.097148 -0.933421
vn 0.345380 0.097148 -0.933421
vn 0.347612 0.097131 -0.932594
vn 0.347612 0.097131 -0.932594
vn 0.347612 0.097131 -0.932594
vn -0.796678 0.110798 -0.594161
vn -0.796678 0.110798 -0.594161
vn -0.796678 0.110798 -0.594161
vn -0.774431 0.115968 -0.621939
vn -0.774431 0.115968 -0.621939
vn -0.774431 0.115968 -0.621939
vn -0.959990 0.082476 -0.267615
vn -0.959990 0.082476 -0.267615
vn -0.959990 0.082476 -0.267615
vn -0.942456 0.093016 -0.321130
vn -0.942456 0.093016 -0.321130
vn -0.942456 0.093016 -0.321130
vn -0.993060 0.062799 -0.099439
vn -0.993060 0.062799 -0.099439
vn -0.993060 0.062799 -0.099439
vn -0.983207 0.076470 -0.165701
vn -0.983207 0.076470 -0.165701
vn -0.983207 0.076470 -0.165701
vn -0.990078 0.042191 0.134033
vn -0.990078 0.042191 0.134033
vn -0.990078 0.042191 0.134033
vn -0.990522 0.030688 0.133883
vn -0.990522 0.030688 0.133883
vn -0.990522 0.030688 0.133883
vn -0.997472 0.047275 0.053051
vn -0.997472 0.047275 0.053051
vn -0.997472 0.047275 0.053051
vn -0.998338 0.053079 -0.022427
vn -0.998338 0.053079 -0.022427
vn -0.998338 0.053079 -0.022427
vn -0.997884 0.037657 0.052995
vn -0.997884 0.037657 0.052995
vn -0.997884 0.037657 0.052995
vn -0.998582 0.048387 -0.022198
vn -0.998582 0.048387 -0.022198
vn -0.998582 0.048387 -0.022198
vn -0.994140 0.062323 -0.088327
vn -0.994140 0.062323 -0.088327
vn -0.994140 0.062323 -0.088327
vn 0.779013 0.130609 0.613254
vn 0.779013 0.130609 0.613254
vn 0.779013 0.130609 0.613254
vn 0.940334 0.101225 0.324847
vn 0.940334 0.101225 0.324847
vn 0.940334 0.101225 0.324847
vn 0.930960 0.106283 0.349309
vn 0.930960 0.106283 0.349309
vn 0.930960 0.106283 0.349309
vn 0.982122 0.082795 0.169058
vn 0.982122 0.082795 0.169058
vn 0.982122 0.082795 0.169058
vn 0.967993 0.096219 0.231800
vn 0.967993 0.096219 0.231800
vn 0.967993 0.096219 0.231800
vn 0.993573 0.069138 0.089629
vn 0.993573 0.069138 0.089629
vn 0.993573 0.069138 0.089629
vn 0.986082 0.081844 0.144721
vn 0.986082 0.081844 0.144721
vn 0.986082 0.081844 0.144721
vn 0.991967 0.069453 0.105727
vn 0.991967 0.069453 0.105727
vn 0.991967 0.069453 0.105727
vn 0.996746 0.058000 0.055982
vn 0.996746 0.058000 0.055982
vn 0.996746 0.058000 0.055982
vn 0.993964 0.057838 0.093219
vn 0.993964 0.057838 0.093219
vn 0.993964 0.057838 0.093219
vn 0.997843 0.047757 0.045032
vn 0.997843 0.047757 0.045032
vn 0.997843 0.047757 0.045032
vn 0.356303 0.170802 0.918626
vn 0.356303 0.170802 0.918626
vn 0.356303 0.170802 0.918626
vn 0.751843 0.139635 0.644386
vn 0.751843 0.139635 0.644386
vn 0.751843 0.139635 0.644386
vn 0.997570 0.047591 0.050876
vn 0.997570 0.047591 0.050876
vn 0.997570 0.047591 0.050876
vn 0.999189 0.039543 0.007595
vn 0.999189 0.039543 0.007595
vn 0.999189 0.039543 0.007595
vn 0.995800 0.036416 -0.083997
vn 0.995800 0.036416 -0.083997
vn 0.995800 0.036416 -0.083997
vn 0.997961 0.042327 -0.047767
vn 0.997961 0.042327 -0.047767
vn 0.997961 0.042327 -0.047767
vn 0.978935 0.044832 -0.199189
vn 0.978935 0.044832 -0.199189
vn 0.978935 0.044832 -0.199189
vn 0.966145 0.039653 -0.254934
vn 0.966145 0.039653 -0.254934
vn 0.966145 0.039653 -0.254934
vn 0.363972 0.169774 0.915806
vn 0.363972 0.169774 0.915806
vn 0.363972 0.169774 0.915806
vn -0.383953 0.148512 0.911331
vn -0.383953 0.148512 0.911331
vn -0.383953 0.148512 0.911331
vn -0.390598 0.148437 0.908515
vn -0.390598 0.148437 0.908515
vn -0.390598 0.148437 0.908515
vn -0.822758 0.082599 0.562358
vn -0.822758 0.082599 0.562358
vn -0.822758 0.082599 0.562358
vn 0.822779 0.082594 -0.562327
vn 0.822779 0.082594 -0.562327
vn 0.822779 0.082594 -0.562327
vn 0.782840 0.085113 -0.616374
vn 0.782840 0.085113 -0.616374
vn 0.782840 0.085113 -0.616374
vn -0.782753 0.085121 0.616484
vn -0.782753 0.085121 0.616484
vn -0.782753 0.085121 0.616484
vn -0.966154 0.039642 0.254900
vn -0.966154 0.039642 0.254900
vn -0.966154 0.039642 0.254900
vn -0.978941 0.044820 0.199165
vn -0.978941 0.044820 0.199165
vn -0.978941 0.044820 0.199165
vn -0.995799 0.036407 0.084015
vn -0.995799 0.036407 0.084015
vn -0.995799 0.036407 0.084015
vn -0.995895 0.031644 0.084804
vn -0.995895 0.031644 0.084804
vn -0.995895 0.031644 0.084804
vn -0.999535 0.023810 0.019075
vn -0.999535 0.023810 0.019075
vn -0.999535 0.023810 0.019075
vn -0.996123 0.023728 0.084714
vn -0.996123 0.023728 0.084714
vn -0.996123 0.023728 0.084714
vn -0.999660 0.023567 -0.011164
vn -0.999660 0.023567 -0.011164
vn -0.999660 0.023567 -0.011164
vn -0.999523 0.024299 0.019085
vn -0.999523 0.024299 0.019085
vn -0.999523 0.024299 0.019085
vn -0.997962 0.042322 0.047761
vn -0.997962 0.042322 0.047761
vn -0.997962 0.042322 0.047761
vn -0.999189 0.039538 -0.007617
vn -0.999189 0.039538 -0.007617
vn -0.999189 0.039538 -0.007617
vn 0.383953 0.148514 -0.911331
vn 0.383953 0.148514 -0.911331
vn 0.383953 0.148514 -0.911331
vn 0.390574 0.148439 -0.908525
vn 0.390574 0.148439 -0.908525
vn 0.390574 0.148439 -0.908525
vn -0.356302 0.170803 -0.918627
vn -0.356302 0.170803 -0.918627
vn -0.356302 0.170803 -0.918627
vn -0.751813 0.139640 -0.644420
vn -0.751813 0.139640 -0.644420
vn -0.751813 0.139640 -0.644420
vn -0.778972 0.130618 -0.613303
vn -0.778972 0.130618 -0.613303
vn -0.778972 0.130618 -0.613303
vn -0.363989 0.169772 -0.915800
vn -0.363989 0.169772 -0.915800
vn -0.363989 0.169772 -0.915800
vn -0.940333 0.101230 -0.324849
vn -0.940333 0.101230 -0.324849
vn -0.940333 0.101230 -0.324849
vn -0.930954 0.106291 -0.349324
vn -0.930954 0.106291 -0.349324
vn -0.930954 0.106291 -0.349324
vn -0.982132 0.082784 -0.169008
vn -0.982132 0.082784 -0.169008
vn -0.982132 0.082784 -0.169008
vn -0.967985 0.096226 -0.231832
vn -0.967985 0.096226 -0.231832
vn -0.967985 0.096226 -0.231832
vn -0.993568 0.069148 -0.089671
vn -0.993568 0.069148 -0.089671
vn -0.993568 0.069148 -0.089671
vn -0.986090 0.081833 -0.144673
vn -0.986090 0.081833 -0.144673
vn -0.986090 0.081833 -0.144673
vn -0.999211 0.038619 0.009226
vn -0.999211 0.038619 0.009226
vn -0.999211 0.038619 0.009226
vn -0.999311 0.035965 0.009216
vn -0.999311 0.035965 0.009216
vn -0.999311 0.035965 0.009216
vn -0.997231 0.049141 -0.055824
vn -0.997231 0.049141 -0.055824
vn -0.997231 0.049141 -0.055824
vn -0.991964 0.069463 -0.105749
vn -0.991964 0.069463 -0.105749
vn -0.991964 0.069463 -0.105749
vn -0.996747 0.058000 -0.055963
vn -0.996747 0.058000 -0.055963
vn -0.996747 0.058000 -0.055963
vn 0.823216 0.162969 0.543835
vn 0.823216 0.162969 0.543835
vn 0.823216 0.162969 0.543835
vn 0.890179 0.146895 0.431281
vn 0.890179 0.146895 0.431281
vn 0.890179 0.146895 0.431281
vn 0.930873 0.147651 0.334179
vn 0.930873 0.147651 0.334179
vn 0.930873 0.147651 0.334179
vn 0.952419 0.133861 0.273823
vn 0.952419 0.133861 0.273823
vn 0.952419 0.133861 0.273823
vn 0.970792 0.132802 0.199819
vn 0.970792 0.132802 0.199819
vn 0.970792 0.132802 0.199819
vn 0.979675 0.121063 0.159939
vn 0.979675 0.121063 0.159939
vn 0.979675 0.121063 0.159939
vn 0.982974 0.120896 0.138373
vn 0.982974 0.120896 0.138373
vn 0.982974 0.120896 0.138373
vn 0.988031 0.110784 0.107341
vn 0.988031 0.110784 0.107341
vn 0.988031 0.110784 0.107341
vn 0.986791 0.110644 0.118331
vn 0.986791 0.110644 0.118331
vn 0.986791 0.110644 0.118331
vn 0.990719 0.101733 0.090142
vn 0.990719 0.101733 0.090142
vn 0.990719 0.101733 0.090142
vn 0.993363 0.103022 0.051147
vn 0.993363 0.103022 0.051147
vn 0.993363 0.103022 0.051147
vn 0.994909 0.096103 0.030327
vn 0.994909 0.096103 0.030327
vn 0.994909 0.096103 0.030327
vn 0.530533 0.243282 0.812003
vn 0.530533 0.243282 0.812003
vn 0.530533 0.243282 0.812003
vn 0.479998 0.245087 0.842338
vn 0.479998 0.245087 0.842338
vn 0.479998 0.245087 0.842338
vn 0.989113 0.101779 -0.106283
vn 0.989113 0.101779 -0.106283
vn 0.989113 0.101779 -0.106283
vn 0.988649 0.098262 -0.113656
vn 0.988649 0.098262 -0.113656
vn 0.988649 0.098262 -0.113656
vn 0.926567 0.104991 -0.361180
vn 0.926567 0.104991 -0.361180
vn 0.926567 0.104991 -0.361180
vn 0.924138 0.122979 -0.361726
vn 0.924138 0.122979 -0.361726
vn 0.924138 0.122979 -0.361726
vn -0.552589 0.237113 0.799014
vn -0.552589 0.237113 0.799014
vn -0.552589 0.237113 0.799014
vn -0.575104 0.228113 0.785633
vn -0.575104 0.228113 0.785633
vn -0.575104 0.228113 0.785633
vn -0.926543 0.105008 0.361236
vn -0.926543 0.105008 0.361236
vn -0.926543 0.105008 0.361236
vn -0.924112 0.123006 0.361782
vn -0.924112 0.123006 0.361782
vn -0.924112 0.123006 0.361782
vn 0.552561 0.237119 -0.799031
vn 0.552561 0.237119 -0.799031
vn 0.552561 0.237119 -0.799031
vn -0.988645 0.098280 0.113677
vn -0.988645 0.098280 0.113677
vn -0.988645 0.098280 0.113677
vn -0.998318 0.035930 -0.045490
vn -0.998318 0.035930 -0.045490
vn -0.998318 0.035930 -0.045490
vn -0.997844 0.047753 -0.045013
vn -0.997844 0.047753 -0.045013
vn -0.997844 0.047753 -0.045013
vn -0.997569 0.047585 -0.050901
vn -0.997569 0.047585 -0.050901
vn -0.997569 0.047585 -0.050901
vn -0.989107 0.101781 0.106338
vn -0.989107 0.101781 0.106338
vn -0.989107 0.101781 0.106338
vn -0.994909 0.096102 -0.030350
vn -0.994909 0.096102 -0.030350
vn -0.994909 0.096102 -0.030350
vn -0.480020 0.245084 -0.842327
vn -0.480020 0.245084 -0.842327
vn -0.480020 0.245084 -0.842327
vn 0.575077 0.228119 -0.785651
vn 0.575077 0.228119 -0.785651
vn 0.575077 0.228119 -0.785651
vn -0.530557 0.243278 -0.811988
vn -0.530557 0.243278 -0.811988
vn -0.530557 0.243278 -0.811988
vn -0.823196 0.162978 -0.543863
vn -0.823196 0.162978 -0.543863
vn -0.823196 0.162978 -0.543863
vn -0.890171 0.146902 -0.431296
vn -0.890171 0.146902 -0.431296
vn -0.890171 0.146902 -0.431296
vn -0.952405 0.133876 -0.273864
vn -0.952405 0.133876 -0.273864
vn -0.952405 0.133876 -0.273864
vn -0.930867 0.147659 -0.334191
vn -0.930867 0.147659 -0.334191
vn -0.930867 0.147659 -0.334191
vn -0.970778 0.132817 -0.199872
vn -0.970778 0.132817 -0.199872
vn -0.970778 0.132817 -0.199872
vn -0.979685 0.121048 -0.159890
vn -0.979685 0.121048 -0.159890
vn -0.979685 0.121048 -0.159890
vn -0.988029 0.110783 -0.107362
vn -0.988029 0.110783 -0.107362
vn -0.988029 0.110783 -0.107362
vn -0.982979 0.120881 -0.138350
vn -0.982979 0.120881 -0.138350
vn -0.982979 0.120881 -0.138350
vn -0.993964 0.057838 -0.093218
vn -0.993964 0.057838 -0.093218
vn -0.993964 0.057838 -0.093218
vn -0.990720 0.101726 -0.090142
vn -0.990720 0.101726 -0.090142
vn -0.990720 0.101726 -0.090142
vn -0.986788 0.110644 -0.118353
vn -0.986788 0.110644 -0.118353
vn -0.986788 0.110644 -0.118353
vn 0.725991 0.320084 0.608674
vn 0.725991 0.320084 0.608674
vn 0.725991 0.320084 0.608674
vn 0.754910 0.311471 0.577145
vn 0.754910 0.311471 0.577145
vn 0.754910 0.311471 0.577145
vn 0.890960 0.338489 0.302681
vn 0.890960 0.338489 0.302681
vn 0.890960 0.338489 0.302681
vn 0.879548 0.349379 0.323002
vn 0.879548 0.349379 0.323002
vn 0.879548 0.349379 0.323002
vn 0.924239 0.347228 0.158792
vn 0.924239 0.347228 0.158792
vn 0.924239 0.347228 0.158792
vn 0.929565 0.338020 0.147142
vn 0.929565 0.338020 0.147142
vn 0.929565 0.338020 0.147142
vn 0.934818 0.339930 0.102777
vn 0.934818 0.339930 0.102777
vn 0.934818 0.339930 0.102777
vn 0.938428 0.332344 0.094339
vn 0.938428 0.332344 0.094339
vn 0.938428 0.332344 0.094339
vn 0.938208 0.336629 -0.080291
vn 0.938208 0.336629 -0.080291
vn 0.938208 0.336629 -0.080291
vn 0.939447 0.332556 -0.082743
vn 0.939447 0.332556 -0.082743
vn 0.939447 0.332556 -0.082743
vn 0.835623 0.310288 -0.453272
vn 0.835623 0.310288 -0.453272
vn 0.835623 0.310288 -0.453272
vn 0.833650 0.313589 -0.454632
vn 0.833650 0.313589 -0.454632
vn 0.833650 0.313589 -0.454632
vn -0.833651 0.313568 0.454643
vn -0.833651 0.313568 0.454643
vn -0.833651 0.313568 0.454643
vn -0.835603 0.310303 0.453298
vn -0.835603 0.310303 0.453298
vn -0.835603 0.310303 0.453298
vn -0.993364 0.103015 -0.051151
vn -0.993364 0.103015 -0.051151
vn -0.993364 0.103015 -0.051151
vn -0.939439 0.332576 0.082754
vn -0.939439 0.332576 0.082754
vn -0.939439 0.332576 0.082754
vn -0.726009 0.320073 -0.608658
vn -0.726009 0.320073 -0.608658
vn -0.726009 0.320073 -0.608658
vn -0.754927 0.311460 -0.577129
vn -0.754927 0.311460 -0.577129
vn -0.754927 0.311460 -0.577129
vn -0.890929 0.338519 -0.302736
vn -0.890929 0.338519 -0.302736
vn -0.890929 0.338519 -0.302736
vn -0.879564 0.349364 -0.322974
vn -0.879564 0.349364 -0.322974
vn -0.879564 0.349364 -0.322974
vn -0.929568 0.338022 -0.147121
vn -0.929568 0.338022 -0.147121
vn -0.929568 0.338022 -0.147121
vn -0.924222 0.347263 -0.158814
vn -0.924222 0.347263 -0.158814
vn -0.924222 0.347263 -0.158814
vn -0.938414 0.332380 -0.094357
vn -0.938414 0.332380 -0.094357
vn -0.938414 0.332380 -0.094357
vn -0.934820 0.339931 -0.102755
vn -0.934820 0.339931 -0.102755
vn -0.934820 0.339931 -0.102755
vn -0.938195 0.336666 0.080292
vn -0.938195 0.336666 0.080292
vn -0.938195 0.336666 0.080292
f 441/2113/2113 442/2114/2114 443/2115/2115
f 441/2116/2116 444/2117/2117 442/2118/2118
f 445/2119/2119 446/2120/2120 447/2121/2121
f 448/2122/2122 449/2123/2123 450/2124/2124
f 451/2125/2125 444/2126/2126 441/2127/2127
f 445/2128/2128 447/2129/2129 452/2130/2130
f 453/2131/2131 454/2132/2132 455/2133/2133
f 444/2134/2134 456/2135/2135 442/2136/2136
f 453/2137/2137 455/2138/2138 457/2139/2139
f 450/2140/2140 453/2141/2141 457/2142/2142
f 450/2143/2143 457/2144/2144 458/2145/2145
f 459/2146/2146 450/2147/2147 458/2148/2148
f 448/2149/2149 450/2150/2150 459/2151/2151
f 444/2152/2152 460/2153/2153 456/2154/2154
f 461/2155/2155 460/2156/2156 444/2157/2157
f 451/2158/2158 461/2159/2159 444/2160/2160
f 462/2161/2161 446/2162/2162 445/2163/2163
f 463/2164/2164 462/2165/2165 445/2166/2166
f 463/2167/2167 445/2168/2168 464/2169/2169
f 464/2170/2170 445/2171/2171 452/2172/2172
f 462/2173/2173 465/2174/2174 446/2175/2175
f 465/2176/2176 466/2177/2177 446/2178/2178
f 464/2179/2179 452/2180/2180 467/2181/2181
f 468/2182/2182 448/2183/2183 459/2184/2184
f 455/2185/2185 454/2186/2186 469/2187/2187
f 456/2188/2188 460/2189/2189 470/2190/2190
f 456/2191/2191 470/2192/2192 471/2193/2193
f 457/2194/2194 455/2195/2195 472/2196/2196
f 455/2197/2197 469/2198/2198 472/2199/2199
f 457/2200/2200 472/2201/2201 473/2202/2202
f 458/2203/2203 457/2204/2204 473/2205/2205
f 458/2206/2206 473/2207/2207 474/2208/2208
f 475/2209/2209 458/2210/2210 474/2211/2211
f 459/2212/2212 458/2213/2213 475/2214/2214
f 468/2215/2215 459/2216/2216 476/2217/2217
f 476/2218/2218 459/2219/2219 475/2220/2220
f 460/2221/2221 477/2222/2222 478/2223/2223
f 460/2224/2224 478/2225/2225 470/2226/2226
f 461/2227/2227 477/2228/2228 460/2229/2229
f 465/2230/2230 479/2231/2231 466/2232/2232
f 479/2233/2233 480/2234/2234 466/2235/2235
f 465/2236/2236 462/2237/2237 481/2238/2238
f 462/2239/2239 482/2240/2240 481/2241/2241
f 462/2242/2242 463/2243/2243 482/2244/2244
f 463/2245/2245 483/2246/2246 482/2247/2247
f 484/2248/2248 463/2249/2249 464/2250/2250
f 463/2251/2251 484/2252/2252 483/2253/2253
f 484/2254/2254 464/2255/2255 485/2256/2256
f 485/2257/2257 464/2258/2258 467/2259/2259
f 479/2260/2260 465/2261/2261 486/2262/2262
f 465/2263/2263 481/2264/2264 486/2265/2265
f 485/2266/2266 467/2267/2267 487/2268/2268
f 488/2269/2269 468/2270/2270 476/2271/2271
f 471/2272/2272 470/2273/2273 489/2274/2274
f 472/2275/2275 469/2276/2276 490/2277/2277
f 471/2278/2278 489/2279/2279 491/2280/2280
f 470/2281/2281 478/2282/2282 492/2283/2283
f 470/2284/2284 492/2285/2285 489/2286/2286
f 472/2287/2287 490/2288/2288 493/2289/2289
f 473/2290/2290 472/2291/2291 493/2292/2292
f 474/2293/2293 473/2294/2294 494/2295/2295
f 473/2296/2296 493/2297/2297 494/2298/2298
f 475/2299/2299 474/2300/2300 495/2301/2301
f 495/2302/2302 474/2303/2303 496/2304/2304
f 474/2305/2305 494/2306/2306 496/2307/2307
f 476/2308/2308 475/2309/2309 497/2310/2310
f 497/2311/2311 475/2312/2312 495/2313/2313
f 488/2314/2314 476/2315/2315 498/2316/2316
f 498/2317/2317 476/2318/2318 497/2319/2319
f 479/2320/2320 499/2321/2321 480/2322/2322
f 480/2323/2323 499/2324/2324 500/2325/2325
f 480/2326/2326 500/2327/2327 501/2328/2328
f 501/2329/2329 500/2330/2330 502/2331/2331
f 501/2332/2332 502/2333/2333 503/2334/2334
f 499/2335/2335 479/2336/2336 504/2337/2337
f 479/2338/2338 486/2339/2339 504/2340/2340
f 481/2341/2341 482/2342/2342 505/2343/2343
f 481/2344/2344 505/2345/2345 506/2346/2346
f 486/2347/2347 481/2348/2348 506/2349/2349
f 482/2350/2350 483/2351/2351 507/2352/2352
f 482/2353/2353 507/2354/2354 505/2355/2355
f 483/2356/2356 508/2357/2357 509/2358/2358
f 484/2359/2359 508/2360/2360 483/2361/2361
f 483/2362/2362 509/2363/2363 507/2364/2364
f 510/2365/2365 484/2366/2366 485/2367/2367
f 484/2368/2368 510/2369/2369 508/2370/2370
f 510/2371/2371 485/2372/2372 511/2373/2373
f 511/2374/2374 485/2375/2375 487/2376/2376
f 486/2377/2377 506/2378/2378 512/2379/2379
f 504/2380/2380 486/2381/2381 512/2382/2382
f 511/2383/2383 487/2384/2384 513/2385/2385
f 514/2386/2386 488/2387/2387 498/2388/2388
f 489/2389/2389 492/2390/2390 515/2391/2391
f 489/2392/2392 515/2393/2393 516/2394/2394
f 491/2395/2395 489/2396/2396 516/2397/2397
f 491/2398/2398 516/2399/2399 517/2400/2400
f 493/2401/2401 490/2402/2402 518/2403/2403
f 503/2404/2404 502/2405/2405 519/2406/2406
f 503/2407/2407 519/2408/2408 520/2409/2409
f 493/2410/2410 518/2411/2411 521/2412/2412
f 494/2413/2413 493/2414/2414 521/2415/2415
f 494/2416/2416 521/2417/2417 522/2418/2418
f 496/2419/2419 494/2420/2420 522/2421/2421
f 495/2422/2422 496/2423/2423 523/2424/2424
f 524/2425/2425 495/2426/2426 523/2427/2427
f 497/2428/2428 495/2429/2429 524/2430/2430
f 496/2431/2431 522/2432/2432 525/2433/2433
f 523/2434/2434 496/2435/2435 525/2436/2436
f 498/2437/2437 497/2438/2438 526/2439/2439
f 526/2440/2440 497/2441/2441 524/2442/2442
f 527/2443/2443 498/2444/2444 526/2445/2445
f 514/2446/2446 498/2447/2447 527/2448/2448
f 499/2449/2449 504/2450/2450 500/2451/2451
f 500/2452/2452 504/2453/2453 528/2454/2454
f 500/2455/2455 528/2456/2456 502/2457/2457
f 502/2458/2458 528/2459/2459 529/2460/2460
f 502/2461/2461 529/2462/2462 519/2463/2463
f 504/2464/2464 512/2465/2465 528/2466/2466
f 506/2467/2467 505/2468/2468 530/2469/2469
f 505/2470/2470 531/2471/2471 530/2472/2472
f 505/2473/2473 507/2474/2474 531/2475/2475
f 512/2476/2476 506/2477/2477 532/2478/2478
f 506/2479/2479 530/2480/2480 532/2481/2481
f 507/2482/2482 533/2483/2483 531/2484/2484
f 507/2485/2485 509/2486/2486 533/2487/2487
f 508/2488/2488 534/2489/2489 509/2490/2490
f 508/2491/2491 535/2492/2492 534/2493/2493
f 510/2494/2494 535/2495/2495 508/2496/2496
f 509/2497/2497 536/2498/2498 533/2499/2499
f 509/2500/2500 534/2501/2501 536/2502/2502
f 510/2503/2503 537/2504/2504 535/2505/2505
f 537/2506/2506 510/2507/2507 511/2508/2508
f 538/2509/2509 539/2510/2510 540/2511/2511
f 537/2512/2512 511/2513/2513 541/2514/2514
f 512/2515/2515 532/2516/2516 542/2517/2517
f 528/2518/2518 512/2519/2519 542/2520/2520
f 538/2521/2521 540/2522/2522 543/2523/2523
f 543/2524/2524 540/2525/2525 544/2526/2526
f 516/2527/2527 515/2528/2528 545/2529/2529
f 520/2530/2530 519/2531/2531 546/2532/2532
f 520/2533/2533 546/2534/2534 547/2535/2535
f 516/2536/2536 545/2537/2537 548/2538/2538
f 517/2539/2539 516/2540/2540 548/2541/2541
f 521/2542/2542 518/2543/2543 549/2544/2544
f 517/2545/2545 548/2546/2546 550/2547/2547
f 519/2548/2548 529/2549/2549 551/2550/2550
f 519/2551/2551 551/2552/2552 546/2553/2553
f 522/2554/2554 521/2555/2555 552/2556/2556
f 521/2557/2557 549/2558/2558 552/2559/2559
f 522/2560/2560 552/2561/2561 553/2562/2562
f 525/2563/2563 522/2564/2564 553/2565/2565
f 524/2566/2566 523/2567/2567 554/2568/2568
f 554/2569/2569 523/2570/2570 555/2571/2571
f 523/2572/2572 525/2573/2573 555/2574/2574
f 556/2575/2575 524/2576/2576 554/2577/2577
f 526/2578/2578 524/2579/2579 556/2580/2580
f 525/2581/2581 553/2582/2582 557/2583/2583
f 555/2584/2584 525/2585/2585 557/2586/2586
f 527/2587/2587 526/2588/2588 558/2589/2589
f 558/2590/2590 526/2591/2591 556/2592/2592
f 543/2593/2593 544/2594/2594 559/2595/2595
f 560/2596/2596 527/2597/2597 558/2598/2598
f 528/2599/2599 542/2600/2600 529/2601/2601
f 529/2602/2602 542/2603/2603 561/2604/2604
f 529/2605/2605 561/2606/2606 551/2607/2607
f 530/2608/2608 531/2609/2609 562/2610/2610
f 530/2611/2611 562/2612/2612 563/2613/2613
f 532/2614/2614 530/2615/2615 563/2616/2616
f 531/2617/2617 533/2618/2618 564/2619/2619
f 531/2620/2620 564/2621/2621 562/2622/2622
f 532/2623/2623 563/2624/2624 565/2625/2625
f 542/2626/2626 532/2627/2627 565/2628/2628
f 533/2629/2629 536/2630/2630 566/2631/2631
f 533/2632/2632 566/2633/2633 564/2634/2634
f 534/2635/2635 567/2636/2636 568/2637/2637
f 535/2638/2638 567/2639/2639 534/2640/2640
f 534/2641/2641 568/2642/2642 536/2643/2643
f 535/2644/2644 569/2645/2645 567/2646/2646
f 537/2647/2647 569/2648/2648 535/2649/2649
f 536/2650/2650 568/2651/2651 570/2652/2652
f 536/2653/2653 570/2654/2654 566/2655/2655
f 571/2656/2656 537/2657/2657 541/2658/2658
f 537/2659/2659 571/2660/2660 569/2661/2661
f 572/2662/2662 538/2663/2663 543/2664/2664
f 571/2665/2665 541/2666/2666 573/2667/2667
f 542/2668/2668 565/2669/2669 561/2670/2670
f 572/2671/2671 543/2672/2672 574/2673/2673
f 574/2674/2674 543/2675/2675 559/2676/2676
f 548/2677/2677 545/2678/2678 575/2679/2679
f 547/2680/2680 546/2681/2681 576/2682/2682
f 547/2683/2683 576/2684/2684 577/2685/2685
f 546/2686/2686 551/2687/2687 578/2688/2688
f 546/2689/2689 578/2690/2690 576/2691/2691
f 548/2692/2692 575/2693/2693 579/2694/2694
f 550/2695/2695 548/2696/2696 579/2697/2697
f 552/2698/2698 549/2699/2699 580/2700/2700
f 550/2701/2701 579/2702/2702 581/2703/2703
f 551/2704/2704 561/2705/2705 582/2706/2706
f 551/2707/2707 582/2708/2708 578/2709/2709
f 552/2710/2710 580/2711/2711 583/2712/2712
f 553/2713/2713 552/2714/2714 583/2715/2715
f 557/2716/2716 553/2717/2717 584/2718/2718
f 553/2719/2719 583/2720/2720 584/2721/2721
f 556/2722/2722 554/2723/2723 585/2724/2724
f 585/2725/2725 554/2726/2726 586/2727/2727
f 554/2728/2728 555/2729/2729 586/2730/2730
f 555/2731/2731 557/2732/2732 587/2733/2733
f 586/2734/2734 555/2735/2735 587/2736/2736
f 558/2737/2737 556/2738/2738 588/2739/2739
f 588/2740/2740 556/2741/2741 585/2742/2742
f 587/2743/2743 557/2744/2744 589/2745/2745
f 557/2746/2746 584/2747/2747 589/2748/2748
f 560/2749/2749 558/2750/2750 590/2751/2751
f 590/2752/2752 558/2753/2753 588/2754/2754
f 574/2755/2755 559/2756/2756 591/2757/2757
f 592/2758/2758 560/2759/2759 590/2760/2760
f 561/2761/2761 565/2762/2762 593/2763/2763
f 561/2764/2764 593/2765/2765 582/2766/2766
f 563/2767/2767 562/2768/2768 594/2769/2769
f 562/2770/2770 595/2771/2771 594/2772/2772
f 562/2773/2773 564/2774/2774 595/2775/2775
f 563/2776/2776 594/2777/2777 596/2778/2778
f 565/2779/2779 563/2780/2780 596/2781/2781
f 564/2782/2782 597/2783/2783 595/2784/2784
f 564/2785/2785 566/2786/2786 597/2787/2787
f 565/2788/2788 596/2789/2789 593/2790/2790
f 566/2791/2791 598/2792/2792 597/2793/2793
f 566/2794/2794 570/2795/2795 598/2796/2796
f 567/2797/2797 599/2798/2798 568/2799/2799
f 567/2800/2800 600/2801/2801 599/2802/2802
f 569/2803/2803 600/2804/2804 567/2805/2805
f 568/2806/2806 599/2807/2807 601/2808/2808
f 568/2809/2809 601/2810/2810 570/2811/2811
f 569/2812/2812 602/2813/2813 600/2814/2814
f 571/2815/2815 602/2816/2816 569/2817/2817
f 570/2818/2818 603/2819/2819 598/2820/2820
f 570/2821/2821 601/2822/2822 603/2823/2823
f 571/2824/2824 573/2825/2825 602/2826/2826
f 572/2827/2827 574/2828/2828 604/2829/2829
f 572/2830/2830 604/2831/2831 605/2832/2832
f 574/2833/2833 606/2834/2834 604/2835/2835
f 574/2836/2836 591/2837/2837 606/2838/2838
f 579/2839/2839 575/2840/2840 607/2841/2841
f 577/2842/2842 576/2843/2843 608/2844/2844
f 577/2845/2845 608/2846/2846 609/2847/2847
f 576/2848/2848 578/2849/2849 610/2850/2850
f 576/2851/2851 610/2852/2852 608/2853/2853
f 578/2854/2854 582/2855/2855 611/2856/2856
f 578/2857/2857 611/2858/2858 610/2859/2859
f 581/2860/2860 579/2861/2861 612/2862/2862
f 579/2863/2863 607/2864/2864 612/2865/2865
f 581/2866/2866 612/2867/2867 613/2868/2868
f 583/2869/2869 580/2870/2870 614/2871/2871
f 582/2872/2872 593/2873/2873 615/2874/2874
f 582/2875/2875 615/2876/2876 611/2877/2877
f 583/2878/2878 614/2879/2879 616/2880/2880
f 584/2881/2881 583/2882/2882 616/2883/2883
f 584/2884/2884 616/2885/2885 617/2886/2886
f 589/2887/2887 584/2888/2888 617/2889/2889
f 588/2890/2890 585/2891/2891 618/2892/2892
f 618/2893/2893 585/2894/2894 619/2895/2895
f 585/2896/2896 586/2897/2897 619/2898/2898
f 586/2899/2899 587/2900/2900 620/2901/2901
f 619/2902/2902 586/2903/2903 620/2904/2904
f 620/2905/2905 587/2906/2906 621/2907/2907
f 587/2908/2908 589/2909/2909 621/2910/2910
f 590/2911/2911 588/2912/2912 622/2913/2913
f 622/2914/2914 588/2915/2915 618/2916/2916
f 589/2917/2917 617/2918/2918 623/2919/2919
f 621/2920/2920 589/2921/2921 623/2922/2922
f 592/2923/2923 590/2924/2924 624/2925/2925
f 624/2926/2926 590/2927/2927 622/2928/2928
f 592/2929/2929 624/2930/2930 625/2931/2931
f 592/2932/2932 625/2933/2933 626/2934/2934
f 593/2935/2935 596/2936/2936 627/2937/2937
f 593/2938/2938 627/2939/2939 615/2940/2940
f 594/2941/2941 595/2942/2942 628/2943/2943
f 594/2944/2944 628/2945/2945 629/2946/2946
f 596/2947/2947 594/2948/2948 629/2949/2949
f 595/2950/2950 597/2951/2951 630/2952/2952
f 595/2953/2953 630/2954/2954 628/2955/2955
f 596/2956/2956 629/2957/2957 627/2958/2958
f 597/2959/2959 598/2960/2960 631/2961/2961
f 597/2962/2962 631/2963/2963 630/2964/2964
f 598/2965/2965 603/2966/2966 632/2967/2967
f 598/2968/2968 632/2969/2969 631/2970/2970
f 633/2971/2971 634/2972/2972 635/2973/2973
f 633/2974/2974 635/2975/2975 636/2976/2976
f 637/2977/2977 634/2978/2978 633/2979/2979
f 637/2980/2980 638/2981/2981 634/2982/2982
f 605/2983/2983 638/2984/2984 637/2985/2985
f 636/2986/2986 635/2987/2987 639/2988/2988
f 636/2989/2989 639/2990/2990 640/2991/2991
f 605/2992/2992 604/2993/2993 638/2994/2994
f 640/2995/2995 639/2996/2996 641/2997/2997
f 640/2998/2998 641/2999/2999 642/3000/3000
f 604/3001/3001 606/3002/3002 643/3003/3003
f 604/3004/3004 643/3005/3005 638/3006/3006
f 626/3007/3007 625/3008/3008 644/3009/3009
f 626/3010/3010 644/3011/3011 645/3012/3012
f 607/3013/3013 646/3014/3014 647/3015/3015
f 607/3016/3016 647/3017/3017 648/3018/3018
f 612/3019/3019 607/3020/3020 648/3021/3021
f 608/3022/3022 610/3023/3023 649/3024/3024
f 608/3025/3025 649/3026/3026 650/3027/3027
f 610/3028/3028 611/3029/3029 651/3030/3030
f 610/3031/3031 651/3032/3032 649/3033/3033
f 611/3034/3034 652/3035/3035 651/3036/3036
f 611/3037/3037 615/3038/3038 652/3039/3039
f 612/3040/3040 648/3041/3041 653/3042/3042
f 613/3043/3043 612/3044/3044 653/3045/3045
f 613/3046/3046 653/3047/3047 654/3048/3048
f 616/3049/3049 614/3050/3050 655/3051/3051
f 615/3052/3052 627/3053/3053 656/3054/3054
f 615/3055/3055 656/3056/3056 652/3057/3057
f 617/3058/3058 616/3059/3059 657/3060/3060
f 616/3061/3061 655/3062/3062 657/3063/3063
f 623/3064/3064 617/3065/3065 658/3066/3066
f 617/3067/3067 657/3068/3068 658/3069/3069
f 618/3070/3070 619/3071/3071 659/3072/3072
f 660/3073/3073 618/3074/3074 659/3075/3075
f 622/3076/3076 618/3077/3077 660/3078/3078
f 619/3079/3079 620/3080/3080 661/3081/3081
f 659/3082/3082 619/3083/3083 661/3084/3084
f 620/3085/3085 621/3086/3086 662/3087/3087
f 661/3088/3088 620/3089/3089 662/3090/3090
f 621/3091/3091 623/3092/3092 663/3093/3093
f 662/3094/3094 621/3095/3095 663/3096/3096
f 624/3097/3097 622/3098/3098 625/3099/3099
f 625/3100/3100 622/3101/3101 660/3102/3102
f 623/3103/3103 658/3104/3104 664/3105/3105
f 663/3106/3106 623/3107/3107 664/3108/3108
f 625/3109/3109 660/3110/3110 644/3111/3111
f 627/3112/3112 629/3113/3113 665/3114/3114
f 627/3115/3115 665/3116/3116 656/3117/3117
f 628/3118/3118 630/3119/3119 666/3120/3120
f 628/3121/3121 666/3122/3122 667/3123/3123
f 629/3124/3124 628/3125/3125 667/3126/3126
f 629/3127/3127 667/3128/3128 665/3129/3129
f 630/3130/3130 668/3131/3131 666/3132/3132
f 630/3133/3133 631/3134/3134 668/3135/3135
f 631/3136/3136 669/3137/3137 668/3138/3138
f 631/3139/3139 632/3140/3140 669/3141/3141
f 642/3142/3142 641/3143/3143 670/3144/3144
f 642/3145/3145 670/3146/3146 671/3147/3147
f 634/3148/3148 672/3149/3149 635/3150/3150
f 634/3151/3151 673/3152/3152 672/3153/3153
f 638/3154/3154 673/3155/3155 634/3156/3156
f 635/3157/3157 672/3158/3158 674/3159/3159
f 635/3160/3160 674/3161/3161 639/3162/3162
f 638/3163/3163 643/3164/3164 673/3165/3165
f 639/3166/3166 674/3167/3167 675/3168/3168
f 639/3169/3169 675/3170/3170 641/3171/3171
f 641/3172/3172 675/3173/3173 676/3174/3174
f 641/3175/3175 676/3176/3176 670/3177/3177
f 645/3178/3178 644/3179/3179 677/3180/3180
f 645/3181/3181 677/3182/3182 678/3183/3183
f 644/3184/3184 660/3185/3185 679/3186/3186
f 644/3187/3187 679/3188/3188 677/3189/3189
f 648/3190/3190 647/3191/3191 680/3192/3192
f 650/3193/3193 649/3194/3194 681/3195/3195
f 650/3196/3196 681/3197/3197 682/3198/3198
f 648/3199/3199 680/3200/3200 683/3201/3201
f 653/3202/3202 648/3203/3203 683/3204/3204
f 649/3205/3205 651/3206/3206 684/3207/3207
f 649/3208/3208 684/3209/3209 681/3210/3210
f 651/3211/3211 652/3212/3212 685/3213/3213
f 651/3214/3214 685/3215/3215 684/3216/3216
f 652/3217/3217 656/3218/3218 686/3219/3219
f 652/3220/3220 686/3221/3221 685/3222/3222
f 653/3223/3223 683/3224/3224 687/3225/3225
f 654/3226/3226 653/3227/3227 687/3228/3228
f 654/3229/3229 687/3230/3230 688/3231/3231
f 657/3232/3232 655/3233/3233 689/3234/3234
f 656/3235/3235 665/3236/3236 690/3237/3237
f 656/3238/3238 690/3239/3239 686/3240/3240
f 657/3241/3241 689/3242/3242 691/3243/3243
f 658/3244/3244 657/3245/3245 691/3246/3246
f 658/3247/3247 691/3248/3248 692/3249/3249
f 664/3250/3250 658/3251/3251 692/3252/3252
f 659/3253/3253 661/3254/3254 693/3255/3255
f 679/3256/3256 659/3257/3257 693/3258/3258
f 660/3259/3259 659/3260/3260 679/3261/3261
f 661/3262/3262 662/3263/3263 694/3264/3264
f 693/3265/3265 661/3266/3266 694/3267/3267
f 662/3268/3268 663/3269/3269 695/3270/3270
f 694/3271/3271 662/3272/3272 695/3273/3273
f 663/3274/3274 664/3275/3275 696/3276/3276
f 695/3277/3277 663/3278/3278 696/3279/3279
f 664/3280/3280 692/3281/3281 697/3282/3282
f 696/3283/3283 664/3284/3284 697/3285/3285
f 665/3286/3286 667/3287/3287 698/3288/3288
f 665/3289/3289 698/3290/3290 690/3291/3291
f 666/3292/3292 668/3293/3293 699/3294/3294
f 666/3295/3295 699/3296/3296 700/3297/3297
f 667/3298/3298 666/3299/3299 700/3300/3300
f 667/3301/3301 700/3302/3302 698/3303/3303
f 668/3304/3304 669/3305/3305 701/3306/3306
f 668/3307/3307 701/3308/3308 699/3309/3309
f 671/3310/3310 670/3311/3311 702/3312/3312
f 671/3313/3313 702/3314/3314 703/3315/3315
f 670/3316/3316 676/3317/3317 704/3318/3318
f 670/3319/3319 704/3320/3320 702/3321/3321
f 705/3322/3322 706/3323/3323 707/3324/3324
f 678/3325/3325 706/3326/3326 705/3327/3327
f 705/3328/3328 707/3329/3329 708/3330/3330
f 678/3331/3331 677/3332/3332 706/3333/3333
f 708/3334/3334 707/3335/3335 709/3336/3336
f 708/3337/3337 709/3338/3338 710/3339/3339
f 675/3340/3340 711/3341/3341 712/3342/3342
f 675/3343/3343 712/3344/3344 676/3345/3345
f 676/3346/3346 712/3347/3347 713/3348/3348
f 676/3349/3349 713/3350/3350 704/3351/3351
f 677/3352/3352 679/3353/3353 714/3354/3354
f 677/3355/3355 714/3356/3356 706/3357/3357
f 679/3358/3358 693/3359/3359 714/3360/3360
f 683/3361/3361 680/3362/3362 715/3363/3363
f 682/3364/3364 681/3365/3365 716/3366/3366
f 682/3367/3367 716/3368/3368 717/3369/3369
f 681/3370/3370 684/3371/3371 718/3372/3372
f 681/3373/3373 718/3374/3374 716/3375/3375
f 683/3376/3376 715/3377/3377 719/3378/3378
f 687/3379/3379 683/3380/3380 719/3381/3381
f 684/3382/3382 685/3383/3383 720/3384/3384
f 684/3385/3385 720/3386/3386 718/3387/3387
f 685/3388/3388 686/3389/3389 721/3390/3390
f 685/3391/3391 721/3392/3392 720/3393/3393
f 686/3394/3394 722/3395/3395 721/3396/3396
f 686/3397/3397 690/3398/3398 722/3399/3399
f 687/3400/3400 719/3401/3401 723/3402/3402
f 688/3403/3403 687/3404/3404 723/3405/3405
f 688/3406/3406 723/3407/3407 724/3408/3408
f 691/3409/3409 689/3410/3410 725/3411/3411
f 690/3412/3412 698/3413/3413 726/3414/3414
f 690/3415/3415 726/3416/3416 722/3417/3417
f 691/3418/3418 725/3419/3419 727/3420/3420
f 692/3421/3421 691/3422/3422 727/3423/3423
f 692/3424/3424 727/3425/3425 728/3426/3426
f 697/3427/3427 692/3428/3428 728/3429/3429
f 693/3430/3430 694/3431/3431 729/3432/3432
f 714/3433/3433 693/3434/3434 729/3435/3435
f 694/3436/3436 695/3437/3437 730/3438/3438
f 729/3439/3439 694/3440/3440 730/3441/3441
f 695/3442/3442 696/3443/3443 731/3444/3444
f 730/3445/3445 695/3446/3446 731/3447/3447
f 696/3448/3448 697/3449/3449 732/3450/3450
f 731/3451/3451 696/3452/3452 732/3453/3453
f 697/3454/3454 728/3455/3455 733/3456/3456
f 732/3457/3457 697/3458/3458 733/3459/3459
f 698/3460/3460 700/3461/3461 734/3462/3462
f 698/3463/3463 734/3464/3464 726/3465/3465
f 699/3466/3466 701/3467/3467 735/3468/3468
f 699/3469/3469 735/3470/3470 736/3471/3471
f 700/3472/3472 699/3473/3473 736/3474/3474
f 700/3475/3475 736/3476/3476 734/3477/3477
f 703/3478/3478 702/3479/3479 737/3480/3480
f 703/3481/3481 737/3482/3482 738/3483/3483
f 702/3484/3484 704/3485/3485 739/3486/3486
f 702/3487/3487 739/3488/3488 737/3489/3489
f 704/3490/3490 713/3491/3491 740/3492/3492
f 704/3493/3493 740/3494/3494 739/3495/3495
f 706/3496/3496 741/3497/3497 707/3498/3498
f 706/3499/3499 714/3500/3500 741/3501/3501
f 707/3502/3502 741/3503/3503 742/3504/3504
f 707/3505/3505 742/3506/3506 709/3507/3507
f 709/3508/3508 742/3509/3509 743/3510/3510
f 709/3511/3511 743/3512/3512 744/3513/3513
f 744/3514/3514 743/3515/3515 745/3516/3516
f 744/3517/3517 745/3518/3518 746/3519/3519
f 746/3520/3520 745/3521/3521 747/3522/3522
f 746/3523/3523 747/3524/3524 748/3525/3525
f 714/3526/3526 729/3527/3527 741/3528/3528
f 719/3529/3529 715/3530/3530 749/3531/3531
f 717/3532/3532 716/3533/3533 750/3534/3534
f 717/3535/3535 750/3536/3536 751/3537/3537
f 716/3538/3538 718/3539/3539 752/3540/3540
f 716/3541/3541 752/3542/3542 750/3543/3543
f 718/3544/3544 753/3545/3545 752/3546/3546
f 718/3547/3547 720/3548/3548 753/3549/3549
f 719/3550/3550 749/3551/3551 754/3552/3552
f 723/3553/3553 719/3554/3554 754/3555/3555
f 720/3556/3556 755/3557/3557 753/3558/3558
f 720/3559/3559 721/3560/3560 755/3561/3561
f 721/3562/3562 722/3563/3563 756/3564/3564
f 721/3565/3565 756/3566/3566 755/3567/3567
f 722/3568/3568 726/3569/3569 757/3570/3570
f 722/3571/3571 757/3572/3572 756/3573/3573
f 723/3574/3574 754/3575/3575 758/3576/3576
f 724/3577/3577 723/3578/3578 758/3579/3579
f 724/3580/3580 758/3581/3581 759/3582/3582
f 727/3583/3583 725/3584/3584 760/3585/3585
f 726/3586/3586 734/3587/3587 761/3588/3588
f 726/3589/3589 761/3590/3590 757/3591/3591
f 727/3592/3592 760/3593/3593 762/3594/3594
f 728/3595/3595 727/3596/3596 762/3597/3597
f 728/3598/3598 762/3599/3599 763/3600/3600
f 733/3601/3601 728/3602/3602 763/3603/3603
f 729/3604/3604 730/3605/3605 764/3606/3606
f 741/3607/3607 729/3608/3608 764/3609/3609
f 730/3610/3610 731/3611/3611 765/3612/3612
f 764/3613/3613 730/3614/3614 765/3615/3615
f 731/3616/3616 732/3617/3617 766/3618/3618
f 765/3619/3619 731/3620/3620 766/3621/3621
f 732/3622/3622 733/3623/3623 767/3624/3624
f 766/3625/3625 732/3626/3626 767/3627/3627
f 733/3628/3628 763/3629/3629 768/3630/3630
f 767/3631/3631 733/3632/3632 768/3633/3633
f 734/3634/3634 736/3635/3635 769/3636/3636
f 734/3637/3637 769/3638/3638 761/3639/3639
f 738/3640/3640 737/3641/3641 770/3642/3642
f 738/3643/3643 770/3644/3644 771/3645/3645
f 736/3646/3646 735/3647/3647 772/3648/3648
f 736/3649/3649 772/3650/3650 769/3651/3651
f 737/3652/3652 739/3653/3653 773/3654/3654
f 737/3655/3655 773/3656/3656 770/3657/3657
f 739/3658/3658 740/3659/3659 774/3660/3660
f 739/3661/3661 774/3662/3662 773/3663/3663
f 748/3664/3664 747/3665/3665 775/3666/3666
f 748/3667/3667 775/3668/3668 776/3669/3669
f 741/3670/3670 764/3671/3671 742/3672/3672
f 742/3673/3673 764/3674/3674 777/3675/3675
f 742/3676/3676 777/3677/3677 743/3678/3678
f 743/3679/3679 777/3680/3680 778/3681/3681
f 743/3682/3682 778/3683/3683 745/3684/3684
f 745/3685/3685 778/3686/3686 779/3687/3687
f 745/3688/3688 779/3689/3689 747/3690/3690
f 747/3691/3691 779/3692/3692 780/3693/3693
f 747/3694/3694 780/3695/3695 775/3696/3696
f 754/3697/3697 749/3698/3698 781/3699/3699
f 751/3700/3700 750/3701/3701 782/3702/3702
f 751/3703/3703 782/3704/3704 783/3705/3705
f 750/3706/3706 752/3707/3707 784/3708/3708
f 750/3709/3709 784/3710/3710 782/3711/3711
f 752/3712/3712 753/3713/3713 785/3714/3714
f 752/3715/3715 785/3716/3716 784/3717/3717
f 753/3718/3718 755/3719/3719 786/3720/3720
f 753/3721/3721 786/3722/3722 785/3723/3723
f 754/3724/3724 781/3725/3725 787/3726/3726
f 758/3727/3727 754/3728/3728 787/3729/3729
f 755/3730/3730 756/3731/3731 788/3732/3732
f 755/3733/3733 788/3734/3734 786/3735/3735
f 756/3736/3736 757/3737/3737 789/3738/3738
f 756/3739/3739 789/3740/3740 788/3741/3741
f 757/3742/3742 790/3743/3743 789/3744/3744
f 757/3745/3745 761/3746/3746 790/3747/3747
f 758/3748/3748 787/3749/3749 791/3750/3750
f 759/3751/3751 758/3752/3752 791/3753/3753
f 759/3754/3754 791/3755/3755 792/3756/3756
f 762/3757/3757 760/3758/3758 793/3759/3759
f 761/3760/3760 769/3761/3761 794/3762/3762
f 761/3763/3763 794/3764/3764 790/3765/3765
f 762/3766/3766 793/3767/3767 795/3768/3768
f 763/3769/3769 762/3770/3770 795/3771/3771
f 763/3772/3772 795/3773/3773 796/3774/3774
f 768/3775/3775 763/3776/3776 796/3777/3777
f 764/3778/3778 765/3779/3779 777/3780/3780
f 765/3781/3781 766/3782/3782 797/3783/3783
f 777/3784/3784 765/3785/3785 797/3786/3786
f 797/3787/3787 766/3788/3788 798/3789/3789
f 766/3790/3790 767/3791/3791 798/3792/3792
f 767/3793/3793 768/3794/3794 799/3795/3795
f 798/3796/3796 767/3797/3797 799/3798/3798
f 799/3799/3799 768/3800/3800 800/3801/3801
f 768/3802/3802 796/3803/3803 800/3804/3804
f 769/3805/3805 772/3806/3806 801/3807/3807
f 769/3808/3808 801/3809/3809 794/3810/3810
f 770/3811/3811 773/3812/3812 802/3813/3813
f 770/3814/3814 802/3815/3815 803/3816/3816
f 771/3817/3817 770/3818/3818 803/3819/3819
f 771/3820/3820 803/3821/3821 804/3822/3822
f 773/3823/3823 774/3824/3824 805/3825/3825
f 773/3826/3826 805/3827/3827 802/3828/3828
f 776/3829/3829 775/3830/3830 806/3831/3831
f 776/3832/3832 806/3833/3833 807/3834/3834
f 775/3835/3835 780/3836/3836 808/3837/3837
f 775/3838/3838 808/3839/3839 806/3840/3840
f 777/3841/3841 797/3842/3842 778/3843/3843
f 778/3844/3844 797/3845/3845 809/3846/3846
f 778/3847/3847 809/3848/3848 779/3849/3849
f 779/3850/3850 810/3851/3851 780/3852/3852
f 779/3853/3853 809/3854/3854 810/3855/3855
f 780/3856/3856 810/3857/3857 811/3858/3858
f 780/3859/3859 811/3860/3860 808/3861/3861
f 787/3862/3862 781/3863/3863 812/3864/3864
f 783/3865/3865 782/3866/3866 813/3867/3867
f 783/3868/3868 813/3869/3869 814/3870/3870
f 782/3871/3871 784/3872/3872 815/3873/3873
f 782/3874/3874 815/3875/3875 813/3876/3876
f 784/3877/3877 785/3878/3878 816/3879/3879
f 784/3880/3880 816/3881/3881 815/3882/3882
f 785/3883/3883 817/3884/3884 816/3885/3885
f 785/3886/3886 786/3887/3887 817/3888/3888
f 786/3889/3889 818/3890/3890 817/3891/3891
f 786/3892/3892 788/3893/3893 818/3894/3894
f 791/3895/3895 787/3896/3896 819/3897/3897
f 787/3898/3898 812/3899/3899 819/3900/3900
f 788/3901/3901 820/3902/3902 818/3903/3903
f 788/3904/3904 789/3905/3905 820/3906/3906
f 789/3907/3907 790/3908/3908 821/3909/3909
f 789/3910/3910 821/3911/3911 820/3912/3912
f 790/3913/3913 822/3914/3914 821/3915/3915
f 790/3916/3916 794/3917/3917 822/3918/3918
f 791/3919/3919 819/3920/3920 823/3921/3921
f 793/3922/3922 824/3923/3923 825/3924/3924
f 793/3925/3925 825/3926/3926 826/3927/3927
f 795/3928/3928 793/3929/3929 826/3930/3930
f 794/3931/3931 801/3932/3932 827/3933/3933
f 794/3934/3934 827/3935/3935 822/3936/3936
f 795/3937/3937 826/3938/3938 828/3939/3939
f 796/3940/3940 795/3941/3941 828/3942/3942
f 796/3943/3943 828/3944/3944 829/3945/3945
f 800/3946/3946 796/3947/3947 829/3948/3948
f 797/3949/3949 798/3950/3950 809/3951/3951
f 798/3952/3952 799/3953/3953 830/3954/3954
f 809/3955/3955 798/3956/3956 830/3957/3957
f 799/3958/3958 800/3959/3959 831/3960/3960
f 830/3961/3961 799/3962/3962 831/3963/3963
f 800/3964/3964 829/3965/3965 832/3966/3966
f 831/3967/3967 800/3968/3968 832/3969/3969
f 801/3970/3970 833/3971/3971 834/3972/3972
f 801/3973/3973 834/3974/3974 827/3975/3975
f 803/3976/3976 802/3977/3977 835/3978/3978
f 802/3979/3979 836/3980/3980 835/3981/3981
f 802/3982/3982 805/3983/3983 836/3984/3984
f 803/3985/3985 835/3986/3986 837/3987/3987
f 807/3988/3988 806/3989/3989 838/3990/3990
f 807/3991/3991 838/3992/3992 839/3993/3993
f 806/3994/3994 808/3995/3995 840/3996/3996
f 806/3997/3997 840/3998/3998 838/3999/3999
f 808/4000/4000 811/4001/4001 841/4002/4002
f 808/4003/4003 841/4004/4004 840/4005/4005
f 809/4006/4006 830/4007/4007 810/4008/4008
f 810/4009/4009 830/4010/4010 842/4011/4011
f 810/4012/4012 842/4013/4013 811/4014/4014
f 811/4015/4015 843/4016/4016 841/4017/4017
f 811/4018/4018 842/4019/4019 843/4020/4020
f 844/4021/4021 819/4022/4022 812/4023/4023
f 844/4024/4024 812/4025/4025 845/4026/4026
f 846/4027/4027 847/4028/4028 813/4029/4029
f 846/4030/4030 813/4031/4031 815/4032/4032
f 848/4033/4033 846/4034/4034 815/4035/4035
f 848/4036/4036 815/4037/4037 816/4038/4038
f 849/4039/4039 848/4040/4040 816/4041/4041
f 849/4042/4042 816/4043/4043 817/4044/4044
f 850/4045/4045 849/4046/4046 817/4047/4047
f 850/4048/4048 817/4049/4049 818/4050/4050
f 851/4051/4051 850/4052/4052 818/4053/4053
f 851/4054/4054 818/4055/4055 820/4056/4056
f 852/4057/4057 819/4058/4058 844/4059/4059
f 852/4060/4060 823/4061/4061 819/4062/4062
f 853/4063/4063 851/4064/4064 820/4065/4065
f 853/4066/4066 820/4067/4067 821/4068/4068
f 827/4069/4069 853/4070/4070 821/4071/4071
f 827/4072/4072 821/4073/4073 822/4074/4074
f 854/4075/4075 826/4076/4076 825/4077/4077
f 854/4078/4078 825/4079/4079 855/4080/4080
f 829/4081/4081 826/4082/4082 854/4083/4083
f 829/4084/4084 828/4085/4085 826/4086/4086
f 834/4087/4087 853/4088/4088 827/4089/4089
f 832/4090/4090 829/4091/4091 854/4092/4092
f 830/4093/4093 831/4094/4094 842/4095/4095
f 842/4096/4096 831/4097/4097 856/4098/4098
f 831/4099/4099 832/4100/4100 856/4101/4101
f 832/4102/4102 854/4103/4103 857/4104/4104
f 856/4105/4105 832/4106/4106 857/4107/4107
f 835/4108/4108 858/4109/4109 837/4110/4110
f 834/4111/4111 859/4112/4112 853/4113/4113
f 835/4114/4114 860/4115/4115 858/4116/4116
f 836/4117/4117 860/4118/4118 835/4119/4119
f 836/4120/4120 861/4121/4121 860/4122/4122
f 838/4123/4123 840/4124/4124 862/4125/4125
f 838/4126/4126 862/4127/4127 863/4128/4128
f 840/4129/4129 864/4130/4130 862/4131/4131
f 840/4132/4132 841/4133/4133 864/4134/4134
f 841/4135/4135 843/4136/4136 865/4137/4137
f 841/4138/4138 865/4139/4139 864/4140/4140
f 842/4141/4141 856/4142/4142 843/4143/4143
f 843/4144/4144 856/4145/4145 866/4146/4146
f 843/4147/4147 866/4148/4148 865/4149/4149
f 867/4150/4150 852/4151/4151 844/4152/4152
f 867/4153/4153 844/4154/4154 868/4155/4155
f 869/4156/4156 846/4157/4157 848/4158/4158
f 869/4159/4159 870/4160/4160 846/4161/4161
f 871/4162/4162 869/4163/4163 848/4164/4164
f 871/4165/4165 848/4166/4166 849/4167/4167
f 872/4168/4168 871/4169/4169 849/4170/4170
f 872/4171/4171 849/4172/4172 850/4173/4173
f 873/4174/4174 872/4175/4175 850/4176/4176
f 873/4177/4177 850/4178/4178 851/4179/4179
f 859/4180/4180 873/4181/4181 851/4182/4182
f 859/4183/4183 851/4184/4184 853/4185/4185
f 857/4186/4186 854/4187/4187 855/4188/4188
f 857/4189/4189 855/4190/4190 874/4191/4191
f 856/4192/4192 857/4193/4193 866/4194/4194
f 866/4195/4195 857/4196/4196 874/4197/4197
f 860/4198/4198 875/4199/4199 858/4200/4200
f 860/4201/4201 876/4202/4202 875/4203/4203
f 862/4204/4204 864/4205/4205 877/4206/4206
f 862/4207/4207 877/4208/4208 878/4209/4209
f 864/4210/4210 865/4211/4211 879/4212/4212
f 864/4213/4213 879/4214/4214 877/4215/4215
f 865/4216/4216 866/4217/4217 880/4218/4218
f 865/4219/4219 880/4220/4220 879/4221/4221
f 866/4222/4222 874/4223/4223 880/4224/4224
# 880 vertices
# 4224 texture params
# 4224 normals
# 1408 facets

# 2 groups
