# WaveFront *.obj file (generated by Autodesk ATF)

mtllib Right Aileron.mtl

g cessna-172 (1).obj (12)

v 2.734299 4.589778 -19.774666
v 2.725082 4.594750 -19.846100
v 2.916308 4.512138 -19.846100
v 2.975378 4.477810 -19.210407
v 2.662906 4.619901 -20.327958
v 2.661428 4.620475 -20.339413
v 2.865005 4.531492 -20.339413
v 2.639610 4.624412 -20.508507
v 2.618576 4.626785 -20.714424
v 4.715472 4.680706 -13.233400
v 4.720865 4.672642 -13.233400
v 4.716262 4.590975 -14.073746
v 4.618669 4.738364 -14.059656
v 4.817600 4.532180 -13.233400
v 4.818489 4.525450 -13.233400
v 4.737395 4.416752 -14.090753
v 4.841764 4.356715 -13.233400
v 4.840788 4.353385 -13.233400
v 4.684767 4.245323 -14.107757
v 4.822723 4.494759 -13.233400
v 4.826000 4.470998 -13.233400
v 4.826000 4.303907 -13.233400
v 4.822723 4.292942 -13.233400
v 4.790206 4.184148 -13.233400
v 3.741242 5.126748 -21.056612
v 3.672188 5.171954 -21.056623
v 3.759018 5.140218 -20.929991
v 3.609661 5.214440 -21.056634
v 3.627367 5.231611 -20.921005
v 3.514367 5.239633 -21.056649
v 3.437155 5.261037 -21.056662
v 3.453713 5.280547 -20.916388
v 3.328040 5.271257 -21.056680
v 3.243930 5.279733 -21.056694
v 3.258729 5.300467 -20.914688
v 3.133834 5.281690 -21.056712
v 3.050220 5.283530 -21.056726
v 3.063089 5.304815 -20.914446
v 2.945995 5.283350 -21.056743
v 2.867012 5.283457 -21.056756
v 2.878031 5.305070 -20.914446
v 2.753791 5.283009 -21.056775
v 2.668039 5.282918 -21.056789
v 2.677050 5.304862 -20.914446
v 2.568862 5.282976 -21.056805
v 2.574835 5.290111 -21.010509
v 2.587231 5.305213 -20.914446
v 2.612631 5.317485 -20.717593
v 2.704962 5.323186 -20.621134
v 2.625078 5.323763 -20.621133
v 2.659795 5.323413 -20.352074
v 2.743269 5.322772 -20.246126
v 2.673465 5.323491 -20.246126
v 2.723341 5.309290 -19.859589
v 2.790165 5.304820 -19.752811
v 2.737119 5.305509 -19.752811
v 2.810661 5.274873 -19.182859
v 2.843866 5.271018 -19.117117
v 2.819144 5.271391 -19.117117
v 4.665141 4.044321 -13.233400
v 4.477706 3.962820 -13.233400
v 4.470071 3.962235 -13.256283
v 4.663539 4.045286 -13.247294
v 4.472587 3.960654 -13.233400
v 4.240974 3.931857 -13.233400
v 4.230450 3.932825 -13.260903
v 4.233286 3.930934 -13.233400
v 3.980633 3.946011 -13.233400
v 3.968888 3.948539 -13.262601
v 3.971678 3.946544 -13.233400
v 3.721155 3.997087 -13.233400
v 3.709592 4.000864 -13.262845
v 3.712181 3.998864 -13.233400
v 3.578333 4.042454 -13.233400
v 3.574534 4.044848 -13.262844
v 3.499499 4.093339 -13.844369
v 3.461689 4.117271 -14.137395
v 3.631945 4.060565 -14.137396
v 3.363988 4.180674 -14.894577
v 3.348843 4.190297 -15.011950
v 3.554298 4.120268 -15.011948
v 3.277359 4.236893 -15.565951
v 3.251269 4.258649 -15.886499
v 3.235998 4.264510 -15.886499
v 3.227210 4.270559 -15.954606
v 3.123152 4.340413 -16.761052
v 3.180085 4.318005 -16.761051
v 3.089521 4.363605 -17.021694
v 3.011140 4.416298 -17.629148
v 3.109231 4.376685 -17.629148
v 2.954687 4.454449 -18.066655
v 2.904125 4.487716 -18.458512
v 3.040339 4.431306 -18.458509
v 2.833015 4.533073 -19.009619
v 2.807107 4.549120 -19.210406
v 2.613040 4.628725 -20.714424
v 2.612177 4.628541 -20.721108
v 2.575193 4.624254 -21.007734
v 2.590663 4.619067 -21.007734
v 3.692381 4.530646 -21.056620
v 3.760343 4.626288 -21.056609
v 3.800392 4.666113 -20.978094
v 3.701427 4.529804 -20.992186
v 3.788896 4.665158 -21.056604
v 3.810000 4.748794 -21.056601
v 3.815706 4.771409 -21.056605
v 3.844779 4.832360 -20.961092
v 3.830598 4.828137 -21.056618
v 3.776643 5.063227 -21.056606
v 3.741242 5.126748 -21.056612
v 3.759018 5.140218 -20.929991
v 3.821723 4.924189 -21.056610
v 3.831887 4.999933 -20.944082
v 3.810000 5.001266 -21.056601
v 3.815410 4.991215 -21.056605
v 3.470346 4.932835 -14.070302
v 3.473726 4.931043 -14.044108
v 3.480020 4.930932 -14.044108
v 3.490773 4.921965 -13.911996
v 3.578333 4.875243 -13.233400
v 3.772914 4.871237 -13.233400
v 3.334236 5.005205 -15.125152
v 3.360880 4.991088 -14.918661
v 3.408837 4.990288 -14.918661
v 3.718332 4.926239 -14.044108
v 3.790310 4.870895 -13.233400
v 4.030345 4.861957 -13.233400
v 3.196461 5.078347 -16.192910
v 3.248035 5.051044 -15.793213
v 3.337655 5.049644 -15.793213
v 3.640684 4.985940 -14.918661
v 3.970335 4.916981 -14.044353
v 4.048679 4.861282 -13.233400
v 4.288919 4.837187 -13.233400
v 3.135189 5.110904 -16.667766
v 3.266472 5.109001 -16.667765
v 3.057639 5.151752 -17.268784
v 3.563037 5.045642 -15.793213
v 3.885845 4.977048 -14.918903
v 4.306771 4.835374 -13.233400
v 4.221881 4.891531 -14.046051
v 4.523077 4.783328 -13.233400
v 3.884398 4.008607 -14.137152
v 2.923935 5.220805 -18.304984
v 3.023177 5.169973 -17.535862
v 3.195616 5.167680 -17.535864
v 3.485389 5.105344 -16.667765
v 3.801356 5.037116 -15.793454
v 4.130526 4.951966 -14.920605
v 4.446738 4.836467 -14.050667
v 4.537918 4.779681 -13.233400
v 4.705820 4.686215 -13.233400
v 3.476650 4.179969 -15.886499
v 3.799908 4.068675 -15.011704
v 4.139095 3.993259 -14.135451
v 2.881885 5.241237 -18.630878
v 2.916162 5.224805 -18.365227
v 3.126726 5.222301 -18.365225
v 3.408111 5.164373 -17.535862
v 3.716866 5.097183 -16.668007
v 4.039170 5.012401 -15.795156
v 4.349167 4.897234 -14.925220
v 4.715472 4.680706 -13.233400
v 4.618669 4.738364 -14.059656
v 3.399003 4.239671 -16.761051
v 3.715419 4.128742 -15.886255
v 4.047740 4.053694 -15.010003
v 4.372499 4.023002 -14.130836
v 3.061764 5.268805 -19.117123
v 3.333043 5.219366 -18.365227
v 3.632789 5.156581 -17.536106
v 3.947814 5.072835 -16.669710
v 4.251595 4.958001 -15.799774
v 4.516208 4.799393 -14.934208
v 4.667146 4.046510 -13.233400
v 4.665141 4.044321 -13.233400
v 4.663539 4.045286 -13.247294
v 4.610800 4.652164 -14.948298
v 4.516208 4.799393 -14.934208
v 4.630932 4.477994 -14.965303
v 3.321725 4.298700 -17.629148
v 3.630930 4.188809 -16.760809
v 3.956383 4.114129 -15.884556
v 4.274929 4.083769 -15.005389
v 4.561078 4.106314 -14.121845
v 4.788471 4.182207 -13.233400
v 4.790179 4.184117 -13.233400
v 4.561078 4.106314 -14.121845
v 3.002695 5.303133 -19.752811
v 3.262397 5.266286 -19.117117
v 3.551184 5.211968 -18.365467
v 3.856914 5.132605 -17.537806
v 4.154024 5.018768 -16.674324
v 4.413746 4.860421 -15.808760
v 4.505338 4.713353 -15.822849
v 4.413746 4.860421 -15.808760
v 4.524470 4.539237 -15.839853
v 4.579305 4.306512 -14.982307
v 4.473842 4.367700 -15.856860
v 3.246656 4.353693 -18.458511
v 3.546853 4.248209 -17.628906
v 3.865028 4.174563 -16.759109
v 4.177357 4.144536 -15.879939
v 4.458617 4.167342 -14.996402
v 4.458617 4.167342 -14.996402
v 2.951391 5.321693 -20.246126
v 3.198385 5.301098 -19.752811
v 3.474523 5.259330 -19.117363
v 3.768749 5.188386 -18.367168
v 4.056948 5.078873 -17.542421
v 4.311285 4.921449 -16.683311
v 4.399875 4.774541 -16.697403
v 4.311285 4.921449 -16.683311
v 4.418007 4.600479 -16.714409
v 4.368380 4.428889 -16.731415
v 4.356156 4.228371 -15.870951
v 4.253695 4.289399 -16.745504
v 3.176012 4.400614 -19.210407
v 3.465248 4.303595 -18.458267
v 3.774127 4.234334 -17.627207
v 4.079786 4.205302 -16.754490
v 4.356156 4.228371 -15.870951
v 2.909364 5.322760 -20.621134
v 3.143025 5.320221 -20.246126
v 3.405279 5.294654 -19.753054
v 3.686051 5.236191 -19.119061
v 3.962843 5.135012 -18.371784
v 4.209351 4.981819 -17.551409
v 4.294958 4.835073 -17.565498
v 4.209351 4.981819 -17.551409
v 4.312096 4.661065 -17.582502
v 4.263463 4.489421 -17.599510
v 4.151760 4.349769 -17.613602
v 4.253695 4.289399 -16.745504
v 3.982710 4.265409 -17.622589
v 4.151760 4.349769 -17.613602
v 3.111999 4.435425 -19.846100
v 3.388587 4.350956 -19.210161
v 3.685961 4.290114 -18.456568
v 2.573059 4.622908 -21.024279
v 2.568862 4.621248 -21.056805
v 2.587557 4.615585 -21.056802
v 3.097573 5.321895 -20.621130
v 3.345625 5.314380 -20.246372
v 3.611556 5.272028 -19.754755
v 3.874681 5.183216 -19.123682
v 4.110575 5.038239 -18.380772
v 4.193314 4.891665 -18.394861
v 4.110575 5.038239 -18.380772
v 4.209495 4.717715 -18.411869
v 4.161819 4.546013 -18.428875
v 4.052983 4.406188 -18.442965
v 3.888605 4.321547 -18.451948
v 4.052983 4.406188 -18.442965
v 2.822978 4.538108 -20.714413
v 3.056640 4.455535 -20.339417
v 3.319342 4.386280 -19.845858
v 3.603264 4.337918 -19.208464
v 2.748836 4.548518 -21.056776
v 2.791645 4.535486 -21.007734
v 2.787848 4.533834 -21.056769
v 3.296547 5.316752 -20.621372
v 3.547594 5.292382 -20.248070
v 3.795434 5.219519 -19.759371
v 4.018114 5.086758 -19.132664
v 4.098215 4.940379 -19.146755
v 4.018114 5.086758 -19.132664
v 4.113516 4.766492 -19.163763
v 4.066720 4.594727 -19.180767
v 3.960523 4.454708 -19.194860
v 3.800444 4.369751 -19.203848
v 3.960523 4.454708 -19.194860
v 3.011187 4.464121 -20.714418
v 3.259689 4.407111 -20.339174
v 3.528770 4.373755 -19.844154
v 2.936372 4.477909 -21.056745
v 2.976703 4.465803 -21.007734
v 2.972270 4.465684 -21.056739
v 3.494877 5.295610 -20.623077
v 3.727571 5.240482 -20.252687
v 3.935127 5.123427 -19.768360
v 4.012933 4.977273 -19.782446
v 3.935127 5.123427 -19.768360
v 4.027470 4.803461 -19.799456
v 3.981437 4.631620 -19.816460
v 3.877536 4.491377 -19.830549
v 3.721196 4.406054 -19.839542
v 3.877536 4.491377 -19.830549
v 3.210610 4.417220 -20.714174
v 3.464807 4.395235 -20.337469
v 3.129502 4.430506 -21.056713
v 3.172793 4.421936 -21.007490
v 3.167663 4.422857 -21.056707
v 3.671560 5.244779 -20.627689
v 3.864196 5.144940 -20.261673
v 3.940117 4.999233 -20.275766
v 3.864196 5.144940 -20.261673
v 3.954026 4.825729 -20.292768
v 3.908622 4.654019 -20.309778
v 3.806605 4.513691 -20.323870
v 3.653332 4.428048 -20.332857
v 3.806605 4.513691 -20.323870
v 3.412090 4.406340 -20.712473
v 3.325316 4.415490 -21.056681
v 3.370926 4.412653 -21.005789
v 3.364920 4.414109 -21.056674
v 3.805593 5.150566 -20.636677
v 3.879925 5.006449 -20.650766
v 3.805593 5.150566 -20.636677
v 3.893304 4.834586 -20.667776
v 3.848431 4.664302 -20.684782
v 3.748003 4.524926 -20.698872
v 3.597322 4.439551 -20.707857
v 3.748003 4.524926 -20.698872
v 3.506727 4.440201 -21.056651
v 3.553129 4.445947 -21.001177
v 3.545888 4.447437 -21.056644
v 3.701427 4.529804 -20.992186
v 3.656158 4.510467 -21.056626
v 3.692381 4.530646 -21.056620
vt 0.001145 -0.208305 0.000000
vt 0.000000 0.000000 0.000000
vt -0.070351 -0.198265 0.000000
vt -0.636107 0.064345 0.000000
vt -0.493211 0.074291 0.000000
vt -0.011445 0.006562 0.000000
vt -0.492918 0.282599 0.000000
vt -0.000554 -0.222174 0.000000
vt 0.000000 0.000000 0.000000
vt -0.012005 -0.220561 0.000000
vt -0.493183 0.055990 0.000000
vt -0.374597 0.046764 0.000000
vt -0.205726 0.022954 0.000000
vt -0.371651 0.268919 0.000000
vt 0.000000 0.000000 0.000000
vt 0.048574 0.004052 0.000000
vt 0.048195 -0.005642 0.000000
vt 0.879591 0.073366 0.000000
vt 0.886785 -0.103819 0.000000
vt 0.041401 0.173310 0.000000
vt 0.034415 0.002903 0.000000
vt 0.879885 0.074233 0.000000
vt 0.034453 0.002414 0.000000
vt 0.034354 -0.004374 0.000000
vt 0.880851 0.061714 0.000000
vt 0.895415 -0.114005 0.000000
vt 0.017326 0.001254 0.000000
vt 0.017463 -0.002214 0.000000
vt 0.880832 0.063764 0.000000
vt 0.905078 -0.114726 0.000000
vt 0.019921 0.171528 0.000000
vt 0.019449 0.140550 0.000000
vt 0.880971 0.061814 0.000000
vt 0.019084 0.116567 0.000000
vt 0.017329 0.001216 0.000000
vt -0.006890 0.176506 0.000000
vt -0.004818 0.124907 0.000000
vt 0.880702 0.063812 0.000000
vt -0.004359 0.113472 0.000000
vt 0.000197 0.000014 0.000000
vt -0.150207 -0.130063 0.000000
vt -0.130180 -0.049995 0.000000
vt -0.276545 -0.106206 0.000000
vt 0.134641 -0.029584 0.000000
vt 0.000000 0.000000 0.000000
vt 0.115744 -0.102778 0.000000
vt -0.031202 -0.157454 0.000000
vt 0.101600 0.191459 0.000000
vt 0.105593 0.092971 0.000000
vt 0.238233 0.209758 0.000000
vt -0.141553 -0.017165 0.000000
vt 0.000000 0.000000 0.000000
vt -0.145164 0.062878 0.000000
vt -0.012837 0.180020 0.000000
vt 0.104622 0.205172 0.000000
vt 0.106122 0.095590 0.000000
vt 0.246239 0.221801 0.000000
vt -0.143504 -0.014872 0.000000
vt 0.000000 0.000000 0.000000
vt -0.144801 0.069654 0.000000
vt -0.004759 0.195949 0.000000
vt 0.106620 0.203325 0.000000
vt 0.106889 0.093212 0.000000
vt 0.250132 0.218126 0.000000
vt -0.143863 -0.012871 0.000000
vt 0.000000 0.000000 0.000000
vt -0.144125 0.070762 0.000000
vt -0.000891 0.195686 0.000000
vt 0.107194 0.191412 0.000000
vt 0.107150 0.087186 0.000000
vt 0.251057 0.204281 0.000000
vt -0.143942 -0.011020 0.000000
vt 0.000000 0.000000 0.000000
vt -0.143945 0.067963 0.000000
vt -0.000038 0.185058 0.000000
vt 0.107266 0.205678 0.000000
vt 0.107181 0.092456 0.000000
vt 0.251208 0.216697 0.000000
vt -0.144025 -0.009010 0.000000
vt 0.000000 0.000000 0.000000
vt -0.143997 0.076741 0.000000
vt 0.000032 0.200981 0.000000
vt 0.107127 0.155958 0.000000
vt 0.153970 0.161932 0.000000
vt 0.107134 0.255136 0.000000
vt 0.251159 0.264147 0.000000
vt -0.097342 0.150633 0.000000
vt -0.000099 0.163028 0.000000
vt -0.000154 0.252848 0.000000
vt -0.000040 0.163028 0.000000
vt 0.197195 0.188429 0.000000
vt -0.000062 0.252848 0.000000
vt 0.293822 0.280761 0.000000
vt -0.096752 0.164823 0.000000
vt -0.000087 0.177270 0.000000
vt -0.000126 0.257157 0.000000
vt -0.000002 0.177270 0.000000
vt 0.269056 0.211988 0.000000
vt -0.000003 0.257157 0.000000
vt 0.375005 0.295465 0.000000
vt -0.105952 0.178366 0.000000
vt -0.000004 0.192038 0.000000
vt -0.000006 0.261845 0.000000
vt 0.000070 0.192038 0.000000
vt 0.386867 0.241916 0.000000
vt 0.000096 0.261845 0.000000
vt 0.493737 0.308744 0.000000
vt -0.106753 0.200566 0.000000
vt 0.000092 0.214345 0.000000
vt 0.000115 0.267396 0.000000
vt 0.000143 0.214345 0.000000
vt 0.570917 0.287894 0.000000
vt 0.000179 0.267396 0.000000
vt 0.636771 0.321101 0.000000
vt -0.065639 0.240950 0.000000
vt 0.000195 0.249434 0.000000
vt 0.000214 0.274159 0.000000
vt -0.023585 -0.202414 0.000000
vt -0.000934 -0.210730 0.000000
vt -0.013910 0.001745 0.000000
vt 0.000000 0.000000 0.000000
vt -0.022664 0.008282 0.000000
vt -0.022913 0.002729 0.000000
vt 0.000000 0.000000 0.000000
vt -0.022935 0.002535 0.000000
vt -0.025311 -0.230849 0.000000
vt 0.000000 0.000000 0.000000
vt 0.002178 -0.241453 0.000000
vt -0.027491 0.010599 0.000000
vt -0.027566 0.002856 0.000000
vt 0.000000 0.000000 0.000000
vt -0.027567 0.002841 0.000000
vt -0.026626 -0.250260 0.000000
vt 0.000000 0.000000 0.000000
vt 0.002676 -0.262026 0.000000
vt -0.029301 0.011765 0.000000
vt -0.029268 0.002795 0.000000
vt 0.000000 0.000000 0.000000
vt -0.029263 0.002846 0.000000
vt -0.026787 -0.252712 0.000000
vt 0.000000 0.000000 0.000000
vt 0.002808 -0.264508 0.000000
vt -0.029598 0.011787 0.000000
vt -0.029508 0.002640 0.000000
vt 0.000000 0.000000 0.000000
vt -0.029500 0.002723 0.000000
vt -0.027789 -0.138034 0.000000
vt 0.000000 0.000000 0.000000
vt 0.001726 -0.142029 0.000000
vt -0.877734 0.190236 0.000000
vt -0.294702 0.111328 0.000000
vt -0.879550 0.332264 0.000000
vt 0.002192 -0.179438 0.000000
vt 0.000000 0.000000 0.000000
vt -0.291541 -0.139589 0.000000
vt -0.876205 0.081834 0.000000
vt -0.877170 0.146745 0.000000
vt -0.118034 0.043777 0.000000
vt -0.879479 0.326182 0.000000
vt 0.002662 -0.217045 0.000000
vt 0.000000 0.000000 0.000000
vt -0.114992 -0.201046 0.000000
vt -0.876188 0.082028 0.000000
vt -0.876587 0.103078 0.000000
vt -0.321163 0.027562 0.000000
vt -0.879397 0.320122 0.000000
vt 0.000000 0.000000 0.000000
vt -0.321130 0.027944 0.000000
vt 0.000215 -0.016355 0.000000
vt 0.000000 0.000000 0.000000
vt -0.879654 0.314525 0.000000
vt -0.811363 0.305113 0.000000
vt -0.879884 0.330880 0.000000
vt 0.000803 -0.061179 0.000000
vt 0.000000 0.000000 0.000000
vt -0.807627 0.050639 0.000000
vt -0.876116 0.076492 0.000000
vt -0.872406 0.262945 0.000000
vt -0.611068 0.226806 0.000000
vt -0.873262 0.324123 0.000000
vt 0.001371 -0.105778 0.000000
vt 0.000000 0.000000 0.000000
vt -0.607543 -0.021254 0.000000
vt -0.869608 0.076408 0.000000
vt -0.832635 0.210143 0.000000
vt -0.394059 0.149266 0.000000
vt -0.834025 0.315921 0.000000
vt 0.001776 -0.147422 0.000000
vt 0.000000 0.000000 0.000000
vt -0.390932 -0.092699 0.000000
vt -0.830668 0.074559 0.000000
vt -0.753959 0.158713 0.000000
vt -0.201773 0.081751 0.000000
vt -0.755589 0.306137 0.000000
vt 0.001797 -0.182748 0.000000
vt 0.000000 0.000000 0.000000
vt -0.199330 -0.154611 0.000000
vt -0.752832 0.070551 0.000000
vt -0.636551 0.112220 0.000000
vt -0.071669 0.033146 0.000000
vt -0.637788 0.294973 0.000000
vt -0.205799 0.022288 0.000000
vt -0.000047 -0.005865 0.000000
vt 0.000000 0.000000 0.000000
vt -0.287094 0.291547 0.000000
vt -0.280414 0.290633 0.000000
vt -0.286953 0.297410 0.000000
vt -0.000302 -0.016313 0.000000
vt 0.000000 0.000000 0.000000
vt -0.286692 0.022688 0.000000
vt -0.293263 0.029435 0.000000
vt 0.065064 0.001029 0.000000
vt 0.054993 0.117925 0.000000
vt 0.000000 0.000000 0.000000
vt -0.028585 0.166600 0.000000
vt 0.083238 -0.049254 0.000000
vt 0.079344 -0.001181 0.000000
vt 0.000000 0.000000 0.000000
vt 0.079347 -0.000984 0.000000
vt 0.076349 0.085222 0.000000
vt 0.000000 0.000000 0.000000
vt 0.075543 0.108531 0.000000
vt -0.023129 0.171354 0.000000
vt 0.098573 -0.062979 0.000000
vt 0.096566 -0.004363 0.000000
vt 0.000000 0.000000 0.000000
vt 0.120713 -0.087738 0.000000
vt 0.127651 -0.015350 0.000000
vt 0.000000 0.000000 0.000000
vt 0.096572 -0.004240 0.000000
vt 0.097903 0.092212 0.000000
vt 0.000000 0.000000 0.000000
vt -0.014871 0.168271 0.000000
vt 0.113629 -0.009863 0.000000
vt 0.114625 0.001508 0.000000
vt 0.000000 0.000000 0.000000
vt 0.120798 0.071606 0.000000
vt -0.000375 0.158708 0.000000
vt 0.112766 -0.076072 0.000000
vt 0.113720 -0.008756 0.000000
vt 0.000000 0.000000 0.000000
vt -0.025961 0.249182 0.000000
vt 0.000294 0.252562 0.000000
vt 0.000301 0.258857 0.000000
vt 0.000295 0.252562 0.000000
vt 0.132718 0.269612 0.000000
vt 0.000302 0.258857 0.000000
vt -0.063949 0.027137 0.000000
vt -0.063684 0.221758 0.000000
vt -0.744148 -0.060442 0.000000
vt -0.876564 -0.071198 0.000000
vt -0.206748 0.177220 0.000000
vt 0.000225 0.203868 0.000000
vt 0.000277 0.251831 0.000000
vt 0.000226 0.203868 0.000000
vt 0.850580 0.313349 0.000000
vt 0.000279 0.251831 0.000000
vt 0.876843 0.323023 0.000000
vt 0.000310 0.238358 0.000000
vt -0.876564 -0.071196 0.000000
vt 0.000000 0.000000 0.000000
vt 0.812905 0.310351 0.000000
vt 0.000311 0.238358 0.000000
vt 0.812882 0.292951 0.000000
vt 0.000000 0.000000 0.000000
vt -0.063990 -0.005672 0.000000
vt -0.063411 0.234529 0.000000
vt -0.876581 -0.077700 0.000000
vt -0.400468 0.103594 0.000000
vt 0.000160 0.155174 0.000000
vt 0.000253 0.244805 0.000000
vt 0.000161 0.155174 0.000000
vt 0.669791 0.241386 0.000000
vt 0.000254 0.244805 0.000000
vt 0.876817 0.315996 0.000000
vt 0.876876 0.309549 0.000000
vt 0.000289 0.231888 0.000000
vt 0.000000 0.000000 0.000000
vt 0.000288 0.231888 0.000000
vt -0.876563 -0.071195 0.000000
vt 0.000000 0.000000 0.000000
vt 0.000357 0.252173 0.000000
vt -0.876583 -0.077700 0.000000
vt 0.000000 0.000000 0.000000
vt 0.813216 0.330570 0.000000
vt 0.000358 0.252173 0.000000
vt 0.813172 0.312224 0.000000
vt 0.000000 0.000000 0.000000
vt -0.063749 -0.006175 0.000000
vt -0.062330 0.235266 0.000000
vt -0.876574 -0.084911 0.000000
vt -0.879322 0.343714 0.000000
vt -0.876447 0.079207 0.000000
vt 0.000000 0.000000 0.000000
vt 0.000104 0.106483 0.000000
vt 0.476073 0.167761 0.000000
vt 0.000231 0.237780 0.000000
vt 0.876794 0.308970 0.000000
vt -0.602301 0.028924 0.000000
vt 0.000103 0.106483 0.000000
vt 0.000229 0.237780 0.000000
vt 0.876852 0.303077 0.000000
vt 0.000266 0.225417 0.000000
vt 0.000000 0.000000 0.000000
vt 0.000265 0.225417 0.000000
vt -0.876563 -0.071194 0.000000
vt 0.000000 0.000000 0.000000
vt 0.000335 0.245322 0.000000
vt -0.876583 -0.077699 0.000000
vt 0.000000 0.000000 0.000000
vt 0.876942 0.329867 0.000000
vt 0.000337 0.245322 0.000000
vt 0.000000 0.000000 0.000000
vt 0.814334 0.338161 0.000000
vt -0.000210 0.252836 0.000000
vt 0.814228 0.320218 0.000000
vt 0.000000 0.000000 0.000000
vt -0.000200 0.252836 0.000000
vt -0.876569 -0.084923 0.000000
vt 0.000000 0.000000 0.000000
vt -0.062030 -0.006651 0.000000
vt -0.059744 0.215817 0.000000
vt -0.876363 -0.093959 0.000000
vt -0.879280 0.336999 0.000000
vt -0.876442 0.079270 0.000000
vt 0.000000 0.000000 0.000000
vt -0.876439 0.086255 0.000000
vt 0.002777 -0.257730 0.000000
vt 0.000000 0.000000 0.000000
vt -0.879278 0.346665 0.000000
vt -0.876597 0.084639 0.000000
vt 0.000000 0.000000 0.000000
vt -0.770749 -0.040906 0.000000
vt 0.000049 0.058344 0.000000
vt 0.000195 0.230799 0.000000
vt 0.000051 0.058344 0.000000
vt 0.267750 0.092809 0.000000
vt 0.000202 0.230799 0.000000
vt 0.870281 0.301660 0.000000
vt 0.876830 0.296606 0.000000
vt 0.000244 0.218948 0.000000
vt 0.000000 0.000000 0.000000
vt 0.000242 0.218948 0.000000
vt -0.870079 -0.070865 0.000000
vt 0.000000 0.000000 0.000000
vt 0.000313 0.238472 0.000000
vt -0.876583 -0.077697 0.000000
vt 0.000000 0.000000 0.000000
vt 0.876920 0.323015 0.000000
vt 0.000314 0.238472 0.000000
vt 0.000000 0.000000 0.000000
vt 0.876352 0.337805 0.000000
vt -0.000237 0.245968 0.000000
vt 0.000000 0.000000 0.000000
vt -0.000228 0.245968 0.000000
vt -0.876568 -0.084934 0.000000
vt 0.000000 0.000000 0.000000
vt -0.002222 0.231536 0.000000
vt -0.876352 -0.094070 0.000000
vt 0.000000 0.000000 0.000000
vt 0.816633 0.325424 0.000000
vt -0.002297 0.231535 0.000000
vt 0.816480 0.310142 0.000000
vt 0.000000 0.000000 0.000000
vt -0.057315 -0.007315 0.000000
vt -0.056626 0.184847 0.000000
vt -0.874978 -0.111670 0.000000
vt -0.879314 0.314090 0.000000
vt -0.876212 0.075390 0.000000
vt 0.000000 0.000000 0.000000
vt -0.876169 0.082237 0.000000
vt 0.002930 -0.238702 0.000000
vt 0.000000 0.000000 0.000000
vt -0.879236 0.330293 0.000000
vt -0.876436 0.079337 0.000000
vt 0.000000 0.000000 0.000000
vt -0.876434 0.086329 0.000000
vt 0.002737 -0.250956 0.000000
vt 0.000000 0.000000 0.000000
vt -0.879259 0.339791 0.000000
vt -0.876599 0.084641 0.000000
vt 0.000000 0.000000 0.000000
vt -0.876617 0.091518 0.000000
vt 0.002660 -0.255150 0.000000
vt 0.000000 0.000000 0.000000
vt -0.878759 0.333507 0.000000
vt -0.876561 0.092054 0.000000
vt 0.000000 0.000000 0.000000
vt 0.000229 0.249434 0.000000
vt 0.487402 0.312182 0.000000
vt 0.000252 0.274159 0.000000
vt 0.000010 0.013508 0.000000
vt 0.000162 0.224086 0.000000
vt -0.266148 -0.020772 0.000000
vt -0.753299 -0.058794 0.000000
vt 0.000011 0.013508 0.000000
vt 0.060385 0.021281 0.000000
vt 0.000174 0.224086 0.000000
vt 0.831332 0.292982 0.000000
vt 0.870323 0.289808 0.000000
vt 0.000222 0.212520 0.000000
vt 0.000000 0.000000 0.000000
vt 0.000215 0.212520 0.000000
vt -0.831157 -0.068899 0.000000
vt 0.000000 0.000000 0.000000
vt 0.000286 0.231620 0.000000
vt -0.870098 -0.077327 0.000000
vt 0.000000 0.000000 0.000000
vt 0.876898 0.316163 0.000000
vt 0.000290 0.231620 0.000000
vt 0.000000 0.000000 0.000000
vt 0.876322 0.330951 0.000000
vt -0.000263 0.239101 0.000000
vt 0.000000 0.000000 0.000000
vt -0.000253 0.239101 0.000000
vt -0.876569 -0.084947 0.000000
vt 0.000000 0.000000 0.000000
vt -0.002268 0.225423 0.000000
vt -0.876337 -0.094190 0.000000
vt 0.000000 0.000000 0.000000
vt 0.873975 0.326020 0.000000
vt -0.002345 0.225423 0.000000
vt 0.000000 0.000000 0.000000
vt 0.817717 0.309423 0.000000
vt -0.008703 0.197963 0.000000
vt 0.817701 0.298310 0.000000
vt 0.000000 0.000000 0.000000
vt -0.008421 0.197975 0.000000
vt -0.874891 -0.112351 0.000000
vt 0.000000 0.000000 0.000000
vt -0.872714 0.307739 0.000000
vt -0.869709 0.075248 0.000000
vt 0.000000 0.000000 0.000000
vt -0.876147 0.082463 0.000000
vt 0.002857 -0.232493 0.000000
vt 0.000000 0.000000 0.000000
vt -0.879192 0.323596 0.000000
vt -0.876429 0.079409 0.000000
vt 0.000000 0.000000 0.000000
vt -0.876424 0.086406 0.000000
vt 0.002698 -0.244188 0.000000
vt 0.000000 0.000000 0.000000
vt -0.879235 0.332916 0.000000
vt -0.876597 0.084641 0.000000
vt 0.000000 0.000000 0.000000
vt -0.876620 0.091519 0.000000
vt 0.002637 -0.248275 0.000000
vt 0.000000 0.000000 0.000000
vt -0.878711 0.327435 0.000000
vt -0.876559 0.092108 0.000000
vt 0.000000 0.000000 0.000000
vt -0.876571 0.098375 0.000000
vt 0.002113 -0.235328 0.000000
vt 0.000000 0.000000 0.000000
vt -0.874844 0.317008 0.000000
vt -0.875649 0.106277 0.000000
vt 0.000000 0.000000 0.000000
vt 0.000110 0.217909 0.000000
vt -0.636592 -0.053704 0.000000
vt 0.000000 0.000000 0.000000
vt 0.753463 0.282874 0.000000
vt 0.000129 0.217909 0.000000
vt 0.000000 0.000000 0.000000
vt 0.831374 0.281413 0.000000
vt 0.000189 0.206338 0.000000
vt 0.000000 0.000000 0.000000
vt 0.000176 0.206338 0.000000
vt -0.753334 -0.064969 0.000000
vt 0.000000 0.000000 0.000000
vt 0.000247 0.224814 0.000000
vt -0.831182 -0.075113 0.000000
vt 0.000000 0.000000 0.000000
vt 0.870386 0.308941 0.000000
vt 0.000262 0.224814 0.000000
vt 0.000000 0.000000 0.000000
vt 0.876297 0.324098 0.000000
vt -0.000289 0.232234 0.000000
vt 0.000000 0.000000 0.000000
vt -0.000286 0.232234 0.000000
vt -0.870084 -0.084545 0.000000
vt 0.000000 0.000000 0.000000
vt -0.002317 0.219317 0.000000
vt -0.876325 -0.094320 0.000000
vt 0.000000 0.000000 0.000000
vt 0.873909 0.320053 0.000000
vt -0.002395 0.219316 0.000000
vt 0.000000 0.000000 0.000000
vt -0.865032 -0.314312 0.000000
vt 0.009316 -0.193571 0.000000
vt 0.000000 0.000000 0.000000
vt 0.010159 -0.193528 0.000000
vt 0.873848 0.120196 0.000000
vt 0.000000 0.000000 0.000000
vt 0.862053 0.083167 0.000000
vt 0.862406 0.080219 0.000000
vt 0.876365 0.081518 0.000000
vt 0.879941 0.073564 0.000000
vt -0.006872 0.177198 0.000000
vt 0.000000 0.000000 0.000000
vt 0.886922 -0.102701 0.000000
vt 0.879646 0.072712 0.000000
vt 0.000000 0.000000 0.000000
vt 0.895519 -0.113870 0.000000
vt 0.880855 0.061670 0.000000
vt 0.000000 0.000000 0.000000
vt 0.880970 0.061769 0.000000
vt -0.014538 0.175722 0.000000
vt 0.000000 0.000000 0.000000
vt -0.833530 0.299714 0.000000
vt -0.830773 0.073378 0.000000
vt 0.000000 0.000000 0.000000
vt -0.869640 0.082312 0.000000
vt 0.002753 -0.226336 0.000000
vt 0.000000 0.000000 0.000000
vt -0.872642 0.316533 0.000000
vt -0.869937 0.079109 0.000000
vt 0.000000 0.000000 0.000000
vt -0.876419 0.086492 0.000000
vt 0.002655 -0.237424 0.000000
vt 0.000000 0.000000 0.000000
vt -0.879212 0.326040 0.000000
vt -0.876599 0.084641 0.000000
vt 0.000000 0.000000 0.000000
vt -0.876621 0.091521 0.000000
vt 0.002612 -0.241398 0.000000
vt 0.000000 0.000000 0.000000
vt -0.878661 0.321377 0.000000
vt -0.876553 0.092168 0.000000
vt 0.000000 0.000000 0.000000
vt -0.876565 0.098438 0.000000
vt 0.002067 -0.229209 0.000000
vt 0.000000 0.000000 0.000000
vt -0.874639 0.313124 0.000000
vt -0.875590 0.106768 0.000000
vt 0.000000 0.000000 0.000000
vt -0.875495 0.112119 0.000000
vt -0.001184 -0.206355 0.000000
vt 0.000000 0.000000 0.000000
vt 0.877280 0.078303 0.000000
vt 0.898865 -0.102439 0.000000
vt 0.913179 -0.104070 0.000000
vt -0.036057 0.184946 0.000000
vt -0.035755 0.182401 0.000000
vt 0.878893 0.081300 0.000000
vt 0.000000 0.000000 0.000000
vt 0.000060 0.212536 0.000000
vt -0.493641 -0.046898 0.000000
vt 0.000000 0.000000 0.000000
vt 0.636705 0.271607 0.000000
vt 0.000090 0.212536 0.000000
vt 0.000000 0.000000 0.000000
vt 0.753512 0.271301 0.000000
vt 0.000160 0.200649 0.000000
vt 0.000000 0.000000 0.000000
vt 0.000139 0.200649 0.000000
vt -0.636615 -0.059074 0.000000
vt 0.000000 0.000000 0.000000
vt 0.000197 0.218267 0.000000
vt -0.753349 -0.070686 0.000000
vt 0.000000 0.000000 0.000000
vt 0.831432 0.299919 0.000000
vt 0.000228 0.218266 0.000000
vt 0.000000 0.000000 0.000000
vt 0.869778 0.316831 0.000000
vt -0.000318 0.225410 0.000000
vt 0.000000 0.000000 0.000000
vt -0.000351 0.225410 0.000000
vt -0.831162 -0.082073 0.000000
vt 0.000000 0.000000 0.000000
vt -0.002379 0.213217 0.000000
vt -0.869822 -0.093988 0.000000
vt 0.000000 0.000000 0.000000
vt 0.873841 0.314102 0.000000
vt -0.002442 0.213216 0.000000
vt 0.000000 0.000000 0.000000
vt -0.865882 -0.307621 0.000000
vt 0.008792 -0.189257 0.000000
vt 0.000000 0.000000 0.000000
vt 0.009613 -0.189217 0.000000
vt 0.874166 0.117834 0.000000
vt 0.000000 0.000000 0.000000
vt 0.879994 0.072907 0.000000
vt -0.006964 0.175426 0.000000
vt 0.000000 0.000000 0.000000
vt 0.887063 -0.101605 0.000000
vt 0.879699 0.072068 0.000000
vt 0.000000 0.000000 0.000000
vt 0.895622 -0.113738 0.000000
vt 0.880856 0.061628 0.000000
vt 0.000000 0.000000 0.000000
vt 0.880972 0.061725 0.000000
vt -0.014640 0.175543 0.000000
vt 0.000000 0.000000 0.000000
vt 0.904921 -0.114605 0.000000
vt 0.880835 0.063667 0.000000
vt 0.000000 0.000000 0.000000
vt 0.880708 0.063712 0.000000
vt -0.024190 0.178498 0.000000
vt 0.000000 0.000000 0.000000
vt 0.904770 -0.114487 0.000000
vt 0.880841 0.063571 0.000000
vt 0.000000 0.000000 0.000000
vt 0.880717 0.063613 0.000000
vt -0.024030 0.178279 0.000000
vt 0.000000 0.000000 0.000000
vt -0.755213 0.289823 0.000000
vt -0.752938 0.069403 0.000000
vt 0.000000 0.000000 0.000000
vt -0.830705 0.080199 0.000000
vt 0.002500 -0.220418 0.000000
vt 0.000000 0.000000 0.000000
vt -0.833577 0.307635 0.000000
vt -0.831014 0.076928 0.000000
vt 0.000000 0.000000 0.000000
vt -0.869923 0.086160 0.000000
vt 0.002598 -0.230707 0.000000
vt 0.000000 0.000000 0.000000
vt -0.872698 0.318752 0.000000
vt -0.870112 0.084230 0.000000
vt 0.000000 0.000000 0.000000
vt -0.876622 0.091521 0.000000
vt 0.002589 -0.234522 0.000000
vt 0.000000 0.000000 0.000000
vt -0.878613 0.315327 0.000000
vt -0.876547 0.092232 0.000000
vt 0.000000 0.000000 0.000000
vt -0.876554 0.098508 0.000000
vt 0.002024 -0.223095 0.000000
vt 0.000000 0.000000 0.000000
vt -0.874412 0.309304 0.000000
vt -0.875521 0.107301 0.000000
vt 0.000000 0.000000 0.000000
vt -0.875429 0.112676 0.000000
vt -0.001348 -0.202002 0.000000
vt 0.000000 0.000000 0.000000
vt 0.000197 0.000018 0.000000
vt 0.000201 -0.000023 0.000000
vt 0.879324 0.080600 0.000000
vt 0.915282 -0.102507 0.000000
vt 0.878979 0.080423 0.000000
vt -0.035545 0.183187 0.000000
vt 0.000000 0.000000 0.000000
vt 0.000001 0.208126 0.000000
vt -0.375008 -0.038307 0.000000
vt 0.000000 0.000000 0.000000
vt 0.493704 0.259429 0.000000
vt 0.000040 0.208126 0.000000
vt 0.000000 0.000000 0.000000
vt 0.636756 0.259716 0.000000
vt 0.000109 0.195701 0.000000
vt 0.000000 0.000000 0.000000
vt 0.000074 0.195701 0.000000
vt -0.493663 -0.051306 0.000000
vt 0.000000 0.000000 0.000000
vt 0.000112 0.212240 0.000000
vt -0.636644 -0.064047 0.000000
vt 0.000000 0.000000 0.000000
vt 0.753550 0.288942 0.000000
vt 0.000169 0.212240 0.000000
vt 0.000000 0.000000 0.000000
vt 0.830794 0.307530 0.000000
vt -0.000387 0.218845 0.000000
vt 0.000000 0.000000 0.000000
vt -0.000477 0.218845 0.000000
vt -0.753340 -0.077112 0.000000
vt 0.000000 0.000000 0.000000
vt -0.002539 0.207160 0.000000
vt -0.830897 -0.091307 0.000000
vt 0.000000 0.000000 0.000000
vt 0.867270 0.307696 0.000000
vt -0.002513 0.207160 0.000000
vt 0.000000 0.000000 0.000000
vt -0.866690 -0.300964 0.000000
vt 0.008301 -0.184970 0.000000
vt 0.000000 0.000000 0.000000
vt 0.008996 -0.184938 0.000000
vt 0.868092 0.114220 0.000000
vt 0.000000 0.000000 0.000000
vt 0.880050 0.072263 0.000000
vt -0.007062 0.173685 0.000000
vt 0.000000 0.000000 0.000000
vt 0.887214 -0.100529 0.000000
vt 0.879750 0.071438 0.000000
vt 0.000000 0.000000 0.000000
vt 0.895733 -0.113611 0.000000
vt 0.880862 0.061588 0.000000
vt 0.000000 0.000000 0.000000
vt 0.880981 0.061682 0.000000
vt -0.014743 0.175368 0.000000
vt 0.000000 0.000000 0.000000
vt 0.904622 -0.114373 0.000000
vt 0.880854 0.063475 0.000000
vt 0.000000 0.000000 0.000000
vt 0.880726 0.063517 0.000000
vt -0.023875 0.178065 0.000000
vt 0.000000 0.000000 0.000000
vt 0.914652 -0.101619 0.000000
vt 0.879402 0.079737 0.000000
vt 0.000000 0.000000 0.000000
vt 0.914023 -0.100745 0.000000
vt 0.879480 0.078888 0.000000
vt 0.000000 0.000000 0.000000
vt 0.879050 0.079562 0.000000
vt -0.034849 0.181433 0.000000
vt 0.000000 0.000000 0.000000
vt 0.913404 -0.099885 0.000000
vt 0.879556 0.078056 0.000000
vt 0.000000 0.000000 0.000000
vt 0.879131 0.078714 0.000000
vt -0.034152 0.179708 0.000000
vt 0.000000 0.000000 0.000000
vt -0.637622 0.278257 0.000000
vt -0.636213 0.063289 0.000000
vt 0.000000 0.000000 0.000000
vt -0.752868 0.075690 0.000000
vt 0.002026 -0.214963 0.000000
vt 0.000000 0.000000 0.000000
vt -0.755475 0.296720 0.000000
vt -0.753185 0.072473 0.000000
vt 0.000000 0.000000 0.000000
vt -0.830998 0.083716 0.000000
vt 0.002458 -0.224246 0.000000
vt 0.000000 0.000000 0.000000
vt -0.833732 0.309444 0.000000
vt -0.831194 0.081754 0.000000
vt 0.000000 0.000000 0.000000
vt -0.870135 0.091066 0.000000
vt 0.002562 -0.227689 0.000000
vt 0.000000 0.000000 0.000000
vt -0.872083 0.308830 0.000000
vt -0.870053 0.091844 0.000000
vt 0.000000 0.000000 0.000000
vt -0.876546 0.098584 0.000000
vt 0.001979 -0.216987 0.000000
vt 0.000000 0.000000 0.000000
vt -0.874181 0.305551 0.000000
vt -0.875451 0.107874 0.000000
vt 0.000000 0.000000 0.000000
vt -0.875344 0.113279 0.000000
vt -0.001517 -0.197676 0.000000
vt 0.000000 0.000000 0.000000
vt -0.000027 0.204403 0.000000
vt -0.293884 -0.027912 0.000000
vt 0.000000 0.000000 0.000000
vt 0.375010 0.246430 0.000000
vt 0.000001 0.204403 0.000000
vt 0.000000 0.000000 0.000000
vt 0.493741 0.247001 0.000000
vt 0.000056 0.191640 0.000000
vt 0.000000 0.000000 0.000000
vt 0.000003 0.191640 0.000000
vt -0.375009 -0.042028 0.000000
vt 0.000000 0.000000 0.000000
vt -0.000015 0.206994 0.000000
vt -0.493682 -0.055386 0.000000
vt 0.000000 0.000000 0.000000
vt 0.636762 0.276272 0.000000
vt 0.000094 0.206994 0.000000
vt 0.000000 0.000000 0.000000
vt 0.752851 0.295989 0.000000
vt -0.000505 0.212796 0.000000
vt 0.000000 0.000000 0.000000
vt -0.000688 0.212795 0.000000
vt -0.636626 -0.069659 0.000000
vt 0.000000 0.000000 0.000000
vt -0.002840 0.201333 0.000000
vt -0.753065 -0.085782 0.000000
vt 0.000000 0.000000 0.000000
vt 0.828184 0.298950 0.000000
vt -0.002672 0.201335 0.000000
vt 0.000000 0.000000 0.000000
vt -0.861159 -0.293165 0.000000
vt 0.007742 -0.180741 0.000000
vt 0.000000 0.000000 0.000000
vt 0.007900 -0.180734 0.000000
vt 0.830013 0.104541 0.000000
vt 0.000000 0.000000 0.000000
vt 0.873636 0.070864 0.000000
vt -0.007134 0.171981 0.000000
vt 0.000000 0.000000 0.000000
vt 0.880870 -0.100244 0.000000
vt 0.873338 0.070063 0.000000
vt 0.000000 0.000000 0.000000
vt 0.889356 -0.114147 0.000000
vt 0.874388 0.060890 0.000000
vt 0.000000 0.000000 0.000000
vt 0.874503 0.060982 0.000000
vt -0.014844 0.175201 0.000000
vt 0.000000 0.000000 0.000000
vt 0.898004 -0.114941 0.000000
vt 0.874381 0.062705 0.000000
vt 0.000000 0.000000 0.000000
vt 0.874257 0.062742 0.000000
vt -0.023725 0.177855 0.000000
vt 0.000000 0.000000 0.000000
vt 0.906346 -0.099877 0.000000
vt 0.873168 0.076412 0.000000
vt 0.000000 0.000000 0.000000
vt 0.872750 0.077042 0.000000
vt -0.033474 0.178012 0.000000
vt 0.000000 0.000000 0.000000
vt -0.875264 0.113930 0.000000
vt -0.001698 -0.193376 0.000000
vt 0.000000 0.000000 0.000000
vt -0.867462 0.301323 0.000000
vt -0.868896 0.107944 0.000000
vt 0.000000 0.000000 0.000000
vt -0.868690 0.114045 0.000000
vt -0.001875 -0.189135 0.000000
vt 0.000000 0.000000 0.000000
vt -0.636150 0.068754 0.000000
vt 0.001173 -0.210186 0.000000
vt 0.000000 0.000000 0.000000
vt -0.493165 0.265294 0.000000
vt -0.493283 0.055104 0.000000
vt 0.000000 0.000000 0.000000
vt -0.638266 0.284025 0.000000
vt -0.636470 0.065734 0.000000
vt 0.000000 0.000000 0.000000
vt -0.753172 0.078721 0.000000
vt 0.002190 -0.218287 0.000000
vt 0.000000 0.000000 0.000000
vt -0.755831 0.297919 0.000000
vt -0.753370 0.076801 0.000000
vt 0.000000 0.000000 0.000000
vt -0.831218 0.088327 0.000000
vt 0.002515 -0.221117 0.000000
vt 0.000000 0.000000 0.000000
vt -0.833151 0.300081 0.000000
vt -0.831129 0.089156 0.000000
vt 0.000000 0.000000 0.000000
vt -0.870055 0.098167 0.000000
vt 0.001935 -0.210926 0.000000
vt 0.000000 0.000000 0.000000
vt -0.239856 0.262081 0.000000
vt -0.223272 0.259832 0.000000
vt -0.239215 0.278385 0.000000
vt -0.200147 -0.006359 0.000000
vt -0.199642 0.013169 0.000000
vt -0.232691 -0.001975 0.000000
vt -0.248824 0.016413 0.000000
vt 0.293858 0.232315 0.000000
vt 0.000013 0.200981 0.000000
vt 0.000000 0.000000 0.000000
vt 0.375015 0.233663 0.000000
vt 0.000007 0.188210 0.000000
vt 0.000000 0.000000 0.000000
vt -0.000049 0.188210 0.000000
vt -0.293845 -0.031334 0.000000
vt 0.000000 0.000000 0.000000
vt -0.000240 0.202684 0.000000
vt -0.375005 -0.045471 0.000000
vt 0.000000 0.000000 0.000000
vt 0.493677 0.262362 0.000000
vt -0.000033 0.202684 0.000000
vt 0.000000 0.000000 0.000000
vt 0.635934 0.282464 0.000000
vt -0.000717 0.207521 0.000000
vt 0.000000 0.000000 0.000000
vt -0.001097 0.207519 0.000000
vt -0.493669 -0.060012 0.000000
vt 0.000000 0.000000 0.000000
vt -0.003381 0.195953 0.000000
vt -0.636359 -0.077386 0.000000
vt 0.000000 0.000000 0.000000
vt 0.750060 0.287548 0.000000
vt -0.002973 0.195960 0.000000
vt 0.000000 0.000000 0.000000
vt -0.824016 -0.279727 0.000000
vt 0.006748 -0.176706 0.000000
vt 0.000000 0.000000 0.000000
vt 0.006140 -0.176728 0.000000
vt 0.753457 0.088031 0.000000
vt 0.000000 0.000000 0.000000
vt 0.834903 0.065687 0.000000
vt -0.007028 0.170329 0.000000
vt 0.000000 0.000000 0.000000
vt 0.842036 -0.103787 0.000000
vt 0.834604 0.064952 0.000000
vt 0.000000 0.000000 0.000000
vt 0.850588 -0.117987 0.000000
vt 0.835548 0.056895 0.000000
vt 0.000000 0.000000 0.000000
vt 0.835666 0.056986 0.000000
vt -0.014912 0.175042 0.000000
vt 0.000000 0.000000 0.000000
vt 0.859085 -0.118906 0.000000
vt 0.835558 0.058548 0.000000
vt 0.000000 0.000000 0.000000
vt 0.835434 0.058571 0.000000
vt -0.023629 0.177645 0.000000
vt 0.000000 0.000000 0.000000
vt 0.867079 -0.104014 0.000000
vt 0.834493 0.070723 0.000000
vt 0.000000 0.000000 0.000000
vt 0.834090 0.071246 0.000000
vt -0.032857 0.176350 0.000000
vt 0.000000 0.000000 0.000000
vt -0.828364 0.294425 0.000000
vt -0.829915 0.105287 0.000000
vt 0.000000 0.000000 0.000000
vt -0.829706 0.111227 0.000000
vt -0.002020 -0.185098 0.000000
vt 0.000000 0.000000 0.000000
vt -0.831126 0.095250 0.000000
vt 0.001925 -0.205110 0.000000
vt 0.000000 0.000000 0.000000
vt -0.287193 0.253145 0.000000
vt -0.293163 0.030415 0.000000
vt 0.000000 0.000000 0.000000
vt -0.374615 0.045808 0.000000
vt -0.002734 -0.222793 0.000000
vt 0.000000 0.000000 0.000000
vt -0.493239 0.059549 0.000000
vt -0.000286 -0.206138 0.000000
vt 0.000000 0.000000 0.000000
vt -0.372651 0.251334 0.000000
vt -0.374689 0.045206 0.000000
vt 0.000000 0.000000 0.000000
vt -0.494490 0.269979 0.000000
vt -0.493552 0.056893 0.000000
vt 0.000000 0.000000 0.000000
vt -0.636466 0.071161 0.000000
vt 0.001704 -0.213081 0.000000
vt 0.000000 0.000000 0.000000
vt -0.753398 0.082847 0.000000
vt 0.002436 -0.215066 0.000000
vt 0.000000 0.000000 0.000000
vt -0.638997 0.284437 0.000000
vt -0.636663 0.069370 0.000000
vt 0.000000 0.000000 0.000000
vt -0.755375 0.288811 0.000000
vt -0.753303 0.083703 0.000000
vt 0.000000 0.000000 0.000000
vt -0.193143 0.188193 0.000000
vt -0.240692 0.234524 0.000000
vt -0.199610 0.013645 0.000000
vt -0.248784 0.017006 0.000000
vt -0.293045 0.033928 0.000000
vt -0.004454 -0.217623 0.000000
vt 0.000000 0.000000 0.000000
vt -0.200154 -0.025196 0.000000
vt -0.199239 0.016478 0.000000
vt -0.248281 0.020534 0.000000
vt 0.293798 0.219542 0.000000
vt -0.000015 0.185058 0.000000
vt 0.000000 0.000000 0.000000
vt -0.000556 0.199040 0.000000
vt -0.293811 -0.034495 0.000000
vt 0.000000 0.000000 0.000000
vt 0.374778 0.248135 0.000000
vt -0.000227 0.199041 0.000000
vt 0.000000 0.000000 0.000000
vt 0.492584 0.267509 0.000000
vt -0.001101 0.203167 0.000000
vt 0.000000 0.000000 0.000000
vt -0.001872 0.203161 0.000000
vt -0.374969 -0.049368 0.000000
vt 0.000000 0.000000 0.000000
vt -0.004394 0.191233 0.000000
vt -0.493396 -0.066521 0.000000
vt 0.000000 0.000000 0.000000
vt 0.632832 0.273677 0.000000
vt -0.003489 0.191252 0.000000
vt 0.000000 0.000000 0.000000
vt -0.748975 -0.260032 0.000000
vt 0.005128 -0.173007 0.000000
vt 0.000000 0.000000 0.000000
vt 0.003309 -0.173051 0.000000
vt 0.638323 0.065130 0.000000
vt 0.000000 0.000000 0.000000
vt 0.757374 0.056091 0.000000
vt -0.006670 0.168770 0.000000
vt 0.000000 0.000000 0.000000
vt 0.764166 -0.111850 0.000000
vt 0.757080 0.055456 0.000000
vt 0.000000 0.000000 0.000000
vt 0.772932 -0.125785 0.000000
vt 0.757869 0.048952 0.000000
vt 0.000000 0.000000 0.000000
vt 0.757978 0.049041 0.000000
vt -0.014944 0.174890 0.000000
vt 0.000000 0.000000 0.000000
vt 0.781410 -0.126939 0.000000
vt 0.757893 0.050345 0.000000
vt 0.000000 0.000000 0.000000
vt 0.757776 0.050342 0.000000
vt -0.023608 0.177444 0.000000
vt 0.000000 0.000000 0.000000
vt 0.789185 -0.113038 0.000000
vt 0.757048 0.060308 0.000000
vt 0.000000 0.000000 0.000000
vt 0.756685 0.060650 0.000000
vt -0.032343 0.174782 0.000000
vt 0.000000 0.000000 0.000000
vt -0.750451 0.284377 0.000000
vt -0.752060 0.099275 0.000000
vt 0.000000 0.000000 0.000000
vt -0.751843 0.104796 0.000000
vt -0.002098 -0.181437 0.000000
vt 0.000000 0.000000 0.000000
vt -0.753307 0.089322 0.000000
vt 0.001958 -0.199776 0.000000
vt 0.000000 0.000000 0.000000
vt -0.289306 0.235855 0.000000
vt -0.293075 0.033662 0.000000
vt 0.000000 0.000000 0.000000
vt -0.374675 0.048837 0.000000
vt -0.001836 -0.202220 0.000000
vt 0.000000 0.000000 0.000000
vt -0.374895 0.255472 0.000000
vt -0.374944 0.046728 0.000000
vt 0.000000 0.000000 0.000000
vt -0.493551 0.061325 0.000000
vt 0.000891 -0.208742 0.000000
vt 0.000000 0.000000 0.000000
vt -0.636685 0.074626 0.000000
vt 0.002319 -0.209796 0.000000
vt 0.000000 0.000000 0.000000
vt -0.495884 0.269556 0.000000
vt -0.493744 0.059758 0.000000
vt 0.000000 0.000000 0.000000
vt -0.638791 0.275248 0.000000
vt -0.636585 0.075475 0.000000
vt 0.000000 0.000000 0.000000
vt -0.199239 0.016479 0.000000
vt -0.195756 0.175145 0.000000
vt -0.248281 0.020535 0.000000
vt -0.243910 0.218229 0.000000
vt -0.293034 0.036844 0.000000
vt -0.002683 -0.197724 0.000000
vt 0.000000 0.000000 0.000000
vt -0.199547 -0.018885 0.000000
vt -0.199147 0.019036 0.000000
vt -0.248128 0.023718 0.000000
vt 0.293271 0.233515 0.000000
vt -0.000495 0.195688 0.000000
vt 0.000000 0.000000 0.000000
vt 0.373140 0.252467 0.000000
vt -0.001840 0.199452 0.000000
vt 0.000000 0.000000 0.000000
vt -0.003160 0.199436 0.000000
vt -0.293740 -0.038029 0.000000
vt 0.000000 0.000000 0.000000
vt -0.006266 0.187263 0.000000
vt -0.374715 -0.054851 0.000000
vt 0.000000 0.000000 0.000000
vt 0.488902 0.257944 0.000000
vt -0.004472 0.187314 0.000000
vt 0.000000 0.000000 0.000000
vt -0.636362 -0.234558 0.000000
vt 0.002500 -0.169772 0.000000
vt 0.000000 0.000000 0.000000
vt -0.001551 -0.169783 0.000000
vt 0.497025 0.037040 0.000000
vt 0.000000 0.000000 0.000000
vt 0.641060 0.042179 0.000000
vt -0.005904 0.167352 0.000000
vt 0.000000 0.000000 0.000000
vt 0.647115 -0.124391 0.000000
vt 0.640785 0.041661 0.000000
vt 0.000000 0.000000 0.000000
vt 0.656393 -0.137540 0.000000
vt 0.641376 0.037061 0.000000
vt 0.000000 0.000000 0.000000
vt 0.641479 0.037152 0.000000
vt -0.014902 0.174751 0.000000
vt 0.000000 0.000000 0.000000
vt 0.665070 -0.139031 0.000000
vt 0.641423 0.038108 0.000000
vt 0.000000 0.000000 0.000000
vt 0.641319 0.038073 0.000000
vt -0.023720 0.177257 0.000000
vt 0.000000 0.000000 0.000000
vt 0.672748 -0.126882 0.000000
vt 0.640849 0.045294 0.000000
vt 0.000000 0.000000 0.000000
vt 0.640523 0.045402 0.000000
vt -0.032019 0.173368 0.000000
vt 0.000000 0.000000 0.000000
vt -0.633778 0.271266 0.000000
vt -0.635325 0.089824 0.000000
vt 0.000000 0.000000 0.000000
vt -0.635116 0.094655 0.000000
vt -0.002073 -0.178322 0.000000
vt 0.000000 0.000000 0.000000
vt -0.636589 0.080374 0.000000
vt 0.002078 -0.195161 0.000000
vt 0.000000 0.000000 0.000000
vt -0.292425 0.240288 0.000000
vt -0.293209 0.035425 0.000000
vt 0.000000 0.000000 0.000000
vt -0.374959 0.050418 0.000000
vt 0.000065 -0.204865 0.000000
vt 0.000000 0.000000 0.000000
vt -0.493768 0.064068 0.000000
vt 0.002132 -0.205457 0.000000
vt 0.000000 0.000000 0.000000
vt -0.377061 0.254620 0.000000
vt -0.375126 0.049161 0.000000
vt 0.000000 0.000000 0.000000
vt -0.496155 0.260027 0.000000
vt -0.493664 0.064870 0.000000
vt 0.000000 0.000000 0.000000
vt -0.199201 0.018466 0.000000
vt -0.198430 0.179583 0.000000
vt -0.248195 0.023008 0.000000
vt -0.247446 0.223943 0.000000
vt -0.293232 0.038752 0.000000
vt -0.000316 -0.200937 0.000000
vt 0.000000 0.000000 0.000000
vt -0.199031 -0.017765 0.000000
vt -0.199020 0.021155 0.000000
vt -0.248235 0.026386 0.000000
vt 0.290667 0.237358 0.000000
vt -0.003000 0.195984 0.000000
vt 0.000000 0.000000 0.000000
vt -0.009219 0.183677 0.000000
vt -0.293464 -0.042793 0.000000
vt 0.000000 0.000000 0.000000
vt 0.368478 0.242071 0.000000
vt -0.006205 0.183803 0.000000
vt 0.000000 0.000000 0.000000
vt -0.499519 -0.204537 0.000000
vt -0.002087 -0.166946 0.000000
vt 0.000000 0.000000 0.000000
vt -0.009083 -0.166712 0.000000
vt 0.379112 0.007497 0.000000
vt 0.000000 0.000000 0.000000
vt 0.498524 0.024960 0.000000
vt -0.004453 0.166113 0.000000
vt 0.000000 0.000000 0.000000
vt 0.503161 -0.140494 0.000000
vt 0.498256 0.024337 0.000000
vt 0.000000 0.000000 0.000000
vt 0.513517 -0.152201 0.000000
vt 0.498661 0.022056 0.000000
vt 0.000000 0.000000 0.000000
vt 0.498745 0.022372 0.000000
vt -0.014756 0.174623 0.000000
vt 0.000000 0.000000 0.000000
vt 0.522693 -0.153878 0.000000
vt 0.498720 0.022929 0.000000
vt 0.000000 0.000000 0.000000
vt 0.498632 0.023083 0.000000
vt -0.024024 0.177089 0.000000
vt 0.000000 0.000000 0.000000
vt 0.530340 -0.143798 0.000000
vt 0.498418 0.027313 0.000000
vt 0.000000 0.000000 0.000000
vt 0.498140 0.027394 0.000000
vt -0.031934 0.172170 0.000000
vt 0.000000 0.000000 0.000000
vt -0.491110 0.255738 0.000000
vt -0.492399 0.077408 0.000000
vt 0.000000 0.000000 0.000000
vt -0.496908 -0.044466 0.000000
vt 0.042227 -0.170660 0.000000
vt 0.000000 0.000000 0.000000
vt -0.493661 0.068898 0.000000
vt 0.002350 -0.191401 0.000000
vt 0.000000 0.000000 0.000000
vt -0.295147 0.239645 0.000000
vt -0.293347 0.037872 0.000000
vt 0.000000 0.000000 0.000000
vt -0.375157 0.052794 0.000000
vt 0.001941 -0.201771 0.000000
vt 0.000000 0.000000 0.000000
vt -0.377882 0.244914 0.000000
vt -0.375055 0.053520 0.000000
vt 0.000000 0.000000 0.000000
vt -0.199061 0.020765 0.000000
vt -0.199189 0.178590 0.000000
vt -0.248286 0.025900 0.000000
vt -0.250116 0.224249 0.000000
vt -0.293378 0.041209 0.000000
vt 0.001840 -0.198349 0.000000
vt 0.000000 0.000000 0.000000
vt -0.197401 -0.016318 0.000000
vt -0.197441 0.023310 0.000000
vt -0.248347 0.029320 0.000000
vt 0.284512 0.226134 0.000000
vt -0.008842 0.180260 0.000000
vt 0.000000 0.000000 0.000000
vt -0.388461 -0.173615 0.000000
vt -0.008990 -0.163832 0.000000
vt 0.000000 0.000000 0.000000
vt -0.019445 -0.162922 0.000000
vt 0.296044 -0.022771 0.000000
vt 0.000000 0.000000 0.000000
vt 0.379781 0.008165 0.000000
vt -0.002660 0.164882 0.000000
vt 0.000000 0.000000 0.000000
vt 0.382576 -0.156387 0.000000
vt 0.379544 0.006353 0.000000
vt 0.000000 0.000000 0.000000
vt 0.394502 -0.165349 0.000000
vt 0.379800 0.007246 0.000000
vt 0.000000 0.000000 0.000000
vt 0.379891 0.008896 0.000000
vt -0.014596 0.174279 0.000000
vt 0.000000 0.000000 0.000000
vt 0.404081 -0.166139 0.000000
vt 0.379886 0.009115 0.000000
vt 0.000000 0.000000 0.000000
vt 0.379795 0.010586 0.000000
vt -0.024269 0.176766 0.000000
vt 0.000000 0.000000 0.000000
vt 0.411374 -0.156936 0.000000
vt 0.379737 0.012501 0.000000
vt 0.000000 0.000000 0.000000
vt 0.379472 0.013703 0.000000
vt -0.031706 0.171151 0.000000
vt 0.000000 0.000000 0.000000
vt -0.372986 0.240049 0.000000
vt -0.373854 0.064245 0.000000
vt 0.000000 0.000000 0.000000
vt -0.379069 -0.022219 0.000000
vt 0.039550 -0.168849 0.000000
vt 0.000000 0.000000 0.000000
vt -0.375040 0.056915 0.000000
vt 0.002696 -0.188223 0.000000
vt 0.000000 0.000000 0.000000
vt -0.296346 0.230045 0.000000
vt -0.293290 0.041827 0.000000
vt 0.000000 0.000000 0.000000
vt -0.197396 0.023686 0.000000
vt -0.196108 0.167868 0.000000
vt -0.248290 0.029793 0.000000
vt -0.251223 0.215046 0.000000
vt -0.293277 0.044933 0.000000
vt 0.002959 -0.185253 0.000000
vt 0.000000 0.000000 0.000000
vt -0.193151 -0.014230 0.000000
vt -0.192790 0.025592 0.000000
vt -0.248261 0.032955 0.000000
vt -0.314926 -0.141412 0.000000
vt -0.018306 -0.159469 0.000000
vt 0.000000 0.000000 0.000000
vt 0.297204 -0.007359 0.000000
vt -0.001020 0.162765 0.000000
vt 0.000000 0.000000 0.000000
vt 0.298060 -0.170411 0.000000
vt 0.296938 -0.011707 0.000000
vt 0.000000 0.000000 0.000000
vt 0.311894 -0.174832 0.000000
vt 0.297223 -0.006543 0.000000
vt 0.000000 0.000000 0.000000
vt 0.297303 -0.002235 0.000000
vt -0.014587 0.172605 0.000000
vt 0.000000 0.000000 0.000000
vt 0.321245 -0.173535 0.000000
vt 0.297302 -0.002293 0.000000
vt 0.000000 0.000000 0.000000
vt 0.297220 0.001864 0.000000
vt -0.024097 0.175267 0.000000
vt 0.000000 0.000000 0.000000
vt 0.327524 -0.164087 0.000000
vt 0.297217 0.002209 0.000000
vt 0.000000 0.000000 0.000000
vt 0.296970 0.005936 0.000000
vt -0.030767 0.169598 0.000000
vt 0.000000 0.000000 0.000000
vt -0.333200 0.156780 0.000000
vt -0.296427 -0.012696 0.000000
vt 0.000000 0.000000 0.000000
vt -0.296871 -0.009698 0.000000
vt 0.036218 -0.166714 0.000000
vt 0.000000 0.000000 0.000000
vt -0.194207 -0.010311 0.000000
vt -0.213500 0.115228 0.000000
vt -0.250086 -0.013278 0.000000
vt -0.284861 0.153743 0.000000
vt -0.185098 -0.011913 0.000000
vt -0.183270 0.029511 0.000000
vt -0.247514 0.039856 0.000000
vn -0.396552 -0.917924 -0.012721
vn -0.396552 -0.917924 -0.012721
vn -0.396552 -0.917924 -0.012721
vn -0.396552 -0.917924 -0.012721
vn -0.396582 -0.917994 0.003257
vn -0.396582 -0.917994 0.003257
vn -0.396582 -0.917994 0.003257
vn -0.400505 -0.916277 0.005704
vn -0.400505 -0.916277 0.005704
vn -0.400505 -0.916277 0.005704
vn -0.400505 -0.916277 0.005704
vn -0.400327 -0.915870 0.030335
vn -0.400327 -0.915870 0.030335
vn -0.400327 -0.915870 0.030335
vn -0.400327 -0.915870 0.030335
vn 0.829775 0.555025 -0.058484
vn 0.829775 0.555025 -0.058484
vn 0.829775 0.555025 -0.058484
vn 0.829775 0.555025 -0.058484
vn 0.822125 0.566187 -0.059527
vn 0.822125 0.566187 -0.059527
vn 0.822125 0.566187 -0.059527
vn 0.985393 0.130239 -0.109717
vn 0.985393 0.130239 -0.109717
vn 0.985393 0.130239 -0.109717
vn 0.985393 0.130239 -0.109717
vn 0.950866 -0.278496 -0.135254
vn 0.950866 -0.278496 -0.135254
vn 0.950866 -0.278496 -0.135254
vn 0.950866 -0.278496 -0.135254
vn 0.984571 0.135806 -0.110345
vn 0.984571 0.135806 -0.110345
vn 0.984571 0.135806 -0.110345
vn 0.984571 0.135806 -0.110345
vn 0.984571 0.135806 -0.110345
vn 0.949434 -0.283770 -0.134347
vn 0.949434 -0.283770 -0.134347
vn 0.949434 -0.283770 -0.134347
vn 0.949434 -0.283770 -0.134347
vn 0.949434 -0.283770 -0.134347
vn 0.540351 0.825371 -0.163659
vn 0.540351 0.825371 -0.163659
vn 0.540351 0.825371 -0.163659
vn 0.553330 0.814300 -0.175333
vn 0.553330 0.814300 -0.175333
vn 0.553330 0.814300 -0.175333
vn 0.553330 0.814300 -0.175333
vn 0.252575 0.955257 -0.153917
vn 0.252575 0.955257 -0.153917
vn 0.252575 0.955257 -0.153917
vn 0.263565 0.950712 -0.163341
vn 0.263565 0.950712 -0.163341
vn 0.263565 0.950712 -0.163341
vn 0.263565 0.950712 -0.163341
vn 0.092256 0.984698 -0.147847
vn 0.092256 0.984698 -0.147847
vn 0.092256 0.984698 -0.147847
vn 0.099100 0.983109 -0.153872
vn 0.099100 0.983109 -0.153872
vn 0.099100 0.983109 -0.153872
vn 0.099100 0.983109 -0.153872
vn 0.017600 0.989091 -0.146252
vn 0.017600 0.989091 -0.146252
vn 0.017600 0.989091 -0.146252
vn 0.021779 0.988470 -0.149845
vn 0.021779 0.988470 -0.149845
vn 0.021779 0.988470 -0.149845
vn 0.021779 0.988470 -0.149845
vn -0.001685 0.989015 -0.147804
vn -0.001685 0.989015 -0.147804
vn -0.001685 0.989015 -0.147804
vn 0.001365 0.988646 -0.150259
vn 0.001365 0.988646 -0.150259
vn 0.001365 0.988646 -0.150259
vn 0.001365 0.988646 -0.150259
vn -0.003882 0.988699 -0.149861
vn -0.003882 0.988699 -0.149861
vn -0.003882 0.988699 -0.149861
vn -0.001027 0.988334 -0.152297
vn -0.001027 0.988334 -0.152297
vn -0.001027 0.988334 -0.152297
vn -0.001027 0.988334 -0.152297
vn 0.000600 0.988319 -0.152397
vn 0.000600 0.988319 -0.152397
vn 0.000600 0.988319 -0.152397
vn 0.000600 0.988319 -0.152397
vn 0.003869 0.987782 -0.155794
vn 0.003869 0.987782 -0.155794
vn 0.003869 0.987782 -0.155794
vn 0.003909 0.998023 -0.062723
vn 0.003909 0.998023 -0.062723
vn 0.003909 0.998023 -0.062723
vn 0.003909 0.998023 -0.062723
vn 0.007208 0.997802 -0.065867
vn 0.007208 0.997802 -0.065867
vn 0.007208 0.997802 -0.065867
vn 0.007224 0.999974 0.000367
vn 0.007224 0.999974 0.000367
vn 0.007224 0.999974 0.000367
vn 0.007224 0.999974 0.000367
vn 0.010313 0.999945 -0.002067
vn 0.010313 0.999945 -0.002067
vn 0.010313 0.999945 -0.002067
vn 0.010306 0.999321 0.035385
vn 0.010306 0.999321 0.035385
vn 0.010306 0.999321 0.035385
vn 0.010306 0.999321 0.035385
vn 0.012975 0.999347 0.033716
vn 0.012975 0.999347 0.033716
vn 0.012975 0.999347 0.033716
vn 0.012965 0.998563 0.052002
vn 0.012965 0.998563 0.052002
vn 0.012965 0.998563 0.052002
vn 0.012965 0.998563 0.052002
vn 0.015051 0.998588 0.050950
vn 0.015051 0.998588 0.050950
vn 0.015051 0.998588 0.050950
vn 0.396384 -0.911593 -0.108983
vn 0.396384 -0.911593 -0.108983
vn 0.396384 -0.911593 -0.108983
vn 0.396384 -0.911593 -0.108983
vn 0.387459 -0.915784 -0.105898
vn 0.387459 -0.915784 -0.105898
vn 0.387459 -0.915784 -0.105898
vn 0.122970 -0.989027 -0.081877
vn 0.122970 -0.989027 -0.081877
vn 0.122970 -0.989027 -0.081877
vn 0.122970 -0.989027 -0.081877
vn 0.118719 -0.989678 -0.080273
vn 0.118719 -0.989678 -0.080273
vn 0.118719 -0.989678 -0.080273
vn -0.059452 -0.996282 -0.062353
vn -0.059452 -0.996282 -0.062353
vn -0.059452 -0.996282 -0.062353
vn -0.059452 -0.996282 -0.062353
vn -0.059301 -0.996287 -0.062414
vn -0.059301 -0.996287 -0.062414
vn -0.059301 -0.996287 -0.062414
vn -0.197536 -0.979118 -0.048034
vn -0.197536 -0.979118 -0.048034
vn -0.197536 -0.979118 -0.048034
vn -0.197536 -0.979118 -0.048034
vn -0.194021 -0.979748 -0.049495
vn -0.194021 -0.979748 -0.049495
vn -0.194021 -0.979748 -0.049495
vn -0.309447 -0.950183 -0.037336
vn -0.309447 -0.950183 -0.037336
vn -0.309447 -0.950183 -0.037336
vn -0.309447 -0.950183 -0.037336
vn -0.309424 -0.950112 -0.039300
vn -0.309424 -0.950112 -0.039300
vn -0.309424 -0.950112 -0.039300
vn -0.315780 -0.948123 -0.036687
vn -0.315780 -0.948123 -0.036687
vn -0.315780 -0.948123 -0.036687
vn -0.315780 -0.948123 -0.036687
vn -0.315757 -0.948053 -0.038643
vn -0.315757 -0.948053 -0.038643
vn -0.315757 -0.948053 -0.038643
vn -0.322414 -0.945916 -0.035949
vn -0.322414 -0.945916 -0.035949
vn -0.322414 -0.945916 -0.035949
vn -0.322414 -0.945916 -0.035949
vn -0.322390 -0.945846 -0.037955
vn -0.322390 -0.945846 -0.037955
vn -0.322390 -0.945846 -0.037955
vn -0.322390 -0.945846 -0.037955
vn -0.358129 -0.933046 -0.034177
vn -0.358129 -0.933046 -0.034177
vn -0.358129 -0.933046 -0.034177
vn -0.358098 -0.932965 -0.036648
vn -0.358098 -0.932965 -0.036648
vn -0.358098 -0.932965 -0.036648
vn -0.366033 -0.930005 -0.033327
vn -0.366033 -0.930005 -0.033327
vn -0.366033 -0.930005 -0.033327
vn -0.366033 -0.930005 -0.033327
vn -0.366006 -0.929934 -0.035521
vn -0.366006 -0.929934 -0.035521
vn -0.366006 -0.929934 -0.035521
vn -0.374262 -0.926767 -0.032098
vn -0.374262 -0.926767 -0.032098
vn -0.374262 -0.926767 -0.032098
vn -0.374262 -0.926767 -0.032098
vn -0.374257 -0.926755 -0.032523
vn -0.374257 -0.926755 -0.032523
vn -0.374257 -0.926755 -0.032523
vn -0.382452 -0.923519 -0.029053
vn -0.382452 -0.923519 -0.029053
vn -0.382452 -0.923519 -0.029053
vn -0.382452 -0.923519 -0.029053
vn -0.382477 -0.923580 -0.026662
vn -0.382477 -0.923580 -0.026662
vn -0.382477 -0.923580 -0.026662
vn -0.390083 -0.920487 -0.023229
vn -0.390083 -0.920487 -0.023229
vn -0.390083 -0.920487 -0.023229
vn -0.390083 -0.920487 -0.023229
vn -0.390138 -0.920617 -0.015996
vn -0.390138 -0.920617 -0.015996
vn -0.390138 -0.920617 -0.015996
vn -0.330608 -0.943490 0.022895
vn -0.330608 -0.943490 0.022895
vn -0.330608 -0.943490 0.022895
vn -0.329918 -0.941527 0.068425
vn -0.329918 -0.941527 0.068425
vn -0.329918 -0.941527 0.068425
vn -0.317432 -0.946678 0.055120
vn -0.317432 -0.946678 0.055120
vn -0.317432 -0.946678 0.055120
vn -0.317432 -0.946678 0.055120
vn 0.809166 -0.574963 -0.121110
vn 0.809166 -0.574963 -0.121110
vn 0.809166 -0.574963 -0.121110
vn 0.809166 -0.574963 -0.121110
vn 0.801030 -0.588404 -0.110142
vn 0.801030 -0.588404 -0.110142
vn 0.801030 -0.588404 -0.110142
vn 0.960375 -0.242329 -0.137684
vn 0.960375 -0.242329 -0.137684
vn 0.960375 -0.242329 -0.137684
vn 0.960375 -0.242329 -0.137684
vn 0.960375 -0.242329 -0.137684
vn 0.958856 -0.251752 -0.131209
vn 0.958856 -0.251752 -0.131209
vn 0.958856 -0.251752 -0.131209
vn 0.860520 0.479565 -0.171822
vn 0.860520 0.479565 -0.171822
vn 0.860520 0.479565 -0.171822
vn 0.984467 0.090975 -0.150160
vn 0.984467 0.090975 -0.150160
vn 0.984467 0.090975 -0.150160
vn 0.984467 0.090975 -0.150160
vn 0.868676 0.467643 -0.163437
vn 0.868676 0.467643 -0.163437
vn 0.868676 0.467643 -0.163437
vn 0.868676 0.467643 -0.163437
vn 0.868676 0.467643 -0.163437
vn 0.984132 0.092704 -0.151294
vn 0.984132 0.092704 -0.151294
vn 0.984132 0.092704 -0.151294
vn 0.017633 0.997664 0.065990
vn 0.017633 0.997664 0.065990
vn 0.017633 0.997664 0.065990
vn 0.017633 0.997646 0.066275
vn 0.017633 0.997646 0.066275
vn 0.017633 0.997646 0.066275
vn 0.020539 0.997606 0.066036
vn 0.020539 0.997606 0.066036
vn 0.020539 0.997606 0.066036
vn 0.020539 0.997606 0.066036
vn 0.016638 0.997677 0.066063
vn 0.016638 0.997677 0.066063
vn 0.016638 0.997677 0.066063
vn 0.016637 0.997657 0.066357
vn 0.016637 0.997657 0.066357
vn 0.016637 0.997657 0.066357
vn 0.016637 0.997657 0.066357
vn 0.019646 0.997619 0.066110
vn 0.019646 0.997619 0.066110
vn 0.019646 0.997619 0.066110
vn 0.019646 0.997602 0.066358
vn 0.019646 0.997602 0.066358
vn 0.019646 0.997602 0.066358
vn 0.019646 0.997602 0.066358
vn 0.037133 0.997209 0.064778
vn 0.037133 0.997209 0.064778
vn 0.037133 0.997209 0.064778
vn 0.015583 0.997689 0.066142
vn 0.015583 0.997689 0.066142
vn 0.015583 0.997689 0.066142
vn 0.015583 0.997668 0.066444
vn 0.015583 0.997668 0.066444
vn 0.015583 0.997668 0.066444
vn 0.015583 0.997668 0.066444
vn 0.018708 0.997615 0.066441
vn 0.018708 0.997615 0.066441
vn 0.018708 0.997615 0.066441
vn 0.018708 0.997632 0.066187
vn 0.018708 0.997632 0.066187
vn 0.018708 0.997632 0.066187
vn 0.036698 0.997222 0.064817
vn 0.036698 0.997222 0.064817
vn 0.036698 0.997222 0.064817
vn 0.036697 0.997214 0.064947
vn 0.036697 0.997214 0.064947
vn 0.036697 0.997214 0.064947
vn 0.036697 0.997214 0.064947
vn 0.099621 0.993298 0.058599
vn 0.099621 0.993298 0.058599
vn 0.099621 0.993298 0.058599
vn -0.197522 -0.979058 -0.049299
vn -0.197522 -0.979058 -0.049299
vn -0.197522 -0.979058 -0.049299
vn 0.014466 0.997679 0.066536
vn 0.014466 0.997679 0.066536
vn 0.014466 0.997679 0.066536
vn 0.014466 0.997679 0.066536
vn 0.014467 0.997719 0.065942
vn 0.014467 0.997719 0.065942
vn 0.014467 0.997719 0.065942
vn 0.017715 0.997627 0.066531
vn 0.017715 0.997627 0.066531
vn 0.017715 0.997627 0.066531
vn 0.017715 0.997645 0.066269
vn 0.017715 0.997645 0.066269
vn 0.017715 0.997645 0.066269
vn 0.036232 0.997236 0.064860
vn 0.036232 0.997236 0.064860
vn 0.036232 0.997236 0.064860
vn 0.036232 0.997228 0.064993
vn 0.036232 0.997228 0.064993
vn 0.036232 0.997228 0.064993
vn 0.100876 0.993201 0.058096
vn 0.100876 0.993201 0.058096
vn 0.100876 0.993201 0.058096
vn 0.100876 0.993201 0.058096
vn 0.100876 0.993179 0.058470
vn 0.100876 0.993179 0.058470
vn 0.100876 0.993179 0.058470
vn 0.233725 0.971364 0.042710
vn 0.233725 0.971364 0.042710
vn 0.233725 0.971364 0.042710
vn -0.201303 -0.978307 -0.048913
vn -0.201303 -0.978307 -0.048913
vn -0.201303 -0.978307 -0.048913
vn -0.201315 -0.978362 -0.047749
vn -0.201315 -0.978362 -0.047749
vn -0.201315 -0.978362 -0.047749
vn -0.059448 -0.996261 -0.062684
vn -0.059448 -0.996261 -0.062684
vn -0.059448 -0.996261 -0.062684
vn 0.013272 0.997846 0.064236
vn 0.013272 0.997846 0.064236
vn 0.013272 0.997846 0.064236
vn 0.013270 0.997708 0.066357
vn 0.013270 0.997708 0.066357
vn 0.013270 0.997708 0.066357
vn 0.013270 0.997708 0.066357
vn 0.016663 0.997639 0.066626
vn 0.016663 0.997639 0.066626
vn 0.016663 0.997639 0.066626
vn 0.016663 0.997675 0.066078
vn 0.016663 0.997675 0.066078
vn 0.016663 0.997675 0.066078
vn 0.035742 0.997251 0.064905
vn 0.035742 0.997251 0.064905
vn 0.035742 0.997251 0.064905
vn 0.035742 0.997242 0.065042
vn 0.035742 0.997242 0.065042
vn 0.035742 0.997242 0.065042
vn 0.102205 0.993074 0.057948
vn 0.102205 0.993074 0.057948
vn 0.102205 0.993074 0.057948
vn 0.102205 0.993052 0.058333
vn 0.102205 0.993052 0.058333
vn 0.102205 0.993052 0.058333
vn 0.238464 0.970237 0.042136
vn 0.238464 0.970237 0.042136
vn 0.238464 0.970237 0.042136
vn 0.238452 0.970296 0.040816
vn 0.238452 0.970296 0.040816
vn 0.238452 0.970296 0.040816
vn 0.238452 0.970296 0.040816
vn 0.486377 0.873725 0.006445
vn 0.486377 0.873725 0.006445
vn 0.486377 0.873725 0.006445
vn -0.329362 -0.943470 -0.037226
vn -0.329362 -0.943470 -0.037226
vn -0.329362 -0.943470 -0.037226
vn -0.329387 -0.943540 -0.035166
vn -0.329387 -0.943540 -0.035166
vn -0.329387 -0.943540 -0.035166
vn -0.205287 -0.977499 -0.048502
vn -0.205287 -0.977499 -0.048502
vn -0.205287 -0.977499 -0.048502
vn -0.205300 -0.977555 -0.047308
vn -0.205300 -0.977555 -0.047308
vn -0.205300 -0.977555 -0.047308
vn -0.059614 -0.996252 -0.062667
vn -0.059614 -0.996252 -0.062667
vn -0.059614 -0.996252 -0.062667
vn -0.059614 -0.996256 -0.062618
vn -0.059614 -0.996256 -0.062618
vn -0.059614 -0.996256 -0.062618
vn 0.122964 -0.989084 -0.081194
vn 0.122964 -0.989084 -0.081194
vn 0.122964 -0.989084 -0.081194
vn 0.015043 0.998088 0.059955
vn 0.015043 0.998088 0.059955
vn 0.015043 0.998088 0.059955
vn 0.011869 0.998115 0.060205
vn 0.011869 0.998115 0.060205
vn 0.011869 0.998115 0.060205
vn 0.011869 0.998115 0.060205
vn 0.011865 0.997832 0.064732
vn 0.011865 0.997832 0.064732
vn 0.011865 0.997832 0.064732
vn 0.011865 0.997832 0.064732
vn 0.015525 0.997668 0.066457
vn 0.015525 0.997668 0.066457
vn 0.015525 0.997668 0.066457
vn 0.015527 0.997802 0.064425
vn 0.015527 0.997802 0.064425
vn 0.015527 0.997802 0.064425
vn 0.035228 0.997284 0.064677
vn 0.035228 0.997284 0.064677
vn 0.035228 0.997284 0.064677
vn 0.035228 0.997257 0.065092
vn 0.035228 0.997257 0.065092
vn 0.035228 0.997257 0.065092
vn 0.103607 0.992938 0.057793
vn 0.103607 0.992938 0.057793
vn 0.103607 0.992938 0.057793
vn 0.103608 0.992915 0.058187
vn 0.103608 0.992915 0.058187
vn 0.103608 0.992915 0.058187
vn 0.243450 0.969024 0.041532
vn 0.243450 0.969024 0.041532
vn 0.243450 0.969024 0.041532
vn 0.243436 0.969084 0.040176
vn 0.243436 0.969084 0.040176
vn 0.243436 0.969084 0.040176
vn 0.495690 0.868496 0.002531
vn 0.495690 0.868496 0.002531
vn 0.495690 0.868496 0.002531
vn 0.495690 0.868496 0.002531
vn 0.495784 0.868431 0.005029
vn 0.495784 0.868431 0.005029
vn 0.495784 0.868431 0.005029
vn -0.336687 -0.940924 -0.036122
vn -0.336687 -0.940924 -0.036122
vn -0.336687 -0.940924 -0.036122
vn -0.336708 -0.940983 -0.034342
vn -0.336708 -0.940983 -0.034342
vn -0.336708 -0.940983 -0.034342
vn -0.209482 -0.976630 -0.048071
vn -0.209482 -0.976630 -0.048071
vn -0.209482 -0.976630 -0.048071
vn -0.209495 -0.976687 -0.046844
vn -0.209495 -0.976687 -0.046844
vn -0.209495 -0.976687 -0.046844
vn -0.059790 -0.996243 -0.062650
vn -0.059790 -0.996243 -0.062650
vn -0.059790 -0.996243 -0.062650
vn -0.059791 -0.996246 -0.062598
vn -0.059791 -0.996246 -0.062598
vn -0.059791 -0.996246 -0.062598
vn 0.127574 -0.988464 -0.081632
vn 0.127574 -0.988464 -0.081632
vn 0.127574 -0.988464 -0.081632
vn 0.127586 -0.988356 -0.082908
vn 0.127586 -0.988356 -0.082908
vn 0.127586 -0.988356 -0.082908
vn 0.396389 -0.911758 -0.107576
vn 0.396389 -0.911758 -0.107576
vn 0.396389 -0.911758 -0.107576
vn 0.010143 0.998583 0.052241
vn 0.010143 0.998583 0.052241
vn 0.010143 0.998583 0.052241
vn 0.010138 0.998095 0.060854
vn 0.010138 0.998095 0.060854
vn 0.010138 0.998095 0.060854
vn 0.014199 0.997792 0.064875
vn 0.014199 0.997792 0.064875
vn 0.014199 0.997792 0.064875
vn 0.014203 0.998067 0.060502
vn 0.014203 0.998067 0.060502
vn 0.014203 0.998067 0.060502
vn 0.034657 0.997412 0.062998
vn 0.034657 0.997412 0.062998
vn 0.034657 0.997412 0.062998
vn 0.034655 0.997291 0.064881
vn 0.034655 0.997291 0.064881
vn 0.034655 0.997291 0.064881
vn 0.105092 0.992791 0.057627
vn 0.105092 0.992791 0.057627
vn 0.105092 0.992791 0.057627
vn 0.105093 0.992784 0.057751
vn 0.105093 0.992784 0.057751
vn 0.105093 0.992784 0.057751
vn 0.248711 0.967714 0.040892
vn 0.248711 0.967714 0.040892
vn 0.248711 0.967714 0.040892
vn 0.248696 0.967776 0.039498
vn 0.248696 0.967776 0.039498
vn 0.248696 0.967776 0.039498
vn 0.505452 0.862854 0.000995
vn 0.505452 0.862854 0.000995
vn 0.505452 0.862854 0.000995
vn 0.505551 0.862790 0.003546
vn 0.505551 0.862790 0.003546
vn 0.505551 0.862790 0.003546
vn 0.731140 -0.669574 -0.130786
vn 0.731140 -0.669574 -0.130786
vn 0.731140 -0.669574 -0.130786
vn 0.829520 0.555115 -0.061192
vn 0.829520 0.555115 -0.061192
vn 0.829520 0.555115 -0.061192
vn 0.837171 0.543624 -0.060145
vn 0.837171 0.543624 -0.060145
vn 0.837171 0.543624 -0.060145
vn 0.986054 0.124734 -0.110180
vn 0.986054 0.124734 -0.110180
vn 0.986054 0.124734 -0.110180
vn 0.985259 0.130330 -0.110813
vn 0.985259 0.130330 -0.110813
vn 0.985259 0.130330 -0.110813
vn -0.344339 -0.938259 -0.033190
vn -0.344339 -0.938259 -0.033190
vn -0.344339 -0.938259 -0.033190
vn -0.344339 -0.938260 -0.033147
vn -0.344339 -0.938260 -0.033147
vn -0.344339 -0.938260 -0.033147
vn -0.213921 -0.975705 -0.047303
vn -0.213921 -0.975705 -0.047303
vn -0.213921 -0.975705 -0.047303
vn -0.213932 -0.975748 -0.046350
vn -0.213932 -0.975748 -0.046350
vn -0.213932 -0.975748 -0.046350
vn -0.059976 -0.996233 -0.062630
vn -0.059976 -0.996233 -0.062630
vn -0.059976 -0.996233 -0.062630
vn -0.059977 -0.996236 -0.062578
vn -0.059977 -0.996236 -0.062578
vn -0.059977 -0.996236 -0.062578
vn 0.132429 -0.987787 -0.082093
vn 0.132429 -0.987787 -0.082093
vn 0.132429 -0.987787 -0.082093
vn 0.132441 -0.987676 -0.083403
vn 0.132441 -0.987676 -0.083403
vn 0.132441 -0.987676 -0.083403
vn 0.406048 -0.907406 -0.108350
vn 0.406048 -0.907406 -0.108350
vn 0.406048 -0.907406 -0.108350
vn 0.406036 -0.907107 -0.110871
vn 0.406036 -0.907107 -0.110871
vn 0.406036 -0.907107 -0.110871
vn 0.738800 -0.660555 -0.133570
vn 0.738800 -0.660555 -0.133570
vn 0.738800 -0.660555 -0.133570
vn 0.738845 -0.660688 -0.132666
vn 0.738845 -0.660688 -0.132666
vn 0.738845 -0.660688 -0.132666
vn 0.738845 -0.660688 -0.132666
vn 0.007933 0.999334 0.035611
vn 0.007933 0.999334 0.035611
vn 0.007933 0.999334 0.035611
vn 0.007926 0.998553 0.053187
vn 0.007926 0.998553 0.053187
vn 0.007926 0.998553 0.053187
vn 0.012527 0.998053 0.061105
vn 0.012527 0.998053 0.061105
vn 0.012527 0.998053 0.061105
vn 0.012534 0.998529 0.052757
vn 0.012534 0.998529 0.052757
vn 0.012534 0.998529 0.052757
vn 0.033896 0.997678 0.059074
vn 0.033896 0.997678 0.059074
vn 0.033896 0.997678 0.059074
vn 0.033892 0.997420 0.063276
vn 0.033892 0.997420 0.063276
vn 0.033892 0.997420 0.063276
vn 0.106627 0.992654 0.057181
vn 0.106627 0.992654 0.057181
vn 0.106627 0.992654 0.057181
vn 0.106625 0.992732 0.055806
vn 0.106625 0.992732 0.055806
vn 0.106625 0.992732 0.055806
vn 0.254255 0.966313 0.039909
vn 0.254255 0.966313 0.039909
vn 0.254255 0.966313 0.039909
vn 0.254243 0.966363 0.038782
vn 0.254243 0.966363 0.038782
vn 0.254243 0.966363 0.038782
vn 0.515594 0.856833 -0.000615
vn 0.515594 0.856833 -0.000615
vn 0.515594 0.856833 -0.000615
vn 0.515699 0.856768 0.001997
vn 0.515699 0.856768 0.001997
vn 0.515699 0.856768 0.001997
vn 0.836909 0.543717 -0.062882
vn 0.836909 0.543717 -0.062882
vn 0.836909 0.543717 -0.062882
vn 0.844550 0.531895 -0.061830
vn 0.844550 0.531895 -0.061830
vn 0.844550 0.531895 -0.061830
vn 0.986683 0.119224 -0.110643
vn 0.986683 0.119224 -0.110643
vn 0.986683 0.119224 -0.110643
vn 0.985919 0.124826 -0.111279
vn 0.985919 0.124826 -0.111279
vn 0.985919 0.124826 -0.111279
vn 0.952387 -0.273335 -0.135079
vn 0.952387 -0.273335 -0.135079
vn 0.952387 -0.273335 -0.135079
vn 0.950978 -0.278638 -0.134174
vn 0.950978 -0.278638 -0.134174
vn 0.950978 -0.278638 -0.134174
vn 0.953884 -0.268157 -0.134898
vn 0.953884 -0.268157 -0.134898
vn 0.953884 -0.268157 -0.134898
vn 0.952500 -0.273476 -0.133997
vn 0.952500 -0.273476 -0.133997
vn 0.952500 -0.273476 -0.133997
vn -0.351961 -0.935612 -0.027458
vn -0.351961 -0.935612 -0.027458
vn -0.351961 -0.935612 -0.027458
vn -0.351934 -0.935538 -0.030178
vn -0.351934 -0.935538 -0.030178
vn -0.351934 -0.935538 -0.030178
vn -0.218577 -0.974788 -0.044851
vn -0.218577 -0.974788 -0.044851
vn -0.218577 -0.974788 -0.044851
vn -0.218570 -0.974759 -0.045528
vn -0.218570 -0.974759 -0.045528
vn -0.218570 -0.974759 -0.045528
vn -0.060176 -0.996239 -0.062339
vn -0.060176 -0.996239 -0.062339
vn -0.060176 -0.996239 -0.062339
vn -0.060173 -0.996226 -0.062557
vn -0.060173 -0.996226 -0.062557
vn -0.060173 -0.996226 -0.062557
vn 0.137547 -0.987047 -0.082576
vn 0.137547 -0.987047 -0.082576
vn 0.137547 -0.987047 -0.082576
vn 0.137559 -0.986932 -0.083923
vn 0.137559 -0.986932 -0.083923
vn 0.137559 -0.986932 -0.083923
vn 0.416072 -0.902758 -0.109147
vn 0.416072 -0.902758 -0.109147
vn 0.416072 -0.902758 -0.109147
vn 0.416057 -0.902450 -0.111719
vn 0.416057 -0.902450 -0.111719
vn 0.416057 -0.902450 -0.111719
vn 0.746958 -0.650893 -0.135616
vn 0.746958 -0.650893 -0.135616
vn 0.746958 -0.650893 -0.135616
vn 0.746958 -0.650893 -0.135616
vn 0.747094 -0.651282 -0.132975
vn 0.747094 -0.651282 -0.132975
vn 0.747094 -0.651282 -0.132975
vn 0.005180 0.999986 0.000576
vn 0.005180 0.999986 0.000576
vn 0.005180 0.999986 0.000576
vn 0.005177 0.999300 0.037059
vn 0.005177 0.999300 0.037059
vn 0.005177 0.999300 0.037059
vn 0.010382 0.998507 0.053635
vn 0.010382 0.998507 0.053635
vn 0.010382 0.998507 0.053635
vn 0.010390 0.999279 0.036516
vn 0.010390 0.999279 0.036516
vn 0.010390 0.999279 0.036516
vn 0.032791 0.998142 0.051358
vn 0.032791 0.998142 0.051358
vn 0.032791 0.998142 0.051358
vn 0.032786 0.997690 0.059502
vn 0.032786 0.997690 0.059502
vn 0.032786 0.997690 0.059502
vn 0.108024 0.992610 0.055278
vn 0.108024 0.992610 0.055278
vn 0.108024 0.992610 0.055278
vn 0.108017 0.992813 0.051524
vn 0.108017 0.992813 0.051524
vn 0.108017 0.992813 0.051524
vn 0.260038 0.964879 0.037252
vn 0.260038 0.964879 0.037252
vn 0.260038 0.964879 0.037252
vn 0.260044 0.964860 0.037725
vn 0.260044 0.964860 0.037725
vn 0.260044 0.964860 0.037725
vn 0.526129 0.850402 -0.002297
vn 0.526129 0.850402 -0.002297
vn 0.526129 0.850402 -0.002297
vn 0.526226 0.850345 0.000030
vn 0.526226 0.850345 0.000030
vn 0.526226 0.850345 0.000030
vn 0.844282 0.531992 -0.064591
vn 0.844282 0.531992 -0.064591
vn 0.844282 0.531992 -0.064591
vn 0.851910 0.519820 -0.063534
vn 0.851910 0.519820 -0.063534
vn 0.851910 0.519820 -0.063534
vn 0.987283 0.113701 -0.111102
vn 0.987283 0.113701 -0.111102
vn 0.987283 0.113701 -0.111102
vn 0.986548 0.119316 -0.111741
vn 0.986548 0.119316 -0.111741
vn 0.986548 0.119316 -0.111741
vn 0.955357 -0.262955 -0.134713
vn 0.955357 -0.262955 -0.134713
vn 0.955357 -0.262955 -0.134713
vn 0.953997 -0.268298 -0.133814
vn 0.953997 -0.268298 -0.133814
vn 0.953997 -0.268298 -0.133814
vn 0.755250 -0.641186 -0.135937
vn 0.755250 -0.641186 -0.135937
vn 0.755250 -0.641186 -0.135937
vn 0.763574 -0.631184 -0.136241
vn 0.763574 -0.631184 -0.136241
vn 0.763574 -0.631184 -0.136241
vn 0.755391 -0.641578 -0.133272
vn 0.755391 -0.641578 -0.133272
vn 0.755391 -0.641578 -0.133272
vn 0.771932 -0.620872 -0.136526
vn 0.771932 -0.620872 -0.136526
vn 0.771932 -0.620872 -0.136526
vn 0.763722 -0.631581 -0.133549
vn 0.763722 -0.631581 -0.133549
vn 0.763722 -0.631581 -0.133549
vn -0.359045 -0.933165 -0.017030
vn -0.359045 -0.933165 -0.017030
vn -0.359045 -0.933165 -0.017030
vn -0.358990 -0.933020 -0.024494
vn -0.358990 -0.933020 -0.024494
vn -0.358990 -0.933020 -0.024494
vn -0.223176 -0.973965 -0.039810
vn -0.223176 -0.973965 -0.039810
vn -0.223176 -0.973965 -0.039810
vn -0.223142 -0.973834 -0.043078
vn -0.223142 -0.973834 -0.043078
vn -0.223142 -0.973834 -0.043078
vn -0.060373 -0.996335 -0.060596
vn -0.060373 -0.996335 -0.060596
vn -0.060373 -0.996335 -0.060596
vn -0.060354 -0.996233 -0.062273
vn -0.060354 -0.996233 -0.062273
vn -0.060354 -0.996233 -0.062273
vn 0.142950 -0.986254 -0.082875
vn 0.142950 -0.986254 -0.082875
vn 0.142950 -0.986254 -0.082875
vn 0.142964 -0.986117 -0.084469
vn 0.142964 -0.986117 -0.084469
vn 0.142964 -0.986117 -0.084469
vn 0.426482 -0.897787 -0.109963
vn 0.426482 -0.897787 -0.109963
vn 0.426482 -0.897787 -0.109963
vn 0.426465 -0.897469 -0.112592
vn 0.426465 -0.897469 -0.112592
vn 0.426465 -0.897469 -0.112592
vn 0.002079 0.998040 -0.062549
vn 0.002079 0.998040 -0.062549
vn 0.002079 0.998040 -0.062549
vn 0.002083 0.999994 0.002611
vn 0.002083 0.999994 0.002611
vn 0.002083 0.999994 0.002611
vn 0.007678 0.999253 0.037873
vn 0.007678 0.999253 0.037873
vn 0.007678 0.999253 0.037873
vn 0.007684 0.999969 0.001983
vn 0.007684 0.999969 0.001983
vn 0.007684 0.999969 0.001983
vn 0.031153 0.998894 0.035225
vn 0.031153 0.998894 0.035225
vn 0.031153 0.998894 0.035225
vn 0.031150 0.998157 0.052073
vn 0.031150 0.998157 0.052073
vn 0.031150 0.998157 0.052073
vn 0.109007 0.992725 0.051128
vn 0.109007 0.992725 0.051128
vn 0.109007 0.992725 0.051128
vn 0.108985 0.993099 0.043313
vn 0.108985 0.993099 0.043313
vn 0.108985 0.993099 0.043313
vn 0.265721 0.963518 0.032034
vn 0.265721 0.963518 0.032034
vn 0.265721 0.963518 0.032034
vn 0.265760 0.963401 0.035057
vn 0.265760 0.963401 0.035057
vn 0.265760 0.963401 0.035057
vn 0.536964 0.843594 -0.004386
vn 0.536964 0.843594 -0.004386
vn 0.536964 0.843594 -0.004386
vn 0.536989 0.843581 -0.003829
vn 0.536989 0.843581 -0.003829
vn 0.536989 0.843581 -0.003829
vn 0.851601 0.519934 -0.066668
vn 0.851601 0.519934 -0.066668
vn 0.851601 0.519934 -0.066668
vn 0.859150 0.507502 -0.065591
vn 0.859150 0.507502 -0.065591
vn 0.859150 0.507502 -0.065591
vn 0.987816 0.108216 -0.111840
vn 0.987816 0.108216 -0.111840
vn 0.987816 0.108216 -0.111840
vn 0.987113 0.113818 -0.112489
vn 0.987113 0.113818 -0.112489
vn 0.987113 0.113818 -0.112489
vn 0.956776 -0.257741 -0.134719
vn 0.956776 -0.257741 -0.134719
vn 0.956776 -0.257741 -0.134719
vn 0.955451 -0.263071 -0.133819
vn 0.955451 -0.263071 -0.133819
vn 0.955451 -0.263071 -0.133819
vn 0.780264 -0.610293 -0.136858
vn 0.780264 -0.610293 -0.136858
vn 0.780264 -0.610293 -0.136858
vn 0.772082 -0.621264 -0.133865
vn 0.772082 -0.621264 -0.133865
vn 0.772082 -0.621264 -0.133865
vn 0.437272 -0.892140 -0.113485
vn 0.437272 -0.892140 -0.113485
vn 0.437272 -0.892140 -0.113485
vn 0.437292 -0.892481 -0.110695
vn 0.437292 -0.892481 -0.110695
vn 0.437292 -0.892481 -0.110695
vn 0.448446 -0.886471 -0.114306
vn 0.448446 -0.886471 -0.114306
vn 0.448446 -0.886471 -0.114306
vn -0.364934 -0.930925 -0.014231
vn -0.364934 -0.930925 -0.014231
vn -0.364934 -0.930925 -0.014231
vn -0.364970 -0.931018 0.001430
vn -0.364970 -0.931018 0.001430
vn -0.364970 -0.931018 0.001430
vn -0.227338 -0.973341 -0.030409
vn -0.227338 -0.973341 -0.030409
vn -0.227338 -0.973341 -0.030409
vn -0.227270 -0.973085 -0.038122
vn -0.227270 -0.973085 -0.038122
vn -0.227270 -0.973085 -0.038122
vn -0.060432 -0.996566 -0.056612
vn -0.060432 -0.996566 -0.056612
vn -0.060432 -0.996566 -0.056612
vn -0.060387 -0.996334 -0.060591
vn -0.060387 -0.996334 -0.060591
vn -0.060387 -0.996334 -0.060591
vn 0.148636 -0.985480 -0.082081
vn 0.148636 -0.985480 -0.082081
vn 0.148636 -0.985480 -0.082081
vn 0.148661 -0.985242 -0.084841
vn 0.148661 -0.985242 -0.084841
vn 0.148661 -0.985242 -0.084841
vn -0.315721 -0.941573 0.117303
vn -0.315721 -0.941573 0.117303
vn -0.315721 -0.941573 0.117303
vn -0.288844 -0.953512 0.085933
vn -0.288844 -0.953512 0.085933
vn -0.288844 -0.953512 0.085933
vn -0.288844 -0.953512 0.085933
vn -0.001037 0.998192 -0.060090
vn -0.001037 0.998192 -0.060090
vn -0.001037 0.998192 -0.060090
vn 0.004598 0.999982 0.003906
vn 0.004598 0.999982 0.003906
vn 0.004598 0.999982 0.003906
vn 0.004591 0.998146 -0.060689
vn 0.004591 0.998146 -0.060689
vn 0.004591 0.998146 -0.060689
vn 0.028818 0.999584 0.000968
vn 0.028818 0.999584 0.000968
vn 0.028818 0.999584 0.000968
vn 0.028842 0.998919 0.036455
vn 0.028842 0.998919 0.036455
vn 0.028842 0.998919 0.036455
vn 0.109283 0.993072 0.043179
vn 0.109283 0.993072 0.043179
vn 0.109283 0.993072 0.043179
vn 0.109211 0.993665 0.026527
vn 0.109211 0.993665 0.026527
vn 0.109211 0.993665 0.026527
vn 0.270821 0.962366 0.022518
vn 0.270821 0.962366 0.022518
vn 0.270821 0.962366 0.022518
vn 0.270937 0.962132 0.029914
vn 0.270937 0.962132 0.029914
vn 0.270937 0.962132 0.029914
vn 0.547589 0.836706 -0.008298
vn 0.547589 0.836706 -0.008298
vn 0.547589 0.836706 -0.008298
vn 0.547481 0.836751 -0.010549
vn 0.547481 0.836751 -0.010549
vn 0.547481 0.836751 -0.010549
vn 0.858645 0.507687 -0.070591
vn 0.858645 0.507687 -0.070591
vn 0.858645 0.507687 -0.070591
vn 0.865862 0.495443 -0.069419
vn 0.865862 0.495443 -0.069419
vn 0.865862 0.495443 -0.069419
vn 0.988112 0.103070 -0.114067
vn 0.988112 0.103070 -0.114067
vn 0.988112 0.103070 -0.114067
vn 0.987455 0.108464 -0.114749
vn 0.987455 0.108464 -0.114749
vn 0.987455 0.108464 -0.114749
vn 0.958008 -0.252562 -0.135766
vn 0.958008 -0.252562 -0.135766
vn 0.958008 -0.252562 -0.135766
vn 0.956763 -0.257725 -0.134843
vn 0.956763 -0.257725 -0.134843
vn 0.956763 -0.257725 -0.134843
vn 0.788296 -0.599728 -0.137533
vn 0.788296 -0.599728 -0.137533
vn 0.788296 -0.599728 -0.137533
vn 0.780402 -0.610643 -0.134486
vn 0.780402 -0.610643 -0.134486
vn 0.780402 -0.610643 -0.134486
vn 0.448474 -0.886887 -0.110920
vn 0.448474 -0.886887 -0.110920
vn 0.448474 -0.886887 -0.110920
vn 0.459719 -0.880631 -0.114660
vn 0.459719 -0.880631 -0.114660
vn 0.459719 -0.880631 -0.114660
vn 0.154612 -0.984383 -0.084175
vn 0.154612 -0.984383 -0.084175
vn 0.154612 -0.984383 -0.084175
vn -0.397236 -0.915627 0.061898
vn -0.397236 -0.915627 0.061898
vn -0.397236 -0.915627 0.061898
vn -0.397837 -0.917016 0.028407
vn -0.397837 -0.917016 0.028407
vn -0.397837 -0.917016 0.028407
vn -0.368470 -0.929633 0.003453
vn -0.368470 -0.929633 0.003453
vn -0.368470 -0.929633 0.003453
vn -0.368358 -0.929351 0.024886
vn -0.368358 -0.929351 0.024886
vn -0.368358 -0.929351 0.024886
vn -0.230596 -0.972952 -0.013785
vn -0.230596 -0.972952 -0.013785
vn -0.230596 -0.972952 -0.013785
vn -0.230505 -0.972641 -0.028939
vn -0.230505 -0.972641 -0.028939
vn -0.230505 -0.972641 -0.028939
vn -0.060077 -0.996579 -0.056753
vn -0.060077 -0.996579 -0.056753
vn -0.060077 -0.996579 -0.056753
vn -0.060165 -0.996993 -0.048847
vn -0.060165 -0.996993 -0.048847
vn -0.060165 -0.996993 -0.048847
vn 0.154568 -0.984770 -0.079610
vn 0.154568 -0.984770 -0.079610
vn 0.154568 -0.984770 -0.079610
vn -0.382444 -0.919638 0.089454
vn -0.382444 -0.919638 0.089454
vn -0.382444 -0.919638 0.089454
vn -0.382444 -0.919638 0.089454
vn -0.383518 -0.922221 0.049213
vn -0.383518 -0.922221 0.049213
vn -0.383518 -0.922221 0.049213
vn -0.351679 -0.934278 0.058708
vn -0.351679 -0.934278 0.058708
vn -0.351679 -0.934278 0.058708
vn 0.001379 0.998299 -0.058293
vn 0.001379 0.998299 -0.058293
vn 0.001379 0.998299 -0.058293
vn 0.025715 0.997799 -0.061125
vn 0.025715 0.997799 -0.061125
vn 0.025715 0.997799 -0.061125
vn 0.025841 0.999662 0.002941
vn 0.025841 0.999662 0.002941
vn 0.025841 0.999662 0.002941
vn 0.108464 0.993735 0.026936
vn 0.108464 0.993735 0.026936
vn 0.108464 0.993735 0.026936
vn 0.108211 0.994097 -0.007875
vn 0.108211 0.994097 -0.007875
vn 0.108211 0.994097 -0.007875
vn 0.274682 0.961526 0.004056
vn 0.274682 0.961526 0.004056
vn 0.274682 0.961526 0.004056
vn 0.275010 0.961220 0.020610
vn 0.275010 0.961220 0.020610
vn 0.275010 0.961220 0.020610
vn 0.557337 0.830152 -0.014967
vn 0.557337 0.830152 -0.014967
vn 0.557337 0.830152 -0.014967
vn 0.556960 0.830247 -0.022019
vn 0.556960 0.830247 -0.022019
vn 0.556960 0.830247 -0.022019
vn 0.865031 0.495730 -0.077291
vn 0.865031 0.495730 -0.077291
vn 0.865031 0.495730 -0.077291
vn 0.871616 0.484273 -0.075934
vn 0.871616 0.484273 -0.075934
vn 0.871616 0.484273 -0.075934
vn 0.988042 0.098544 -0.118582
vn 0.988042 0.098544 -0.118582
vn 0.988042 0.098544 -0.118582
vn 0.987443 0.103523 -0.119331
vn 0.987443 0.103523 -0.119331
vn 0.987443 0.103523 -0.119331
vn 0.958930 -0.247549 -0.138466
vn 0.958930 -0.247549 -0.138466
vn 0.958930 -0.247549 -0.138466
vn 0.957821 -0.252339 -0.137494
vn 0.957821 -0.252339 -0.137494
vn 0.957821 -0.252339 -0.137494
vn 0.795720 -0.589537 -0.138837
vn 0.795720 -0.589537 -0.138837
vn 0.795720 -0.589537 -0.138837
vn 0.788409 -0.600004 -0.135668
vn 0.788409 -0.600004 -0.135668
vn 0.788409 -0.600004 -0.135668
vn 0.459756 -0.881156 -0.110398
vn 0.459756 -0.881156 -0.110398
vn 0.459756 -0.881156 -0.110398
vn 0.470714 -0.874846 -0.114337
vn 0.470714 -0.874846 -0.114337
vn 0.470714 -0.874846 -0.114337
vn 0.160714 -0.983597 -0.081902
vn 0.160714 -0.983597 -0.081902
vn 0.160714 -0.983597 -0.081902
vn -0.365445 -0.929628 0.047348
vn -0.365445 -0.929628 0.047348
vn -0.365445 -0.929628 0.047348
vn -0.365759 -0.930425 0.023030
vn -0.365759 -0.930425 0.023030
vn -0.365759 -0.930425 0.023030
vn -0.231982 -0.972703 0.005847
vn -0.231982 -0.972703 0.005847
vn -0.231982 -0.972703 0.005847
vn -0.231945 -0.972642 -0.013024
vn -0.231945 -0.972642 -0.013024
vn -0.231945 -0.972642 -0.013024
vn -0.059226 -0.997028 -0.049268
vn -0.059226 -0.997028 -0.049268
vn -0.059226 -0.997028 -0.049268
vn -0.059378 -0.997624 -0.034946
vn -0.059378 -0.997624 -0.034946
vn -0.059378 -0.997624 -0.034946
vn 0.160636 -0.984212 -0.074310
vn 0.160636 -0.984212 -0.074310
vn 0.160636 -0.984212 -0.074310
vn -0.351783 -0.934238 0.058715
vn -0.351783 -0.934238 0.058715
vn -0.351783 -0.934238 0.058715
vn -0.351783 -0.934238 0.058715
vn -0.352162 -0.935245 0.036040
vn -0.352162 -0.935245 0.036040
vn -0.352162 -0.935245 0.036040
vn -0.322205 -0.946148 0.031434
vn -0.322205 -0.946148 0.031434
vn -0.322205 -0.946148 0.031434
vn 0.022106 0.998057 -0.058261
vn 0.022106 0.998057 -0.058261
vn 0.022106 0.998057 -0.058261
vn 0.105941 0.994352 -0.006332
vn 0.105941 0.994352 -0.006332
vn 0.105941 0.994352 -0.006332
vn 0.105164 0.992083 -0.068638
vn 0.105164 0.992083 -0.068638
vn 0.105164 0.992083 -0.068638
vn 0.276223 0.960608 -0.030560
vn 0.276223 0.960608 -0.030560
vn 0.276223 0.960608 -0.030560
vn 0.277140 0.960826 0.002705
vn 0.277140 0.960826 0.002705
vn 0.277140 0.960826 0.002705
vn 0.565397 0.824401 -0.026255
vn 0.565397 0.824401 -0.026255
vn 0.565397 0.824401 -0.026255
vn 0.564363 0.824427 -0.042603
vn 0.564363 0.824427 -0.042603
vn 0.564363 0.824427 -0.042603
vn 0.870177 0.484706 -0.088609
vn 0.870177 0.484706 -0.088609
vn 0.870177 0.484706 -0.088609
vn 0.875867 0.474652 -0.086960
vn 0.875867 0.474652 -0.086960
vn 0.875867 0.474652 -0.086960
vn 0.987350 0.095001 -0.126946
vn 0.987350 0.095001 -0.126946
vn 0.987350 0.095001 -0.126946
vn 0.986813 0.099337 -0.127797
vn 0.986813 0.099337 -0.127797
vn 0.986813 0.099337 -0.127797
vn 0.959348 -0.242740 -0.143973
vn 0.959348 -0.242740 -0.143973
vn 0.959348 -0.242740 -0.143973
vn 0.958426 -0.246971 -0.142912
vn 0.958426 -0.246971 -0.142912
vn 0.958426 -0.246971 -0.142912
vn 0.802185 -0.580118 -0.141286
vn 0.802185 -0.580118 -0.141286
vn 0.802185 -0.580118 -0.141286
vn 0.795779 -0.589677 -0.137901
vn 0.795779 -0.589677 -0.137901
vn 0.795779 -0.589677 -0.137901
vn 0.470765 -0.875539 -0.108687
vn 0.470765 -0.875539 -0.108687
vn 0.470765 -0.875539 -0.108687
vn 0.480983 -0.869425 -0.112942
vn 0.480983 -0.869425 -0.112942
vn 0.480983 -0.869425 -0.112942
vn 0.166839 -0.982978 -0.076934
vn 0.166839 -0.982978 -0.076934
vn 0.166839 -0.982978 -0.076934
vn -0.228910 -0.973214 0.021332
vn -0.228910 -0.973214 0.021332
vn -0.228910 -0.973214 0.021332
vn -0.228940 -0.973433 0.003722
vn -0.228940 -0.973433 0.003722
vn -0.228940 -0.973433 0.003722
vn -0.057469 -0.997698 -0.035989
vn -0.057469 -0.997698 -0.035989
vn -0.057469 -0.997698 -0.035989
vn -0.057633 -0.998150 -0.019364
vn -0.057633 -0.998150 -0.019364
vn -0.057633 -0.998150 -0.019364
vn 0.166694 -0.983900 -0.064453
vn 0.166694 -0.983900 -0.064453
vn 0.166694 -0.983900 -0.064453
vn -0.218288 -0.975634 0.022106
vn -0.218288 -0.975634 0.022106
vn -0.218288 -0.975634 0.022106
vn -0.218288 -0.975634 0.022106
vn -0.218313 -0.975799 0.012460
vn -0.218313 -0.975799 0.012460
vn -0.218313 -0.975799 0.012460
vn -0.196533 -0.980495 0.002127
vn -0.196533 -0.980495 0.002127
vn -0.196533 -0.980495 0.002127
vn 0.100860 0.992766 -0.065141
vn 0.100860 0.992766 -0.065141
vn 0.100860 0.992766 -0.065141
vn 0.273309 0.957933 -0.087554
vn 0.273309 0.957933 -0.087554
vn 0.273309 0.957933 -0.087554
vn 0.275629 0.960791 -0.030160
vn 0.275629 0.960791 -0.030160
vn 0.275629 0.960791 -0.030160
vn 0.570420 0.820050 -0.046256
vn 0.570420 0.820050 -0.046256
vn 0.570420 0.820050 -0.046256
vn 0.568106 0.819488 -0.075463
vn 0.568106 0.819488 -0.075463
vn 0.568106 0.819488 -0.075463
vn 0.873230 0.475250 -0.107735
vn 0.873230 0.475250 -0.107735
vn 0.873230 0.475250 -0.107735
vn 0.877625 0.467526 -0.105801
vn 0.877625 0.467526 -0.105801
vn 0.877625 0.467526 -0.105801
vn 0.985596 0.092862 -0.141343
vn 0.985596 0.092862 -0.141343
vn 0.985596 0.092862 -0.141343
vn 0.985124 0.096319 -0.142315
vn 0.985124 0.096319 -0.142315
vn 0.985124 0.096319 -0.142315
vn 0.958964 -0.238364 -0.153528
vn 0.958964 -0.238364 -0.153528
vn 0.958964 -0.238364 -0.153528
vn 0.958323 -0.241630 -0.152422
vn 0.958323 -0.241630 -0.152422
vn 0.958323 -0.241630 -0.152422
vn 0.807154 -0.572226 -0.145120
vn 0.807154 -0.572226 -0.145120
vn 0.807154 -0.572226 -0.145120
vn 0.802166 -0.580074 -0.141577
vn 0.802166 -0.580074 -0.141577
vn 0.802166 -0.580074 -0.141577
vn 0.481049 -0.870385 -0.104980
vn 0.481049 -0.870385 -0.104980
vn 0.481049 -0.870385 -0.104980
vn 0.489737 -0.864961 -0.109541
vn 0.489737 -0.864961 -0.109541
vn 0.489737 -0.864961 -0.109541
vn 0.172686 -0.982657 -0.067565
vn 0.172686 -0.982657 -0.067565
vn 0.172686 -0.982657 -0.067565
vn -0.053845 -0.998508 -0.009110
vn -0.053845 -0.998508 -0.009110
vn -0.053845 -0.998508 -0.009110
vn -0.053726 -0.998313 -0.022010
vn -0.053726 -0.998313 -0.022010
vn -0.053726 -0.998313 -0.022010
vn 0.172496 -0.983563 -0.053376
vn 0.172496 -0.983563 -0.053376
vn 0.172496 -0.983563 -0.053376
vn -0.046673 -0.998814 -0.013834
vn -0.046673 -0.998814 -0.013834
vn -0.046673 -0.998814 -0.013834
vn -0.046673 -0.998814 -0.013834
vn -0.046663 -0.998799 -0.014951
vn -0.046663 -0.998799 -0.014951
vn -0.046663 -0.998799 -0.014951
vn -0.034815 -0.999094 -0.024477
vn -0.034815 -0.999094 -0.024477
vn -0.034815 -0.999094 -0.024477
vn 0.268229 0.959730 -0.083498
vn 0.268229 0.959730 -0.083498
vn 0.268229 0.959730 -0.083498
vn 0.569908 0.818113 -0.076787
vn 0.569908 0.818113 -0.076787
vn 0.569908 0.818113 -0.076787
vn 0.565297 0.815846 -0.121797
vn 0.565297 0.815846 -0.121797
vn 0.565297 0.815846 -0.121797
vn 0.873899 0.468048 -0.131266
vn 0.873899 0.468048 -0.131266
vn 0.873899 0.468048 -0.131266
vn 0.875986 0.464510 -0.129922
vn 0.875986 0.464510 -0.129922
vn 0.875986 0.464510 -0.129922
vn 0.983449 0.092006 -0.156086
vn 0.983449 0.092006 -0.156086
vn 0.983449 0.092006 -0.156086
vn 0.983102 0.094193 -0.156963
vn 0.983102 0.094193 -0.156963
vn 0.983102 0.094193 -0.156963
vn 0.958251 -0.236466 -0.160748
vn 0.958251 -0.236466 -0.160748
vn 0.958251 -0.236466 -0.160748
vn 0.958081 -0.237460 -0.160293
vn 0.958081 -0.237460 -0.160293
vn 0.958081 -0.237460 -0.160293
vn 0.809603 -0.568648 -0.145542
vn 0.809603 -0.568648 -0.145542
vn 0.809603 -0.568648 -0.145542
vn 0.807283 -0.572501 -0.143306
vn 0.807283 -0.572501 -0.143306
vn 0.807283 -0.572501 -0.143306
vn 0.489804 -0.866110 -0.099727
vn 0.489804 -0.866110 -0.099727
vn 0.489804 -0.866110 -0.099727
vn 0.494984 -0.862752 -0.103199
vn 0.494984 -0.862752 -0.103199
vn 0.494984 -0.862752 -0.103199
vn 0.177568 -0.982476 -0.056661
vn 0.177568 -0.982476 -0.056661
vn 0.177568 -0.982476 -0.056661
vn 0.177408 -0.983059 -0.046058
vn 0.177408 -0.983059 -0.046058
vn 0.177408 -0.983059 -0.046058
vn 0.180744 -0.982287 -0.049440
vn 0.180744 -0.982287 -0.049440
vn 0.180744 -0.982287 -0.049440
vn 0.180744 -0.982287 -0.049440
vn 0.180731 -0.982329 -0.048649
vn 0.180731 -0.982329 -0.048649
vn 0.180731 -0.982329 -0.048649
vn 0.181472 -0.982121 -0.050066
vn 0.181472 -0.982121 -0.050066
vn 0.181472 -0.982121 -0.050066
vn 0.560839 0.819477 -0.117968
vn 0.560839 0.819477 -0.117968
vn 0.560839 0.819477 -0.117968
vn 0.872086 0.464769 -0.153149
vn 0.872086 0.464769 -0.153149
vn 0.872086 0.464769 -0.153149
vn 0.870296 0.467606 -0.154692
vn 0.870296 0.467606 -0.154692
vn 0.870296 0.467606 -0.154692
vn 0.982330 0.092106 -0.162926
vn 0.982330 0.092106 -0.162926
vn 0.982330 0.092106 -0.162926
vn 0.982236 0.092616 -0.163201
vn 0.982236 0.092616 -0.163201
vn 0.982236 0.092616 -0.163201
vn 0.958100 -0.239778 -0.156686
vn 0.958100 -0.239778 -0.156686
vn 0.958100 -0.239778 -0.156686
vn 0.958556 -0.236775 -0.158453
vn 0.958556 -0.236775 -0.158453
vn 0.958556 -0.236775 -0.158453
vn 0.808330 -0.572824 -0.135923
vn 0.808330 -0.572824 -0.135923
vn 0.808330 -0.572824 -0.135923
vn 0.810116 -0.569769 -0.138114
vn 0.810116 -0.569769 -0.138114
vn 0.810116 -0.569769 -0.138114
vn 0.495020 -0.863845 -0.093418
vn 0.495020 -0.863845 -0.093418
vn 0.495020 -0.863845 -0.093418
vn 0.494351 -0.864287 -0.092872
vn 0.494351 -0.864287 -0.092872
vn 0.494351 -0.864287 -0.092872
vn 0.494345 -0.864824 -0.087761
vn 0.494345 -0.864824 -0.087761
vn 0.494345 -0.864824 -0.087761
vn 0.494345 -0.864824 -0.087761
vn 0.485123 -0.870826 -0.079481
vn 0.485123 -0.870826 -0.079481
vn 0.485123 -0.870826 -0.079481
usemtl Paint_-_Enamel_Glossy_(White)_(1)
f 2/1/1 3/2/2 1/3/3
f 1/3/3 3/2/2 4/4/4
f 2/5/5 5/6/6 3/7/7
f 6/8/8 7/9/9 5/10/10
f 5/10/10 7/9/9 3/11/11
f 6/12/12 8/13/13 7/14/14
f 7/14/14 8/13/13 9/15/15
f 10/16/16 11/17/17 13/18/18
f 13/18/18 11/17/17 12/19/19
f 11/20/20 14/21/21 12/22/22
f 14/23/23 15/24/24 12/25/25
f 12/25/25 15/24/24 16/26/26
f 17/27/27 18/28/28 16/29/29
f 16/29/29 18/28/28 19/30/30
f 15/31/31 20/32/32 16/33/33
f 16/33/33 20/32/32 21/34/34
f 16/33/33 21/34/34 17/35/35
f 18/36/36 22/37/37 19/38/38
f 19/38/38 22/37/37 23/39/39
f 19/38/38 23/39/39 24/40/40
f 25/41/41 26/42/42 27/43/43
f 28/44/44 29/45/45 26/46/46
f 26/46/46 29/45/45 27/47/47
f 28/48/48 30/49/49 29/50/50
f 31/51/51 32/52/52 30/53/53
f 30/53/53 32/52/52 29/54/54
f 31/55/55 33/56/56 32/57/57
f 34/58/58 35/59/59 33/60/60
f 33/60/60 35/59/59 32/61/61
f 34/62/62 36/63/63 35/64/64
f 37/65/65 38/66/66 36/67/67
f 36/67/67 38/66/66 35/68/68
f 37/69/69 39/70/70 38/71/71
f 40/72/72 41/73/73 39/74/74
f 39/74/74 41/73/73 38/75/75
f 40/76/76 42/77/77 41/78/78
f 43/79/79 44/80/80 42/81/81
f 42/81/81 44/80/80 41/82/82
f 45/83/83 46/84/84 43/85/85
f 43/85/85 46/84/84 44/86/86
f 46/87/87 47/88/88 44/89/89
f 47/90/90 48/91/91 44/92/92
f 44/92/92 48/91/91 49/93/93
f 48/94/94 50/95/95 49/96/96
f 50/97/97 51/98/98 49/99/99
f 49/99/99 51/98/98 52/100/100
f 51/101/101 53/102/102 52/103/103
f 53/104/104 54/105/105 52/106/106
f 52/106/106 54/105/105 55/107/107
f 54/108/108 56/109/109 55/110/110
f 56/111/111 57/112/112 55/113/113
f 55/113/113 57/112/112 58/114/114
f 57/115/115 59/116/116 58/117/117
f 61/118/118 62/119/119 60/120/120
f 60/120/120 62/119/119 63/121/121
f 61/122/122 64/123/123 62/124/124
f 64/125/125 65/126/126 62/127/127
f 62/127/127 65/126/126 66/128/128
f 65/129/129 67/130/130 66/131/131
f 67/132/132 68/133/133 66/134/134
f 66/134/134 68/133/133 69/135/135
f 68/136/136 70/137/137 69/138/138
f 70/139/139 71/140/140 69/141/141
f 69/141/141 71/140/140 72/142/142
f 71/143/143 73/144/144 72/145/145
f 73/146/146 74/147/147 72/148/148
f 72/148/148 74/147/147 75/149/149
f 75/150/150 76/151/151 72/152/152
f 77/153/153 78/154/154 76/155/155
f 76/155/155 78/154/154 72/156/156
f 77/157/157 79/158/158 78/159/159
f 80/160/160 81/161/161 79/162/162
f 79/162/162 81/161/161 78/163/163
f 80/164/164 82/165/165 81/166/166
f 81/166/166 82/165/165 83/167/167
f 82/168/168 84/169/169 83/170/170
f 84/171/171 85/172/172 83/173/173
f 86/174/174 87/175/175 85/176/176
f 85/176/176 87/175/175 83/177/177
f 86/178/178 88/179/179 87/180/180
f 89/181/181 90/182/182 88/183/183
f 88/183/183 90/182/182 87/184/184
f 89/185/185 91/186/186 90/187/187
f 92/188/188 93/189/189 91/190/190
f 91/190/190 93/189/189 90/191/191
f 92/192/192 94/193/193 93/194/194
f 95/195/195 4/196/196 94/197/197
f 94/197/197 4/196/196 93/198/198
f 95/199/199 1/200/200 4/201/201
f 8/202/202 96/203/203 9/204/204
f 96/205/205 97/206/206 9/207/207
f 98/208/208 99/209/209 97/210/210
f 97/210/210 99/209/209 9/211/211
f 100/212/212 101/213/213 103/214/214
f 103/214/214 101/213/213 102/215/215
f 101/216/216 104/217/217 102/218/218
f 104/219/219 105/220/220 102/221/221
f 102/221/221 105/220/220 106/222/222
f 102/221/221 106/222/222 107/223/223
f 106/224/224 108/225/225 107/226/226
f 109/227/227 110/228/228 111/229/229
f 108/230/230 112/231/231 107/232/232
f 107/232/232 112/231/231 113/233/233
f 115/234/234 114/235/235 113/236/236
f 113/236/236 114/235/235 109/237/237
f 113/236/236 109/237/237 111/238/238
f 112/239/239 115/240/240 113/241/241
f 116/242/242 117/243/243 118/244/244
f 117/245/245 119/246/246 118/247/247
f 120/248/248 121/249/249 119/250/250
f 119/250/250 121/249/249 118/251/251
f 122/252/252 123/253/253 124/254/254
f 123/255/255 116/256/256 124/257/257
f 124/257/257 116/256/256 118/258/258
f 125/259/259 124/260/260 118/261/261
f 126/262/262 125/263/263 121/264/264
f 121/264/264 125/263/263 118/265/265
f 126/266/266 127/267/267 125/268/268
f 128/269/269 129/270/270 130/271/271
f 129/272/272 122/273/273 130/274/274
f 130/274/274 122/273/273 124/275/275
f 125/276/276 131/277/277 124/278/278
f 131/279/279 130/280/280 124/281/281
f 132/282/282 131/283/283 125/284/284
f 133/285/285 132/286/286 127/287/287
f 127/287/287 132/286/286 125/288/288
f 133/289/289 134/290/290 132/291/291
f 69/292/292 72/293/293 78/294/294
f 135/295/295 128/296/296 136/297/297
f 136/297/297 128/296/296 130/298/298
f 137/299/299 135/300/300 136/301/301
f 131/302/302 138/303/303 130/304/304
f 138/305/305 136/306/306 130/307/307
f 139/308/308 138/309/309 131/310/310
f 132/311/311 139/312/312 131/313/313
f 140/314/314 141/315/315 134/316/316
f 134/316/316 141/315/315 132/317/317
f 141/318/318 139/319/319 132/320/320
f 140/321/321 142/322/322 141/323/323
f 143/324/324 78/325/325 81/326/326
f 69/327/327 78/328/328 143/329/329
f 66/330/330 69/331/331 143/332/332
f 144/333/333 145/334/334 146/335/335
f 145/336/336 137/337/337 146/338/338
f 146/338/338 137/337/337 136/339/339
f 138/340/340 147/341/341 136/342/342
f 147/343/343 146/344/344 136/345/345
f 148/346/346 147/347/347 138/348/348
f 139/349/349 148/350/350 138/351/351
f 141/352/352 149/353/353 139/354/354
f 149/355/355 148/356/356 139/357/357
f 150/358/358 149/359/359 141/360/360
f 151/361/361 150/362/362 142/363/363
f 142/363/363 150/362/362 141/364/364
f 151/365/365 152/366/366 150/367/367
f 153/368/368 83/369/369 87/370/370
f 81/371/371 83/372/372 153/373/373
f 154/374/374 81/375/375 153/376/376
f 143/377/377 81/378/378 154/379/379
f 155/380/380 143/381/381 154/382/382
f 66/383/383 143/384/384 155/385/385
f 62/386/386 66/387/387 155/388/388
f 59/389/389 156/390/390 58/391/391
f 157/392/392 158/393/393 156/394/394
f 156/394/394 158/393/393 58/395/395
f 157/396/396 144/397/397 158/398/398
f 158/398/398 144/397/397 146/399/399
f 147/400/400 159/401/401 146/402/402
f 159/403/403 158/404/404 146/405/405
f 160/406/406 159/407/407 147/408/408
f 148/409/409 160/410/410 147/411/411
f 149/412/412 161/413/413 148/414/414
f 161/415/415 160/416/416 148/417/417
f 162/418/418 161/419/419 149/420/420
f 150/421/421 162/422/422 149/423/423
f 163/424/424 164/425/425 152/426/426
f 152/426/426 164/425/425 150/427/427
f 164/428/428 162/429/429 150/430/430
f 165/431/431 87/432/432 90/433/433
f 153/434/434 87/435/435 165/436/436
f 166/437/437 153/438/438 165/439/439
f 154/440/440 153/441/441 166/442/442
f 167/443/443 154/444/444 166/445/445
f 155/446/446 154/447/447 167/448/448
f 168/449/449 155/450/450 167/451/451
f 62/452/452 155/453/453 168/454/454
f 63/455/455 62/456/456 168/457/457
f 169/458/458 55/459/459 58/460/460
f 158/461/461 169/462/462 58/463/463
f 159/464/464 170/465/465 158/466/466
f 170/467/467 169/468/468 158/469/469
f 171/470/470 170/471/471 159/472/472
f 160/473/473 171/474/474 159/475/475
f 161/476/476 172/477/477 160/478/478
f 172/479/479 171/480/480 160/481/481
f 173/482/482 172/483/483 161/484/484
f 162/485/485 173/486/486 161/487/487
f 164/488/488 174/489/489 162/490/490
f 174/491/491 173/492/492 162/493/493
f 175/494/494 176/495/495 177/496/496
f 178/497/497 13/498/498 12/499/499
f 178/500/500 179/501/501 13/502/502
f 180/503/503 178/504/504 12/505/505
f 180/506/506 12/507/507 16/508/508
f 181/509/509 90/510/510 93/511/511
f 165/512/512 90/513/513 181/514/514
f 182/515/515 165/516/516 181/517/517
f 166/518/518 165/519/519 182/520/520
f 183/521/521 166/522/522 182/523/523
f 167/524/524 166/525/525 183/526/526
f 184/527/527 167/528/528 183/529/529
f 168/530/530 167/531/531 184/532/532
f 185/533/533 168/534/534 184/535/535
f 63/536/536 168/537/537 185/538/538
f 186/539/539 175/540/540 177/541/541
f 187/542/542 186/543/543 188/544/544
f 188/544/544 186/543/543 177/545/545
f 189/546/546 52/547/547 55/548/548
f 169/549/549 189/550/550 55/551/551
f 170/552/552 190/553/553 169/554/554
f 190/555/555 189/556/556 169/557/557
f 191/558/558 190/559/559 170/560/560
f 171/561/561 191/562/562 170/563/563
f 172/564/564 192/565/565 171/566/566
f 192/567/567 191/568/568 171/569/569
f 193/570/570 192/571/571 172/572/572
f 173/573/573 193/574/574 172/575/575
f 174/576/576 194/577/577 173/578/578
f 194/579/579 193/580/580 173/581/581
f 195/582/582 179/583/583 178/584/584
f 195/585/585 196/586/586 179/587/587
f 197/588/588 195/589/589 178/590/590
f 197/591/591 178/592/592 180/593/593
f 198/594/594 180/595/595 16/596/596
f 198/597/597 16/598/598 19/599/599
f 199/600/600 197/601/601 180/602/602
f 199/603/603 180/604/604 198/605/605
f 200/606/606 93/607/607 4/608/608
f 181/609/609 93/610/610 200/611/611
f 201/612/612 181/613/613 200/614/614
f 182/615/615 181/616/616 201/617/617
f 202/618/618 182/619/619 201/620/620
f 183/621/621 182/622/622 202/623/623
f 203/624/624 183/625/625 202/626/626
f 184/627/627 183/628/628 203/629/629
f 204/630/630 184/631/631 203/632/632
f 185/633/633 184/634/634 204/635/635
f 24/636/636 187/637/637 19/638/638
f 19/638/638 187/637/637 188/639/639
f 205/640/640 19/641/641 188/642/642
f 206/643/643 49/644/644 52/645/645
f 189/646/646 206/647/647 52/648/648
f 190/649/649 207/650/650 189/651/651
f 207/652/652 206/653/653 189/654/654
f 208/655/655 207/656/656 190/657/657
f 191/658/658 208/659/659 190/660/660
f 192/661/661 209/662/662 191/663/663
f 209/664/664 208/665/665 191/666/666
f 210/667/667 209/668/668 192/669/669
f 193/670/670 210/671/671 192/672/672
f 194/673/673 211/674/674 193/675/675
f 211/676/676 210/677/677 193/678/678
f 212/679/679 196/680/680 195/681/681
f 212/682/682 213/683/683 196/684/684
f 214/685/685 212/686/686 195/687/687
f 214/688/688 195/689/689 197/690/690
f 215/691/691 214/692/692 197/693/693
f 215/694/694 197/695/695 199/696/696
f 205/697/697 198/698/698 19/699/699
f 216/700/700 199/701/701 198/702/702
f 216/703/703 198/704/704 205/705/705
f 217/706/706 215/707/707 199/708/708
f 217/709/709 199/710/710 216/711/711
f 218/712/712 4/713/713 3/714/714
f 200/715/715 4/716/716 218/717/717
f 219/718/718 200/719/719 218/720/720
f 201/721/721 200/722/722 219/723/723
f 220/724/724 201/725/725 219/726/726
f 202/727/727 201/728/728 220/729/729
f 221/730/730 202/731/731 220/732/732
f 203/733/733 202/734/734 221/735/735
f 222/736/736 203/737/737 221/738/738
f 204/739/739 203/740/740 222/741/741
f 223/742/742 44/743/743 49/744/744
f 206/745/745 223/746/746 49/747/747
f 207/748/748 224/749/749 206/750/750
f 224/751/751 223/752/752 206/753/753
f 225/754/754 224/755/755 207/756/756
f 208/757/757 225/758/758 207/759/759
f 209/760/760 226/761/761 208/762/762
f 226/763/763 225/764/764 208/765/765
f 227/766/766 226/767/767 209/768/768
f 210/769/769 227/770/770 209/771/771
f 211/772/772 228/773/773 210/774/774
f 228/775/775 227/776/776 210/777/777
f 229/778/778 213/779/779 212/780/780
f 229/781/781 230/782/782 213/783/783
f 231/784/784 229/785/785 212/786/786
f 231/787/787 212/788/788 214/789/789
f 232/790/790 231/791/791 214/792/792
f 232/793/793 214/794/794 215/795/795
f 233/796/796 232/797/797 215/798/798
f 233/799/799 215/800/800 217/801/801
f 222/802/802 221/803/803 234/804/804
f 234/805/805 221/806/806 235/807/807
f 234/808/808 235/809/809 236/810/810
f 218/811/811 3/812/812 237/813/813
f 237/814/814 3/815/815 7/816/816
f 238/817/817 218/818/818 237/819/819
f 219/820/820 218/821/821 238/822/822
f 239/823/823 219/824/824 238/825/825
f 220/826/826 219/827/827 239/828/828
f 235/829/829 220/830/830 239/831/831
f 221/832/832 220/833/833 235/834/834
f 98/835/835 240/836/836 99/837/837
f 241/838/838 242/839/839 240/840/840
f 240/840/840 242/839/839 99/841/841
f 223/842/842 41/843/843 44/844/844
f 224/845/845 243/846/846 223/847/847
f 243/848/848 41/849/849 223/850/850
f 244/851/851 243/852/852 224/853/853
f 225/854/854 244/855/855 224/856/856
f 226/857/857 245/858/858 225/859/859
f 245/860/860 244/861/861 225/862/862
f 246/863/863 245/864/864 226/865/865
f 227/866/866 246/867/867 226/868/868
f 228/869/869 247/870/870 227/871/871
f 247/872/872 246/873/873 227/874/874
f 248/875/875 230/876/876 229/877/877
f 248/878/878 249/879/879 230/880/880
f 250/881/881 248/882/882 229/883/883
f 250/884/884 229/885/885 231/886/886
f 251/887/887 250/888/888 231/889/889
f 251/890/890 231/891/891 232/892/892
f 252/893/893 251/894/894 232/895/895
f 252/896/896 232/897/897 233/898/898
f 236/899/899 235/900/900 253/901/901
f 236/902/902 253/903/903 254/904/904
f 235/905/905 239/906/906 253/907/907
f 255/908/908 9/909/909 99/910/910
f 7/911/911 9/912/912 255/913/913
f 237/914/914 7/915/915 256/916/916
f 256/917/917 7/918/918 255/919/919
f 257/920/920 237/921/921 256/922/922
f 238/923/923 237/924/924 257/925/925
f 239/926/926 238/927/927 258/928/928
f 258/929/929 238/930/930 257/931/931
f 253/932/932 239/933/933 258/934/934
f 259/935/935 260/936/936 242/937/937
f 242/937/937 260/936/936 99/938/938
f 255/939/939 99/940/940 260/941/941
f 259/942/942 261/943/943 260/944/944
f 243/945/945 38/946/946 41/947/947
f 262/948/948 38/949/949 243/950/950
f 244/951/951 262/952/952 243/953/953
f 245/954/954 263/955/955 244/956/956
f 263/957/957 262/958/958 244/959/959
f 264/960/960 263/961/961 245/962/962
f 246/963/963 264/964/964 245/965/965
f 247/966/966 265/967/967 246/968/968
f 265/969/969 264/970/970 246/971/971
f 266/972/972 249/973/973 248/974/974
f 266/975/975 267/976/976 249/977/977
f 268/978/978 266/979/979 248/980/980
f 268/981/981 248/982/982 250/983/983
f 269/984/984 268/985/985 250/986/986
f 269/987/987 250/988/988 251/989/989
f 270/990/990 269/991/991 251/992/992
f 270/993/993 251/994/994 252/995/995
f 254/996/996 253/997/997 271/998/998
f 254/999/999 271/1000/1000 272/1001/1001
f 253/1002/1002 258/1003/1003 271/1004/1004
f 273/1005/1005 255/1006/1006 260/1007/1007
f 256/1008/1008 255/1009/1009 273/1010/1010
f 274/1011/1011 256/1012/1012 273/1013/1013
f 257/1014/1014 256/1015/1015 274/1016/1016
f 258/1017/1017 257/1018/1018 275/1019/1019
f 275/1020/1020 257/1021/1021 274/1022/1022
f 271/1023/1023 258/1024/1024 275/1025/1025
f 261/1026/1026 276/1027/1027 260/1028/1028
f 260/1028/1028 276/1027/1027 277/1029/1029
f 273/1030/1030 260/1031/1031 277/1032/1032
f 276/1033/1033 278/1034/1034 277/1035/1035
f 262/1036/1036 35/1037/1037 38/1038/1038
f 263/1039/1039 279/1040/1040 262/1041/1041
f 279/1042/1042 35/1043/1043 262/1044/1044
f 280/1045/1045 279/1046/1046 263/1047/1047
f 264/1048/1048 280/1049/1049 263/1050/1050
f 265/1051/1051 281/1052/1052 264/1053/1053
f 281/1054/1054 280/1055/1055 264/1056/1056
f 282/1057/1057 267/1058/1058 266/1059/1059
f 282/1060/1060 283/1061/1061 267/1062/1062
f 284/1063/1063 282/1064/1064 266/1065/1065
f 284/1066/1066 266/1067/1067 268/1068/1068
f 285/1069/1069 284/1070/1070 268/1071/1071
f 285/1072/1072 268/1073/1073 269/1074/1074
f 286/1075/1075 285/1076/1076 269/1077/1077
f 286/1078/1078 269/1079/1079 270/1080/1080
f 272/1081/1081 271/1082/1082 287/1083/1083
f 272/1084/1084 287/1085/1085 288/1086/1086
f 271/1087/1087 275/1088/1088 287/1089/1089
f 289/1090/1090 273/1091/1091 277/1092/1092
f 274/1093/1093 273/1094/1094 289/1095/1095
f 275/1096/1096 274/1097/1097 290/1098/1098
f 290/1099/1099 274/1100/1100 289/1101/1101
f 287/1102/1102 275/1103/1103 290/1104/1104
f 278/1105/1105 291/1106/1106 277/1107/1107
f 277/1107/1107 291/1106/1106 292/1108/1108
f 289/1109/1109 277/1110/1110 292/1111/1111
f 291/1112/1112 293/1113/1113 292/1114/1114
f 279/1115/1115 32/1116/1116 35/1117/1117
f 294/1118/1118 32/1119/1119 279/1120/1120
f 280/1121/1121 294/1122/1122 279/1123/1123
f 281/1124/1124 295/1125/1125 280/1126/1126
f 295/1127/1127 294/1128/1128 280/1129/1129
f 296/1130/1130 283/1131/1131 282/1132/1132
f 296/1133/1133 297/1134/1134 283/1135/1135
f 298/1136/1136 296/1137/1137 282/1138/1138
f 298/1139/1139 282/1140/1140 284/1141/1141
f 299/1142/1142 298/1143/1143 284/1144/1144
f 299/1145/1145 284/1146/1146 285/1147/1147
f 300/1148/1148 299/1149/1149 285/1150/1150
f 300/1151/1151 285/1152/1152 286/1153/1153
f 288/1154/1154 287/1155/1155 301/1156/1156
f 288/1157/1157 301/1158/1158 302/1159/1159
f 287/1160/1160 290/1161/1161 301/1162/1162
f 303/1163/1163 289/1164/1164 292/1165/1165
f 290/1166/1166 289/1167/1167 303/1168/1168
f 301/1169/1169 290/1170/1170 303/1171/1171
f 293/1172/1172 304/1173/1173 292/1174/1174
f 292/1174/1174 304/1173/1173 305/1175/1175
f 303/1176/1176 292/1177/1177 305/1178/1178
f 304/1179/1179 306/1180/1180 305/1181/1181
f 294/1182/1182 29/1183/1183 32/1184/1184
f 295/1185/1185 307/1186/1186 294/1187/1187
f 307/1188/1188 29/1189/1189 294/1190/1190
f 308/1191/1191 297/1192/1192 296/1193/1193
f 308/1194/1194 309/1195/1195 297/1196/1196
f 310/1197/1197 308/1198/1198 296/1199/1199
f 310/1200/1200 296/1201/1201 298/1202/1202
f 311/1203/1203 310/1204/1204 298/1205/1205
f 311/1206/1206 298/1207/1207 299/1208/1208
f 312/1209/1209 311/1210/1210 299/1211/1211
f 312/1212/1212 299/1213/1213 300/1214/1214
f 302/1215/1215 301/1216/1216 313/1217/1217
f 302/1218/1218 313/1219/1219 314/1220/1220
f 301/1221/1221 303/1222/1222 313/1223/1223
f 313/1224/1224 303/1225/1225 305/1226/1226
f 306/1227/1227 315/1228/1228 305/1229/1229
f 305/1229/1229 315/1228/1228 316/1230/1230
f 313/1231/1231 305/1232/1232 316/1233/1233
f 315/1234/1234 317/1235/1235 316/1236/1236
f 307/1237/1237 27/1238/1238 29/1239/1239
f 113/1240/1240 309/1241/1241 308/1242/1242
f 113/1243/1243 111/1244/1244 309/1245/1245
f 107/1246/1246 113/1247/1247 308/1248/1248
f 107/1249/1249 308/1250/1250 310/1251/1251
f 102/1252/1252 107/1253/1253 310/1254/1254
f 102/1255/1255 310/1256/1256 311/1257/1257
f 103/1258/1258 102/1259/1259 311/1260/1260
f 103/1261/1261 311/1262/1262 312/1263/1263
f 314/1264/1264 313/1265/1265 316/1266/1266
f 314/1267/1267 316/1268/1268 318/1269/1269
f 317/1270/1270 319/1271/1271 316/1272/1272
f 316/1272/1272 319/1271/1271 318/1273/1273
f 319/1274/1274 320/1275/1275 318/1276/1276
# 320 vertices
# 1276 texture params
# 1276 normals
# 466 facets

# 1 groups
