# WaveFront *.obj file (generated by Autodesk ATF)

mtllib Rudder.mtl

g cessna-172 (1).obj (15) (1)

v 23.632671 8.090262 0.031564
v 23.638910 8.102355 0.044536
v 24.004425 8.184194 0.031564
v 24.013262 8.198014 0.045160
v 24.352736 8.271432 0.031564
v 23.639225 8.102967 0.045160
v 24.362125 8.285975 0.045160
v 24.645729 8.344497 0.031564
v 24.655336 8.359556 0.045160
v 24.871471 8.400943 0.031564
v 24.880327 8.416026 0.045160
v 25.022953 8.439207 0.031714
v 25.029747 8.453590 0.045243
v 25.112890 8.461259 0.032763
v 25.117128 8.474257 0.045825
v 25.158783 8.470260 0.035354
v 25.161322 8.481075 0.047105
v 25.176624 8.471045 0.038575
v 25.181704 8.477361 0.047866
v 25.181484 8.458775 0.034931
v 25.157122 8.452341 0.027917
v 25.106020 8.439571 0.024260
v 25.011389 8.415171 0.022894
v 24.856642 8.375834 0.022699
v 24.629807 8.319485 0.022699
v 23.632083 8.089122 0.031109
v 23.990021 8.161228 0.022699
v 23.621679 8.068957 0.022699
v 24.337275 8.247291 0.022699
v 24.017967 8.205107 0.062648
v 24.362125 8.285975 0.045160
v 24.013262 8.198014 0.045160
v 24.366989 8.293434 0.062648
v 24.655336 8.359556 0.045160
v 24.660263 8.367282 0.062648
v 24.880327 8.416026 0.045160
v 24.884857 8.423762 0.062648
v 25.029747 8.453590 0.045243
v 25.033266 8.460984 0.062672
v 25.117128 8.474257 0.045825
v 25.119671 8.481052 0.062839
v 25.161322 8.481075 0.047105
v 25.117128 8.474257 0.045825
v 25.119671 8.481052 0.062839
v 25.163750 8.487088 0.063175
v 25.181704 8.477361 0.047866
v 23.604678 8.036001 0.017580
v 23.620647 8.066956 0.022399
v 23.968359 8.126040 0.017580
v 25.185455 8.482308 0.063240
v 25.194006 8.464288 0.046545
v 25.194006 8.464288 0.046545
v 25.179665 8.430240 0.031593
v 25.149220 8.420603 0.023492
v 25.091761 8.404214 0.019331
v 24.991638 8.377386 0.017799
v 24.833347 8.337102 0.017580
v 24.605633 8.281221 0.017580
v 24.314047 8.210410 0.017580
v 24.019922 8.207712 0.082730
v 24.368837 8.296176 0.082730
v 24.662075 8.370119 0.082730
v 24.886513 8.426604 0.082730
v 25.034550 8.463701 0.082730
v 25.120642 8.483564 0.082725
v 25.120642 8.483564 0.082725
v 25.164762 8.489367 0.082698
v 23.602934 8.032622 0.017387
v 23.937698 8.075377 0.014764
v 23.579993 7.988154 0.014764
v 24.281322 8.157496 0.014764
v 25.186916 8.484289 0.082570
v 25.200230 8.468286 0.062644
v 25.200230 8.468286 0.062644
v 25.196651 8.436392 0.044549
v 25.194006 8.464288 0.046545
v 25.196651 8.436392 0.044549
v 25.162512 8.379996 0.029441
v 25.127272 8.368378 0.020956
v 25.064491 8.349727 0.016599
v 24.959818 8.321421 0.014994
v 24.798899 8.280917 0.014765
v 24.571194 8.226233 0.014764
v 24.020500 8.208076 0.104109
v 24.369181 8.296558 0.104109
v 24.662327 8.370516 0.104109
v 24.886732 8.427000 0.104109
v 25.034718 8.464080 0.104107
v 25.120762 8.483914 0.104086
v 25.120762 8.483914 0.104086
v 25.164886 8.489683 0.104031
v 23.577135 7.982613 0.014605
v 23.896294 8.005988 0.012811
v 23.545948 7.922163 0.012811
v 24.237370 8.085257 0.012811
v 24.524481 8.151048 0.012811
v 25.187105 8.484563 0.103922
v 25.202497 8.469898 0.082270
v 25.202497 8.469898 0.082270
v 25.205259 8.439929 0.061672
v 25.182734 8.386961 0.042975
v 25.182734 8.386961 0.042975
v 25.122717 8.302762 0.027754
v 25.084723 8.290436 0.019115
v 25.018993 8.271192 0.014679
v 24.912094 8.242906 0.013044
v 24.750593 8.203453 0.012811
v 24.020855 8.208072 0.125705
v 24.369280 8.296552 0.125705
v 24.662331 8.370509 0.125705
v 24.886717 8.426992 0.125705
v 25.034702 8.464072 0.125703
v 25.120749 8.483908 0.125693
v 25.120749 8.483908 0.125693
v 25.164873 8.489676 0.125665
v 23.541450 7.913444 0.012586
v 23.843327 7.916137 0.010540
v 23.501596 7.836193 0.010540
v 24.181488 7.991986 0.010540
v 24.464699 8.053913 0.010540
v 24.687252 8.102774 0.010540
v 25.187092 8.484557 0.125611
v 25.202803 8.470121 0.103742
v 25.202803 8.470121 0.103742
v 25.208401 8.441282 0.081797
v 25.193094 8.390579 0.060665
v 25.144756 8.310140 0.041530
v 25.144756 8.310140 0.041530
v 25.056202 8.195989 0.025736
v 25.018045 8.184298 0.016951
v 24.952494 8.166142 0.012440
v 24.846560 8.139605 0.010778
v 24.021208 8.208069 0.147300
v 24.369385 8.296550 0.147300
v 24.662342 8.370507 0.147300
v 24.886713 8.426990 0.147300
v 25.034695 8.464069 0.147300
v 25.120743 8.483905 0.147300
v 25.120743 8.483905 0.147300
v 25.164869 8.489673 0.147300
v 23.495128 7.823654 0.010215
v 23.781727 7.810122 0.007835
v 23.448949 7.734144 0.007835
v 24.117077 7.882352 0.007835
v 25.187086 8.484554 0.147300
v 24.395905 7.939960 0.007835
v 24.613729 7.984538 0.007835
v 24.768976 8.017730 0.008077
v 25.202787 8.470115 0.125521
v 25.202787 8.470115 0.125521
v 25.208834 8.441467 0.103460
v 25.196894 8.391912 0.081154
v 25.156063 8.313921 0.059508
v 25.078394 8.202997 0.039744
v 25.078394 8.202997 0.039744
v 24.971228 8.067457 0.023331
v 24.934786 8.057315 0.014372
v 24.871679 8.041365 0.009772
v 24.021566 8.208072 0.168895
v 24.369492 8.296552 0.168895
v 24.662357 8.370509 0.168895
v 24.886717 8.426992 0.168895
v 25.034702 8.464072 0.168897
v 25.120749 8.483908 0.168907
v 25.120749 8.483908 0.168907
v 25.164873 8.489676 0.168935
v 23.390778 7.621388 0.004838
v 23.440446 7.717662 0.007404
v 23.715347 7.693758 0.004838
v 24.048563 7.762615 0.004838
v 25.187092 8.484557 0.168989
v 24.323372 7.816035 0.004838
v 25.202784 8.470113 0.147300
v 24.536396 7.856292 0.004838
v 24.687016 7.885605 0.005086
v 24.785595 7.905962 0.006817
v 25.202784 8.470113 0.147300
v 25.208822 8.441462 0.125380
v 25.197424 8.392095 0.103047
v 25.160217 8.315310 0.080289
v 25.089779 8.206591 0.058026
v 24.992365 8.073515 0.037616
v 24.992365 8.073515 0.037616
v 24.879126 7.927526 0.020667
v 24.971228 8.067457 0.023331
v 24.879126 7.927526 0.020667
v 24.845257 7.919291 0.011516
v 24.021929 8.208076 0.190491
v 23.380506 7.601476 0.004316
v 23.648050 7.572858 0.001697
v 23.329877 7.503340 0.001697
v 24.369608 8.296558 0.190491
v 24.662380 8.370516 0.190491
v 24.886732 8.426999 0.190491
v 25.034718 8.464080 0.190494
v 25.120762 8.483913 0.190514
v 25.120762 8.483913 0.190514
v 25.164888 8.489682 0.190570
v 23.980371 7.639031 0.001697
v 24.252369 7.688987 0.001697
v 25.187105 8.484563 0.190678
v 25.202787 8.470115 0.169079
v 24.461622 7.725586 0.001697
v 25.202787 8.470115 0.169079
v 25.208815 8.441459 0.147300
v 24.608345 7.751553 0.001950
v 24.703279 7.769034 0.003719
v 24.759785 7.780035 0.008522
v 25.197412 8.392089 0.125173
v 25.160799 8.315501 0.102470
v 25.093962 8.207911 0.079158
v 25.003214 8.076622 0.056260
v 24.898657 7.932402 0.035260
v 24.791233 7.786556 0.017875
v 24.791233 7.786556 0.017875
v 23.318176 7.480658 0.001098
v 23.582077 7.450330 -0.001521
v 23.267597 7.382619 -0.001521
v 24.022060 8.207712 0.211870
v 23.915295 7.514881 -0.001521
v 24.369471 8.296176 0.211870
v 24.662151 8.370119 0.211870
v 24.886511 8.426602 0.211870
v 25.034552 8.463701 0.211871
v 25.120642 8.483564 0.211875
v 25.120642 8.483564 0.211875
v 25.164762 8.489367 0.211903
v 24.186430 7.562565 -0.001521
v 24.393867 7.596727 -0.001521
v 25.186914 8.484288 0.212030
v 25.202803 8.470121 0.190859
v 25.202803 8.470121 0.190859
v 25.208820 8.441461 0.169220
v 24.538517 7.620493 -0.001262
v 25.197411 8.392088 0.147300
v 24.631403 7.636117 0.000546
v 24.686081 7.645630 0.005455
v 24.716097 7.651070 0.015015
v 25.160788 8.315496 0.124885
v 25.094551 8.208094 0.101714
v 25.007202 8.077764 0.077810
v 24.908682 7.934905 0.054304
v 24.809250 7.790370 0.032789
v 24.716097 7.651070 0.015015
v 23.253804 7.355883 -0.002231
v 23.513220 7.317486 -0.005049
v 23.199454 7.250532 -0.005049
v 23.182427 7.217529 -0.005931
v 23.435661 7.162731 -0.009199
v 23.119492 7.095537 -0.009199
v 23.849548 7.381516 -0.005049
v 24.020771 8.205106 0.231952
v 24.122112 7.428132 -0.005049
v 24.367819 8.293435 0.231952
v 24.660366 8.367282 0.231952
v 24.884857 8.423761 0.231952
v 25.033264 8.460984 0.231928
v 25.119671 8.481052 0.231761
v 25.164762 8.489367 0.211903
v 25.163750 8.487088 0.231425
v 25.163750 8.487088 0.231425
v 24.329954 7.461056 -0.005049
v 25.185453 8.482308 0.231360
v 24.474550 7.483729 -0.004784
v 25.202497 8.469899 0.212330
v 25.202497 8.469899 0.212330
v 25.208832 8.441466 0.191140
v 25.197412 8.392089 0.169427
v 24.567148 7.498466 -0.002933
v 25.160784 8.315495 0.147300
v 24.621428 7.507294 0.002092
v 24.651077 7.512246 0.011879
v 24.733219 7.654213 0.030259
v 24.651077 7.512246 0.011879
v 25.094543 8.208088 0.124507
v 25.007767 8.077922 0.100812
v 24.912374 7.935824 0.076317
v 24.818502 7.792327 0.052254
v 23.777719 7.227307 -0.009199
v 23.694387 7.040627 -0.014280
v 23.343575 6.974473 -0.014280
v 23.097944 7.053771 -0.010319
v 23.021751 6.906082 -0.014280
v 24.054239 7.273946 -0.009199
v 24.016647 8.198014 0.249440
v 24.264799 7.306668 -0.009199
v 24.363127 8.285974 0.249440
v 24.655462 8.359556 0.249440
v 24.880327 8.416024 0.249440
v 25.029747 8.453590 0.249357
v 25.117128 8.474257 0.248775
v 25.161322 8.481075 0.247495
v 25.161322 8.481075 0.247495
v 24.411346 7.329159 -0.008927
v 25.181704 8.477361 0.246735
v 25.200230 8.468285 0.231957
v 24.505316 7.343770 -0.007025
v 25.200230 8.468285 0.231957
v 25.208401 8.441282 0.212804
v 25.197422 8.392095 0.191554
v 25.160788 8.315496 0.169715
v 24.560509 7.352520 -0.001863
v 25.094542 8.208088 0.147300
v 24.590733 7.357425 0.008190
v 24.667953 7.515091 0.027484
v 24.590733 7.357425 0.008190
v 24.742006 7.655828 0.050153
v 25.007761 8.077919 0.124056
v 24.912895 7.935953 0.099813
v 24.821907 7.793048 0.074751
v 23.977631 7.088270 -0.014280
v 23.888538 6.863123 -0.020501
v 23.595745 6.813621 -0.020501
v 23.232956 6.744932 -0.020501
v 22.994757 6.853758 -0.015687
v 22.902251 6.674448 -0.020501
v 24.193317 7.121661 -0.014280
v 23.631498 8.087988 0.262704
v 23.631328 8.087659 0.263037
v 24.008261 8.184192 0.263037
v 24.343805 7.144682 -0.014000
v 24.353872 8.271432 0.263037
v 24.655462 8.359556 0.249440
v 24.363127 8.285974 0.249440
v 24.353872 8.271432 0.263037
v 24.645870 8.344497 0.263037
v 24.880327 8.416024 0.249440
v 24.871471 8.400943 0.263037
v 25.029747 8.453590 0.249357
v 25.022953 8.439206 0.262887
v 25.117128 8.474257 0.248775
v 25.112890 8.461259 0.261837
v 25.161322 8.481075 0.247495
v 25.158783 8.470260 0.259246
v 25.181704 8.477361 0.246735
v 24.440714 7.159725 -0.012036
v 25.176624 8.471045 0.256025
v 25.194010 8.464288 0.248055
v 25.194010 8.464288 0.248055
v 25.194010 8.464288 0.248055
v 25.205259 8.439931 0.232929
v 24.498005 7.168807 -0.006706
v 25.196898 8.391912 0.213446
v 25.160797 8.315502 0.192130
v 25.094543 8.208088 0.170093
v 24.529623 7.173949 0.003673
v 25.007761 8.077919 0.147300
v 24.607950 7.360241 0.024220
v 24.529623 7.173949 0.003673
v 24.676620 7.516551 0.047850
v 24.745243 7.656423 0.073148
v 24.912893 7.935951 0.123557
v 24.822392 7.793149 0.098766
v 24.111746 6.897888 -0.020501
v 24.021618 6.642223 -0.027654
v 23.789013 6.605555 -0.027655
v 23.484407 6.553540 -0.027655
v 23.107080 6.481569 -0.027655
v 22.870638 6.613170 -0.022151
v 22.764945 6.408300 -0.027655
v 24.268059 6.921963 -0.020210
v 23.994148 8.161228 0.271902
v 24.008261 8.184192 0.263037
v 24.369345 6.937803 -0.018171
v 24.338495 8.247291 0.271902
v 24.629959 8.319485 0.271902
v 24.856642 8.375834 0.271902
v 25.011389 8.415170 0.271707
v 25.106020 8.439570 0.270341
v 25.157122 8.452341 0.266684
v 24.429766 6.947461 -0.012636
v 25.181484 8.458775 0.259670
v 25.196651 8.436392 0.250051
v 25.196651 8.436392 0.250051
v 25.193094 8.390579 0.233935
v 24.463482 6.952990 -0.001857
v 25.160217 8.315310 0.214311
v 25.094551 8.208094 0.192887
v 25.007761 8.077919 0.170544
v 24.547689 7.176912 0.020224
v 24.463482 6.952990 -0.001857
v 24.912889 7.935951 0.147300
v 24.616791 7.361689 0.045141
v 24.679813 7.517089 0.071390
v 24.745703 7.656507 0.097693
v 24.822390 7.793147 0.123033
v 24.185234 6.667739 -0.027351
v 24.097685 6.392510 -0.035112
v 23.925779 6.365298 -0.035429
v 23.682524 6.326373 -0.035429
v 23.364613 6.271409 -0.035429
v 22.971029 6.195659 -0.035429
v 22.730050 6.340660 -0.029476
v 22.615770 6.119145 -0.035429
v 24.292000 6.684636 -0.025225
v 23.972656 8.126040 0.277021
v 24.356348 6.695032 -0.019453
v 24.315317 8.210411 0.277021
v 24.605789 8.281220 0.277021
v 24.833347 8.337102 0.277021
v 24.991638 8.377386 0.276802
v 25.091763 8.404214 0.275269
v 25.149220 8.420602 0.271109
v 24.392687 6.701046 -0.008215
v 25.179665 8.430240 0.263007
v 25.182735 8.386961 0.251625
v 25.182735 8.386961 0.251625
v 25.156061 8.313921 0.235092
v 24.482817 6.956188 0.015331
v 24.482817 6.956188 0.015331
v 25.093962 8.207911 0.215443
v 25.007767 8.077922 0.193789
v 24.912893 7.935951 0.171044
v 24.556965 7.178434 0.041824
v 24.822390 7.793148 0.147300
v 24.620050 7.362223 0.069322
v 24.680269 7.517167 0.096517
v 24.745703 7.656507 0.122497
v 24.210672 6.410637 -0.032891
v 24.127357 6.126224 -0.040864
v 24.007776 6.106780 -0.043183
v 23.827091 6.077742 -0.043514
v 23.572556 6.036382 -0.043514
v 23.240585 5.978253 -0.043514
v 22.829893 5.898476 -0.043514
v 22.578975 6.047822 -0.037350
v 22.460661 5.818489 -0.043514
v 24.279472 6.421881 -0.026864
v 23.942089 8.075377 0.279836
v 24.318796 6.428443 -0.015126
v 24.282621 8.157496 0.279836
v 24.571356 8.226233 0.279836
v 24.798899 8.280917 0.279836
v 24.959816 8.321421 0.279606
v 25.064491 8.349727 0.278001
v 25.127272 8.368378 0.273644
v 24.413616 6.704535 0.009706
v 25.162512 8.379996 0.265160
v 25.144756 8.310140 0.253071
v 25.144756 8.310140 0.253071
v 25.089779 8.206591 0.236574
v 24.492746 6.957831 0.037763
v 24.413616 6.704535 0.009706
v 25.007204 8.077764 0.216791
v 24.912895 7.935953 0.194787
v 24.822390 7.793148 0.171567
v 24.560385 7.178995 0.066790
v 24.745703 7.656507 0.147300
v 24.620514 7.362298 0.095134
v 24.680269 7.517167 0.121909
v 24.200871 6.138369 -0.034570
v 22.423142 5.745764 -0.045473
v 22.687904 5.599413 -0.051651
v 22.304565 5.515919 -0.051651
v 22.266591 5.442312 -0.053634
v 22.545919 5.300351 -0.059788
v 22.148471 5.213352 -0.059788
v 22.110076 5.138929 -0.061793
v 22.403934 5.001288 -0.067925
v 21.992378 4.910788 -0.067925
v 21.366141 3.696916 -0.098185
v 21.483706 3.924800 -0.093288
v 21.838667 3.796618 -0.098185
v 21.326720 3.620505 -0.099395
v 21.700346 3.486018 -0.103186
v 21.953592 4.835608 -0.069950
v 22.261950 4.702226 -0.076062
v 21.836286 4.608227 -0.076062
v 21.680125 4.305531 -0.084115
v 21.797107 4.532284 -0.078084
v 22.120062 4.402851 -0.084115
v 21.640497 4.228717 -0.086016
v 21.978769 4.101606 -0.091658
v 21.523543 4.002019 -0.091658
v 24.121979 5.853130 -0.042325
v 24.043707 5.840074 -0.048888
v 23.917475 5.819299 -0.051306
v 23.727926 5.788414 -0.051651
v 23.462008 5.744591 -0.051651
v 23.115854 5.683259 -0.051651
v 20.921796 2.835617 -0.108018
v 21.047968 3.080183 -0.106369
v 21.564207 3.168558 -0.106304
v 21.085836 3.153586 -0.105658
v 20.756881 2.515953 -0.109846
v 20.887823 2.769766 -0.108323
v 21.429848 2.845484 -0.107793
v 20.094611 1.232238 -0.126044
v 20.103701 1.249858 -0.126062
v 20.899155 1.531987 -0.105138
v 20.766680 1.202989 -0.103593
v 20.251848 1.537018 -0.120264
v 20.265489 1.563461 -0.120301
v 21.031630 1.860986 -0.106475
v 20.409758 1.843105 -0.115509
v 20.592140 2.196627 -0.112088
v 20.727822 2.459628 -0.109911
v 21.296679 2.518670 -0.108057
v 20.428280 1.879008 -0.115560
v 21.164104 2.189984 -0.107499
v 20.568405 2.150619 -0.112051
v 24.243353 6.145513 -0.022313
v 23.900747 8.005988 0.281790
v 24.341532 6.432263 0.003591
v 24.238689 8.085258 0.281790
v 24.524647 8.151046 0.281790
v 24.750593 8.203453 0.281790
v 24.912094 8.242906 0.281556
v 25.018993 8.271193 0.279922
v 25.084723 8.290436 0.275486
v 24.424366 6.706328 0.033094
v 24.341532 6.432263 0.003591
v 25.122717 8.302762 0.266846
v 25.078392 8.202996 0.254856
v 25.078392 8.202996 0.254856
v 25.003214 8.076623 0.238340
v 24.496407 6.958436 0.063691
v 24.912373 7.935824 0.218284
v 24.822392 7.793149 0.195835
v 24.745703 7.656507 0.172104
v 24.560871 7.179075 0.093440
v 24.680269 7.517166 0.147300
v 24.620514 7.362298 0.121217
v 24.167652 5.860861 -0.029546
v 21.207614 3.389634 -0.103186
v 22.241777 3.582354 -0.103186
v 22.991123 5.388266 -0.059788
v 22.866392 5.093273 -0.067925
v 22.741661 4.798279 -0.076062
v 22.367062 3.898131 -0.098185
v 22.616913 4.502723 -0.084115
v 22.492079 4.203798 -0.091658
v 24.091949 5.576209 -0.036778
v 24.043091 5.567891 -0.050081
v 23.960056 5.553923 -0.056912
v 23.827171 5.531818 -0.059429
v 23.628763 5.499086 -0.059788
v 23.351460 5.452800 -0.059788
v 22.116165 3.254218 -0.106262
v 21.990280 2.915972 -0.107457
v 21.485727 1.524786 -0.096730
v 21.359560 1.175866 -0.091443
v 21.611895 1.873706 -0.101304
v 21.738062 2.222625 -0.104808
v 21.864218 2.570983 -0.106922
v 24.268005 6.149682 -0.002767
v 23.847857 7.916137 0.284060
v 24.353209 6.434226 0.028019
v 24.268005 6.149682 -0.002767
v 24.182833 7.991986 0.284060
v 24.464869 8.053913 0.284060
v 24.687252 8.102775 0.284060
v 24.846560 8.139605 0.283822
v 24.952494 8.166142 0.282160
v 25.018045 8.184298 0.277649
v 24.428324 6.706989 0.060127
v 25.056202 8.195989 0.268864
v 24.992365 8.073515 0.256984
v 24.992365 8.073515 0.256984
v 24.908682 7.934905 0.240296
v 24.496927 6.958522 0.091366
v 24.821907 7.793047 0.219849
v 24.745703 7.656507 0.196907
v 24.680269 7.517166 0.172692
v 24.560871 7.179075 0.120370
v 24.620514 7.362298 0.147300
v 24.194237 5.865382 -0.009167
v 24.120470 5.581082 -0.015566
v 22.681173 3.653806 -0.103186
v 23.240911 5.161009 -0.067925
v 23.130363 4.869218 -0.076062
v 23.019707 4.576673 -0.084115
v 22.795767 3.973490 -0.098185
v 22.908394 4.279604 -0.091658
v 24.016249 5.291557 -0.044011
v 23.964201 5.282652 -0.057837
v 23.876406 5.267773 -0.064936
v 23.736870 5.244337 -0.067552
v 23.529598 5.209759 -0.067925
v 24.046700 5.296782 -0.021966
v 22.564169 3.317537 -0.106247
v 22.445202 2.967698 -0.107333
v 21.961885 1.517081 -0.093632
v 21.840837 1.152919 -0.086967
v 22.082932 1.881243 -0.099399
v 22.203981 2.245405 -0.103817
v 22.324919 2.608813 -0.106503
v 24.280664 6.151823 0.022741
v 24.194237 5.865382 -0.009167
v 23.786346 7.810122 0.286766
v 24.357510 6.434949 0.056253
v 24.118448 7.882352 0.286766
v 24.396078 7.939960 0.286766
v 24.613729 7.984538 0.286766
v 24.768976 8.017731 0.286524
v 24.871679 8.041365 0.284829
v 24.934786 8.057316 0.280228
v 24.428892 6.707083 0.088982
v 24.971228 8.067457 0.271270
v 24.971228 8.067457 0.271270
v 24.898657 7.932402 0.259340
v 24.818502 7.792328 0.242347
v 24.496927 6.958522 0.119333
v 24.745243 7.656423 0.221452
v 24.680269 7.517167 0.198083
v 24.620514 7.362299 0.173383
v 24.560871 7.179075 0.147300
v 24.207890 5.867704 0.017429
v 24.120470 5.581082 -0.015566
v 24.135113 5.583585 0.012117
v 24.046700 5.296782 -0.021966
v 24.062340 5.299466 0.006806
v 23.021835 3.705673 -0.103186
v 23.430435 4.920431 -0.076062
v 23.331083 4.630206 -0.084115
v 23.230612 4.334595 -0.091658
v 23.127903 4.028212 -0.098185
v 23.940550 5.006905 -0.051244
v 23.885309 4.997413 -0.065592
v 23.792757 4.981623 -0.072960
v 23.646568 4.956856 -0.075675
v 23.972933 5.012483 -0.028365
v 23.972933 5.012483 -0.028365
v 22.911663 3.363385 -0.106245
v 22.798134 3.004941 -0.107315
v 22.331324 1.510125 -0.093190
v 22.214249 1.134626 -0.086328
v 22.448399 1.885624 -0.099127
v 22.565474 2.261123 -0.103676
v 22.682364 2.635725 -0.106444
v 24.285330 6.152612 0.052224
v 23.720068 7.693758 0.289762
v 24.358126 6.435051 0.086390
v 24.049961 7.762615 0.289762
v 24.323547 7.816034 0.289762
v 24.536396 7.856292 0.289762
v 24.687012 7.885606 0.289515
v 24.785595 7.905962 0.287783
v 24.845257 7.919292 0.283084
v 24.428892 6.707083 0.118141
v 24.879126 7.927526 0.273933
v 24.879126 7.927526 0.273933
v 24.809250 7.790370 0.261811
v 24.742006 7.655828 0.244447
v 24.496927 6.958522 0.147300
v 24.679813 7.517089 0.223210
v 24.620514 7.362298 0.199466
v 24.560871 7.179075 0.174230
v 24.212919 5.868559 0.048170
v 24.140511 5.584507 0.044115
v 24.068100 5.300455 0.040061
v 23.989563 5.015347 0.001494
v 23.995691 5.016402 0.036007
v 23.270407 3.743702 -0.102321
v 23.556047 4.668401 -0.083701
v 23.464214 4.374103 -0.091145
v 23.369638 4.068005 -0.097472
v 23.865520 4.722196 -0.058019
v 23.806793 4.711722 -0.072986
v 23.709051 4.694623 -0.080802
v 23.899679 4.728251 -0.034443
v 23.899679 4.728251 -0.034443
v 23.165154 3.396852 -0.105411
v 23.055244 3.031797 -0.106591
v 22.600258 1.504901 -0.092564
v 22.486074 1.121229 -0.085720
v 22.714441 1.888573 -0.098485
v 22.828625 2.272244 -0.103022
v 22.942591 2.654942 -0.105775
v 24.285995 6.152725 0.083695
v 23.652872 7.572858 0.292904
v 24.358126 6.435051 0.116845
v 23.981802 7.639031 0.292904
v 24.252548 7.688986 0.292904
v 24.461622 7.725585 0.292904
v 24.608347 7.751553 0.292651
v 24.703279 7.769034 0.290881
v 24.759785 7.780035 0.286078
v 24.428892 6.707083 0.147300
v 24.791233 7.786556 0.276725
v 24.791233 7.786556 0.276725
v 24.733215 7.654215 0.264342
v 24.676620 7.516552 0.246750
v 24.496927 6.958522 0.175267
v 24.620050 7.362223 0.225278
v 24.560871 7.179075 0.201160
v 24.213638 5.868681 0.080983
v 24.141281 5.584639 0.078271
v 24.068922 5.300596 0.075558
v 23.996565 5.016552 0.072846
v 23.916969 4.731259 -0.003706
v 23.923302 4.732353 0.031966
v 23.446856 3.775450 -0.096271
v 23.625011 4.402524 -0.087554
v 23.539333 4.099330 -0.092481
v 23.794521 4.437153 -0.062043
v 23.730486 4.423323 -0.078210
v 23.829502 4.444425 -0.038595
v 23.829502 4.444425 -0.038595
v 23.343487 3.423895 -0.099578
v 23.233315 3.051654 -0.101517
v 22.784973 1.501312 -0.088180
v 22.672775 1.112027 -0.081461
v 22.897171 1.890598 -0.093993
v 23.009369 2.279883 -0.098447
v 23.121508 2.668318 -0.101096
v 24.285995 6.152725 0.115498
v 23.587009 7.450330 0.296121
v 24.358126 6.435051 0.147300
v 23.916758 7.514881 0.296121
v 24.186611 7.562565 0.296121
v 24.393867 7.596727 0.296121
v 24.538517 7.620494 0.295863
v 24.631403 7.636117 0.294054
v 24.686081 7.645630 0.289145
v 24.428892 6.707083 0.176459
v 24.716097 7.651069 0.279585
v 24.716097 7.651069 0.279585
v 24.667953 7.515091 0.267116
v 24.616791 7.361689 0.249459
v 24.496927 6.958522 0.203234
v 24.560383 7.178995 0.227810
v 23.924208 4.732510 0.070134
v 24.213638 5.868681 0.114142
v 24.141281 5.584639 0.112785
v 24.068922 5.300596 0.111429
v 23.996565 5.016552 0.110073
v 23.924208 4.732510 0.108717
v 23.845457 4.447361 -0.008241
v 23.851051 4.448328 0.028009
v 23.575977 3.810428 -0.079367
v 23.657068 4.127902 -0.079588
v 23.732985 4.152181 -0.059814
v 23.765232 4.161584 -0.039106
v 23.765232 4.161584 -0.039106
v 23.467266 3.449752 -0.084083
v 23.350878 3.067024 -0.088001
v 22.904268 1.498995 -0.076280
v 22.793352 1.106085 -0.069901
v 23.015182 1.891906 -0.081800
v 23.126099 2.284816 -0.086029
v 23.237379 2.677275 -0.088426
v 24.285995 6.152725 0.147300
v 23.518269 7.317486 0.299649
v 24.358126 6.435051 0.177755
v 23.851046 7.381516 0.299649
v 24.122301 7.428132 0.299649
v 24.329954 7.461056 0.299649
v 24.474550 7.483729 0.299385
v 24.567148 7.498466 0.297533
v 24.621428 7.507294 0.292508
v 24.428892 6.707083 0.205618
v 24.651077 7.512245 0.282722
v 24.651077 7.512245 0.282722
v 24.607950 7.360241 0.270380
v 24.556965 7.178434 0.252776
v 24.496405 6.958436 0.230910
v 23.851851 4.448467 0.067421
v 23.851851 4.448467 0.107361
v 24.213638 5.868682 0.147300
v 24.141281 5.584639 0.147300
v 24.068922 5.300596 0.147300
v 23.996565 5.016552 0.147300
v 23.924208 4.732510 0.147300
v 23.851851 4.448467 0.147300
v 23.779026 4.164343 0.024191
v 23.775755 4.163776 -0.011664
v 23.707136 3.880381 -0.035969
v 23.707136 3.880381 -0.037524
v 23.707136 3.880381 -0.035969
v 23.547148 3.472410 -0.057061
v 22.976946 1.497583 -0.053108
v 22.866812 1.102465 -0.047390
v 23.422853 3.077611 -0.062962
v 23.087078 1.892703 -0.058055
v 23.197210 2.287821 -0.061846
v 23.308016 2.682884 -0.063913
v 24.285995 6.152725 0.179103
v 23.440845 7.162730 0.303799
v 24.358126 6.435051 0.208210
v 23.779255 7.227307 0.303799
v 24.054432 7.273946 0.303799
v 24.264799 7.306668 0.303799
v 24.411346 7.329158 0.303527
v 24.505316 7.343771 0.301625
v 24.560511 7.352520 0.296463
v 24.428324 6.706989 0.234474
v 24.590733 7.357425 0.286410
v 24.590733 7.357425 0.286410
v 24.547689 7.176913 0.274377
v 24.492746 6.957831 0.256837
v 23.779493 4.164424 0.064709
v 23.779493 4.164424 0.106005
v 24.213638 5.868681 0.180459
v 23.779493 4.164424 0.147300
v 24.141281 5.584639 0.181815
v 24.068922 5.300596 0.183171
v 23.996569 5.016552 0.184527
v 23.924208 4.732510 0.185883
v 23.851851 4.448467 0.187240
v 23.779493 4.164424 0.188596
v 23.707136 3.880381 0.020456
v 23.707136 3.880381 -0.014421
v 23.707136 3.880381 -0.014643
v 23.707136 3.880381 -0.035969
v 23.707136 3.880381 -0.014643
v 23.581791 3.480862 -0.020938
v 23.707136 3.880381 -0.037524
v 23.547148 3.472410 -0.057061
v 23.462624 3.082981 -0.024502
v 23.422853 3.077611 -0.062962
v 22.910158 1.100329 -0.011494
v 23.019831 1.496750 -0.016158
v 23.349360 2.686085 -0.025009
v 23.308016 2.682884 -0.063913
v 23.129501 1.893173 -0.020193
v 23.239172 2.289594 -0.023285
v 23.239172 2.289594 -0.023285
v 23.197210 2.287821 -0.061846
v 24.285995 6.152725 0.210905
v 23.348928 6.974473 0.308881
v 24.357510 6.434949 0.238348
v 23.695976 7.040627 0.308881
v 23.977827 7.088270 0.308881
v 24.193319 7.121661 0.308881
v 24.343801 7.144682 0.308600
v 24.440714 7.159725 0.306637
v 24.498005 7.168808 0.301307
v 24.424366 6.706328 0.261507
v 24.529623 7.173949 0.290927
v 24.529623 7.173949 0.290927
v 24.482817 6.956188 0.279269
v 23.707136 3.880381 0.061997
v 23.707136 3.880381 0.028231
v 23.707136 3.880381 0.104648
v 23.707136 3.880381 0.084433
v 24.213638 5.868681 0.213617
v 23.707136 3.880381 0.147300
v 23.707136 3.880381 0.189952
v 24.141281 5.584639 0.216330
v 24.068922 5.300596 0.219042
v 23.996565 5.016552 0.221754
v 23.924208 4.732510 0.224467
v 23.851851 4.448467 0.227179
v 23.779493 4.164424 0.229891
v 23.593546 3.482566 0.026565
v 23.707136 3.880381 -0.014421
v 23.707136 3.880381 0.020456
v 23.707136 3.880381 0.028231
v 23.481037 3.084940 0.025565
v 23.370337 2.687628 0.025748
v 22.887062 0.994835 0.001848
v 22.874786 0.972471 -0.009888
v 22.910158 1.100329 -0.011494
v 23.019831 1.496750 -0.016158
v 22.932417 1.099231 0.035354
v 22.889671 1.000182 0.004157
v 22.905120 1.000182 0.036229
v 23.129501 1.893173 -0.020193
v 23.041851 1.496323 0.032066
v 23.260721 2.290505 0.027041
v 23.151287 1.893414 0.029221
v 24.285330 6.152612 0.242376
v 23.238518 6.744932 0.315102
v 24.353209 6.434226 0.266582
v 23.597391 6.813621 0.315102
v 23.888744 6.863123 0.315102
v 24.111746 6.897888 0.315102
v 24.268059 6.921964 0.314810
v 24.369345 6.937804 0.312771
v 24.429766 6.947461 0.307236
v 24.413618 6.704535 0.284895
v 24.463482 6.952990 0.296457
v 24.463482 6.952990 0.296457
v 24.413618 6.704535 0.284895
v 24.482817 6.956188 0.279269
v 23.597269 3.482953 0.084240
v 23.707136 3.880381 0.061997
v 23.707136 3.880381 0.084433
v 23.707136 3.880381 0.104648
v 23.707136 3.880381 0.147300
v 23.597801 3.483008 0.147300
v 24.212919 5.868559 0.246431
v 23.707136 3.880381 0.189952
v 23.707136 3.880381 0.210167
v 23.707136 3.880381 0.232604
v 23.707136 3.880381 0.210167
v 24.140511 5.584507 0.250485
v 24.068100 5.300455 0.254539
v 23.995691 5.016402 0.258594
v 23.923302 4.732353 0.262634
v 23.779026 4.164343 0.270410
v 23.851051 4.448329 0.266591
v 23.487537 3.085548 0.084216
v 23.378031 2.688183 0.084514
v 23.268661 2.290841 0.085210
v 22.907228 1.000182 0.049289
v 22.940617 1.098827 0.089502
v 22.913470 1.000182 0.089952
v 23.049967 1.496165 0.087804
v 23.159313 1.893503 0.086336
v 24.280664 6.151823 0.271860
v 23.112877 6.481569 0.322255
v 24.341532 6.432263 0.291009
v 23.486124 6.553540 0.322255
v 23.789227 6.605555 0.322255
v 24.021618 6.642223 0.322255
v 24.185234 6.667739 0.321951
v 24.292000 6.684636 0.319825
v 24.356344 6.695032 0.314054
v 24.392687 6.701045 0.302815
v 24.341532 6.432263 0.291009
v 23.488464 3.085635 0.147300
v 23.597269 3.482953 0.210361
v 24.207890 5.867704 0.277171
v 23.707136 3.880381 0.232604
v 23.707136 3.880381 0.266370
v 23.707136 3.880381 0.274145
v 23.707136 3.880381 0.266370
v 24.135113 5.583585 0.282483
v 24.062340 5.299466 0.287795
v 23.989563 5.015347 0.293106
v 23.775755 4.163776 0.306264
v 23.707136 3.880381 0.309021
v 23.916969 4.731259 0.298307
v 23.845457 4.447361 0.302841
v 23.379129 2.688262 0.147301
v 23.269794 2.290889 0.147301
v 23.160458 1.893516 0.147301
v 22.913770 1.000182 0.103848
v 22.914663 1.000182 0.147301
v 22.941790 1.098769 0.147301
v 23.051125 1.496142 0.147301
v 24.268005 6.149682 0.297368
v 22.977083 6.195660 0.330029
v 24.318796 6.428443 0.309726
v 24.268005 6.149682 0.297368
v 23.366405 6.271409 0.330029
v 23.682747 6.326373 0.330029
v 23.925783 6.365298 0.330029
v 24.097685 6.392510 0.329712
v 24.210672 6.410637 0.327492
v 24.279470 6.421881 0.321464
v 23.487537 3.085548 0.210385
v 23.593546 3.482566 0.268036
v 24.194237 5.865382 0.303767
v 23.707136 3.880381 0.274145
v 23.707136 3.880381 0.309021
v 23.707136 3.880381 0.309244
v 24.120470 5.581082 0.310167
v 24.046700 5.296782 0.316566
v 23.765232 4.161584 0.333706
v 23.707136 3.880381 0.330570
v 23.707136 3.880381 0.309244
v 23.972933 5.012483 0.322966
v 23.829502 4.444425 0.333196
v 23.899679 4.728251 0.329044
v 23.378031 2.688183 0.210087
v 23.268661 2.290841 0.209391
v 23.159313 1.893503 0.208266
v 22.913770 1.000182 0.190754
v 22.940617 1.098827 0.205100
v 23.049963 1.496165 0.206797
v 24.243353 6.145513 0.316913
v 24.194237 5.865382 0.303767
v 22.836212 5.898476 0.338115
v 24.200867 6.138369 0.329170
v 23.242460 5.978253 0.338115
v 23.572790 6.036382 0.338115
v 23.827091 6.077742 0.338115
v 24.007776 6.106780 0.337783
v 24.127357 6.126224 0.335464
v 23.481037 3.084940 0.269036
v 23.581791 3.480862 0.315539
v 24.167652 5.860861 0.324146
v 24.120470 5.581082 0.310167
v 23.707136 3.880381 0.330570
v 23.707136 3.880381 0.332125
v 24.091949 5.576209 0.331379
v 24.046700 5.296782 0.316566
v 23.732985 4.152181 0.354415
v 23.707136 3.880381 0.330570
v 23.765232 4.161584 0.333706
v 23.707136 3.880381 0.332125
v 24.016249 5.291557 0.338612
v 23.972933 5.012483 0.322966
v 23.794521 4.437153 0.356643
v 23.829502 4.444425 0.333196
v 23.940550 5.006905 0.345845
v 23.899679 4.728251 0.329044
v 23.865517 4.722197 0.352619
v 23.370337 2.687628 0.268853
v 23.260721 2.290505 0.267560
v 23.151287 1.893414 0.265380
v 23.041851 1.496323 0.262536
v 22.932417 1.099231 0.259248
v 24.121979 5.853130 0.336926
v 22.694498 5.599413 0.346252
v 24.043707 5.840074 0.343488
v 23.117805 5.683259 0.346252
v 23.462252 5.744591 0.346252
v 23.727926 5.788414 0.346252
v 23.917475 5.819299 0.345906
v 23.462624 3.082981 0.319103
v 23.547148 3.472410 0.351661
v 24.043091 5.567891 0.344681
v 23.575977 3.810428 0.373968
v 23.547148 3.472410 0.351661
v 23.964201 5.282652 0.352437
v 23.657068 4.127902 0.374188
v 23.885309 4.997413 0.360193
v 23.730484 4.423323 0.372810
v 23.806789 4.711722 0.367586
v 23.349360 2.686085 0.319610
v 23.239172 2.289594 0.317886
v 23.129501 1.893172 0.314794
v 23.019831 1.496750 0.310759
v 22.910156 1.100328 0.306096
v 23.960056 5.553923 0.351512
v 22.552780 5.300351 0.354389
v 23.827171 5.531818 0.354029
v 22.993155 5.388266 0.354389
v 23.351713 5.452800 0.354389
v 23.628763 5.499086 0.354389
v 23.422853 3.077611 0.357563
v 23.467264 3.449752 0.378684
v 23.422853 3.077611 0.357563
v 23.876408 5.267773 0.359536
v 23.446856 3.775450 0.390871
v 23.792757 4.981623 0.367560
v 23.539333 4.099330 0.387082
v 23.709051 4.694623 0.375403
v 23.625010 4.402524 0.382155
v 23.308016 2.682884 0.358514
v 23.129501 1.893172 0.314794
v 23.239172 2.289594 0.317886
v 23.197210 2.287821 0.356447
v 23.197210 2.287821 0.356447
v 22.910156 1.100328 0.306096
v 23.019831 1.496750 0.310759
v 22.976946 1.497583 0.347710
v 22.866812 1.102465 0.341992
v 23.087078 1.892703 0.352657
v 23.736870 5.244337 0.362152
v 22.411064 5.001288 0.362526
v 23.529598 5.209759 0.362526
v 22.868504 5.093273 0.362526
v 23.241175 5.161009 0.362526
v 23.350878 3.067024 0.382602
v 23.308016 2.682884 0.358514
v 23.343487 3.423895 0.394179
v 23.646568 4.956856 0.370275
v 23.270407 3.743702 0.396922
v 23.556047 4.668401 0.378301
v 23.369638 4.068005 0.392072
v 23.464214 4.374103 0.385746
v 23.237379 2.677275 0.383027
v 22.904268 1.498995 0.370882
v 22.793354 1.106085 0.364503
v 23.126095 2.284816 0.380630
v 23.015182 1.891906 0.376401
v 23.430435 4.920431 0.370663
v 22.269350 4.702226 0.370663
v 23.130638 4.869218 0.370663
v 22.743855 4.798279 0.370663
v 23.233315 3.051654 0.396118
v 23.165154 3.396852 0.400012
v 23.331083 4.630206 0.378715
v 23.021835 3.705673 0.397786
v 23.230612 4.334595 0.386259
v 23.127903 4.028213 0.392785
v 23.121510 2.668318 0.395697
v 22.784973 1.501313 0.382781
v 22.672775 1.112027 0.376063
v 22.897171 1.890597 0.388594
v 23.009369 2.279883 0.393048
v 23.019989 4.576673 0.378715
v 22.127718 4.402851 0.378715
v 22.619183 4.502723 0.378715
v 23.055244 3.031796 0.401191
v 22.911663 3.363385 0.400845
v 22.908682 4.279604 0.386259
v 22.681452 3.653806 0.397786
v 22.796057 3.973490 0.392785
v 22.942591 2.654942 0.400376
v 22.600258 1.504901 0.387165
v 22.486074 1.121229 0.380321
v 22.714441 1.888573 0.393086
v 22.828625 2.272244 0.397623
v 22.494396 4.203798 0.386259
v 21.986599 4.101606 0.386259
v 22.798134 3.004941 0.401916
v 22.564432 3.317537 0.400847
v 22.369385 3.898131 0.392785
v 22.244026 3.582354 0.397786
v 22.331324 1.510125 0.387792
v 22.214249 1.134626 0.380930
v 22.682364 2.635725 0.401045
v 22.448399 1.885624 0.393728
v 22.565474 2.261123 0.398277
v 21.846502 3.796618 0.392785
v 22.445433 2.967698 0.401934
v 22.118250 3.254218 0.400863
v 21.707939 3.486018 0.397786
v 21.961964 1.517081 0.388234
v 21.840876 1.152919 0.381569
v 21.486355 1.524786 0.391332
v 21.359873 1.175866 0.386045
v 20.901276 1.531987 0.399740
v 20.767738 1.202989 0.398195
v 22.083052 1.881243 0.394000
v 22.325115 2.608813 0.401104
v 22.204138 2.245405 0.398418
v 21.992130 2.915971 0.402058
v 21.571251 3.168558 0.400905
v 21.612837 1.873705 0.395905
v 21.034811 1.860986 0.401076
v 21.739319 2.222625 0.399410
v 21.865782 2.570983 0.401523
v 21.436096 2.845484 0.402394
v 21.168344 2.189983 0.402100
v 21.301966 2.518670 0.402658
v 20.368089 1.074798 -0.117590
v 20.032254 1.111368 -0.128706
v 20.700487 1.038602 -0.102769
v 20.961454 1.010184 -0.097206
v 21.286837 0.974752 -0.088191
v 21.471377 0.954657 -0.086258
v 21.764332 0.922756 -0.082471
v 21.891552 0.908902 -0.082102
v 22.135586 0.882328 -0.081407
v 22.219661 0.873173 -0.081119
v 22.406207 0.852859 -0.080610
v 22.459844 0.847019 -0.079305
v 22.592105 0.832133 -0.076304
v 22.491074 0.843618 -0.078599
v 22.625740 0.830054 -0.073060
v 22.720120 0.846661 -0.065405
v 22.663439 0.833515 -0.069868
v 22.751381 0.858743 -0.057220
v 22.809898 0.898279 -0.044236
v 22.783220 0.876954 -0.049841
v 22.837267 0.924927 -0.029182
v 22.874786 0.972471 -0.009888
v 22.856235 0.946102 -0.018745
v 20.703945 2.413345 0.404493
v 20.568074 2.149978 0.406727
v 20.549111 2.113220 0.406645
v 20.727172 2.458367 0.404552
v 20.409650 1.842897 0.410215
v 20.859400 2.714672 0.402986
v 20.394715 1.813947 0.410145
v 20.886785 2.767754 0.402938
v 20.251867 1.537056 0.414978
v 21.015526 3.017300 0.401244
v 20.240688 1.515387 0.414932
v 21.046530 3.077397 0.400971
v 20.094665 1.232342 0.420726
v 21.172225 3.321039 0.398414
v 20.086995 1.217475 0.420705
v 20.303006 1.081885 0.411168
v 20.700994 1.038547 0.397370
v 21.205840 3.386196 0.397786
v 21.241526 3.455369 0.396689
v 21.364164 3.693084 0.392785
v 20.032254 1.111368 0.423063
v 21.400816 3.764130 0.391285
v 21.521494 3.998046 0.386259
v 21.013508 1.004516 0.388804
v 21.558339 4.069465 0.384491
v 21.286966 0.974738 0.382793
v 21.678097 4.301599 0.378715
v 21.576153 0.943247 0.379081
v 21.714741 4.372628 0.376825
v 21.764346 0.922754 0.377073
v 21.834327 4.604429 0.370663
v 22.007942 0.896228 0.376378
v 21.870681 4.674897 0.368766
v 22.135586 0.882328 0.376009
v 21.990496 4.907141 0.362526
v 22.322494 0.861975 0.375496
v 22.026537 4.977000 0.360645
v 22.406204 0.852860 0.375211
v 22.146667 5.209856 0.354389
v 22.182368 5.279057 0.352525
v 22.491074 0.843618 0.373292
v 22.538920 0.838581 0.372214
v 22.302839 5.512573 0.346252
v 22.592105 0.832133 0.370906
v 22.338173 5.581063 0.344407
v 22.628164 0.830092 0.367627
v 22.679453 0.836366 0.363367
v 22.459013 5.815294 0.338115
v 22.720120 0.846661 0.360007
v 22.493718 5.882565 0.336303
v 22.771589 0.869461 0.347522
v 22.614199 6.116099 0.330029
v 22.809898 0.898279 0.338837
v 22.647097 6.179867 0.328313
v 22.837267 0.924927 0.323784
v 22.763447 6.405395 0.322255
v 22.856033 0.945841 0.313450
v 22.874783 0.972467 0.304490
v 22.793150 6.462971 0.320706
v 22.900818 6.671669 0.315102
v 22.926008 6.720497 0.313790
v 23.020370 6.903404 0.308881
v 23.040281 6.941999 0.307846
v 23.118147 7.092931 0.303799
v 23.133753 7.123180 0.302991
v 23.198131 7.247968 0.299649
v 23.210713 7.272356 0.299001
v 23.266281 7.380068 0.296121
v 23.276956 7.400760 0.295575
v 23.328555 7.500777 0.292904
v 23.337967 7.519021 0.292425
v 23.389437 7.618787 0.289762
v 23.397224 7.633883 0.289368
v 23.447580 7.731491 0.286766
v 23.453430 7.742829 0.286471
v 23.500197 7.833481 0.284060
v 23.504119 7.841083 0.283864
v 23.544519 7.919392 0.281790
v 23.546834 7.923880 0.281660
v 23.578539 7.985336 0.279836
v 23.579813 7.987805 0.279695
v 23.603219 8.033174 0.277021
v 23.603888 8.034471 0.276827
v 23.620252 8.066190 0.271902
v 23.620591 8.066848 0.271640
v 23.631328 8.087659 0.263037
v 23.638031 8.100652 0.249440
v 23.638111 8.100808 0.249048
v 23.641532 8.107439 0.231952
v 23.641563 8.107498 0.231499
v 23.642900 8.110091 0.211870
v 23.642906 8.110102 0.211353
v 23.643202 8.110676 0.190491
v 23.643204 8.110678 0.189917
v 23.643328 8.110919 0.168895
v 23.643329 8.110922 0.168268
v 23.643454 8.111164 0.147300
v 23.643456 8.111167 0.146620
v 23.643582 8.111411 0.125705
v 23.643583 8.111415 0.124971
v 23.643711 8.111662 0.104109
v 23.643706 8.111653 0.103331
v 23.643660 8.111562 0.082730
v 23.643611 8.111468 0.081948
v 23.642526 8.109366 0.062648
v 23.642379 8.109081 0.061914
v 23.639225 8.102967 0.045160
v 22.913470 1.000182 0.204650
v 22.907229 1.000182 0.245312
v 22.905120 1.000182 0.258373
v 22.887060 0.994831 0.292754
v 22.889671 1.000182 0.290442
v 22.874783 0.972467 0.304490
vt -0.019030 0.007781 0.000000
vt -0.021127 0.026464 0.000000
vt -0.373948 0.152895 0.000000
vt -0.004652 0.020793 0.000000
vt -0.334223 0.131246 0.000000
vt 0.000000 0.000000 0.000000
vt 0.353956 -0.123218 0.000000
vt 0.353832 -0.122297 0.000000
vt 0.000000 0.000000 0.000000
vt -0.004579 0.020809 0.000000
vt -0.005406 0.021338 0.000000
vt -0.282296 0.107205 0.000000
vt 0.000000 0.000000 0.000000
vt 0.330452 -0.107790 0.000000
vt -0.005353 0.021351 0.000000
vt 0.000000 0.000000 0.000000
vt -0.005751 0.021700 0.000000
vt -0.218014 0.081335 0.000000
vt 0.000000 0.000000 0.000000
vt 0.277357 -0.084344 0.000000
vt -0.005734 0.021704 0.000000
vt 0.000000 0.000000 0.000000
vt -0.005060 0.021568 0.000000
vt -0.146346 0.054716 0.000000
vt 0.000000 0.000000 0.000000
vt 0.212393 -0.059173 0.000000
vt -0.005072 0.021566 0.000000
vt 0.000000 0.000000 0.000000
vt -0.003342 0.020614 0.000000
vt -0.087048 0.031604 0.000000
vt 0.000000 0.000000 0.000000
vt 0.141251 -0.033292 0.000000
vt -0.003064 0.020657 0.000000
vt 0.000000 0.000000 0.000000
vt -0.002250 0.018773 0.000000
vt -0.044998 0.013000 0.000000
vt 0.000000 0.000000 0.000000
vt 0.083685 -0.011142 0.000000
vt -0.000940 0.018884 0.000000
vt 0.000000 0.000000 0.000000
vt -0.004078 0.015649 0.000000
vt -0.018111 0.001136 0.000000
vt 0.000000 0.000000 0.000000
vt 0.042721 0.005968 0.000000
vt -0.000839 0.016149 0.000000
vt 0.000000 0.000000 0.000000
vt 0.012592 0.015780 0.000000
vt -0.007299 0.009936 0.000000
vt 0.000000 0.000000 0.000000
vt -0.010127 0.007032 0.000000
vt -0.000926 -0.013660 0.000000
vt 0.000000 0.000000 0.000000
vt -0.004204 -0.013030 0.000000
vt 0.018128 -0.000833 0.000000
vt 0.000000 0.000000 0.000000
vt -0.022255 -0.012334 0.000000
vt 0.002971 -0.019244 0.000000
vt 0.000000 0.000000 0.000000
vt 0.001472 -0.019416 0.000000
vt 0.045812 -0.009753 0.000000
vt 0.000000 0.000000 0.000000
vt -0.044352 -0.009608 0.000000
vt 0.006624 -0.023366 0.000000
vt 0.000000 0.000000 0.000000
vt 0.006066 -0.023517 0.000000
vt 0.089467 -0.023912 0.000000
vt 0.000000 0.000000 0.000000
vt -0.083401 0.000394 0.000000
vt 0.010712 -0.025972 0.000000
vt 0.000000 0.000000 0.000000
vt 0.010586 -0.026023 0.000000
vt 0.150647 -0.041427 0.000000
vt 0.000000 0.000000 0.000000
vt -0.140063 0.015390 0.000000
vt 0.013832 -0.027159 0.000000
vt 0.000000 0.000000 0.000000
vt 0.013837 -0.027156 0.000000
vt 0.224541 -0.061050 0.000000
vt 0.000000 0.000000 0.000000
vt -0.210691 0.033974 0.000000
vt 0.014914 -0.027116 0.000000
vt 0.000000 0.000000 0.000000
vt 0.014909 -0.027119 0.000000
vt 0.291390 -0.079219 0.000000
vt 0.000000 0.000000 0.000000
vt 0.369814 -0.104476 0.000000
vt 0.369282 -0.103224 0.000000
vt 0.013288 -0.025237 0.000000
vt 0.000000 0.000000 0.000000
vt -0.009934 -0.018014 0.000000
vt -0.019261 0.004315 0.000000
vt -0.375652 0.084160 0.000000
vt -0.276429 0.052376 0.000000
vt 0.014423 -0.026313 0.000000
vt 0.000000 0.000000 0.000000
vt 0.014404 -0.026324 0.000000
vt 0.346239 -0.095127 0.000000
vt 0.000000 0.000000 0.000000
vt -0.331732 0.069299 0.000000
vt 0.013315 -0.025223 0.000000
vt 0.000000 0.000000 0.000000
vt 0.018838 0.004838 0.000000
vt 0.028145 0.358679 0.000000
vt 0.000000 0.000000 0.000000
vt -0.010659 -0.353803 0.000000
vt 0.018977 0.005000 0.000000
vt 0.000000 0.000000 0.000000
vt 0.018978 0.004998 0.000000
vt 0.024725 0.301290 0.000000
vt 0.000000 0.000000 0.000000
vt -0.006594 -0.296275 0.000000
vt 0.019083 0.005062 0.000000
vt 0.000000 0.000000 0.000000
vt 0.019083 0.005061 0.000000
vt 0.019645 0.231136 0.000000
vt 0.000000 0.000000 0.000000
vt -0.000842 -0.226074 0.000000
vt 0.019093 0.004654 0.000000
vt 0.000000 0.000000 0.000000
vt 0.019093 0.004653 0.000000
vt 0.013339 0.153491 0.000000
vt 0.000000 0.000000 0.000000
vt 0.005865 -0.148833 0.000000
vt 0.018914 0.003615 0.000000
vt 0.000000 0.000000 0.000000
vt 0.018917 0.003602 0.000000
vt 0.007834 0.089451 0.000000
vt 0.000000 0.000000 0.000000
vt 0.018318 0.002565 0.000000
vt 0.003608 0.044589 0.000000
vt 0.000000 0.000000 0.000000
vt 0.011278 -0.085823 0.000000
vt 0.018313 0.002602 0.000000
vt 0.000000 0.000000 0.000000
vt 0.014825 -0.041983 0.000000
vt 0.017156 0.002447 0.000000
vt 0.000000 0.000000 0.000000
vt 0.017153 0.002468 0.000000
vt -0.000686 0.020720 0.000000
vt 0.000000 0.000000 0.000000
vt -0.005876 -0.027710 0.000000
vt -0.021617 0.003733 0.000000
vt -0.369203 0.063749 0.000000
vt 0.369018 -0.095654 0.000000
vt 0.368000 -0.093624 0.000000
vt 0.021421 -0.035703 0.000000
vt 0.000000 0.000000 0.000000
vt 0.017753 -0.018335 0.000000
vt 0.016132 0.003831 0.000000
vt 0.000000 0.000000 0.000000
vt -0.007037 0.021524 0.000000
vt -0.016773 0.006385 0.000000
vt 0.000000 0.000000 0.000000
vt -0.015231 0.006555 0.000000
vt -0.004904 -0.017319 0.000000
vt 0.000000 0.000000 0.000000
vt -0.017077 0.005519 0.000000
vt 0.003586 -0.028563 0.000000
vt 0.000000 0.000000 0.000000
vt 0.002605 -0.028669 0.000000
vt 0.025345 -0.006464 0.000000
vt 0.000000 0.000000 0.000000
vt -0.022777 -0.022167 0.000000
vt 0.008719 -0.031833 0.000000
vt 0.000000 0.000000 0.000000
vt 0.008069 -0.032004 0.000000
vt 0.051206 -0.012876 0.000000
vt 0.000000 0.000000 0.000000
vt -0.043142 -0.019115 0.000000
vt 0.014431 -0.035630 0.000000
vt 0.000000 0.000000 0.000000
vt 0.014137 -0.035748 0.000000
vt 0.094571 -0.024670 0.000000
vt 0.000000 0.000000 0.000000
vt 0.019542 -0.038234 0.000000
vt 0.154628 -0.039804 0.000000
vt 0.000000 0.000000 0.000000
vt -0.080435 -0.011075 0.000000
vt 0.019621 -0.038193 0.000000
vt 0.000000 0.000000 0.000000
vt 0.023080 -0.039197 0.000000
vt 0.226666 -0.057025 0.000000
vt 0.000000 0.000000 0.000000
vt -0.135085 0.001570 0.000000
vt 0.023083 -0.039195 0.000000
vt 0.000000 0.000000 0.000000
vt 0.023955 -0.038740 0.000000
vt 0.292308 -0.073094 0.000000
vt 0.000000 0.000000 0.000000
vt -0.203586 0.017836 0.000000
vt 0.023957 -0.038739 0.000000
vt 0.000000 0.000000 0.000000
vt -0.323957 0.049896 0.000000
vt 0.021429 -0.035699 0.000000
vt 0.000000 0.000000 0.000000
vt 0.023000 -0.037375 0.000000
vt 0.346966 -0.087217 0.000000
vt 0.000000 0.000000 0.000000
vt -0.268350 0.034383 0.000000
vt 0.023006 -0.037372 0.000000
vt 0.000000 0.000000 0.000000
vt 0.020244 0.002016 0.000000
vt 0.009233 0.359907 0.000000
vt 0.000000 0.000000 0.000000
vt 0.010313 -0.357911 0.000000
vt 0.020263 0.001906 0.000000
vt 0.000000 0.000000 0.000000
vt 0.020263 0.001905 0.000000
vt 0.008318 0.302314 0.000000
vt 0.000000 0.000000 0.000000
vt 0.011573 -0.300424 0.000000
vt 0.020276 0.001868 0.000000
vt 0.000000 0.000000 0.000000
vt 0.020276 0.001868 0.000000
vt 0.006651 0.231491 0.000000
vt 0.000000 0.000000 0.000000
vt 0.013506 -0.229631 0.000000
vt 0.020278 0.001706 0.000000
vt 0.000000 0.000000 0.000000
vt 0.020278 0.001706 0.000000
vt 0.004489 0.152940 0.000000
vt 0.000000 0.000000 0.000000
vt 0.015840 -0.151228 0.000000
vt 0.020238 0.001323 0.000000
vt 0.000000 0.000000 0.000000
vt 0.020239 0.001317 0.000000
vt 0.002569 0.088668 0.000000
vt 0.000000 0.000000 0.000000
vt 0.020043 0.000980 0.000000
vt 0.001051 0.044479 0.000000
vt 0.000000 0.000000 0.000000
vt 0.017777 -0.087329 0.000000
vt 0.020043 0.000996 0.000000
vt 0.000000 0.000000 0.000000
vt 0.019048 -0.043475 0.000000
vt 0.019654 0.001021 0.000000
vt 0.000000 0.000000 0.000000
vt 0.019653 0.001037 0.000000
vt -0.000543 0.022219 0.000000
vt 0.000000 0.000000 0.000000
vt 0.365374 -0.093618 0.000000
vt 0.363634 -0.090231 0.000000
vt 0.030611 -0.050772 0.000000
vt 0.000000 0.000000 0.000000
vt -0.001699 -0.041421 0.000000
vt -0.024594 0.003148 0.000000
vt -0.359356 0.046000 0.000000
vt 0.032678 -0.053017 0.000000
vt 0.345647 -0.084535 0.000000
vt 0.000000 0.000000 0.000000
vt -0.312969 0.031522 0.000000
vt 0.030613 -0.050771 0.000000
vt 0.000000 0.000000 0.000000
vt 0.020159 -0.021219 0.000000
vt 0.019429 0.001498 0.000000
vt 0.000000 0.000000 0.000000
vt -0.009278 0.024300 0.000000
vt -0.016876 0.005391 0.000000
vt 0.000000 0.000000 0.000000
vt -0.019275 0.002863 0.000000
vt -0.002092 -0.020271 0.000000
vt 0.000000 0.000000 0.000000
vt -0.017253 0.004024 0.000000
vt 0.000823 -0.028080 0.000000
vt 0.000000 0.000000 0.000000
vt -0.020356 0.034266 0.000000
vt -0.021352 0.006192 0.000000
vt 0.000000 0.000000 0.000000
vt -0.021332 0.006261 0.000000
vt 0.014449 -0.051132 0.000000
vt 0.000000 0.000000 0.000000
vt 0.017090 -0.050311 0.000000
vt 0.031501 -0.009650 0.000000
vt 0.000000 0.000000 0.000000
vt -0.014364 -0.040677 0.000000
vt 0.021877 -0.052316 0.000000
vt 0.000000 0.000000 0.000000
vt 0.022068 -0.052236 0.000000
vt 0.057608 -0.016392 0.000000
vt 0.000000 0.000000 0.000000
vt -0.035542 -0.035842 0.000000
vt 0.027388 -0.054496 0.000000
vt 0.000000 0.000000 0.000000
vt 0.027275 -0.054553 0.000000
vt 0.100126 -0.026860 0.000000
vt 0.000000 0.000000 0.000000
vt -0.072850 -0.027692 0.000000
vt 0.031826 -0.056032 0.000000
vt 0.000000 0.000000 0.000000
vt 0.031780 -0.056058 0.000000
vt 0.158274 -0.040351 0.000000
vt 0.000000 0.000000 0.000000
vt -0.126494 -0.015708 0.000000
vt 0.034408 -0.056280 0.000000
vt 0.000000 0.000000 0.000000
vt 0.034404 -0.056282 0.000000
vt 0.227691 -0.055978 0.000000
vt 0.000000 0.000000 0.000000
vt -0.193286 -0.000305 0.000000
vt 0.034395 -0.055089 0.000000
vt 0.000000 0.000000 0.000000
vt 0.034394 -0.055089 0.000000
vt 0.291555 -0.070940 0.000000
vt 0.000000 0.000000 0.000000
vt -0.257160 0.015853 0.000000
vt 0.032679 -0.053016 0.000000
vt 0.000000 0.000000 0.000000
vt 0.021382 0.000596 0.000000
vt 0.000901 0.359954 0.000000
vt 0.000000 0.000000 0.000000
vt 0.020160 -0.359376 0.000000
vt 0.021382 0.000354 0.000000
vt 0.000000 0.000000 0.000000
vt 0.021382 0.000354 0.000000
vt 0.001023 0.302415 0.000000
vt 0.000000 0.000000 0.000000
vt 0.020230 -0.302070 0.000000
vt 0.021383 0.000260 0.000000
vt 0.000000 0.000000 0.000000
vt 0.021383 0.000260 0.000000
vt 0.000881 0.231435 0.000000
vt 0.000000 0.000000 0.000000
vt 0.020483 -0.231177 0.000000
vt 0.021383 0.000226 0.000000
vt 0.000000 0.000000 0.000000
vt 0.021383 0.000226 0.000000
vt 0.000591 0.152613 0.000000
vt 0.000000 0.000000 0.000000
vt 0.020799 -0.152386 0.000000
vt 0.021380 0.000173 0.000000
vt 0.000000 0.000000 0.000000
vt 0.021380 0.000172 0.000000
vt 0.000311 0.088353 0.000000
vt 0.000000 0.000000 0.000000
vt 0.021364 0.000121 0.000000
vt 0.000063 0.044501 0.000000
vt 0.000000 0.000000 0.000000
vt 0.021085 -0.088177 0.000000
vt 0.021364 0.000123 0.000000
vt 0.000000 0.000000 0.000000
vt 0.021310 -0.044375 0.000000
vt 0.021335 0.000125 0.000000
vt 0.000000 0.000000 0.000000
vt 0.021335 0.000127 0.000000
vt -0.000209 0.022728 0.000000
vt 0.000000 0.000000 0.000000
vt 0.360551 -0.092814 0.000000
vt 0.357693 -0.087270 0.000000
vt 0.041388 -0.069426 0.000000
vt 0.000000 0.000000 0.000000
vt 0.002774 -0.058404 0.000000
vt -0.028396 0.002081 0.000000
vt -0.347560 0.025470 0.000000
vt 0.043937 -0.072276 0.000000
vt 0.343614 -0.082161 0.000000
vt 0.000000 0.000000 0.000000
vt -0.299677 0.009885 0.000000
vt 0.041389 -0.069425 0.000000
vt 0.000000 0.000000 0.000000
vt 0.046698 -0.075220 0.000000
vt 0.289864 -0.068768 0.000000
vt 0.000000 0.000000 0.000000
vt -0.243166 -0.006452 0.000000
vt 0.043938 -0.072276 0.000000
vt 0.000000 0.000000 0.000000
vt 0.021538 -0.022607 0.000000
vt 0.021354 0.000194 0.000000
vt 0.000000 0.000000 0.000000
vt -0.016849 0.023378 0.000000
vt -0.019682 0.002356 0.000000
vt 0.000000 0.000000 0.000000
vt -0.021351 0.000403 0.000000
vt -0.000054 -0.021212 0.000000
vt 0.000000 0.000000 0.000000
vt -0.019755 0.001639 0.000000
vt 0.000313 -0.028814 0.000000
vt 0.000000 0.000000 0.000000
vt -0.017608 0.032363 0.000000
vt -0.019155 0.003589 0.000000
vt 0.000000 0.000000 0.000000
vt -0.019145 0.003641 0.000000
vt 0.007122 -0.050881 0.000000
vt 0.000000 0.000000 0.000000
vt -0.036487 0.056947 0.000000
vt -0.024313 0.007033 0.000000
vt 0.000000 0.000000 0.000000
vt -0.024240 0.007283 0.000000
vt 0.032063 -0.080769 0.000000
vt 0.000000 0.000000 0.000000
vt 0.038764 -0.077775 0.000000
vt 0.036221 -0.011700 0.000000
vt 0.000000 0.000000 0.000000
vt 0.002647 -0.066071 0.000000
vt 0.041584 -0.078483 0.000000
vt 0.000000 0.000000 0.000000
vt 0.042568 -0.077953 0.000000
vt 0.062931 -0.018654 0.000000
vt 0.000000 0.000000 0.000000
vt -0.020360 -0.059300 0.000000
vt 0.045517 -0.078547 0.000000
vt 0.000000 0.000000 0.000000
vt 0.045515 -0.078548 0.000000
vt 0.104684 -0.028311 0.000000
vt 0.000000 0.000000 0.000000
vt -0.059169 -0.050238 0.000000
vt 0.047741 -0.078529 0.000000
vt 0.000000 0.000000 0.000000
vt 0.047712 -0.078546 0.000000
vt 0.160915 -0.040520 0.000000
vt 0.000000 0.000000 0.000000
vt -0.113203 -0.038027 0.000000
vt 0.048294 -0.077496 0.000000
vt 0.000000 0.000000 0.000000
vt 0.048290 -0.077498 0.000000
vt 0.227699 -0.054709 0.000000
vt 0.000000 0.000000 0.000000
vt -0.179409 -0.022790 0.000000
vt 0.046698 -0.075219 0.000000
vt 0.000000 0.000000 0.000000
vt 0.021595 0.000366 0.000000
vt -0.000388 0.359732 0.000000
vt 0.000000 0.000000 0.000000
vt 0.021726 -0.359381 0.000000
vt 0.021595 0.000102 0.000000
vt 0.000000 0.000000 0.000000
vt 0.021595 0.000102 0.000000
vt -0.000109 0.302332 0.000000
vt 0.000000 0.000000 0.000000
vt 0.021621 -0.302235 0.000000
vt 0.021595 0.000004 0.000000
vt 0.000000 0.000000 0.000000
vt -0.000020 0.231405 0.000000
vt 0.000000 0.000000 0.000000
vt 0.021605 -0.231402 0.000000
vt 0.021595 -0.000016 0.000000
vt 0.000000 0.000000 0.000000
vt -0.000009 0.152560 0.000000
vt 0.000000 0.000000 0.000000
vt 0.021605 -0.152576 0.000000
vt 0.021597 -0.000016 0.000000
vt 0.000000 0.000000 0.000000
vt 0.021597 -0.000016 0.000000
vt -0.000024 0.088301 0.000000
vt 0.000000 0.000000 0.000000
vt 0.021607 -0.000013 0.000000
vt -0.000057 0.044500 0.000000
vt 0.000000 0.000000 0.000000
vt 0.021621 -0.088317 0.000000
vt 0.021607 -0.000014 0.000000
vt 0.000000 0.000000 0.000000
vt 0.021664 -0.044514 0.000000
vt 0.021635 -0.000013 0.000000
vt 0.000000 0.000000 0.000000
vt 0.021635 -0.000014 0.000000
vt -0.000106 0.022801 0.000000
vt 0.000000 0.000000 0.000000
vt 0.354833 -0.092584 0.000000
vt 0.350337 -0.083861 0.000000
vt 0.052950 -0.089890 0.000000
vt 0.000000 0.000000 0.000000
vt 0.006660 -0.076991 0.000000
vt -0.033179 0.000296 0.000000
vt -0.335062 0.002990 0.000000
vt 0.055865 -0.093308 0.000000
vt 0.341069 -0.079300 0.000000
vt 0.000000 0.000000 0.000000
vt -0.285203 -0.014008 0.000000
vt 0.052951 -0.089889 0.000000
vt 0.000000 0.000000 0.000000
vt 0.059767 -0.097171 0.000000
vt 0.287106 -0.065815 0.000000
vt 0.000000 0.000000 0.000000
vt -0.227339 -0.031356 0.000000
vt 0.055867 -0.093307 0.000000
vt 0.000000 0.000000 0.000000
vt 0.063326 -0.100714 0.000000
vt 0.226108 -0.052424 0.000000
vt 0.000000 0.000000 0.000000
vt -0.162782 -0.048292 0.000000
vt 0.059768 -0.097170 0.000000
vt 0.000000 0.000000 0.000000
vt 0.021741 -0.022815 0.000000
vt 0.021689 -0.000014 0.000000
vt 0.000000 0.000000 0.000000
vt -0.021253 0.021659 0.000000
vt -0.021472 0.000330 0.000000
vt 0.000000 0.000000 0.000000
vt -0.021689 -0.000008 0.000000
vt 0.000195 -0.021330 0.000000
vt 0.000000 0.000000 0.000000
vt -0.021474 0.000228 0.000000
vt 0.000377 -0.029220 0.000000
vt 0.000000 0.000000 0.000000
vt -0.019843 0.030599 0.000000
vt -0.020367 0.001382 0.000000
vt 0.000000 0.000000 0.000000
vt -0.020366 0.001392 0.000000
vt 0.002680 -0.050766 0.000000
vt 0.000000 0.000000 0.000000
vt -0.027133 0.054096 0.000000
vt -0.020487 0.003695 0.000000
vt 0.000000 0.000000 0.000000
vt -0.020440 0.003948 0.000000
vt 0.017912 -0.083815 0.000000
vt 0.000000 0.000000 0.000000
vt -0.057276 0.087422 0.000000
vt -0.025909 0.007660 0.000000
vt 0.000000 0.000000 0.000000
vt -0.025848 0.007863 0.000000
vt 0.053646 -0.113803 0.000000
vt 0.000000 0.000000 0.000000
vt 0.064636 -0.107940 0.000000
vt 0.038921 -0.012461 0.000000
vt 0.000000 0.000000 0.000000
vt 0.025713 -0.095480 0.000000
vt 0.064830 -0.107299 0.000000
vt 0.000000 0.000000 0.000000
vt 0.066651 -0.106177 0.000000
vt 0.065877 -0.019251 0.000000
vt 0.000000 0.000000 0.000000
vt 0.000772 -0.086925 0.000000
vt 0.066477 -0.105088 0.000000
vt 0.000000 0.000000 0.000000
vt 0.066521 -0.105060 0.000000
vt 0.106911 -0.028289 0.000000
vt 0.000000 0.000000 0.000000
vt -0.040389 -0.076772 0.000000
vt 0.065557 -0.103312 0.000000
vt 0.000000 0.000000 0.000000
vt 0.065523 -0.103333 0.000000
vt 0.161498 -0.039465 0.000000
vt 0.000000 0.000000 0.000000
vt -0.095974 -0.063869 0.000000
vt 0.063331 -0.100712 0.000000
vt 0.000000 0.000000 0.000000
vt 0.021595 0.000364 0.000000
vt -0.000379 0.359484 0.000000
vt 0.000000 0.000000 0.000000
vt 0.021712 -0.359135 0.000000
vt 0.021595 0.000108 0.000000
vt 0.000000 0.000000 0.000000
vt 0.021595 0.000108 0.000000
vt -0.000097 0.302239 0.000000
vt 0.000000 0.000000 0.000000
vt 0.021612 -0.302137 0.000000
vt 0.021595 0.000012 0.000000
vt 0.000000 0.000000 0.000000
vt -0.000013 0.231386 0.000000
vt 0.000000 0.000000 0.000000
vt 0.021600 -0.231375 0.000000
vt 0.021595 -0.000004 0.000000
vt 0.000000 0.000000 0.000000
vt -0.000005 0.152560 0.000000
vt 0.000000 0.000000 0.000000
vt 0.021598 -0.152564 0.000000
vt 0.021597 -0.000008 0.000000
vt 0.000000 0.000000 0.000000
vt 0.021597 -0.000008 0.000000
vt -0.000011 0.088303 0.000000
vt 0.000000 0.000000 0.000000
vt 0.021608 -0.088311 0.000000
vt 0.021607 -0.000006 0.000000
vt 0.000000 0.000000 0.000000
vt 0.021607 -0.000006 0.000000
vt -0.000028 0.044500 0.000000
vt 0.000000 0.000000 0.000000
vt 0.021636 -0.044506 0.000000
vt 0.021635 -0.000004 0.000000
vt 0.000000 0.000000 0.000000
vt 0.021635 -0.000004 0.000000
vt -0.000053 0.022801 0.000000
vt 0.000000 0.000000 0.000000
vt 0.348188 -0.092523 0.000000
vt 0.341722 -0.079979 0.000000
vt 0.061580 -0.106060 0.000000
vt 0.000000 0.000000 0.000000
vt 0.006946 -0.091404 0.000000
vt -0.039215 -0.001852 0.000000
vt -0.325824 -0.015390 0.000000
vt 0.064393 -0.109678 0.000000
vt 0.338155 -0.075880 0.000000
vt 0.000000 0.000000 0.000000
vt -0.273762 -0.033799 0.000000
vt 0.061582 -0.106059 0.000000
vt 0.000000 0.000000 0.000000
vt 0.021688 -0.022805 0.000000
vt 0.021689 -0.000006 0.000000
vt 0.000000 0.000000 0.000000
vt 0.068777 -0.113996 0.000000
vt 0.283206 -0.061950 0.000000
vt 0.000000 0.000000 0.000000
vt -0.214429 -0.052047 0.000000
vt 0.064394 -0.109677 0.000000
vt 0.000000 0.000000 0.000000
vt 0.073506 -0.118277 0.000000
vt 0.222549 -0.048878 0.000000
vt 0.000000 0.000000 0.000000
vt -0.149043 -0.069400 0.000000
vt 0.068778 -0.113995 0.000000
vt 0.000000 0.000000 0.000000
vt 0.077571 -0.121913 0.000000
vt 0.159305 -0.036842 0.000000
vt 0.000000 0.000000 0.000000
vt -0.081733 -0.085071 0.000000
vt 0.073512 -0.118273 0.000000
vt 0.000000 0.000000 0.000000
vt -0.021886 0.021319 0.000000
vt -0.021779 -0.000010 0.000000
vt 0.000000 0.000000 0.000000
vt -0.021689 -0.000004 0.000000
vt 0.000097 -0.021329 0.000000
vt 0.000000 0.000000 0.000000
vt -0.021779 -0.000007 0.000000
vt 0.000286 -0.029282 0.000000
vt 0.000000 0.000000 0.000000
vt -0.021818 0.029472 0.000000
vt -0.021668 0.000189 0.000000
vt 0.000000 0.000000 0.000000
vt -0.021668 0.000190 0.000000
vt 0.000850 -0.050691 0.000000
vt 0.000000 0.000000 0.000000
vt -0.023403 0.051999 0.000000
vt -0.020836 0.001366 0.000000
vt 0.000000 0.000000 0.000000
vt -0.020828 0.001475 0.000000
vt 0.006786 -0.084871 0.000000
vt 0.000000 0.000000 0.000000
vt -0.039517 0.087245 0.000000
vt -0.021179 0.004101 0.000000
vt 0.000000 0.000000 0.000000
vt -0.021138 0.004309 0.000000
vt 0.031293 -0.122096 0.000000
vt 0.000000 0.000000 0.000000
vt -0.079586 0.121605 0.000000
vt -0.026117 0.007466 0.000000
vt 0.000000 0.000000 0.000000
vt 0.082446 -0.130190 0.000000
vt 0.039109 -0.011842 0.000000
vt 0.000000 0.000000 0.000000
vt -0.026097 0.007536 0.000000
vt 0.068158 -0.138207 0.000000
vt 0.000000 0.000000 0.000000
vt 0.043121 -0.118427 0.000000
vt 0.080610 -0.128707 0.000000
vt 0.000000 0.000000 0.000000
vt 0.083211 -0.127041 0.000000
vt 0.065705 -0.018164 0.000000
vt 0.000000 0.000000 0.000000
vt 0.017495 -0.108878 0.000000
vt 0.080767 -0.124836 0.000000
vt 0.000000 0.000000 0.000000
vt 0.080841 -0.124788 0.000000
vt 0.105947 -0.026539 0.000000
vt 0.000000 0.000000 0.000000
vt -0.025104 -0.098249 0.000000
vt 0.077612 -0.121886 0.000000
vt 0.000000 0.000000 0.000000
vt 0.021595 0.000370 0.000000
vt -0.000362 0.359244 0.000000
vt 0.000000 0.000000 0.000000
vt 0.021699 -0.358889 0.000000
vt 0.021595 0.000110 0.000000
vt 0.000000 0.000000 0.000000
vt 0.021595 0.000110 0.000000
vt -0.000086 0.302148 0.000000
vt 0.000000 0.000000 0.000000
vt 0.021602 -0.302044 0.000000
vt 0.021595 0.000016 0.000000
vt 0.000000 0.000000 0.000000
vt -0.000005 0.231371 0.000000
vt 0.000000 0.000000 0.000000
vt 0.021590 -0.231356 0.000000
vt 0.021595 0.000004 0.000000
vt 0.000000 0.000000 0.000000
vt 0.000003 0.152556 0.000000
vt 0.000000 0.000000 0.000000
vt 0.021597 0.000008 0.000000
vt 0.000001 0.088305 0.000000
vt 0.000000 0.000000 0.000000
vt 0.021594 -0.152552 0.000000
vt 0.021597 0.000008 0.000000
vt 0.000000 0.000000 0.000000
vt 0.021595 -0.088297 0.000000
vt 0.021607 0.000006 0.000000
vt 0.000000 0.000000 0.000000
vt 0.021607 0.000006 0.000000
vt 0.000001 0.044502 0.000000
vt 0.000000 0.000000 0.000000
vt 0.021606 -0.044496 0.000000
vt 0.021635 0.000004 0.000000
vt 0.000000 0.000000 0.000000
vt 0.021635 0.000004 0.000000
vt -0.000001 0.022799 0.000000
vt 0.000000 0.000000 0.000000
vt 0.003529 -0.100330 0.000000
vt -0.046121 -0.004012 0.000000
vt -0.321033 -0.027927 0.000000
vt 0.341270 -0.092501 0.000000
vt 0.332770 -0.076012 0.000000
vt 0.066358 -0.116415 0.000000
vt 0.000000 0.000000 0.000000
vt 0.068494 -0.119786 0.000000
vt 0.335344 -0.072259 0.000000
vt 0.000000 0.000000 0.000000
vt -0.266849 -0.047528 0.000000
vt 0.066360 -0.116414 0.000000
vt 0.000000 0.000000 0.000000
vt 0.021636 -0.022795 0.000000
vt 0.021689 0.000006 0.000000
vt 0.000000 0.000000 0.000000
vt 0.072514 -0.123971 0.000000
vt 0.278823 -0.057629 0.000000
vt 0.000000 0.000000 0.000000
vt -0.206308 -0.066343 0.000000
vt 0.068496 -0.119785 0.000000
vt 0.000000 0.000000 0.000000
vt -0.021783 0.021327 0.000000
vt -0.021779 -0.000003 0.000000
vt 0.000000 0.000000 0.000000
vt -0.021689 0.000004 0.000000
vt -0.000006 -0.021330 0.000000
vt 0.000000 0.000000 0.000000
vt 0.077316 -0.128291 0.000000
vt 0.217822 -0.044594 0.000000
vt 0.000000 0.000000 0.000000
vt -0.140505 -0.083698 0.000000
vt 0.072516 -0.123970 0.000000
vt 0.000000 0.000000 0.000000
vt 0.081949 -0.132166 0.000000
vt 0.155245 -0.033202 0.000000
vt 0.000000 0.000000 0.000000
vt -0.073295 -0.098965 0.000000
vt 0.077323 -0.128287 0.000000
vt 0.000000 0.000000 0.000000
vt 0.086116 -0.135415 0.000000
vt 0.102717 -0.023637 0.000000
vt 0.000000 0.000000 0.000000
vt -0.016598 -0.111778 0.000000
vt 0.081996 -0.132137 0.000000
vt 0.000000 0.000000 0.000000
vt -0.021779 -0.000002 0.000000
vt 0.000142 -0.029282 0.000000
vt 0.000000 0.000000 0.000000
vt -0.022064 0.029276 0.000000
vt -0.021920 -0.000006 0.000000
vt 0.000000 0.000000 0.000000
vt -0.021920 -0.000006 0.000000
vt 0.000408 -0.050674 0.000000
vt 0.000000 0.000000 0.000000
vt -0.022567 0.050859 0.000000
vt -0.021899 0.000188 0.000000
vt 0.000000 0.000000 0.000000
vt -0.021899 0.000203 0.000000
vt 0.001606 -0.084919 0.000000
vt 0.000000 0.000000 0.000000
vt -0.028113 0.086185 0.000000
vt -0.021182 0.001534 0.000000
vt 0.000000 0.000000 0.000000
vt -0.021175 0.001625 0.000000
vt 0.011859 -0.125598 0.000000
vt 0.000000 0.000000 0.000000
vt -0.052544 0.126358 0.000000
vt -0.021448 0.004093 0.000000
vt 0.000000 0.000000 0.000000
vt -0.021433 0.004169 0.000000
vt 0.039995 -0.150239 0.000000
vt 0.000000 0.000000 0.000000
vt -0.092979 0.146561 0.000000
vt -0.025390 0.006550 0.000000
vt 0.000000 0.000000 0.000000
vt -0.025394 0.006535 0.000000
vt 0.072698 -0.150949 0.000000
vt 0.000000 0.000000 0.000000
vt 0.089103 -0.141885 0.000000
vt 0.037488 -0.010284 0.000000
vt 0.000000 0.000000 0.000000
vt 0.051201 -0.131762 0.000000
vt 0.086255 -0.140122 0.000000
vt 0.000000 0.000000 0.000000
vt 0.089468 -0.138093 0.000000
vt 0.063272 -0.015958 0.000000
vt 0.000000 0.000000 0.000000
vt 0.026175 -0.122139 0.000000
vt 0.086020 -0.135476 0.000000
vt 0.000000 0.000000 0.000000
vt 0.021595 0.000374 0.000000
vt -0.000358 0.358999 0.000000
vt 0.000000 0.000000 0.000000
vt 0.334831 -0.092323 0.000000
vt 0.324562 -0.072402 0.000000
vt 0.067275 -0.120954 0.000000
vt 0.000000 0.000000 0.000000
vt -0.002799 -0.103896 0.000000
vt -0.053409 -0.005715 0.000000
vt -0.320965 -0.034347 0.000000
vt 0.021689 -0.358641 0.000000
vt 0.021595 0.000120 0.000000
vt 0.000000 0.000000 0.000000
vt 0.021595 0.000120 0.000000
vt -0.000078 0.302060 0.000000
vt 0.000000 0.000000 0.000000
vt 0.021592 -0.301945 0.000000
vt 0.021595 0.000024 0.000000
vt 0.000000 0.000000 0.000000
vt 0.000002 0.231360 0.000000
vt 0.000000 0.000000 0.000000
vt 0.021588 -0.231337 0.000000
vt 0.021595 0.000016 0.000000
vt 0.000000 0.000000 0.000000
vt 0.000006 0.152560 0.000000
vt 0.000000 0.000000 0.000000
vt 0.021587 -0.152545 0.000000
vt 0.021597 0.000016 0.000000
vt 0.000000 0.000000 0.000000
vt 0.021597 0.000016 0.000000
vt 0.000014 0.088303 0.000000
vt 0.000000 0.000000 0.000000
vt 0.021607 0.000013 0.000000
vt 0.000029 0.044500 0.000000
vt 0.000000 0.000000 0.000000
vt 0.021584 -0.088287 0.000000
vt 0.021607 0.000014 0.000000
vt 0.000000 0.000000 0.000000
vt 0.021578 -0.044487 0.000000
vt 0.021635 0.000015 0.000000
vt 0.000000 0.000000 0.000000
vt 0.021635 0.000016 0.000000
vt 0.000052 0.022801 0.000000
vt 0.000000 0.000000 0.000000
vt 0.068172 -0.123634 0.000000
vt 0.333210 -0.068885 0.000000
vt 0.000000 0.000000 0.000000
vt -0.265038 -0.054750 0.000000
vt 0.067278 -0.120952 0.000000
vt 0.000000 0.000000 0.000000
vt 0.070985 -0.127097 0.000000
vt 0.274805 -0.053441 0.000000
vt 0.000000 0.000000 0.000000
vt -0.203819 -0.073657 0.000000
vt 0.068174 -0.123633 0.000000
vt 0.000000 0.000000 0.000000
vt 0.021583 -0.022785 0.000000
vt 0.021689 0.000014 0.000000
vt 0.000000 0.000000 0.000000
vt -0.021685 0.021332 0.000000
vt -0.021779 0.000003 0.000000
vt 0.000000 0.000000 0.000000
vt -0.021689 0.000008 0.000000
vt -0.000104 -0.021329 0.000000
vt 0.000000 0.000000 0.000000
vt 0.074757 -0.130753 0.000000
vt 0.213021 -0.040272 0.000000
vt 0.000000 0.000000 0.000000
vt -0.138264 -0.090483 0.000000
vt 0.070987 -0.127096 0.000000
vt 0.000000 0.000000 0.000000
vt -0.021779 0.000002 0.000000
vt -0.000001 -0.029282 0.000000
vt 0.000000 0.000000 0.000000
vt -0.021922 0.029279 0.000000
vt -0.021920 -0.000003 0.000000
vt 0.000000 0.000000 0.000000
vt 0.078660 -0.134095 0.000000
vt 0.150618 -0.029322 0.000000
vt 0.000000 0.000000 0.000000
vt -0.071957 -0.104774 0.000000
vt 0.074765 -0.130749 0.000000
vt 0.000000 0.000000 0.000000
vt 0.082352 -0.136940 0.000000
vt 0.098594 -0.020359 0.000000
vt 0.000000 0.000000 0.000000
vt -0.016240 -0.116582 0.000000
vt 0.078711 -0.134065 0.000000
vt 0.000000 0.000000 0.000000
vt 0.085416 -0.139323 0.000000
vt 0.059845 -0.013336 0.000000
vt 0.000000 0.000000 0.000000
vt 0.025548 -0.125991 0.000000
vt 0.082256 -0.136998 0.000000
vt 0.000000 0.000000 0.000000
vt -0.021920 -0.000003 0.000000
vt 0.000203 -0.050674 0.000000
vt 0.000000 0.000000 0.000000
vt -0.022328 0.050668 0.000000
vt -0.022127 -0.000006 0.000000
vt 0.000000 0.000000 0.000000
vt -0.022127 -0.000006 0.000000
vt 0.000562 -0.084900 0.000000
vt 0.000000 0.000000 0.000000
vt -0.023574 0.085103 0.000000
vt -0.022189 0.000212 0.000000
vt 0.000000 0.000000 0.000000
vt -0.022189 0.000225 0.000000
vt 0.002515 -0.126172 0.000000
vt 0.000000 0.000000 0.000000
vt -0.033080 0.127211 0.000000
vt -0.021526 0.001544 0.000000
vt 0.000000 0.000000 0.000000
vt -0.021524 0.001578 0.000000
vt 0.015128 -0.155434 0.000000
vt 0.000000 0.000000 0.000000
vt -0.060036 0.154954 0.000000
vt -0.021491 0.003618 0.000000
vt 0.000000 0.000000 0.000000
vt -0.095836 0.158867 0.000000
vt -0.024291 0.005306 0.000000
vt 0.000000 0.000000 0.000000
vt -0.021492 0.003613 0.000000
vt 0.042167 -0.164078 0.000000
vt 0.000000 0.000000 0.000000
vt -0.024304 0.005246 0.000000
vt 0.067858 -0.151660 0.000000
vt 0.000000 0.000000 0.000000
vt 0.084718 -0.142928 0.000000
vt 0.035056 -0.008349 0.000000
vt 0.000000 0.000000 0.000000
vt 0.049192 -0.134751 0.000000
vt 0.081982 -0.141371 0.000000
vt 0.000000 0.000000 0.000000
vt 0.329864 -0.092241 0.000000
vt 0.318166 -0.069548 0.000000
vt 0.065951 -0.122582 0.000000
vt 0.000000 0.000000 0.000000
vt -0.009803 -0.105024 0.000000
vt -0.060364 -0.006940 0.000000
vt -0.324277 -0.037282 0.000000
vt 0.021382 0.000136 0.000000
vt -0.001646 0.358758 0.000000
vt 0.000000 0.000000 0.000000
vt 0.065057 -0.124202 0.000000
vt 0.332316 -0.066201 0.000000
vt 0.000000 0.000000 0.000000
vt -0.267258 -0.058002 0.000000
vt 0.065954 -0.122581 0.000000
vt 0.000000 0.000000 0.000000
vt 0.021383 -0.000142 0.000000
vt -0.001203 0.301967 0.000000
vt 0.000000 0.000000 0.000000
vt 0.022820 -0.358635 0.000000
vt 0.021383 -0.000142 0.000000
vt 0.000000 0.000000 0.000000
vt 0.022555 -0.302111 0.000000
vt 0.021383 -0.000236 0.000000
vt 0.000000 0.000000 0.000000
vt 0.021383 -0.000236 0.000000
vt -0.000896 0.231351 0.000000
vt 0.000000 0.000000 0.000000
vt 0.022284 -0.231587 0.000000
vt 0.021383 -0.000228 0.000000
vt 0.000000 0.000000 0.000000
vt 0.021383 -0.000228 0.000000
vt -0.000589 0.152559 0.000000
vt 0.000000 0.000000 0.000000
vt 0.021964 -0.152788 0.000000
vt 0.021380 -0.000171 0.000000
vt 0.000000 0.000000 0.000000
vt 0.021380 -0.000170 0.000000
vt -0.000295 0.088300 0.000000
vt 0.000000 0.000000 0.000000
vt 0.021364 -0.000121 0.000000
vt -0.000034 0.044502 0.000000
vt 0.000000 0.000000 0.000000
vt 0.021658 -0.088475 0.000000
vt 0.021364 -0.000123 0.000000
vt 0.000000 0.000000 0.000000
vt 0.021389 -0.044628 0.000000
vt 0.021335 -0.000127 0.000000
vt 0.000000 0.000000 0.000000
vt 0.021335 -0.000129 0.000000
vt 0.000191 0.022798 0.000000
vt 0.000000 0.000000 0.000000
vt -0.206072 -0.076497 0.000000
vt 0.065060 -0.124201 0.000000
vt 0.000000 0.000000 0.000000
vt 0.065921 -0.126472 0.000000
vt 0.271994 -0.049975 0.000000
vt 0.000000 0.000000 0.000000
vt 0.067738 -0.128908 0.000000
vt 0.209251 -0.036613 0.000000
vt 0.000000 0.000000 0.000000
vt -0.141512 -0.092295 0.000000
vt 0.065924 -0.126470 0.000000
vt 0.000000 0.000000 0.000000
vt 0.021151 -0.022922 0.000000
vt 0.021354 -0.000196 0.000000
vt 0.000000 0.000000 0.000000
vt -0.021582 0.021340 0.000000
vt -0.021779 0.000010 0.000000
vt 0.000000 0.000000 0.000000
vt -0.021351 -0.000406 0.000000
vt 0.000179 -0.021330 0.000000
vt 0.000000 0.000000 0.000000
vt -0.021779 0.000007 0.000000
vt -0.000145 -0.029282 0.000000
vt 0.000000 0.000000 0.000000
vt -0.021777 0.029284 0.000000
vt -0.021920 0.000002 0.000000
vt 0.000000 0.000000 0.000000
vt 0.069818 -0.131104 0.000000
vt 0.146721 -0.025975 0.000000
vt 0.000000 0.000000 0.000000
vt -0.076902 -0.105129 0.000000
vt 0.067746 -0.128904 0.000000
vt 0.000000 0.000000 0.000000
vt -0.021920 0.000002 0.000000
vt 0.000003 -0.050671 0.000000
vt 0.000000 0.000000 0.000000
vt -0.022126 0.050670 0.000000
vt -0.022127 -0.000001 0.000000
vt 0.000000 0.000000 0.000000
vt 0.071918 -0.132933 0.000000
vt 0.094951 -0.017484 0.000000
vt 0.000000 0.000000 0.000000
vt -0.023031 -0.115450 0.000000
vt 0.069872 -0.131075 0.000000
vt 0.000000 0.000000 0.000000
vt 0.073681 -0.134452 0.000000
vt 0.056708 -0.011005 0.000000
vt 0.000000 0.000000 0.000000
vt 0.016959 -0.123449 0.000000
vt 0.071856 -0.132967 0.000000
vt 0.000000 0.000000 0.000000
vt 0.072227 -0.137088 0.000000
vt 0.032794 -0.006598 0.000000
vt 0.000000 0.000000 0.000000
vt 0.039108 -0.130588 0.000000
vt 0.070597 -0.136097 0.000000
vt 0.000000 0.000000 0.000000
vt -0.022127 -0.000001 0.000000
vt 0.000286 -0.084899 0.000000
vt 0.000000 0.000000 0.000000
vt -0.022688 0.084893 0.000000
vt -0.022415 -0.000005 0.000000
vt 0.000000 0.000000 0.000000
vt -0.022415 -0.000006 0.000000
vt 0.000732 -0.126195 0.000000
vt 0.000000 0.000000 0.000000
vt -0.024719 0.126394 0.000000
vt -0.022563 0.000215 0.000000
vt 0.000000 0.000000 0.000000
vt -0.022563 0.000220 0.000000
vt 0.003145 -0.156389 0.000000
vt 0.000000 0.000000 0.000000
vt -0.036093 0.157142 0.000000
vt -0.021902 0.001366 0.000000
vt 0.000000 0.000000 0.000000
vt -0.021902 0.001366 0.000000
vt 0.015943 -0.169616 0.000000
vt 0.000000 0.000000 0.000000
vt -0.061297 0.168568 0.000000
vt -0.021468 0.002925 0.000000
vt 0.000000 0.000000 0.000000
vt -0.021475 0.002879 0.000000
vt 0.038586 -0.163352 0.000000
vt 0.000000 0.000000 0.000000
vt -0.089830 0.158253 0.000000
vt -0.023334 0.004139 0.000000
vt 0.000000 0.000000 0.000000
vt -0.023348 0.004058 0.000000
vt 0.056893 -0.144129 0.000000
vt 0.000000 0.000000 0.000000
vt 0.328261 -0.094489 0.000000
vt 0.314473 -0.067741 0.000000
vt 0.068833 -0.132903 0.000000
vt 0.000000 0.000000 0.000000
vt -0.011083 -0.115085 0.000000
vt -0.065415 -0.009686 0.000000
vt -0.324843 -0.048101 0.000000
vt 0.330780 -0.100002 0.000000
vt 0.313760 -0.066984 0.000000
vt 0.077530 -0.154825 0.000000
vt 0.000000 0.000000 0.000000
vt -0.005430 -0.136841 0.000000
vt -0.068343 -0.014795 0.000000
vt -0.321593 -0.069617 0.000000
vt 0.065725 -0.133422 0.000000
vt 0.333212 -0.064579 0.000000
vt 0.000000 0.000000 0.000000
vt -0.267487 -0.068843 0.000000
vt 0.068836 -0.132902 0.000000
vt 0.000000 0.000000 0.000000
vt 0.020248 -0.001330 0.000000
vt -0.009971 0.358358 0.000000
vt 0.000000 0.000000 0.000000
vt -0.206833 -0.086786 0.000000
vt 0.065728 -0.133420 0.000000
vt 0.000000 0.000000 0.000000
vt 0.064299 -0.134489 0.000000
vt 0.271132 -0.047704 0.000000
vt 0.000000 0.000000 0.000000
vt 0.030403 -0.359672 0.000000
vt 0.020264 -0.001704 0.000000
vt 0.000000 0.000000 0.000000
vt 0.020264 -0.001703 0.000000
vt -0.008499 0.301757 0.000000
vt 0.000000 0.000000 0.000000
vt 0.028991 -0.303438 0.000000
vt 0.020277 -0.001841 0.000000
vt 0.000000 0.000000 0.000000
vt 0.020277 -0.001840 0.000000
vt -0.006669 0.231264 0.000000
vt 0.000000 0.000000 0.000000
vt 0.020278 -0.001704 0.000000
vt -0.004450 0.152554 0.000000
vt 0.000000 0.000000 0.000000
vt 0.027049 -0.233092 0.000000
vt 0.020278 -0.001704 0.000000
vt 0.000000 0.000000 0.000000
vt 0.020239 -0.001321 0.000000
vt -0.002375 0.088320 0.000000
vt 0.000000 0.000000 0.000000
vt 0.024674 -0.154266 0.000000
vt 0.020238 -0.001327 0.000000
vt 0.000000 0.000000 0.000000
vt 0.020043 -0.000979 0.000000
vt -0.000664 0.044496 0.000000
vt 0.000000 0.000000 0.000000
vt 0.022501 -0.089669 0.000000
vt 0.020043 -0.000996 0.000000
vt 0.000000 0.000000 0.000000
vt 0.019653 -0.001038 0.000000
vt 0.000774 0.022714 0.000000
vt 0.000000 0.000000 0.000000
vt 0.020646 -0.045502 0.000000
vt 0.019654 -0.001022 0.000000
vt 0.000000 0.000000 0.000000
vt 0.063896 -0.135725 0.000000
vt 0.207435 -0.034176 0.000000
vt 0.000000 0.000000 0.000000
vt -0.143539 -0.101550 0.000000
vt 0.064301 -0.134488 0.000000
vt 0.000000 0.000000 0.000000
vt 0.018928 -0.023714 0.000000
vt 0.019429 -0.001496 0.000000
vt 0.000000 0.000000 0.000000
vt 0.063957 -0.136814 0.000000
vt 0.144648 -0.023775 0.000000
vt 0.000000 0.000000 0.000000
vt -0.080690 -0.113040 0.000000
vt 0.063905 -0.135721 0.000000
vt 0.000000 0.000000 0.000000
vt -0.021568 0.020885 0.000000
vt -0.021472 -0.000328 0.000000
vt 0.000000 0.000000 0.000000
vt -0.019270 -0.002897 0.000000
vt 0.002568 -0.021056 0.000000
vt 0.000000 0.000000 0.000000
vt -0.021474 -0.000227 0.000000
vt -0.000183 -0.029283 0.000000
vt 0.000000 0.000000 0.000000
vt -0.021635 0.029288 0.000000
vt -0.021920 0.000006 0.000000
vt 0.000000 0.000000 0.000000
vt -0.021920 0.000006 0.000000
vt -0.000201 -0.050673 0.000000
vt 0.000000 0.000000 0.000000
vt -0.021921 0.050674 0.000000
vt -0.022127 0.000001 0.000000
vt 0.000000 0.000000 0.000000
vt 0.064303 -0.137672 0.000000
vt 0.092903 -0.015626 0.000000
vt 0.000000 0.000000 0.000000
vt -0.028598 -0.122047 0.000000
vt 0.064018 -0.136786 0.000000
vt 0.000000 0.000000 0.000000
vt -0.022127 0.000001 0.000000
vt 0.000002 -0.084900 0.000000
vt 0.000000 0.000000 0.000000
vt -0.022409 0.084898 0.000000
vt -0.022415 -0.000001 0.000000
vt 0.000000 0.000000 0.000000
vt 0.064687 -0.138362 0.000000
vt 0.054898 -0.009516 0.000000
vt 0.000000 0.000000 0.000000
vt 0.009783 -0.128847 0.000000
vt 0.064294 -0.137677 0.000000
vt 0.000000 0.000000 0.000000
vt 0.062511 -0.140007 0.000000
vt 0.031493 -0.005486 0.000000
vt 0.000000 0.000000 0.000000
vt 0.030860 -0.134557 0.000000
vt 0.062076 -0.139553 0.000000
vt 0.000000 0.000000 0.000000
vt -0.078753 0.148983 0.000000
vt -0.022894 0.003362 0.000000
vt 0.000000 0.000000 0.000000
vt -0.022904 0.003291 0.000000
vt 0.048865 -0.145333 0.000000
vt 0.000000 0.000000 0.000000
vt -0.022415 -0.000001 0.000000
vt 0.000369 -0.126194 0.000000
vt 0.000000 0.000000 0.000000
vt -0.023160 0.126187 0.000000
vt -0.022793 -0.000007 0.000000
vt 0.000000 0.000000 0.000000
vt -0.025642 0.156619 0.000000
vt -0.023009 0.000190 0.000000
vt 0.000000 0.000000 0.000000
vt -0.022793 -0.000007 0.000000
vt 0.000887 -0.156449 0.000000
vt 0.000000 0.000000 0.000000
vt -0.023009 0.000190 0.000000
vt 0.003384 -0.170675 0.000000
vt 0.000000 0.000000 0.000000
vt -0.036930 0.171183 0.000000
vt -0.022312 0.001102 0.000000
vt 0.000000 0.000000 0.000000
vt -0.022313 0.001084 0.000000
vt 0.014658 -0.168078 0.000000
vt 0.000000 0.000000 0.000000
vt -0.057796 0.167032 0.000000
vt -0.021522 0.002262 0.000000
vt 0.000000 0.000000 0.000000
vt -0.021529 0.002195 0.000000
vt 0.031775 -0.152696 0.000000
vt 0.000000 0.000000 0.000000
vt 0.071804 -0.154277 0.000000
vt 0.336323 -0.064059 0.000000
vt 0.000000 0.000000 0.000000
vt -0.264519 -0.090219 0.000000
vt 0.077534 -0.154823 0.000000
vt 0.000000 0.000000 0.000000
vt 0.083302 -0.186763 0.000000
vt 0.342053 -0.064605 0.000000
vt 0.000000 0.000000 0.000000
vt -0.258751 -0.122158 0.000000
vt 0.092057 -0.188341 0.000000
vt 0.000000 0.000000 0.000000
vt 0.337703 -0.109009 0.000000
vt 0.316163 -0.067224 0.000000
vt 0.092052 -0.188343 0.000000
vt 0.000000 0.000000 0.000000
vt 0.006698 -0.170191 0.000000
vt -0.069468 -0.022435 0.000000
vt -0.315118 -0.101769 0.000000
vt -0.204709 -0.107617 0.000000
vt 0.071808 -0.154275 0.000000
vt 0.000000 0.000000 0.000000
vt 0.067852 -0.154251 0.000000
vt 0.272561 -0.046635 0.000000
vt 0.000000 0.000000 0.000000
vt 0.018845 -0.004241 0.000000
vt -0.028844 0.356949 0.000000
vt 0.000000 0.000000 0.000000
vt 0.065135 -0.154452 0.000000
vt 0.207840 -0.032938 0.000000
vt 0.000000 0.000000 0.000000
vt -0.142704 -0.121514 0.000000
vt 0.067854 -0.154250 0.000000
vt 0.000000 0.000000 0.000000
vt 0.018981 -0.004823 0.000000
vt -0.024948 0.300691 0.000000
vt 0.000000 0.000000 0.000000
vt 0.048668 -0.361059 0.000000
vt 0.018980 -0.004824 0.000000
vt 0.000000 0.000000 0.000000
vt 0.044690 -0.305403 0.000000
vt 0.019083 -0.005038 0.000000
vt 0.000000 0.000000 0.000000
vt 0.019083 -0.005038 0.000000
vt -0.019656 0.230651 0.000000
vt 0.000000 0.000000 0.000000
vt 0.039031 -0.235641 0.000000
vt 0.019093 -0.004653 0.000000
vt 0.000000 0.000000 0.000000
vt 0.019094 -0.004653 0.000000
vt -0.013168 0.152436 0.000000
vt 0.000000 0.000000 0.000000
vt 0.032137 -0.157115 0.000000
vt 0.018914 -0.003613 0.000000
vt 0.000000 0.000000 0.000000
vt 0.018917 -0.003599 0.000000
vt -0.007244 0.088410 0.000000
vt 0.000000 0.000000 0.000000
vt 0.025935 -0.092073 0.000000
vt 0.018313 -0.002603 0.000000
vt 0.000000 0.000000 0.000000
vt 0.018318 -0.002562 0.000000
vt -0.002456 0.044424 0.000000
vt 0.000000 0.000000 0.000000
vt 0.017151 -0.002479 0.000000
vt 0.001744 0.022155 0.000000
vt 0.000000 0.000000 0.000000
vt 0.020629 -0.047050 0.000000
vt 0.017155 -0.002450 0.000000
vt 0.000000 0.000000 0.000000
vt 0.063193 -0.154630 0.000000
vt 0.144595 -0.022682 0.000000
vt 0.000000 0.000000 0.000000
vt -0.081401 -0.131948 0.000000
vt 0.065145 -0.154448 0.000000
vt 0.000000 0.000000 0.000000
vt 0.015562 -0.024536 0.000000
vt 0.016136 -0.003813 0.000000
vt 0.000000 0.000000 0.000000
vt -0.022040 0.017913 0.000000
vt -0.019686 -0.002331 0.000000
vt 0.000000 0.000000 0.000000
vt -0.015144 -0.006752 0.000000
vt 0.007005 -0.019139 0.000000
vt 0.000000 0.000000 0.000000
vt 0.061893 -0.154726 0.000000
vt 0.092616 -0.014739 0.000000
vt 0.000000 0.000000 0.000000
vt -0.030723 -0.139987 0.000000
vt 0.063266 -0.154600 0.000000
vt 0.000000 0.000000 0.000000
vt -0.019754 -0.001649 0.000000
vt 0.000307 -0.029222 0.000000
vt 0.000000 0.000000 0.000000
vt -0.021322 0.029033 0.000000
vt -0.021668 -0.000188 0.000000
vt 0.000000 0.000000 0.000000
vt -0.021668 -0.000189 0.000000
vt -0.000618 -0.050671 0.000000
vt 0.000000 0.000000 0.000000
vt -0.021717 0.050679 0.000000
vt -0.022127 0.000006 0.000000
vt 0.000000 0.000000 0.000000
vt -0.022127 0.000006 0.000000
vt -0.000277 -0.084899 0.000000
vt 0.000000 0.000000 0.000000
vt -0.022132 0.084900 0.000000
vt -0.022415 0.000001 0.000000
vt 0.000000 0.000000 0.000000
vt 0.061021 -0.154784 0.000000
vt 0.054511 -0.008829 0.000000
vt 0.000000 0.000000 0.000000
vt 0.006508 -0.145955 0.000000
vt 0.061942 -0.154706 0.000000
vt 0.000000 0.000000 0.000000
vt -0.022788 0.126192 0.000000
vt -0.022793 0.000000 0.000000
vt 0.000000 0.000000 0.000000
vt -0.022415 0.000001 0.000000
vt 0.000010 -0.126192 0.000000
vt 0.000000 0.000000 0.000000
vt 0.058193 -0.155686 0.000000
vt 0.031219 -0.004980 0.000000
vt 0.000000 0.000000 0.000000
vt 0.026945 -0.150711 0.000000
vt 0.058792 -0.155644 0.000000
vt 0.000000 0.000000 0.000000
vt -0.071070 0.148959 0.000000
vt -0.022968 0.002985 0.000000
vt 0.000000 0.000000 0.000000
vt -0.022974 0.002937 0.000000
vt 0.045571 -0.159837 0.000000
vt 0.000000 0.000000 0.000000
vt -0.051892 0.155369 0.000000
vt -0.021733 0.001817 0.000000
vt 0.000000 0.000000 0.000000
vt -0.021738 0.001756 0.000000
vt 0.027034 -0.151300 0.000000
vt 0.000000 0.000000 0.000000
vt -0.023681 0.156442 0.000000
vt -0.023244 -0.000003 0.000000
vt 0.000000 0.000000 0.000000
vt -0.022793 0.000000 0.000000
vt 0.000444 -0.156445 0.000000
vt 0.000000 0.000000 0.000000
vt -0.023244 -0.000003 0.000000
vt 0.000983 -0.170751 0.000000
vt 0.000000 0.000000 0.000000
vt -0.026255 0.170886 0.000000
vt -0.023502 0.000155 0.000000
vt 0.000000 0.000000 0.000000
vt -0.036059 0.169358 0.000000
vt -0.022749 0.000851 0.000000
vt 0.000000 0.000000 0.000000
vt -0.023502 0.000152 0.000000
vt 0.003256 -0.169001 0.000000
vt 0.000000 0.000000 0.000000
vt -0.022750 0.000824 0.000000
vt 0.012200 -0.156010 0.000000
vt 0.000000 0.000000 0.000000
vt 0.076583 -0.185756 0.000000
vt 0.276516 -0.046659 0.000000
vt 0.000000 0.000000 0.000000
vt -0.199934 -0.139097 0.000000
vt 0.083306 -0.186761 0.000000
vt 0.000000 0.000000 0.000000
vt 0.089060 -0.225245 0.000000
vt 0.283240 -0.047665 0.000000
vt 0.000000 0.000000 0.000000
vt -0.194180 -0.177581 0.000000
vt 0.098610 -0.227105 0.000000
vt 0.000000 0.000000 0.000000
vt 0.098606 -0.227107 0.000000
vt 0.350807 -0.066183 0.000000
vt 0.000000 0.000000 0.000000
vt -0.252202 -0.160924 0.000000
vt 0.110582 -0.229643 0.000000
vt 0.000000 0.000000 0.000000
vt 0.348801 -0.120770 0.000000
vt 0.321817 -0.068422 0.000000
vt 0.110576 -0.229646 0.000000
vt 0.000000 0.000000 0.000000
vt 0.022868 -0.211203 0.000000
vt -0.069605 -0.031812 0.000000
vt -0.307830 -0.140687 0.000000
vt 0.071458 -0.185086 0.000000
vt 0.210558 -0.032736 0.000000
vt 0.000000 0.000000 0.000000
vt -0.139100 -0.152350 0.000000
vt 0.076585 -0.185755 0.000000
vt 0.000000 0.000000 0.000000
vt -0.365359 -0.165369 0.000000
vt -0.004151 -0.020713 0.000000
vt -0.365292 -0.164875 0.000000
vt 0.000000 0.000000 0.000000
vt -0.004194 -0.020704 0.000000
vt 0.332304 0.131752 0.000000
vt 0.000000 0.000000 0.000000
vt 0.067528 -0.184552 0.000000
vt 0.146546 -0.022500 0.000000
vt 0.000000 0.000000 0.000000
vt -0.079018 -0.162052 0.000000
vt 0.071469 -0.185082 0.000000
vt 0.000000 0.000000 0.000000
vt -0.005242 -0.021319 0.000000
vt 0.281491 0.107876 0.000000
vt 0.000000 0.000000 0.000000
vt -0.337937 -0.149242 0.000000
vt -0.005228 -0.021322 0.000000
vt 0.000000 0.000000 0.000000
vt -0.005718 -0.021702 0.000000
vt 0.217097 0.081375 0.000000
vt 0.000000 0.000000 0.000000
vt -0.287726 -0.126968 0.000000
vt -0.005734 -0.021697 0.000000
vt 0.000000 0.000000 0.000000
vt -0.005074 -0.021564 0.000000
vt 0.144403 0.053713 0.000000
vt 0.000000 0.000000 0.000000
vt -0.223191 -0.102259 0.000000
vt -0.005086 -0.021561 0.000000
vt 0.000000 0.000000 0.000000
vt -0.149306 -0.075615 0.000000
vt -0.003051 -0.020659 0.000000
vt 0.000000 0.000000 0.000000
vt -0.003408 -0.020604 0.000000
vt 0.084774 0.029602 0.000000
vt 0.000000 0.000000 0.000000
vt -0.087764 -0.050933 0.000000
vt -0.000878 -0.018887 0.000000
vt 0.000000 0.000000 0.000000
vt -0.002482 -0.018744 0.000000
vt 0.043640 0.009834 0.000000
vt 0.000000 0.000000 0.000000
vt -0.045468 -0.029609 0.000000
vt -0.000601 -0.016160 0.000000
vt 0.000000 0.000000 0.000000
vt -0.005063 -0.015358 0.000000
vt 0.020049 -0.005275 0.000000
vt 0.000000 0.000000 0.000000
vt -0.029311 -0.169473 0.000000
vt 0.067617 -0.184519 0.000000
vt 0.000000 0.000000 0.000000
vt 0.064677 -0.184087 0.000000
vt 0.093988 -0.014614 0.000000
vt 0.000000 0.000000 0.000000
vt -0.024249 -0.012013 0.000000
vt -0.006151 -0.010685 0.000000
vt 0.000000 0.000000 0.000000
vt -0.009732 -0.007570 0.000000
vt 0.008866 -0.015668 0.000000
vt 0.000000 0.000000 0.000000
vt -0.022412 0.011903 0.000000
vt -0.016922 -0.005242 0.000000
vt 0.000000 0.000000 0.000000
vt -0.017244 -0.004059 0.000000
vt 0.001111 -0.028791 0.000000
vt 0.000000 0.000000 0.000000
vt -0.020244 0.027439 0.000000
vt -0.020367 -0.001373 0.000000
vt 0.000000 0.000000 0.000000
vt 0.062682 -0.183716 0.000000
vt 0.055434 -0.008751 0.000000
vt 0.000000 0.000000 0.000000
vt 0.007249 -0.174965 0.000000
vt 0.064787 -0.184048 0.000000
vt 0.000000 0.000000 0.000000
vt -0.021003 0.050501 0.000000
vt -0.021899 -0.000188 0.000000
vt 0.000000 0.000000 0.000000
vt -0.020366 -0.001386 0.000000
vt -0.002238 -0.050648 0.000000
vt 0.000000 0.000000 0.000000
vt -0.021850 0.084905 0.000000
vt -0.022415 0.000006 0.000000
vt 0.000000 0.000000 0.000000
vt -0.021899 -0.000203 0.000000
vt -0.001307 -0.084891 0.000000
vt 0.000000 0.000000 0.000000
vt -0.022415 0.000007 0.000000
vt -0.000361 -0.126194 0.000000
vt 0.000000 0.000000 0.000000
vt -0.022420 0.126194 0.000000
vt -0.022793 -0.000000 0.000000
vt 0.000000 0.000000 0.000000
vt 0.059208 -0.184154 0.000000
vt 0.031849 -0.004923 0.000000
vt 0.000000 0.000000 0.000000
vt 0.027419 -0.179222 0.000000
vt 0.060695 -0.184383 0.000000
vt 0.000000 0.000000 0.000000
vt -0.022793 0.000000 0.000000
vt 0.000007 -0.156444 0.000000
vt 0.000000 0.000000 0.000000
vt -0.023244 0.156444 0.000000
vt -0.023244 0.000000 0.000000
vt 0.000000 0.000000 0.000000
vt -0.068444 0.162817 0.000000
vt -0.023514 0.002908 0.000000
vt 0.000000 0.000000 0.000000
vt -0.023517 0.002881 0.000000
vt 0.046798 -0.187692 0.000000
vt 0.000000 0.000000 0.000000
vt -0.022128 0.001548 0.000000
vt 0.025239 -0.164172 0.000000
vt 0.000000 0.000000 0.000000
vt -0.048151 0.153252 0.000000
vt -0.022125 0.001590 0.000000
vt 0.000000 0.000000 0.000000
vt -0.034416 0.156952 0.000000
vt -0.023219 0.000680 0.000000
vt 0.000000 0.000000 0.000000
vt -0.023220 0.000655 0.000000
vt 0.010630 -0.153512 0.000000
vt 0.000000 0.000000 0.000000
vt -0.024241 0.170745 0.000000
vt -0.023744 -0.000002 0.000000
vt 0.000000 0.000000 0.000000
vt -0.023244 0.000000 0.000000
vt 0.000499 -0.170748 0.000000
vt 0.000000 0.000000 0.000000
vt -0.023744 -0.000002 0.000000
vt 0.001045 -0.169068 0.000000
vt 0.000000 0.000000 0.000000
vt -0.026650 0.169170 0.000000
vt -0.024019 0.000120 0.000000
vt 0.000000 0.000000 0.000000
vt -0.024019 0.000116 0.000000
vt 0.002968 -0.156645 0.000000
vt 0.000000 0.000000 0.000000
vt 0.081542 -0.223870 0.000000
vt 0.215685 -0.033405 0.000000
vt 0.000000 0.000000 0.000000
vt -0.134142 -0.190465 0.000000
vt 0.089063 -0.225244 0.000000
vt 0.000000 0.000000 0.000000
vt 0.090094 -0.255777 0.000000
vt 0.223205 -0.034780 0.000000
vt 0.000000 0.000000 0.000000
vt -0.133111 -0.220997 0.000000
vt 0.099491 -0.257681 0.000000
vt 0.000000 0.000000 0.000000
vt 0.099488 -0.257683 0.000000
vt 0.292790 -0.049525 0.000000
vt 0.000000 0.000000 0.000000
vt -0.193302 -0.208158 0.000000
vt 0.111300 -0.260195 0.000000
vt 0.000000 0.000000 0.000000
vt 0.111295 -0.260197 0.000000
vt 0.362783 -0.068720 0.000000
vt 0.000000 0.000000 0.000000
vt -0.251488 -0.191477 0.000000
vt 0.125833 -0.263480 0.000000
vt 0.000000 0.000000 0.000000
vt 0.362300 -0.131822 0.000000
vt 0.330698 -0.070516 0.000000
vt 0.125827 -0.263483 0.000000
vt 0.000000 0.000000 0.000000
vt 0.034787 -0.244420 0.000000
vt -0.070867 -0.039457 0.000000
vt -0.307340 -0.171117 0.000000
vt 0.075731 -0.222811 0.000000
vt 0.150487 -0.023030 0.000000
vt 0.000000 0.000000 0.000000
vt -0.074756 -0.199781 0.000000
vt 0.081555 -0.223865 0.000000
vt 0.000000 0.000000 0.000000
vt -0.013004 -0.025219 0.000000
vt 0.343335 0.095807 0.000000
vt 0.000000 0.000000 0.000000
vt 0.071462 -0.221976 0.000000
vt 0.096928 -0.015046 0.000000
vt 0.000000 0.000000 0.000000
vt -0.025466 -0.206930 0.000000
vt 0.075839 -0.222774 0.000000
vt 0.000000 0.000000 0.000000
vt -0.014323 -0.026319 0.000000
vt 0.290269 0.079656 0.000000
vt 0.000000 0.000000 0.000000
vt -0.356638 -0.120142 0.000000
vt -0.014324 -0.026318 0.000000
vt 0.000000 0.000000 0.000000
vt -0.014894 -0.027121 0.000000
vt 0.224357 0.061205 0.000000
vt 0.000000 0.000000 0.000000
vt -0.304801 -0.105374 0.000000
vt -0.014907 -0.027114 0.000000
vt 0.000000 0.000000 0.000000
vt -0.239337 -0.088090 0.000000
vt -0.013845 -0.027153 0.000000
vt 0.000000 0.000000 0.000000
vt -0.013837 -0.027157 0.000000
vt 0.150659 0.041385 0.000000
vt 0.000000 0.000000 0.000000
vt -0.164465 -0.068614 0.000000
vt -0.010582 -0.026025 0.000000
vt 0.000000 0.000000 0.000000
vt -0.010739 -0.025960 0.000000
vt 0.089492 0.023818 0.000000
vt 0.000000 0.000000 0.000000
vt -0.100125 -0.049991 0.000000
vt -0.006041 -0.023525 0.000000
vt 0.000000 0.000000 0.000000
vt -0.006683 -0.023350 0.000000
vt 0.045825 0.009690 0.000000
vt 0.000000 0.000000 0.000000
vt -0.052369 -0.033261 0.000000
vt -0.001416 -0.019420 0.000000
vt 0.000000 0.000000 0.000000
vt -0.002836 -0.019264 0.000000
vt 0.018127 0.000844 0.000000
vt 0.000000 0.000000 0.000000
vt 0.068495 -0.221346 0.000000
vt 0.057538 -0.009082 0.000000
vt 0.000000 0.000000 0.000000
vt 0.010957 -0.212264 0.000000
vt 0.071631 -0.221922 0.000000
vt 0.000000 0.000000 0.000000
vt -0.021147 -0.019914 0.000000
vt 0.004096 -0.013064 0.000000
vt 0.000000 0.000000 0.000000
vt -0.018862 0.007460 0.000000
vt -0.016886 -0.006087 0.000000
vt 0.000000 0.000000 0.000000
vt -0.018634 0.024524 0.000000
vt -0.019160 -0.003563 0.000000
vt 0.000000 0.000000 0.000000
vt -0.017070 -0.005550 0.000000
vt 0.000701 -0.028083 0.000000
vt 0.000000 0.000000 0.000000
vt -0.017807 0.049379 0.000000
vt -0.020836 -0.001370 0.000000
vt 0.000000 0.000000 0.000000
vt -0.019149 -0.003621 0.000000
vt -0.005943 -0.050490 0.000000
vt 0.000000 0.000000 0.000000
vt 0.064389 -0.221545 0.000000
vt 0.033276 -0.005156 0.000000
vt 0.000000 0.000000 0.000000
vt 0.031235 -0.216372 0.000000
vt 0.066630 -0.221915 0.000000
vt 0.000000 0.000000 0.000000
vt -0.020829 -0.001473 0.000000
vt -0.006459 -0.084689 0.000000
vt 0.000000 0.000000 0.000000
vt -0.020517 0.084706 0.000000
vt -0.022189 -0.000213 0.000000
vt 0.000000 0.000000 0.000000
vt -0.022049 0.126202 0.000000
vt -0.022793 0.000007 0.000000
vt 0.000000 0.000000 0.000000
vt -0.022189 -0.000225 0.000000
vt -0.002135 -0.126179 0.000000
vt 0.000000 0.000000 0.000000
vt -0.022793 0.156445 0.000000
vt -0.023244 0.000000 0.000000
vt 0.000000 0.000000 0.000000
vt -0.022793 0.000007 0.000000
vt -0.000436 -0.156445 0.000000
vt 0.000000 0.000000 0.000000
vt -0.070641 0.190452 0.000000
vt -0.024493 0.003029 0.000000
vt 0.000000 0.000000 0.000000
vt -0.024495 0.003016 0.000000
vt 0.051563 -0.224877 0.000000
vt 0.000000 0.000000 0.000000
vt -0.023730 0.170750 0.000000
vt -0.023744 -0.000001 0.000000
vt 0.000000 0.000000 0.000000
vt -0.023244 0.000000 0.000000
vt 0.000000 -0.170750 0.000000
vt 0.000000 0.000000 0.000000
vt -0.022708 0.001510 0.000000
vt 0.026111 -0.191246 0.000000
vt 0.000000 0.000000 0.000000
vt -0.047268 0.165748 0.000000
vt -0.022706 0.001535 0.000000
vt 0.000000 0.000000 0.000000
vt -0.033610 0.154219 0.000000
vt -0.023754 0.000594 0.000000
vt 0.000000 0.000000 0.000000
vt -0.023755 0.000576 0.000000
vt 0.010216 -0.165725 0.000000
vt 0.000000 0.000000 0.000000
vt -0.024549 0.000094 0.000000
vt 0.002877 -0.153914 0.000000
vt 0.000000 0.000000 0.000000
vt -0.026909 0.156774 0.000000
vt -0.024549 0.000097 0.000000
vt 0.000000 0.000000 0.000000
vt -0.023744 -0.000001 0.000000
vt 0.000510 -0.169068 0.000000
vt 0.000000 0.000000 0.000000
vt -0.024788 0.169066 0.000000
vt -0.024267 -0.000002 0.000000
vt 0.000000 0.000000 0.000000
vt -0.024267 -0.000002 0.000000
vt 0.001070 -0.156691 0.000000
vt 0.000000 0.000000 0.000000
vt 0.082806 -0.254330 0.000000
vt 0.156312 -0.024085 0.000000
vt 0.000000 0.000000 0.000000
vt -0.073506 -0.230245 0.000000
vt 0.090109 -0.255772 0.000000
vt 0.000000 0.000000 0.000000
vt 0.087528 -0.275345 0.000000
vt 0.163615 -0.025526 0.000000
vt 0.000000 0.000000 0.000000
vt -0.076087 -0.249818 0.000000
vt 0.095817 -0.277042 0.000000
vt 0.000000 0.000000 0.000000
vt 0.095801 -0.277047 0.000000
vt 0.232602 -0.036685 0.000000
vt 0.000000 0.000000 0.000000
vt -0.136802 -0.240362 0.000000
vt 0.106451 -0.279305 0.000000
vt 0.000000 0.000000 0.000000
vt 0.106448 -0.279306 0.000000
vt 0.304602 -0.052037 0.000000
vt 0.000000 0.000000 0.000000
vt -0.198154 -0.227268 0.000000
vt 0.119753 -0.282256 0.000000
vt 0.000000 0.000000 0.000000
vt 0.119748 -0.282258 0.000000
vt 0.377321 -0.072003 0.000000
vt 0.000000 0.000000 0.000000
vt -0.257573 -0.210254 0.000000
vt 0.136004 -0.286038 0.000000
vt 0.000000 0.000000 0.000000
vt 0.377011 -0.140974 0.000000
vt 0.342128 -0.073303 0.000000
vt 0.135998 -0.286041 0.000000
vt 0.000000 0.000000 0.000000
vt 0.040482 -0.266011 0.000000
vt -0.073757 -0.044394 0.000000
vt -0.314770 -0.189461 0.000000
vt 0.077451 -0.253233 0.000000
vt 0.101306 -0.015845 0.000000
vt 0.000000 0.000000 0.000000
vt -0.023856 -0.237389 0.000000
vt 0.082930 -0.254290 0.000000
vt 0.000000 0.000000 0.000000
vt -0.021253 -0.035702 0.000000
vt 0.344030 0.087319 0.000000
vt 0.000000 0.000000 0.000000
vt 0.073733 -0.252429 0.000000
vt 0.060674 -0.009658 0.000000
vt 0.000000 0.000000 0.000000
vt 0.013059 -0.242771 0.000000
vt 0.077666 -0.253168 0.000000
vt 0.000000 0.000000 0.000000
vt -0.365334 -0.122871 0.000000
vt -0.022952 -0.037373 0.000000
vt 0.000000 0.000000 0.000000
vt -0.022951 -0.037374 0.000000
vt 0.291223 0.073162 0.000000
vt 0.000000 0.000000 0.000000
vt -0.314211 -0.110427 0.000000
vt -0.023955 -0.038739 0.000000
vt 0.000000 0.000000 0.000000
vt -0.023949 -0.038742 0.000000
vt 0.226506 0.057054 0.000000
vt 0.000000 0.000000 0.000000
vt -0.250476 -0.095743 0.000000
vt -0.023083 -0.039195 0.000000
vt 0.000000 0.000000 0.000000
vt -0.023082 -0.039195 0.000000
vt 0.154627 0.039805 0.000000
vt 0.000000 0.000000 0.000000
vt -0.177711 -0.078995 0.000000
vt -0.019543 -0.038232 0.000000
vt 0.000000 0.000000 0.000000
vt -0.019625 -0.038190 0.000000
vt 0.094573 0.024663 0.000000
vt 0.000000 0.000000 0.000000
vt -0.114187 -0.062874 0.000000
vt -0.014131 -0.035748 0.000000
vt 0.000000 0.000000 0.000000
vt -0.014447 -0.035622 0.000000
vt 0.051208 0.012867 0.000000
vt 0.000000 0.000000 0.000000
vt -0.008780 -0.031817 0.000000
vt 0.025348 0.006449 0.000000
vt 0.000000 0.000000 0.000000
vt -0.065620 -0.048536 0.000000
vt -0.008053 -0.032009 0.000000
vt 0.000000 0.000000 0.000000
vt 0.069210 -0.252465 0.000000
vt 0.035395 -0.005540 0.000000
vt 0.000000 0.000000 0.000000
vt 0.033965 -0.246904 0.000000
vt 0.072000 -0.252929 0.000000
vt 0.000000 0.000000 0.000000
vt -0.017916 0.022418 0.000000
vt -0.021361 -0.006162 0.000000
vt 0.000000 0.000000 0.000000
vt -0.034022 -0.038361 0.000000
vt -0.002532 -0.028675 0.000000
vt 0.000000 0.000000 0.000000
vt -0.021342 -0.006227 0.000000
vt -0.011684 -0.050030 0.000000
vt 0.000000 0.000000 0.000000
vt -0.012562 0.047047 0.000000
vt -0.020482 -0.003716 0.000000
vt 0.000000 0.000000 0.000000
vt -0.013910 0.083294 0.000000
vt -0.021182 -0.001538 0.000000
vt 0.000000 0.000000 0.000000
vt -0.020441 -0.003935 0.000000
vt -0.017288 -0.083369 0.000000
vt 0.000000 0.000000 0.000000
vt -0.076688 0.227681 0.000000
vt -0.025863 0.003252 0.000000
vt 0.000000 0.000000 0.000000
vt -0.025864 0.003245 0.000000
vt 0.056220 -0.255671 0.000000
vt 0.000000 0.000000 0.000000
vt -0.020033 0.125957 0.000000
vt -0.022563 -0.000215 0.000000
vt 0.000000 0.000000 0.000000
vt -0.021175 -0.001626 0.000000
vt -0.011512 -0.125671 0.000000
vt 0.000000 0.000000 0.000000
vt -0.022357 0.156452 0.000000
vt -0.023244 0.000003 0.000000
vt 0.000000 0.000000 0.000000
vt -0.022563 -0.000220 0.000000
vt -0.002699 -0.156428 0.000000
vt 0.000000 0.000000 0.000000
vt -0.023260 0.170748 0.000000
vt -0.023744 -0.000000 0.000000
vt 0.000000 0.000000 0.000000
vt -0.023244 0.000003 0.000000
vt -0.000484 -0.170748 0.000000
vt 0.000000 0.000000 0.000000
vt -0.023504 0.001574 0.000000
vt 0.029104 -0.228264 0.000000
vt 0.000000 0.000000 0.000000
vt -0.049125 0.192679 0.000000
vt -0.023503 0.001587 0.000000
vt 0.000000 0.000000 0.000000
vt -0.023744 0.000000 0.000000
vt 0.000015 -0.169065 0.000000
vt 0.000000 0.000000 0.000000
vt -0.024265 0.169066 0.000000
vt -0.024267 0.000001 0.000000
vt 0.000000 0.000000 0.000000
vt -0.033940 0.166307 0.000000
vt -0.024399 0.000571 0.000000
vt 0.000000 0.000000 0.000000
vt -0.024399 0.000560 0.000000
vt 0.010866 -0.192496 0.000000
vt 0.000000 0.000000 0.000000
vt -0.025131 0.000083 0.000000
vt 0.003080 -0.165982 0.000000
vt 0.000000 0.000000 0.000000
vt -0.027399 0.154013 0.000000
vt -0.025131 0.000086 0.000000
vt 0.000000 0.000000 0.000000
vt -0.024803 -0.000001 0.000000
vt 0.001177 -0.153939 0.000000
vt 0.000000 0.000000 0.000000
vt -0.025341 0.156688 0.000000
vt -0.024803 -0.000001 0.000000
vt 0.000000 0.000000 0.000000
vt -0.024267 0.000001 0.000000
vt 0.000535 -0.156689 0.000000
vt 0.000000 0.000000 0.000000
vt 0.081441 -0.274072 0.000000
vt 0.106786 -0.016901 0.000000
vt 0.000000 0.000000 0.000000
vt -0.025347 -0.257170 0.000000
vt 0.087662 -0.275302 0.000000
vt 0.000000 0.000000 0.000000
vt 0.083431 -0.284491 0.000000
vt 0.113009 -0.018132 0.000000
vt 0.000000 0.000000 0.000000
vt -0.029579 -0.266359 0.000000
vt 0.090024 -0.285808 0.000000
vt 0.000000 0.000000 0.000000
vt 0.089886 -0.285851 0.000000
vt 0.171904 -0.027224 0.000000
vt 0.000000 0.000000 0.000000
vt -0.082019 -0.258628 0.000000
vt 0.098665 -0.287678 0.000000
vt 0.000000 0.000000 0.000000
vt 0.098649 -0.287684 0.000000
vt 0.243253 -0.038943 0.000000
vt 0.000000 0.000000 0.000000
vt -0.144605 -0.248741 0.000000
vt 0.109928 -0.290119 0.000000
vt 0.000000 0.000000 0.000000
vt 0.109925 -0.290120 0.000000
vt 0.317907 -0.054988 0.000000
vt 0.000000 0.000000 0.000000
vt -0.207982 -0.235132 0.000000
vt 0.123983 -0.293286 0.000000
vt 0.000000 0.000000 0.000000
vt 0.123978 -0.293288 0.000000
vt 0.393577 -0.075784 0.000000
vt 0.000000 0.000000 0.000000
vt -0.269599 -0.217504 0.000000
vt 0.141087 -0.297317 0.000000
vt 0.000000 0.000000 0.000000
vt 0.392034 -0.147905 0.000000
vt 0.355252 -0.076549 0.000000
vt 0.141080 -0.297320 0.000000
vt 0.000000 0.000000 0.000000
vt 0.040046 -0.276012 0.000000
vt -0.078224 -0.046574 0.000000
vt -0.329178 -0.195989 0.000000
vt 0.077230 -0.273152 0.000000
vt 0.064606 -0.010397 0.000000
vt 0.000000 0.000000 0.000000
vt 0.012623 -0.262755 0.000000
vt 0.081686 -0.273999 0.000000
vt 0.000000 0.000000 0.000000
vt -0.030518 -0.050772 0.000000
vt 0.342617 0.084550 0.000000
vt 0.000000 0.000000 0.000000
vt 0.072490 -0.273065 0.000000
vt 0.038035 -0.006024 0.000000
vt 0.000000 0.000000 0.000000
vt 0.034608 -0.267022 0.000000
vt 0.075645 -0.273595 0.000000
vt 0.000000 0.000000 0.000000
vt -0.373143 -0.135298 0.000000
vt -0.032650 -0.053018 0.000000
vt 0.000000 0.000000 0.000000
vt -0.032649 -0.053018 0.000000
vt 0.290438 0.070948 0.000000
vt 0.000000 0.000000 0.000000
vt -0.323094 -0.123948 0.000000
vt -0.034390 -0.055087 0.000000
vt 0.000000 0.000000 0.000000
vt -0.034388 -0.055088 0.000000
vt 0.227533 0.055984 0.000000
vt 0.000000 0.000000 0.000000
vt -0.261926 -0.111061 0.000000
vt -0.034405 -0.056282 0.000000
vt 0.000000 0.000000 0.000000
vt -0.034408 -0.056280 0.000000
vt 0.158274 0.040353 0.000000
vt 0.000000 0.000000 0.000000
vt -0.192683 -0.096628 0.000000
vt -0.031783 -0.056058 0.000000
vt 0.000000 0.000000 0.000000
vt -0.031828 -0.056032 0.000000
vt 0.100128 0.026860 0.000000
vt 0.000000 0.000000 0.000000
vt -0.131955 -0.082893 0.000000
vt -0.027277 -0.054553 0.000000
vt 0.000000 0.000000 0.000000
vt -0.027394 -0.054494 0.000000
vt 0.057607 0.016390 0.000000
vt 0.000000 0.000000 0.000000
vt -0.084994 -0.070892 0.000000
vt -0.022064 -0.052237 0.000000
vt 0.000000 0.000000 0.000000
vt -0.021788 -0.052352 0.000000
vt 0.031497 0.009661 0.000000
vt 0.000000 0.000000 0.000000
vt -0.027548 0.003535 0.000000
vt 0.059733 -0.276137 0.000000
vt 0.000000 0.000000 0.000000
vt -0.082899 0.258657 0.000000
vt -0.027547 0.003538 0.000000
vt 0.000000 0.000000 0.000000
vt -0.053396 -0.061919 0.000000
vt -0.017152 -0.050290 0.000000
vt 0.000000 0.000000 0.000000
vt -0.009247 0.043892 0.000000
vt -0.024306 -0.007063 0.000000
vt 0.000000 0.000000 0.000000
vt -0.002193 0.079466 0.000000
vt -0.021176 -0.004114 0.000000
vt 0.000000 0.000000 0.000000
vt -0.024248 -0.007259 0.000000
vt -0.030577 -0.080069 0.000000
vt 0.000000 0.000000 0.000000
vt -0.009622 0.124049 0.000000
vt -0.021526 -0.001544 0.000000
vt 0.000000 0.000000 0.000000
vt -0.021137 -0.004308 0.000000
vt -0.030985 -0.122292 0.000000
vt 0.000000 0.000000 0.000000
vt -0.053233 0.229694 0.000000
vt -0.024528 0.001698 0.000000
vt 0.000000 0.000000 0.000000
vt -0.024528 0.001691 0.000000
vt 0.032152 -0.259067 0.000000
vt 0.000000 0.000000 0.000000
vt -0.019937 0.156199 0.000000
vt -0.023009 -0.000190 0.000000
vt 0.000000 0.000000 0.000000
vt -0.021524 -0.001579 0.000000
vt -0.014739 -0.155723 0.000000
vt 0.000000 0.000000 0.000000
vt -0.022746 0.170753 0.000000
vt -0.023744 0.000003 0.000000
vt 0.000000 0.000000 0.000000
vt -0.023009 -0.000190 0.000000
vt -0.002883 -0.170729 0.000000
vt 0.000000 0.000000 0.000000
vt -0.023744 0.000003 0.000000
vt -0.000522 -0.169067 0.000000
vt 0.000000 0.000000 0.000000
vt -0.023744 0.169067 0.000000
vt -0.024267 0.000000 0.000000
vt 0.000000 0.000000 0.000000
vt -0.035385 0.193034 0.000000
vt -0.025199 0.000589 0.000000
vt 0.000000 0.000000 0.000000
vt -0.025199 0.000583 0.000000
vt 0.012337 -0.229465 0.000000
vt 0.000000 0.000000 0.000000
vt -0.024803 0.156690 0.000000
vt -0.024803 0.000000 0.000000
vt 0.000000 0.000000 0.000000
vt -0.024267 0.000000 0.000000
vt -0.000000 -0.156690 0.000000
vt 0.000000 0.000000 0.000000
vt -0.025816 0.000079 0.000000
vt 0.003546 -0.192682 0.000000
vt 0.000000 0.000000 0.000000
vt -0.028204 0.166067 0.000000
vt -0.025816 0.000081 0.000000
vt 0.000000 0.000000 0.000000
vt -0.025391 -0.000001 0.000000
vt 0.001384 -0.165997 0.000000
vt 0.000000 0.000000 0.000000
vt -0.025980 0.153939 0.000000
vt -0.025391 -0.000001 0.000000
vt 0.000000 0.000000 0.000000
vt -0.024803 0.000000 0.000000
vt 0.000588 -0.153939 0.000000
vt 0.000000 0.000000 0.000000
vt 0.078974 -0.283513 0.000000
vt 0.069063 -0.011243 0.000000
vt 0.000000 0.000000 0.000000
vt 0.009909 -0.272270 0.000000
vt 0.083691 -0.284415 0.000000
vt 0.000000 0.000000 0.000000
vt 0.406729 -0.152782 0.000000
vt 0.369224 -0.080024 0.000000
vt 0.141932 -0.299200 0.000000
vt 0.000000 0.000000 0.000000
vt 0.034564 -0.276381 0.000000
vt -0.083970 -0.046430 0.000000
vt -0.348767 -0.192848 0.000000
vt 0.421291 -0.157174 0.000000
vt 0.383331 -0.083533 0.000000
vt 0.141928 -0.299200 0.000000
vt 0.000000 0.000000 0.000000
vt 0.028076 -0.274821 0.000000
vt -0.090001 -0.045756 0.000000
vt -0.369364 -0.187783 0.000000
vt 0.435820 -0.161496 0.000000
vt 0.397440 -0.087038 0.000000
vt 0.141928 -0.299201 0.000000
vt 0.000000 0.000000 0.000000
vt 0.021586 -0.273259 0.000000
vt -0.096068 -0.045013 0.000000
vt -0.389961 -0.182718 0.000000
vt -0.000604 -0.270622 0.000000
vt -0.118142 -0.042673 0.000000
vt -0.473124 -0.170891 0.000000
vt 0.511939 -0.176142 0.000000
vt 0.472523 -0.099718 0.000000
vt 0.138301 -0.310649 0.000000
vt 0.000000 0.000000 0.000000
vt 0.450319 -0.165757 0.000000
vt 0.411547 -0.090542 0.000000
vt 0.141927 -0.299200 0.000000
vt 0.000000 0.000000 0.000000
vt 0.015095 -0.271693 0.000000
vt -0.102167 -0.044208 0.000000
vt -0.410558 -0.177652 0.000000
vt 0.008675 -0.270260 0.000000
vt -0.108264 -0.043405 0.000000
vt -0.431252 -0.172897 0.000000
vt 0.464818 -0.170018 0.000000
vt 0.425654 -0.094041 0.000000
vt 0.141831 -0.299510 0.000000
vt 0.000000 0.000000 0.000000
vt 0.479544 -0.174203 0.000000
vt 0.439928 -0.097358 0.000000
vt 0.141243 -0.301363 0.000000
vt 0.000000 0.000000 0.000000
vt 0.002919 -0.269636 0.000000
vt -0.113998 -0.042850 0.000000
vt -0.452299 -0.170010 0.000000
vt 0.495048 -0.176856 0.000000
vt 0.455220 -0.099615 0.000000
vt 0.140067 -0.305074 0.000000
vt 0.000000 0.000000 0.000000
vt 0.079265 -0.285241 0.000000
vt 0.073782 -0.012145 0.000000
vt 0.000000 0.000000 0.000000
vt 0.005481 -0.273096 0.000000
vt 0.084028 -0.286152 0.000000
vt 0.000000 0.000000 0.000000
vt 0.083765 -0.286229 0.000000
vt 0.119603 -0.019449 0.000000
vt 0.000000 0.000000 0.000000
vt -0.035839 -0.266780 0.000000
vt 0.090415 -0.287560 0.000000
vt 0.000000 0.000000 0.000000
vt 0.090278 -0.287603 0.000000
vt 0.180683 -0.029051 0.000000
vt 0.000000 0.000000 0.000000
vt -0.090406 -0.258552 0.000000
vt 0.099141 -0.289450 0.000000
vt 0.000000 0.000000 0.000000
vt 0.099124 -0.289456 0.000000
vt 0.254533 -0.041378 0.000000
vt 0.000000 0.000000 0.000000
vt -0.155409 -0.248077 0.000000
vt 0.110507 -0.291920 0.000000
vt 0.000000 0.000000 0.000000
vt 0.110504 -0.291921 0.000000
vt 0.331966 -0.058155 0.000000
vt 0.000000 0.000000 0.000000
vt -0.221462 -0.233765 0.000000
vt 0.124686 -0.295125 0.000000
vt 0.000000 0.000000 0.000000
vt 0.124681 -0.295127 0.000000
vt 0.410685 -0.079813 0.000000
vt 0.000000 0.000000 0.000000
vt -0.286004 -0.215313 0.000000
vt 0.141938 -0.299197 0.000000
vt 0.000000 0.000000 0.000000
vt 0.642409 -0.332950 0.000000
vt 0.516239 -0.088377 0.000000
vt 0.000000 0.000000 0.000000
vt 0.516239 -0.088380 0.000000
vt 0.478372 -0.014973 0.000000
vt 0.000000 0.000000 0.000000
vt -0.136133 0.317478 0.000000
vt 0.672967 -0.329537 0.000000
vt 0.542025 -0.075719 0.000000
vt 0.000000 0.000000 0.000000
vt 0.542025 -0.075719 0.000000
vt 0.508052 -0.009868 0.000000
vt 0.000000 0.000000 0.000000
vt -0.134360 0.323077 0.000000
vt 0.672444 0.029253 0.000000
vt 0.663359 0.046876 0.000000
vt 0.000000 0.000000 0.000000
vt -0.132354 0.329051 0.000000
vt 0.795725 -0.282139 0.000000
vt 0.647484 0.005031 0.000000
vt 0.000000 0.000000 0.000000
vt 0.647484 0.005032 0.000000
vt 0.633847 0.031476 0.000000
vt 0.000000 0.000000 0.000000
vt -0.132408 0.329028 0.000000
vt 0.766259 -0.297539 0.000000
vt 0.621937 -0.017882 0.000000
vt 0.000000 0.000000 0.000000
vt 0.704546 -0.322050 0.000000
vt 0.568859 -0.059043 0.000000
vt 0.000000 0.000000 0.000000
vt 0.568859 -0.059042 0.000000
vt 0.539801 -0.002717 0.000000
vt 0.000000 0.000000 0.000000
vt -0.133169 0.326815 0.000000
vt 0.621937 -0.017882 0.000000
vt 0.603418 0.018023 0.000000
vt 0.000000 0.000000 0.000000
vt -0.132445 0.329011 0.000000
vt 0.735863 -0.310989 0.000000
vt 0.595717 -0.039366 0.000000
vt 0.000000 0.000000 0.000000
vt 0.595717 -0.039365 0.000000
vt 0.571983 0.006644 0.000000
vt 0.000000 0.000000 0.000000
vt -0.132565 0.328690 0.000000
vt 0.074217 -0.283346 0.000000
vt 0.041037 -0.006572 0.000000
vt 0.000000 0.000000 0.000000
vt 0.033318 -0.276757 0.000000
vt 0.077531 -0.283911 0.000000
vt 0.000000 0.000000 0.000000
vt -0.041325 -0.069426 0.000000
vt 0.340522 0.082164 0.000000
vt 0.000000 0.000000 0.000000
vt -0.029443 0.003865 0.000000
vt 0.061952 -0.286278 0.000000
vt 0.000000 0.000000 0.000000
vt -0.088141 0.279402 0.000000
vt -0.029443 0.003866 0.000000
vt 0.000000 0.000000 0.000000
vt -0.381849 -0.151584 0.000000
vt -0.043916 -0.072275 0.000000
vt 0.000000 0.000000 0.000000
vt -0.043916 -0.072275 0.000000
vt 0.288726 0.068770 0.000000
vt 0.000000 0.000000 0.000000
vt -0.332645 -0.141040 0.000000
vt -0.046694 -0.075221 0.000000
vt 0.000000 0.000000 0.000000
vt -0.046693 -0.075222 0.000000
vt 0.227537 0.054710 0.000000
vt 0.000000 0.000000 0.000000
vt -0.274232 -0.129928 0.000000
vt -0.048291 -0.077498 0.000000
vt 0.000000 0.000000 0.000000
vt -0.048293 -0.077496 0.000000
vt 0.160913 0.040520 0.000000
vt 0.000000 0.000000 0.000000
vt -0.047739 -0.078529 0.000000
vt 0.104686 0.028311 0.000000
vt 0.000000 0.000000 0.000000
vt -0.209208 -0.118014 0.000000
vt -0.047711 -0.078546 0.000000
vt 0.000000 0.000000 0.000000
vt -0.045514 -0.078548 0.000000
vt 0.062930 0.018654 0.000000
vt 0.000000 0.000000 0.000000
vt -0.152426 -0.106839 0.000000
vt -0.045515 -0.078547 0.000000
vt 0.000000 0.000000 0.000000
vt -0.041432 -0.078563 0.000000
vt 0.036217 0.011711 0.000000
vt 0.000000 0.000000 0.000000
vt -0.108449 -0.097197 0.000000
vt -0.042571 -0.077951 0.000000
vt 0.000000 0.000000 0.000000
vt -0.057520 0.260574 0.000000
vt -0.025737 0.001844 0.000000
vt 0.000000 0.000000 0.000000
vt -0.025737 0.001841 0.000000
vt 0.034633 -0.279582 0.000000
vt 0.000000 0.000000 0.000000
vt 0.006997 0.072749 0.000000
vt -0.025902 -0.007683 0.000000
vt 0.000000 0.000000 0.000000
vt -0.077843 -0.090107 0.000000
vt -0.038903 -0.077706 0.000000
vt 0.000000 0.000000 0.000000
vt 0.009954 0.117974 0.000000
vt -0.021449 -0.004095 0.000000
vt 0.000000 0.000000 0.000000
vt -0.025848 -0.007862 0.000000
vt -0.053389 -0.114178 0.000000
vt 0.000000 0.000000 0.000000
vt -0.007313 0.154120 0.000000
vt -0.021903 -0.001365 0.000000
vt 0.000000 0.000000 0.000000
vt -0.021433 -0.004176 0.000000
vt -0.039875 -0.150991 0.000000
vt 0.000000 0.000000 0.000000
vt -0.037781 0.230008 0.000000
vt -0.026184 0.000629 0.000000
vt 0.000000 0.000000 0.000000
vt -0.026184 0.000626 0.000000
vt 0.013768 -0.260311 0.000000
vt 0.000000 0.000000 0.000000
vt -0.020247 0.170524 0.000000
vt -0.023502 -0.000155 0.000000
vt 0.000000 0.000000 0.000000
vt -0.021903 -0.001366 0.000000
vt -0.015533 -0.170002 0.000000
vt 0.000000 0.000000 0.000000
vt -0.023225 0.169069 0.000000
vt -0.024267 0.000001 0.000000
vt 0.000000 0.000000 0.000000
vt -0.023502 -0.000152 0.000000
vt -0.002746 -0.169049 0.000000
vt 0.000000 0.000000 0.000000
vt -0.024267 0.000001 0.000000
vt -0.000532 -0.156689 0.000000
vt 0.000000 0.000000 0.000000
vt -0.024266 0.156690 0.000000
vt -0.024803 0.000001 0.000000
vt 0.000000 0.000000 0.000000
vt -0.029378 0.192759 0.000000
vt -0.026654 0.000084 0.000000
vt 0.000000 0.000000 0.000000
vt -0.026654 0.000083 0.000000
vt 0.004211 -0.229633 0.000000
vt 0.000000 0.000000 0.000000
vt -0.025393 0.153939 0.000000
vt -0.025392 -0.000001 0.000000
vt 0.000000 0.000000 0.000000
vt -0.024803 0.000001 0.000000
vt -0.000001 -0.153940 0.000000
vt 0.000000 0.000000 0.000000
vt -0.026083 0.000000 0.000000
vt 0.001694 -0.192686 0.000000
vt 0.000000 0.000000 0.000000
vt -0.026775 0.165997 0.000000
vt -0.026083 0.000000 0.000000
vt 0.000000 0.000000 0.000000
vt -0.025392 -0.000001 0.000000
vt 0.000692 -0.165997 0.000000
vt 0.000000 0.000000 0.000000
vt 0.074620 -0.285029 0.000000
vt 0.044214 -0.007153 0.000000
vt 0.000000 0.000000 0.000000
vt 0.030521 -0.277863 0.000000
vt 0.077947 -0.285604 0.000000
vt 0.000000 0.000000 0.000000
vt -0.000177 -0.273845 0.000000
vt -0.119269 -0.042936 0.000000
vt -0.492906 -0.177445 0.000000
vt 0.614503 -0.332455 0.000000
vt 0.492731 -0.096391 0.000000
vt 0.000000 0.000000 0.000000
vt -0.403124 -0.214297 0.000000
vt 0.138305 -0.310648 0.000000
vt 0.000000 0.000000 0.000000
vt 0.677563 -0.413819 0.000000
vt 0.541430 -0.096341 0.000000
vt 0.000000 0.000000 0.000000
vt -0.303262 -0.211242 0.000000
vt 0.141934 -0.299197 0.000000
vt 0.000000 0.000000 0.000000
vt 0.124681 -0.295127 0.000000
vt 0.427942 -0.083884 0.000000
vt 0.000000 0.000000 0.000000
vt 0.124681 -0.295127 0.000000
vt 0.445196 -0.087955 0.000000
vt 0.000000 0.000000 0.000000
vt -0.320516 -0.207171 0.000000
vt 0.141934 -0.299198 0.000000
vt 0.000000 0.000000 0.000000
vt -0.337769 -0.203101 0.000000
vt 0.141933 -0.299197 0.000000
vt 0.000000 0.000000 0.000000
vt 0.124680 -0.295128 0.000000
vt 0.462449 -0.092026 0.000000
vt 0.000000 0.000000 0.000000
vt -0.388318 -0.203531 0.000000
vt 0.140072 -0.305071 0.000000
vt 0.000000 0.000000 0.000000
vt 0.125267 -0.315823 0.000000
vt 0.528392 -0.101528 0.000000
vt 0.000000 0.000000 0.000000
vt 0.124698 -0.295686 0.000000
vt 0.479703 -0.096096 0.000000
vt 0.000000 0.000000 0.000000
vt -0.355005 -0.199591 0.000000
vt 0.141837 -0.299507 0.000000
vt 0.000000 0.000000 0.000000
vt 0.124790 -0.299039 0.000000
vt 0.496843 -0.099910 0.000000
vt 0.000000 0.000000 0.000000
vt -0.372053 -0.199129 0.000000
vt 0.141249 -0.301360 0.000000
vt 0.000000 0.000000 0.000000
vt 0.124986 -0.305749 0.000000
vt 0.513304 -0.102220 0.000000
vt 0.000000 0.000000 0.000000
vt 0.074741 -0.284998 0.000000
vt 0.047426 -0.007740 0.000000
vt 0.000000 0.000000 0.000000
vt 0.027411 -0.277248 0.000000
vt 0.078046 -0.285576 0.000000
vt 0.000000 0.000000 0.000000
vt 0.079259 -0.285242 0.000000
vt 0.078546 -0.013056 0.000000
vt 0.000000 0.000000 0.000000
vt 0.000711 -0.272185 0.000000
vt 0.084026 -0.286153 0.000000
vt 0.000000 0.000000 0.000000
vt 0.083763 -0.286230 0.000000
vt 0.126254 -0.020781 0.000000
vt 0.000000 0.000000 0.000000
vt -0.042493 -0.265449 0.000000
vt 0.090415 -0.287560 0.000000
vt 0.000000 0.000000 0.000000
vt 0.090279 -0.287603 0.000000
vt 0.189547 -0.030898 0.000000
vt 0.000000 0.000000 0.000000
vt -0.099268 -0.256705 0.000000
vt 0.099138 -0.289451 0.000000
vt 0.000000 0.000000 0.000000
vt 0.099122 -0.289456 0.000000
vt 0.265916 -0.043842 0.000000
vt 0.000000 0.000000 0.000000
vt -0.166794 -0.245614 0.000000
vt 0.110506 -0.291921 0.000000
vt 0.000000 0.000000 0.000000
vt 0.110503 -0.291922 0.000000
vt 0.346148 -0.061359 0.000000
vt 0.000000 0.000000 0.000000
vt -0.235645 -0.230562 0.000000
vt 0.124686 -0.295125 0.000000
vt 0.000000 0.000000 0.000000
vt 0.686316 -0.408738 0.000000
vt 0.551958 -0.085661 0.000000
vt 0.000000 0.000000 0.000000
vt 0.551957 -0.085664 0.000000
vt -0.125608 0.328152 0.000000
vt 0.000000 0.000000 0.000000
vt 0.693602 -0.397302 0.000000
vt 0.560433 -0.070487 0.000000
vt 0.000000 0.000000 0.000000
vt 0.560432 -0.070487 0.000000
vt -0.125885 0.338249 0.000000
vt 0.000000 0.000000 0.000000
vt 0.593004 0.027130 0.000000
vt -0.126040 0.349006 0.000000
vt 0.000000 0.000000 0.000000
vt 0.719072 -0.321814 0.000000
vt 0.586633 0.007202 0.000000
vt 0.000000 0.000000 0.000000
vt 0.586633 0.007203 0.000000
vt -0.126090 0.348977 0.000000
vt 0.000000 0.000000 0.000000
vt 0.712745 -0.341728 0.000000
vt 0.580288 -0.012720 0.000000
vt 0.000000 0.000000 0.000000
vt 0.580288 -0.012721 0.000000
vt -0.126130 0.348951 0.000000
vt 0.000000 0.000000 0.000000
vt 0.706432 -0.361644 0.000000
vt 0.573964 -0.032642 0.000000
vt 0.000000 0.000000 0.000000
vt 0.567540 -0.052314 0.000000
vt -0.126061 0.344989 0.000000
vt 0.000000 0.000000 0.000000
vt 0.700113 -0.381001 0.000000
vt 0.567540 -0.052314 0.000000
vt 0.000000 0.000000 0.000000
vt 0.573964 -0.032643 0.000000
vt -0.126143 0.348369 0.000000
vt 0.000000 0.000000 0.000000
vt -0.031454 0.004216 0.000000
vt 0.062979 -0.287825 0.000000
vt 0.000000 0.000000 0.000000
vt -0.092209 0.289886 0.000000
vt -0.031454 0.004215 0.000000
vt 0.000000 0.000000 0.000000
vt -0.052874 -0.089890 0.000000
vt 0.337934 0.079303 0.000000
vt 0.000000 0.000000 0.000000
vt -0.061300 0.281222 0.000000
vt -0.027071 0.002013 0.000000
vt 0.000000 0.000000 0.000000
vt -0.027071 0.002012 0.000000
vt 0.036395 -0.289783 0.000000
vt 0.000000 0.000000 0.000000
vt -0.390810 -0.169188 0.000000
vt -0.055841 -0.093309 0.000000
vt 0.000000 0.000000 0.000000
vt -0.055841 -0.093309 0.000000
vt 0.285951 0.065814 0.000000
vt 0.000000 0.000000 0.000000
vt -0.341795 -0.159118 0.000000
vt -0.059764 -0.097168 0.000000
vt 0.000000 0.000000 0.000000
vt -0.059763 -0.097169 0.000000
vt 0.225942 0.052427 0.000000
vt 0.000000 0.000000 0.000000
vt -0.063330 -0.100711 0.000000
vt 0.161498 0.039465 0.000000
vt 0.000000 0.000000 0.000000
vt -0.285707 -0.149591 0.000000
vt -0.063327 -0.100713 0.000000
vt 0.000000 0.000000 0.000000
vt -0.065556 -0.103312 0.000000
vt 0.106911 0.028290 0.000000
vt 0.000000 0.000000 0.000000
vt -0.224830 -0.140173 0.000000
vt -0.065525 -0.103332 0.000000
vt 0.000000 0.000000 0.000000
vt -0.066480 -0.105086 0.000000
vt 0.065877 0.019250 0.000000
vt 0.000000 0.000000 0.000000
vt -0.172469 -0.131600 0.000000
vt -0.066522 -0.105060 0.000000
vt 0.000000 0.000000 0.000000
vt -0.064831 -0.107298 0.000000
vt 0.038921 0.012461 0.000000
vt 0.000000 0.000000 0.000000
vt -0.132353 -0.124341 0.000000
vt -0.066648 -0.106179 0.000000
vt 0.000000 0.000000 0.000000
vt -0.027321 0.000682 0.000000
vt 0.014897 -0.280904 0.000000
vt 0.000000 0.000000 0.000000
vt -0.040279 0.260887 0.000000
vt -0.027321 0.000684 0.000000
vt 0.000000 0.000000 0.000000
vt 0.027611 0.106298 0.000000
vt -0.026115 -0.007466 0.000000
vt 0.000000 0.000000 0.000000
vt -0.103751 -0.119760 0.000000
vt -0.064634 -0.107941 0.000000
vt 0.000000 0.000000 0.000000
vt -0.026092 -0.007547 0.000000
vt -0.068749 -0.139443 0.000000
vt 0.000000 0.000000 0.000000
vt 0.017181 0.146968 0.000000
vt -0.021492 -0.003615 0.000000
vt 0.000000 0.000000 0.000000
vt -0.021491 -0.003620 0.000000
vt -0.042105 -0.165080 0.000000
vt 0.000000 0.000000 0.000000
vt -0.007278 0.168599 0.000000
vt -0.022311 -0.001101 0.000000
vt 0.000000 0.000000 0.000000
vt -0.030899 0.229712 0.000000
vt -0.027680 0.000089 0.000000
vt 0.000000 0.000000 0.000000
vt -0.027680 0.000089 0.000000
vt 0.004787 -0.260482 0.000000
vt 0.000000 0.000000 0.000000
vt -0.020873 0.168882 0.000000
vt -0.024019 -0.000121 0.000000
vt 0.000000 0.000000 0.000000
vt -0.022312 -0.001085 0.000000
vt -0.014204 -0.168434 0.000000
vt 0.000000 0.000000 0.000000
vt -0.024019 -0.000117 0.000000
vt -0.002436 -0.156676 0.000000
vt 0.000000 0.000000 0.000000
vt -0.023731 0.156691 0.000000
vt -0.024803 0.000000 0.000000
vt 0.000000 0.000000 0.000000
vt -0.000588 -0.153941 0.000000
vt 0.000000 0.000000 0.000000
vt -0.024803 0.153941 0.000000
vt -0.025392 0.000000 0.000000
vt 0.000000 0.000000 0.000000
vt -0.027777 0.192686 0.000000
vt -0.026930 0.000000 0.000000
vt 0.000000 0.000000 0.000000
vt 0.002074 -0.229635 0.000000
vt 0.000000 0.000000 0.000000
vt -0.025392 0.000000 0.000000
vt -0.000000 -0.165996 0.000000
vt 0.000000 0.000000 0.000000
vt -0.026084 0.165996 0.000000
vt -0.026083 -0.000001 0.000000
vt 0.000000 0.000000 0.000000
vt 0.000847 -0.192686 0.000000
vt 0.000000 0.000000 0.000000
vt -0.033490 0.004569 0.000000
vt 0.063674 -0.287673 0.000000
vt 0.000000 0.000000 0.000000
vt -0.095143 0.291810 0.000000
vt -0.033490 0.004568 0.000000
vt 0.000000 0.000000 0.000000
vt -0.097783 0.292036 0.000000
vt -0.035537 0.004922 0.000000
vt 0.000000 0.000000 0.000000
vt -0.314124 -0.244360 0.000000
vt 0.125270 -0.315822 0.000000
vt 0.000000 0.000000 0.000000
vt 0.565002 -0.399608 0.000000
vt 0.439395 -0.071456 0.000000
vt 0.000000 0.000000 0.000000
vt 0.110503 -0.291922 0.000000
vt 0.360331 -0.064563 0.000000
vt 0.000000 0.000000 0.000000
vt -0.249829 -0.227359 0.000000
vt 0.124685 -0.295125 0.000000
vt 0.000000 0.000000 0.000000
vt -0.264012 -0.224155 0.000000
vt 0.124685 -0.295126 0.000000
vt 0.000000 0.000000 0.000000
vt 0.110502 -0.291922 0.000000
vt 0.374514 -0.067766 0.000000
vt 0.000000 0.000000 0.000000
vt 0.110612 -0.292673 0.000000
vt 0.388697 -0.070970 0.000000
vt 0.000000 0.000000 0.000000
vt -0.278085 -0.221702 0.000000
vt 0.124703 -0.295684 0.000000
vt 0.000000 0.000000 0.000000
vt -0.303712 -0.230369 0.000000
vt 0.124990 -0.305748 0.000000
vt 0.000000 0.000000 0.000000
vt 0.114578 -0.319729 0.000000
vt 0.428703 -0.075370 0.000000
vt 0.000000 0.000000 0.000000
vt 0.111274 -0.297179 0.000000
vt 0.402789 -0.073977 0.000000
vt 0.000000 0.000000 0.000000
vt -0.291515 -0.223202 0.000000
vt 0.124795 -0.299037 0.000000
vt 0.000000 0.000000 0.000000
vt 0.112599 -0.306194 0.000000
vt 0.416311 -0.075826 0.000000
vt 0.000000 0.000000 0.000000
vt -0.035537 0.004923 0.000000
vt 0.064276 -0.287538 0.000000
vt 0.000000 0.000000 0.000000
vt 0.074839 -0.284971 0.000000
vt 0.050636 -0.008327 0.000000
vt 0.000000 0.000000 0.000000
vt 0.024285 -0.276637 0.000000
vt 0.078136 -0.285552 0.000000
vt 0.000000 0.000000 0.000000
vt 0.079259 -0.285242 0.000000
vt 0.083315 -0.013968 0.000000
vt 0.000000 0.000000 0.000000
vt -0.004058 -0.271274 0.000000
vt 0.084024 -0.286153 0.000000
vt 0.000000 0.000000 0.000000
vt 0.083762 -0.286230 0.000000
vt 0.132908 -0.022111 0.000000
vt 0.000000 0.000000 0.000000
vt -0.049148 -0.264119 0.000000
vt 0.090412 -0.287561 0.000000
vt 0.000000 0.000000 0.000000
vt 0.090277 -0.287604 0.000000
vt 0.198406 -0.032746 0.000000
vt 0.000000 0.000000 0.000000
vt -0.108130 -0.254858 0.000000
vt 0.099140 -0.289451 0.000000
vt 0.000000 0.000000 0.000000
vt 0.099123 -0.289456 0.000000
vt 0.277300 -0.046307 0.000000
vt 0.000000 0.000000 0.000000
vt -0.178177 -0.243149 0.000000
vt 0.110506 -0.291920 0.000000
vt 0.000000 0.000000 0.000000
vt -0.100350 0.292277 0.000000
vt -0.037586 0.005275 0.000000
vt 0.000000 0.000000 0.000000
vt 0.573888 -0.401568 0.000000
vt 0.448004 -0.063319 0.000000
vt 0.000000 0.000000 0.000000
vt 0.448003 -0.063322 0.000000
vt -0.117000 0.336285 0.000000
vt 0.000000 0.000000 0.000000
vt 0.580984 -0.396716 0.000000
vt 0.454922 -0.051727 0.000000
vt 0.000000 0.000000 0.000000
vt 0.454922 -0.051727 0.000000
vt -0.118967 0.349840 0.000000
vt 0.000000 0.000000 0.000000
vt 0.481298 0.022952 0.000000
vt -0.120989 0.364243 0.000000
vt 0.000000 0.000000 0.000000
vt 0.602300 -0.341267 0.000000
vt 0.476168 0.007706 0.000000
vt 0.000000 0.000000 0.000000
vt 0.476168 0.007706 0.000000
vt -0.121008 0.364220 0.000000
vt 0.000000 0.000000 0.000000
vt 0.597187 -0.356496 0.000000
vt 0.471041 -0.007539 0.000000
vt 0.000000 0.000000 0.000000
vt 0.471041 -0.007539 0.000000
vt -0.121030 0.364195 0.000000
vt 0.000000 0.000000 0.000000
vt 0.592078 -0.371722 0.000000
vt 0.465920 -0.022781 0.000000
vt 0.000000 0.000000 0.000000
vt 0.465921 -0.022780 0.000000
vt -0.120930 0.363420 0.000000
vt 0.000000 0.000000 0.000000
vt 0.586854 -0.386196 0.000000
vt 0.460701 -0.037830 0.000000
vt 0.000000 0.000000 0.000000
vt 0.460701 -0.037830 0.000000
vt -0.120282 0.358887 0.000000
vt 0.000000 0.000000 0.000000
vt -0.028473 0.002194 0.000000
vt 0.037452 -0.291387 0.000000
vt 0.000000 0.000000 0.000000
vt -0.064389 0.291593 0.000000
vt -0.028473 0.002194 0.000000
vt 0.000000 0.000000 0.000000
vt -0.061491 -0.106060 0.000000
vt 0.334969 0.075882 0.000000
vt 0.000000 0.000000 0.000000
vt -0.028559 0.000746 0.000000
vt 0.015691 -0.291197 0.000000
vt 0.000000 0.000000 0.000000
vt -0.042604 0.281528 0.000000
vt -0.028559 0.000747 0.000000
vt 0.000000 0.000000 0.000000
vt -0.396462 -0.181936 0.000000
vt -0.064367 -0.109677 0.000000
vt 0.000000 0.000000 0.000000
vt -0.064366 -0.109677 0.000000
vt 0.282030 0.061952 0.000000
vt 0.000000 0.000000 0.000000
vt -0.346400 -0.171624 0.000000
vt -0.068774 -0.113996 0.000000
vt 0.000000 0.000000 0.000000
vt -0.068773 -0.113996 0.000000
vt 0.222379 0.048880 0.000000
vt 0.000000 0.000000 0.000000
vt -0.291155 -0.162871 0.000000
vt -0.073507 -0.118277 0.000000
vt 0.000000 0.000000 0.000000
vt -0.073510 -0.118275 0.000000
vt 0.159305 0.036842 0.000000
vt 0.000000 0.000000 0.000000
vt -0.232818 -0.155113 0.000000
vt -0.077573 -0.121910 0.000000
vt 0.000000 0.000000 0.000000
vt -0.077610 -0.121887 0.000000
vt 0.105946 0.026541 0.000000
vt 0.000000 0.000000 0.000000
vt -0.183560 -0.148423 0.000000
vt -0.080843 -0.124788 0.000000
vt 0.000000 0.000000 0.000000
vt -0.080782 -0.124827 0.000000
vt 0.065705 0.018162 0.000000
vt 0.000000 0.000000 0.000000
vt -0.146467 -0.143010 0.000000
vt -0.083195 -0.127050 0.000000
vt 0.000000 0.000000 0.000000
vt -0.080865 -0.128546 0.000000
vt 0.039111 0.011835 0.000000
vt 0.000000 0.000000 0.000000
vt -0.032525 0.260564 0.000000
vt -0.028861 0.000098 0.000000
vt 0.000000 0.000000 0.000000
vt -0.028861 0.000098 0.000000
vt 0.005207 -0.281084 0.000000
vt 0.000000 0.000000 0.000000
vt 0.041616 0.132228 0.000000
vt -0.025393 -0.006540 0.000000
vt 0.000000 0.000000 0.000000
vt -0.119672 -0.140640 0.000000
vt -0.082185 -0.130355 0.000000
vt 0.000000 0.000000 0.000000
vt -0.025390 -0.006549 0.000000
vt -0.073653 -0.152561 0.000000
vt 0.000000 0.000000 0.000000
vt 0.018434 0.161723 0.000000
vt -0.021469 -0.002920 0.000000
vt 0.000000 0.000000 0.000000
vt -0.008987 0.167305 0.000000
vt -0.022749 -0.000848 0.000000
vt 0.000000 0.000000 0.000000
vt -0.021474 -0.002884 0.000000
vt -0.038477 -0.164269 0.000000
vt 0.000000 0.000000 0.000000
vt -0.027967 0.000000 0.000000
vt 0.002384 -0.260481 0.000000
vt 0.000000 0.000000 0.000000
vt -0.029004 0.229635 0.000000
vt -0.027967 0.000000 0.000000
vt 0.000000 0.000000 0.000000
vt -0.022750 -0.000822 0.000000
vt -0.011730 -0.156232 0.000000
vt 0.000000 0.000000 0.000000
vt -0.021660 0.156548 0.000000
vt -0.024549 -0.000097 0.000000
vt 0.000000 0.000000 0.000000
vt -0.024549 -0.000094 0.000000
vt -0.002295 -0.153927 0.000000
vt 0.000000 0.000000 0.000000
vt -0.024214 0.153941 0.000000
vt -0.025391 0.000002 0.000000
vt 0.000000 0.000000 0.000000
vt -0.025390 0.165997 0.000000
vt -0.026083 0.000002 0.000000
vt 0.000000 0.000000 0.000000
vt -0.025391 0.000002 0.000000
vt -0.000693 -0.165995 0.000000
vt 0.000000 0.000000 0.000000
vt -0.026930 0.192686 0.000000
vt -0.026930 0.000000 0.000000
vt 0.000000 0.000000 0.000000
vt 0.001037 -0.229635 0.000000
vt 0.000000 0.000000 0.000000
vt -0.026083 0.000002 0.000000
vt -0.000001 -0.192686 0.000000
vt 0.000000 0.000000 0.000000
vt -0.029891 0.002379 0.000000
vt 0.038290 -0.291278 0.000000
vt 0.000000 0.000000 0.000000
vt -0.066774 0.293390 0.000000
vt -0.029891 0.002378 0.000000
vt 0.000000 0.000000 0.000000
vt -0.068942 0.293479 0.000000
vt -0.031313 0.002562 0.000000
vt 0.000000 0.000000 0.000000
vt -0.031313 0.002563 0.000000
vt 0.039042 -0.291179 0.000000
vt 0.000000 0.000000 0.000000
vt -0.071060 0.293572 0.000000
vt -0.032742 0.002746 0.000000
vt 0.000000 0.000000 0.000000
vt -0.226080 -0.267854 0.000000
vt 0.114581 -0.319728 0.000000
vt 0.000000 0.000000 0.000000
vt 0.457661 -0.388153 0.000000
vt 0.340662 -0.051869 0.000000
vt 0.000000 0.000000 0.000000
vt -0.189563 -0.240685 0.000000
vt 0.110505 -0.291921 0.000000
vt 0.000000 0.000000 0.000000
vt 0.099121 -0.289457 0.000000
vt 0.288683 -0.048772 0.000000
vt 0.000000 0.000000 0.000000
vt 0.099310 -0.290351 0.000000
vt 0.300068 -0.051235 0.000000
vt 0.000000 0.000000 0.000000
vt -0.200758 -0.239116 0.000000
vt 0.110615 -0.292672 0.000000
vt 0.000000 0.000000 0.000000
vt 0.100435 -0.295719 0.000000
vt 0.311373 -0.053552 0.000000
vt 0.000000 0.000000 0.000000
vt -0.210938 -0.242167 0.000000
vt 0.111277 -0.297178 0.000000
vt 0.000000 0.000000 0.000000
vt -0.219532 -0.251457 0.000000
vt 0.112602 -0.306193 0.000000
vt 0.000000 0.000000 0.000000
vt 0.106054 -0.322583 0.000000
vt 0.332135 -0.054729 0.000000
vt 0.000000 0.000000 0.000000
vt 0.102683 -0.306461 0.000000
vt 0.322216 -0.055004 0.000000
vt 0.000000 0.000000 0.000000
vt -0.037586 0.005276 0.000000
vt 0.064797 -0.287421 0.000000
vt 0.000000 0.000000 0.000000
vt 0.074922 -0.284949 0.000000
vt 0.053851 -0.008914 0.000000
vt 0.000000 0.000000 0.000000
vt 0.021141 -0.276030 0.000000
vt 0.078213 -0.285531 0.000000
vt 0.000000 0.000000 0.000000
vt 0.079259 -0.285243 0.000000
vt 0.088082 -0.014879 0.000000
vt 0.000000 0.000000 0.000000
vt -0.008825 -0.270364 0.000000
vt 0.084020 -0.286154 0.000000
vt 0.000000 0.000000 0.000000
vt 0.083758 -0.286230 0.000000
vt 0.139559 -0.023443 0.000000
vt 0.000000 0.000000 0.000000
vt -0.055803 -0.262788 0.000000
vt 0.090410 -0.287562 0.000000
vt 0.000000 0.000000 0.000000
vt 0.090276 -0.287604 0.000000
vt 0.207269 -0.034593 0.000000
vt 0.000000 0.000000 0.000000
vt -0.116994 -0.253011 0.000000
vt 0.099137 -0.289451 0.000000
vt 0.000000 0.000000 0.000000
vt -0.032742 0.002747 0.000000
vt 0.039735 -0.291084 0.000000
vt 0.000000 0.000000 0.000000
vt -0.102858 0.292531 0.000000
vt -0.039643 0.005629 0.000000
vt 0.000000 0.000000 0.000000
vt 0.347494 -0.045850 0.000000
vt -0.110168 0.342302 0.000000
vt 0.000000 0.000000 0.000000
vt 0.466461 -0.395689 0.000000
vt 0.347494 -0.045849 0.000000
vt 0.000000 0.000000 0.000000
vt 0.473215 -0.396129 0.000000
vt 0.352932 -0.037243 0.000000
vt 0.000000 0.000000 0.000000
vt 0.352932 -0.037243 0.000000
vt -0.113529 0.358446 0.000000
vt 0.000000 0.000000 0.000000
vt 0.373412 0.018297 0.000000
vt -0.117069 0.375564 0.000000
vt 0.000000 0.000000 0.000000
vt 0.490481 -0.357267 0.000000
vt 0.369438 0.006958 0.000000
vt 0.000000 0.000000 0.000000
vt 0.369438 0.006957 0.000000
vt -0.117070 0.375548 0.000000
vt 0.000000 0.000000 0.000000
vt 0.486508 -0.368591 0.000000
vt 0.365467 -0.004382 0.000000
vt 0.000000 0.000000 0.000000
vt 0.365467 -0.004381 0.000000
vt -0.117071 0.375528 0.000000
vt 0.000000 0.000000 0.000000
vt 0.482538 -0.379909 0.000000
vt 0.361492 -0.015720 0.000000
vt 0.000000 0.000000 0.000000
vt 0.361492 -0.015719 0.000000
vt -0.116888 0.374612 0.000000
vt 0.000000 0.000000 0.000000
vt 0.478380 -0.390331 0.000000
vt 0.357445 -0.026913 0.000000
vt 0.000000 0.000000 0.000000
vt 0.357445 -0.026912 0.000000
vt -0.115770 0.369217 0.000000
vt 0.000000 0.000000 0.000000
vt -0.044642 0.291883 0.000000
vt -0.029850 0.000813 0.000000
vt 0.000000 0.000000 0.000000
vt -0.029850 0.000813 0.000000
vt 0.016150 -0.292895 0.000000
vt 0.000000 0.000000 0.000000
vt -0.066258 -0.116414 0.000000
vt 0.332095 0.072261 0.000000
vt 0.000000 0.000000 0.000000
vt -0.034119 0.281175 0.000000
vt -0.030144 0.000106 0.000000
vt 0.000000 0.000000 0.000000
vt -0.030144 0.000106 0.000000
vt 0.005440 -0.291395 0.000000
vt 0.000000 0.000000 0.000000
vt -0.068468 -0.119786 0.000000
vt 0.277625 0.057630 0.000000
vt 0.000000 0.000000 0.000000
vt -0.398356 -0.188670 0.000000
vt -0.068468 -0.119786 0.000000
vt 0.000000 0.000000 0.000000
vt -0.072513 -0.123972 0.000000
vt 0.217648 0.044595 0.000000
vt 0.000000 0.000000 0.000000
vt -0.346096 -0.177411 0.000000
vt -0.072514 -0.123971 0.000000
vt 0.000000 0.000000 0.000000
vt -0.077321 -0.128288 0.000000
vt 0.155245 0.033204 0.000000
vt 0.000000 0.000000 0.000000
vt -0.290164 -0.168562 0.000000
vt -0.077318 -0.128290 0.000000
vt 0.000000 0.000000 0.000000
vt -0.081997 -0.132139 0.000000
vt 0.102717 0.023636 0.000000
vt 0.000000 0.000000 0.000000
vt -0.232569 -0.161487 0.000000
vt -0.081955 -0.132165 0.000000
vt 0.000000 0.000000 0.000000
vt -0.086045 -0.135461 0.000000
vt 0.063272 0.015958 0.000000
vt 0.000000 0.000000 0.000000
vt -0.184717 -0.155771 0.000000
vt -0.086119 -0.135413 0.000000
vt 0.000000 0.000000 0.000000
vt -0.086721 -0.139834 0.000000
vt 0.037491 0.010274 0.000000
vt 0.000000 0.000000 0.000000
vt -0.149286 -0.151449 0.000000
vt -0.089441 -0.138110 0.000000
vt 0.000000 0.000000 0.000000
vt -0.029159 -0.000000 0.000000
vt 0.002592 -0.281086 0.000000
vt 0.000000 0.000000 0.000000
vt -0.030352 0.260481 0.000000
vt -0.029159 -0.000000 0.000000
vt 0.000000 0.000000 0.000000
vt 0.046332 0.146636 0.000000
vt -0.024293 -0.005294 0.000000
vt 0.000000 0.000000 0.000000
vt -0.123672 -0.150553 0.000000
vt -0.088621 -0.142187 0.000000
vt 0.000000 0.000000 0.000000
vt 0.014874 0.161595 0.000000
vt -0.021522 -0.002259 0.000000
vt 0.000000 0.000000 0.000000
vt -0.024301 -0.005257 0.000000
vt -0.068710 -0.153140 0.000000
vt 0.000000 0.000000 0.000000
vt -0.021528 -0.002199 0.000000
vt -0.031537 -0.153276 0.000000
vt 0.000000 0.000000 0.000000
vt -0.011548 0.155372 0.000000
vt -0.023219 -0.000679 0.000000
vt 0.000000 0.000000 0.000000
vt -0.027967 0.229635 0.000000
vt -0.027967 0.000000 0.000000
vt 0.000000 0.000000 0.000000
vt 0.001192 -0.260481 0.000000
vt 0.000000 0.000000 0.000000
vt -0.022282 0.153829 0.000000
vt -0.025131 -0.000086 0.000000
vt 0.000000 0.000000 0.000000
vt -0.023220 -0.000655 0.000000
vt -0.010094 -0.153610 0.000000
vt 0.000000 0.000000 0.000000
vt -0.024701 0.165996 0.000000
vt -0.026083 -0.000001 0.000000
vt 0.000000 0.000000 0.000000
vt -0.025131 -0.000083 0.000000
vt -0.002396 -0.165986 0.000000
vt 0.000000 0.000000 0.000000
vt -0.026083 0.192687 0.000000
vt -0.026930 0.000000 0.000000
vt 0.000000 0.000000 0.000000
vt -0.026083 -0.000001 0.000000
vt -0.000846 -0.192687 0.000000
vt 0.000000 0.000000 0.000000
vt -0.026930 0.000000 0.000000
vt -0.000000 -0.229635 0.000000
vt 0.000000 0.000000 0.000000
vt -0.031149 0.000882 0.000000
vt 0.016505 -0.292875 0.000000
vt 0.000000 0.000000 0.000000
vt -0.046356 0.293652 0.000000
vt -0.031149 0.000882 0.000000
vt 0.000000 0.000000 0.000000
vt -0.032449 0.000951 0.000000
vt 0.016839 -0.292855 0.000000
vt 0.000000 0.000000 0.000000
vt -0.047990 0.293702 0.000000
vt -0.032449 0.000950 0.000000
vt 0.000000 0.000000 0.000000
vt -0.049587 0.293756 0.000000
vt -0.033750 0.001019 0.000000
vt 0.000000 0.000000 0.000000
vt -0.073107 0.293675 0.000000
vt -0.034172 0.002931 0.000000
vt 0.000000 0.000000 0.000000
vt -0.033750 0.001019 0.000000
vt 0.017136 -0.292839 0.000000
vt 0.000000 0.000000 0.000000
vt -0.051173 0.293808 0.000000
vt -0.035051 0.001088 0.000000
vt 0.000000 0.000000 0.000000
vt -0.142499 -0.284542 0.000000
vt 0.106073 -0.322576 0.000000
vt 0.000000 0.000000 0.000000
vt 0.358751 -0.380330 0.000000
vt 0.248573 -0.038031 0.000000
vt 0.000000 0.000000 0.000000
vt 0.090496 -0.288574 0.000000
vt 0.216131 -0.036440 0.000000
vt 0.000000 0.000000 0.000000
vt -0.125635 -0.252135 0.000000
vt 0.099327 -0.290346 0.000000
vt 0.000000 0.000000 0.000000
vt 0.091814 -0.294398 0.000000
vt 0.224962 -0.038208 0.000000
vt 0.000000 0.000000 0.000000
vt -0.133147 -0.256191 0.000000
vt 0.100454 -0.295713 0.000000
vt 0.000000 0.000000 0.000000
vt 0.094567 -0.306166 0.000000
vt 0.233602 -0.039517 0.000000
vt 0.000000 0.000000 0.000000
vt 0.099234 -0.324338 0.000000
vt 0.241736 -0.039797 0.000000
vt 0.000000 0.000000 0.000000
vt -0.139030 -0.266652 0.000000
vt 0.102705 -0.306453 0.000000
vt 0.000000 0.000000 0.000000
vt -0.039643 0.005630 0.000000
vt 0.064447 -0.287369 0.000000
vt 0.000000 0.000000 0.000000
vt 0.074228 -0.284999 0.000000
vt 0.057072 -0.009502 0.000000
vt 0.000000 0.000000 0.000000
vt 0.017210 -0.275494 0.000000
vt 0.077813 -0.285979 0.000000
vt 0.000000 0.000000 0.000000
vt 0.078854 -0.285693 0.000000
vt 0.092845 -0.015790 0.000000
vt 0.000000 0.000000 0.000000
vt -0.013990 -0.269904 0.000000
vt 0.084064 -0.287003 0.000000
vt 0.000000 0.000000 0.000000
vt 0.083812 -0.287076 0.000000
vt 0.146213 -0.024774 0.000000
vt 0.000000 0.000000 0.000000
vt -0.062399 -0.262303 0.000000
vt 0.090631 -0.288532 0.000000
vt 0.000000 0.000000 0.000000
vt -0.034172 0.002931 0.000000
vt 0.039835 -0.290868 0.000000
vt 0.000000 0.000000 0.000000
vt -0.104515 0.292847 0.000000
vt -0.041497 0.006108 0.000000
vt 0.000000 0.000000 0.000000
vt 0.367024 -0.391912 0.000000
vt 0.253492 -0.033466 0.000000
vt 0.000000 0.000000 0.000000
vt 0.253492 -0.033467 0.000000
vt -0.105260 0.346862 0.000000
vt 0.000000 0.000000 0.000000
vt 0.372879 -0.396074 0.000000
vt 0.257112 -0.026856 0.000000
vt 0.000000 0.000000 0.000000
vt 0.257112 -0.026856 0.000000
vt -0.109912 0.365056 0.000000
vt 0.000000 0.000000 0.000000
vt 0.271826 0.013399 0.000000
vt -0.114174 0.383736 0.000000
vt 0.000000 0.000000 0.000000
vt 0.385996 -0.370342 0.000000
vt 0.268935 0.005225 0.000000
vt 0.000000 0.000000 0.000000
vt 0.268935 0.005224 0.000000
vt -0.114171 0.383721 0.000000
vt 0.000000 0.000000 0.000000
vt 0.383103 -0.378500 0.000000
vt 0.266043 -0.002949 0.000000
vt 0.000000 0.000000 0.000000
vt 0.266043 -0.002949 0.000000
vt -0.114171 0.383702 0.000000
vt 0.000000 0.000000 0.000000
vt 0.380213 -0.386653 0.000000
vt 0.263152 -0.011122 0.000000
vt 0.000000 0.000000 0.000000
vt 0.263152 -0.011121 0.000000
vt -0.113958 0.382710 0.000000
vt 0.000000 0.000000 0.000000
vt 0.377109 -0.393832 0.000000
vt 0.260228 -0.019218 0.000000
vt 0.000000 0.000000 0.000000
vt 0.260228 -0.019217 0.000000
vt -0.112651 0.376856 0.000000
vt 0.000000 0.000000 0.000000
vt -0.035632 0.291495 0.000000
vt -0.031478 0.000117 0.000000
vt 0.000000 0.000000 0.000000
vt -0.031478 0.000117 0.000000
vt 0.005519 -0.293113 0.000000
vt 0.000000 0.000000 0.000000
vt -0.067175 -0.120953 0.000000
vt 0.329887 0.068886 0.000000
vt 0.000000 0.000000 0.000000
vt -0.031751 0.281085 0.000000
vt -0.030455 0.000000 0.000000
vt 0.000000 0.000000 0.000000
vt 0.002695 -0.291395 0.000000
vt 0.000000 0.000000 0.000000
vt -0.397064 -0.189834 0.000000
vt -0.068140 -0.123634 0.000000
vt 0.000000 0.000000 0.000000
vt -0.068141 -0.123633 0.000000
vt 0.273582 0.053441 0.000000
vt 0.000000 0.000000 0.000000
vt -0.341725 -0.177070 0.000000
vt -0.070982 -0.127096 0.000000
vt 0.000000 0.000000 0.000000
vt -0.070982 -0.127097 0.000000
vt 0.212846 0.040273 0.000000
vt 0.000000 0.000000 0.000000
vt -0.283830 -0.167366 0.000000
vt -0.074758 -0.130754 0.000000
vt 0.000000 0.000000 0.000000
vt -0.074763 -0.130751 0.000000
vt 0.150614 0.029323 0.000000
vt 0.000000 0.000000 0.000000
vt -0.225380 -0.160071 0.000000
vt -0.078656 -0.134095 0.000000
vt 0.000000 0.000000 0.000000
vt -0.078702 -0.134068 0.000000
vt 0.098598 0.020358 0.000000
vt 0.000000 0.000000 0.000000
vt -0.177304 -0.154422 0.000000
vt -0.082355 -0.136938 0.000000
vt 0.000000 0.000000 0.000000
vt -0.082281 -0.136983 0.000000
vt 0.059845 0.013336 0.000000
vt 0.000000 0.000000 0.000000
vt -0.142096 -0.150348 0.000000
vt -0.085388 -0.139341 0.000000
vt 0.000000 0.000000 0.000000
vt -0.082496 -0.141072 0.000000
vt 0.035058 0.008341 0.000000
vt 0.000000 0.000000 0.000000
vt -0.029159 0.260481 0.000000
vt -0.029159 0.000000 0.000000
vt 0.000000 0.000000 0.000000
vt 0.001296 -0.281085 0.000000
vt 0.000000 0.000000 0.000000
vt -0.116974 -0.149868 0.000000
vt -0.084185 -0.143242 0.000000
vt 0.000000 0.000000 0.000000
vt 0.042346 0.148486 0.000000
vt -0.023335 -0.004129 0.000000
vt 0.000000 0.000000 0.000000
vt -0.023347 -0.004064 0.000000
vt -0.057286 -0.145066 0.000000
vt 0.000000 0.000000 0.000000
vt 0.008684 0.151160 0.000000
vt -0.021735 -0.001813 0.000000
vt 0.000000 0.000000 0.000000
vt -0.013361 0.152935 0.000000
vt -0.023754 -0.000592 0.000000
vt 0.000000 0.000000 0.000000
vt -0.021739 -0.001756 0.000000
vt -0.026646 -0.151554 0.000000
vt 0.000000 0.000000 0.000000
vt -0.027967 0.000000 0.000000
vt -0.000000 -0.260481 0.000000
vt 0.000000 0.000000 0.000000
vt -0.026930 0.229635 0.000000
vt -0.027967 0.000000 0.000000
vt 0.000000 0.000000 0.000000
vt -0.022743 0.165902 0.000000
vt -0.025816 -0.000081 0.000000
vt 0.000000 0.000000 0.000000
vt -0.023755 -0.000575 0.000000
vt -0.009573 -0.165735 0.000000
vt 0.000000 0.000000 0.000000
vt -0.025816 -0.000079 0.000000
vt -0.002708 -0.192675 0.000000
vt 0.000000 0.000000 0.000000
vt -0.025236 0.192686 0.000000
vt -0.026930 0.000000 0.000000
vt 0.000000 0.000000 0.000000
vt -0.001037 -0.229635 0.000000
vt 0.000000 0.000000 0.000000
vt -0.037050 0.293223 0.000000
vt -0.032821 0.000125 0.000000
vt 0.000000 0.000000 0.000000
vt 0.005572 -0.293111 0.000000
vt 0.000000 0.000000 0.000000
vt -0.038437 0.293231 0.000000
vt -0.034164 0.000136 0.000000
vt 0.000000 0.000000 0.000000
vt 0.005616 -0.293111 0.000000
vt 0.000000 0.000000 0.000000
vt -0.039821 0.293241 0.000000
vt -0.035507 0.000146 0.000000
vt 0.000000 0.000000 0.000000
vt 0.005657 -0.293110 0.000000
vt 0.000000 0.000000 0.000000
vt -0.041202 0.293250 0.000000
vt -0.036850 0.000155 0.000000
vt 0.000000 0.000000 0.000000
vt -0.035051 0.001088 0.000000
vt 0.017283 -0.292752 0.000000
vt 0.000000 0.000000 0.000000
vt -0.074256 0.293736 0.000000
vt -0.035260 0.003078 0.000000
vt 0.000000 0.000000 0.000000
vt -0.052329 0.293841 0.000000
vt -0.036229 0.001128 0.000000
vt 0.000000 0.000000 0.000000
vt -0.036850 0.000155 0.000000
vt 0.005680 -0.293101 0.000000
vt 0.000000 0.000000 0.000000
vt -0.077214 -0.292558 0.000000
vt 0.099338 -0.324306 0.000000
vt 0.000000 0.000000 0.000000
vt 0.281850 -0.378599 0.000000
vt 0.176553 -0.031748 0.000000
vt 0.000000 0.000000 0.000000
vt 0.084136 -0.292149 0.000000
vt 0.153030 -0.026227 0.000000
vt 0.000000 0.000000 0.000000
vt -0.068879 -0.265926 0.000000
vt 0.091957 -0.294354 0.000000
vt 0.000000 0.000000 0.000000
vt 0.085761 -0.303211 0.000000
vt 0.160837 -0.028423 0.000000
vt 0.000000 0.000000 0.000000
vt -0.075055 -0.274793 0.000000
vt 0.094713 -0.306121 0.000000
vt 0.000000 0.000000 0.000000
vt 0.092549 -0.323882 0.000000
vt 0.169768 -0.031326 0.000000
vt 0.000000 0.000000 0.000000
vt -0.041496 0.006109 0.000000
vt 0.059984 -0.287591 0.000000
vt 0.000000 0.000000 0.000000
vt 0.069673 -0.285399 0.000000
vt 0.060602 -0.010487 0.000000
vt 0.000000 0.000000 0.000000
vt 0.009077 -0.274911 0.000000
vt 0.075118 -0.288759 0.000000
vt 0.000000 0.000000 0.000000
vt 0.076480 -0.288401 0.000000
vt 0.098054 -0.017099 0.000000
vt 0.000000 0.000000 0.000000
vt -0.021580 -0.271301 0.000000
vt 0.084307 -0.292099 0.000000
vt 0.000000 0.000000 0.000000
vt -0.035261 0.003074 0.000000
vt 0.036956 -0.290058 0.000000
vt 0.000000 0.000000 0.000000
vt -0.101889 0.293558 0.000000
vt -0.042102 0.007333 0.000000
vt 0.000000 0.000000 0.000000
vt 0.288315 -0.392107 0.000000
vt 0.178429 -0.027044 0.000000
vt 0.000000 0.000000 0.000000
vt 0.178429 -0.027043 0.000000
vt -0.103422 0.351556 0.000000
vt 0.000000 0.000000 0.000000
vt 0.290722 -0.396736 0.000000
vt 0.178142 -0.019859 0.000000
vt 0.000000 0.000000 0.000000
vt 0.178142 -0.019858 0.000000
vt -0.110182 0.372243 0.000000
vt 0.000000 0.000000 0.000000
vt 0.186749 0.009204 0.000000
vt -0.112026 0.389393 0.000000
vt 0.000000 0.000000 0.000000
vt 0.298761 -0.380200 0.000000
vt 0.184767 0.003590 0.000000
vt 0.000000 0.000000 0.000000
vt 0.184767 0.003590 0.000000
vt -0.112032 0.389377 0.000000
vt 0.000000 0.000000 0.000000
vt 0.296786 -0.385797 0.000000
vt 0.182785 -0.002026 0.000000
vt 0.000000 0.000000 0.000000
vt 0.294828 -0.391385 0.000000
vt 0.180802 -0.007640 0.000000
vt 0.000000 0.000000 0.000000
vt 0.182785 -0.002025 0.000000
vt -0.112053 0.389352 0.000000
vt 0.000000 0.000000 0.000000
vt 0.180802 -0.007639 0.000000
vt -0.112032 0.388475 0.000000
vt 0.000000 0.000000 0.000000
vt 0.292826 -0.396120 0.000000
vt 0.178978 -0.013377 0.000000
vt 0.000000 0.000000 0.000000
vt 0.178978 -0.013376 0.000000
vt -0.111755 0.383352 0.000000
vt 0.000000 0.000000 0.000000
vt -0.031802 0.000000 0.000000
vt 0.002712 -0.293115 0.000000
vt 0.000000 0.000000 0.000000
vt -0.033150 0.291395 0.000000
vt -0.031802 0.000000 0.000000
vt 0.000000 0.000000 0.000000
vt -0.065842 -0.122581 0.000000
vt 0.328924 0.066202 0.000000
vt 0.000000 0.000000 0.000000
vt -0.030455 0.281085 0.000000
vt -0.030455 0.000000 0.000000
vt 0.000000 0.000000 0.000000
vt 0.001348 -0.291395 0.000000
vt 0.000000 0.000000 0.000000
vt -0.065026 -0.124201 0.000000
vt 0.270742 0.049975 0.000000
vt 0.000000 0.000000 0.000000
vt -0.394768 -0.188780 0.000000
vt -0.065025 -0.124202 0.000000
vt 0.000000 0.000000 0.000000
vt -0.065920 -0.126471 0.000000
vt 0.209072 0.036613 0.000000
vt 0.000000 0.000000 0.000000
vt -0.335771 -0.174174 0.000000
vt -0.065920 -0.126471 0.000000
vt 0.000000 0.000000 0.000000
vt -0.067745 -0.128903 0.000000
vt 0.146723 0.025977 0.000000
vt 0.000000 0.000000 0.000000
vt -0.274994 -0.163081 0.000000
vt -0.067740 -0.128906 0.000000
vt 0.000000 0.000000 0.000000
vt -0.069872 -0.131076 0.000000
vt 0.094949 0.017484 0.000000
vt 0.000000 0.000000 0.000000
vt -0.214470 -0.154877 0.000000
vt -0.069822 -0.131102 0.000000
vt 0.000000 0.000000 0.000000
vt -0.071872 -0.132958 0.000000
vt 0.056708 0.011004 0.000000
vt 0.000000 0.000000 0.000000
vt -0.164823 -0.148556 0.000000
vt -0.071920 -0.132932 0.000000
vt 0.000000 0.000000 0.000000
vt -0.070948 -0.135914 0.000000
vt 0.032795 0.006594 0.000000
vt 0.000000 0.000000 0.000000
vt -0.128561 -0.143979 0.000000
vt -0.073664 -0.134461 0.000000
vt 0.000000 0.000000 0.000000
vt -0.027967 0.260481 0.000000
vt -0.029159 0.000000 0.000000
vt 0.000000 0.000000 0.000000
vt -0.000000 -0.281085 0.000000
vt 0.000000 0.000000 0.000000
vt 0.032588 0.141321 0.000000
vt -0.022892 -0.003359 0.000000
vt 0.000000 0.000000 0.000000
vt -0.103355 -0.142790 0.000000
vt -0.071866 -0.137279 0.000000
vt 0.000000 0.000000 0.000000
vt 0.004301 0.149817 0.000000
vt -0.022125 -0.001590 0.000000
vt 0.000000 0.000000 0.000000
vt -0.022901 -0.003296 0.000000
vt -0.048766 -0.145754 0.000000
vt 0.000000 0.000000 0.000000
vt -0.014213 0.165157 0.000000
vt -0.024399 -0.000571 0.000000
vt 0.000000 0.000000 0.000000
vt -0.022128 -0.001549 0.000000
vt -0.024657 -0.164199 0.000000
vt 0.000000 0.000000 0.000000
vt -0.025893 0.229635 0.000000
vt -0.027967 0.000000 0.000000
vt 0.000000 0.000000 0.000000
vt -0.001192 -0.260481 0.000000
vt 0.000000 0.000000 0.000000
vt -0.024399 -0.000560 0.000000
vt -0.010067 -0.192452 0.000000
vt 0.000000 0.000000 0.000000
vt -0.023088 0.192598 0.000000
vt -0.026654 -0.000084 0.000000
vt 0.000000 0.000000 0.000000
vt -0.026654 -0.000083 0.000000
vt -0.003189 -0.229623 0.000000
vt 0.000000 0.000000 0.000000
vt -0.042531 0.293256 0.000000
vt -0.038178 0.000162 0.000000
vt 0.000000 0.000000 0.000000
vt -0.033159 0.000000 0.000000
vt 0.002712 -0.293114 0.000000
vt 0.000000 0.000000 0.000000
vt -0.034515 0.293115 0.000000
vt -0.033159 0.000000 0.000000
vt 0.000000 0.000000 0.000000
vt -0.034515 0.000000 0.000000
vt 0.002712 -0.293115 0.000000
vt 0.000000 0.000000 0.000000
vt -0.035871 0.293114 0.000000
vt -0.034515 0.000000 0.000000
vt 0.000000 0.000000 0.000000
vt -0.037227 0.293115 0.000000
vt -0.035871 0.000000 0.000000
vt 0.000000 0.000000 0.000000
vt 0.002712 -0.293115 0.000000
vt 0.000000 0.000000 0.000000
vt -0.038583 0.293115 0.000000
vt -0.037227 0.000000 0.000000
vt 0.000000 0.000000 0.000000
vt 0.002712 -0.293114 0.000000
vt 0.000000 0.000000 0.000000
vt -0.039939 0.293114 0.000000
vt -0.038583 0.000000 0.000000
vt 0.000000 0.000000 0.000000
vt -0.036229 0.001127 0.000000
vt 0.016446 -0.292339 0.000000
vt 0.000000 0.000000 0.000000
vt -0.070424 0.293568 0.000000
vt -0.034286 0.003005 0.000000
vt 0.000000 0.000000 0.000000
vt -0.038178 0.000162 0.000000
vt 0.005595 -0.293044 0.000000
vt 0.000000 0.000000 0.000000
vt -0.051142 0.293738 0.000000
vt -0.036678 0.000998 0.000000
vt 0.000000 0.000000 0.000000
vt -0.038096 -0.289012 0.000000
vt 0.092124 -0.324003 0.000000
vt 0.000000 0.000000 0.000000
vt 0.233054 -0.386723 0.000000
vt 0.130219 -0.034995 0.000000
vt 0.000000 0.000000 0.000000
vt 0.073234 -0.295470 0.000000
vt 0.105887 -0.020802 0.000000
vt 0.000000 0.000000 0.000000
vt -0.032750 -0.274657 0.000000
vt 0.085688 -0.303232 0.000000
vt 0.000000 0.000000 0.000000
vt 0.080517 -0.317620 0.000000
vt 0.118436 -0.028585 0.000000
vt 0.000000 0.000000 0.000000
vt -0.042102 0.007334 0.000000
vt 0.049048 -0.287393 0.000000
vt 0.000000 0.000000 0.000000
vt 0.058886 -0.285540 0.000000
vt 0.066039 -0.013858 0.000000
vt 0.000000 0.000000 0.000000
vt -0.007387 -0.271676 0.000000
vt 0.071047 -0.296003 0.000000
vt 0.000000 0.000000 0.000000
vt -0.091564 0.294598 0.000000
vt -0.038306 0.009479 0.000000
vt 0.000000 0.000000 0.000000
vt -0.034287 0.002995 0.000000
vt 0.029370 -0.288561 0.000000
vt 0.000000 0.000000 0.000000
vt 0.234218 -0.398324 0.000000
vt 0.124742 -0.025872 0.000000
vt 0.000000 0.000000 0.000000
vt 0.124744 -0.025866 0.000000
vt -0.108406 0.360799 0.000000
vt 0.000000 0.000000 0.000000
vt 0.229301 -0.398961 0.000000
vt 0.118336 -0.015380 0.000000
vt 0.000000 0.000000 0.000000
vt 0.118337 -0.015375 0.000000
vt -0.116042 0.382853 0.000000
vt 0.000000 0.000000 0.000000
vt 0.121129 0.005948 0.000000
vt -0.109836 0.393265 0.000000
vt 0.000000 0.000000 0.000000
vt 0.230880 -0.387369 0.000000
vt 0.119887 0.002320 0.000000
vt 0.000000 0.000000 0.000000
vt 0.119887 0.002319 0.000000
vt -0.109832 0.393253 0.000000
vt 0.000000 0.000000 0.000000
vt 0.229637 -0.390982 0.000000
vt 0.118640 -0.001309 0.000000
vt 0.000000 0.000000 0.000000
vt 0.118640 -0.001309 0.000000
vt -0.109887 0.393222 0.000000
vt 0.000000 0.000000 0.000000
vt 0.228456 -0.394572 0.000000
vt 0.117388 -0.004938 0.000000
vt 0.000000 0.000000 0.000000
vt 0.117388 -0.004936 0.000000
vt -0.110381 0.392720 0.000000
vt 0.000000 0.000000 0.000000
vt 0.227703 -0.397694 0.000000
vt 0.116562 -0.008964 0.000000
vt 0.000000 0.000000 0.000000
vt 0.116562 -0.008961 0.000000
vt -0.112843 0.389940 0.000000
vt 0.000000 0.000000 0.000000
vt -0.031802 0.291395 0.000000
vt -0.031802 0.000000 0.000000
vt 0.000000 0.000000 0.000000
vt 0.001356 -0.293115 0.000000
vt 0.000000 0.000000 0.000000
vt -0.068719 -0.132902 0.000000
vt 0.329743 0.064580 0.000000
vt 0.000000 0.000000 0.000000
vt -0.030455 0.000000 0.000000
vt -0.000000 -0.291395 0.000000
vt 0.000000 0.000000 0.000000
vt -0.029159 0.281086 0.000000
vt -0.030455 0.000000 0.000000
vt 0.000000 0.000000 0.000000
vt -0.398463 -0.197480 0.000000
vt -0.065691 -0.133422 0.000000
vt 0.000000 0.000000 0.000000
vt -0.065693 -0.133421 0.000000
vt 0.269850 0.047704 0.000000
vt 0.000000 0.000000 0.000000
vt -0.335544 -0.181123 0.000000
vt -0.064292 -0.134489 0.000000
vt 0.000000 0.000000 0.000000
vt -0.064293 -0.134488 0.000000
vt 0.207254 0.034176 0.000000
vt 0.000000 0.000000 0.000000
vt -0.271548 -0.168662 0.000000
vt -0.063897 -0.135725 0.000000
vt 0.000000 0.000000 0.000000
vt -0.063904 -0.135722 0.000000
vt 0.144648 0.023775 0.000000
vt 0.000000 0.000000 0.000000
vt -0.208553 -0.159495 0.000000
vt -0.063958 -0.136814 0.000000
vt 0.000000 0.000000 0.000000
vt -0.064016 -0.136787 0.000000
vt 0.092903 0.015625 0.000000
vt 0.000000 0.000000 0.000000
vt -0.156921 -0.152410 0.000000
vt -0.064305 -0.137671 0.000000
vt 0.000000 0.000000 0.000000
vt -0.064301 -0.137673 0.000000
vt 0.054898 0.009515 0.000000
vt 0.000000 0.000000 0.000000
vt -0.119190 -0.147196 0.000000
vt -0.064679 -0.138366 0.000000
vt 0.000000 0.000000 0.000000
vt -0.062245 -0.139478 0.000000
vt 0.031494 0.005484 0.000000
vt 0.000000 0.000000 0.000000
vt -0.026775 0.260481 0.000000
vt -0.029159 0.000000 0.000000
vt 0.000000 0.000000 0.000000
vt -0.001296 -0.281086 0.000000
vt 0.000000 0.000000 0.000000
vt 0.025229 0.142572 0.000000
vt -0.022968 -0.002984 0.000000
vt 0.000000 0.000000 0.000000
vt -0.093555 -0.145079 0.000000
vt -0.062339 -0.140084 0.000000
vt 0.000000 0.000000 0.000000
vt 0.002436 0.162652 0.000000
vt -0.022706 -0.001535 0.000000
vt 0.000000 0.000000 0.000000
vt -0.022974 -0.002939 0.000000
vt -0.045027 -0.159881 0.000000
vt 0.000000 0.000000 0.000000
vt -0.014218 0.191900 0.000000
vt -0.025199 -0.000589 0.000000
vt 0.000000 0.000000 0.000000
vt -0.022708 -0.001510 0.000000
vt -0.025321 -0.191132 0.000000
vt 0.000000 0.000000 0.000000
vt -0.027681 -0.000089 0.000000
vt -0.003611 -0.260467 0.000000
vt 0.000000 0.000000 0.000000
vt -0.023431 0.229543 0.000000
vt -0.027681 -0.000089 0.000000
vt 0.000000 0.000000 0.000000
vt -0.025199 -0.000583 0.000000
vt -0.011348 -0.229391 0.000000
vt 0.000000 0.000000 0.000000
vt -0.043535 0.293241 0.000000
vt -0.039420 0.000143 0.000000
vt 0.000000 0.000000 0.000000
vt -0.038583 0.000000 0.000000
vt 0.002712 -0.293115 0.000000
vt 0.000000 0.000000 0.000000
vt -0.041296 0.293115 0.000000
vt -0.039939 0.000000 0.000000
vt 0.000000 0.000000 0.000000
vt -0.033158 0.293115 0.000000
vt -0.033159 0.000001 0.000000
vt 0.000000 0.000000 0.000000
vt 0.001356 -0.293114 0.000000
vt 0.000000 0.000000 0.000000
vt -0.034515 0.293115 0.000000
vt -0.034515 0.000000 0.000000
vt 0.000000 0.000000 0.000000
vt 0.001356 -0.293115 0.000000
vt 0.000000 0.000000 0.000000
vt -0.035871 0.000000 0.000000
vt 0.001356 -0.293115 0.000000
vt 0.000000 0.000000 0.000000
vt -0.035871 0.293115 0.000000
vt -0.035871 0.000000 0.000000
vt 0.000000 0.000000 0.000000
vt -0.037227 0.000000 0.000000
vt 0.001356 -0.293114 0.000000
vt 0.000000 0.000000 0.000000
vt -0.037227 0.293115 0.000000
vt -0.037227 0.000000 0.000000
vt 0.000000 0.000000 0.000000
vt -0.038583 0.000000 0.000000
vt 0.001356 -0.293115 0.000000
vt 0.000000 0.000000 0.000000
vt -0.038583 0.293114 0.000000
vt -0.038583 0.000000 0.000000
vt 0.000000 0.000000 0.000000
vt -0.039939 0.293115 0.000000
vt -0.039939 0.000000 0.000000
vt 0.000000 0.000000 0.000000
vt -0.039420 0.000143 0.000000
vt 0.005214 -0.292955 0.000000
vt 0.000000 0.000000 0.000000
vt -0.046067 0.293413 0.000000
vt -0.036003 0.000584 0.000000
vt 0.000000 0.000000 0.000000
vt -0.056454 0.293036 0.000000
vt -0.029386 0.002248 0.000000
vt 0.000000 0.000000 0.000000
vt -0.036678 0.000996 0.000000
vt 0.013579 -0.291729 0.000000
vt 0.000000 0.000000 0.000000
vt -0.029387 0.002235 0.000000
vt 0.017053 -0.286652 0.000000
vt 0.000000 0.000000 0.000000
vt 0.241058 -0.432479 0.000000
vt 0.137519 -0.070253 0.000000
vt 0.000000 0.000000 0.000000
vt -0.061549 -0.248504 0.000000
vt 0.075981 -0.318735 0.000000
vt 0.000000 0.000000 0.000000
vt 0.018467 -0.273312 0.000000
vt 0.078407 -0.024415 0.000000
vt 0.000000 0.000000 0.000000
vt -0.038307 0.009472 0.000000
vt 0.008726 -0.273796 0.000000
vt 0.000000 0.000000 0.000000
vt 0.001582 0.287141 0.000000
vt -0.001555 0.000000 0.000000
vt 0.000000 0.000000 0.000000
vt 0.194912 -0.407218 0.000000
vt 0.084301 -0.022760 0.000000
vt 0.000000 0.000000 0.000000
vt 0.084304 -0.022749 0.000000
vt -0.156978 0.409605 0.000000
vt 0.000000 0.000000 0.000000
vt 0.076831 0.003636 0.000000
vt -0.103792 0.396873 0.000000
vt 0.000000 0.000000 0.000000
vt 0.180093 -0.393480 0.000000
vt 0.076282 0.001419 0.000000
vt 0.000000 0.000000 0.000000
vt 0.183022 -0.402270 0.000000
vt 0.076200 -0.010638 0.000000
vt 0.000000 0.000000 0.000000
vt 0.076200 -0.010633 0.000000
vt -0.118866 0.396511 0.000000
vt 0.000000 0.000000 0.000000
vt 0.076282 0.001418 0.000000
vt -0.103493 0.396941 0.000000
vt 0.000000 0.000000 0.000000
vt 0.179260 -0.395756 0.000000
vt 0.075715 -0.000801 0.000000
vt 0.000000 0.000000 0.000000
vt 0.075715 -0.000800 0.000000
vt -0.103349 0.396965 0.000000
vt 0.000000 0.000000 0.000000
vt 0.178596 -0.397976 0.000000
vt 0.075110 -0.003021 0.000000
vt 0.000000 0.000000 0.000000
vt 0.075110 -0.003019 0.000000
vt -0.104094 0.396889 0.000000
vt 0.000000 0.000000 0.000000
vt 0.178816 -0.400083 0.000000
vt 0.074767 -0.005638 0.000000
vt 0.000000 0.000000 0.000000
vt 0.074767 -0.005635 0.000000
vt -0.108538 0.396507 0.000000
vt 0.000000 0.000000 0.000000
vt -0.031802 0.000000 0.000000
vt 0.000000 -0.293114 0.000000
vt 0.000000 0.000000 0.000000
vt -0.030455 0.291395 0.000000
vt -0.031802 0.000000 0.000000
vt 0.000000 0.000000 0.000000
vt -0.077398 -0.154824 0.000000
vt 0.332772 0.064059 0.000000
vt 0.000000 0.000000 0.000000
vt -0.027863 0.281086 0.000000
vt -0.030455 0.000000 0.000000
vt 0.000000 0.000000 0.000000
vt -0.001348 -0.291395 0.000000
vt 0.000000 0.000000 0.000000
vt -0.071769 -0.154276 0.000000
vt 0.271252 0.046635 0.000000
vt 0.000000 0.000000 0.000000
vt -0.410170 -0.218882 0.000000
vt -0.071766 -0.154277 0.000000
vt 0.000000 0.000000 0.000000
vt -0.067849 -0.154250 0.000000
vt 0.207651 0.032938 0.000000
vt 0.000000 0.000000 0.000000
vt -0.343022 -0.200910 0.000000
vt -0.067848 -0.154251 0.000000
vt 0.000000 0.000000 0.000000
vt -0.065144 -0.154448 0.000000
vt 0.144595 0.022682 0.000000
vt 0.000000 0.000000 0.000000
vt -0.275501 -0.187188 0.000000
vt -0.065136 -0.154452 0.000000
vt 0.000000 0.000000 0.000000
vt -0.063265 -0.154602 0.000000
vt 0.092616 0.014739 0.000000
vt 0.000000 0.000000 0.000000
vt -0.209740 -0.177129 0.000000
vt -0.063194 -0.154631 0.000000
vt 0.000000 0.000000 0.000000
vt -0.155882 -0.169340 0.000000
vt -0.061894 -0.154724 0.000000
vt 0.000000 0.000000 0.000000
vt -0.061943 -0.154704 0.000000
vt 0.054511 0.008829 0.000000
vt 0.000000 0.000000 0.000000
vt -0.116453 -0.163534 0.000000
vt -0.061017 -0.154784 0.000000
vt 0.000000 0.000000 0.000000
vt -0.058822 -0.155632 0.000000
vt 0.031219 0.004978 0.000000
vt 0.000000 0.000000 0.000000
vt -0.028861 -0.000098 0.000000
vt -0.003925 -0.281070 0.000000
vt 0.000000 0.000000 0.000000
vt -0.024017 0.260382 0.000000
vt -0.028861 -0.000098 0.000000
vt 0.000000 0.000000 0.000000
vt 0.021960 0.156955 0.000000
vt -0.023514 -0.002908 0.000000
vt 0.000000 0.000000 0.000000
vt -0.090007 -0.160629 0.000000
vt -0.058161 -0.155697 0.000000
vt 0.000000 0.000000 0.000000
vt 0.002910 0.189618 0.000000
vt -0.023503 -0.001586 0.000000
vt 0.000000 0.000000 0.000000
vt -0.023517 -0.002880 0.000000
vt -0.045833 -0.187499 0.000000
vt 0.000000 0.000000 0.000000
vt -0.023504 -0.001573 0.000000
vt -0.028091 -0.228072 0.000000
vt 0.000000 0.000000 0.000000
vt -0.013608 0.228822 0.000000
vt -0.026184 -0.000629 0.000000
vt 0.000000 0.000000 0.000000
vt -0.026184 -0.000626 0.000000
vt -0.012629 -0.260219 0.000000
vt 0.000000 0.000000 0.000000
vt -0.044031 0.293189 0.000000
vt -0.040521 0.000084 0.000000
vt 0.000000 0.000000 0.000000
vt -0.039939 0.000000 0.000000
vt 0.002712 -0.293114 0.000000
vt 0.000000 0.000000 0.000000
vt -0.042652 0.293114 0.000000
vt -0.041296 0.000000 0.000000
vt 0.000000 0.000000 0.000000
vt -0.039939 0.000000 0.000000
vt 0.001356 -0.293114 0.000000
vt 0.000000 0.000000 0.000000
vt -0.031803 0.293114 0.000000
vt -0.033159 -0.000001 0.000000
vt 0.000000 0.000000 0.000000
vt 0.000000 -0.293115 0.000000
vt 0.000000 0.000000 0.000000
vt -0.041296 0.293114 0.000000
vt -0.041296 0.000000 0.000000
vt 0.000000 0.000000 0.000000
vt -0.033159 0.293114 0.000000
vt -0.034515 0.000000 0.000000
vt 0.000000 0.000000 0.000000
vt 0.000000 -0.293115 0.000000
vt 0.000000 0.000000 0.000000
vt -0.034515 0.293115 0.000000
vt -0.035871 0.000000 0.000000
vt 0.000000 0.000000 0.000000
vt -0.000000 -0.293115 0.000000
vt 0.000000 0.000000 0.000000
vt -0.035878 0.293114 0.000000
vt -0.037227 0.000000 0.000000
vt 0.000000 0.000000 0.000000
vt 0.000007 -0.293114 0.000000
vt 0.000000 0.000000 0.000000
vt -0.037227 0.293115 0.000000
vt -0.038583 0.000000 0.000000
vt 0.000000 0.000000 0.000000
vt 0.000000 -0.293115 0.000000
vt 0.000000 0.000000 0.000000
vt -0.038583 0.293115 0.000000
vt -0.039939 0.000000 0.000000
vt 0.000000 0.000000 0.000000
vt -0.000000 -0.293114 0.000000
vt 0.000000 0.000000 0.000000
vt -0.039939 0.293114 0.000000
vt -0.041296 0.000000 0.000000
vt 0.000000 0.000000 0.000000
vt -0.040521 0.000084 0.000000
vt 0.004527 -0.292909 0.000000
vt 0.000000 0.000000 0.000000
vt -0.038612 0.292921 0.000000
vt -0.034877 0.000000 0.000000
vt 0.000000 0.000000 0.000000
vt -0.036003 0.000583 0.000000
vt 0.008722 -0.291467 0.000000
vt 0.000000 0.000000 0.000000
vt -0.021548 0.000000 0.000000
vt -0.021326 0.000000 0.000000
vt -0.024305 0.291584 0.000000
vt 0.000000 0.000000 0.000000
vt -0.006295 0.418720 0.000000
vt 0.000000 0.000000 0.000000
vt 0.015031 0.418720 0.000000
vt 0.016586 0.418720 0.000000
vt -0.120185 0.421869 0.000000
vt -0.050000 0.008740 0.000000
vt 0.000000 0.000000 0.000000
vt -0.031913 0.398549 0.000000
vt -0.081929 0.407199 0.000000
vt 0.000000 0.000000 0.000000
vt -0.091733 0.403652 0.000000
vt -0.055313 0.005490 0.000000
vt 0.000000 0.000000 0.000000
vt -0.081706 0.402001 0.000000
vt -0.056279 -0.002173 0.000000
vt 0.000000 0.000000 0.000000
vt -0.023642 0.404283 0.000000
vt -0.080250 0.403435 0.000000
vt 0.000000 0.000000 0.000000
vt -0.080417 0.402251 0.000000
vt -0.056608 -0.000848 0.000000
vt 0.000000 0.000000 0.000000
vt -0.024911 0.399393 0.000000
vt -0.080224 0.404870 0.000000
vt 0.000000 0.000000 0.000000
vt -0.083400 0.402545 0.000000
vt -0.056766 0.003264 0.000000
vt 0.000000 0.000000 0.000000
vt -0.022152 0.403194 0.000000
vt -0.079014 0.403673 0.000000
vt 0.000000 0.000000 0.000000
vt -0.079521 0.402416 0.000000
vt -0.056862 0.000479 0.000000
vt 0.000000 0.000000 0.000000
vt -0.021208 0.402016 0.000000
vt -0.078196 0.403822 0.000000
vt 0.000000 0.000000 0.000000
vt -0.079723 0.402494 0.000000
vt -0.056988 0.001806 0.000000
vt 0.000000 0.000000 0.000000
vt -0.021446 0.400758 0.000000
vt -0.078212 0.404019 0.000000
vt 0.000000 0.000000 0.000000
vt -0.029107 0.291395 0.000000
vt -0.031802 0.000000 0.000000
vt 0.000000 0.000000 0.000000
vt -0.001356 -0.293115 0.000000
vt 0.000000 0.000000 0.000000
vt -0.091887 -0.188340 0.000000
vt 0.338404 0.064605 0.000000
vt 0.000000 0.000000 0.000000
vt -0.024886 0.280977 0.000000
vt -0.030144 -0.000106 0.000000
vt 0.000000 0.000000 0.000000
vt -0.030144 -0.000106 0.000000
vt -0.004106 -0.291379 0.000000
vt 0.000000 0.000000 0.000000
vt -0.430291 -0.252945 0.000000
vt -0.083248 -0.186763 0.000000
vt 0.000000 0.000000 0.000000
vt -0.083252 -0.186761 0.000000
vt 0.275174 0.046659 0.000000
vt 0.000000 0.000000 0.000000
vt -0.358426 -0.233420 0.000000
vt -0.076579 -0.185756 0.000000
vt 0.000000 0.000000 0.000000
vt -0.076581 -0.185755 0.000000
vt 0.210365 0.032736 0.000000
vt 0.000000 0.000000 0.000000
vt -0.286946 -0.218491 0.000000
vt -0.071456 -0.185086 0.000000
vt 0.000000 0.000000 0.000000
vt -0.071467 -0.185082 0.000000
vt 0.146546 0.022499 0.000000
vt 0.000000 0.000000 0.000000
vt -0.218013 -0.207581 0.000000
vt -0.067532 -0.184551 0.000000
vt 0.000000 0.000000 0.000000
vt -0.067621 -0.184518 0.000000
vt 0.093988 0.014616 0.000000
vt 0.000000 0.000000 0.000000
vt -0.161609 -0.199134 0.000000
vt -0.064678 -0.184088 0.000000
vt 0.000000 0.000000 0.000000
vt -0.064787 -0.184049 0.000000
vt 0.055436 0.008750 0.000000
vt 0.000000 0.000000 0.000000
vt -0.120223 -0.192799 0.000000
vt -0.062685 -0.183716 0.000000
vt 0.000000 0.000000 0.000000
vt -0.060632 -0.184404 0.000000
vt 0.031847 0.004923 0.000000
vt 0.000000 0.000000 0.000000
vt -0.013227 0.259610 0.000000
vt -0.027321 -0.000684 0.000000
vt 0.000000 0.000000 0.000000
vt -0.027321 -0.000682 0.000000
vt -0.013661 -0.280800 0.000000
vt 0.000000 0.000000 0.000000
vt 0.022621 0.184582 0.000000
vt -0.024493 -0.003030 0.000000
vt 0.000000 0.000000 0.000000
vt -0.092547 -0.189293 0.000000
vt -0.059272 -0.184133 0.000000
vt 0.000000 0.000000 0.000000
vt -0.024495 -0.003015 0.000000
vt -0.050215 -0.224567 0.000000
vt 0.000000 0.000000 0.000000
vt 0.005194 0.226487 0.000000
vt -0.024528 -0.001698 0.000000
vt 0.000000 0.000000 0.000000
vt -0.024528 -0.001691 0.000000
vt -0.030957 -0.258830 0.000000
vt 0.000000 0.000000 0.000000
vt -0.041296 0.000000 0.000000
vt 0.002712 -0.293114 0.000000
vt 0.000000 0.000000 0.000000
vt -0.041541 0.000000 0.000000
vt -0.007775 0.000000 0.000000
vt -0.044253 0.293114 0.000000
vt 0.000000 0.000000 0.000000
vt -0.041296 0.000000 0.000000
vt 0.001356 -0.293114 0.000000
vt 0.000000 0.000000 0.000000
vt -0.042652 0.000000 0.000000
vt -0.022437 0.000000 0.000000
vt -0.044008 0.293114 0.000000
vt 0.000000 0.000000 0.000000
vt -0.033159 0.000000 0.000000
vt -0.001356 -0.293114 0.000000
vt 0.000000 0.000000 0.000000
vt -0.030446 0.293115 0.000000
vt -0.033159 0.000000 0.000000
vt 0.000000 0.000000 0.000000
vt -0.042652 0.293114 0.000000
vt -0.042652 -0.000000 0.000000
vt 0.000000 0.000000 0.000000
vt -0.041296 0.000000 0.000000
vt -0.000000 -0.293114 0.000000
vt 0.000000 0.000000 0.000000
vt -0.041296 0.293114 0.000000
vt -0.042652 0.000000 0.000000
vt 0.000000 -0.000000 0.000000
vt -0.034515 0.000000 0.000000
vt -0.001356 -0.293115 0.000000
vt 0.000000 0.000000 0.000000
vt -0.031802 0.293114 0.000000
vt -0.034515 0.000000 0.000000
vt 0.000000 0.000000 0.000000
vt -0.035871 0.000000 0.000000
vt -0.001356 -0.293114 0.000000
vt 0.000000 0.000000 0.000000
vt -0.033159 0.293115 0.000000
vt -0.035871 0.000000 0.000000
vt 0.000000 0.000000 0.000000
vt -0.037227 0.000000 0.000000
vt -0.001364 -0.293115 0.000000
vt 0.000000 0.000000 0.000000
vt -0.034507 0.293115 0.000000
vt -0.037227 0.000000 0.000000
vt 0.000000 0.000000 0.000000
vt -0.038583 0.000000 0.000000
vt -0.001356 -0.293115 0.000000
vt 0.000000 0.000000 0.000000
vt -0.035871 0.293114 0.000000
vt -0.038583 0.000000 0.000000
vt 0.000000 0.000000 0.000000
vt -0.039939 0.000000 0.000000
vt -0.001356 -0.293114 0.000000
vt 0.000000 0.000000 0.000000
vt -0.037227 0.293115 0.000000
vt -0.039939 0.000000 0.000000
vt 0.000000 0.000000 0.000000
vt -0.041296 0.000000 0.000000
vt -0.001356 -0.293114 0.000000
vt 0.000000 0.000000 0.000000
vt -0.038583 0.293114 0.000000
vt -0.041296 0.000000 0.000000
vt 0.000000 0.000000 0.000000
vt -0.034956 0.417306 0.000000
vt -0.048933 0.001780 0.000000
vt 0.000000 0.000000 0.000000
vt 0.041208 0.413715 0.000000
vt 0.040986 0.413715 0.000000
vt 0.000000 0.000000 0.000000
vt 0.006109 0.413715 0.000000
vt -0.001666 0.413715 0.000000
vt -0.043343 0.413091 0.000000
vt -0.053343 0.002034 0.000000
vt 0.000000 0.000000 0.000000
vt 0.021980 0.410591 0.000000
vt -0.026953 0.412358 0.000000
vt 0.000000 0.000000 0.000000
vt -0.042953 0.410501 0.000000
vt -0.054920 0.001596 0.000000
vt 0.000000 0.000000 0.000000
vt 0.016309 0.408754 0.000000
vt -0.037035 0.410779 0.000000
vt 0.000000 0.000000 0.000000
vt -0.046594 0.300057 0.000000
vt -0.030576 0.276991 0.000000
vt -0.045133 0.408860 0.000000
vt -0.043397 0.409043 0.000000
vt -0.051866 -0.001132 0.000000
vt 0.000000 0.000000 0.000000
vt 0.005540 0.301855 0.000000
vt 0.007536 0.410650 0.000000
vt 0.002327 0.307369 0.000000
vt -0.033272 0.307369 0.000000
vt -0.044330 0.409518 0.000000
vt -0.042093 0.409174 0.000000
vt -0.053013 -0.000441 0.000000
vt 0.000000 0.000000 0.000000
vt 0.010341 0.410133 0.000000
vt -0.042672 0.409692 0.000000
vt 0.000000 0.000000 0.000000
vt -0.041350 0.409437 0.000000
vt -0.054745 0.000940 0.000000
vt 0.000000 0.000000 0.000000
vt 0.014984 0.408442 0.000000
vt -0.039936 0.410035 0.000000
vt 0.000000 0.000000 0.000000
vt 0.012573 0.409568 0.000000
vt -0.041430 0.409816 0.000000
vt 0.000000 0.000000 0.000000
vt -0.041298 0.409245 0.000000
vt -0.054003 0.000248 0.000000
vt 0.000000 0.000000 0.000000
vt 0.014105 0.408951 0.000000
vt -0.040640 0.409891 0.000000
vt 0.000000 0.000000 0.000000
vt -0.025990 0.291277 0.000000
vt -0.031478 -0.000117 0.000000
vt 0.000000 0.000000 0.000000
vt -0.031478 -0.000117 0.000000
vt -0.004176 -0.293098 0.000000
vt 0.000000 0.000000 0.000000
vt -0.110374 -0.229644 0.000000
vt 0.347042 0.066182 0.000000
vt 0.000000 0.000000 0.000000
vt -0.028559 -0.000746 0.000000
vt -0.014403 -0.291089 0.000000
vt 0.000000 0.000000 0.000000
vt -0.013278 0.280136 0.000000
vt -0.028559 -0.000747 0.000000
vt 0.000000 0.000000 0.000000
vt -0.098553 -0.227105 0.000000
vt 0.281847 0.047664 0.000000
vt 0.000000 0.000000 0.000000
vt -0.457415 -0.295827 0.000000
vt -0.098548 -0.227107 0.000000
vt 0.000000 0.000000 0.000000
vt -0.089053 -0.225244 0.000000
vt 0.215490 0.033405 0.000000
vt 0.000000 0.000000 0.000000
vt -0.380400 -0.274770 0.000000
vt -0.089050 -0.225246 0.000000
vt 0.000000 0.000000 0.000000
vt -0.304543 -0.258650 0.000000
vt -0.081544 -0.223870 0.000000
vt 0.000000 0.000000 0.000000
vt -0.081557 -0.223865 0.000000
vt 0.150481 0.023030 0.000000
vt 0.000000 0.000000 0.000000
vt -0.232038 -0.246896 0.000000
vt -0.075727 -0.222810 0.000000
vt 0.000000 0.000000 0.000000
vt -0.075836 -0.222772 0.000000
vt 0.096932 0.015046 0.000000
vt 0.000000 0.000000 0.000000
vt -0.172767 -0.237820 0.000000
vt -0.071461 -0.221976 0.000000
vt 0.000000 0.000000 0.000000
vt -0.071630 -0.221921 0.000000
vt 0.057538 0.009083 0.000000
vt 0.000000 0.000000 0.000000
vt -0.129170 -0.231004 0.000000
vt -0.068496 -0.221347 0.000000
vt 0.000000 0.000000 0.000000
vt -0.066501 -0.221954 0.000000
vt 0.033276 0.005156 0.000000
vt 0.000000 0.000000 0.000000
vt 0.007243 0.257118 0.000000
vt -0.025736 -0.001844 0.000000
vt 0.000000 0.000000 0.000000
vt -0.025736 -0.001840 0.000000
vt -0.033310 -0.279319 0.000000
vt 0.000000 0.000000 0.000000
vt -0.099911 -0.227051 0.000000
vt -0.064516 -0.221508 0.000000
vt 0.000000 0.000000 0.000000
vt 0.026316 0.221482 0.000000
vt -0.025863 -0.003253 0.000000
vt 0.000000 0.000000 0.000000
vt -0.025864 -0.003244 0.000000
vt -0.054562 -0.255288 0.000000
vt 0.000000 0.000000 0.000000
vt -0.008764 0.413625 0.000000
vt -0.057795 0.000402 0.000000
vt 0.000000 0.000000 0.000000
vt 0.056009 0.412335 0.000000
vt 0.022243 0.412335 0.000000
vt 0.000000 0.000000 0.000000
vt -0.000194 0.412335 0.000000
vt 0.062867 0.412140 0.000000
vt 0.042652 0.412140 0.000000
vt 0.000000 0.000000 0.000000
vt 0.000000 0.412140 0.000000
vt -0.001094 0.412334 0.000000
vt -0.063063 0.000058 0.000000
vt 0.000000 0.000000 0.000000
vt -0.027249 0.292986 0.000000
vt -0.032821 -0.000125 0.000000
vt 0.000000 0.000000 0.000000
vt -0.004229 -0.293096 0.000000
vt 0.000000 0.000000 0.000000
vt 0.062867 -0.000000 0.000000
vt 0.020215 0.000000 0.000000
vt 0.062867 -0.412140 0.000000
vt 0.000000 0.000000 0.000000
vt -0.042652 0.000000 0.000000
vt -0.020215 0.000000 0.000000
vt -0.039939 0.293114 0.000000
vt 0.000000 0.000000 0.000000
vt -0.028548 0.292975 0.000000
vt -0.034164 -0.000136 0.000000
vt 0.000000 0.000000 0.000000
vt -0.004273 -0.293096 0.000000
vt 0.000000 0.000000 0.000000
vt -0.029850 0.292964 0.000000
vt -0.035507 -0.000146 0.000000
vt 0.000000 0.000000 0.000000
vt -0.004314 -0.293095 0.000000
vt 0.000000 0.000000 0.000000
vt -0.031155 0.292954 0.000000
vt -0.036850 -0.000155 0.000000
vt 0.000000 0.000000 0.000000
vt -0.004352 -0.293094 0.000000
vt 0.000000 0.000000 0.000000
vt -0.032497 0.292939 0.000000
vt -0.038178 -0.000162 0.000000
vt 0.000000 0.000000 0.000000
vt -0.004353 -0.293095 0.000000
vt 0.000000 0.000000 0.000000
vt -0.040521 -0.000084 0.000000
vt -0.003510 -0.293106 0.000000
vt 0.000000 0.000000 0.000000
vt -0.034063 0.292905 0.000000
vt -0.039420 -0.000142 0.000000
vt 0.000000 0.000000 0.000000
vt -0.039420 -0.000142 0.000000
vt -0.004114 -0.293098 0.000000
vt 0.000000 0.000000 0.000000
vt -0.035909 0.292882 0.000000
vt -0.040521 -0.000084 0.000000
vt 0.000000 0.000000 0.000000
vt -0.013064 0.413032 0.000000
vt -0.059010 0.000632 0.000000
vt 0.000000 0.000000 0.000000
vt 0.050904 0.411817 0.000000
vt -0.006891 0.412218 0.000000
vt 0.000000 0.000000 0.000000
vt -0.013905 0.412211 0.000000
vt -0.059267 0.000575 0.000000
vt 0.000000 0.000000 0.000000
vt 0.047551 0.411388 0.000000
vt -0.011459 0.412019 0.000000
vt 0.000000 0.000000 0.000000
vt -0.013374 0.411758 0.000000
vt -0.058708 0.000348 0.000000
vt 0.000000 0.000000 0.000000
vt 0.046036 0.411333 0.000000
vt -0.013231 0.411907 0.000000
vt 0.000000 0.000000 0.000000
vt -0.023723 0.308987 0.000000
vt -0.010493 0.308987 0.000000
vt -0.013981 0.411673 0.000000
vt -0.013353 0.411691 0.000000
vt -0.054766 -0.000419 0.000000
vt 0.000000 0.000000 0.000000
vt -0.011124 0.309600 0.000000
vt 0.030015 0.309600 0.000000
vt -0.014798 0.411848 0.000000
vt 0.039968 0.412266 0.000000
vt 0.042168 0.412034 0.000000
vt -0.014159 0.411870 0.000000
vt 0.000000 0.000000 0.000000
vt -0.013036 0.411699 0.000000
vt -0.056326 -0.000164 0.000000
vt 0.000000 0.000000 0.000000
vt -0.013024 0.411695 0.000000
vt -0.057676 0.000092 0.000000
vt 0.000000 0.000000 0.000000
vt 0.045203 0.411542 0.000000
vt -0.013505 0.411890 0.000000
vt 0.000000 0.000000 0.000000
vt 0.043960 0.411791 0.000000
vt -0.013716 0.411884 0.000000
vt 0.000000 0.000000 0.000000
vt -0.029850 -0.000813 0.000000
vt -0.014853 -0.292788 0.000000
vt 0.000000 0.000000 0.000000
vt -0.013769 0.290362 0.000000
vt -0.029850 -0.000813 0.000000
vt 0.000000 0.000000 0.000000
vt -0.125598 -0.263480 0.000000
vt 0.358867 0.068720 0.000000
vt 0.000000 0.000000 0.000000
vt 0.008483 0.277453 0.000000
vt -0.027071 -0.002014 0.000000
vt 0.000000 0.000000 0.000000
vt -0.027071 -0.002012 0.000000
vt -0.035010 -0.289510 0.000000
vt 0.000000 0.000000 0.000000
vt -0.484465 -0.332200 0.000000
vt -0.111224 -0.260197 0.000000
vt 0.000000 0.000000 0.000000
vt -0.111230 -0.260195 0.000000
vt 0.291350 0.049525 0.000000
vt 0.000000 0.000000 0.000000
vt -0.402579 -0.309720 0.000000
vt -0.099480 -0.257683 0.000000
vt 0.000000 0.000000 0.000000
vt -0.099484 -0.257681 0.000000
vt 0.222999 0.034780 0.000000
vt 0.000000 0.000000 0.000000
vt -0.322482 -0.292462 0.000000
vt -0.090094 -0.255777 0.000000
vt 0.000000 0.000000 0.000000
vt -0.090109 -0.255771 0.000000
vt 0.156312 0.024086 0.000000
vt 0.000000 0.000000 0.000000
vt -0.246420 -0.279858 0.000000
vt -0.082805 -0.254332 0.000000
vt 0.000000 0.000000 0.000000
vt -0.082932 -0.254291 0.000000
vt 0.101306 0.015844 0.000000
vt 0.000000 0.000000 0.000000
vt -0.077666 -0.253168 0.000000
vt 0.060674 0.009657 0.000000
vt 0.000000 0.000000 0.000000
vt -0.184236 -0.270136 0.000000
vt -0.077450 -0.253234 0.000000
vt 0.000000 0.000000 0.000000
vt -0.071844 -0.252974 0.000000
vt 0.035395 0.005541 0.000000
vt 0.000000 0.000000 0.000000
vt -0.138340 -0.262825 0.000000
vt -0.073737 -0.252429 0.000000
vt 0.000000 0.000000 0.000000
vt -0.027549 -0.003535 0.000000
vt -0.057870 -0.275712 0.000000
vt 0.000000 0.000000 0.000000
vt 0.029472 0.251955 0.000000
vt -0.027549 -0.003540 0.000000
vt 0.000000 0.000000 0.000000
vt -0.107404 -0.258447 0.000000
vt -0.069366 -0.252422 0.000000
vt 0.000000 0.000000 0.000000
vt 0.062167 0.412082 0.000000
vt -0.000896 0.412140 0.000000
vt 0.000000 0.000000 0.000000
vt -0.001594 0.412273 0.000000
vt -0.063091 0.000090 0.000000
vt 0.000000 0.000000 0.000000
vt 0.062167 -0.412082 0.000000
vt 0.063063 0.000058 0.000000
vt 0.000000 0.000000 0.000000
vt 0.063063 0.000058 0.000000
vt 0.001094 0.412334 0.000000
vt 0.000000 0.000000 0.000000
vt -0.031149 -0.000882 0.000000
vt -0.015207 -0.292769 0.000000
vt 0.000000 0.000000 0.000000
vt -0.014644 0.291993 0.000000
vt -0.031149 -0.000882 0.000000
vt 0.000000 0.000000 0.000000
vt 0.056203 0.000000 0.000000
vt 0.033766 0.000000 0.000000
vt 0.056009 -0.412335 0.000000
vt 0.000000 0.000000 0.000000
vt -0.041541 0.000000 0.000000
vt -0.033766 0.000000 0.000000
vt -0.037806 0.292921 0.000000
vt 0.000000 0.000000 0.000000
vt -0.032449 -0.000950 0.000000
vt -0.015541 -0.292752 0.000000
vt 0.000000 0.000000 0.000000
vt -0.015610 0.291906 0.000000
vt -0.032449 -0.000951 0.000000
vt 0.000000 0.000000 0.000000
vt -0.033750 -0.001019 0.000000
vt -0.015837 -0.292736 0.000000
vt 0.000000 0.000000 0.000000
vt -0.016614 0.291819 0.000000
vt -0.033750 -0.001019 0.000000
vt 0.000000 0.000000 0.000000
vt -0.035052 -0.001087 0.000000
vt -0.016105 -0.292713 0.000000
vt 0.000000 0.000000 0.000000
vt -0.017629 0.291734 0.000000
vt -0.035052 -0.001088 0.000000
vt 0.000000 0.000000 0.000000
vt -0.032120 0.291584 0.000000
vt -0.034877 0.000000 0.000000
vt 0.000000 0.000000 0.000000
vt -0.036003 -0.000584 0.000000
vt -0.009970 -0.292775 0.000000
vt 0.000000 0.000000 0.000000
vt -0.036229 -0.001128 0.000000
vt -0.015995 -0.292660 0.000000
vt 0.000000 0.000000 0.000000
vt -0.018952 0.291625 0.000000
vt -0.036229 -0.001128 0.000000
vt 0.000000 0.000000 0.000000
vt -0.026526 0.291308 0.000000
vt -0.036003 -0.000583 0.000000
vt 0.000000 0.000000 0.000000
vt -0.036678 -0.000998 0.000000
vt -0.014295 -0.292653 0.000000
vt 0.000000 0.000000 0.000000
vt -0.021746 0.291423 0.000000
vt -0.036678 -0.000998 0.000000
vt 0.000000 0.000000 0.000000
vt 0.061526 0.412047 0.000000
vt -0.001565 0.412137 0.000000
vt 0.000000 0.000000 0.000000
vt -0.001580 0.412176 0.000000
vt -0.062797 0.000082 0.000000
vt 0.000000 0.000000 0.000000
vt -0.001276 0.412118 0.000000
vt -0.062101 0.000050 0.000000
vt 0.000000 0.000000 0.000000
vt 0.060922 0.412054 0.000000
vt -0.001875 0.412136 0.000000
vt 0.000000 0.000000 0.000000
vt -0.000921 0.412110 0.000000
vt -0.060976 0.000013 0.000000
vt 0.000000 0.000000 0.000000
vt 0.060129 0.412086 0.000000
vt -0.001971 0.412136 0.000000
vt 0.000000 0.000000 0.000000
vt -0.014311 0.309800 0.000000
vt -0.000411 0.309800 0.000000
vt -0.000547 0.412113 0.000000
vt -0.001691 0.309885 0.000000
vt 0.041771 0.309885 0.000000
vt -0.002249 0.412135 0.000000
vt 0.055562 0.412195 0.000000
vt -0.000552 0.412113 0.000000
vt -0.057811 -0.000060 0.000000
vt 0.000000 0.000000 0.000000
vt 0.058930 0.412121 0.000000
vt -0.002046 0.412135 0.000000
vt 0.000000 0.000000 0.000000
vt 0.057369 0.412158 0.000000
vt -0.002138 0.412135 0.000000
vt 0.000000 0.000000 0.000000
vt -0.000670 0.412111 0.000000
vt -0.059508 -0.000023 0.000000
vt 0.000000 0.000000 0.000000
vt 0.008836 0.287472 0.000000
vt -0.028473 -0.002195 0.000000
vt 0.000000 0.000000 0.000000
vt -0.028473 -0.002194 0.000000
vt -0.036050 -0.291116 0.000000
vt 0.000000 0.000000 0.000000
vt -0.135747 -0.286038 0.000000
vt 0.373241 0.072003 0.000000
vt 0.000000 0.000000 0.000000
vt 0.031134 0.272085 0.000000
vt -0.029443 -0.003867 0.000000
vt 0.000000 0.000000 0.000000
vt -0.029443 -0.003864 0.000000
vt -0.059969 -0.285837 0.000000
vt 0.000000 0.000000 0.000000
vt -0.508987 -0.358042 0.000000
vt -0.119671 -0.282258 0.000000
vt 0.000000 0.000000 0.000000
vt -0.119677 -0.282256 0.000000
vt 0.303099 0.052037 0.000000
vt 0.000000 0.000000 0.000000
vt -0.422775 -0.334294 0.000000
vt -0.106438 -0.279306 0.000000
vt 0.000000 0.000000 0.000000
vt -0.106442 -0.279304 0.000000
vt 0.232389 0.036685 0.000000
vt 0.000000 0.000000 0.000000
vt -0.338830 -0.315990 0.000000
vt -0.095797 -0.277047 0.000000
vt 0.000000 0.000000 0.000000
vt -0.095814 -0.277041 0.000000
vt 0.163615 0.025526 0.000000
vt 0.000000 0.000000 0.000000
vt -0.259428 -0.302568 0.000000
vt -0.087527 -0.275345 0.000000
vt 0.000000 0.000000 0.000000
vt -0.087664 -0.275301 0.000000
vt 0.106786 0.016902 0.000000
vt 0.000000 0.000000 0.000000
vt -0.194448 -0.292205 0.000000
vt -0.081439 -0.274073 0.000000
vt 0.000000 0.000000 0.000000
vt -0.081687 -0.273999 0.000000
vt 0.064603 0.010396 0.000000
vt 0.000000 0.000000 0.000000
vt -0.146288 -0.284396 0.000000
vt -0.077227 -0.273152 0.000000
vt 0.000000 0.000000 0.000000
vt -0.075480 -0.273640 0.000000
vt 0.038039 0.006024 0.000000
vt 0.000000 0.000000 0.000000
vt -0.113687 -0.279596 0.000000
vt -0.072649 -0.273023 0.000000
vt 0.000000 0.000000 0.000000
vt 0.061526 -0.412047 0.000000
vt 0.063091 0.000090 0.000000
vt 0.000000 0.000000 0.000000
vt 0.063091 0.000090 0.000000
vt 0.001595 0.412273 0.000000
vt 0.000000 0.000000 0.000000
vt 0.057795 0.000402 0.000000
vt 0.008764 0.413625 0.000000
vt 0.000000 0.000000 0.000000
vt 0.050904 -0.411817 0.000000
vt 0.057795 0.000401 0.000000
vt 0.000000 0.000000 0.000000
vt 0.008400 0.288899 0.000000
vt -0.029891 -0.002379 0.000000
vt 0.000000 0.000000 0.000000
vt -0.029891 -0.002378 0.000000
vt -0.036883 -0.291012 0.000000
vt 0.000000 0.000000 0.000000
vt 0.042874 0.000000 0.000000
vt 0.035099 0.000000 0.000000
vt 0.041208 -0.413715 0.000000
vt 0.000222 0.000000 0.000000
vt 0.000000 0.000000 0.000000
vt 0.007728 0.288615 0.000000
vt -0.031313 -0.002563 0.000000
vt 0.000000 0.000000 0.000000
vt -0.031313 -0.002562 0.000000
vt -0.037627 -0.290916 0.000000
vt 0.000000 0.000000 0.000000
vt 0.006994 0.288338 0.000000
vt -0.032742 -0.002747 0.000000
vt 0.000000 0.000000 0.000000
vt -0.032742 -0.002747 0.000000
vt -0.038319 -0.290826 0.000000
vt 0.000000 0.000000 0.000000
vt -0.029386 -0.002247 0.000000
vt -0.026084 -0.290428 0.000000
vt 0.000000 0.000000 0.000000
vt -0.021548 0.000000 0.000000
vt -0.000222 0.000000 0.000000
vt -0.024685 0.287141 0.000000
vt 0.000000 0.000000 0.000000
vt 0.006182 0.288067 0.000000
vt -0.034172 -0.002932 0.000000
vt 0.000000 0.000000 0.000000
vt -0.034172 -0.002931 0.000000
vt -0.038753 -0.290691 0.000000
vt 0.000000 0.000000 0.000000
vt -0.034287 -0.003002 0.000000
vt -0.034352 -0.290017 0.000000
vt 0.000000 0.000000 0.000000
vt -0.006851 0.286933 0.000000
vt -0.029386 -0.002242 0.000000
vt 0.000000 0.000000 0.000000
vt 0.004819 0.287756 0.000000
vt -0.035260 -0.003078 0.000000
vt 0.000000 0.000000 0.000000
vt -0.035260 -0.003077 0.000000
vt -0.037908 -0.290337 0.000000
vt 0.000000 0.000000 0.000000
vt 0.000929 0.287272 0.000000
vt -0.034287 -0.003003 0.000000
vt 0.000000 0.000000 0.000000
vt 0.060922 -0.412054 0.000000
vt 0.062797 0.000082 0.000000
vt 0.000000 0.000000 0.000000
vt 0.001580 0.412176 0.000000
vt 0.000000 0.000000 0.000000
vt 0.060129 -0.412086 0.000000
vt 0.062101 0.000050 0.000000
vt 0.000000 0.000000 0.000000
vt 0.001276 0.412118 0.000000
vt 0.000000 0.000000 0.000000
vt 0.058930 -0.412121 0.000000
vt 0.060976 0.000013 0.000000
vt 0.000000 0.000000 0.000000
vt 0.000921 0.412110 0.000000
vt 0.000000 0.000000 0.000000
vt 0.057253 -0.102310 0.000000
vt 0.057811 -0.000060 0.000000
vt 0.013791 -0.102310 0.000000
vt 0.000000 0.000000 0.000000
vt 0.000552 0.412112 0.000000
vt 0.000000 0.000000 0.000000
vt 0.057362 -0.412158 0.000000
vt 0.059508 -0.000024 0.000000
vt 0.000000 0.000000 0.000000
vt 0.000678 0.412112 0.000000
vt 0.000000 0.000000 0.000000
vt 0.031295 0.281888 0.000000
vt -0.031454 -0.004216 0.000000
vt 0.000000 0.000000 0.000000
vt -0.031454 -0.004215 0.000000
vt -0.060970 -0.287388 0.000000
vt 0.000000 0.000000 0.000000
vt -0.140822 -0.297317 0.000000
vt 0.389316 0.075783 0.000000
vt 0.000000 0.000000 0.000000
vt -0.077387 -0.283951 0.000000
vt 0.041038 0.006573 0.000000
vt 0.000000 0.000000 0.000000
vt -0.118577 -0.290462 0.000000
vt -0.074359 -0.283309 0.000000
vt 0.000000 0.000000 0.000000
vt -0.530136 -0.373102 0.000000
vt -0.123895 -0.293289 0.000000
vt 0.000000 0.000000 0.000000
vt -0.123902 -0.293286 0.000000
vt 0.316337 0.054988 0.000000
vt 0.000000 0.000000 0.000000
vt -0.440238 -0.348275 0.000000
vt -0.109913 -0.290120 0.000000
vt 0.000000 0.000000 0.000000
vt -0.109917 -0.290118 0.000000
vt 0.243034 0.038943 0.000000
vt 0.000000 0.000000 0.000000
vt -0.352950 -0.329062 0.000000
vt -0.098652 -0.287684 0.000000
vt 0.000000 0.000000 0.000000
vt -0.098669 -0.287678 0.000000
vt 0.171900 0.027224 0.000000
vt 0.000000 0.000000 0.000000
vt -0.270569 -0.314902 0.000000
vt -0.089885 -0.285852 0.000000
vt 0.000000 0.000000 0.000000
vt -0.090026 -0.285807 0.000000
vt 0.113009 0.018132 0.000000
vt 0.000000 0.000000 0.000000
vt -0.203032 -0.303941 0.000000
vt -0.083429 -0.284492 0.000000
vt 0.000000 0.000000 0.000000
vt -0.083693 -0.284415 0.000000
vt 0.069062 0.011243 0.000000
vt 0.000000 0.000000 0.000000
vt -0.152752 -0.295659 0.000000
vt -0.078974 -0.283514 0.000000
vt 0.000000 0.000000 0.000000
vt 0.059010 0.000632 0.000000
vt 0.013064 0.413032 0.000000
vt 0.000000 0.000000 0.000000
vt 0.047551 -0.411388 0.000000
vt 0.059010 0.000631 0.000000
vt 0.000000 0.000000 0.000000
vt 0.021980 -0.410591 0.000000
vt 0.048933 0.001767 0.000000
vt 0.000000 0.000000 0.000000
vt 0.048933 0.001780 0.000000
vt 0.034956 0.417306 0.000000
vt 0.000000 0.000000 0.000000
vt 0.030182 0.283103 0.000000
vt -0.033490 -0.004569 0.000000
vt 0.000000 0.000000 0.000000
vt -0.033490 -0.004568 0.000000
vt -0.061651 -0.287242 0.000000
vt 0.000000 0.000000 0.000000
vt 0.022881 0.000000 0.000000
vt 0.001555 0.000000 0.000000
vt 0.016586 -0.418720 0.000000
vt 0.000000 0.000000 0.000000
vt -0.035537 -0.004922 0.000000
vt -0.062249 -0.287114 0.000000
vt 0.000000 0.000000 0.000000
vt 0.028740 0.282616 0.000000
vt -0.035537 -0.004923 0.000000
vt 0.000000 0.000000 0.000000
vt -0.038306 -0.009477 0.000000
vt -0.046113 -0.283432 0.000000
vt 0.000000 0.000000 0.000000
vt -0.023845 0.273026 0.000000
vt -0.001555 0.000000 0.000000
vt 0.000000 0.000000 0.000000
vt -0.037586 -0.005275 0.000000
vt -0.062761 -0.287002 0.000000
vt 0.000000 0.000000 0.000000
vt 0.027212 0.282144 0.000000
vt -0.037586 -0.005276 0.000000
vt 0.000000 0.000000 0.000000
vt -0.042102 -0.007332 0.000000
vt -0.052868 -0.285192 0.000000
vt 0.000000 0.000000 0.000000
vt 0.011135 0.277846 0.000000
vt -0.038305 -0.009480 0.000000
vt 0.000000 0.000000 0.000000
vt -0.039643 -0.005629 0.000000
vt -0.062613 -0.286828 0.000000
vt 0.000000 0.000000 0.000000
vt 0.025615 0.281687 0.000000
vt -0.039642 -0.005630 0.000000
vt 0.000000 0.000000 0.000000
vt -0.041500 -0.006106 0.000000
vt -0.059402 -0.286305 0.000000
vt 0.000000 0.000000 0.000000
vt 0.018272 0.280175 0.000000
vt -0.042101 -0.007335 0.000000
vt 0.000000 0.000000 0.000000
vt 0.023364 0.281167 0.000000
vt -0.041500 -0.006108 0.000000
vt 0.000000 0.000000 0.000000
vt 0.059267 0.000575 0.000000
vt 0.013906 0.412211 0.000000
vt 0.000000 0.000000 0.000000
vt 0.046036 -0.411333 0.000000
vt 0.059267 0.000575 0.000000
vt 0.000000 0.000000 0.000000
vt 0.058708 0.000348 0.000000
vt 0.013374 0.411758 0.000000
vt 0.000000 0.000000 0.000000
vt 0.045203 -0.411542 0.000000
vt 0.058708 0.000348 0.000000
vt 0.000000 0.000000 0.000000
vt 0.043959 -0.411792 0.000000
vt 0.057676 0.000092 0.000000
vt 0.000000 0.000000 0.000000
vt 0.057676 0.000092 0.000000
vt 0.013024 0.411695 0.000000
vt 0.000000 0.000000 0.000000
vt 0.054766 -0.000418 0.000000
vt 0.013353 0.411692 0.000000
vt 0.000000 0.000000 0.000000
vt 0.042175 -0.412033 0.000000
vt 0.056326 -0.000163 0.000000
vt 0.000000 0.000000 0.000000
vt 0.056326 -0.000164 0.000000
vt 0.013029 0.411699 0.000000
vt 0.000000 0.000000 0.000000
vt -0.077820 -0.285637 0.000000
vt 0.044217 0.007154 0.000000
vt 0.000000 0.000000 0.000000
vt -0.122165 -0.292738 0.000000
vt -0.074739 -0.284998 0.000000
vt 0.000000 0.000000 0.000000
vt -0.141664 -0.299197 0.000000
vt 0.406241 0.079813 0.000000
vt 0.000000 0.000000 0.000000
vt -0.084030 -0.286151 0.000000
vt 0.073778 0.012145 0.000000
vt 0.000000 0.000000 0.000000
vt -0.157806 -0.298298 0.000000
vt -0.079259 -0.285241 0.000000
vt 0.000000 0.000000 0.000000
vt -0.547904 -0.379011 0.000000
vt -0.124604 -0.295127 0.000000
vt 0.000000 0.000000 0.000000
vt -0.124610 -0.295124 0.000000
vt 0.330325 0.058155 0.000000
vt 0.000000 0.000000 0.000000
vt -0.454935 -0.353281 0.000000
vt -0.110494 -0.291921 0.000000
vt 0.000000 0.000000 0.000000
vt -0.110498 -0.291920 0.000000
vt 0.254298 0.041378 0.000000
vt 0.000000 0.000000 0.000000
vt -0.364795 -0.333298 0.000000
vt -0.099124 -0.289456 0.000000
vt 0.000000 0.000000 0.000000
vt -0.099141 -0.289450 0.000000
vt 0.180683 0.029051 0.000000
vt 0.000000 0.000000 0.000000
vt -0.279824 -0.318502 0.000000
vt -0.090277 -0.287604 0.000000
vt 0.000000 0.000000 0.000000
vt -0.090417 -0.287560 0.000000
vt 0.119603 0.019449 0.000000
vt 0.000000 0.000000 0.000000
vt -0.210018 -0.307010 0.000000
vt -0.083763 -0.286229 0.000000
vt 0.000000 0.000000 0.000000
vt 0.016308 -0.408754 0.000000
vt 0.053343 0.002025 0.000000
vt 0.000000 0.000000 0.000000
vt 0.053343 0.002034 0.000000
vt 0.043343 0.413091 0.000000
vt 0.000000 0.000000 0.000000
vt -0.031913 -0.398549 0.000000
vt 0.050016 0.008650 0.000000
vt 0.000000 0.000000 0.000000
vt 0.050000 0.008740 0.000000
vt 0.120185 0.421869 0.000000
vt 0.000000 0.000000 0.000000
vt -0.077943 -0.285604 0.000000
vt 0.047426 0.007741 0.000000
vt 0.000000 0.000000 0.000000
vt -0.125477 -0.293299 0.000000
vt -0.074841 -0.284972 0.000000
vt 0.000000 0.000000 0.000000
vt -0.153643 -0.343835 0.000000
vt -0.016188 -0.273456 0.000000
vt 0.000000 0.000000 0.000000
vt -0.019268 -0.339431 0.000000
vt 0.137523 0.070245 0.000000
vt 0.000000 0.000000 0.000000
vt -0.128775 -0.293863 0.000000
vt -0.074924 -0.284949 0.000000
vt 0.000000 0.000000 0.000000
vt -0.078048 -0.285576 0.000000
vt 0.050636 0.008327 0.000000
vt 0.000000 0.000000 0.000000
vt -0.137047 -0.309929 0.000000
vt -0.058614 -0.285596 0.000000
vt 0.000000 0.000000 0.000000
vt -0.077948 -0.318260 0.000000
vt 0.078431 0.024340 0.000000
vt 0.000000 0.000000 0.000000
vt -0.078138 -0.285552 0.000000
vt 0.053851 0.008915 0.000000
vt 0.000000 0.000000 0.000000
vt -0.132068 -0.294431 0.000000
vt -0.074996 -0.284930 0.000000
vt 0.000000 0.000000 0.000000
vt -0.135719 -0.299245 0.000000
vt -0.069676 -0.285398 0.000000
vt 0.000000 0.000000 0.000000
vt -0.071308 -0.295940 0.000000
vt 0.066041 0.013854 0.000000
vt 0.000000 0.000000 0.000000
vt -0.075110 -0.288760 0.000000
vt 0.060602 0.010488 0.000000
vt 0.000000 0.000000 0.000000
vt -0.077758 -0.285995 0.000000
vt 0.057072 0.009502 0.000000
vt 0.000000 0.000000 0.000000
vt -0.134892 -0.295469 0.000000
vt -0.074289 -0.284983 0.000000
vt 0.000000 0.000000 0.000000
vt 0.014984 -0.408442 0.000000
vt 0.054920 0.001594 0.000000
vt 0.000000 0.000000 0.000000
vt 0.054920 0.001596 0.000000
vt 0.042953 0.410501 0.000000
vt 0.000000 0.000000 0.000000
vt 0.014105 -0.408951 0.000000
vt 0.054745 0.000940 0.000000
vt 0.000000 0.000000 0.000000
vt 0.054745 0.000940 0.000000
vt 0.041350 0.409437 0.000000
vt 0.000000 0.000000 0.000000
vt 0.012573 -0.409567 0.000000
vt 0.054003 0.000249 0.000000
vt 0.000000 0.000000 0.000000
vt 0.054003 0.000249 0.000000
vt 0.041297 0.409246 0.000000
vt 0.000000 0.000000 0.000000
vt 0.051867 -0.001132 0.000000
vt 0.043401 0.409044 0.000000
vt 0.000000 0.000000 0.000000
vt 0.010341 -0.410133 0.000000
vt 0.053013 -0.000441 0.000000
vt 0.000000 0.000000 0.000000
vt 0.053013 -0.000441 0.000000
vt 0.042093 0.409174 0.000000
vt 0.000000 0.000000 0.000000
vt -0.162572 -0.299210 0.000000
vt -0.079257 -0.285242 0.000000
vt 0.000000 0.000000 0.000000
vt -0.084028 -0.286152 0.000000
vt 0.078546 0.013056 0.000000
vt 0.000000 0.000000 0.000000
vt -0.141667 -0.299198 0.000000
vt 0.423300 0.083884 0.000000
vt 0.000000 0.000000 0.000000
vt -0.216669 -0.308341 0.000000
vt -0.083762 -0.286230 0.000000
vt 0.000000 0.000000 0.000000
vt -0.090417 -0.287559 0.000000
vt 0.126254 0.020781 0.000000
vt 0.000000 0.000000 0.000000
vt -0.564966 -0.383083 0.000000
vt -0.124600 -0.295127 0.000000
vt 0.000000 0.000000 0.000000
vt -0.124606 -0.295125 0.000000
vt 0.344441 0.061359 0.000000
vt 0.000000 0.000000 0.000000
vt -0.469047 -0.356485 0.000000
vt -0.110493 -0.291922 0.000000
vt 0.000000 0.000000 0.000000
vt -0.110497 -0.291920 0.000000
vt 0.265671 0.043842 0.000000
vt 0.000000 0.000000 0.000000
vt -0.376168 -0.335764 0.000000
vt -0.099121 -0.289456 0.000000
vt 0.000000 0.000000 0.000000
vt -0.099139 -0.289450 0.000000
vt 0.189547 0.030898 0.000000
vt 0.000000 0.000000 0.000000
vt -0.288685 -0.320349 0.000000
vt -0.090279 -0.287603 0.000000
vt 0.000000 0.000000 0.000000
vt -0.024911 -0.399392 0.000000
vt 0.055314 0.005478 0.000000
vt 0.000000 0.000000 0.000000
vt 0.055313 0.005490 0.000000
vt 0.091734 0.403652 0.000000
vt 0.000000 0.000000 0.000000
vt 0.084305 0.022752 0.000000
vt 0.103716 0.362175 0.000000
vt 0.000000 0.000000 0.000000
vt -0.034421 -0.373795 0.000000
vt 0.084303 0.022759 0.000000
vt 0.000000 0.000000 0.000000
vt -0.084024 -0.286152 0.000000
vt 0.083315 0.013968 0.000000
vt 0.000000 0.000000 0.000000
vt -0.167337 -0.300122 0.000000
vt -0.079257 -0.285243 0.000000
vt 0.000000 0.000000 0.000000
vt 0.021889 -0.325830 0.000000
vt 0.130220 0.034992 0.000000
vt 0.000000 0.000000 0.000000
vt -0.210485 -0.352684 0.000000
vt -0.080268 -0.317683 0.000000
vt 0.000000 0.000000 0.000000
vt -0.084024 -0.286153 0.000000
vt 0.088080 0.014879 0.000000
vt 0.000000 0.000000 0.000000
vt -0.172102 -0.301033 0.000000
vt -0.079257 -0.285243 0.000000
vt 0.000000 0.000000 0.000000
vt -0.092308 -0.323950 0.000000
vt 0.118437 0.028578 0.000000
vt 0.000000 0.000000 0.000000
vt -0.191527 -0.324085 0.000000
vt -0.073090 -0.295505 0.000000
vt 0.000000 0.000000 0.000000
vt -0.084063 -0.287003 0.000000
vt 0.092845 0.015790 0.000000
vt 0.000000 0.000000 0.000000
vt -0.176909 -0.302792 0.000000
vt -0.078859 -0.285693 0.000000
vt 0.000000 0.000000 0.000000
vt -0.182354 -0.309202 0.000000
vt -0.076467 -0.288404 0.000000
vt 0.000000 0.000000 0.000000
vt -0.085772 -0.303208 0.000000
vt 0.105887 0.020799 0.000000
vt 0.000000 0.000000 0.000000
vt -0.084312 -0.292099 0.000000
vt 0.098050 0.017099 0.000000
vt 0.000000 0.000000 0.000000
vt -0.021446 -0.400758 0.000000
vt 0.056766 0.003261 0.000000
vt 0.000000 0.000000 0.000000
vt 0.056766 0.003264 0.000000
vt 0.083400 0.402545 0.000000
vt 0.000000 0.000000 0.000000
vt -0.021208 -0.402017 0.000000
vt 0.056988 0.001806 0.000000
vt 0.000000 0.000000 0.000000
vt 0.056988 0.001806 0.000000
vt 0.079723 0.402494 0.000000
vt 0.000000 0.000000 0.000000
vt -0.023644 -0.404284 0.000000
vt 0.056608 -0.000848 0.000000
vt 0.000000 0.000000 0.000000
vt 0.056277 -0.002174 0.000000
vt 0.081705 0.402002 0.000000
vt 0.000000 0.000000 0.000000
vt 0.056862 0.000478 0.000000
vt 0.079521 0.402416 0.000000
vt 0.000000 0.000000 0.000000
vt -0.022153 -0.403194 0.000000
vt 0.056862 0.000478 0.000000
vt 0.000000 0.000000 0.000000
vt 0.056608 -0.000849 0.000000
vt 0.080417 0.402251 0.000000
vt 0.000000 0.000000 0.000000
vt -0.090413 -0.287561 0.000000
vt 0.132908 0.022111 0.000000
vt 0.000000 0.000000 0.000000
vt -0.223319 -0.309673 0.000000
vt -0.083758 -0.286230 0.000000
vt 0.000000 0.000000 0.000000
vt -0.141665 -0.299198 0.000000
vt 0.440366 0.087955 0.000000
vt 0.000000 0.000000 0.000000
vt -0.099140 -0.289451 0.000000
vt 0.198406 0.032746 0.000000
vt 0.000000 0.000000 0.000000
vt -0.297546 -0.322197 0.000000
vt -0.090276 -0.287604 0.000000
vt 0.000000 0.000000 0.000000
vt -0.582030 -0.387154 0.000000
vt -0.124599 -0.295127 0.000000
vt 0.000000 0.000000 0.000000
vt -0.124605 -0.295125 0.000000
vt 0.358553 0.064562 0.000000
vt 0.000000 0.000000 0.000000
vt -0.483158 -0.359688 0.000000
vt -0.110493 -0.291922 0.000000
vt 0.000000 0.000000 0.000000
vt -0.110497 -0.291920 0.000000
vt 0.277047 0.046307 0.000000
vt 0.000000 0.000000 0.000000
vt -0.387543 -0.338228 0.000000
vt -0.099123 -0.289457 0.000000
vt 0.000000 0.000000 0.000000
vt 0.076200 0.010634 0.000000
vt 0.110751 0.384417 0.000000
vt 0.000000 0.000000 0.000000
vt -0.032068 -0.385944 0.000000
vt 0.076200 0.010637 0.000000
vt 0.000000 0.000000 0.000000
vt 0.008836 -0.357025 0.000000
vt 0.124741 0.025869 0.000000
vt 0.000000 0.000000 0.000000
vt 0.124741 0.025869 0.000000
vt 0.102920 0.351703 0.000000
vt 0.000000 0.000000 0.000000
vt -0.090412 -0.287561 0.000000
vt 0.139561 0.023443 0.000000
vt 0.000000 0.000000 0.000000
vt -0.229971 -0.311005 0.000000
vt -0.083758 -0.286231 0.000000
vt 0.000000 0.000000 0.000000
vt -0.269106 -0.355628 0.000000
vt -0.092553 -0.323880 0.000000
vt 0.000000 0.000000 0.000000
vt 0.073131 -0.319808 0.000000
vt 0.176553 0.031748 0.000000
vt 0.000000 0.000000 0.000000
vt -0.090629 -0.288532 0.000000
vt 0.146213 0.024774 0.000000
vt 0.000000 0.000000 0.000000
vt -0.236844 -0.313304 0.000000
vt -0.083814 -0.287076 0.000000
vt 0.000000 0.000000 0.000000
vt -0.255548 -0.334532 0.000000
vt -0.085780 -0.303205 0.000000
vt 0.000000 0.000000 0.000000
vt -0.099329 -0.324309 0.000000
vt 0.169768 0.031326 0.000000
vt 0.000000 0.000000 0.000000
vt -0.091937 -0.294360 0.000000
vt 0.153030 0.026227 0.000000
vt 0.000000 0.000000 0.000000
vt -0.094682 -0.306130 0.000000
vt 0.160835 0.028425 0.000000
vt 0.000000 0.000000 0.000000
vt -0.244990 -0.320570 0.000000
vt -0.084156 -0.292144 0.000000
vt 0.000000 0.000000 0.000000
vt -0.028950 -0.391351 0.000000
vt 0.074767 0.005637 0.000000
vt 0.000000 0.000000 0.000000
vt 0.074767 0.005636 0.000000
vt 0.107096 0.391557 0.000000
vt 0.000000 0.000000 0.000000
vt 0.076829 -0.003637 0.000000
vt 0.104353 0.394755 0.000000
vt 0.000000 0.000000 0.000000
vt -0.026981 -0.398430 0.000000
vt 0.076282 -0.001419 0.000000
vt 0.000000 0.000000 0.000000
vt -0.027777 -0.394064 0.000000
vt 0.075114 0.003020 0.000000
vt 0.000000 0.000000 0.000000
vt 0.075114 0.003020 0.000000
vt 0.104437 0.394343 0.000000
vt 0.000000 0.000000 0.000000
vt 0.076282 -0.001419 0.000000
vt 0.104067 0.394818 0.000000
vt 0.000000 0.000000 0.000000
vt -0.027269 -0.396273 0.000000
vt 0.075715 0.000801 0.000000
vt 0.000000 0.000000 0.000000
vt 0.075715 0.000801 0.000000
vt 0.103951 0.394832 0.000000
vt 0.000000 0.000000 0.000000
vt -0.099138 -0.289451 0.000000
vt 0.207269 0.034593 0.000000
vt 0.000000 0.000000 0.000000
vt -0.306406 -0.324044 0.000000
vt -0.090276 -0.287604 0.000000
vt 0.000000 0.000000 0.000000
vt -0.141662 -0.299197 0.000000
vt 0.457431 0.092026 0.000000
vt 0.000000 0.000000 0.000000
vt -0.110494 -0.291920 0.000000
vt 0.288420 0.048772 0.000000
vt 0.000000 0.000000 0.000000
vt -0.398913 -0.340693 0.000000
vt -0.099120 -0.289457 0.000000
vt 0.000000 0.000000 0.000000
vt -0.599093 -0.391225 0.000000
vt -0.124597 -0.295128 0.000000
vt 0.000000 0.000000 0.000000
vt -0.124603 -0.295126 0.000000
vt 0.372666 0.067766 0.000000
vt 0.000000 0.000000 0.000000
vt -0.497268 -0.362893 0.000000
vt -0.110490 -0.291922 0.000000
vt 0.000000 0.000000 0.000000
vt 0.005588 -0.374589 0.000000
vt 0.118337 0.015379 0.000000
vt 0.000000 0.000000 0.000000
vt 0.118337 0.015377 0.000000
vt 0.109631 0.372405 0.000000
vt 0.000000 0.000000 0.000000
vt 0.068253 -0.345201 0.000000
vt 0.178429 0.027043 0.000000
vt 0.000000 0.000000 0.000000
vt 0.178429 0.027043 0.000000
vt 0.105298 0.346851 0.000000
vt 0.000000 0.000000 0.000000
vt -0.099327 -0.290346 0.000000
vt 0.216131 0.036440 0.000000
vt 0.000000 0.000000 0.000000
vt -0.315458 -0.326785 0.000000
vt -0.090496 -0.288574 0.000000
vt 0.000000 0.000000 0.000000
vt 0.143313 -0.308831 0.000000
vt 0.248573 0.038031 0.000000
vt 0.000000 0.000000 0.000000
vt -0.347810 -0.362371 0.000000
vt -0.099238 -0.324337 0.000000
vt 0.000000 0.000000 0.000000
vt -0.325417 -0.333919 0.000000
vt -0.091817 -0.294398 0.000000
vt 0.000000 0.000000 0.000000
vt -0.100451 -0.295714 0.000000
vt 0.224962 0.038209 0.000000
vt 0.000000 0.000000 0.000000
vt -0.106070 -0.322578 0.000000
vt 0.241736 0.039797 0.000000
vt 0.000000 0.000000 0.000000
vt -0.336308 -0.345965 0.000000
vt -0.094573 -0.306164 0.000000
vt 0.000000 0.000000 0.000000
vt -0.102699 -0.306455 0.000000
vt 0.233601 0.039517 0.000000
vt 0.000000 0.000000 0.000000
vt 0.116560 0.008961 0.000000
vt 0.111064 0.383551 0.000000
vt 0.000000 0.000000 0.000000
vt 0.006238 -0.383775 0.000000
vt 0.116560 0.008963 0.000000
vt 0.000000 0.000000 0.000000
vt 0.121131 -0.005948 0.000000
vt 0.111082 0.389664 0.000000
vt 0.000000 0.000000 0.000000
vt 0.010139 -0.395609 0.000000
vt 0.119887 -0.002320 0.000000
vt 0.000000 0.000000 0.000000
vt 0.119887 -0.002320 0.000000
vt 0.111081 0.389648 0.000000
vt 0.000000 0.000000 0.000000
vt 0.008888 -0.391966 0.000000
vt 0.118640 0.001310 0.000000
vt 0.000000 0.000000 0.000000
vt 0.117384 0.004937 0.000000
vt 0.111208 0.388713 0.000000
vt 0.000000 0.000000 0.000000
vt 0.007570 -0.388303 0.000000
vt 0.117384 0.004938 0.000000
vt 0.000000 0.000000 0.000000
vt 0.118640 0.001310 0.000000
vt 0.111139 0.389614 0.000000
vt 0.000000 0.000000 0.000000
vt -0.410400 -0.343907 0.000000
vt -0.099310 -0.290352 0.000000
vt 0.000000 0.000000 0.000000
vt -0.110607 -0.292671 0.000000
vt 0.299793 0.051235 0.000000
vt 0.000000 0.000000 0.000000
vt -0.141581 -0.299507 0.000000
vt 0.474496 0.096096 0.000000
vt 0.000000 0.000000 0.000000
vt -0.511404 -0.366655 0.000000
vt -0.110603 -0.292673 0.000000
vt 0.000000 0.000000 0.000000
vt -0.124626 -0.295684 0.000000
vt 0.386778 0.070970 0.000000
vt 0.000000 0.000000 0.000000
vt -0.616076 -0.395603 0.000000
vt -0.124621 -0.295687 0.000000
vt 0.000000 0.000000 0.000000
vt 0.066399 -0.363495 0.000000
vt 0.178142 0.019859 0.000000
vt 0.000000 0.000000 0.000000
vt 0.178142 0.019858 0.000000
vt 0.109897 0.365061 0.000000
vt 0.000000 0.000000 0.000000
vt 0.253492 0.033467 0.000000
vt 0.110179 0.342299 0.000000
vt 0.000000 0.000000 0.000000
vt 0.143580 -0.331590 0.000000
vt 0.253492 0.033466 0.000000
vt 0.000000 0.000000 0.000000
vt -0.111271 -0.297178 0.000000
vt 0.311091 0.053552 0.000000
vt 0.000000 0.000000 0.000000
vt -0.422362 -0.350730 0.000000
vt -0.100436 -0.295719 0.000000
vt 0.000000 0.000000 0.000000
vt -0.446437 -0.374456 0.000000
vt -0.106055 -0.322583 0.000000
vt 0.000000 0.000000 0.000000
vt 0.230215 -0.290434 0.000000
vt 0.340383 0.051869 0.000000
vt 0.000000 0.000000 0.000000
vt -0.112599 -0.306193 0.000000
vt 0.321928 0.055005 0.000000
vt 0.000000 0.000000 0.000000
vt -0.114591 -0.319728 0.000000
vt 0.331845 0.054730 0.000000
vt 0.000000 0.000000 0.000000
vt -0.434528 -0.361196 0.000000
vt -0.102684 -0.306460 0.000000
vt 0.000000 0.000000 0.000000
vt 0.066953 -0.375100 0.000000
vt 0.178980 0.013377 0.000000
vt 0.000000 0.000000 0.000000
vt 0.178980 0.013377 0.000000
vt 0.112591 0.376874 0.000000
vt 0.000000 0.000000 0.000000
vt 0.186749 -0.009204 0.000000
vt 0.114009 0.383785 0.000000
vt 0.000000 0.000000 0.000000
vt 0.072756 -0.392987 0.000000
vt 0.184767 -0.003589 0.000000
vt 0.000000 0.000000 0.000000
vt 0.184767 -0.003589 0.000000
vt 0.114015 0.383768 0.000000
vt 0.000000 0.000000 0.000000
vt 0.070766 -0.387354 0.000000
vt 0.182785 0.002025 0.000000
vt 0.000000 0.000000 0.000000
vt 0.182785 0.002025 0.000000
vt 0.114036 0.383742 0.000000
vt 0.000000 0.000000 0.000000
vt 0.068759 -0.381716 0.000000
vt 0.180802 0.007640 0.000000
vt 0.000000 0.000000 0.000000
vt 0.180802 0.007639 0.000000
vt 0.113856 0.382740 0.000000
vt 0.000000 0.000000 0.000000
vt -0.124747 -0.299037 0.000000
vt 0.400801 0.073977 0.000000
vt 0.000000 0.000000 0.000000
vt -0.525549 -0.373014 0.000000
vt -0.111268 -0.297179 0.000000
vt 0.000000 0.000000 0.000000
vt -0.141074 -0.301361 0.000000
vt 0.491457 0.099910 0.000000
vt 0.000000 0.000000 0.000000
vt -0.632532 -0.401270 0.000000
vt -0.124743 -0.299039 0.000000
vt 0.000000 0.000000 0.000000
vt 0.257112 0.026856 0.000000
vt 0.113532 0.358445 0.000000
vt 0.000000 0.000000 0.000000
vt 0.144461 -0.350000 0.000000
vt 0.257112 0.026856 0.000000
vt 0.000000 0.000000 0.000000
vt 0.233702 -0.312598 0.000000
vt 0.347231 0.045849 0.000000
vt 0.000000 0.000000 0.000000
vt 0.347231 0.045850 0.000000
vt 0.117016 0.336284 0.000000
vt 0.000000 0.000000 0.000000
vt -0.124983 -0.305748 0.000000
vt 0.414282 0.075827 0.000000
vt 0.000000 0.000000 0.000000
vt -0.539266 -0.381572 0.000000
vt -0.112598 -0.306194 0.000000
vt 0.000000 0.000000 0.000000
vt -0.552015 -0.391191 0.000000
vt -0.114591 -0.319728 0.000000
vt 0.000000 0.000000 0.000000
vt 0.320410 -0.264829 0.000000
vt 0.437425 0.071456 0.000000
vt 0.000000 0.000000 0.000000
vt -0.125343 -0.315823 0.000000
vt 0.426670 0.075370 0.000000
vt 0.000000 0.000000 0.000000
vt 0.154765 -0.388962 0.000000
vt 0.268935 -0.005225 0.000000
vt 0.000000 0.000000 0.000000
vt 0.271826 -0.013399 0.000000
vt 0.117066 0.375564 0.000000
vt 0.000000 0.000000 0.000000
vt 0.146271 -0.363493 0.000000
vt 0.260228 0.019218 0.000000
vt 0.000000 0.000000 0.000000
vt 0.260228 0.019217 0.000000
vt 0.115767 0.369218 0.000000
vt 0.000000 0.000000 0.000000
vt 0.151876 -0.380773 0.000000
vt 0.266043 0.002949 0.000000
vt 0.000000 0.000000 0.000000
vt 0.268935 -0.005224 0.000000
vt 0.117063 0.375550 0.000000
vt 0.000000 0.000000 0.000000
vt 0.266043 0.002949 0.000000
vt 0.117063 0.375531 0.000000
vt 0.000000 0.000000 0.000000
vt 0.148983 -0.372581 0.000000
vt 0.263152 0.011122 0.000000
vt 0.000000 0.000000 0.000000
vt 0.263152 0.011121 0.000000
vt 0.116882 0.374614 0.000000
vt 0.000000 0.000000 0.000000
vt -0.647858 -0.407289 0.000000
vt -0.124981 -0.305749 0.000000
vt 0.000000 0.000000 0.000000
vt -0.140064 -0.305072 0.000000
vt 0.507792 0.102220 0.000000
vt 0.000000 0.000000 0.000000
vt 0.236931 -0.331974 0.000000
vt 0.352701 0.037243 0.000000
vt 0.000000 0.000000 0.000000
vt 0.352701 0.037243 0.000000
vt 0.118999 0.349841 0.000000
vt 0.000000 0.000000 0.000000
vt 0.327183 -0.286521 0.000000
vt 0.446182 0.063319 0.000000
vt 0.000000 0.000000 0.000000
vt 0.446182 0.063322 0.000000
vt 0.125772 0.328152 0.000000
vt 0.000000 0.000000 0.000000
vt 0.410316 -0.231812 0.000000
vt 0.536086 0.096340 0.000000
vt 0.000000 0.000000 0.000000
vt -0.138545 -0.310648 0.000000
vt 0.522879 0.101528 0.000000
vt 0.000000 0.000000 0.000000
vt -0.661427 -0.412173 0.000000
vt -0.125343 -0.315823 0.000000
vt 0.000000 0.000000 0.000000
vt 0.373373 -0.018296 0.000000
vt 0.121083 0.364225 0.000000
vt 0.000000 0.000000 0.000000
vt 0.252291 -0.382521 0.000000
vt 0.369360 -0.006957 0.000000
vt 0.000000 0.000000 0.000000
vt 0.481023 -0.022951 0.000000
vt 0.126433 0.348978 0.000000
vt 0.000000 0.000000 0.000000
vt 0.354574 -0.371944 0.000000
vt 0.475619 -0.007706 0.000000
vt 0.000000 0.000000 0.000000
vt 0.592259 -0.027126 0.000000
vt 0.133480 0.329024 0.000000
vt 0.000000 0.000000 0.000000
vt 0.458745 -0.356194 0.000000
vt 0.585140 -0.007202 0.000000
vt 0.000000 0.000000 0.000000
vt 0.369360 -0.006957 0.000000
vt 0.121083 0.364210 0.000000
vt 0.000000 0.000000 0.000000
vt 0.248278 -0.371167 0.000000
vt 0.365347 0.004381 0.000000
vt 0.000000 0.000000 0.000000
vt 0.240360 -0.347700 0.000000
vt 0.357248 0.026913 0.000000
vt 0.000000 0.000000 0.000000
vt 0.357248 0.026912 0.000000
vt 0.120317 0.358886 0.000000
vt 0.000000 0.000000 0.000000
vt 0.365347 0.004381 0.000000
vt 0.121082 0.364190 0.000000
vt 0.000000 0.000000 0.000000
vt 0.244265 -0.359809 0.000000
vt 0.361336 0.015720 0.000000
vt 0.000000 0.000000 0.000000
vt 0.361336 0.015719 0.000000
vt 0.120975 0.363419 0.000000
vt 0.000000 0.000000 0.000000
vt 0.332985 -0.307159 0.000000
vt 0.453302 0.051727 0.000000
vt 0.000000 0.000000 0.000000
vt 0.453302 0.051728 0.000000
vt 0.126119 0.338249 0.000000
vt 0.000000 0.000000 0.000000
vt 0.420880 -0.252589 0.000000
vt 0.546999 0.085660 0.000000
vt 0.000000 0.000000 0.000000
vt 0.546998 0.085664 0.000000
vt 0.136683 0.317478 0.000000
vt 0.000000 0.000000 0.000000
vt 0.475619 -0.007706 0.000000
vt 0.126451 0.348961 0.000000
vt 0.000000 0.000000 0.000000
vt 0.349157 -0.356678 0.000000
vt 0.470219 0.007539 0.000000
vt 0.000000 0.000000 0.000000
vt 0.585140 -0.007201 0.000000
vt 0.133503 0.329015 0.000000
vt 0.000000 0.000000 0.000000
vt 0.451615 -0.336246 0.000000
vt 0.578049 0.012721 0.000000
vt 0.000000 0.000000 0.000000
vt 0.343747 -0.341411 0.000000
vt 0.464820 0.022782 0.000000
vt 0.000000 0.000000 0.000000
vt 0.470219 0.007539 0.000000
vt 0.126466 0.348943 0.000000
vt 0.000000 0.000000 0.000000
vt 0.459334 0.037830 0.000000
vt 0.126348 0.344988 0.000000
vt 0.000000 0.000000 0.000000
vt 0.338360 -0.325589 0.000000
vt 0.459334 0.037831 0.000000
vt 0.000000 0.000000 0.000000
vt 0.464820 0.022780 0.000000
vt 0.126457 0.348367 0.000000
vt 0.000000 0.000000 0.000000
vt 0.429686 -0.274502 0.000000
vt 0.556034 0.070487 0.000000
vt 0.000000 0.000000 0.000000
vt 0.556034 0.070487 0.000000
vt 0.135155 0.323077 0.000000
vt 0.000000 0.000000 0.000000
vt 0.578049 0.012720 0.000000
vt 0.133519 0.329005 0.000000
vt 0.000000 0.000000 0.000000
vt 0.444519 -0.316301 0.000000
vt 0.570981 0.032644 0.000000
vt 0.000000 0.000000 0.000000
vt 0.570981 0.032642 0.000000
vt 0.133617 0.328689 0.000000
vt 0.000000 0.000000 0.000000
vt 0.437360 -0.296052 0.000000
vt 0.563817 0.052315 0.000000
vt 0.000000 0.000000 0.000000
vt 0.563817 0.052314 0.000000
vt 0.134131 0.326815 0.000000
vt 0.000000 0.000000 0.000000
vt 0.398836 -0.128192 0.000000
vt 0.734854 -0.091622 0.000000
vt 0.000000 0.000000 0.000000
vt 0.672444 0.029249 0.000000
vt -0.066189 0.164650 0.000000
vt 0.266539 0.200855 0.000000
vt -0.132288 0.329077 0.000000
vt 0.659168 -0.137276 0.000000
vt 0.593005 0.027125 0.000000
vt 0.398142 -0.165696 0.000000
vt 0.000000 0.000000 0.000000
vt -0.053370 0.147853 0.000000
vt 0.272137 0.183296 0.000000
vt -0.125989 0.349031 0.000000
vt 0.553991 -0.178200 0.000000
vt 0.481298 0.022951 0.000000
vt 0.369441 -0.198299 0.000000
vt 0.000000 0.000000 0.000000
vt -0.044511 0.134034 0.000000
vt 0.248467 0.165944 0.000000
vt -0.120965 0.364259 0.000000
vt 0.449914 -0.211912 0.000000
vt 0.373412 0.018297 0.000000
vt 0.322693 -0.225768 0.000000
vt 0.000000 0.000000 0.000000
vt -0.038411 0.123226 0.000000
vt 0.205624 0.149805 0.000000
vt -0.117070 0.375572 0.000000
vt 0.350483 -0.238948 0.000000
vt 0.271826 0.013399 0.000000
vt 0.266408 -0.248105 0.000000
vt 0.000000 0.000000 0.000000
vt -0.034313 0.115324 0.000000
vt 0.152234 0.135641 0.000000
vt -0.114177 0.383743 0.000000
vt 0.266488 -0.259252 0.000000
vt 0.186749 0.009205 0.000000
vt 0.212835 -0.265095 0.000000
vt 0.000000 0.000000 0.000000
vt -0.031481 0.109422 0.000000
vt 0.069576 0.120911 0.000000
vt -0.112032 0.389398 0.000000
vt 0.100813 0.124312 0.000000
vt 0.200967 -0.274232 0.000000
vt 0.121129 0.005949 0.000000
vt 0.167177 -0.276313 0.000000
vt 0.000000 0.000000 0.000000
vt -0.037331 0.133605 0.000000
vt 0.019523 0.120447 0.000000
vt -0.109881 0.393259 0.000000
vt 0.057357 0.116984 0.000000
vt 0.145650 -0.257031 0.000000
vt 0.076831 0.003637 0.000000
vt 0.113357 -0.244891 0.000000
vt 0.000000 0.000000 0.000000
vt -0.050354 0.191732 0.000000
vt -0.023164 0.170318 0.000000
vt -0.104202 0.396772 0.000000
vt 0.009477 0.152030 0.000000
vt -0.071100 0.221196 0.000000
vt -0.040248 0.194105 0.000000
vt -0.083289 0.401682 0.000000
vt -0.081809 0.403127 0.000000
vt -0.055423 0.273107 0.000000
vt -0.025530 0.405299 0.000000
vt -0.035452 0.246292 0.000000
vt -0.014158 0.224759 0.000000
vt 0.215424 0.268671 0.000000
vt 0.079540 0.005301 0.000000
vt 0.679828 0.045306 0.000000
vt 0.079540 0.005301 0.000000
vt 0.060577 -0.031458 0.000000
vt 0.679828 0.045306 0.000000
vt 0.546307 -0.283698 0.000000
vt 0.095913 0.010062 0.000000
vt 0.072686 -0.034960 0.000000
vt 0.670709 0.070365 0.000000
vt 0.537091 -0.258323 0.000000
vt 0.203140 0.272170 0.000000
vt 0.063643 0.001841 0.000000
vt 0.688871 0.019931 0.000000
vt 0.228145 0.266370 0.000000
vt 0.095913 0.010062 0.000000
vt 0.670709 0.070365 0.000000
vt 0.063643 0.001841 0.000000
vt 0.048711 -0.027109 0.000000
vt 0.688871 0.019932 0.000000
vt 0.555370 -0.309084 0.000000
vt 0.084202 -0.037291 0.000000
vt 0.526768 -0.233294 0.000000
vt 0.111587 0.015790 0.000000
vt 0.660899 0.093521 0.000000
vt 0.191310 0.276518 0.000000
vt 0.048387 -0.000378 0.000000
vt 0.697975 -0.005447 0.000000
vt 0.240328 0.265342 0.000000
vt 0.111587 0.015791 0.000000
vt 0.660898 0.093523 0.000000
vt 0.048387 -0.000378 0.000000
vt 0.037212 -0.022049 0.000000
vt 0.697975 -0.005447 0.000000
vt 0.564510 -0.334478 0.000000
vt 0.093962 -0.038387 0.000000
vt 0.514533 -0.210204 0.000000
vt 0.124966 0.021711 0.000000
vt 0.649687 0.112873 0.000000
vt 0.179849 0.281577 0.000000
vt 0.033713 -0.001469 0.000000
vt 0.707164 -0.030822 0.000000
vt 0.250656 0.265370 0.000000
vt 0.124966 0.021712 0.000000
vt 0.649686 0.112880 0.000000
vt 0.033713 -0.001470 0.000000
vt 0.026048 -0.016338 0.000000
vt 0.707164 -0.030827 0.000000
vt 0.242255 -0.151951 0.000000
vt 0.640482 -0.195297 0.000000
vt 0.100655 -0.038465 0.000000
vt 0.499685 -0.190955 0.000000
vt 0.134268 0.026695 0.000000
vt 0.636366 0.126523 0.000000
vt -0.640641 -0.410486 0.000000
vt -0.138545 -0.310649 0.000000
vt -0.604959 -0.341303 0.000000
vt 0.000000 0.000000 0.000000
vt 0.138132 0.029655 0.000000
vt 0.015511 -0.208101 0.000000
vt 0.620467 0.133207 0.000000
vt 0.168705 0.287286 0.000000
vt 0.113913 0.181180 0.000000
vt 0.384926 0.151696 0.000000
vt -0.622394 -0.408637 0.000000
vt -0.140062 -0.305073 0.000000
vt -0.585750 -0.337571 0.000000
vt 0.000000 0.000000 0.000000
vt 0.137363 0.030595 0.000000
vt 0.016715 -0.203390 0.000000
vt 0.602462 0.134185 0.000000
vt 0.066746 0.164575 0.000000
vt 0.379377 0.130540 0.000000
vt 0.133447 0.329037 0.000000
vt -0.606166 -0.404963 0.000000
vt -0.141069 -0.301363 0.000000
vt -0.569332 -0.333517 0.000000
vt 0.000000 0.000000 0.000000
vt 0.519429 -0.228313 0.000000
vt 0.592259 -0.027131 0.000000
vt 0.245906 -0.198527 0.000000
vt 0.000000 0.000000 0.000000
vt 0.133437 0.030062 0.000000
vt 0.013718 -0.202164 0.000000
vt 0.583049 0.131354 0.000000
vt 0.053545 0.147821 0.000000
vt 0.342754 0.116324 0.000000
vt 0.126413 0.348990 0.000000
vt -0.591185 -0.400808 0.000000
vt -0.141574 -0.299510 0.000000
vt -0.554555 -0.329747 0.000000
vt 0.000000 0.000000 0.000000
vt 0.404533 -0.253175 0.000000
vt 0.481023 -0.022953 0.000000
vt 0.216330 -0.232677 0.000000
vt 0.000000 0.000000 0.000000
vt 0.127926 0.028772 0.000000
vt 0.008384 -0.203133 0.000000
vt 0.562939 0.126613 0.000000
vt 0.044552 0.134023 0.000000
vt 0.288149 0.107492 0.000000
vt 0.121079 0.364233 0.000000
vt -0.576668 -0.397043 0.000000
vt -0.141655 -0.299201 0.000000
vt -0.540327 -0.326542 0.000000
vt 0.000000 0.000000 0.000000
vt 0.294715 -0.270643 0.000000
vt 0.373373 -0.018296 0.000000
vt 0.167070 -0.256741 0.000000
vt 0.000000 0.000000 0.000000
vt 0.122154 0.027358 0.000000
vt 0.002384 -0.204993 0.000000
vt 0.542712 0.121548 0.000000
vt 0.038411 0.123226 0.000000
vt 0.225319 0.102869 0.000000
vt 0.117071 0.375572 0.000000
vt -0.562215 -0.393392 0.000000
vt -0.141657 -0.299201 0.000000
vt -0.526189 -0.323501 0.000000
vt 0.000000 0.000000 0.000000
vt 0.191963 -0.281820 0.000000
vt 0.271826 -0.013400 0.000000
vt 0.108252 -0.272702 0.000000
vt 0.000000 0.000000 0.000000
vt 0.116382 0.025946 0.000000
vt -0.003704 -0.207017 0.000000
vt 0.522485 0.116482 0.000000
vt -0.547763 -0.389738 0.000000
vt -0.141659 -0.299201 0.000000
vt -0.512076 -0.320505 0.000000
vt 0.000000 0.000000 0.000000
vt 0.167013 0.101055 0.000000
vt 0.114017 0.383791 0.000000
vt 0.119155 0.106094 0.000000
vt 0.034265 0.115338 0.000000
vt 0.110610 0.024537 0.000000
vt -0.009816 -0.209087 0.000000
vt 0.502260 0.111418 0.000000
vt 0.053008 -0.282734 0.000000
vt 0.106209 -0.289184 0.000000
vt 0.000000 0.000000 0.000000
vt 0.186749 -0.009205 0.000000
vt -0.533306 -0.386081 0.000000
vt -0.141656 -0.299200 0.000000
vt -0.497985 -0.317560 0.000000
vt 0.000000 0.000000 0.000000
vt 0.031228 0.109495 0.000000
vt 0.067436 0.107452 0.000000
vt 0.111130 0.389657 0.000000
vt 0.118900 0.113732 0.000000
vt 0.104843 0.023132 0.000000
vt -0.015953 -0.211207 0.000000
vt 0.482033 0.106352 0.000000
vt 0.007834 -0.275923 0.000000
vt 0.048637 -0.265618 0.000000
vt 0.000000 0.000000 0.000000
vt 0.121131 -0.005948 0.000000
vt -0.518004 -0.380541 0.000000
vt -0.140814 -0.297321 0.000000
vt -0.483312 -0.313239 0.000000
vt 0.000000 0.000000 0.000000
vt 0.035594 0.134079 0.000000
vt 0.088511 0.156979 0.000000
vt 0.104768 0.394653 0.000000
vt 0.099087 0.021735 0.000000
vt -0.021349 -0.211907 0.000000
vt 0.461963 0.101331 0.000000
vt -0.015936 -0.237696 0.000000
vt 0.023249 -0.208747 0.000000
vt 0.000000 0.000000 0.000000
vt 0.076829 -0.003637 0.000000
vt -0.498615 -0.365638 0.000000
vt -0.135739 -0.286041 0.000000
vt -0.465730 -0.301841 0.000000
vt 0.000000 0.000000 0.000000
vt 0.040248 0.194105 0.000000
vt 0.071100 0.221196 0.000000
vt 0.083289 0.401682 0.000000
vt 0.093399 0.020370 0.000000
vt -0.022909 -0.205261 0.000000
vt 0.442821 0.096579 0.000000
vt -0.011372 -0.180540 0.000000
vt 0.009701 -0.159272 0.000000
vt 0.000000 0.000000 0.000000
vt 0.029892 -0.132196 0.000000
vt 0.056277 -0.002173 0.000000
vt -0.475013 -0.339693 0.000000
vt -0.125591 -0.263483 0.000000
vt -0.445321 -0.282090 0.000000
vt 0.000000 0.000000 0.000000
vt 0.087856 0.019069 0.000000
vt -0.019772 -0.189724 0.000000
vt 0.425549 0.092365 0.000000
vt -0.448060 -0.302943 0.000000
vt -0.110367 -0.229647 0.000000
vt -0.422879 -0.254092 0.000000
vt 0.000000 0.000000 0.000000
vt 0.082517 0.017858 0.000000
vt -0.011810 -0.165133 0.000000
vt 0.411069 0.088959 0.000000
vt -0.420433 -0.259444 0.000000
vt -0.091882 -0.188342 0.000000
vt -0.400529 -0.220832 0.000000
vt 0.000000 0.000000 0.000000
vt 0.077372 0.016743 0.000000
vt -0.000466 -0.134258 0.000000
vt 0.400064 0.086574 0.000000
vt -0.400086 -0.224656 0.000000
vt -0.077394 -0.154826 0.000000
vt -0.384486 -0.194393 0.000000
vt 0.000000 0.000000 0.000000
vt 0.072074 0.015658 0.000000
vt 0.007720 -0.109186 0.000000
vt 0.392205 0.085208 0.000000
vt -0.388848 -0.202453 0.000000
vt -0.068716 -0.132903 0.000000
vt -0.376270 -0.178053 0.000000
vt 0.000000 0.000000 0.000000
vt 0.066199 0.014509 0.000000
vt 0.010651 -0.093251 0.000000
vt 0.386920 0.084803 0.000000
vt -0.386562 -0.192875 0.000000
vt -0.065840 -0.122582 0.000000
vt -0.375891 -0.172175 0.000000
vt 0.000000 0.000000 0.000000
vt 0.059306 0.013187 0.000000
vt 0.007727 -0.086875 0.000000
vt 0.383616 0.085302 0.000000
vt -0.391484 -0.193067 0.000000
vt -0.067174 -0.120954 0.000000
vt -0.382075 -0.174814 0.000000
vt 0.000000 0.000000 0.000000
vt 0.051148 0.011603 0.000000
vt -0.000302 -0.088208 0.000000
vt 0.381772 0.086609 0.000000
vt -0.396881 -0.191419 0.000000
vt -0.066257 -0.116415 0.000000
vt -0.389096 -0.176317 0.000000
vt 0.000000 0.000000 0.000000
vt 0.042298 0.009823 0.000000
vt -0.008038 -0.087830 0.000000
vt 0.381056 0.088491 0.000000
vt -0.400248 -0.184726 0.000000
vt -0.061490 -0.106060 0.000000
vt -0.394401 -0.173383 0.000000
vt 0.000000 0.000000 0.000000
vt 0.033542 0.007979 0.000000
vt -0.013206 -0.082715 0.000000
vt 0.381193 0.090673 0.000000
vt -0.400525 -0.172582 0.000000
vt -0.052874 -0.089890 0.000000
vt -0.396604 -0.164977 0.000000
vt 0.000000 0.000000 0.000000
vt 0.025683 0.006246 0.000000
vt -0.014700 -0.072099 0.000000
vt 0.381902 0.092882 0.000000
vt -0.397542 -0.156069 0.000000
vt -0.041325 -0.069426 0.000000
vt -0.395228 -0.151578 0.000000
vt 0.000000 0.000000 0.000000
vt 0.019390 0.004805 0.000000
vt -0.012299 -0.056686 0.000000
vt 0.382927 0.094898 0.000000
vt -0.394020 -0.141005 0.000000
vt -0.030518 -0.050772 0.000000
vt -0.392749 -0.138531 0.000000
vt 0.000000 0.000000 0.000000
vt 0.014691 0.003702 0.000000
vt -0.008666 -0.041772 0.000000
vt 0.384075 0.096781 0.000000
vt -0.390344 -0.129928 0.000000
vt -0.021251 -0.035703 0.000000
vt -0.389684 -0.128612 0.000000
vt 0.000000 0.000000 0.000000
vt 0.011432 0.002955 0.000000
vt -0.004692 -0.029266 0.000000
vt 0.384943 0.099496 0.000000
vt -0.384387 -0.129616 0.000000
vt -0.012994 -0.025224 0.000000
vt -0.384080 -0.128893 0.000000
vt 0.000000 0.000000 0.000000
vt 0.009430 0.002691 0.000000
vt -0.000186 -0.020329 0.000000
vt 0.383589 0.109471 0.000000
vt 0.008303 0.003413 0.000000
vt 0.005997 -0.015918 0.000000
vt 0.369886 0.152031 0.000000
vt 0.050587 -0.393887 0.000000
vt 0.018844 -0.004244 0.000000
vt 0.050166 -0.393805 0.000000
vt 0.000000 0.000000 0.000000
vt -0.000719 0.009009 0.000000
vt 0.017599 0.005488 0.000000
vt -0.031852 0.399383 0.000000
vt 0.031239 -0.392790 0.000000
vt 0.020248 -0.001331 0.000000
vt 0.030782 -0.392758 0.000000
vt 0.000000 0.000000 0.000000
vt -0.000275 0.009694 0.000000
vt 0.019521 0.008313 0.000000
vt -0.011386 0.401062 0.000000
vt 0.023200 -0.391385 0.000000
vt 0.021382 0.000136 0.000000
vt 0.022683 -0.391379 0.000000
vt 0.000000 0.000000 0.000000
vt -0.000063 0.010655 0.000000
vt 0.020806 0.010349 0.000000
vt -0.002386 0.401699 0.000000
vt 0.021994 -0.390676 0.000000
vt 0.021595 0.000374 0.000000
vt 0.021421 -0.390675 0.000000
vt 0.000000 0.000000 0.000000
vt -0.000029 0.011664 0.000000
vt 0.020994 0.011536 0.000000
vt -0.000992 0.402179 0.000000
vt 0.021997 -0.390146 0.000000
vt 0.021595 0.000370 0.000000
vt 0.021370 -0.390145 0.000000
vt 0.000000 0.000000 0.000000
vt -0.000032 0.012668 0.000000
vt 0.020938 0.012539 0.000000
vt -0.001002 0.402652 0.000000
vt 0.022014 -0.389621 0.000000
vt 0.021595 0.000364 0.000000
vt 0.021334 -0.389619 0.000000
vt 0.000000 0.000000 0.000000
vt -0.000034 0.013675 0.000000
vt 0.020882 0.013545 0.000000
vt -0.001012 0.403133 0.000000
vt 0.022023 -0.389093 0.000000
vt 0.021595 0.000366 0.000000
vt 0.021290 -0.389091 0.000000
vt 0.000000 0.000000 0.000000
vt -0.000037 0.014679 0.000000
vt 0.020826 0.014548 0.000000
vt -0.001028 0.403607 0.000000
vt 0.020406 -0.388332 0.000000
vt 0.021382 0.000597 0.000000
vt 0.019627 -0.388336 0.000000
vt 0.000000 0.000000 0.000000
vt 0.000015 0.015710 0.000000
vt 0.020616 0.015758 0.000000
vt 0.000381 0.404063 0.000000
vt 0.009429 -0.386257 0.000000
vt 0.010217 -0.386207 0.000000
vt 0.000000 0.000000 0.000000
vt 0.020244 0.002017 0.000000
vt 0.000394 0.016915 0.000000
vt 0.019806 0.018034 0.000000
vt 0.009410 0.404267 0.000000
vt -0.012521 -0.381558 0.000000
vt -0.011734 -0.381407 0.000000
vt 0.000000 0.000000 0.000000
vt 0.018837 0.004841 0.000000
vt 0.001375 0.018426 0.000000
vt 0.019194 0.021672 0.000000
vt 0.030103 0.403280 0.000000
vt 0.000412 0.309800 0.000000
vt 0.014311 0.309800 0.000000
vt 0.000548 0.412113 0.000000
vt 0.051092 -0.102666 0.000000
vt 0.054766 -0.000418 0.000000
vt 0.009953 -0.102666 0.000000
vt 0.000000 0.000000 0.000000
vt 0.010493 0.308987 0.000000
vt 0.023723 0.308987 0.000000
vt 0.013981 0.411673 0.000000
vt 0.001996 -0.108799 0.000000
vt 0.005212 -0.103280 0.000000
vt 0.000000 0.000000 0.000000
vt 0.040808 -0.103280 0.000000
vt 0.051867 -0.001131 0.000000
vt 0.030575 0.276987 0.000000
vt 0.046593 0.300052 0.000000
vt 0.045132 0.408859 0.000000
vn -0.192596 0.762237 -0.617982
vn -0.192596 0.762237 -0.617982
vn -0.192596 0.762237 -0.617982
vn -0.187124 0.747117 -0.637809
vn -0.187124 0.747117 -0.637809
vn -0.187124 0.747117 -0.637809
vn -0.189968 0.747577 -0.636428
vn -0.189968 0.747577 -0.636428
vn -0.189968 0.747577 -0.636428
vn -0.189968 0.747577 -0.636428
vn -0.182486 0.731777 -0.656660
vn -0.182486 0.731777 -0.656660
vn -0.182486 0.731777 -0.656660
vn -0.184606 0.732175 -0.655622
vn -0.184606 0.732175 -0.655622
vn -0.184606 0.732175 -0.655622
vn -0.180029 0.719983 -0.670234
vn -0.180029 0.719983 -0.670234
vn -0.180029 0.719983 -0.670234
vn -0.180715 0.720121 -0.669902
vn -0.180715 0.720121 -0.669902
vn -0.180715 0.720121 -0.669902
vn -0.179890 0.714804 -0.675792
vn -0.179890 0.714804 -0.675792
vn -0.179890 0.714804 -0.675792
vn -0.179384 0.714714 -0.676021
vn -0.179384 0.714714 -0.676021
vn -0.179384 0.714714 -0.676021
vn -0.167734 0.716334 -0.677297
vn -0.167734 0.716334 -0.677297
vn -0.167734 0.716334 -0.677297
vn -0.180070 0.717753 -0.672611
vn -0.180070 0.717753 -0.672611
vn -0.180070 0.717753 -0.672611
vn -0.102872 0.721569 -0.684657
vn -0.102872 0.721569 -0.684657
vn -0.102872 0.721569 -0.684657
vn -0.167130 0.725453 -0.667672
vn -0.167130 0.725453 -0.667672
vn -0.167130 0.725453 -0.667672
vn 0.091881 0.722704 -0.685023
vn 0.091881 0.722704 -0.685023
vn 0.091881 0.722704 -0.685023
vn -0.095382 0.742614 -0.662893
vn -0.095382 0.742614 -0.662893
vn -0.095382 0.742614 -0.662893
vn 0.163610 0.771956 -0.614260
vn 0.163610 0.771956 -0.614260
vn 0.163610 0.771956 -0.614260
vn 0.628074 0.439490 -0.642162
vn 0.628074 0.439490 -0.642162
vn 0.628074 0.439490 -0.642162
vn 0.152947 0.336540 -0.929165
vn 0.152947 0.336540 -0.929165
vn 0.152947 0.336540 -0.929165
vn 0.167420 0.364662 -0.915965
vn 0.167420 0.364662 -0.915965
vn 0.167420 0.364662 -0.915965
vn -0.023452 0.385102 -0.922576
vn -0.023452 0.385102 -0.922576
vn -0.023452 0.385102 -0.922576
vn -0.026619 0.372214 -0.927765
vn -0.026619 0.372214 -0.927765
vn -0.026619 0.372214 -0.927765
vn -0.084105 0.386733 -0.918349
vn -0.084105 0.386733 -0.918349
vn -0.084105 0.386733 -0.918349
vn -0.084365 0.378772 -0.921637
vn -0.084365 0.378772 -0.921637
vn -0.084365 0.378772 -0.921637
vn -0.095894 0.383227 -0.918663
vn -0.095894 0.383227 -0.918663
vn -0.095894 0.383227 -0.918663
vn -0.095741 0.381200 -0.919522
vn -0.095741 0.381200 -0.919522
vn -0.095741 0.381200 -0.919522
vn -0.095260 0.380967 -0.919668
vn -0.095260 0.380967 -0.919668
vn -0.095260 0.380967 -0.919668
vn -0.095946 0.386231 -0.917399
vn -0.095946 0.386231 -0.917399
vn -0.095946 0.386231 -0.917399
vn -0.096371 0.386452 -0.917261
vn -0.096371 0.386452 -0.917261
vn -0.096371 0.386452 -0.917261
vn -0.104769 0.414644 -0.903933
vn -0.104769 0.414644 -0.903933
vn -0.104769 0.414644 -0.903933
vn -0.104769 0.414644 -0.903933
vn -0.107585 0.429472 -0.896649
vn -0.107585 0.429472 -0.896649
vn -0.107585 0.429472 -0.896649
vn -0.098184 0.397846 -0.912183
vn -0.098184 0.397846 -0.912183
vn -0.098184 0.397846 -0.912183
vn -0.099862 0.398714 -0.911622
vn -0.099862 0.398714 -0.911622
vn -0.099862 0.398714 -0.911622
vn -0.102484 0.413511 -0.904713
vn -0.102484 0.413511 -0.904713
vn -0.102484 0.413511 -0.904713
vn -0.232341 0.921501 -0.311212
vn -0.232341 0.921501 -0.311212
vn -0.232341 0.921501 -0.311212
vn -0.231902 0.916350 -0.326382
vn -0.231902 0.916350 -0.326382
vn -0.231902 0.916350 -0.326382
vn -0.230022 0.916599 -0.327011
vn -0.230022 0.916599 -0.327011
vn -0.230022 0.916599 -0.327011
vn -0.229777 0.912519 -0.338395
vn -0.229777 0.912519 -0.338395
vn -0.229777 0.912519 -0.338395
vn -0.229054 0.912610 -0.338639
vn -0.229054 0.912610 -0.338639
vn -0.229054 0.912610 -0.338639
vn -0.229038 0.910769 -0.343572
vn -0.229038 0.910769 -0.343572
vn -0.229038 0.910769 -0.343572
vn -0.228785 0.910802 -0.343652
vn -0.228785 0.910802 -0.343652
vn -0.228785 0.910802 -0.343652
vn -0.228665 0.911939 -0.340705
vn -0.228665 0.911939 -0.340705
vn -0.228665 0.911939 -0.340705
vn -0.213887 0.914063 -0.344590
vn -0.213887 0.914063 -0.344590
vn -0.213887 0.914063 -0.344590
vn -0.132897 0.927105 -0.350450
vn -0.132897 0.927105 -0.350450
vn -0.132897 0.927105 -0.350450
vn -0.212558 0.917967 -0.334896
vn -0.212558 0.917967 -0.334896
vn -0.212558 0.917967 -0.334896
vn -0.125541 0.935255 -0.330966
vn -0.125541 0.935255 -0.330966
vn -0.125541 0.935255 -0.330966
vn 0.179971 0.912062 -0.368447
vn 0.179971 0.912062 -0.368447
vn 0.179971 0.912062 -0.368447
vn -0.043460 0.175543 -0.983512
vn -0.043460 0.175543 -0.983512
vn -0.043460 0.175543 -0.983512
vn -0.042425 0.169358 -0.984641
vn -0.042425 0.169358 -0.984641
vn -0.042425 0.169358 -0.984641
vn -0.042425 0.169358 -0.984641
vn 0.202873 0.916611 -0.344480
vn 0.202873 0.916611 -0.344480
vn 0.202873 0.916611 -0.344480
vn 0.457332 0.504342 -0.732453
vn 0.457332 0.504342 -0.732453
vn 0.457332 0.504342 -0.732453
vn 0.657132 0.655907 -0.371433
vn 0.657132 0.655907 -0.371433
vn 0.657132 0.655907 -0.371433
vn 0.668870 0.044144 -0.742067
vn 0.668870 0.044144 -0.742067
vn 0.668870 0.044144 -0.742067
vn 0.251744 0.096581 -0.962963
vn 0.251744 0.096581 -0.962963
vn 0.251744 0.096581 -0.962963
vn 0.233562 0.076984 -0.969290
vn 0.233562 0.076984 -0.969290
vn 0.233562 0.076984 -0.969290
vn 0.038806 0.128494 -0.990951
vn 0.038806 0.128494 -0.990951
vn 0.038806 0.128494 -0.990951
vn 0.036585 0.123466 -0.991674
vn 0.036585 0.123466 -0.991674
vn 0.036585 0.123466 -0.991674
vn -0.023734 0.147391 -0.988794
vn -0.023734 0.147391 -0.988794
vn -0.023734 0.147391 -0.988794
vn -0.037602 0.152820 -0.987538
vn -0.037602 0.152820 -0.987538
vn -0.037602 0.152820 -0.987538
vn -0.023949 0.145883 -0.989012
vn -0.023949 0.145883 -0.989012
vn -0.023949 0.145883 -0.989012
vn -0.038113 0.153422 -0.987425
vn -0.038113 0.153422 -0.987425
vn -0.038113 0.153422 -0.987425
vn -0.037603 0.153125 -0.987491
vn -0.037603 0.153125 -0.987491
vn -0.037603 0.153125 -0.987491
vn -0.038604 0.156424 -0.986935
vn -0.038604 0.156424 -0.986935
vn -0.038604 0.156424 -0.986935
vn -0.038347 0.156266 -0.986970
vn -0.038347 0.156266 -0.986970
vn -0.038347 0.156266 -0.986970
vn -0.041149 0.168599 -0.984825
vn -0.041149 0.168599 -0.984825
vn -0.041149 0.168599 -0.984825
vn -0.040189 0.162159 -0.985946
vn -0.040189 0.162159 -0.985946
vn -0.040189 0.162159 -0.985946
vn -0.039239 0.161579 -0.986079
vn -0.039239 0.161579 -0.986079
vn -0.039239 0.161579 -0.986079
vn -0.244073 0.964445 -0.101365
vn -0.244073 0.964445 -0.101365
vn -0.244073 0.964445 -0.101365
vn -0.244297 0.963547 -0.109070
vn -0.244297 0.963547 -0.109070
vn -0.244297 0.963547 -0.109070
vn -0.242720 0.963923 -0.109266
vn -0.242720 0.963923 -0.109266
vn -0.242720 0.963923 -0.109266
vn -0.242908 0.963306 -0.114178
vn -0.242908 0.963306 -0.114178
vn -0.242908 0.963306 -0.114178
vn -0.242287 0.963454 -0.114255
vn -0.242287 0.963454 -0.114255
vn -0.242287 0.963454 -0.114255
vn -0.242407 0.963176 -0.116321
vn -0.242407 0.963176 -0.116321
vn -0.242407 0.963176 -0.116321
vn -0.241600 0.963368 -0.116415
vn -0.241600 0.963368 -0.116415
vn -0.241600 0.963368 -0.116415
vn -0.241462 0.963563 -0.115072
vn -0.241462 0.963563 -0.115072
vn -0.241462 0.963563 -0.115072
vn -0.224476 0.967468 -0.116688
vn -0.224476 0.967468 -0.116688
vn -0.224476 0.967468 -0.116688
vn -0.133840 0.983981 -0.117762
vn -0.133840 0.983981 -0.117762
vn -0.133840 0.983981 -0.117762
vn -0.223420 0.968334 -0.111412
vn -0.223420 0.968334 -0.111412
vn -0.223420 0.968334 -0.111412
vn -0.129683 0.985623 -0.108299
vn -0.129683 0.985623 -0.108299
vn -0.129683 0.985623 -0.108299
vn 0.213746 0.968965 -0.124172
vn 0.213746 0.968965 -0.124172
vn 0.213746 0.968965 -0.124172
vn -0.016145 0.065213 -0.997741
vn -0.016145 0.065213 -0.997741
vn -0.016145 0.065213 -0.997741
vn -0.016145 0.065213 -0.997741
vn -0.016411 0.067302 -0.997598
vn -0.016411 0.067302 -0.997598
vn -0.016411 0.067302 -0.997598
vn -0.015262 0.062534 -0.997926
vn -0.015262 0.062534 -0.997926
vn -0.015262 0.062534 -0.997926
vn -0.015491 0.064819 -0.997777
vn -0.015491 0.064819 -0.997777
vn -0.015491 0.064819 -0.997777
vn 0.221256 0.968299 -0.115945
vn 0.221256 0.968299 -0.115945
vn 0.221256 0.968299 -0.115945
vn 0.620316 0.670846 -0.406415
vn 0.620316 0.670846 -0.406415
vn 0.620316 0.670846 -0.406415
vn 0.680316 0.722109 -0.125414
vn 0.680316 0.722109 -0.125414
vn 0.680316 0.722109 -0.125414
vn 0.916727 0.114328 -0.382805
vn 0.916727 0.114328 -0.382805
vn 0.916727 0.114328 -0.382805
vn 0.576498 0.112580 -0.809306
vn 0.576498 0.112580 -0.809306
vn 0.576498 0.112580 -0.809306
vn 0.637531 -0.185615 -0.747730
vn 0.637531 -0.185615 -0.747730
vn 0.637531 -0.185615 -0.747730
vn 0.272064 -0.051715 -0.960888
vn 0.272064 -0.051715 -0.960888
vn 0.272064 -0.051715 -0.960888
vn 0.252019 -0.059014 -0.965921
vn 0.252019 -0.059014 -0.965921
vn 0.252019 -0.059014 -0.965921
vn 0.066370 0.020543 -0.997584
vn 0.066370 0.020543 -0.997584
vn 0.066370 0.020543 -0.997584
vn 0.063881 0.018067 -0.997794
vn 0.063881 0.018067 -0.997794
vn 0.063881 0.018067 -0.997794
vn 0.002159 0.049007 -0.998796
vn 0.002159 0.049007 -0.998796
vn 0.002159 0.049007 -0.998796
vn 0.002104 0.048862 -0.998803
vn 0.002104 0.048862 -0.998803
vn 0.002104 0.048862 -0.998803
vn -0.013272 0.057577 -0.998253
vn -0.013272 0.057577 -0.998253
vn -0.013272 0.057577 -0.998253
vn -0.013205 0.058114 -0.998223
vn -0.013205 0.058114 -0.998223
vn -0.013205 0.058114 -0.998223
vn -0.014447 0.058873 -0.998161
vn -0.014447 0.058873 -0.998161
vn -0.014447 0.058873 -0.998161
vn -0.014444 0.060145 -0.998085
vn -0.014444 0.060145 -0.998085
vn -0.014444 0.060145 -0.998085
vn -0.014635 0.060264 -0.998075
vn -0.014635 0.060264 -0.998075
vn -0.014635 0.060264 -0.998075
vn -0.014754 0.062221 -0.997953
vn -0.014754 0.062221 -0.997953
vn -0.014754 0.062221 -0.997953
vn -0.245751 0.969283 -0.009873
vn -0.245751 0.969283 -0.009873
vn -0.245751 0.969283 -0.009873
vn -0.245944 0.969192 -0.013387
vn -0.245944 0.969192 -0.013387
vn -0.245944 0.969192 -0.013387
vn -0.244485 0.969560 -0.013417
vn -0.244485 0.969560 -0.013417
vn -0.244485 0.969560 -0.013417
vn -0.244596 0.969507 -0.015111
vn -0.244596 0.969507 -0.015111
vn -0.244596 0.969507 -0.015111
vn -0.244035 0.969648 -0.015120
vn -0.244035 0.969648 -0.015120
vn -0.244035 0.969648 -0.015120
vn -0.244064 0.969636 -0.015446
vn -0.244064 0.969636 -0.015446
vn -0.244064 0.969636 -0.015446
vn -0.243048 0.969891 -0.015461
vn -0.243048 0.969891 -0.015461
vn -0.243048 0.969891 -0.015461
vn -0.243022 0.969900 -0.015270
vn -0.243022 0.969900 -0.015270
vn -0.243022 0.969900 -0.015270
vn -0.224788 0.974285 -0.015491
vn -0.224788 0.974285 -0.015491
vn -0.224788 0.974285 -0.015491
vn -0.130377 0.991343 -0.015510
vn -0.130377 0.991343 -0.015510
vn -0.130377 0.991343 -0.015510
vn -0.224603 0.974339 -0.014701
vn -0.224603 0.974339 -0.014701
vn -0.224603 0.974339 -0.014701
vn -0.129640 0.991463 -0.013962
vn -0.129640 0.991463 -0.013962
vn -0.129640 0.991463 -0.013962
vn 0.223281 0.974627 -0.015763
vn 0.223281 0.974627 -0.015763
vn 0.223281 0.974627 -0.015763
vn -0.008031 0.032934 -0.999425
vn -0.008031 0.032934 -0.999425
vn -0.008031 0.032934 -0.999425
vn -0.008031 0.032934 -0.999425
vn -0.008097 0.033841 -0.999394
vn -0.008097 0.033841 -0.999394
vn -0.008097 0.033841 -0.999394
vn -0.007559 0.031632 -0.999471
vn -0.007559 0.031632 -0.999471
vn -0.007559 0.031632 -0.999471
vn -0.007594 0.032674 -0.999437
vn -0.007594 0.032674 -0.999437
vn -0.007594 0.032674 -0.999437
vn -0.007223 0.030463 -0.999510
vn -0.007223 0.030463 -0.999510
vn -0.007223 0.030463 -0.999510
vn -0.007198 0.031412 -0.999481
vn -0.007198 0.031412 -0.999481
vn -0.007198 0.031412 -0.999481
vn 0.224473 0.974373 -0.014475
vn 0.224473 0.974373 -0.014475
vn 0.224473 0.974373 -0.014475
vn 0.670629 0.728959 -0.137388
vn 0.670629 0.728959 -0.137388
vn 0.670629 0.728959 -0.137388
vn 0.678252 0.734668 -0.015416
vn 0.678252 0.734668 -0.015416
vn 0.678252 0.734668 -0.015416
vn 0.975856 0.177454 -0.127341
vn 0.975856 0.177454 -0.127341
vn 0.975856 0.177454 -0.127341
vn 0.865974 0.169722 -0.470408
vn 0.865974 0.169722 -0.470408
vn 0.865974 0.169722 -0.470408
vn 0.886758 -0.237040 -0.396827
vn 0.886758 -0.237040 -0.396827
vn 0.886758 -0.237040 -0.396827
vn 0.583397 -0.138776 -0.800244
vn 0.583397 -0.138776 -0.800244
vn 0.583397 -0.138776 -0.800244
vn 0.599423 -0.292581 -0.745042
vn 0.599423 -0.292581 -0.745042
vn 0.599423 -0.292581 -0.745042
vn 0.268964 -0.117706 -0.955931
vn 0.268964 -0.117706 -0.955931
vn 0.268964 -0.117706 -0.955931
vn 0.256187 -0.117189 -0.959497
vn 0.256187 -0.117189 -0.959497
vn 0.256187 -0.117189 -0.959497
vn 0.074242 -0.016976 -0.997096
vn 0.074242 -0.016976 -0.997096
vn 0.074242 -0.016976 -0.997096
vn 0.072456 -0.017590 -0.997217
vn 0.072456 -0.017590 -0.997217
vn 0.072456 -0.017590 -0.997217
vn 0.010341 0.018458 -0.999776
vn 0.010341 0.018458 -0.999776
vn 0.010341 0.018458 -0.999776
vn 0.010388 0.018513 -0.999775
vn 0.010388 0.018513 -0.999775
vn 0.010388 0.018513 -0.999775
vn -0.005694 0.028283 -0.999584
vn -0.005694 0.028283 -0.999584
vn -0.005694 0.028283 -0.999584
vn -0.005561 0.028680 -0.999573
vn -0.005561 0.028680 -0.999573
vn -0.005561 0.028680 -0.999573
vn -0.007121 0.029652 -0.999535
vn -0.007121 0.029652 -0.999535
vn -0.007121 0.029652 -0.999535
vn -0.007033 0.030344 -0.999515
vn -0.007033 0.030344 -0.999515
vn -0.007033 0.030344 -0.999515
vn -0.245964 0.969270 0.004255
vn -0.245964 0.969270 0.004255
vn -0.245964 0.969270 0.004255
vn -0.246130 0.969236 0.001430
vn -0.246130 0.969236 0.001430
vn -0.246130 0.969236 0.001430
vn -0.244623 0.969617 0.001423
vn -0.244623 0.969617 0.001423
vn -0.244623 0.969617 0.001423
vn -0.244698 0.969599 0.000343
vn -0.244698 0.969599 0.000343
vn -0.244698 0.969599 0.000343
vn -0.244093 0.969752 0.000343
vn -0.244093 0.969752 0.000343
vn -0.244093 0.969752 0.000343
vn -0.244108 0.969748 0.000170
vn -0.244108 0.969748 0.000170
vn -0.244108 0.969748 0.000170
vn -0.243050 0.970014 0.000171
vn -0.243050 0.970014 0.000171
vn -0.243050 0.970014 0.000171
vn -0.243050 0.970014 0.000171
vn -0.243050 0.970014 0.000171
vn -0.243050 0.970014 0.000171
vn -0.224624 0.974445 0.000186
vn -0.224624 0.974445 0.000186
vn -0.224624 0.974445 0.000186
vn -0.129635 0.991562 0.000226
vn -0.129635 0.991562 0.000226
vn -0.129635 0.991562 0.000226
vn -0.224630 0.974444 0.000162
vn -0.224630 0.974444 0.000162
vn -0.224630 0.974444 0.000162
vn -0.129635 0.991562 0.000226
vn -0.129635 0.991562 0.000226
vn -0.129635 0.991562 0.000226
vn 0.224565 0.974459 0.000439
vn 0.224565 0.974459 0.000439
vn 0.224565 0.974459 0.000439
vn -0.007035 0.029401 -0.999543
vn -0.007035 0.029401 -0.999543
vn -0.007035 0.029401 -0.999543
vn -0.007035 0.029401 -0.999543
vn -0.007041 0.030096 -0.999522
vn -0.007041 0.030096 -0.999522
vn -0.007041 0.030096 -0.999522
vn -0.006569 0.028265 -0.999579
vn -0.006569 0.028265 -0.999579
vn -0.006569 0.028265 -0.999579
vn -0.006528 0.029102 -0.999555
vn -0.006528 0.029102 -0.999555
vn -0.006528 0.029102 -0.999555
vn -0.006232 0.027198 -0.999611
vn -0.006232 0.027198 -0.999611
vn -0.006232 0.027198 -0.999611
vn -0.006122 0.027997 -0.999589
vn -0.006122 0.027997 -0.999589
vn -0.006122 0.027997 -0.999589
vn -0.006116 0.026388 -0.999633
vn -0.006116 0.026388 -0.999633
vn -0.006116 0.026388 -0.999633
vn -0.005930 0.027012 -0.999618
vn -0.005930 0.027012 -0.999618
vn -0.005930 0.027012 -0.999618
vn 0.224524 0.974468 0.000395
vn 0.224524 0.974468 0.000395
vn 0.224524 0.974468 0.000395
vn 0.676843 0.735925 -0.017269
vn 0.676843 0.735925 -0.017269
vn 0.676843 0.735925 -0.017269
vn 0.677055 0.735932 0.000611
vn 0.677055 0.735932 0.000611
vn 0.677055 0.735932 0.000611
vn 0.979200 0.202266 -0.016020
vn 0.979200 0.202266 -0.016020
vn 0.979200 0.202266 -0.016020
vn 0.965528 0.201899 -0.164291
vn 0.965528 0.201899 -0.164291
vn 0.965528 0.201899 -0.164291
vn 0.962746 -0.234580 -0.134507
vn 0.962746 -0.234580 -0.134507
vn 0.962746 -0.234580 -0.134507
vn 0.862457 -0.203145 -0.463573
vn 0.862457 -0.203145 -0.463573
vn 0.862457 -0.203145 -0.463573
vn 0.824212 -0.399913 -0.400928
vn 0.824212 -0.399913 -0.400928
vn 0.824212 -0.399913 -0.400928
vn 0.573641 -0.269028 -0.773667
vn 0.573641 -0.269028 -0.773667
vn 0.573641 -0.269028 -0.773667
vn 0.577846 -0.346002 -0.739172
vn 0.577846 -0.346002 -0.739172
vn 0.577846 -0.346002 -0.739172
vn 0.264315 -0.146641 -0.953223
vn 0.264315 -0.146641 -0.953223
vn 0.264315 -0.146641 -0.953223
vn 0.264395 -0.146664 -0.953197
vn 0.264395 -0.146664 -0.953197
vn 0.264395 -0.146664 -0.953197
vn 0.075151 -0.026889 -0.996810
vn 0.075151 -0.026889 -0.996810
vn 0.075151 -0.026889 -0.996810
vn 0.076044 -0.026897 -0.996742
vn 0.076044 -0.026897 -0.996742
vn 0.076044 -0.026897 -0.996742
vn 0.011591 0.013970 -0.999835
vn 0.011591 0.013970 -0.999835
vn 0.011591 0.013970 -0.999835
vn 0.012117 0.014247 -0.999825
vn 0.012117 0.014247 -0.999825
vn 0.012117 0.014247 -0.999825
vn -0.004630 0.024868 -0.999680
vn -0.004630 0.024868 -0.999680
vn -0.004630 0.024868 -0.999680
vn -0.004355 0.025281 -0.999671
vn -0.004355 0.025281 -0.999671
vn -0.004355 0.025281 -0.999671
vn -0.246129 0.969228 0.004150
vn -0.246129 0.969228 0.004150
vn -0.246129 0.969228 0.004150
vn -0.246298 0.969193 0.001282
vn -0.246298 0.969193 0.001282
vn -0.246298 0.969193 0.001282
vn -0.244698 0.969598 0.001274
vn -0.244698 0.969598 0.001274
vn -0.244698 0.969598 0.001274
vn -0.244772 0.969581 0.000215
vn -0.244772 0.969581 0.000215
vn -0.244772 0.969581 0.000215
vn -0.244108 0.969748 0.000215
vn -0.244108 0.969748 0.000215
vn -0.244108 0.969748 0.000215
vn -0.244120 0.969745 0.000085
vn -0.244120 0.969745 0.000085
vn -0.244120 0.969745 0.000085
vn -0.243050 0.970014 0.000086
vn -0.243050 0.970014 0.000086
vn -0.243050 0.970014 0.000086
vn -0.243056 0.970012 0.000043
vn -0.243056 0.970012 0.000043
vn -0.243056 0.970012 0.000043
vn -0.224630 0.974444 0.000050
vn -0.224630 0.974444 0.000050
vn -0.224630 0.974444 0.000050
vn -0.224625 0.974445 0.000070
vn -0.224625 0.974445 0.000070
vn -0.224625 0.974445 0.000070
vn -0.129635 0.991562 0.000097
vn -0.129635 0.991562 0.000097
vn -0.129635 0.991562 0.000097
vn -0.129609 0.991565 0.000152
vn -0.129609 0.991565 0.000152
vn -0.129609 0.991565 0.000152
vn 0.224524 0.974469 0.000211
vn 0.224524 0.974469 0.000211
vn 0.224524 0.974469 0.000211
vn -0.006907 0.029525 -0.999540
vn -0.006907 0.029525 -0.999540
vn -0.006907 0.029525 -0.999540
vn -0.006907 0.029525 -0.999540
vn -0.006878 0.030127 -0.999522
vn -0.006878 0.030127 -0.999522
vn -0.006878 0.030127 -0.999522
vn -0.006373 0.028415 -0.999576
vn -0.006373 0.028415 -0.999576
vn -0.006373 0.028415 -0.999576
vn -0.006281 0.029162 -0.999555
vn -0.006281 0.029162 -0.999555
vn -0.006281 0.029162 -0.999555
vn 0.224502 0.974474 0.000188
vn 0.224502 0.974474 0.000188
vn 0.224502 0.974474 0.000188
vn -0.005979 0.027346 -0.999608
vn -0.005979 0.027346 -0.999608
vn -0.005979 0.027346 -0.999608
vn -0.005801 0.028079 -0.999589
vn -0.005801 0.028079 -0.999589
vn -0.005801 0.028079 -0.999589
vn -0.005817 0.026494 -0.999632
vn -0.005817 0.026494 -0.999632
vn -0.005817 0.026494 -0.999632
vn -0.005542 0.027082 -0.999618
vn -0.005542 0.027082 -0.999618
vn -0.005542 0.027082 -0.999618
vn -0.004259 0.024868 -0.999682
vn -0.004259 0.024868 -0.999682
vn -0.004259 0.024868 -0.999682
vn -0.003843 0.025267 -0.999673
vn -0.003843 0.025267 -0.999673
vn -0.003843 0.025267 -0.999673
vn 0.677122 0.735870 0.000700
vn 0.677122 0.735870 0.000700
vn 0.677122 0.735870 0.000700
vn 0.677121 0.735871 0.000276
vn 0.677121 0.735871 0.000276
vn 0.677121 0.735871 0.000276
vn 0.978561 0.205957 0.000749
vn 0.978561 0.205957 0.000749
vn 0.978561 0.205957 0.000749
vn 0.978295 0.206118 -0.021313
vn 0.978295 0.206118 -0.021313
vn 0.978295 0.206118 -0.021313
vn 0.973798 -0.226739 -0.017526
vn 0.973798 -0.226739 -0.017526
vn 0.973798 -0.226739 -0.017526
vn 0.961210 -0.221900 -0.163818
vn 0.961210 -0.221900 -0.163818
vn 0.961210 -0.221900 -0.163818
vn 0.892685 -0.429151 -0.137634
vn 0.892685 -0.429151 -0.137634
vn 0.892685 -0.429151 -0.137634
vn 0.814997 -0.387194 -0.431115
vn 0.814997 -0.387194 -0.431115
vn 0.814997 -0.387194 -0.431115
vn 0.784764 -0.479527 -0.392682
vn 0.784764 -0.479527 -0.392682
vn 0.784764 -0.479527 -0.392682
vn 0.576500 -0.344731 -0.740816
vn 0.576500 -0.344731 -0.740816
vn 0.576500 -0.344731 -0.740816
vn 0.267541 -0.159093 -0.950322
vn 0.267541 -0.159093 -0.950322
vn 0.267541 -0.159093 -0.950322
vn 0.576654 -0.367582 -0.729626
vn 0.576654 -0.367582 -0.729626
vn 0.576654 -0.367582 -0.729626
vn 0.278108 -0.163123 -0.946597
vn 0.278108 -0.163123 -0.946597
vn 0.278108 -0.163123 -0.946597
vn 0.076952 -0.030215 -0.996577
vn 0.076952 -0.030215 -0.996577
vn 0.076952 -0.030215 -0.996577
vn 0.080406 -0.030772 -0.996287
vn 0.080406 -0.030772 -0.996287
vn 0.080406 -0.030772 -0.996287
vn 0.012331 0.013394 -0.999834
vn 0.012331 0.013394 -0.999834
vn 0.012331 0.013394 -0.999834
vn 0.013357 0.013657 -0.999818
vn 0.013357 0.013657 -0.999818
vn 0.013357 0.013657 -0.999818
vn -0.246296 0.969187 0.003961
vn -0.246296 0.969187 0.003961
vn -0.246296 0.969187 0.003961
vn -0.246463 0.969152 0.001133
vn -0.246463 0.969152 0.001133
vn -0.246463 0.969152 0.001133
vn -0.244772 0.969580 0.001125
vn -0.244772 0.969580 0.001125
vn -0.244772 0.969580 0.001125
vn -0.244844 0.969563 0.000087
vn -0.244844 0.969563 0.000087
vn -0.244844 0.969563 0.000087
vn -0.244120 0.969745 0.000087
vn -0.244120 0.969745 0.000087
vn -0.244120 0.969745 0.000087
vn -0.244136 0.969741 -0.000085
vn -0.244136 0.969741 -0.000085
vn -0.244136 0.969741 -0.000085
vn -0.243056 0.970012 -0.000086
vn -0.243056 0.970012 -0.000086
vn -0.243056 0.970012 -0.000086
vn -0.224625 0.974445 -0.000050
vn -0.224625 0.974445 -0.000050
vn -0.224625 0.974445 -0.000050
vn -0.243050 0.970014 -0.000043
vn -0.243050 0.970014 -0.000043
vn -0.243050 0.970014 -0.000043
vn -0.224630 0.974444 -0.000070
vn -0.224630 0.974444 -0.000070
vn -0.224630 0.974444 -0.000070
vn -0.129609 0.991565 -0.000097
vn -0.129609 0.991565 -0.000097
vn -0.129609 0.991565 -0.000097
vn -0.129614 0.991565 -0.000108
vn -0.129614 0.991565 -0.000108
vn -0.129614 0.991565 -0.000108
vn 0.224502 0.974474 -0.000168
vn 0.224502 0.974474 -0.000168
vn 0.224502 0.974474 -0.000168
vn -0.006712 0.030101 -0.999524
vn -0.006712 0.030101 -0.999524
vn -0.006712 0.030101 -0.999524
vn -0.006756 0.029592 -0.999539
vn -0.006756 0.029592 -0.999539
vn -0.006756 0.029592 -0.999539
vn -0.006756 0.029592 -0.999539
vn -0.006145 0.028529 -0.999574
vn -0.006145 0.028529 -0.999574
vn -0.006145 0.028529 -0.999574
vn -0.006029 0.029177 -0.999556
vn -0.006029 0.029177 -0.999556
vn -0.006029 0.029177 -0.999556
vn 0.224484 0.974478 -0.000188
vn 0.224484 0.974478 -0.000188
vn 0.224484 0.974478 -0.000188
vn -0.005680 0.027494 -0.999606
vn -0.005680 0.027494 -0.999606
vn -0.005680 0.027494 -0.999606
vn -0.005471 0.028144 -0.999589
vn -0.005471 0.028144 -0.999589
vn -0.005471 0.028144 -0.999589
vn 0.677052 0.735935 0.000183
vn 0.677052 0.735935 0.000183
vn 0.677052 0.735935 0.000183
vn 0.677052 0.735935 -0.000276
vn 0.677052 0.735935 -0.000276
vn 0.677052 0.735935 -0.000276
vn -0.005453 0.026643 -0.999630
vn -0.005453 0.026643 -0.999630
vn -0.005453 0.026643 -0.999630
vn -0.005136 0.027175 -0.999617
vn -0.005136 0.027175 -0.999617
vn -0.005136 0.027175 -0.999617
vn -0.003781 0.024977 -0.999681
vn -0.003781 0.024977 -0.999681
vn -0.003781 0.024977 -0.999681
vn -0.003290 0.025340 -0.999673
vn -0.003290 0.025340 -0.999673
vn -0.003290 0.025340 -0.999673
vn 0.013446 0.013269 -0.999822
vn 0.013446 0.013269 -0.999822
vn 0.013446 0.013269 -0.999822
vn 0.014778 0.013467 -0.999800
vn 0.014778 0.013467 -0.999800
vn 0.014778 0.013467 -0.999800
vn 0.978532 0.206095 0.000189
vn 0.978532 0.206095 0.000189
vn 0.978532 0.206095 0.000189
vn 0.978532 0.206093 0.000565
vn 0.978532 0.206093 0.000565
vn 0.978532 0.206093 0.000565
vn 0.974321 -0.225164 0.000450
vn 0.974321 -0.225164 0.000450
vn 0.974321 -0.225164 0.000450
vn 0.974132 -0.224935 -0.021712
vn 0.974132 -0.224935 -0.021712
vn 0.974132 -0.224935 -0.021712
vn 0.901878 -0.431606 -0.018234
vn 0.901878 -0.431606 -0.018234
vn 0.901878 -0.431606 -0.018234
vn 0.892407 -0.425584 -0.149963
vn 0.892407 -0.425584 -0.149963
vn 0.892407 -0.425584 -0.149963
vn 0.843978 -0.519366 -0.134015
vn 0.843978 -0.519366 -0.134015
vn 0.843978 -0.519366 -0.134015
vn 0.784322 -0.478931 -0.394291
vn 0.784322 -0.478931 -0.394291
vn 0.784322 -0.478931 -0.394291
vn 0.772783 -0.507172 -0.381554
vn 0.772783 -0.507172 -0.381554
vn 0.772783 -0.507172 -0.381554
vn 0.590217 -0.380444 -0.711974
vn 0.590217 -0.380444 -0.711974
vn 0.590217 -0.380444 -0.711974
vn 0.590464 -0.375039 -0.714631
vn 0.590464 -0.375039 -0.714631
vn 0.590464 -0.375039 -0.714631
vn 0.278601 -0.165367 -0.946063
vn 0.278601 -0.165367 -0.946063
vn 0.278601 -0.165367 -0.946063
vn 0.295790 -0.172423 -0.939563
vn 0.295790 -0.172423 -0.939563
vn 0.295790 -0.172423 -0.939563
vn 0.080635 -0.031691 -0.996240
vn 0.080635 -0.031691 -0.996240
vn 0.080635 -0.031691 -0.996240
vn 0.085759 -0.032793 -0.995776
vn 0.085759 -0.032793 -0.995776
vn 0.085759 -0.032793 -0.995776
vn -0.246461 0.969145 0.003922
vn -0.246461 0.969145 0.003922
vn -0.246461 0.969145 0.003922
vn -0.006612 0.029653 -0.999538
vn -0.006612 0.029653 -0.999538
vn -0.006612 0.029653 -0.999538
vn -0.006612 0.029653 -0.999538
vn -0.006568 0.030061 -0.999526
vn -0.006568 0.030061 -0.999526
vn -0.006568 0.030061 -0.999526
vn -0.246631 0.969109 0.001029
vn -0.246631 0.969109 0.001029
vn -0.246631 0.969109 0.001029
vn -0.244844 0.969562 0.001019
vn -0.244844 0.969562 0.001019
vn -0.244844 0.969562 0.001019
vn -0.244917 0.969544 -0.000040
vn -0.244917 0.969544 -0.000040
vn -0.244917 0.969544 -0.000040
vn -0.244136 0.969741 -0.000041
vn -0.244136 0.969741 -0.000041
vn -0.244136 0.969741 -0.000041
vn -0.244143 0.969739 -0.000127
vn -0.244143 0.969739 -0.000127
vn -0.244143 0.969739 -0.000127
vn -0.243050 0.970014 -0.000128
vn -0.243050 0.970014 -0.000128
vn -0.243050 0.970014 -0.000128
vn -0.243056 0.970012 -0.000171
vn -0.243056 0.970012 -0.000171
vn -0.243056 0.970012 -0.000171
vn -0.224630 0.974444 -0.000186
vn -0.224630 0.974444 -0.000186
vn -0.224630 0.974444 -0.000186
vn -0.129614 0.991565 -0.000182
vn -0.129614 0.991565 -0.000182
vn -0.129614 0.991565 -0.000182
vn -0.224614 0.974448 -0.000119
vn -0.224614 0.974448 -0.000119
vn -0.224614 0.974448 -0.000119
vn -0.129629 0.991562 -0.000215
vn -0.129629 0.991562 -0.000215
vn -0.129629 0.991562 -0.000215
vn 0.224485 0.974477 -0.000459
vn 0.224485 0.974477 -0.000459
vn 0.224485 0.974477 -0.000459
vn -0.005926 0.028680 -0.999571
vn -0.005926 0.028680 -0.999571
vn -0.005926 0.028680 -0.999571
vn -0.005817 0.029210 -0.999556
vn -0.005817 0.029210 -0.999556
vn -0.005817 0.029210 -0.999556
vn -0.005390 0.027730 -0.999601
vn -0.005390 0.027730 -0.999601
vn -0.005390 0.027730 -0.999601
vn -0.005193 0.028275 -0.999587
vn -0.005193 0.028275 -0.999587
vn -0.005193 0.028275 -0.999587
vn 0.224544 0.974464 -0.000395
vn 0.224544 0.974464 -0.000395
vn 0.224544 0.974464 -0.000395
vn 0.677121 0.735872 -0.000183
vn 0.677121 0.735872 -0.000183
vn 0.677121 0.735872 -0.000183
vn 0.677122 0.735870 -0.000611
vn 0.677122 0.735870 -0.000611
vn 0.677122 0.735870 -0.000611
vn -0.005091 0.026938 -0.999624
vn -0.005091 0.026938 -0.999624
vn -0.005091 0.026938 -0.999624
vn -0.004792 0.027395 -0.999613
vn -0.004792 0.027395 -0.999613
vn -0.004792 0.027395 -0.999613
vn 0.978559 0.205965 -0.000189
vn 0.978559 0.205965 -0.000189
vn 0.978559 0.205965 -0.000189
vn 0.978559 0.205965 0.000367
vn 0.978559 0.205965 0.000367
vn 0.978559 0.205965 0.000367
vn -0.003285 0.025315 -0.999674
vn -0.003285 0.025315 -0.999674
vn -0.003285 0.025315 -0.999674
vn -0.002815 0.025637 -0.999667
vn -0.002815 0.025637 -0.999667
vn -0.002815 0.025637 -0.999667
vn 0.014715 0.013774 -0.999797
vn 0.014715 0.013774 -0.999797
vn 0.014715 0.013774 -0.999797
vn 0.016064 0.013962 -0.999773
vn 0.016064 0.013962 -0.999773
vn 0.016064 0.013962 -0.999773
vn 0.085361 -0.030979 -0.995868
vn 0.085361 -0.030979 -0.995868
vn 0.085361 -0.030979 -0.995868
vn 0.090853 -0.032098 -0.995347
vn 0.090853 -0.032098 -0.995347
vn 0.090853 -0.032098 -0.995347
vn 0.974321 -0.225162 0.000310
vn 0.974321 -0.225162 0.000310
vn 0.974321 -0.225162 0.000310
vn 0.974321 -0.225162 0.000446
vn 0.974321 -0.225162 0.000446
vn 0.974321 -0.225162 0.000446
vn 0.902164 -0.431393 0.000355
vn 0.902164 -0.431393 0.000355
vn 0.902164 -0.431393 0.000355
vn 0.902044 -0.431183 -0.019931
vn 0.902044 -0.431183 -0.019931
vn 0.902044 -0.431183 -0.019931
vn 0.851027 -0.524820 -0.017784
vn 0.851027 -0.524820 -0.017784
vn 0.851027 -0.524820 -0.017784
vn 0.843963 -0.519232 -0.134626
vn 0.843963 -0.519232 -0.134626
vn 0.843963 -0.519232 -0.134626
vn 0.826115 -0.548474 -0.129267
vn 0.826115 -0.548474 -0.129267
vn 0.826115 -0.548474 -0.129267
vn 0.776647 -0.512301 -0.366560
vn 0.776647 -0.512301 -0.366560
vn 0.776647 -0.512301 -0.366560
vn 0.611173 -0.394399 -0.686234
vn 0.611173 -0.394399 -0.686234
vn 0.611173 -0.394399 -0.686234
vn 0.777587 -0.510232 -0.367452
vn 0.777587 -0.510232 -0.367452
vn 0.777587 -0.510232 -0.367452
vn 0.613675 -0.368786 -0.698140
vn 0.613675 -0.368786 -0.698140
vn 0.613675 -0.368786 -0.698140
vn 0.294446 -0.164935 -0.941328
vn 0.294446 -0.164935 -0.941328
vn 0.294446 -0.164935 -0.941328
vn 0.313459 -0.172315 -0.933837
vn 0.313459 -0.172315 -0.933837
vn 0.313459 -0.172315 -0.933837
vn -0.006499 0.029747 -0.999536
vn -0.006499 0.029747 -0.999536
vn -0.006499 0.029747 -0.999536
vn -0.006499 0.029747 -0.999536
vn -0.006466 0.030033 -0.999528
vn -0.006466 0.030033 -0.999528
vn -0.006466 0.030033 -0.999528
vn -0.246591 0.968952 0.018029
vn -0.246591 0.968952 0.018029
vn -0.246591 0.968952 0.018029
vn -0.005760 0.028924 -0.999565
vn -0.005760 0.028924 -0.999565
vn -0.005760 0.028924 -0.999565
vn -0.005677 0.029305 -0.999554
vn -0.005677 0.029305 -0.999554
vn -0.005677 0.029305 -0.999554
vn -0.244887 0.969423 0.015768
vn -0.244887 0.969423 0.015768
vn -0.244887 0.969423 0.015768
vn -0.246733 0.968956 0.015747
vn -0.246733 0.968956 0.015747
vn -0.246733 0.968956 0.015747
vn -0.244916 0.969423 0.015367
vn -0.244916 0.969423 0.015367
vn -0.244916 0.969423 0.015367
vn -0.244115 0.969624 0.015380
vn -0.244115 0.969624 0.015380
vn -0.244115 0.969624 0.015380
vn -0.244106 0.969625 0.015467
vn -0.244106 0.969625 0.015467
vn -0.244106 0.969625 0.015467
vn -0.243027 0.969896 0.015483
vn -0.243027 0.969896 0.015483
vn -0.243027 0.969896 0.015483
vn -0.243054 0.969892 0.015291
vn -0.243054 0.969892 0.015291
vn -0.243054 0.969892 0.015291
vn -0.224591 0.974330 0.015513
vn -0.224591 0.974330 0.015513
vn -0.224591 0.974330 0.015513
vn -0.129633 0.991441 0.015471
vn -0.129633 0.991441 0.015471
vn -0.129633 0.991441 0.015471
vn -0.224795 0.974296 0.014656
vn -0.224795 0.974296 0.014656
vn -0.224795 0.974296 0.014656
vn -0.130379 0.991367 0.013900
vn -0.130379 0.991367 0.013900
vn -0.130379 0.991367 0.013900
vn 0.224441 0.974360 0.015742
vn 0.224441 0.974360 0.015742
vn 0.224441 0.974360 0.015742
vn -0.005019 0.028536 -0.999580
vn -0.005019 0.028536 -0.999580
vn -0.005019 0.028536 -0.999580
vn -0.005167 0.028136 -0.999591
vn -0.005167 0.028136 -0.999591
vn -0.005167 0.028136 -0.999591
vn -0.004808 0.027487 -0.999611
vn -0.004808 0.027487 -0.999611
vn -0.004808 0.027487 -0.999611
vn -0.004583 0.027831 -0.999602
vn -0.004583 0.027831 -0.999602
vn -0.004583 0.027831 -0.999602
vn 0.223350 0.974630 0.014532
vn 0.223350 0.974630 0.014532
vn 0.223350 0.974630 0.014532
vn 0.677056 0.735931 -0.000700
vn 0.677056 0.735931 -0.000700
vn 0.677056 0.735931 -0.000700
vn 0.676874 0.735936 0.015513
vn 0.676874 0.735936 0.015513
vn 0.676874 0.735936 0.015513
vn 0.978547 0.206023 -0.000749
vn 0.978547 0.206023 -0.000749
vn 0.978547 0.206023 -0.000749
vn 0.978547 0.206026 -0.000273
vn 0.978547 0.206026 -0.000273
vn 0.978547 0.206026 -0.000273
vn -0.002886 0.026036 -0.999657
vn -0.002886 0.026036 -0.999657
vn -0.002886 0.026036 -0.999657
vn -0.002534 0.026293 -0.999651
vn -0.002534 0.026293 -0.999651
vn -0.002534 0.026293 -0.999651
vn 0.974345 -0.225062 -0.000235
vn 0.974345 -0.225062 -0.000235
vn 0.974345 -0.225062 -0.000235
vn 0.974345 -0.225062 0.000074
vn 0.974345 -0.225062 0.000074
vn 0.974345 -0.225062 0.000074
vn 0.015815 0.015313 -0.999758
vn 0.015815 0.015313 -0.999758
vn 0.015815 0.015313 -0.999758
vn 0.016855 0.015521 -0.999737
vn 0.016855 0.015521 -0.999737
vn 0.016855 0.015521 -0.999737
vn 0.089789 -0.026521 -0.995608
vn 0.089789 -0.026521 -0.995608
vn 0.089789 -0.026521 -0.995608
vn 0.094067 -0.027111 -0.995197
vn 0.094067 -0.027111 -0.995197
vn 0.094067 -0.027111 -0.995197
vn 0.310647 -0.152470 -0.938217
vn 0.310647 -0.152470 -0.938217
vn 0.310647 -0.152470 -0.938217
vn 0.325446 -0.157191 -0.932403
vn 0.325446 -0.157191 -0.932403
vn 0.325446 -0.157191 -0.932403
vn 0.902163 -0.431396 0.000059
vn 0.902163 -0.431396 0.000059
vn 0.902163 -0.431396 0.000059
vn 0.902162 -0.431397 0.000369
vn 0.902162 -0.431397 0.000369
vn 0.902162 -0.431397 0.000369
vn 0.851123 -0.524967 0.000323
vn 0.851123 -0.524967 0.000323
vn 0.851123 -0.524967 0.000323
vn 0.851043 -0.524788 -0.017977
vn 0.851043 -0.524788 -0.017977
vn 0.851043 -0.524788 -0.017977
vn 0.832024 -0.554472 -0.017239
vn 0.832024 -0.554472 -0.017239
vn 0.832024 -0.554472 -0.017239
vn 0.826255 -0.549522 -0.123810
vn 0.826255 -0.549522 -0.123810
vn 0.826255 -0.549522 -0.123810
vn 0.826290 -0.549466 -0.123819
vn 0.826290 -0.549466 -0.123819
vn 0.826290 -0.549466 -0.123819
vn 0.783240 -0.517707 -0.344260
vn 0.783240 -0.517707 -0.344260
vn 0.783240 -0.517707 -0.344260
vn 0.794472 -0.493962 -0.353294
vn 0.794472 -0.493962 -0.353294
vn 0.794472 -0.493962 -0.353294
vn 0.635043 -0.388131 -0.667888
vn 0.635043 -0.388131 -0.667888
vn 0.635043 -0.388131 -0.667888
vn 0.641221 -0.341091 -0.687381
vn 0.641221 -0.341091 -0.687381
vn 0.641221 -0.341091 -0.687381
vn -0.006434 0.029882 -0.999533
vn -0.006434 0.029882 -0.999533
vn -0.006434 0.029882 -0.999533
vn -0.006434 0.029882 -0.999533
vn -0.006410 0.030041 -0.999528
vn -0.006410 0.030041 -0.999528
vn -0.006410 0.030041 -0.999528
vn -0.006404 0.030011 -0.999529
vn -0.006404 0.030011 -0.999529
vn -0.006404 0.030011 -0.999529
vn -0.006404 0.030011 -0.999529
vn -0.006391 0.030071 -0.999527
vn -0.006391 0.030071 -0.999527
vn -0.006391 0.030071 -0.999527
vn -0.005664 0.029236 -0.999556
vn -0.005664 0.029236 -0.999556
vn -0.005664 0.029236 -0.999556
vn -0.005607 0.029454 -0.999550
vn -0.005607 0.029454 -0.999550
vn -0.005607 0.029454 -0.999550
vn -0.245286 0.963273 0.109272
vn -0.245286 0.963273 0.109272
vn -0.245286 0.963273 0.109272
vn -0.004939 0.028879 -0.999571
vn -0.004939 0.028879 -0.999571
vn -0.004939 0.028879 -0.999571
vn -0.005038 0.028644 -0.999577
vn -0.005038 0.028644 -0.999577
vn -0.005038 0.028644 -0.999577
vn -0.245121 0.963085 0.111283
vn -0.245121 0.963085 0.111283
vn -0.245121 0.963085 0.111283
vn -0.243418 0.963494 0.111479
vn -0.243418 0.963494 0.111479
vn -0.243418 0.963494 0.111479
vn -0.243141 0.963213 0.114467
vn -0.243141 0.963213 0.114467
vn -0.243141 0.963213 0.114467
vn -0.242529 0.963359 0.114542
vn -0.242529 0.963359 0.114542
vn -0.242529 0.963359 0.114542
vn -0.241430 0.963410 0.116412
vn -0.241430 0.963410 0.116412
vn -0.241430 0.963410 0.116412
vn -0.242330 0.963197 0.116308
vn -0.242330 0.963197 0.116308
vn -0.242330 0.963197 0.116308
vn -0.223287 0.967735 0.116758
vn -0.223287 0.967735 0.116758
vn -0.223287 0.967735 0.116758
vn -0.241649 0.963524 0.115009
vn -0.241649 0.963524 0.115009
vn -0.241649 0.963524 0.115009
vn -0.129544 0.984523 0.118040
vn -0.129544 0.984523 0.118040
vn -0.129544 0.984523 0.118040
vn -0.224621 0.968067 0.111320
vn -0.224621 0.968067 0.111320
vn -0.224621 0.968067 0.111320
vn 0.221040 0.967304 0.124357
vn 0.221040 0.967304 0.124357
vn 0.221040 0.967304 0.124357
vn -0.134063 0.985069 0.108007
vn -0.134063 0.985069 0.108007
vn -0.134063 0.985069 0.108007
vn -0.004641 0.028182 -0.999592
vn -0.004641 0.028182 -0.999592
vn -0.004641 0.028182 -0.999592
vn -0.004497 0.028385 -0.999587
vn -0.004497 0.028385 -0.999587
vn -0.004497 0.028385 -0.999587
vn 0.213964 0.969987 0.115519
vn 0.213964 0.969987 0.115519
vn 0.213964 0.969987 0.115519
vn -0.002648 0.026982 -0.999632
vn -0.002648 0.026982 -0.999632
vn -0.002648 0.026982 -0.999632
vn -0.002427 0.027139 -0.999629
vn -0.002427 0.027139 -0.999629
vn -0.002427 0.027139 -0.999629
vn 0.678119 0.734749 0.017242
vn 0.678119 0.734749 0.017242
vn 0.678119 0.734749 0.017242
vn 0.671725 0.730085 0.125546
vn 0.671725 0.730085 0.125546
vn 0.671725 0.730085 0.125546
vn 0.978416 0.206020 0.016038
vn 0.978416 0.206020 0.016038
vn 0.978416 0.206020 0.016038
vn 0.978575 0.205890 -0.000565
vn 0.978575 0.205890 -0.000565
vn 0.978575 0.205890 -0.000565
vn 0.974328 -0.225131 -0.000450
vn 0.974328 -0.225131 -0.000450
vn 0.974328 -0.225131 -0.000450
vn 0.974329 -0.225129 -0.000074
vn 0.974329 -0.225129 -0.000074
vn 0.974329 -0.225129 -0.000074
vn 0.016512 0.017561 -0.999709
vn 0.016512 0.017561 -0.999709
vn 0.016512 0.017561 -0.999709
vn 0.017169 0.017715 -0.999696
vn 0.017169 0.017715 -0.999696
vn 0.017169 0.017715 -0.999696
vn 0.902154 -0.431414 -0.000059
vn 0.902154 -0.431414 -0.000059
vn 0.902154 -0.431414 -0.000059
vn 0.902154 -0.431414 0.000135
vn 0.902154 -0.431414 0.000135
vn 0.902154 -0.431414 0.000135
vn 0.092706 -0.019127 -0.995510
vn 0.092706 -0.019127 -0.995510
vn 0.092706 -0.019127 -0.995510
vn 0.095289 -0.019324 -0.995262
vn 0.095289 -0.019324 -0.995262
vn 0.095289 -0.019324 -0.995262
vn 0.322169 -0.129706 -0.937754
vn 0.322169 -0.129706 -0.937754
vn 0.322169 -0.129706 -0.937754
vn 0.330474 -0.131732 -0.934577
vn 0.330474 -0.131732 -0.934577
vn 0.330474 -0.131732 -0.934577
vn 0.657208 -0.354629 -0.665069
vn 0.657208 -0.354629 -0.665069
vn 0.657208 -0.354629 -0.665069
vn 0.664899 -0.295919 -0.685814
vn 0.664899 -0.295919 -0.685814
vn 0.664899 -0.295919 -0.685814
vn 0.851139 -0.524940 0.000123
vn 0.851139 -0.524940 0.000123
vn 0.851139 -0.524940 0.000123
vn 0.851139 -0.524940 0.000153
vn 0.851139 -0.524940 0.000153
vn 0.851139 -0.524940 0.000153
vn 0.831979 -0.554558 -0.016604
vn 0.831979 -0.554558 -0.016604
vn 0.831979 -0.554558 -0.016604
vn 0.832040 -0.554715 0.000139
vn 0.832040 -0.554715 0.000139
vn 0.832040 -0.554715 0.000139
vn 0.831471 -0.555320 -0.016586
vn 0.831471 -0.555320 -0.016586
vn 0.831471 -0.555320 -0.016586
vn 0.826488 -0.550950 -0.115635
vn 0.826488 -0.550950 -0.115635
vn 0.826488 -0.550950 -0.115635
vn 0.839928 -0.529539 -0.118784
vn 0.839928 -0.529539 -0.118784
vn 0.839928 -0.529539 -0.118784
vn 0.799969 -0.501229 -0.329879
vn 0.799969 -0.501229 -0.329879
vn 0.799969 -0.501229 -0.329879
vn 0.822116 -0.452658 -0.345290
vn 0.822116 -0.452658 -0.345290
vn 0.822116 -0.452658 -0.345290
vn -0.005619 0.029514 -0.999549
vn -0.005619 0.029514 -0.999549
vn -0.005619 0.029514 -0.999549
vn -0.005589 0.029603 -0.999546
vn -0.005589 0.029603 -0.999546
vn -0.005589 0.029603 -0.999546
vn -0.005609 0.029713 -0.999543
vn -0.005609 0.029713 -0.999543
vn -0.005609 0.029713 -0.999543
vn -0.005605 0.029723 -0.999542
vn -0.005605 0.029723 -0.999542
vn -0.005605 0.029723 -0.999542
vn -0.006399 0.030111 -0.999526
vn -0.006399 0.030111 -0.999526
vn -0.006399 0.030111 -0.999526
vn -0.006399 0.030111 -0.999526
vn -0.006399 0.030112 -0.999526
vn -0.006399 0.030112 -0.999526
vn -0.006399 0.030112 -0.999526
vn -0.004923 0.029190 -0.999562
vn -0.004923 0.029190 -0.999562
vn -0.004923 0.029190 -0.999562
vn -0.004975 0.029092 -0.999564
vn -0.004975 0.029092 -0.999564
vn -0.004975 0.029092 -0.999564
vn -0.233891 0.918962 0.317495
vn -0.233891 0.918962 0.317495
vn -0.233891 0.918962 0.317495
vn -0.004561 0.028791 -0.999575
vn -0.004561 0.028791 -0.999575
vn -0.004561 0.028791 -0.999575
vn -0.004488 0.028877 -0.999573
vn -0.004488 0.028877 -0.999573
vn -0.004488 0.028877 -0.999573
vn -0.231151 0.915715 0.328688
vn -0.231151 0.915715 0.328688
vn -0.231151 0.915715 0.328688
vn -0.232425 0.915542 0.328272
vn -0.232425 0.915542 0.328272
vn -0.232425 0.915542 0.328272
vn -0.229666 0.912438 0.338690
vn -0.229666 0.912438 0.338690
vn -0.229666 0.912438 0.338690
vn -0.229562 0.912451 0.338725
vn -0.229562 0.912451 0.338725
vn -0.229562 0.912451 0.338725
vn -0.228719 0.910795 0.343715
vn -0.228719 0.910795 0.343715
vn -0.228719 0.910795 0.343715
vn -0.228397 0.910837 0.343817
vn -0.228397 0.910837 0.343817
vn -0.228397 0.910837 0.343817
vn -0.229067 0.911870 0.340619
vn -0.229067 0.911870 0.340619
vn -0.229067 0.911870 0.340619
vn -0.211693 0.914351 0.345178
vn -0.211693 0.914351 0.345178
vn -0.211693 0.914351 0.345178
vn -0.214796 0.917619 0.334422
vn -0.214796 0.917619 0.334422
vn -0.214796 0.917619 0.334422
vn -0.124348 0.927715 0.351970
vn -0.124348 0.927715 0.351970
vn -0.124348 0.927715 0.351970
vn 0.200883 0.907148 0.369768
vn 0.200883 0.907148 0.369768
vn 0.200883 0.907148 0.369768
vn -0.134659 0.934564 0.329329
vn -0.134659 0.934564 0.329329
vn -0.134659 0.934564 0.329329
vn -0.002535 0.027826 -0.999610
vn -0.002535 0.027826 -0.999610
vn -0.002535 0.027826 -0.999610
vn -0.002427 0.027892 -0.999608
vn -0.002427 0.027892 -0.999608
vn -0.002427 0.027892 -0.999608
vn 0.180849 0.922511 0.340980
vn 0.180849 0.922511 0.340980
vn 0.180849 0.922511 0.340980
vn 0.678901 0.721188 0.137775
vn 0.678901 0.721188 0.137775
vn 0.678901 0.721188 0.137775
vn 0.630798 0.680502 0.372842
vn 0.630798 0.680502 0.372842
vn 0.630798 0.680502 0.372842
vn 0.016852 0.019707 -0.999664
vn 0.016852 0.019707 -0.999664
vn 0.016852 0.019707 -0.999664
vn 0.017158 0.019775 -0.999657
vn 0.017158 0.019775 -0.999657
vn 0.017158 0.019775 -0.999657
vn 0.970794 0.202392 0.128825
vn 0.970794 0.202392 0.128825
vn 0.970794 0.202392 0.128825
vn 0.979089 0.202322 0.021201
vn 0.979089 0.202322 0.021201
vn 0.979089 0.202322 0.021201
vn 0.974204 -0.224991 0.017473
vn 0.974204 -0.224991 0.017473
vn 0.974204 -0.224991 0.017473
vn 0.974320 -0.225167 -0.000362
vn 0.974320 -0.225167 -0.000362
vn 0.974320 -0.225167 -0.000362
vn 0.902162 -0.431396 -0.000277
vn 0.902162 -0.431396 -0.000277
vn 0.902162 -0.431396 -0.000277
vn 0.902163 -0.431396 -0.000135
vn 0.902163 -0.431396 -0.000135
vn 0.902163 -0.431396 -0.000135
vn 0.094051 -0.011579 -0.995500
vn 0.094051 -0.011579 -0.995500
vn 0.094051 -0.011579 -0.995500
vn 0.094945 -0.011619 -0.995415
vn 0.094945 -0.011619 -0.995415
vn 0.094945 -0.011619 -0.995415
vn 0.851144 -0.524932 0.000071
vn 0.851144 -0.524932 0.000071
vn 0.851144 -0.524932 0.000071
vn 0.851144 -0.524932 -0.000123
vn 0.851144 -0.524932 -0.000123
vn 0.851144 -0.524932 -0.000123
vn 0.327504 -0.105281 -0.938966
vn 0.327504 -0.105281 -0.938966
vn 0.327504 -0.105281 -0.938966
vn 0.329238 -0.105610 -0.938322
vn 0.329238 -0.105610 -0.938322
vn 0.329238 -0.105610 -0.938322
vn 0.674063 -0.302781 -0.673767
vn 0.674063 -0.302781 -0.673767
vn 0.674063 -0.302781 -0.673767
vn 0.679867 -0.248555 -0.689929
vn 0.679867 -0.248555 -0.689929
vn 0.679867 -0.248555 -0.689929
vn 0.826298 -0.458028 -0.327783
vn 0.826298 -0.458028 -0.327783
vn 0.826298 -0.458028 -0.327783
vn 0.852492 -0.393051 -0.344628
vn 0.852492 -0.393051 -0.344628
vn 0.852492 -0.393051 -0.344628
vn 0.832041 -0.554715 0.000137
vn 0.832041 -0.554715 0.000137
vn 0.832041 -0.554715 0.000137
vn 0.832041 -0.554714 0.000070
vn 0.832041 -0.554714 0.000070
vn 0.832041 -0.554714 0.000070
vn 0.831439 -0.555616 0.000136
vn 0.831439 -0.555616 0.000136
vn 0.831439 -0.555616 0.000136
vn 0.831391 -0.555474 -0.015381
vn 0.831391 -0.555474 -0.015381
vn 0.831391 -0.555474 -0.015381
vn 0.840114 -0.531114 -0.110115
vn 0.840114 -0.531114 -0.110115
vn 0.840114 -0.531114 -0.110115
vn 0.844679 -0.535041 -0.015787
vn 0.844679 -0.535041 -0.015787
vn 0.844679 -0.535041 -0.015787
vn 0.867248 -0.484240 -0.115724
vn 0.867248 -0.484240 -0.115724
vn 0.867248 -0.484240 -0.115724
vn -0.004959 0.029403 -0.999555
vn -0.004959 0.029403 -0.999555
vn -0.004959 0.029403 -0.999555
vn -0.004948 0.029418 -0.999555
vn -0.004948 0.029418 -0.999555
vn -0.004948 0.029418 -0.999555
vn -0.004977 0.029588 -0.999550
vn -0.004977 0.029588 -0.999550
vn -0.004977 0.029588 -0.999550
vn -0.004998 0.029564 -0.999550
vn -0.004998 0.029564 -0.999550
vn -0.004998 0.029564 -0.999550
vn -0.005626 0.029837 -0.999539
vn -0.005626 0.029837 -0.999539
vn -0.005626 0.029837 -0.999539
vn -0.005644 0.029809 -0.999540
vn -0.005644 0.029809 -0.999540
vn -0.005644 0.029809 -0.999540
vn -0.006413 0.030180 -0.999524
vn -0.006413 0.030180 -0.999524
vn -0.006413 0.030180 -0.999524
vn -0.006413 0.030180 -0.999524
vn -0.006426 0.030152 -0.999525
vn -0.006426 0.030152 -0.999525
vn -0.006426 0.030152 -0.999525
vn -0.004539 0.029210 -0.999563
vn -0.004539 0.029210 -0.999563
vn -0.004539 0.029210 -0.999563
vn -0.004524 0.029224 -0.999563
vn -0.004524 0.029224 -0.999563
vn -0.004524 0.029224 -0.999563
vn -0.190735 0.744764 0.639490
vn -0.190735 0.744764 0.639490
vn -0.190735 0.744764 0.639490
vn -0.190735 0.744764 0.639490
vn -0.189006 0.744510 0.640298
vn -0.189006 0.744510 0.640298
vn -0.189006 0.744510 0.640298
vn -0.002506 0.028405 -0.999593
vn -0.002506 0.028405 -0.999593
vn -0.002506 0.028405 -0.999593
vn -0.002484 0.028416 -0.999593
vn -0.002484 0.028416 -0.999593
vn -0.002484 0.028416 -0.999593
vn -0.184062 0.731258 0.656798
vn -0.184062 0.731258 0.656798
vn -0.184062 0.731258 0.656798
vn -0.184611 0.731358 0.656531
vn -0.184611 0.731358 0.656531
vn -0.184611 0.731358 0.656531
vn -0.180818 0.720047 0.669953
vn -0.180818 0.720047 0.669953
vn -0.180818 0.720047 0.669953
vn -0.180139 0.719912 0.670281
vn -0.180139 0.719912 0.670281
vn -0.180139 0.719912 0.670281
vn -0.179322 0.714749 0.676001
vn -0.179322 0.714749 0.676001
vn -0.179322 0.714749 0.676001
vn -0.178809 0.714657 0.676234
vn -0.178809 0.714657 0.676234
vn -0.178809 0.714657 0.676234
vn -0.180645 0.717794 0.672413
vn -0.180645 0.717794 0.672413
vn -0.180645 0.717794 0.672413
vn -0.164813 0.715958 0.678411
vn -0.164813 0.715958 0.678411
vn -0.164813 0.715958 0.678411
vn -0.170125 0.725556 0.666803
vn -0.170125 0.725556 0.666803
vn -0.170125 0.725556 0.666803
vn -0.091265 0.720531 0.687390
vn -0.091265 0.720531 0.687390
vn -0.091265 0.720531 0.687390
vn -0.108444 0.743010 0.660436
vn -0.108444 0.743010 0.660436
vn -0.108444 0.743010 0.660436
vn 0.155025 0.709976 0.686951
vn 0.155025 0.709976 0.686951
vn 0.155025 0.709976 0.686951
vn 0.016952 0.021282 -0.999630
vn 0.016952 0.021282 -0.999630
vn 0.016952 0.021282 -0.999630
vn 0.016924 0.021277 -0.999630
vn 0.016924 0.021277 -0.999630
vn 0.016924 0.021277 -0.999630
vn 0.070472 0.806594 0.586891
vn 0.070472 0.806594 0.586891
vn 0.070472 0.806594 0.586891
vn 0.515135 0.551201 0.656364
vn 0.515135 0.551201 0.656364
vn 0.515135 0.551201 0.656364
vn 0.643394 0.646981 0.409220
vn 0.643394 0.646981 0.409220
vn 0.643394 0.646981 0.409220
vn 0.903354 0.173688 0.392152
vn 0.903354 0.173688 0.392152
vn 0.903354 0.173688 0.392152
vn 0.970414 0.177743 0.163412
vn 0.970414 0.177743 0.163412
vn 0.970414 0.177743 0.163412
vn 0.094026 -0.005743 -0.995553
vn 0.094026 -0.005743 -0.995553
vn 0.094026 -0.005743 -0.995553
vn 0.093530 -0.005722 -0.995600
vn 0.093530 -0.005722 -0.995600
vn 0.093530 -0.005722 -0.995600
vn 0.973752 -0.226602 0.021434
vn 0.973752 -0.226602 0.021434
vn 0.973752 -0.226602 0.021434
vn 0.965295 -0.223144 0.135694
vn 0.965295 -0.223144 0.135694
vn 0.965295 -0.223144 0.135694
vn 0.902162 -0.431397 -0.000274
vn 0.902162 -0.431397 -0.000274
vn 0.902162 -0.431397 -0.000274
vn 0.902069 -0.431215 0.018006
vn 0.902069 -0.431215 0.018006
vn 0.902069 -0.431215 0.018006
vn 0.851139 -0.524940 -0.000228
vn 0.851139 -0.524940 -0.000228
vn 0.851139 -0.524940 -0.000228
vn 0.851139 -0.524940 -0.000071
vn 0.851139 -0.524940 -0.000071
vn 0.851139 -0.524940 -0.000071
vn 0.326950 -0.085725 -0.941145
vn 0.326950 -0.085725 -0.941145
vn 0.326950 -0.085725 -0.941145
vn 0.323234 -0.085124 -0.942483
vn 0.323234 -0.085124 -0.942483
vn 0.323234 -0.085124 -0.942483
vn 0.832047 -0.554706 -0.000070
vn 0.832047 -0.554706 -0.000070
vn 0.832047 -0.554706 -0.000070
vn 0.832047 -0.554706 0.000000
vn 0.832047 -0.554706 0.000000
vn 0.832047 -0.554706 0.000000
vn 0.681412 -0.249542 -0.688046
vn 0.681412 -0.249542 -0.688046
vn 0.681412 -0.249542 -0.688046
vn 0.684358 -0.210751 -0.698025
vn 0.684358 -0.210751 -0.698025
vn 0.684358 -0.210751 -0.698025
vn 0.876242 -0.332182 -0.349078
vn 0.876242 -0.332182 -0.349078
vn 0.876242 -0.332182 -0.349078
vn 0.854888 -0.395793 -0.335431
vn 0.854888 -0.395793 -0.335431
vn 0.854888 -0.395793 -0.335431
vn 0.867386 -0.485427 -0.109551
vn 0.867386 -0.485427 -0.109551
vn 0.867386 -0.485427 -0.109551
vn 0.899856 -0.420536 -0.115798
vn 0.899856 -0.420536 -0.115798
vn 0.899856 -0.420536 -0.115798
vn 0.831448 -0.555602 0.000022
vn 0.831448 -0.555602 0.000022
vn 0.831448 -0.555602 0.000022
vn 0.831448 -0.555602 0.000000
vn 0.831448 -0.555602 0.000000
vn 0.831448 -0.555602 0.000000
vn 0.844656 -0.535310 0.000025
vn 0.844656 -0.535310 0.000025
vn 0.844656 -0.535310 0.000025
vn 0.844612 -0.535174 -0.014786
vn 0.844612 -0.535174 -0.014786
vn 0.844612 -0.535174 -0.014786
vn 0.872060 -0.489153 -0.015534
vn 0.872060 -0.489153 -0.015534
vn 0.872060 -0.489153 -0.015534
vn -0.004559 0.029450 -0.999556
vn -0.004559 0.029450 -0.999556
vn -0.004559 0.029450 -0.999556
vn -0.004584 0.029433 -0.999556
vn -0.004584 0.029433 -0.999556
vn -0.004584 0.029433 -0.999556
vn -0.004609 0.029591 -0.999551
vn -0.004609 0.029591 -0.999551
vn -0.004609 0.029591 -0.999551
vn -0.004660 0.029560 -0.999552
vn -0.004660 0.029560 -0.999552
vn -0.004660 0.029560 -0.999552
vn -0.005021 0.029699 -0.999546
vn -0.005021 0.029699 -0.999546
vn -0.005021 0.029699 -0.999546
vn -0.005065 0.029659 -0.999547
vn -0.005065 0.029659 -0.999547
vn -0.005065 0.029659 -0.999547
vn -0.005664 0.029915 -0.999536
vn -0.005664 0.029915 -0.999536
vn -0.005664 0.029915 -0.999536
vn -0.005698 0.029871 -0.999538
vn -0.005698 0.029871 -0.999538
vn -0.005698 0.029871 -0.999538
vn -0.006442 0.030227 -0.999522
vn -0.006442 0.030227 -0.999522
vn -0.006442 0.030227 -0.999522
vn -0.006442 0.030227 -0.999522
vn -0.006465 0.030187 -0.999523
vn -0.006465 0.030187 -0.999523
vn -0.006465 0.030187 -0.999523
vn -0.002532 0.028733 -0.999584
vn -0.002532 0.028733 -0.999584
vn -0.002532 0.028733 -0.999584
vn -0.002561 0.028722 -0.999584
vn -0.002561 0.028722 -0.999584
vn -0.002561 0.028722 -0.999584
vn -0.104334 0.413330 0.904584
vn -0.104334 0.413330 0.904584
vn -0.104334 0.413330 0.904584
vn 0.016805 0.022228 -0.999612
vn 0.016805 0.022228 -0.999612
vn 0.016805 0.022228 -0.999612
vn 0.016653 0.022209 -0.999615
vn 0.016653 0.022209 -0.999615
vn 0.016653 0.022209 -0.999615
vn -0.099668 0.398314 0.911818
vn -0.099668 0.398314 0.911818
vn -0.099668 0.398314 0.911818
vn -0.099533 0.398245 0.911863
vn -0.099533 0.398245 0.911863
vn -0.099533 0.398245 0.911863
vn -0.096729 0.386601 0.917161
vn -0.096729 0.386601 0.917161
vn -0.096729 0.386601 0.917161
vn -0.095615 0.386020 0.917522
vn -0.095615 0.386020 0.917522
vn -0.095615 0.386020 0.917522
vn -0.094627 0.380662 0.919860
vn -0.094627 0.380662 0.919860
vn -0.094627 0.380662 0.919860
vn -0.095328 0.381001 0.919647
vn -0.095328 0.381001 0.919647
vn -0.095328 0.381001 0.919647
vn -0.096293 0.383379 0.918558
vn -0.096293 0.383379 0.918558
vn -0.096293 0.383379 0.918558
vn -0.081872 0.377799 0.922261
vn -0.081872 0.377799 0.922261
vn -0.081872 0.377799 0.922261
vn -0.086624 0.387323 0.917865
vn -0.086624 0.387323 0.917865
vn -0.086624 0.387323 0.917865
vn -0.020249 0.370509 0.928608
vn -0.020249 0.370509 0.928608
vn -0.020249 0.370509 0.928608
vn -0.030365 0.385577 0.922176
vn -0.030365 0.385577 0.922176
vn -0.030365 0.385577 0.922176
vn 0.149589 0.367177 0.918044
vn 0.149589 0.367177 0.918044
vn 0.149589 0.367177 0.918044
vn 0.092943 -0.001982 -0.995669
vn 0.092943 -0.001982 -0.995669
vn 0.092943 -0.001982 -0.995669
vn 0.091530 -0.001909 -0.995801
vn 0.091530 -0.001909 -0.995801
vn 0.091530 -0.001909 -0.995801
vn 0.174995 0.343369 0.922754
vn 0.174995 0.343369 0.922754
vn 0.174995 0.343369 0.922754
vn 0.508396 0.423973 0.749520
vn 0.508396 0.423973 0.749520
vn 0.508396 0.423973 0.749520
vn 0.877518 0.116386 0.465206
vn 0.877518 0.116386 0.465206
vn 0.877518 0.116386 0.465206
vn 0.647668 0.115224 0.753159
vn 0.647668 0.115224 0.753159
vn 0.647668 0.115224 0.753159
vn 0.958748 -0.233008 0.162817
vn 0.958748 -0.233008 0.162817
vn 0.958748 -0.233008 0.162817
vn 0.890123 -0.211176 0.403838
vn 0.890123 -0.211176 0.403838
vn 0.890123 -0.211176 0.403838
vn 0.321721 -0.072677 -0.944041
vn 0.321721 -0.072677 -0.944041
vn 0.321721 -0.072677 -0.944041
vn 0.314359 -0.071557 -0.946603
vn 0.314359 -0.071557 -0.946603
vn 0.314359 -0.071557 -0.946603
vn 0.893881 -0.426472 0.138196
vn 0.893881 -0.426472 0.138196
vn 0.893881 -0.426472 0.138196
vn 0.901838 -0.431619 0.019845
vn 0.901838 -0.431619 0.019845
vn 0.901838 -0.431619 0.019845
vn 0.851132 -0.524951 -0.000153
vn 0.851132 -0.524951 -0.000153
vn 0.851132 -0.524951 -0.000153
vn 0.851055 -0.524778 0.017712
vn 0.851055 -0.524778 0.017712
vn 0.851055 -0.524778 0.017712
vn 0.832041 -0.554714 0.000000
vn 0.832041 -0.554714 0.000000
vn 0.832041 -0.554714 0.000000
vn 0.832041 -0.554715 -0.000139
vn 0.832041 -0.554715 -0.000139
vn 0.832041 -0.554715 -0.000139
vn 0.679064 -0.207862 -0.704035
vn 0.679064 -0.207862 -0.704035
vn 0.679064 -0.207862 -0.704035
vn 0.680132 -0.185841 -0.709143
vn 0.680132 -0.185841 -0.709143
vn 0.680132 -0.185841 -0.709143
vn 0.831439 -0.555616 0.000122
vn 0.831439 -0.555616 0.000122
vn 0.831439 -0.555616 0.000122
vn 0.831439 -0.555616 0.000000
vn 0.831439 -0.555616 0.000000
vn 0.831439 -0.555616 0.000000
vn 0.889908 -0.284747 -0.356346
vn 0.889908 -0.284747 -0.356346
vn 0.889908 -0.284747 -0.356346
vn 0.876714 -0.332634 -0.347457
vn 0.876714 -0.332634 -0.347457
vn 0.876714 -0.332634 -0.347457
vn 0.899971 -0.421200 -0.112437
vn 0.899971 -0.421200 -0.112437
vn 0.899971 -0.421200 -0.112437
vn 0.927022 -0.356091 -0.117595
vn 0.927022 -0.356091 -0.117595
vn 0.927022 -0.356091 -0.117595
vn 0.905133 -0.424847 -0.015482
vn 0.905133 -0.424847 -0.015482
vn 0.905133 -0.424847 -0.015482
vn 0.872000 -0.489287 -0.014638
vn 0.872000 -0.489287 -0.014638
vn 0.872000 -0.489287 -0.014638
vn 0.844656 -0.535310 0.000125
vn 0.844656 -0.535310 0.000125
vn 0.844656 -0.535310 0.000125
vn 0.844656 -0.535310 0.000024
vn 0.844656 -0.535310 0.000024
vn 0.844656 -0.535310 0.000024
vn 0.872044 -0.489427 0.000030
vn 0.872044 -0.489427 0.000030
vn 0.872044 -0.489427 0.000030
vn -0.002591 0.028921 -0.999578
vn -0.002591 0.028921 -0.999578
vn -0.002591 0.028921 -0.999578
vn -0.002652 0.028901 -0.999579
vn -0.002652 0.028901 -0.999579
vn -0.002652 0.028901 -0.999579
vn -0.002673 0.029037 -0.999575
vn -0.002673 0.029037 -0.999575
vn -0.002673 0.029037 -0.999575
vn -0.002748 0.029014 -0.999575
vn -0.002748 0.029014 -0.999575
vn -0.002748 0.029014 -0.999575
vn -0.004679 0.029681 -0.999548
vn -0.004679 0.029681 -0.999548
vn -0.004679 0.029681 -0.999548
vn -0.004744 0.029644 -0.999549
vn -0.004744 0.029644 -0.999549
vn -0.004744 0.029644 -0.999549
vn -0.005084 0.029774 -0.999544
vn -0.005084 0.029774 -0.999544
vn -0.005084 0.029774 -0.999544
vn -0.005139 0.029726 -0.999545
vn -0.005139 0.029726 -0.999545
vn -0.005139 0.029726 -0.999545
vn -0.005717 0.029971 -0.999534
vn -0.005717 0.029971 -0.999534
vn -0.005717 0.029971 -0.999534
vn -0.005758 0.029920 -0.999536
vn -0.005758 0.029920 -0.999536
vn -0.005758 0.029920 -0.999536
vn -0.006481 0.030263 -0.999521
vn -0.006481 0.030263 -0.999521
vn -0.006481 0.030263 -0.999521
vn -0.006481 0.030263 -0.999521
vn -0.006508 0.030218 -0.999522
vn -0.006508 0.030218 -0.999522
vn -0.006508 0.030218 -0.999522
vn 0.016561 0.022791 -0.999603
vn 0.016561 0.022791 -0.999603
vn 0.016561 0.022791 -0.999603
vn 0.016304 0.022766 -0.999608
vn 0.016304 0.022766 -0.999608
vn 0.016304 0.022766 -0.999608
vn -0.042252 0.169055 0.984701
vn -0.042252 0.169055 0.984701
vn -0.042252 0.169055 0.984701
vn 0.091167 0.000381 -0.995836
vn 0.091167 0.000381 -0.995836
vn 0.091167 0.000381 -0.995836
vn 0.089249 0.000485 -0.996009
vn 0.089249 0.000485 -0.996009
vn 0.089249 0.000485 -0.996009
vn -0.039867 0.161916 0.985999
vn -0.039867 0.161916 0.985999
vn -0.039867 0.161916 0.985999
vn -0.040148 0.162087 0.985959
vn -0.040148 0.162087 0.985959
vn -0.040148 0.162087 0.985959
vn -0.038046 0.156072 0.987013
vn -0.038046 0.156072 0.987013
vn -0.038046 0.156072 0.987013
vn -0.038932 0.156616 0.986892
vn -0.038932 0.156616 0.986892
vn -0.038932 0.156616 0.986892
vn -0.037603 0.153125 0.987491
vn -0.037603 0.153125 0.987491
vn -0.037603 0.153125 0.987491
vn -0.037691 0.153176 0.987480
vn -0.037691 0.153176 0.987480
vn -0.037691 0.153176 0.987480
vn -0.037516 0.152781 0.987548
vn -0.037516 0.152781 0.987548
vn -0.037516 0.152781 0.987548
vn -0.023250 0.145530 0.989081
vn -0.023250 0.145530 0.989081
vn -0.023250 0.145530 0.989081
vn -0.024431 0.147667 0.988735
vn -0.024431 0.147667 0.988735
vn -0.024431 0.147667 0.988735
vn 0.040507 0.121896 0.991716
vn 0.040507 0.121896 0.991716
vn 0.040507 0.121896 0.991716
vn 0.258920 0.069843 0.963370
vn 0.258920 0.069843 0.963370
vn 0.258920 0.069843 0.963370
vn 0.034821 0.129485 0.990970
vn 0.034821 0.129485 0.990970
vn 0.034821 0.129485 0.990970
vn 0.313415 -0.064157 -0.947446
vn 0.313415 -0.064157 -0.947446
vn 0.313415 -0.064157 -0.947446
vn 0.304354 -0.062848 -0.950484
vn 0.304354 -0.062848 -0.950484
vn 0.304354 -0.062848 -0.950484
vn 0.592544 0.056205 0.803575
vn 0.592544 0.056205 0.803575
vn 0.592544 0.056205 0.803575
vn 0.226539 0.098890 0.968969
vn 0.226539 0.098890 0.968969
vn 0.226539 0.098890 0.968969
vn 0.633916 -0.154326 0.757849
vn 0.633916 -0.154326 0.757849
vn 0.633916 -0.154326 0.757849
vn 0.859882 -0.227523 0.456985
vn 0.859882 -0.227523 0.456985
vn 0.859882 -0.227523 0.456985
vn 0.891183 -0.428267 0.149601
vn 0.891183 -0.428267 0.149601
vn 0.891183 -0.428267 0.149601
vn 0.826271 -0.393079 0.403442
vn 0.826271 -0.393079 0.403442
vn 0.826271 -0.393079 0.403442
vn 0.669978 -0.180953 -0.719989
vn 0.669978 -0.180953 -0.719989
vn 0.669978 -0.180953 -0.719989
vn 0.670281 -0.170115 -0.722346
vn 0.670281 -0.170115 -0.722346
vn 0.670281 -0.170115 -0.722346
vn 0.851027 -0.524814 0.017976
vn 0.851027 -0.524814 0.017976
vn 0.851027 -0.524814 0.017976
vn 0.844025 -0.519271 0.134084
vn 0.844025 -0.519271 0.134084
vn 0.844025 -0.519271 0.134084
vn 0.832040 -0.554715 -0.000137
vn 0.832040 -0.554715 -0.000137
vn 0.832040 -0.554715 -0.000137
vn 0.831972 -0.554549 0.017237
vn 0.831972 -0.554549 0.017237
vn 0.831972 -0.554549 0.017237
vn 0.831449 -0.555601 -0.000134
vn 0.831449 -0.555601 -0.000134
vn 0.831449 -0.555601 -0.000134
vn 0.831449 -0.555601 -0.000136
vn 0.831449 -0.555601 -0.000136
vn 0.831449 -0.555601 -0.000136
vn 0.894893 -0.254897 -0.366325
vn 0.894893 -0.254897 -0.366325
vn 0.894893 -0.254897 -0.366325
vn 0.888259 -0.283440 -0.361465
vn 0.888259 -0.283440 -0.361465
vn 0.888259 -0.283440 -0.361465
vn 0.844664 -0.535298 -0.000136
vn 0.844664 -0.535298 -0.000136
vn 0.844664 -0.535298 -0.000136
vn 0.844664 -0.535298 0.000021
vn 0.844664 -0.535298 0.000021
vn 0.844664 -0.535298 0.000021
vn 0.927048 -0.356184 -0.117108
vn 0.927048 -0.356184 -0.117108
vn 0.927048 -0.356184 -0.117108
vn 0.944334 -0.306107 -0.120543
vn 0.944334 -0.306107 -0.120543
vn 0.944334 -0.306107 -0.120543
vn 0.932898 -0.359794 -0.015812
vn 0.932898 -0.359794 -0.015812
vn 0.932898 -0.359794 -0.015812
vn 0.905111 -0.424908 -0.015106
vn 0.905111 -0.424908 -0.015106
vn 0.905111 -0.424908 -0.015106
vn 0.905165 -0.425061 -0.000008
vn 0.905165 -0.425061 -0.000008
vn 0.905165 -0.425061 -0.000008
vn 0.872047 -0.489421 -0.000009
vn 0.872047 -0.489421 -0.000009
vn 0.872047 -0.489421 -0.000009
vn 0.872047 -0.489421 0.000019
vn 0.872047 -0.489421 0.000019
vn 0.872047 -0.489421 0.000019
vn 0.016243 0.023148 -0.999600
vn 0.016243 0.023148 -0.999600
vn 0.016243 0.023148 -0.999600
vn 0.015938 0.023118 -0.999606
vn 0.015938 0.023118 -0.999606
vn 0.015938 0.023118 -0.999606
vn 0.015898 0.023365 -0.999601
vn 0.015898 0.023365 -0.999601
vn 0.015898 0.023365 -0.999601
vn 0.015591 0.023331 -0.999606
vn 0.015591 0.023331 -0.999606
vn 0.015591 0.023331 -0.999606
vn -0.002762 0.029105 -0.999573
vn -0.002762 0.029105 -0.999573
vn -0.002762 0.029105 -0.999573
vn -0.002841 0.029080 -0.999573
vn -0.002841 0.029080 -0.999573
vn -0.002841 0.029080 -0.999573
vn -0.004759 0.029737 -0.999546
vn -0.004759 0.029737 -0.999546
vn -0.004759 0.029737 -0.999546
vn -0.004826 0.029698 -0.999547
vn -0.004826 0.029698 -0.999547
vn -0.004826 0.029698 -0.999547
vn -0.005156 0.029823 -0.999542
vn -0.005156 0.029823 -0.999542
vn -0.005156 0.029823 -0.999542
vn -0.005213 0.029773 -0.999543
vn -0.005213 0.029773 -0.999543
vn -0.005213 0.029773 -0.999543
vn -0.005776 0.030011 -0.999533
vn -0.005776 0.030011 -0.999533
vn -0.005776 0.030011 -0.999533
vn -0.005819 0.029957 -0.999534
vn -0.005819 0.029957 -0.999534
vn -0.005819 0.029957 -0.999534
vn -0.006524 0.030291 -0.999520
vn -0.006524 0.030291 -0.999520
vn -0.006524 0.030291 -0.999520
vn -0.006524 0.030291 -0.999520
vn -0.006552 0.030245 -0.999521
vn -0.006552 0.030245 -0.999521
vn -0.006552 0.030245 -0.999521
vn 0.089011 0.001969 -0.996029
vn 0.089011 0.001969 -0.996029
vn 0.089011 0.001969 -0.996029
vn 0.086939 0.002069 -0.996211
vn 0.086939 0.002069 -0.996211
vn 0.086939 0.002069 -0.996211
vn -0.016033 0.065116 0.997749
vn -0.016033 0.065116 0.997749
vn -0.016033 0.065116 0.997749
vn 0.303740 -0.058223 -0.950974
vn 0.303740 -0.058223 -0.950974
vn 0.303740 -0.058223 -0.950974
vn 0.294271 -0.056939 -0.954025
vn 0.294271 -0.056939 -0.954025
vn 0.294271 -0.056939 -0.954025
vn -0.015046 0.062390 0.997938
vn -0.015046 0.062390 0.997938
vn -0.015046 0.062390 0.997938
vn -0.015237 0.062508 0.997928
vn -0.015237 0.062508 0.997928
vn -0.015237 0.062508 0.997928
vn -0.014296 0.060053 0.998093
vn -0.014296 0.060053 0.998093
vn -0.014296 0.060053 0.998093
vn -0.014829 0.060386 0.998065
vn -0.014829 0.060386 0.998065
vn -0.014829 0.060386 0.998065
vn -0.014098 0.058659 0.998179
vn -0.014098 0.058659 0.998179
vn -0.014098 0.058659 0.998179
vn -0.013446 0.058262 0.998211
vn -0.013446 0.058262 0.998211
vn -0.013446 0.058262 0.998211
vn -0.013036 0.057443 0.998264
vn -0.013036 0.057443 0.998264
vn -0.013036 0.057443 0.998264
vn 0.002214 0.048799 0.998806
vn 0.002214 0.048799 0.998806
vn 0.002214 0.048799 0.998806
vn 0.002049 0.049062 0.998794
vn 0.002049 0.049062 0.998794
vn 0.002049 0.049062 0.998794
vn 0.067615 0.016185 0.997580
vn 0.067615 0.016185 0.997580
vn 0.067615 0.016185 0.997580
vn 0.062681 0.022103 0.997789
vn 0.062681 0.022103 0.997789
vn 0.062681 0.022103 0.997789
vn 0.277142 -0.069945 0.958280
vn 0.277142 -0.069945 0.958280
vn 0.277142 -0.069945 0.958280
vn 0.657285 -0.159489 -0.736573
vn 0.657285 -0.159489 -0.736573
vn 0.657285 -0.159489 -0.736573
vn 0.657226 -0.164283 -0.735571
vn 0.657226 -0.164283 -0.735571
vn 0.657226 -0.164283 -0.735571
vn 0.247217 -0.042927 0.968009
vn 0.247217 -0.042927 0.968009
vn 0.247217 -0.042927 0.968009
vn 0.587387 -0.166601 0.791972
vn 0.587387 -0.166601 0.791972
vn 0.587387 -0.166601 0.791972
vn 0.813160 -0.393952 0.428453
vn 0.813160 -0.393952 0.428453
vn 0.813160 -0.393952 0.428453
vn 0.598781 -0.281924 0.749653
vn 0.598781 -0.281924 0.749653
vn 0.598781 -0.281924 0.749653
vn 0.843919 -0.519307 0.134613
vn 0.843919 -0.519307 0.134613
vn 0.843919 -0.519307 0.134613
vn 0.784888 -0.479288 0.392727
vn 0.784888 -0.479288 0.392727
vn 0.784888 -0.479288 0.392727
vn 0.891476 -0.252589 -0.376123
vn 0.891476 -0.252589 -0.376123
vn 0.891476 -0.252589 -0.376123
vn 0.894565 -0.237528 -0.378594
vn 0.894565 -0.237528 -0.378594
vn 0.894565 -0.237528 -0.378594
vn 0.832036 -0.554475 0.016537
vn 0.832036 -0.554475 0.016537
vn 0.832036 -0.554475 0.016537
vn 0.825719 -0.549097 0.129149
vn 0.825719 -0.549097 0.129149
vn 0.825719 -0.549097 0.129149
vn 0.831440 -0.555615 -0.000011
vn 0.831440 -0.555615 -0.000011
vn 0.831440 -0.555615 -0.000011
vn 0.831380 -0.555459 0.016514
vn 0.831380 -0.555459 0.016514
vn 0.831380 -0.555459 0.016514
vn 0.844653 -0.535314 -0.000014
vn 0.844653 -0.535314 -0.000014
vn 0.844653 -0.535314 -0.000014
vn 0.844653 -0.535314 0.000000
vn 0.844653 -0.535314 0.000000
vn 0.844653 -0.535314 0.000000
vn 0.944196 -0.305772 -0.122467
vn 0.944196 -0.305772 -0.122467
vn 0.944196 -0.305772 -0.122467
vn 0.953299 -0.275220 -0.124400
vn 0.953299 -0.275220 -0.124400
vn 0.953299 -0.275220 -0.124400
vn 0.872049 -0.489419 0.000000
vn 0.872049 -0.489419 0.000000
vn 0.872049 -0.489419 0.000000
vn 0.872049 -0.489419 0.000000
vn 0.950798 -0.309391 -0.016170
vn 0.950798 -0.309391 -0.016170
vn 0.950798 -0.309391 -0.016170
vn 0.932893 -0.359811 -0.015701
vn 0.932893 -0.359811 -0.015701
vn 0.932893 -0.359811 -0.015701
vn 0.932961 -0.359977 -0.000007
vn 0.932961 -0.359977 -0.000007
vn 0.932961 -0.359977 -0.000007
vn 0.905165 -0.425061 -0.000008
vn 0.905165 -0.425061 -0.000008
vn 0.905165 -0.425061 -0.000008
vn 0.905165 -0.425061 0.000000
vn 0.905165 -0.425061 0.000000
vn 0.905165 -0.425061 0.000000
vn 0.086785 0.003018 -0.996222
vn 0.086785 0.003018 -0.996222
vn 0.086785 0.003018 -0.996222
vn 0.084801 0.003091 -0.996393
vn 0.084801 0.003091 -0.996393
vn 0.084801 0.003091 -0.996393
vn -0.006567 0.030313 -0.999519
vn -0.006567 0.030313 -0.999519
vn -0.006567 0.030313 -0.999519
vn -0.006567 0.030313 -0.999519
vn -0.006592 0.030267 -0.999520
vn -0.006592 0.030267 -0.999520
vn -0.006592 0.030267 -0.999520
vn -0.006606 0.030332 -0.999518
vn -0.006606 0.030332 -0.999518
vn -0.006606 0.030332 -0.999518
vn -0.006606 0.030332 -0.999518
vn -0.006629 0.030287 -0.999519
vn -0.006629 0.030287 -0.999519
vn -0.006629 0.030287 -0.999519
vn -0.006643 0.030349 -0.999517
vn -0.006643 0.030349 -0.999517
vn -0.006643 0.030349 -0.999517
vn -0.006643 0.030349 -0.999517
vn -0.006664 0.030305 -0.999518
vn -0.006664 0.030305 -0.999518
vn -0.006664 0.030305 -0.999518
vn -0.005086 0.024106 -0.999696
vn -0.005086 0.024106 -0.999696
vn -0.005086 0.024106 -0.999696
vn -0.003749 0.017767 -0.999835
vn -0.003749 0.017767 -0.999835
vn -0.003749 0.017767 -0.999835
vn -0.003749 0.017767 -0.999835
vn -0.006677 0.030365 -0.999517
vn -0.006677 0.030365 -0.999517
vn -0.006677 0.030365 -0.999517
vn -0.006677 0.030365 -0.999517
vn -0.006696 0.030322 -0.999518
vn -0.006696 0.030322 -0.999518
vn -0.006696 0.030322 -0.999518
vn -0.006638 0.030008 -0.999528
vn -0.006638 0.030008 -0.999528
vn -0.006638 0.030008 -0.999528
vn -0.006631 0.030027 -0.999527
vn -0.006631 0.030027 -0.999527
vn -0.006631 0.030027 -0.999527
vn -0.006631 0.030027 -0.999527
vn -0.006178 0.027929 -0.999591
vn -0.006178 0.027929 -0.999591
vn -0.006178 0.027929 -0.999591
vn -0.006178 0.027929 -0.999591
vn -0.006135 0.028044 -0.999588
vn -0.006135 0.028044 -0.999588
vn -0.006135 0.028044 -0.999588
vn -0.005203 0.023783 -0.999704
vn -0.005203 0.023783 -0.999704
vn -0.005203 0.023783 -0.999704
vn -0.005203 0.023783 -0.999704
vn 0.084707 0.003664 -0.996399
vn 0.084707 0.003664 -0.996399
vn 0.084707 0.003664 -0.996399
vn 0.082937 0.003699 -0.996548
vn 0.082937 0.003699 -0.996548
vn 0.082937 0.003699 -0.996548
vn 0.015567 0.023479 -0.999603
vn 0.015567 0.023479 -0.999603
vn 0.015567 0.023479 -0.999603
vn 0.015288 0.023442 -0.999608
vn 0.015288 0.023442 -0.999608
vn 0.015288 0.023442 -0.999608
vn -0.002850 0.029139 -0.999571
vn -0.002850 0.029139 -0.999571
vn -0.002850 0.029139 -0.999571
vn -0.002922 0.029113 -0.999572
vn -0.002922 0.029113 -0.999572
vn -0.002922 0.029113 -0.999572
vn -0.004837 0.029769 -0.999545
vn -0.004837 0.029769 -0.999545
vn -0.004837 0.029769 -0.999545
vn -0.004899 0.029730 -0.999546
vn -0.004899 0.029730 -0.999546
vn -0.004899 0.029730 -0.999546
vn -0.005228 0.029854 -0.999541
vn -0.005228 0.029854 -0.999541
vn -0.005228 0.029854 -0.999541
vn -0.005281 0.029804 -0.999542
vn -0.005281 0.029804 -0.999542
vn -0.005281 0.029804 -0.999542
vn -0.005835 0.030038 -0.999532
vn -0.005835 0.030038 -0.999532
vn -0.005835 0.030038 -0.999532
vn -0.005875 0.029985 -0.999533
vn -0.005875 0.029985 -0.999533
vn -0.005875 0.029985 -0.999533
vn -0.001130 0.007326 -0.999973
vn -0.001130 0.007326 -0.999973
vn -0.001130 0.007326 -0.999973
vn -0.001681 0.010544 -0.999943
vn -0.001681 0.010544 -0.999943
vn -0.001681 0.010544 -0.999943
vn -0.001681 0.010544 -0.999943
vn 0.000151 0.005919 -0.999982
vn 0.000151 0.005919 -0.999982
vn 0.000151 0.005919 -0.999982
vn 0.000355 0.004461 -0.999990
vn 0.000355 0.004461 -0.999990
vn 0.000355 0.004461 -0.999990
vn 0.000355 0.004461 -0.999990
vn 0.032608 -0.017823 -0.999309
vn 0.032608 -0.017823 -0.999309
vn 0.032608 -0.017823 -0.999309
vn 0.032608 -0.017823 -0.999309
vn 0.023423 0.008101 -0.999693
vn 0.023423 0.008101 -0.999693
vn 0.023423 0.008101 -0.999693
vn 0.023254 -0.013425 -0.999639
vn 0.023254 -0.013425 -0.999639
vn 0.023254 -0.013425 -0.999639
vn 0.023254 -0.013425 -0.999639
vn 0.014244 0.009788 -0.999851
vn 0.014244 0.009788 -0.999851
vn 0.014244 0.009788 -0.999851
vn 0.002537 0.006967 -0.999973
vn 0.002537 0.006967 -0.999973
vn 0.002537 0.006967 -0.999973
vn 0.003317 -0.000546 -0.999994
vn 0.003317 -0.000546 -0.999994
vn 0.003317 -0.000546 -0.999994
vn 0.003317 -0.000546 -0.999994
vn 0.014786 -0.009067 -0.999850
vn 0.014786 -0.009067 -0.999850
vn 0.014786 -0.009067 -0.999850
vn 0.014786 -0.009067 -0.999850
vn 0.007027 0.009293 -0.999932
vn 0.007027 0.009293 -0.999932
vn 0.007027 0.009293 -0.999932
vn 0.007966 -0.004909 -0.999956
vn 0.007966 -0.004909 -0.999956
vn 0.007966 -0.004909 -0.999956
vn 0.007966 -0.004909 -0.999956
vn 0.293885 -0.054123 -0.954307
vn 0.293885 -0.054123 -0.954307
vn 0.293885 -0.054123 -0.954307
vn 0.285046 -0.053013 -0.957047
vn 0.285046 -0.053013 -0.957047
vn 0.285046 -0.053013 -0.957047
vn -0.007925 0.032864 0.999428
vn -0.007925 0.032864 0.999428
vn -0.007925 0.032864 0.999428
vn 0.643290 -0.152474 -0.750286
vn 0.643290 -0.152474 -0.750286
vn 0.643290 -0.152474 -0.750286
vn 0.643290 -0.153467 -0.750084
vn 0.643290 -0.153467 -0.750084
vn 0.643290 -0.153467 -0.750084
vn -0.007396 0.031530 0.999475
vn -0.007396 0.031530 0.999475
vn -0.007396 0.031530 0.999475
vn -0.007525 0.031608 0.999472
vn -0.007525 0.031608 0.999472
vn -0.007525 0.031608 0.999472
vn -0.006972 0.030305 0.999516
vn -0.006972 0.030305 0.999516
vn -0.006972 0.030305 0.999516
vn -0.007338 0.030532 0.999507
vn -0.007338 0.030532 0.999507
vn -0.007338 0.030532 0.999507
vn -0.006837 0.029475 0.999542
vn -0.006837 0.029475 0.999542
vn -0.006837 0.029475 0.999542
vn -0.005837 0.028852 0.999567
vn -0.005837 0.028852 0.999567
vn -0.005837 0.028852 0.999567
vn 0.010312 0.018559 0.999775
vn 0.010312 0.018559 0.999775
vn 0.010312 0.018559 0.999775
vn -0.005424 0.028119 0.999590
vn -0.005424 0.028119 0.999590
vn -0.005424 0.028119 0.999590
vn 0.074830 -0.018972 0.997016
vn 0.074830 -0.018972 0.997016
vn 0.074830 -0.018972 0.997016
vn 0.010413 0.018415 0.999776
vn 0.010413 0.018415 0.999776
vn 0.010413 0.018415 0.999776
vn 0.271137 -0.125472 0.954328
vn 0.271137 -0.125472 0.954328
vn 0.271137 -0.125472 0.954328
vn 0.071905 -0.015695 0.997288
vn 0.071905 -0.015695 0.997288
vn 0.071905 -0.015695 0.997288
vn 0.889939 -0.234702 -0.391054
vn 0.889939 -0.234702 -0.391054
vn 0.889939 -0.234702 -0.391054
vn 0.891351 -0.227177 -0.392280
vn 0.891351 -0.227177 -0.392280
vn 0.891351 -0.227177 -0.392280
vn 0.574420 -0.279164 0.769486
vn 0.574420 -0.279164 0.769486
vn 0.574420 -0.279164 0.769486
vn 0.254163 -0.109972 0.960889
vn 0.254163 -0.109972 0.960889
vn 0.254163 -0.109972 0.960889
vn 0.784208 -0.479167 0.394230
vn 0.784208 -0.479167 0.394230
vn 0.784208 -0.479167 0.394230
vn 0.577834 -0.345588 0.739376
vn 0.577834 -0.345588 0.739376
vn 0.577834 -0.345588 0.739376
vn 0.826639 -0.548898 0.124011
vn 0.826639 -0.548898 0.124011
vn 0.826639 -0.548898 0.124011
vn 0.771978 -0.509002 0.380746
vn 0.771978 -0.509002 0.380746
vn 0.771978 -0.509002 0.380746
vn 0.952975 -0.274632 -0.128122
vn 0.952975 -0.274632 -0.128122
vn 0.952975 -0.274632 -0.128122
vn 0.957492 -0.257932 -0.129149
vn 0.957492 -0.257932 -0.129149
vn 0.957492 -0.257932 -0.129149
vn 0.831470 -0.555354 0.015451
vn 0.831470 -0.555354 0.015451
vn 0.831470 -0.555354 0.015451
vn 0.825703 -0.550362 0.123761
vn 0.825703 -0.550362 0.123761
vn 0.825703 -0.550362 0.123761
vn 0.844656 -0.535310 -0.000045
vn 0.844656 -0.535310 -0.000045
vn 0.844656 -0.535310 -0.000045
vn 0.844602 -0.535160 0.015854
vn 0.844602 -0.535160 0.015854
vn 0.844602 -0.535160 0.015854
vn 0.872048 -0.489420 -0.000049
vn 0.872048 -0.489420 -0.000049
vn 0.872048 -0.489420 -0.000049
vn 0.872048 -0.489420 0.000009
vn 0.872048 -0.489420 0.000009
vn 0.872048 -0.489420 0.000009
vn 0.950805 -0.309354 -0.016423
vn 0.950805 -0.309354 -0.016423
vn 0.950805 -0.309354 -0.016423
vn 0.960339 -0.278334 -0.016690
vn 0.960339 -0.278334 -0.016690
vn 0.960339 -0.278334 -0.016690
vn 0.905166 -0.425058 -0.000016
vn 0.905166 -0.425058 -0.000016
vn 0.905166 -0.425058 -0.000016
vn 0.905166 -0.425058 0.000008
vn 0.905166 -0.425058 0.000008
vn 0.905166 -0.425058 0.000008
vn 0.950889 -0.309533 0.000000
vn 0.950889 -0.309533 0.000000
vn 0.950889 -0.309533 0.000000
vn 0.932961 -0.359978 0.000000
vn 0.932961 -0.359978 0.000000
vn 0.932961 -0.359978 0.000000
vn 0.932961 -0.359978 -0.000014
vn 0.932961 -0.359978 -0.000014
vn 0.932961 -0.359978 -0.000014
vn 0.284823 -0.051424 -0.957200
vn 0.284823 -0.051424 -0.957200
vn 0.284823 -0.051424 -0.957200
vn 0.277040 -0.050535 -0.959529
vn 0.277040 -0.050535 -0.959529
vn 0.277040 -0.050535 -0.959529
vn -0.003572 0.018259 -0.999827
vn -0.003572 0.018259 -0.999827
vn -0.003572 0.018259 -0.999827
vn -0.002279 0.011649 -0.999930
vn -0.002279 0.011649 -0.999930
vn -0.002279 0.011649 -0.999930
vn -0.003111 0.017483 -0.999842
vn -0.003111 0.017483 -0.999842
vn -0.003111 0.017483 -0.999842
vn -0.001892 0.010635 -0.999942
vn -0.001892 0.010635 -0.999942
vn -0.001892 0.010635 -0.999942
vn -0.005926 0.030009 -0.999532
vn -0.005926 0.030009 -0.999532
vn -0.005926 0.030009 -0.999532
vn -0.005890 0.030061 -0.999531
vn -0.005890 0.030061 -0.999531
vn -0.005890 0.030061 -0.999531
vn -0.005940 0.030083 -0.999530
vn -0.005940 0.030083 -0.999530
vn -0.005940 0.030083 -0.999530
vn -0.005973 0.030032 -0.999531
vn -0.005973 0.030032 -0.999531
vn -0.005973 0.030032 -0.999531
vn -0.006017 0.030053 -0.999530
vn -0.006017 0.030053 -0.999530
vn -0.006017 0.030053 -0.999530
vn -0.005987 0.030102 -0.999529
vn -0.005987 0.030102 -0.999529
vn -0.005987 0.030102 -0.999529
vn -0.004508 0.023464 -0.999715
vn -0.004508 0.023464 -0.999715
vn -0.004508 0.023464 -0.999715
vn -0.003293 0.017141 -0.999848
vn -0.003293 0.017141 -0.999848
vn -0.003293 0.017141 -0.999848
vn -0.005956 0.029746 -0.999540
vn -0.005956 0.029746 -0.999540
vn -0.005956 0.029746 -0.999540
vn -0.005973 0.029715 -0.999541
vn -0.005973 0.029715 -0.999541
vn -0.005973 0.029715 -0.999541
vn -0.005535 0.027538 -0.999605
vn -0.005535 0.027538 -0.999605
vn -0.005535 0.027538 -0.999605
vn -0.005497 0.027610 -0.999604
vn -0.005497 0.027610 -0.999604
vn -0.005497 0.027610 -0.999604
vn -0.004626 0.023238 -0.999719
vn -0.004626 0.023238 -0.999719
vn -0.004626 0.023238 -0.999719
vn 0.276855 -0.049245 -0.959649
vn 0.276855 -0.049245 -0.959649
vn 0.276855 -0.049245 -0.959649
vn 0.270080 -0.048549 -0.961613
vn 0.270080 -0.048549 -0.961613
vn 0.270080 -0.048549 -0.961613
vn 0.082857 0.004180 -0.996553
vn 0.082857 0.004180 -0.996553
vn 0.082857 0.004180 -0.996553
vn 0.081291 0.004184 -0.996682
vn 0.081291 0.004184 -0.996682
vn 0.081291 0.004184 -0.996682
vn 0.015268 0.023567 -0.999606
vn 0.015268 0.023567 -0.999606
vn 0.015268 0.023567 -0.999606
vn 0.015018 0.023527 -0.999610
vn 0.015018 0.023527 -0.999610
vn 0.015018 0.023527 -0.999610
vn -0.002931 0.029164 -0.999570
vn -0.002931 0.029164 -0.999570
vn -0.002931 0.029164 -0.999570
vn -0.002996 0.029139 -0.999571
vn -0.002996 0.029139 -0.999571
vn -0.002996 0.029139 -0.999571
vn -0.004910 0.029794 -0.999544
vn -0.004910 0.029794 -0.999544
vn -0.004910 0.029794 -0.999544
vn -0.004967 0.029755 -0.999545
vn -0.004967 0.029755 -0.999545
vn -0.004967 0.029755 -0.999545
vn -0.005294 0.029879 -0.999539
vn -0.005294 0.029879 -0.999539
vn -0.005294 0.029879 -0.999539
vn -0.005342 0.029830 -0.999541
vn -0.005342 0.029830 -0.999541
vn -0.005342 0.029830 -0.999541
vn -0.000683 0.004892 -0.999988
vn -0.000683 0.004892 -0.999988
vn -0.000683 0.004892 -0.999988
vn -0.001466 0.009937 -0.999950
vn -0.001466 0.009937 -0.999950
vn -0.001466 0.009937 -0.999950
vn 0.000526 0.000592 -1.000000
vn 0.000526 0.000592 -1.000000
vn 0.000526 0.000592 -1.000000
vn 0.000164 0.003471 -0.999994
vn 0.000164 0.003471 -0.999994
vn 0.000164 0.003471 -0.999994
vn 0.019468 -0.022184 -0.999564
vn 0.019468 -0.022184 -0.999564
vn 0.019468 -0.022184 -0.999564
vn 0.014204 -0.010415 -0.999845
vn 0.014204 -0.010415 -0.999845
vn 0.014204 -0.010415 -0.999845
vn 0.014107 -0.018206 -0.999735
vn 0.014107 -0.018206 -0.999735
vn 0.014107 -0.018206 -0.999735
vn 0.009080 -0.007719 -0.999929
vn 0.009080 -0.007719 -0.999929
vn 0.009080 -0.007719 -0.999929
vn 0.009203 -0.013371 -0.999868
vn 0.009203 -0.013371 -0.999868
vn 0.009203 -0.013371 -0.999868
vn 0.004979 -0.005118 -0.999975
vn 0.004979 -0.005118 -0.999975
vn 0.004979 -0.005118 -0.999975
vn 0.002218 -0.002362 -0.999995
vn 0.002218 -0.002362 -0.999995
vn 0.002218 -0.002362 -0.999995
vn 0.002240 -0.002600 -0.999994
vn 0.002240 -0.002600 -0.999994
vn 0.002240 -0.002600 -0.999994
vn 0.005138 -0.007926 -0.999955
vn 0.005138 -0.007926 -0.999955
vn 0.005138 -0.007926 -0.999955
vn 0.629671 -0.148078 -0.762619
vn 0.629671 -0.148078 -0.762619
vn 0.629671 -0.148078 -0.762619
vn 0.629658 -0.146667 -0.762902
vn 0.629658 -0.146667 -0.762902
vn 0.629658 -0.146667 -0.762902
vn -0.006873 0.029300 0.999547
vn -0.006873 0.029300 0.999547
vn -0.006873 0.029300 0.999547
vn 0.886142 -0.224170 -0.405587
vn 0.886142 -0.224170 -0.405587
vn 0.886142 -0.224170 -0.405587
vn 0.886602 -0.221554 -0.406018
vn 0.886602 -0.221554 -0.406018
vn 0.886602 -0.221554 -0.406018
vn -0.006374 0.028147 0.999583
vn -0.006374 0.028147 0.999583
vn -0.006374 0.028147 0.999583
vn -0.006492 0.028218 0.999581
vn -0.006492 0.028218 0.999581
vn -0.006492 0.028218 0.999581
vn -0.005932 0.027014 0.999617
vn -0.005932 0.027014 0.999617
vn -0.005932 0.027014 0.999617
vn -0.006322 0.027254 0.999609
vn -0.006322 0.027254 0.999609
vn -0.006322 0.027254 0.999609
vn -0.004799 0.025560 0.999662
vn -0.004799 0.025560 0.999662
vn -0.004799 0.025560 0.999662
vn -0.005747 0.026156 0.999641
vn -0.005747 0.026156 0.999641
vn -0.005747 0.026156 0.999641
vn 0.011396 0.014704 0.999827
vn 0.011396 0.014704 0.999827
vn 0.011396 0.014704 0.999827
vn -0.004195 0.024593 0.999689
vn -0.004195 0.024593 0.999689
vn -0.004195 0.024593 0.999689
vn 0.074951 -0.026203 0.996843
vn 0.074951 -0.026203 0.996843
vn 0.074951 -0.026203 0.996843
vn 0.012299 0.013522 0.999833
vn 0.012299 0.013522 0.999833
vn 0.012299 0.013522 0.999833
vn 0.264307 -0.146607 0.953230
vn 0.264307 -0.146607 0.953230
vn 0.264307 -0.146607 0.953230
vn 0.076228 -0.027568 0.996709
vn 0.076228 -0.027568 0.996709
vn 0.076228 -0.027568 0.996709
vn 0.959302 -0.248361 -0.134375
vn 0.959302 -0.248361 -0.134375
vn 0.959302 -0.248361 -0.134375
vn 0.957038 -0.257234 -0.133826
vn 0.957038 -0.257234 -0.133826
vn 0.957038 -0.257234 -0.133826
vn 0.576529 -0.345155 0.740596
vn 0.576529 -0.345155 0.740596
vn 0.576529 -0.345155 0.740596
vn 0.264403 -0.146697 0.953190
vn 0.264403 -0.146697 0.953190
vn 0.264403 -0.146697 0.953190
vn 0.576665 -0.371174 0.727796
vn 0.576665 -0.371174 0.727796
vn 0.576665 -0.371174 0.727796
vn 0.777470 -0.510513 0.367311
vn 0.777470 -0.510513 0.367311
vn 0.777470 -0.510513 0.367311
vn 0.776410 -0.512844 0.366305
vn 0.776410 -0.512844 0.366305
vn 0.776410 -0.512844 0.366305
vn 0.827056 -0.550085 0.115695
vn 0.827056 -0.550085 0.115695
vn 0.827056 -0.550085 0.115695
vn 0.960349 -0.278268 -0.017206
vn 0.960349 -0.278268 -0.017206
vn 0.960349 -0.278268 -0.017206
vn 0.965160 -0.261085 -0.017349
vn 0.965160 -0.261085 -0.017349
vn 0.965160 -0.261085 -0.017349
vn 0.844694 -0.535046 0.014767
vn 0.844694 -0.535046 0.014767
vn 0.844694 -0.535046 0.014767
vn 0.839341 -0.530517 0.118572
vn 0.839341 -0.530517 0.118572
vn 0.839341 -0.530517 0.118572
vn 0.871991 -0.489275 0.015512
vn 0.871991 -0.489275 0.015512
vn 0.871991 -0.489275 0.015512
vn 0.872044 -0.489427 0.000000
vn 0.872044 -0.489427 0.000000
vn 0.872044 -0.489427 0.000000
vn 0.905167 -0.425057 0.000000
vn 0.905167 -0.425057 0.000000
vn 0.905167 -0.425057 0.000000
vn 0.905167 -0.425057 0.000000
vn 0.950889 -0.309533 0.000000
vn 0.960448 -0.278458 0.000000
vn 0.960448 -0.278458 0.000000
vn 0.960448 -0.278458 0.000000
vn 0.932960 -0.359979 0.000000
vn 0.932960 -0.359979 0.000000
vn 0.932960 -0.359979 0.000000
vn 0.932960 -0.359979 -0.000007
vn 0.932960 -0.359979 -0.000007
vn 0.932960 -0.359979 -0.000007
vn 0.950889 -0.309533 -0.000006
vn 0.950889 -0.309533 -0.000006
vn 0.950889 -0.309533 -0.000006
vn 0.617356 -0.144536 -0.773292
vn 0.617356 -0.144536 -0.773292
vn 0.617356 -0.144536 -0.773292
vn 0.617326 -0.142766 -0.773645
vn 0.617326 -0.142766 -0.773645
vn 0.617326 -0.142766 -0.773645
vn 0.606193 -0.139664 -0.782959
vn 0.606193 -0.139664 -0.782959
vn 0.606193 -0.139664 -0.782959
vn -0.002752 0.016926 -0.999853
vn -0.002752 0.016926 -0.999853
vn -0.002752 0.016926 -0.999853
vn -0.001626 0.009998 -0.999949
vn -0.001626 0.009998 -0.999949
vn -0.001626 0.009998 -0.999949
vn -0.005355 0.029902 -0.999538
vn -0.005355 0.029902 -0.999538
vn -0.005355 0.029902 -0.999538
vn -0.005399 0.029854 -0.999540
vn -0.005399 0.029854 -0.999540
vn -0.005399 0.029854 -0.999540
vn -0.005452 0.029876 -0.999539
vn -0.005452 0.029876 -0.999539
vn -0.005452 0.029876 -0.999539
vn -0.005412 0.029924 -0.999538
vn -0.005412 0.029924 -0.999538
vn -0.005412 0.029924 -0.999538
vn -0.005393 0.029553 -0.999549
vn -0.005393 0.029553 -0.999549
vn -0.005393 0.029553 -0.999549
vn -0.005420 0.029520 -0.999550
vn -0.005420 0.029520 -0.999550
vn -0.005420 0.029520 -0.999550
vn -0.004043 0.022999 -0.999727
vn -0.004043 0.022999 -0.999727
vn -0.004043 0.022999 -0.999727
vn -0.002934 0.016693 -0.999856
vn -0.002934 0.016693 -0.999856
vn -0.002934 0.016693 -0.999856
vn -0.005005 0.027259 -0.999616
vn -0.005005 0.027259 -0.999616
vn -0.005005 0.027259 -0.999616
vn -0.004971 0.027302 -0.999615
vn -0.004971 0.027302 -0.999615
vn -0.004971 0.027302 -0.999615
vn -0.004160 0.022845 -0.999730
vn -0.004160 0.022845 -0.999730
vn -0.004160 0.022845 -0.999730
vn 0.606232 -0.141336 -0.782628
vn 0.606232 -0.141336 -0.782628
vn 0.606232 -0.141336 -0.782628
vn 0.269904 -0.047342 -0.961723
vn 0.269904 -0.047342 -0.961723
vn 0.269904 -0.047342 -0.961723
vn 0.263914 -0.046797 -0.963410
vn 0.263914 -0.046797 -0.963410
vn 0.263914 -0.046797 -0.963410
vn 0.081215 0.004638 -0.996686
vn 0.081215 0.004638 -0.996686
vn 0.081215 0.004638 -0.996686
vn 0.079822 0.004617 -0.996798
vn 0.079822 0.004617 -0.996798
vn 0.079822 0.004617 -0.996798
vn 0.014998 0.023646 -0.999608
vn 0.014998 0.023646 -0.999608
vn 0.014998 0.023646 -0.999608
vn 0.014773 0.023604 -0.999612
vn 0.014773 0.023604 -0.999612
vn 0.014773 0.023604 -0.999612
vn -0.003004 0.029187 -0.999569
vn -0.003004 0.029187 -0.999569
vn -0.003004 0.029187 -0.999569
vn -0.003063 0.029162 -0.999570
vn -0.003063 0.029162 -0.999570
vn -0.003063 0.029162 -0.999570
vn -0.004977 0.029817 -0.999543
vn -0.004977 0.029817 -0.999543
vn -0.004977 0.029817 -0.999543
vn -0.005029 0.029779 -0.999544
vn -0.005029 0.029779 -0.999544
vn -0.005029 0.029779 -0.999544
vn 0.596210 -0.136899 -0.791071
vn 0.596210 -0.136899 -0.791071
vn 0.596210 -0.136899 -0.791071
vn -0.000490 0.003714 -0.999993
vn -0.000490 0.003714 -0.999993
vn -0.000490 0.003714 -0.999993
vn -0.001317 0.009561 -0.999953
vn -0.001317 0.009561 -0.999953
vn -0.001317 0.009561 -0.999953
vn 0.000468 -0.001723 -0.999998
vn 0.000468 -0.001723 -0.999998
vn 0.000468 -0.001723 -0.999998
vn -0.000084 0.003133 -0.999995
vn -0.000084 0.003133 -0.999995
vn -0.000084 0.003133 -0.999995
vn 0.008294 -0.021055 -0.999744
vn 0.008294 -0.021055 -0.999744
vn 0.008294 -0.021055 -0.999744
vn 0.006223 -0.017399 -0.999829
vn 0.006223 -0.017399 -0.999829
vn 0.006223 -0.017399 -0.999829
vn 0.006215 -0.017898 -0.999821
vn 0.006215 -0.017898 -0.999821
vn 0.006215 -0.017898 -0.999821
vn 0.004278 -0.014654 -0.999883
vn 0.004278 -0.014654 -0.999883
vn 0.004278 -0.014654 -0.999883
vn 0.004261 -0.013548 -0.999899
vn 0.004261 -0.013548 -0.999899
vn 0.004261 -0.013548 -0.999899
vn 0.002665 -0.011007 -0.999936
vn 0.002665 -0.011007 -0.999936
vn 0.002665 -0.011007 -0.999936
vn 0.002530 -0.008233 -0.999963
vn 0.002530 -0.008233 -0.999963
vn 0.002530 -0.008233 -0.999963
vn 0.001449 -0.006591 -0.999977
vn 0.001449 -0.006591 -0.999977
vn 0.001449 -0.006591 -0.999977
vn 0.001129 -0.002690 -0.999996
vn 0.001129 -0.002690 -0.999996
vn 0.001129 -0.002690 -0.999996
vn 0.881172 -0.219213 -0.418905
vn 0.881172 -0.219213 -0.418905
vn 0.881172 -0.219213 -0.418905
vn 0.881283 -0.218555 -0.419015
vn 0.881283 -0.218555 -0.419015
vn 0.881283 -0.218555 -0.419015
vn -0.006651 0.029371 0.999546
vn -0.006651 0.029371 0.999546
vn -0.006651 0.029371 0.999546
vn 0.959650 -0.243901 -0.139940
vn 0.959650 -0.243901 -0.139940
vn 0.959650 -0.243901 -0.139940
vn 0.958742 -0.247579 -0.139708
vn 0.958742 -0.247579 -0.139708
vn 0.958742 -0.247579 -0.139708
vn -0.006152 0.028283 0.999581
vn -0.006152 0.028283 0.999581
vn -0.006152 0.028283 0.999581
vn -0.006219 0.028323 0.999579
vn -0.006219 0.028323 0.999579
vn -0.006219 0.028323 0.999579
vn -0.005630 0.027135 0.999616
vn -0.005630 0.027135 0.999616
vn -0.005630 0.027135 0.999616
vn -0.006013 0.027366 0.999607
vn -0.006013 0.027366 0.999607
vn -0.006013 0.027366 0.999607
vn -0.005369 0.026216 0.999642
vn -0.005369 0.026216 0.999642
vn -0.005369 0.026216 0.999642
vn -0.004437 0.025636 0.999661
vn -0.004437 0.025636 0.999661
vn -0.004437 0.025636 0.999661
vn -0.003679 0.024499 0.999693
vn -0.003679 0.024499 0.999693
vn -0.003679 0.024499 0.999693
vn 0.012057 0.014484 0.999822
vn 0.012057 0.014484 0.999822
vn 0.012057 0.014484 0.999822
vn 0.013608 0.012567 0.999828
vn 0.013608 0.012567 0.999828
vn 0.013608 0.012567 0.999828
vn 0.076390 -0.028162 0.996680
vn 0.076390 -0.028162 0.996680
vn 0.076390 -0.028162 0.996680
vn 0.080917 -0.032823 0.996180
vn 0.080917 -0.032823 0.996180
vn 0.080917 -0.032823 0.996180
vn 0.266639 -0.155511 0.951168
vn 0.266639 -0.155511 0.951168
vn 0.266639 -0.155511 0.951168
vn 0.965171 -0.260987 -0.018158
vn 0.965171 -0.260987 -0.018158
vn 0.965171 -0.260987 -0.018158
vn 0.967652 -0.251628 -0.018237
vn 0.967652 -0.251628 -0.018237
vn 0.967652 -0.251628 -0.018237
vn 0.590380 -0.376954 0.713693
vn 0.590380 -0.376954 0.713693
vn 0.590380 -0.376954 0.713693
vn 0.278885 -0.166678 0.945749
vn 0.278885 -0.166678 0.945749
vn 0.278885 -0.166678 0.945749
vn 0.590236 -0.380062 0.712162
vn 0.590236 -0.380062 0.712162
vn 0.590236 -0.380062 0.712162
vn 0.784475 -0.515177 0.345242
vn 0.784475 -0.515177 0.345242
vn 0.784475 -0.515177 0.345242
vn 0.840700 -0.530153 0.110280
vn 0.840700 -0.530153 0.110280
vn 0.840700 -0.530153 0.110280
vn 0.793239 -0.496653 0.352290
vn 0.793239 -0.496653 0.352290
vn 0.793239 -0.496653 0.352290
vn 0.965287 -0.261191 0.000000
vn 0.965287 -0.261191 0.000000
vn 0.965287 -0.261191 0.000000
vn 0.960448 -0.278458 0.000000
vn 0.866810 -0.485036 0.115673
vn 0.866810 -0.485036 0.115673
vn 0.866810 -0.485036 0.115673
vn 0.872066 -0.489170 0.014640
vn 0.872066 -0.489170 0.014640
vn 0.872066 -0.489170 0.014640
vn 0.905107 -0.424903 0.015481
vn 0.905107 -0.424903 0.015481
vn 0.905107 -0.424903 0.015481
vn 0.905165 -0.425060 0.000024
vn 0.905165 -0.425060 0.000024
vn 0.905165 -0.425060 0.000024
vn 0.932959 -0.359982 0.000020
vn 0.932959 -0.359982 0.000020
vn 0.932959 -0.359982 0.000020
vn 0.932959 -0.359982 0.000020
vn 0.932959 -0.359982 0.000020
vn 0.932959 -0.359982 0.000020
vn 0.950888 -0.309534 0.000000
vn 0.950888 -0.309534 0.000000
vn 0.950888 -0.309534 0.000000
vn 0.960448 -0.278458 0.000000
vn 0.950888 -0.309534 0.000017
vn 0.950888 -0.309534 0.000017
vn 0.950888 -0.309534 0.000017
vn 0.875903 -0.217575 -0.430644
vn 0.875903 -0.217575 -0.430644
vn 0.875903 -0.217575 -0.430644
vn 0.876103 -0.216352 -0.430853
vn 0.876103 -0.216352 -0.430853
vn 0.876103 -0.216352 -0.430853
vn 0.871205 -0.214907 -0.441380
vn 0.871205 -0.214907 -0.441380
vn 0.871205 -0.214907 -0.441380
vn 0.871019 -0.216083 -0.441175
vn 0.871019 -0.216083 -0.441175
vn 0.871019 -0.216083 -0.441175
vn 0.866535 -0.213516 -0.451140
vn 0.866535 -0.213516 -0.451140
vn 0.866535 -0.213516 -0.451140
vn -0.002519 0.016544 -0.999860
vn -0.002519 0.016544 -0.999860
vn -0.002519 0.016544 -0.999860
vn -0.001463 0.009612 -0.999953
vn -0.001463 0.009612 -0.999953
vn -0.001463 0.009612 -0.999953
vn -0.005086 0.029801 -0.999543
vn -0.005086 0.029801 -0.999543
vn -0.005086 0.029801 -0.999543
vn -0.005039 0.029838 -0.999542
vn -0.005039 0.029838 -0.999542
vn -0.005039 0.029838 -0.999542
vn -0.005027 0.029453 -0.999554
vn -0.005027 0.029453 -0.999554
vn -0.005027 0.029453 -0.999554
vn -0.005059 0.029426 -0.999554
vn -0.005059 0.029426 -0.999554
vn -0.005059 0.029426 -0.999554
vn -0.004658 0.027092 -0.999622
vn -0.004658 0.027092 -0.999622
vn -0.004658 0.027092 -0.999622
vn -0.004628 0.027118 -0.999622
vn -0.004628 0.027118 -0.999622
vn -0.004628 0.027118 -0.999622
vn -0.003738 0.022690 -0.999736
vn -0.003738 0.022690 -0.999736
vn -0.003738 0.022690 -0.999736
vn -0.002700 0.016390 -0.999862
vn -0.002700 0.016390 -0.999862
vn -0.002700 0.016390 -0.999862
vn -0.003855 0.022589 -0.999737
vn -0.003855 0.022589 -0.999737
vn -0.003855 0.022589 -0.999737
vn 0.596256 -0.138472 -0.790762
vn 0.596256 -0.138472 -0.790762
vn 0.596256 -0.138472 -0.790762
vn 0.263745 -0.045657 -0.963511
vn 0.263745 -0.045657 -0.963511
vn 0.263745 -0.045657 -0.963511
vn 0.258410 -0.045234 -0.964976
vn 0.258410 -0.045234 -0.964976
vn 0.258410 -0.045234 -0.964976
vn 0.079750 0.005045 -0.996802
vn 0.079750 0.005045 -0.996802
vn 0.079750 0.005045 -0.996802
vn 0.078507 0.005005 -0.996901
vn 0.078507 0.005005 -0.996901
vn 0.078507 0.005005 -0.996901
vn 0.014754 0.023717 -0.999610
vn 0.014754 0.023717 -0.999610
vn 0.014754 0.023717 -0.999610
vn 0.014550 0.023674 -0.999614
vn 0.014550 0.023674 -0.999614
vn 0.014550 0.023674 -0.999614
vn -0.003071 0.029208 -0.999569
vn -0.003071 0.029208 -0.999569
vn -0.003071 0.029208 -0.999569
vn -0.003125 0.029183 -0.999569
vn -0.003125 0.029183 -0.999569
vn -0.003125 0.029183 -0.999569
vn 0.866361 -0.214643 -0.450940
vn 0.866361 -0.214643 -0.450940
vn 0.866361 -0.214643 -0.450940
vn 0.587132 -0.134374 -0.798261
vn 0.587132 -0.134374 -0.798261
vn 0.587132 -0.134374 -0.798261
vn -0.001225 0.009331 -0.999956
vn -0.001225 0.009331 -0.999956
vn -0.001225 0.009331 -0.999956
vn -0.000422 0.003248 -0.999995
vn -0.000422 0.003248 -0.999995
vn -0.000422 0.003248 -0.999995
vn 0.000305 -0.002414 -0.999997
vn 0.000305 -0.002414 -0.999997
vn 0.000305 -0.002414 -0.999997
vn -0.000274 0.003074 -0.999995
vn -0.000274 0.003074 -0.999995
vn -0.000274 0.003074 -0.999995
vn 0.000805 -0.018522 -0.999828
vn 0.000805 -0.018522 -0.999828
vn 0.000805 -0.018522 -0.999828
vn 0.000848 -0.018581 -0.999827
vn 0.000848 -0.018581 -0.999827
vn 0.000848 -0.018581 -0.999827
vn 0.000895 -0.016087 -0.999870
vn 0.000895 -0.016087 -0.999870
vn 0.000895 -0.016087 -0.999870
vn 0.000938 -0.016145 -0.999869
vn 0.000938 -0.016145 -0.999869
vn 0.000938 -0.016145 -0.999869
vn 0.000893 -0.012392 -0.999923
vn 0.000893 -0.012392 -0.999923
vn 0.000893 -0.012392 -0.999923
vn 0.000933 -0.012442 -0.999922
vn 0.000933 -0.012442 -0.999922
vn 0.000933 -0.012442 -0.999922
vn 0.000723 -0.007615 -0.999971
vn 0.000723 -0.007615 -0.999971
vn 0.000723 -0.007615 -0.999971
vn 0.000742 -0.007638 -0.999971
vn 0.000742 -0.007638 -0.999971
vn 0.000742 -0.007638 -0.999971
vn 0.000353 -0.002471 -0.999997
vn 0.000353 -0.002471 -0.999997
vn 0.000353 -0.002471 -0.999997
vn 0.959061 -0.243112 -0.145255
vn 0.959061 -0.243112 -0.145255
vn 0.959061 -0.243112 -0.145255
vn 0.959100 -0.242950 -0.145266
vn 0.959100 -0.242950 -0.145266
vn 0.959100 -0.242950 -0.145266
vn -0.006389 0.029377 0.999548
vn -0.006389 0.029377 0.999548
vn -0.006389 0.029377 0.999548
vn 0.967660 -0.251547 -0.018925
vn 0.967660 -0.251547 -0.018925
vn 0.967660 -0.251547 -0.018925
vn 0.968731 -0.247387 -0.018961
vn 0.968731 -0.247387 -0.018961
vn 0.968731 -0.247387 -0.018961
vn -0.005889 0.028381 0.999580
vn -0.005889 0.028381 0.999580
vn -0.005889 0.028381 0.999580
vn -0.005929 0.028404 0.999579
vn -0.005929 0.028404 0.999579
vn -0.005929 0.028404 0.999579
vn -0.005624 0.027460 0.999607
vn -0.005624 0.027460 0.999607
vn -0.005624 0.027460 0.999607
vn -0.005328 0.027287 0.999613
vn -0.005328 0.027287 0.999613
vn -0.005328 0.027287 0.999613
vn -0.003943 0.025733 0.999661
vn -0.003943 0.025733 0.999661
vn -0.003943 0.025733 0.999661
vn -0.004986 0.026362 0.999640
vn -0.004986 0.026362 0.999640
vn -0.004986 0.026362 0.999640
vn 0.013171 0.014463 0.999809
vn 0.013171 0.014463 0.999809
vn 0.013171 0.014463 0.999809
vn -0.003143 0.024581 0.999693
vn -0.003143 0.024581 0.999693
vn -0.003143 0.024581 0.999693
vn 0.079994 -0.029115 0.996370
vn 0.079994 -0.029115 0.996370
vn 0.079994 -0.029115 0.996370
vn 0.015026 0.012264 0.999812
vn 0.015026 0.012264 0.999812
vn 0.015026 0.012264 0.999812
vn 0.277506 -0.160406 0.947238
vn 0.277506 -0.160406 0.947238
vn 0.277506 -0.160406 0.947238
vn 0.086331 -0.035399 0.995637
vn 0.086331 -0.035399 0.995637
vn 0.086331 -0.035399 0.995637
vn 0.967789 -0.251761 -0.000004
vn 0.967789 -0.251761 -0.000004
vn 0.967789 -0.251761 -0.000004
vn 0.965287 -0.261190 -0.000004
vn 0.965287 -0.261190 -0.000004
vn 0.965287 -0.261190 -0.000004
vn 0.611692 -0.389507 0.688561
vn 0.611692 -0.389507 0.688561
vn 0.611692 -0.389507 0.688561
vn 0.296666 -0.177403 0.938359
vn 0.296666 -0.177403 0.938359
vn 0.296666 -0.177403 0.938359
vn 0.801248 -0.498620 0.330725
vn 0.801248 -0.498620 0.330725
vn 0.801248 -0.498620 0.330725
vn 0.613217 -0.373907 0.695815
vn 0.613217 -0.373907 0.695815
vn 0.613217 -0.373907 0.695815
vn 0.821173 -0.454894 0.344595
vn 0.821173 -0.454894 0.344595
vn 0.821173 -0.454894 0.344595
vn 0.867812 -0.484647 0.109631
vn 0.867812 -0.484647 0.109631
vn 0.867812 -0.484647 0.109631
vn 0.960448 -0.278458 0.000000
vn 0.965287 -0.261190 0.000000
vn 0.965287 -0.261190 0.000000
vn 0.965287 -0.261190 0.000000
vn 0.905136 -0.424853 0.015107
vn 0.905136 -0.424853 0.015107
vn 0.905136 -0.424853 0.015107
vn 0.899642 -0.421004 0.115756
vn 0.899642 -0.421004 0.115756
vn 0.899642 -0.421004 0.115756
vn 0.932961 -0.359978 -0.000013
vn 0.932961 -0.359978 -0.000013
vn 0.932961 -0.359978 -0.000013
vn 0.932892 -0.359810 0.015812
vn 0.932892 -0.359810 0.015812
vn 0.932892 -0.359810 0.015812
vn 0.950889 -0.309532 0.000000
vn 0.950889 -0.309532 0.000000
vn 0.950889 -0.309532 0.000000
vn 0.950889 -0.309532 -0.000011
vn 0.950889 -0.309532 -0.000011
vn 0.950889 -0.309532 -0.000011
vn 0.960448 -0.278458 0.000000
vn 0.958426 -0.242694 -0.150060
vn 0.958426 -0.242694 -0.150060
vn 0.958426 -0.242694 -0.150060
vn 0.958544 -0.242210 -0.150093
vn 0.958544 -0.242210 -0.150093
vn 0.958544 -0.242210 -0.150093
vn 0.957775 -0.242430 -0.154581
vn 0.957775 -0.242430 -0.154581
vn 0.957775 -0.242430 -0.154581
vn 0.957886 -0.241971 -0.154613
vn 0.957886 -0.241971 -0.154613
vn 0.957886 -0.241971 -0.154613
vn 0.957282 -0.241766 -0.158622
vn 0.957282 -0.241766 -0.158622
vn 0.957282 -0.241766 -0.158622
vn 0.862243 -0.212265 -0.459870
vn 0.862243 -0.212265 -0.459870
vn 0.862243 -0.212265 -0.459870
vn 0.957174 -0.242214 -0.158590
vn 0.957174 -0.242214 -0.158590
vn 0.957174 -0.242214 -0.158590
vn 0.956687 -0.241553 -0.162488
vn 0.956687 -0.241553 -0.162488
vn 0.956687 -0.241553 -0.162488
vn 0.001164 0.015120 -0.999885
vn 0.001164 0.015120 -0.999885
vn 0.001164 0.015120 -0.999885
vn 0.002219 0.008222 -0.999964
vn 0.002219 0.008222 -0.999964
vn 0.002219 0.008222 -0.999964
vn -0.003055 0.028771 -0.999581
vn -0.003055 0.028771 -0.999581
vn -0.003055 0.028771 -0.999581
vn -0.003046 0.028776 -0.999581
vn -0.003046 0.028776 -0.999581
vn -0.003046 0.028776 -0.999581
vn -0.002591 0.026096 -0.999656
vn -0.002591 0.026096 -0.999656
vn -0.002591 0.026096 -0.999656
vn -0.002248 0.026274 -0.999652
vn -0.002248 0.026274 -0.999652
vn -0.002248 0.026274 -0.999652
vn -0.001371 0.021087 -0.999777
vn -0.001371 0.021087 -0.999777
vn -0.001371 0.021087 -0.999777
vn 0.000514 0.014794 -0.999890
vn 0.000514 0.014794 -0.999890
vn 0.000514 0.014794 -0.999890
vn -0.000590 0.021495 -0.999769
vn -0.000590 0.021495 -0.999769
vn -0.000590 0.021495 -0.999769
vn 0.587180 -0.135752 -0.797992
vn 0.587180 -0.135752 -0.797992
vn 0.587180 -0.135752 -0.797992
vn 0.258395 -0.045134 -0.964984
vn 0.258395 -0.045134 -0.964984
vn 0.258395 -0.045134 -0.964984
vn 0.254225 -0.044865 -0.966104
vn 0.254225 -0.044865 -0.966104
vn 0.254225 -0.044865 -0.966104
vn 0.078646 0.004186 -0.996894
vn 0.078646 0.004186 -0.996894
vn 0.078646 0.004186 -0.996894
vn 0.078983 0.004204 -0.996867
vn 0.078983 0.004204 -0.996867
vn 0.078983 0.004204 -0.996867
vn 0.014658 0.023040 -0.999627
vn 0.014658 0.023040 -0.999627
vn 0.014658 0.023040 -0.999627
vn 0.014973 0.023115 -0.999621
vn 0.014973 0.023115 -0.999621
vn 0.014973 0.023115 -0.999621
vn 0.862226 -0.212383 -0.459849
vn 0.862226 -0.212383 -0.459849
vn 0.862226 -0.212383 -0.459849
vn 0.578789 -0.131959 -0.804730
vn 0.578789 -0.131959 -0.804730
vn 0.578789 -0.131959 -0.804730
vn 0.003019 0.002031 -0.999993
vn 0.003019 0.002031 -0.999993
vn 0.003019 0.002031 -0.999993
vn 0.002199 0.008241 -0.999964
vn 0.002199 0.008241 -0.999964
vn 0.002199 0.008241 -0.999964
vn 0.003169 -0.003354 -0.999989
vn 0.003169 -0.003354 -0.999989
vn 0.003169 -0.003354 -0.999989
vn 0.002562 0.002459 -0.999994
vn 0.002562 0.002459 -0.999994
vn 0.002562 0.002459 -0.999994
vn 0.001339 -0.018234 -0.999833
vn 0.001339 -0.018234 -0.999833
vn 0.001339 -0.018234 -0.999833
vn 0.001962 -0.018883 -0.999820
vn 0.001962 -0.018883 -0.999820
vn 0.001962 -0.018883 -0.999820
vn 0.002017 -0.016032 -0.999869
vn 0.002017 -0.016032 -0.999869
vn 0.002017 -0.016032 -0.999869
vn 0.002596 -0.016617 -0.999859
vn 0.002596 -0.016617 -0.999859
vn 0.002596 -0.016617 -0.999859
vn 0.002552 -0.012584 -0.999918
vn 0.002552 -0.012584 -0.999918
vn 0.002552 -0.012584 -0.999918
vn 0.003035 -0.013060 -0.999910
vn 0.003035 -0.013060 -0.999910
vn 0.003035 -0.013060 -0.999910
vn 0.002823 -0.008034 -0.999964
vn 0.002823 -0.008034 -0.999964
vn 0.002823 -0.008034 -0.999964
vn 0.003188 -0.008384 -0.999960
vn 0.003188 -0.008384 -0.999960
vn 0.003188 -0.008384 -0.999960
vn 0.002790 -0.002998 -0.999992
vn 0.002790 -0.002998 -0.999992
vn 0.002790 -0.002998 -0.999992
vn 0.968738 -0.247311 -0.019602
vn 0.968738 -0.247311 -0.019602
vn 0.968738 -0.247311 -0.019602
vn 0.968891 -0.246710 -0.019608
vn 0.968891 -0.246710 -0.019608
vn 0.968891 -0.246710 -0.019608
vn -0.006133 0.029381 0.999549
vn -0.006133 0.029381 0.999549
vn -0.006133 0.029381 0.999549
vn 0.967789 -0.251762 0.000000
vn 0.967789 -0.251762 0.000000
vn 0.967789 -0.251762 0.000000
vn 0.968879 -0.247534 0.000000
vn 0.968879 -0.247534 0.000000
vn 0.968879 -0.247534 0.000000
vn -0.005750 0.028581 0.999575
vn -0.005750 0.028581 0.999575
vn -0.005750 0.028581 0.999575
vn -0.005560 0.028476 0.999579
vn -0.005560 0.028476 0.999579
vn -0.005560 0.028476 0.999579
vn -0.005085 0.027559 0.999607
vn -0.005085 0.027559 0.999607
vn -0.005085 0.027559 0.999607
vn -0.005228 0.027639 0.999604
vn -0.005228 0.027639 0.999604
vn -0.005228 0.027639 0.999604
vn -0.004674 0.026700 0.999633
vn -0.004674 0.026700 0.999633
vn -0.004674 0.026700 0.999633
vn -0.003415 0.025980 0.999657
vn -0.003415 0.025980 0.999657
vn -0.003415 0.025980 0.999657
vn -0.002696 0.024969 0.999685
vn -0.002696 0.024969 0.999685
vn -0.002696 0.024969 0.999685
vn 0.014484 0.014889 0.999784
vn 0.014484 0.014889 0.999784
vn 0.014484 0.014889 0.999784
vn 0.016271 0.012838 0.999785
vn 0.016271 0.012838 0.999785
vn 0.016271 0.012838 0.999785
vn 0.084806 -0.028449 0.995991
vn 0.084806 -0.028449 0.995991
vn 0.084806 -0.028449 0.995991
vn 0.091339 -0.034662 0.995216
vn 0.091339 -0.034662 0.995216
vn 0.091339 -0.034662 0.995216
vn 0.293523 -0.159890 0.942486
vn 0.293523 -0.159890 0.942486
vn 0.293523 -0.159890 0.942486
vn 0.965287 -0.261190 0.000000
vn 0.967789 -0.251762 0.000000
vn 0.314162 -0.177400 0.932648
vn 0.314162 -0.177400 0.932648
vn 0.314162 -0.177400 0.932648
vn 0.635787 -0.383129 0.670065
vn 0.635787 -0.383129 0.670065
vn 0.635787 -0.383129 0.670065
vn 0.640766 -0.345084 0.685810
vn 0.640766 -0.345084 0.685810
vn 0.640766 -0.345084 0.685810
vn 0.827203 -0.455838 0.328552
vn 0.827203 -0.455838 0.328552
vn 0.827203 -0.455838 0.328552
vn 0.900178 -0.420744 0.112492
vn 0.900178 -0.420744 0.112492
vn 0.900178 -0.420744 0.112492
vn 0.851979 -0.394280 0.344493
vn 0.851979 -0.394280 0.344493
vn 0.851979 -0.394280 0.344493
vn 0.965287 -0.261190 0.000000
vn 0.960448 -0.278458 0.000000
vn 0.932899 -0.359796 0.015702
vn 0.932899 -0.359796 0.015702
vn 0.932899 -0.359796 0.015702
vn 0.926996 -0.356157 0.117604
vn 0.926996 -0.356157 0.117604
vn 0.926996 -0.356157 0.117604
vn 0.950808 -0.309357 0.016170
vn 0.950808 -0.309357 0.016170
vn 0.950808 -0.309357 0.016170
vn 0.950889 -0.309533 0.000000
vn 0.950889 -0.309533 0.000000
vn 0.950889 -0.309533 0.000000
vn 0.960448 -0.278458 0.000000
vn 0.968899 -0.246623 -0.020319
vn 0.968899 -0.246623 -0.020319
vn 0.968899 -0.246623 -0.020319
vn 0.968881 -0.246691 -0.020318
vn 0.968881 -0.246691 -0.020318
vn 0.968881 -0.246691 -0.020318
vn 0.968888 -0.246616 -0.020909
vn 0.968888 -0.246616 -0.020909
vn 0.968888 -0.246616 -0.020909
vn 0.968870 -0.246686 -0.020908
vn 0.968870 -0.246686 -0.020908
vn 0.968870 -0.246686 -0.020908
vn 0.968876 -0.246614 -0.021457
vn 0.968876 -0.246614 -0.021457
vn 0.968876 -0.246614 -0.021457
vn 0.968862 -0.246669 -0.021457
vn 0.968862 -0.246669 -0.021457
vn 0.968862 -0.246669 -0.021457
vn 0.968868 -0.246600 -0.021969
vn 0.968868 -0.246600 -0.021969
vn 0.968868 -0.246600 -0.021969
vn 0.956701 -0.241494 -0.162492
vn 0.956701 -0.241494 -0.162492
vn 0.956701 -0.241494 -0.162492
vn 0.860564 -0.211419 -0.463391
vn 0.860564 -0.211419 -0.463391
vn 0.860564 -0.211419 -0.463391
vn 0.956710 -0.241506 -0.162421
vn 0.956710 -0.241506 -0.162421
vn 0.956710 -0.241506 -0.162421
vn 0.968868 -0.246602 -0.021969
vn 0.968868 -0.246602 -0.021969
vn 0.968868 -0.246602 -0.021969
vn 0.033423 0.004718 -0.999430
vn 0.033423 0.004718 -0.999430
vn 0.033423 0.004718 -0.999430
vn 0.034556 -0.001583 -0.999402
vn 0.034556 -0.001583 -0.999402
vn 0.034556 -0.001583 -0.999402
vn 0.015753 0.018577 -0.999703
vn 0.015753 0.018577 -0.999703
vn 0.015753 0.018577 -0.999703
vn 0.018896 0.019391 -0.999633
vn 0.018896 0.019391 -0.999633
vn 0.018896 0.019391 -0.999633
vn 0.020477 0.010460 -0.999736
vn 0.020477 0.010460 -0.999736
vn 0.020477 0.010460 -0.999736
vn 0.027129 0.012277 -0.999557
vn 0.027129 0.012277 -0.999557
vn 0.027129 0.012277 -0.999557
vn 0.028753 0.003484 -0.999580
vn 0.028753 0.003484 -0.999580
vn 0.028753 0.003484 -0.999580
vn 0.578825 -0.132817 -0.804563
vn 0.578825 -0.132817 -0.804563
vn 0.578825 -0.132817 -0.804563
vn 0.255005 -0.049885 -0.965652
vn 0.255005 -0.049885 -0.965652
vn 0.255005 -0.049885 -0.965652
vn 0.254596 -0.049871 -0.965761
vn 0.254596 -0.049871 -0.965761
vn 0.254596 -0.049871 -0.965761
vn 0.080267 -0.003184 -0.996768
vn 0.080267 -0.003184 -0.996768
vn 0.080267 -0.003184 -0.996768
vn 0.088742 -0.002507 -0.996052
vn 0.088742 -0.002507 -0.996052
vn 0.088742 -0.002507 -0.996052
vn 0.861328 -0.206175 -0.464334
vn 0.861328 -0.206175 -0.464334
vn 0.861328 -0.206175 -0.464334
vn 0.570512 -0.129197 -0.811063
vn 0.570512 -0.129197 -0.811063
vn 0.570512 -0.129197 -0.811063
vn 0.033740 -0.006930 -0.999407
vn 0.033740 -0.006930 -0.999407
vn 0.033740 -0.006930 -0.999407
vn 0.032724 -0.000218 -0.999464
vn 0.032724 -0.000218 -0.999464
vn 0.032724 -0.000218 -0.999464
vn 0.029707 -0.011043 -0.999498
vn 0.029707 -0.011043 -0.999498
vn 0.029707 -0.011043 -0.999498
vn 0.028850 -0.003332 -0.999578
vn 0.028850 -0.003332 -0.999578
vn 0.028850 -0.003332 -0.999578
vn 0.021642 -0.023489 -0.999490
vn 0.021642 -0.023489 -0.999490
vn 0.021642 -0.023489 -0.999490
vn 0.023239 -0.024744 -0.999424
vn 0.023239 -0.024744 -0.999424
vn 0.023239 -0.024744 -0.999424
vn 0.023301 -0.021641 -0.999494
vn 0.023301 -0.021641 -0.999494
vn 0.023301 -0.021641 -0.999494
vn 0.024823 -0.022812 -0.999432
vn 0.024823 -0.022812 -0.999432
vn 0.024823 -0.022812 -0.999432
vn 0.026127 -0.019595 -0.999467
vn 0.026127 -0.019595 -0.999467
vn 0.026127 -0.019595 -0.999467
vn 0.024778 -0.018578 -0.999520
vn 0.024778 -0.018578 -0.999520
vn 0.024778 -0.018578 -0.999520
vn 0.025906 -0.014295 -0.999562
vn 0.025906 -0.014295 -0.999562
vn 0.025906 -0.014295 -0.999562
vn 0.027287 -0.015316 -0.999510
vn 0.027287 -0.015316 -0.999510
vn 0.027287 -0.015316 -0.999510
vn 0.026811 -0.008919 -0.999601
vn 0.026811 -0.008919 -0.999601
vn 0.026811 -0.008919 -0.999601
vn 0.969052 -0.246856 0.000000
vn 0.969052 -0.246856 0.000000
vn 0.969052 -0.246856 0.000000
vn 0.968879 -0.247534 0.000000
vn -0.005921 0.029430 0.999549
vn -0.005921 0.029430 0.999549
vn -0.005921 0.029430 0.999549
vn 0.967789 -0.251762 0.000000
vn 0.968879 -0.247534 0.000000
vn -0.005291 0.028678 0.999575
vn -0.005291 0.028678 0.999575
vn -0.005291 0.028678 0.999575
vn -0.005651 0.028866 0.999567
vn -0.005651 0.028866 0.999567
vn -0.005651 0.028866 0.999567
vn -0.004901 0.027997 0.999596
vn -0.004901 0.027997 0.999596
vn -0.004901 0.027997 0.999596
vn -0.004952 0.028023 0.999595
vn -0.004952 0.028023 0.999595
vn -0.004952 0.028023 0.999595
vn -0.002972 0.026523 0.999644
vn -0.002972 0.026523 0.999644
vn -0.002972 0.026523 0.999644
vn -0.004505 0.027329 0.999616
vn -0.004505 0.027329 0.999616
vn -0.004505 0.027329 0.999616
vn 0.015659 0.016158 0.999747
vn 0.015659 0.016158 0.999747
vn 0.015659 0.016158 0.999747
vn -0.002454 0.025807 0.999664
vn -0.002454 0.025807 0.999664
vn -0.002454 0.025807 0.999664
vn 0.089418 -0.024586 0.995691
vn 0.089418 -0.024586 0.995691
vn 0.089418 -0.024586 0.995691
vn 0.016998 0.014673 0.999748
vn 0.016998 0.014673 0.999748
vn 0.016998 0.014673 0.999748
vn 0.310089 -0.148619 0.939019
vn 0.310089 -0.148619 0.939019
vn 0.310089 -0.148619 0.939019
vn 0.094400 -0.029062 0.995110
vn 0.094400 -0.029062 0.995110
vn 0.094400 -0.029062 0.995110
vn 0.965287 -0.261191 0.000004
vn 0.965287 -0.261191 0.000004
vn 0.965287 -0.261191 0.000004
vn 0.967789 -0.251762 0.000004
vn 0.967789 -0.251762 0.000004
vn 0.967789 -0.251762 0.000004
vn 0.657901 -0.350781 0.666423
vn 0.657901 -0.350781 0.666423
vn 0.657901 -0.350781 0.666423
vn 0.325881 -0.161057 0.931591
vn 0.325881 -0.161057 0.931591
vn 0.325881 -0.161057 0.931591
vn 0.855358 -0.394546 0.335702
vn 0.855358 -0.394546 0.335702
vn 0.855358 -0.394546 0.335702
vn 0.664756 -0.298170 0.684978
vn 0.664756 -0.298170 0.684978
vn 0.664756 -0.298170 0.684978
vn 0.927074 -0.356117 0.117112
vn 0.927074 -0.356117 0.117112
vn 0.927074 -0.356117 0.117112
vn 0.876182 -0.332399 0.349022
vn 0.876182 -0.332399 0.349022
vn 0.876182 -0.332399 0.349022
vn 0.960448 -0.278458 0.000000
vn 0.965287 -0.261191 0.000000
vn 0.965287 -0.261191 0.000000
vn 0.965287 -0.261191 0.000000
vn 0.944407 -0.305877 0.120558
vn 0.944407 -0.305877 0.120558
vn 0.944407 -0.305877 0.120558
vn 0.950791 -0.309394 0.016491
vn 0.950791 -0.309394 0.016491
vn 0.950791 -0.309394 0.016491
vn 0.960356 -0.278274 0.016759
vn 0.960356 -0.278274 0.016759
vn 0.960356 -0.278274 0.016759
vn 0.968868 -0.246600 -0.021985
vn 0.968868 -0.246600 -0.021985
vn 0.968868 -0.246600 -0.021985
vn 0.969052 -0.246857 0.000000
vn 0.969052 -0.246857 0.000000
vn 0.969052 -0.246857 0.000000
vn 0.969052 -0.246856 0.000000
vn 0.969050 -0.246863 0.000000
vn 0.969050 -0.246863 0.000000
vn 0.969050 -0.246863 0.000000
vn 0.969052 -0.246857 0.000000
vn 0.969050 -0.246863 0.000000
vn 0.969052 -0.246856 0.000000
vn 0.969052 -0.246856 0.000000
vn 0.969052 -0.246856 0.000000
vn 0.969052 -0.246856 0.000000
vn 0.969052 -0.246857 0.000000
vn 0.969052 -0.246857 0.000000
vn 0.969052 -0.246857 0.000000
vn 0.969052 -0.246857 0.000000
vn 0.957411 -0.238568 -0.162635
vn 0.957411 -0.238568 -0.162635
vn 0.957411 -0.238568 -0.162635
vn 0.873200 -0.212952 -0.438376
vn 0.873200 -0.212952 -0.438376
vn 0.873200 -0.212952 -0.438376
vn 0.968974 -0.246182 -0.021989
vn 0.968974 -0.246182 -0.021989
vn 0.968974 -0.246182 -0.021989
vn 0.959832 -0.242189 -0.141659
vn 0.959832 -0.242189 -0.141659
vn 0.959832 -0.242189 -0.141659
vn 0.137090 -0.027559 -0.990175
vn 0.137090 -0.027559 -0.990175
vn 0.137090 -0.027559 -0.990175
vn 0.138066 -0.031282 -0.989929
vn 0.138066 -0.031282 -0.989929
vn 0.138066 -0.031282 -0.989929
vn 0.091791 -0.018166 -0.995613
vn 0.091791 -0.018166 -0.995613
vn 0.091791 -0.018166 -0.995613
vn 0.112606 -0.015676 -0.993516
vn 0.112606 -0.015676 -0.993516
vn 0.112606 -0.015676 -0.993516
vn 0.116084 -0.030342 -0.992776
vn 0.116084 -0.030342 -0.992776
vn 0.116084 -0.030342 -0.992776
vn 0.570536 -0.129543 -0.810992
vn 0.570536 -0.129543 -0.810992
vn 0.570536 -0.129543 -0.810992
vn 0.257082 -0.063055 -0.964330
vn 0.257082 -0.063055 -0.964330
vn 0.257082 -0.063055 -0.964330
vn 0.270288 -0.062689 -0.960736
vn 0.270288 -0.062689 -0.960736
vn 0.270288 -0.062689 -0.960736
vn 0.561824 -0.126187 -0.817576
vn 0.561824 -0.126187 -0.817576
vn 0.561824 -0.126187 -0.817576
vn 0.875387 -0.198119 -0.440960
vn 0.875387 -0.198119 -0.440960
vn 0.875387 -0.198119 -0.440960
vn 0.131057 -0.033628 -0.990804
vn 0.131057 -0.033628 -0.990804
vn 0.131057 -0.033628 -0.990804
vn 0.129534 -0.026082 -0.991232
vn 0.129534 -0.026082 -0.991232
vn 0.129534 -0.026082 -0.991232
vn 0.118755 -0.035729 -0.992281
vn 0.118755 -0.035729 -0.992281
vn 0.118755 -0.035729 -0.992281
vn 0.117480 -0.025564 -0.992746
vn 0.117480 -0.025564 -0.992746
vn 0.117480 -0.025564 -0.992746
vn 0.093272 -0.042481 -0.994734
vn 0.093272 -0.042481 -0.994734
vn 0.093272 -0.042481 -0.994734
vn 0.098277 -0.045483 -0.994119
vn 0.098277 -0.045483 -0.994119
vn 0.098277 -0.045483 -0.994119
vn 0.098365 -0.041734 -0.994275
vn 0.098365 -0.041734 -0.994275
vn 0.098365 -0.041734 -0.994275
vn 0.103160 -0.044570 -0.993666
vn 0.103160 -0.044570 -0.993666
vn 0.103160 -0.044570 -0.993666
vn 0.103128 -0.039810 -0.993871
vn 0.103128 -0.039810 -0.993871
vn 0.103128 -0.039810 -0.993871
vn 0.107461 -0.042337 -0.993307
vn 0.107461 -0.042337 -0.993307
vn 0.107461 -0.042337 -0.993307
vn 0.107240 -0.036476 -0.993564
vn 0.107240 -0.036476 -0.993564
vn 0.107240 -0.036476 -0.993564
vn 0.111591 -0.038987 -0.992989
vn 0.111591 -0.038987 -0.992989
vn 0.111591 -0.038987 -0.992989
vn 0.111030 -0.031250 -0.993326
vn 0.111030 -0.031250 -0.993326
vn 0.111030 -0.031250 -0.993326
vn 0.968879 -0.247534 0.000000
vn 0.969052 -0.246856 0.000000
vn -0.005783 0.029540 0.999547
vn -0.005783 0.029540 0.999547
vn -0.005783 0.029540 0.999547
vn 0.968879 -0.247534 0.000000
vn 0.967789 -0.251761 0.000000
vn 0.967789 -0.251761 0.000000
vn 0.967789 -0.251761 0.000000
vn -0.005621 0.029213 0.999557
vn -0.005621 0.029213 0.999557
vn -0.005621 0.029213 0.999557
vn -0.005118 0.028966 0.999567
vn -0.005118 0.028966 0.999567
vn -0.005118 0.028966 0.999567
vn -0.004912 0.028583 0.999579
vn -0.004912 0.028583 0.999579
vn -0.004912 0.028583 0.999579
vn -0.004694 0.028480 0.999583
vn -0.004694 0.028480 0.999583
vn -0.004694 0.028480 0.999583
vn -0.004455 0.028094 0.999595
vn -0.004455 0.028094 0.999595
vn -0.004455 0.028094 0.999595
vn -0.002694 0.027265 0.999625
vn -0.002694 0.027265 0.999625
vn -0.002694 0.027265 0.999625
vn -0.002383 0.026859 0.999636
vn -0.002383 0.026859 0.999636
vn -0.002383 0.026859 0.999636
vn 0.016427 0.018063 0.999702
vn 0.016427 0.018063 0.999702
vn 0.016427 0.018063 0.999702
vn 0.017249 0.017216 0.999703
vn 0.017249 0.017216 0.999703
vn 0.017249 0.017216 0.999703
vn 0.092518 -0.018024 0.995548
vn 0.092518 -0.018024 0.995548
vn 0.092518 -0.018024 0.995548
vn 0.095463 -0.020423 0.995223
vn 0.095463 -0.020423 0.995223
vn 0.095463 -0.020423 0.995223
vn 0.321908 -0.127642 0.938127
vn 0.321908 -0.127642 0.938127
vn 0.321908 -0.127642 0.938127
vn 0.965287 -0.261191 0.000000
vn 0.967789 -0.251761 0.000000
vn 0.674355 -0.300603 0.674450
vn 0.674355 -0.300603 0.674450
vn 0.674355 -0.300603 0.674450
vn 0.330687 -0.133775 0.934211
vn 0.330687 -0.133775 0.934211
vn 0.330687 -0.133775 0.934211
vn 0.876778 -0.332423 0.347500
vn 0.876778 -0.332423 0.347500
vn 0.876778 -0.332423 0.347500
vn 0.679849 -0.248899 0.689822
vn 0.679849 -0.248899 0.689822
vn 0.679849 -0.248899 0.689822
vn 0.944130 -0.306008 0.122381
vn 0.944130 -0.306008 0.122381
vn 0.944130 -0.306008 0.122381
vn 0.890064 -0.284120 0.356457
vn 0.890064 -0.284120 0.356457
vn 0.890064 -0.284120 0.356457
vn 0.965182 -0.260997 0.017417
vn 0.965182 -0.260997 0.017417
vn 0.965182 -0.260997 0.017417
vn 0.960332 -0.278324 0.017271
vn 0.960332 -0.278324 0.017271
vn 0.960332 -0.278324 0.017271
vn 0.953422 -0.274815 0.124353
vn 0.953422 -0.274815 0.124353
vn 0.953422 -0.274815 0.124353
vn 0.968924 -0.246644 -0.018782
vn 0.968924 -0.246644 -0.018782
vn 0.968924 -0.246644 -0.018782
vn 0.969052 -0.246856 0.000000
vn 0.969052 -0.246856 0.000000
vn 0.969052 -0.246856 0.000000
vn 0.969052 -0.246856 0.000000
vn 0.969052 -0.246857 0.000007
vn 0.969052 -0.246857 0.000007
vn 0.969052 -0.246857 0.000007
vn 0.969052 -0.246857 0.000007
vn 0.969052 -0.246857 0.000007
vn 0.969052 -0.246857 0.000007
vn 0.969052 -0.246856 0.000000
vn 0.969052 -0.246856 0.000000
vn 0.969052 -0.246856 0.000000
vn 0.969050 -0.246863 0.000000
vn 0.969052 -0.246856 0.000000
vn 0.969050 -0.246863 0.000000
vn 0.969052 -0.246857 0.000000
vn 0.969052 -0.246856 0.000000
vn 0.969052 -0.246856 0.000000
vn 0.969052 -0.246857 0.000000
vn 0.969052 -0.246856 0.000000
vn 0.969200 -0.245559 -0.018791
vn 0.969200 -0.245559 -0.018791
vn 0.969200 -0.245559 -0.018791
vn 0.966131 -0.243900 -0.084289
vn 0.966131 -0.243900 -0.084289
vn 0.966131 -0.243900 -0.084289
vn 0.916354 -0.221202 -0.333713
vn 0.916354 -0.221202 -0.333713
vn 0.916354 -0.221202 -0.333713
vn 0.961633 -0.234644 -0.142139
vn 0.961633 -0.234644 -0.142139
vn 0.961633 -0.234644 -0.142139
vn 0.921041 -0.194052 -0.337680
vn 0.921041 -0.194052 -0.337680
vn 0.921041 -0.194052 -0.337680
vn 0.347022 -0.092393 -0.933295
vn 0.347022 -0.092393 -0.933295
vn 0.347022 -0.092393 -0.933295
vn 0.345447 -0.088886 -0.934219
vn 0.345447 -0.088886 -0.934219
vn 0.345447 -0.088886 -0.934219
vn 0.281984 -0.105026 -0.953653
vn 0.281984 -0.105026 -0.953653
vn 0.281984 -0.105026 -0.953653
vn 0.561057 -0.120520 -0.818957
vn 0.561057 -0.120520 -0.818957
vn 0.561057 -0.120520 -0.818957
vn 0.979318 -0.202325 0.000000
vn 0.979318 -0.202325 0.000000
vn 0.979318 -0.202325 0.000000
vn 0.343013 -0.094745 -0.934540
vn 0.343013 -0.094745 -0.934540
vn 0.343013 -0.094745 -0.934540
vn 0.341786 -0.089234 -0.935532
vn 0.341786 -0.089234 -0.935532
vn 0.341786 -0.089234 -0.935532
vn 0.287465 -0.093922 -0.953175
vn 0.287465 -0.093922 -0.953175
vn 0.287465 -0.093922 -0.953175
vn 0.300473 -0.100222 -0.948510
vn 0.300473 -0.100222 -0.948510
vn 0.300473 -0.100222 -0.948510
vn 0.339807 -0.097935 -0.935382
vn 0.339807 -0.097935 -0.935382
vn 0.339807 -0.097935 -0.935382
vn 0.339301 -0.092830 -0.936086
vn 0.339301 -0.092830 -0.936086
vn 0.339301 -0.092830 -0.936086
vn 0.300688 -0.095693 -0.948910
vn 0.300688 -0.095693 -0.948910
vn 0.300688 -0.095693 -0.948910
vn 0.312993 -0.101619 -0.944304
vn 0.312993 -0.101619 -0.944304
vn 0.312993 -0.101619 -0.944304
vn 0.313105 -0.096337 -0.944820
vn 0.313105 -0.096337 -0.944820
vn 0.313105 -0.096337 -0.944820
vn 0.324138 -0.101626 -0.940535
vn 0.324138 -0.101626 -0.940535
vn 0.324138 -0.101626 -0.940535
vn 0.324104 -0.095828 -0.941155
vn 0.324104 -0.095828 -0.941155
vn 0.324104 -0.095828 -0.941155
vn 0.333287 -0.100228 -0.937483
vn 0.333287 -0.100228 -0.937483
vn 0.333287 -0.100228 -0.937483
vn 0.333071 -0.094639 -0.938140
vn 0.333071 -0.094639 -0.938140
vn 0.333071 -0.094639 -0.938140
vn 0.969052 -0.246857 0.000000
vn 0.969052 -0.246857 0.000000
vn 0.969052 -0.246857 0.000000
vn 0.968879 -0.247534 0.000000
vn -0.005707 0.029657 0.999544
vn -0.005707 0.029657 0.999544
vn -0.005707 0.029657 0.999544
vn 0.967789 -0.251761 0.000000
vn 0.968879 -0.247534 0.000000
vn -0.005024 0.029236 0.999560
vn -0.005024 0.029236 0.999560
vn -0.005024 0.029236 0.999560
vn -0.005633 0.029519 0.999548
vn -0.005633 0.029519 0.999548
vn -0.005633 0.029519 0.999548
vn -0.004586 0.028920 0.999571
vn -0.004586 0.028920 0.999571
vn -0.004586 0.028920 0.999571
vn -0.004927 0.029070 0.999565
vn -0.004927 0.029070 0.999565
vn -0.004927 0.029070 0.999565
vn -0.002553 0.027945 0.999606
vn -0.002553 0.027945 0.999606
vn -0.002553 0.027945 0.999606
vn -0.004473 0.028754 0.999577
vn -0.004473 0.028754 0.999577
vn -0.004473 0.028754 0.999577
vn 0.016819 0.019913 0.999660
vn 0.016819 0.019913 0.999660
vn 0.016819 0.019913 0.999660
vn -0.002409 0.027774 0.999611
vn -0.002409 0.027774 0.999611
vn -0.002409 0.027774 0.999611
vn 0.017188 0.019573 0.999661
vn 0.017188 0.019573 0.999661
vn 0.017188 0.019573 0.999661
vn 0.093996 -0.011237 0.995509
vn 0.093996 -0.011237 0.995509
vn 0.093996 -0.011237 0.995509
vn 0.094993 -0.011951 0.995406
vn 0.094993 -0.011951 0.995406
vn 0.094993 -0.011951 0.995406
vn 0.327452 -0.104885 0.939028
vn 0.327452 -0.104885 0.939028
vn 0.327452 -0.104885 0.939028
vn 0.967671 -0.251556 0.018238
vn 0.967671 -0.251556 0.018238
vn 0.967671 -0.251556 0.018238
vn 0.965151 -0.261063 0.018157
vn 0.965151 -0.261063 0.018157
vn 0.965151 -0.261063 0.018157
vn 0.681442 -0.249214 0.688134
vn 0.681442 -0.249214 0.688134
vn 0.681442 -0.249214 0.688134
vn 0.329300 -0.105999 0.938257
vn 0.329300 -0.105999 0.938257
vn 0.329300 -0.105999 0.938257
vn 0.888107 -0.284046 0.361364
vn 0.888107 -0.284046 0.361364
vn 0.888107 -0.284046 0.361364
vn 0.684420 -0.209749 0.698266
vn 0.684420 -0.209749 0.698266
vn 0.684420 -0.209749 0.698266
vn 0.895123 -0.253828 0.366505
vn 0.895123 -0.253828 0.366505
vn 0.895123 -0.253828 0.366505
vn 0.952873 -0.275029 0.128028
vn 0.952873 -0.275029 0.128028
vn 0.952873 -0.275029 0.128028
vn 0.957627 -0.257453 0.129109
vn 0.957627 -0.257453 0.129109
vn 0.957627 -0.257453 0.129109
vn 0.969021 -0.246747 -0.010682
vn 0.969021 -0.246747 -0.010682
vn 0.969021 -0.246747 -0.010682
vn 0.969052 -0.246857 0.000000
vn 0.969052 -0.246857 0.000000
vn 0.969052 -0.246857 0.000000
vn 0.969052 -0.246857 0.000000
vn 0.969052 -0.246857 0.000000
vn 0.969052 -0.246856 -0.000007
vn 0.969052 -0.246856 -0.000007
vn 0.969052 -0.246856 -0.000007
vn 0.969052 -0.246856 -0.000007
vn 0.969052 -0.246856 -0.000007
vn 0.969052 -0.246856 -0.000007
vn 0.969052 -0.246857 0.000000
vn 0.969052 -0.246857 0.000000
vn 0.969052 -0.246857 0.000000
vn 0.969052 -0.246857 0.000000
vn 0.969050 -0.246863 0.000000
vn 0.969050 -0.246863 0.000000
vn 0.969052 -0.246856 0.000000
vn 0.969055 -0.246845 -0.000099
vn 0.969055 -0.246845 -0.000099
vn 0.969055 -0.246845 -0.000099
vn 0.969052 -0.246857 -0.000099
vn 0.969052 -0.246857 -0.000099
vn 0.969052 -0.246857 -0.000099
vn 0.969049 -0.246869 0.000000
vn 0.969049 -0.246869 0.000000
vn 0.969049 -0.246869 0.000000
vn 0.969052 -0.246856 0.000000
vn 0.969052 -0.246856 0.000000
vn 0.969052 -0.246857 0.000000
vn 0.969052 -0.246857 0.000000
vn 0.969394 -0.245278 -0.010689
vn 0.969394 -0.245278 -0.010689
vn 0.969394 -0.245278 -0.010689
vn 0.969416 -0.245425 0.000000
vn 0.969416 -0.245425 0.000000
vn 0.969416 -0.245425 0.000000
vn 0.968613 -0.233707 -0.084676
vn 0.968613 -0.233707 -0.084676
vn 0.968613 -0.233707 -0.084676
vn 0.971915 -0.235331 0.000000
vn 0.971915 -0.235331 0.000000
vn 0.971915 -0.235331 0.000000
vn 0.971915 -0.235331 0.000000
vn 0.954142 -0.299353 0.000000
vn 0.954142 -0.299353 0.000000
vn 0.954142 -0.299353 0.000000
vn 0.954142 -0.299353 0.000000
vn 0.727018 -0.254568 -0.637683
vn 0.727018 -0.254568 -0.637683
vn 0.727018 -0.254568 -0.637683
vn 0.729600 -0.212696 -0.649957
vn 0.729600 -0.212696 -0.649957
vn 0.729600 -0.212696 -0.649957
vn 0.694303 -0.208290 -0.688882
vn 0.694303 -0.208290 -0.688882
vn 0.694303 -0.208290 -0.688882
vn 0.621490 -0.184252 -0.761447
vn 0.621490 -0.184252 -0.761447
vn 0.621490 -0.184252 -0.761447
vn 0.639324 -0.185652 -0.746189
vn 0.639324 -0.185652 -0.746189
vn 0.639324 -0.185652 -0.746189
vn 0.639078 -0.187471 -0.745945
vn 0.639078 -0.187471 -0.745945
vn 0.639078 -0.187471 -0.745945
vn 0.695120 -0.197487 -0.691236
vn 0.695120 -0.197487 -0.691236
vn 0.695120 -0.197487 -0.691236
vn 0.679993 -0.196127 -0.706501
vn 0.679993 -0.196127 -0.706501
vn 0.679993 -0.196127 -0.706501
vn 0.655070 -0.188673 -0.731632
vn 0.655070 -0.188673 -0.731632
vn 0.655070 -0.188673 -0.731632
vn 0.654960 -0.189576 -0.731497
vn 0.654960 -0.189576 -0.731497
vn 0.654960 -0.189576 -0.731497
vn 0.668598 -0.190575 -0.718790
vn 0.668598 -0.190575 -0.718790
vn 0.668598 -0.190575 -0.718790
vn 0.668523 -0.191264 -0.718676
vn 0.668523 -0.191264 -0.718676
vn 0.668523 -0.191264 -0.718676
vn 0.680371 -0.192156 -0.707228
vn 0.680371 -0.192156 -0.707228
vn 0.680371 -0.192156 -0.707228
vn 0.968879 -0.247534 0.000000
vn 0.969052 -0.246856 0.000000
vn 0.969052 -0.246856 0.000000
vn 0.969052 -0.246856 0.000000
vn -0.005678 0.029753 0.999541
vn -0.005678 0.029753 0.999541
vn -0.005678 0.029753 0.999541
vn 0.967642 -0.251615 0.018925
vn 0.967642 -0.251615 0.018925
vn 0.967642 -0.251615 0.018925
vn 0.968748 -0.247320 0.018962
vn 0.968748 -0.247320 0.018962
vn 0.968748 -0.247320 0.018962
vn -0.005669 0.029738 0.999542
vn -0.005669 0.029738 0.999542
vn -0.005669 0.029738 0.999542
vn -0.004989 0.029435 0.999554
vn -0.004989 0.029435 0.999554
vn -0.004989 0.029435 0.999554
vn -0.004971 0.029408 0.999555
vn -0.004971 0.029408 0.999555
vn -0.004971 0.029408 0.999555
vn -0.004547 0.029233 0.999562
vn -0.004547 0.029233 0.999562
vn -0.004547 0.029233 0.999562
vn -0.004526 0.029205 0.999563
vn -0.004526 0.029205 0.999563
vn -0.004526 0.029205 0.999563
vn -0.002509 0.028427 0.999593
vn -0.002509 0.028427 0.999593
vn -0.002509 0.028427 0.999593
vn -0.002480 0.028397 0.999594
vn -0.002480 0.028397 0.999594
vn -0.002480 0.028397 0.999594
vn 0.016920 0.021294 0.999630
vn 0.016920 0.021294 0.999630
vn 0.016920 0.021294 0.999630
vn 0.016954 0.021267 0.999630
vn 0.016954 0.021267 0.999630
vn 0.016954 0.021267 0.999630
vn 0.094049 -0.005905 0.995550
vn 0.094049 -0.005905 0.995550
vn 0.094049 -0.005905 0.995550
vn 0.093506 -0.005565 0.995603
vn 0.093506 -0.005565 0.995603
vn 0.093506 -0.005565 0.995603
vn 0.327056 -0.086466 0.941041
vn 0.327056 -0.086466 0.941041
vn 0.327056 -0.086466 0.941041
vn 0.956919 -0.257690 0.133798
vn 0.956919 -0.257690 0.133798
vn 0.956919 -0.257690 0.133798
vn 0.959434 -0.247834 0.134407
vn 0.959434 -0.247834 0.134407
vn 0.959434 -0.247834 0.134407
vn 0.679012 -0.208828 0.703799
vn 0.679012 -0.208828 0.703799
vn 0.679012 -0.208828 0.703799
vn 0.323148 -0.084424 0.942575
vn 0.323148 -0.084424 0.942575
vn 0.323148 -0.084424 0.942575
vn 0.680201 -0.184190 0.709508
vn 0.680201 -0.184190 0.709508
vn 0.680201 -0.184190 0.709508
vn 0.891258 -0.253615 0.375951
vn 0.891258 -0.253615 0.375951
vn 0.891258 -0.253615 0.375951
vn 0.894816 -0.236256 0.378797
vn 0.894816 -0.236256 0.378797
vn 0.894816 -0.236256 0.378797
vn 0.969052 -0.246857 0.000000
vn 0.969052 -0.246857 0.000000
vn 0.969052 -0.246857 0.000000
vn 0.969052 -0.246857 0.000000
vn 0.969052 -0.246857 0.000000
vn 0.969052 -0.246857 0.000000
vn 0.969052 -0.246856 0.000000
vn 0.969052 -0.246857 0.000000
vn 0.969052 -0.246857 0.000000
vn 0.969050 -0.246863 0.000000
vn 0.969052 -0.246857 0.000000
vn 0.969055 -0.246844 0.000000
vn 0.969055 -0.246844 0.000000
vn 0.969055 -0.246844 0.000000
vn 0.969050 -0.246863 0.000000
vn 0.969049 -0.246869 0.000099
vn 0.969049 -0.246869 0.000099
vn 0.969049 -0.246869 0.000099
vn 0.969052 -0.246855 0.000099
vn 0.969052 -0.246855 0.000099
vn 0.969052 -0.246855 0.000099
vn 0.969052 -0.246856 0.000000
vn 0.969052 -0.246857 0.000000
vn 0.969052 -0.246857 0.000000
vn 0.969052 -0.246857 0.000000
vn 0.969052 -0.246857 0.000000
vn 0.969052 -0.246856 0.000000
vn 0.969052 -0.246857 0.000000
vn 0.931708 -0.288845 -0.220200
vn 0.931708 -0.288845 -0.220200
vn 0.931708 -0.288845 -0.220200
vn 0.961569 -0.274562 0.000000
vn 0.961569 -0.274562 0.000000
vn 0.961569 -0.274562 0.000000
vn 0.961569 -0.274562 0.000000
vn 0.961569 -0.274562 0.000000
vn 0.907342 -0.268858 -0.323182
vn 0.907342 -0.268858 -0.323182
vn 0.907342 -0.268858 -0.323182
vn 0.938212 -0.264908 -0.222668
vn 0.938212 -0.264908 -0.222668
vn 0.938212 -0.264908 -0.222668
vn 0.896272 -0.255310 -0.362648
vn 0.896272 -0.255310 -0.362648
vn 0.896272 -0.255310 -0.362648
vn 0.910945 -0.253961 -0.325090
vn 0.910945 -0.253961 -0.325090
vn 0.910945 -0.253961 -0.325090
vn 0.864875 -0.244776 -0.438265
vn 0.864875 -0.244776 -0.438265
vn 0.864875 -0.244776 -0.438265
vn 0.873109 -0.246500 -0.420617
vn 0.873109 -0.246500 -0.420617
vn 0.873109 -0.246500 -0.420617
vn 0.873591 -0.244476 -0.420798
vn 0.873591 -0.244476 -0.420798
vn 0.873591 -0.244476 -0.420798
vn 0.873591 -0.244476 -0.420798
vn 0.873591 -0.244476 -0.420798
vn 0.880472 -0.247698 -0.404247
vn 0.880472 -0.247698 -0.404247
vn 0.880472 -0.247698 -0.404247
vn 0.880847 -0.246101 -0.404404
vn 0.880847 -0.246101 -0.404404
vn 0.880847 -0.246101 -0.404404
vn 0.891828 -0.249487 -0.377359
vn 0.891828 -0.249487 -0.377359
vn 0.891828 -0.249487 -0.377359
vn 0.897730 -0.248978 -0.363443
vn 0.897730 -0.248978 -0.363443
vn 0.897730 -0.248978 -0.363443
vn 0.887049 -0.247259 -0.389881
vn 0.887049 -0.247259 -0.389881
vn 0.887049 -0.247259 -0.389881
vn 0.886790 -0.248372 -0.389762
vn 0.886790 -0.248372 -0.389762
vn 0.886790 -0.248372 -0.389762
vn 0.892181 -0.247948 -0.377538
vn 0.892181 -0.247948 -0.377538
vn 0.892181 -0.247948 -0.377538
vn 0.968722 -0.247375 0.019602
vn 0.968722 -0.247375 0.019602
vn 0.968722 -0.247375 0.019602
vn 0.968911 -0.246633 0.019608
vn 0.968911 -0.246633 0.019608
vn 0.968911 -0.246633 0.019608
vn -0.005685 0.029824 0.999539
vn -0.005685 0.029824 0.999539
vn -0.005685 0.029824 0.999539
vn 0.959780 -0.243372 0.139973
vn 0.959780 -0.243372 0.139973
vn 0.959780 -0.243372 0.139973
vn 0.958617 -0.248083 0.139675
vn 0.958617 -0.248083 0.139675
vn 0.958617 -0.248083 0.139675
vn -0.004998 0.029563 0.999550
vn -0.004998 0.029563 0.999550
vn -0.004998 0.029563 0.999550
vn -0.005718 0.029875 0.999537
vn -0.005718 0.029875 0.999537
vn -0.005718 0.029875 0.999537
vn -0.004559 0.029422 0.999557
vn -0.004559 0.029422 0.999557
vn -0.004559 0.029422 0.999557
vn -0.005031 0.029609 0.999549
vn -0.005031 0.029609 0.999549
vn -0.005031 0.029609 0.999549
vn -0.004593 0.029462 0.999555
vn -0.004593 0.029462 0.999555
vn -0.004593 0.029462 0.999555
vn -0.002529 0.028711 0.999585
vn -0.002529 0.028711 0.999585
vn -0.002529 0.028711 0.999585
vn -0.002564 0.028744 0.999584
vn -0.002564 0.028744 0.999584
vn -0.002564 0.028744 0.999584
vn 0.016816 0.022154 0.999613
vn 0.016816 0.022154 0.999613
vn 0.016816 0.022154 0.999613
vn 0.016640 0.022281 0.999613
vn 0.016640 0.022281 0.999613
vn 0.016640 0.022281 0.999613
vn 0.093008 -0.002387 0.995663
vn 0.093008 -0.002387 0.995663
vn 0.093008 -0.002387 0.995663
vn 0.091469 -0.001523 0.995807
vn 0.091469 -0.001523 0.995807
vn 0.091469 -0.001523 0.995807
vn 0.321876 -0.073947 0.943890
vn 0.321876 -0.073947 0.943890
vn 0.321876 -0.073947 0.943890
vn 0.889732 -0.235919 0.390793
vn 0.889732 -0.235919 0.390793
vn 0.889732 -0.235919 0.390793
vn 0.891621 -0.225848 0.392433
vn 0.891621 -0.225848 0.392433
vn 0.891621 -0.225848 0.392433
vn 0.314207 -0.070360 0.946744
vn 0.314207 -0.070360 0.946744
vn 0.314207 -0.070360 0.946744
vn 0.669929 -0.182524 0.719639
vn 0.669929 -0.182524 0.719639
vn 0.669929 -0.182524 0.719639
vn 0.670327 -0.168167 0.722759
vn 0.670327 -0.168167 0.722759
vn 0.670327 -0.168167 0.722759
vn 0.959896 -0.273832 -0.060129
vn 0.959896 -0.273832 -0.060129
vn 0.959896 -0.273832 -0.060129
vn 0.963848 -0.266451 0.000000
vn 0.963848 -0.266451 0.000000
vn 0.963848 -0.266451 0.000000
vn 0.963848 -0.266451 0.000000
vn 0.964170 -0.265286 0.000000
vn 0.964170 -0.265286 0.000000
vn 0.964170 -0.265286 0.000000
vn 0.964170 -0.265286 0.000000
vn 0.963819 -0.266439 -0.007899
vn 0.963819 -0.266439 -0.007899
vn 0.963819 -0.266439 -0.007899
vn 0.968880 -0.246697 0.020318
vn 0.968880 -0.246697 0.020318
vn 0.968880 -0.246697 0.020318
vn 0.968898 -0.246624 0.020319
vn 0.968898 -0.246624 0.020319
vn 0.968898 -0.246624 0.020319
vn 0.964170 -0.265286 0.000000
vn 0.964170 -0.265286 0.000000
vn 0.969052 -0.246857 0.000000
vn 0.969052 -0.246857 0.000000
vn 0.968872 -0.246680 0.020908
vn 0.968872 -0.246680 0.020908
vn 0.968872 -0.246680 0.020908
vn 0.968886 -0.246621 0.020909
vn 0.968886 -0.246621 0.020909
vn 0.968886 -0.246621 0.020909
vn 0.968861 -0.246676 0.021457
vn 0.968861 -0.246676 0.021457
vn 0.968861 -0.246676 0.021457
vn 0.968878 -0.246607 0.021457
vn 0.968878 -0.246607 0.021457
vn 0.968878 -0.246607 0.021457
vn 0.968853 -0.246660 0.021969
vn 0.968853 -0.246660 0.021969
vn 0.968853 -0.246660 0.021969
vn 0.968868 -0.246600 0.021969
vn 0.968868 -0.246600 0.021969
vn 0.968868 -0.246600 0.021969
vn 0.968867 -0.246602 0.021985
vn 0.968867 -0.246602 0.021985
vn 0.968867 -0.246602 0.021985
vn 0.968868 -0.246599 0.021985
vn 0.968868 -0.246599 0.021985
vn 0.968868 -0.246599 0.021985
vn 0.969021 -0.246747 0.010682
vn 0.969021 -0.246747 0.010682
vn 0.969021 -0.246747 0.010682
vn 0.969027 -0.246240 0.018788
vn 0.969027 -0.246240 0.018788
vn 0.969027 -0.246240 0.018788
vn 0.968924 -0.246645 0.018785
vn 0.968924 -0.246645 0.018785
vn 0.968924 -0.246645 0.018785
vn 0.969290 -0.245690 0.010687
vn 0.969290 -0.245690 0.010687
vn 0.969290 -0.245690 0.010687
vn 0.957146 -0.270566 -0.103272
vn 0.957146 -0.270566 -0.103272
vn 0.957146 -0.270566 -0.103272
vn 0.962174 -0.265673 -0.060331
vn 0.962174 -0.265673 -0.060331
vn 0.962174 -0.265673 -0.060331
vn 0.956019 -0.266427 -0.122659
vn 0.956019 -0.266427 -0.122659
vn 0.956019 -0.266427 -0.122659
vn 0.958862 -0.264322 -0.103527
vn 0.958862 -0.264322 -0.103527
vn 0.958862 -0.264322 -0.103527
vn 0.955797 -0.264243 -0.128946
vn 0.955797 -0.264243 -0.128946
vn 0.955797 -0.264243 -0.128946
vn 0.956792 -0.263575 -0.122787
vn 0.956792 -0.263575 -0.122787
vn 0.956792 -0.263575 -0.122787
vn 0.952245 -0.263792 -0.153766
vn 0.952245 -0.263792 -0.153766
vn 0.952245 -0.263792 -0.153766
vn 0.953371 -0.263951 -0.146338
vn 0.953371 -0.263951 -0.146338
vn 0.953371 -0.263951 -0.146338
vn 0.953602 -0.263096 -0.146366
vn 0.953602 -0.263096 -0.146366
vn 0.953602 -0.263096 -0.146366
vn 0.953602 -0.263096 -0.146366
vn 0.954543 -0.263294 -0.139731
vn 0.954543 -0.263294 -0.139731
vn 0.954543 -0.263294 -0.139731
vn 0.954348 -0.264014 -0.139704
vn 0.954348 -0.264014 -0.139704
vn 0.954348 -0.264014 -0.139704
vn 0.955201 -0.263978 -0.133819
vn 0.955201 -0.263978 -0.133819
vn 0.955201 -0.263978 -0.133819
vn 0.956009 -0.263461 -0.128980
vn 0.956009 -0.263461 -0.128980
vn 0.956009 -0.263461 -0.128980
vn 0.955355 -0.263406 -0.133842
vn 0.955355 -0.263406 -0.133842
vn 0.955355 -0.263406 -0.133842
vn 0.959222 -0.242451 0.145298
vn 0.959222 -0.242451 0.145298
vn 0.959222 -0.242451 0.145298
vn 0.958937 -0.243620 0.145222
vn 0.958937 -0.243620 0.145222
vn 0.958937 -0.243620 0.145222
vn -0.005719 0.029877 0.999537
vn -0.005719 0.029877 0.999537
vn -0.005719 0.029877 0.999537
vn 0.885913 -0.225450 0.405377
vn 0.885913 -0.225450 0.405377
vn 0.885913 -0.225450 0.405377
vn 0.886834 -0.220219 0.406237
vn 0.886834 -0.220219 0.406237
vn 0.886834 -0.220219 0.406237
vn -0.005777 0.029963 0.999534
vn -0.005777 0.029963 0.999534
vn -0.005777 0.029963 0.999534
vn -0.005037 0.029646 0.999548
vn -0.005037 0.029646 0.999548
vn -0.005037 0.029646 0.999548
vn -0.005102 0.029731 0.999545
vn -0.005102 0.029731 0.999545
vn -0.005102 0.029731 0.999545
vn -0.004605 0.029539 0.999553
vn -0.004605 0.029539 0.999553
vn -0.004605 0.029539 0.999553
vn -0.004673 0.029613 0.999551
vn -0.004673 0.029613 0.999551
vn -0.004673 0.029613 0.999551
vn -0.002585 0.028878 0.999580
vn -0.002585 0.028878 0.999580
vn -0.002585 0.028878 0.999580
vn -0.002658 0.028942 0.999578
vn -0.002658 0.028942 0.999578
vn -0.002658 0.028942 0.999578
vn 0.016579 0.022676 0.999605
vn 0.016579 0.022676 0.999605
vn 0.016579 0.022676 0.999605
vn 0.091249 -0.000132 0.995828
vn 0.091249 -0.000132 0.995828
vn 0.091249 -0.000132 0.995828
vn 0.016286 0.022875 0.999606
vn 0.016286 0.022875 0.999606
vn 0.016286 0.022875 0.999606
vn 0.313604 -0.065629 0.947283
vn 0.313604 -0.065629 0.947283
vn 0.313604 -0.065629 0.947283
vn 0.089176 0.000964 0.996015
vn 0.089176 0.000964 0.996015
vn 0.089176 0.000964 0.996015
vn 0.657272 -0.157467 0.737019
vn 0.657272 -0.157467 0.737019
vn 0.657272 -0.157467 0.737019
vn 0.657168 -0.166106 0.735214
vn 0.657168 -0.166106 0.735214
vn 0.657168 -0.166106 0.735214
vn 0.304145 -0.061472 0.950640
vn 0.304145 -0.061472 0.950640
vn 0.304145 -0.061472 0.950640
vn 0.964139 -0.265282 -0.007902
vn 0.964139 -0.265282 -0.007902
vn 0.964139 -0.265282 -0.007902
vn 0.963837 -0.266135 -0.013798
vn 0.963837 -0.266135 -0.013798
vn 0.963837 -0.266135 -0.013798
vn 0.964139 -0.265282 0.007902
vn 0.964139 -0.265282 0.007902
vn 0.964139 -0.265282 0.007902
vn 0.963819 -0.266439 0.007899
vn 0.963819 -0.266439 0.007899
vn 0.963819 -0.266439 0.007899
vn 0.958546 -0.242203 0.150093
vn 0.958546 -0.242203 0.150093
vn 0.958546 -0.242203 0.150093
vn 0.958428 -0.242688 0.150060
vn 0.958428 -0.242688 0.150060
vn 0.958428 -0.242688 0.150060
vn 0.963848 -0.266451 0.000000
vn 0.963848 -0.266451 0.000000
vn 0.963848 -0.266451 0.000000
vn 0.963848 -0.266451 0.000000
vn 0.969416 -0.245425 0.000000
vn 0.969416 -0.245425 0.000000
vn 0.969416 -0.245425 0.000000
vn 0.969416 -0.245425 0.000000
vn 0.957884 -0.241977 0.154613
vn 0.957884 -0.241977 0.154613
vn 0.957884 -0.241977 0.154613
vn 0.957772 -0.242442 0.154581
vn 0.957772 -0.242442 0.154581
vn 0.957772 -0.242442 0.154581
vn 0.957283 -0.241760 0.158623
vn 0.957283 -0.241760 0.158623
vn 0.957283 -0.241760 0.158623
vn 0.957177 -0.242202 0.158591
vn 0.957177 -0.242202 0.158591
vn 0.957177 -0.242202 0.158591
vn 0.956699 -0.241502 0.162494
vn 0.956699 -0.241502 0.162494
vn 0.956699 -0.241502 0.162494
vn 0.956581 -0.241990 0.162458
vn 0.956581 -0.241990 0.162458
vn 0.956581 -0.241990 0.162458
vn 0.971915 -0.235331 0.000000
vn 0.971915 -0.235331 0.000000
vn 0.971915 -0.235331 0.000000
vn 0.966228 -0.243509 0.084304
vn 0.966228 -0.243509 0.084304
vn 0.966228 -0.243509 0.084304
vn 0.956801 -0.241129 0.162448
vn 0.956801 -0.241129 0.162448
vn 0.956801 -0.241129 0.162448
vn 0.956712 -0.241498 0.162421
vn 0.956712 -0.241498 0.162421
vn 0.956712 -0.241498 0.162421
vn 0.967855 -0.236868 0.084557
vn 0.967855 -0.236868 0.084557
vn 0.967855 -0.236868 0.084557
vn 0.959983 -0.241568 0.141696
vn 0.959983 -0.241568 0.141696
vn 0.959983 -0.241568 0.141696
vn 0.960442 -0.239664 0.141818
vn 0.960442 -0.239664 0.141818
vn 0.960442 -0.239664 0.141818
vn 0.964078 -0.265261 -0.013802
vn 0.964078 -0.265261 -0.013802
vn 0.964078 -0.265261 -0.013802
vn 0.963927 -0.265653 -0.016532
vn 0.963927 -0.265653 -0.016532
vn 0.963927 -0.265653 -0.016532
vn 0.963990 -0.265371 -0.017385
vn 0.963990 -0.265371 -0.017385
vn 0.963990 -0.265371 -0.017385
vn 0.964038 -0.265250 -0.016534
vn 0.964038 -0.265250 -0.016534
vn 0.964038 -0.265250 -0.016534
vn 0.963986 -0.265342 -0.018039
vn 0.963986 -0.265342 -0.018039
vn 0.963986 -0.265342 -0.018039
vn 0.964023 -0.265250 -0.017386
vn 0.964023 -0.265250 -0.017386
vn 0.964023 -0.265250 -0.017386
vn 0.963924 -0.265364 -0.020801
vn 0.963924 -0.265364 -0.020801
vn 0.963924 -0.265364 -0.020801
vn 0.963979 -0.265238 -0.019831
vn 0.963979 -0.265238 -0.019831
vn 0.963979 -0.265238 -0.019831
vn 0.963979 -0.265238 -0.019831
vn 0.963943 -0.265369 -0.019830
vn 0.963943 -0.265369 -0.019830
vn 0.963943 -0.265369 -0.019830
vn 0.964014 -0.265238 -0.018040
vn 0.964014 -0.265238 -0.018040
vn 0.964014 -0.265238 -0.018040
vn 0.963998 -0.265239 -0.018859
vn 0.963998 -0.265239 -0.018859
vn 0.963998 -0.265239 -0.018859
vn 0.963967 -0.265351 -0.018858
vn 0.963967 -0.265351 -0.018858
vn 0.963967 -0.265351 -0.018858
vn 0.881068 -0.219826 0.418802
vn 0.881068 -0.219826 0.418802
vn 0.881068 -0.219826 0.418802
vn 0.881389 -0.217925 0.419121
vn 0.881389 -0.217925 0.419121
vn 0.881389 -0.217925 0.419121
vn -0.005769 0.029920 0.999536
vn -0.005769 0.029920 0.999536
vn -0.005769 0.029920 0.999536
vn 0.643289 -0.155363 0.749694
vn 0.643289 -0.155363 0.749694
vn 0.643289 -0.155363 0.749694
vn 0.643289 -0.150489 0.750688
vn 0.643289 -0.150489 0.750688
vn 0.643289 -0.150489 0.750688
vn -0.005841 0.030022 0.999532
vn -0.005841 0.030022 0.999532
vn -0.005841 0.030022 0.999532
vn -0.005098 0.029707 0.999546
vn -0.005098 0.029707 0.999546
vn -0.005098 0.029707 0.999546
vn -0.005179 0.029810 0.999542
vn -0.005179 0.029810 0.999542
vn -0.005179 0.029810 0.999542
vn -0.004673 0.029617 0.999550
vn -0.004673 0.029617 0.999550
vn -0.004673 0.029617 0.999550
vn -0.004758 0.029708 0.999547
vn -0.004758 0.029708 0.999547
vn -0.004758 0.029708 0.999547
vn -0.002664 0.028984 0.999576
vn -0.002664 0.028984 0.999576
vn -0.002664 0.028984 0.999576
vn -0.002756 0.029063 0.999574
vn -0.002756 0.029063 0.999574
vn -0.002756 0.029063 0.999574
vn 0.016264 0.023014 0.999603
vn 0.016264 0.023014 0.999603
vn 0.016264 0.023014 0.999603
vn 0.015917 0.023245 0.999603
vn 0.015917 0.023245 0.999603
vn 0.015917 0.023245 0.999603
vn 0.089102 0.001422 0.996021
vn 0.089102 0.001422 0.996021
vn 0.089102 0.001422 0.996021
vn 0.086860 0.002580 0.996217
vn 0.086860 0.002580 0.996217
vn 0.086860 0.002580 0.996217
vn 0.303915 -0.059738 0.950824
vn 0.303915 -0.059738 0.950824
vn 0.303915 -0.059738 0.950824
vn 0.294064 -0.055519 0.954172
vn 0.294064 -0.055519 0.954172
vn 0.294064 -0.055519 0.954172
vn 0.964078 -0.265261 0.013802
vn 0.964078 -0.265261 0.013802
vn 0.964078 -0.265261 0.013802
vn 0.963837 -0.266135 0.013798
vn 0.963837 -0.266135 0.013798
vn 0.963837 -0.266135 0.013798
vn 0.959896 -0.273832 0.060129
vn 0.959896 -0.273832 0.060129
vn 0.959896 -0.273832 0.060129
vn 0.962174 -0.265673 0.060331
vn 0.962174 -0.265673 0.060331
vn 0.962174 -0.265673 0.060331
vn 0.875902 -0.217581 0.430644
vn 0.875902 -0.217581 0.430644
vn 0.875902 -0.217581 0.430644
vn 0.876102 -0.216358 0.430853
vn 0.876102 -0.216358 0.430853
vn 0.876102 -0.216358 0.430853
vn 0.961569 -0.274562 0.000000
vn 0.961569 -0.274562 0.000000
vn 0.961569 -0.274562 0.000000
vn 0.961569 -0.274562 0.000000
vn 0.961569 -0.274562 0.000000
vn 0.871020 -0.216071 0.441177
vn 0.871020 -0.216071 0.441177
vn 0.871020 -0.216071 0.441177
vn 0.871207 -0.214895 0.441382
vn 0.871207 -0.214895 0.441382
vn 0.871207 -0.214895 0.441382
vn 0.866360 -0.214654 0.450938
vn 0.866360 -0.214654 0.450938
vn 0.866360 -0.214654 0.450938
vn 0.866534 -0.213528 0.451137
vn 0.866534 -0.213528 0.451137
vn 0.866534 -0.213528 0.451137
vn 0.916810 -0.218738 0.334086
vn 0.916810 -0.218738 0.334086
vn 0.916810 -0.218738 0.334086
vn 0.979318 -0.202325 0.000000
vn 0.979318 -0.202325 0.000000
vn 0.979318 -0.202325 0.000000
vn 0.979318 -0.202325 0.000000
vn 0.862083 -0.213336 0.459674
vn 0.862083 -0.213336 0.459674
vn 0.862083 -0.213336 0.459674
vn 0.862296 -0.211925 0.459928
vn 0.862296 -0.211925 0.459928
vn 0.862296 -0.211925 0.459928
vn 0.873735 -0.209456 0.438994
vn 0.873735 -0.209456 0.438994
vn 0.873735 -0.209456 0.438994
vn 0.918699 -0.208151 0.335656
vn 0.918699 -0.208151 0.335656
vn 0.918699 -0.208151 0.335656
vn 0.860498 -0.211864 0.463310
vn 0.860498 -0.211864 0.463310
vn 0.860498 -0.211864 0.463310
vn 0.860856 -0.209438 0.463749
vn 0.860856 -0.209438 0.463749
vn 0.860856 -0.209438 0.463749
vn 0.873712 -0.209608 0.438967
vn 0.873712 -0.209608 0.438967
vn 0.873712 -0.209608 0.438967
vn 0.964038 -0.265250 0.016534
vn 0.964038 -0.265250 0.016534
vn 0.964038 -0.265250 0.016534
vn 0.963927 -0.265653 0.016532
vn 0.963927 -0.265653 0.016532
vn 0.963927 -0.265653 0.016532
vn 0.964023 -0.265250 0.017386
vn 0.964023 -0.265250 0.017386
vn 0.964023 -0.265250 0.017386
vn 0.963990 -0.265371 0.017385
vn 0.963990 -0.265371 0.017385
vn 0.963990 -0.265371 0.017385
vn 0.964014 -0.265238 0.018040
vn 0.964014 -0.265238 0.018040
vn 0.964014 -0.265238 0.018040
vn 0.963986 -0.265342 0.018039
vn 0.963986 -0.265342 0.018039
vn 0.963986 -0.265342 0.018039
vn 0.963979 -0.265238 0.019831
vn 0.963979 -0.265238 0.019831
vn 0.963979 -0.265238 0.019831
vn 0.963979 -0.265238 0.019831
vn 0.963945 -0.265360 0.019830
vn 0.963945 -0.265360 0.019830
vn 0.963945 -0.265360 0.019830
vn 0.963997 -0.265238 0.018922
vn 0.963997 -0.265238 0.018922
vn 0.963997 -0.265238 0.018922
vn 0.963964 -0.265360 0.018921
vn 0.963964 -0.265360 0.018921
vn 0.963964 -0.265360 0.018921
vn 0.629676 -0.148533 0.762526
vn 0.629676 -0.148533 0.762526
vn 0.629676 -0.148533 0.762526
vn 0.629653 -0.146204 0.762995
vn 0.629653 -0.146204 0.762995
vn 0.629653 -0.146204 0.762995
vn -0.005828 0.029956 0.999534
vn -0.005828 0.029956 0.999534
vn -0.005828 0.029956 0.999534
vn 0.294074 -0.055597 0.954164
vn 0.294074 -0.055597 0.954164
vn 0.294074 -0.055597 0.954164
vn 0.284830 -0.051636 0.957186
vn 0.284830 -0.051636 0.957186
vn 0.284830 -0.051636 0.957186
vn -0.005904 0.030063 0.999531
vn -0.005904 0.030063 0.999531
vn -0.005904 0.030063 0.999531
vn -0.005170 0.029753 0.999544
vn -0.005170 0.029753 0.999544
vn -0.005170 0.029753 0.999544
vn -0.005255 0.029861 0.999540
vn -0.005255 0.029861 0.999540
vn -0.005255 0.029861 0.999540
vn -0.004752 0.029670 0.999548
vn -0.004752 0.029670 0.999548
vn -0.004752 0.029670 0.999548
vn -0.004841 0.029766 0.999545
vn -0.004841 0.029766 0.999545
vn -0.004841 0.029766 0.999545
vn -0.002754 0.029050 0.999574
vn -0.002754 0.029050 0.999574
vn -0.002754 0.029050 0.999574
vn -0.002850 0.029132 0.999572
vn -0.002850 0.029132 0.999572
vn -0.002850 0.029132 0.999572
vn 0.015920 0.023227 0.999603
vn 0.015920 0.023227 0.999603
vn 0.015920 0.023227 0.999603
vn 0.015570 0.023461 0.999604
vn 0.015570 0.023461 0.999604
vn 0.015570 0.023461 0.999604
vn 0.086876 0.002478 0.996216
vn 0.086876 0.002478 0.996216
vn 0.086876 0.002478 0.996216
vn 0.084723 0.003594 0.996398
vn 0.084723 0.003594 0.996398
vn 0.084723 0.003594 0.996398
vn 0.957146 -0.270566 0.103272
vn 0.957146 -0.270566 0.103272
vn 0.957146 -0.270566 0.103272
vn 0.958862 -0.264322 0.103527
vn 0.958862 -0.264322 0.103527
vn 0.958862 -0.264322 0.103527
vn 0.938212 -0.264908 0.222668
vn 0.938212 -0.264908 0.222668
vn 0.938212 -0.264908 0.222668
vn 0.931708 -0.288845 0.220200
vn 0.931708 -0.288845 0.220200
vn 0.931708 -0.288845 0.220200
vn 0.617356 -0.144532 0.773293
vn 0.617356 -0.144532 0.773293
vn 0.617356 -0.144532 0.773293
vn 0.617325 -0.142762 0.773646
vn 0.617325 -0.142762 0.773646
vn 0.617325 -0.142762 0.773646
vn 0.954142 -0.299353 0.000000
vn 0.954142 -0.299353 0.000000
vn 0.954142 -0.299353 0.000000
vn 0.954142 -0.299353 0.000000
vn 0.606193 -0.139672 0.782957
vn 0.606193 -0.139672 0.782957
vn 0.606193 -0.139672 0.782957
vn 0.606232 -0.141340 0.782627
vn 0.606232 -0.141340 0.782627
vn 0.606232 -0.141340 0.782627
vn 0.561689 -0.125166 0.817826
vn 0.561689 -0.125166 0.817826
vn 0.561689 -0.125166 0.817826
vn 0.995508 -0.094674 0.000000
vn 0.995508 -0.094674 0.000000
vn 0.995508 -0.094674 0.000000
vn 0.596209 -0.136891 0.791072
vn 0.596209 -0.136891 0.791072
vn 0.596209 -0.136891 0.791072
vn 0.596256 -0.138476 0.790761
vn 0.596256 -0.138476 0.790761
vn 0.596256 -0.138476 0.790761
vn 0.570440 -0.128157 0.811279
vn 0.570440 -0.128157 0.811279
vn 0.570440 -0.128157 0.811279
vn 0.562034 -0.127755 0.817188
vn 0.562034 -0.127755 0.817188
vn 0.562034 -0.127755 0.817188
vn 0.587127 -0.134246 0.798285
vn 0.587127 -0.134246 0.798285
vn 0.587127 -0.134246 0.798285
vn 0.587184 -0.135876 0.797968
vn 0.587184 -0.135876 0.797968
vn 0.587184 -0.135876 0.797968
vn 0.578717 -0.131316 0.804887
vn 0.578717 -0.131316 0.804887
vn 0.578717 -0.131316 0.804887
vn 0.570613 -0.130676 0.810756
vn 0.570613 -0.130676 0.810756
vn 0.570613 -0.130676 0.810756
vn 0.578806 -0.133399 0.804480
vn 0.578806 -0.133399 0.804480
vn 0.578806 -0.133399 0.804480
vn 0.956019 -0.266426 0.122659
vn 0.956019 -0.266426 0.122659
vn 0.956019 -0.266426 0.122659
vn 0.956792 -0.263574 0.122787
vn 0.956792 -0.263574 0.122787
vn 0.956792 -0.263574 0.122787
vn 0.955797 -0.264243 0.128946
vn 0.955797 -0.264243 0.128946
vn 0.955797 -0.264243 0.128946
vn 0.956009 -0.263461 0.128980
vn 0.956009 -0.263461 0.128980
vn 0.956009 -0.263461 0.128980
vn 0.955353 -0.263415 0.133842
vn 0.955353 -0.263415 0.133842
vn 0.955353 -0.263415 0.133842
vn 0.955201 -0.263977 0.133819
vn 0.955201 -0.263977 0.133819
vn 0.955201 -0.263977 0.133819
vn 0.953371 -0.263950 0.146336
vn 0.953371 -0.263950 0.146336
vn 0.953371 -0.263950 0.146336
vn 0.954554 -0.263288 0.139666
vn 0.954554 -0.263288 0.139666
vn 0.954554 -0.263288 0.139666
vn 0.954357 -0.264016 0.139640
vn 0.954357 -0.264016 0.139640
vn 0.954357 -0.264016 0.139640
vn 0.284993 -0.052797 0.957075
vn 0.284993 -0.052797 0.957075
vn 0.284993 -0.052797 0.957075
vn 0.276856 -0.049243 0.959649
vn 0.276856 -0.049243 0.959649
vn 0.276856 -0.049243 0.959649
vn -0.005889 0.029986 0.999533
vn -0.005889 0.029986 0.999533
vn -0.005889 0.029986 0.999533
vn 0.084795 0.003152 0.996393
vn 0.084795 0.003152 0.996393
vn 0.084795 0.003152 0.996393
vn 0.082858 0.004180 0.996553
vn 0.082858 0.004180 0.996553
vn 0.082858 0.004180 0.996553
vn -0.005960 0.030089 0.999529
vn -0.005960 0.030089 0.999529
vn -0.005960 0.030089 0.999529
vn -0.005242 0.029786 0.999543
vn -0.005242 0.029786 0.999543
vn -0.005242 0.029786 0.999543
vn -0.005322 0.029890 0.999539
vn -0.005322 0.029890 0.999539
vn -0.005322 0.029890 0.999539
vn -0.004831 0.029704 0.999547
vn -0.004831 0.029704 0.999547
vn -0.004831 0.029704 0.999547
vn -0.004915 0.029796 0.999544
vn -0.004915 0.029796 0.999544
vn -0.004915 0.029796 0.999544
vn -0.002842 0.029086 0.999573
vn -0.002842 0.029086 0.999573
vn -0.002842 0.029086 0.999573
vn -0.002931 0.029164 0.999570
vn -0.002931 0.029164 0.999570
vn -0.002931 0.029164 0.999570
vn 0.015588 0.023348 0.999606
vn 0.015588 0.023348 0.999606
vn 0.015588 0.023348 0.999606
vn 0.015268 0.023567 0.999606
vn 0.015268 0.023567 0.999606
vn 0.015268 0.023567 0.999606
vn 0.910945 -0.253961 0.325090
vn 0.910945 -0.253961 0.325090
vn 0.910945 -0.253961 0.325090
vn 0.907341 -0.268858 0.323182
vn 0.907341 -0.268858 0.323182
vn 0.907341 -0.268858 0.323182
vn 0.729601 -0.212696 0.649956
vn 0.729601 -0.212696 0.649956
vn 0.729601 -0.212696 0.649956
vn 0.727018 -0.254568 0.637683
vn 0.727018 -0.254568 0.637683
vn 0.727018 -0.254568 0.637683
vn 0.277040 -0.050531 0.959529
vn 0.277040 -0.050531 0.959529
vn 0.277040 -0.050531 0.959529
vn 0.269905 -0.047344 0.961722
vn 0.269905 -0.047344 0.961722
vn 0.269905 -0.047344 0.961722
vn 0.354810 -0.109886 0.928458
vn 0.354810 -0.109886 0.928458
vn 0.354810 -0.109886 0.928458
vn 0.346471 -0.091162 0.933621
vn 0.346471 -0.091162 0.933621
vn 0.346471 -0.091162 0.933621
vn 0.263746 -0.045658 0.963511
vn 0.263746 -0.045658 0.963511
vn 0.263746 -0.045658 0.963511
vn 0.270081 -0.048552 0.961613
vn 0.270081 -0.048552 0.961613
vn 0.270081 -0.048552 0.961613
vn 0.271243 -0.066080 0.960240
vn 0.271243 -0.066080 0.960240
vn 0.271243 -0.066080 0.960240
vn 0.272413 -0.070248 0.959613
vn 0.272413 -0.070248 0.959613
vn 0.272413 -0.070248 0.959613
vn 0.263914 -0.046799 0.963410
vn 0.263914 -0.046799 0.963410
vn 0.263914 -0.046799 0.963410
vn 0.258249 -0.044155 0.965069
vn 0.258249 -0.044155 0.965069
vn 0.258249 -0.044155 0.965069
vn 0.254569 -0.049771 0.965773
vn 0.254569 -0.049771 0.965773
vn 0.254569 -0.049771 0.965773
vn 0.256353 -0.059205 0.964768
vn 0.256353 -0.059205 0.964768
vn 0.256353 -0.059205 0.964768
vn 0.255021 -0.049984 0.965643
vn 0.255021 -0.049984 0.965643
vn 0.255021 -0.049984 0.965643
vn 0.258537 -0.046084 0.964902
vn 0.258537 -0.046084 0.964902
vn 0.258537 -0.046084 0.964902
vn 0.254086 -0.043973 0.966181
vn 0.254086 -0.043973 0.966181
vn 0.254086 -0.043973 0.966181
vn 0.897730 -0.248978 0.363443
vn 0.897730 -0.248978 0.363443
vn 0.897730 -0.248978 0.363443
vn 0.896272 -0.255310 0.362647
vn 0.896272 -0.255310 0.362647
vn 0.896272 -0.255310 0.362647
vn 0.892181 -0.247948 0.377538
vn 0.892181 -0.247948 0.377538
vn 0.892181 -0.247948 0.377538
vn 0.891828 -0.249486 0.377359
vn 0.891828 -0.249486 0.377359
vn 0.891828 -0.249486 0.377359
vn 0.887050 -0.247259 0.389878
vn 0.887050 -0.247259 0.389878
vn 0.887050 -0.247259 0.389878
vn 0.886792 -0.248372 0.389759
vn 0.886792 -0.248372 0.389759
vn 0.886792 -0.248372 0.389759
vn 0.873096 -0.246500 0.420644
vn 0.873096 -0.246500 0.420644
vn 0.873096 -0.246500 0.420644
vn 0.880848 -0.246100 0.404402
vn 0.880848 -0.246100 0.404402
vn 0.880848 -0.246100 0.404402
vn 0.880472 -0.247698 0.404245
vn 0.880472 -0.247698 0.404245
vn 0.880472 -0.247698 0.404245
vn 0.081215 0.004638 0.996686
vn 0.081215 0.004638 0.996686
vn 0.081215 0.004638 0.996686
vn 0.082938 0.003699 0.996548
vn 0.082938 0.003699 0.996548
vn 0.082938 0.003699 0.996548
vn -0.005945 0.030013 0.999532
vn -0.005945 0.030013 0.999532
vn -0.005945 0.030013 0.999532
vn 0.014998 0.023646 0.999608
vn 0.014998 0.023646 0.999608
vn 0.014998 0.023646 0.999608
vn 0.015288 0.023442 0.999608
vn 0.015288 0.023442 0.999608
vn 0.015288 0.023442 0.999608
vn -0.006011 0.030111 0.999528
vn -0.006011 0.030111 0.999528
vn -0.006011 0.030111 0.999528
vn -0.005309 0.029814 0.999541
vn -0.005309 0.029814 0.999541
vn -0.005309 0.029814 0.999541
vn -0.005384 0.029913 0.999538
vn -0.005384 0.029913 0.999538
vn -0.005384 0.029913 0.999538
vn -0.004904 0.029732 0.999546
vn -0.004904 0.029732 0.999546
vn -0.004904 0.029732 0.999546
vn -0.004982 0.029819 0.999543
vn -0.004982 0.029819 0.999543
vn -0.004982 0.029819 0.999543
vn -0.002923 0.029114 0.999572
vn -0.002923 0.029114 0.999572
vn -0.002923 0.029114 0.999572
vn -0.003004 0.029187 0.999569
vn -0.003004 0.029187 0.999569
vn -0.003004 0.029187 0.999569
vn 0.695120 -0.197486 0.691236
vn 0.695120 -0.197486 0.691236
vn 0.695120 -0.197486 0.691236
vn 0.694303 -0.208289 0.688883
vn 0.694303 -0.208289 0.688883
vn 0.694303 -0.208289 0.688883
vn 0.342150 -0.090900 0.935238
vn 0.342150 -0.090900 0.935238
vn 0.342150 -0.090900 0.935238
vn 0.342832 -0.093962 0.934686
vn 0.342832 -0.093962 0.934686
vn 0.342832 -0.093962 0.934686
vn 0.081291 0.004185 0.996682
vn 0.081291 0.004185 0.996682
vn 0.081291 0.004185 0.996682
vn 0.079751 0.005046 0.996802
vn 0.079751 0.005046 0.996802
vn 0.079751 0.005046 0.996802
vn 0.137322 -0.028445 0.990118
vn 0.137322 -0.028445 0.990118
vn 0.137322 -0.028445 0.990118
vn 0.139376 -0.036288 0.989574
vn 0.139376 -0.036288 0.989574
vn 0.139376 -0.036288 0.989574
vn 0.079824 0.004616 0.996798
vn 0.079824 0.004616 0.996798
vn 0.079824 0.004616 0.996798
vn 0.078438 0.005411 0.996904
vn 0.078438 0.005411 0.996904
vn 0.078438 0.005411 0.996904
vn 0.113845 -0.020885 0.993279
vn 0.113845 -0.020885 0.993279
vn 0.113845 -0.020885 0.993279
vn 0.114544 -0.023832 0.993132
vn 0.114544 -0.023832 0.993132
vn 0.114544 -0.023832 0.993132
vn 0.078626 0.004308 0.996895
vn 0.078626 0.004308 0.996895
vn 0.078626 0.004308 0.996895
vn 0.079005 0.004086 0.996866
vn 0.079005 0.004086 0.996866
vn 0.079005 0.004086 0.996866
vn 0.089346 -0.005600 0.995985
vn 0.089346 -0.005600 0.995985
vn 0.089346 -0.005600 0.995985
vn 0.090061 -0.009266 0.995893
vn 0.090061 -0.009266 0.995893
vn 0.090061 -0.009266 0.995893
vn 0.079697 0.000112 0.996819
vn 0.079697 0.000112 0.996819
vn 0.079697 0.000112 0.996819
vn 0.680370 -0.192155 0.707229
vn 0.680370 -0.192155 0.707229
vn 0.680370 -0.192155 0.707229
vn 0.679993 -0.196127 0.706501
vn 0.679993 -0.196127 0.706501
vn 0.679993 -0.196127 0.706501
vn 0.668597 -0.190574 0.718790
vn 0.668597 -0.190574 0.718790
vn 0.668597 -0.190574 0.718790
vn 0.668522 -0.191264 0.718677
vn 0.668522 -0.191264 0.718677
vn 0.668522 -0.191264 0.718677
vn 0.639323 -0.185654 0.746190
vn 0.639323 -0.185654 0.746190
vn 0.639323 -0.185654 0.746190
vn 0.621505 -0.184256 0.761434
vn 0.621505 -0.184256 0.761434
vn 0.621505 -0.184256 0.761434
vn 0.654959 -0.189575 0.731499
vn 0.654959 -0.189575 0.731499
vn 0.654959 -0.189575 0.731499
vn 0.655069 -0.188672 0.731633
vn 0.655069 -0.188672 0.731633
vn 0.655069 -0.188672 0.731633
vn 0.639077 -0.187471 0.745946
vn 0.639077 -0.187471 0.745946
vn 0.639077 -0.187471 0.745946
vn 0.015018 0.023527 0.999610
vn 0.015018 0.023527 0.999610
vn 0.015018 0.023527 0.999610
vn 0.014754 0.023717 0.999610
vn 0.014754 0.023717 0.999610
vn 0.014754 0.023717 0.999610
vn -0.005997 0.030037 0.999531
vn -0.005997 0.030037 0.999531
vn -0.005997 0.030037 0.999531
vn -0.002996 0.029138 0.999571
vn -0.002996 0.029138 0.999571
vn -0.002996 0.029138 0.999571
vn -0.003071 0.029208 0.999569
vn -0.003071 0.029208 0.999569
vn -0.003071 0.029208 0.999569
vn -0.006059 0.030131 0.999528
vn -0.006059 0.030131 0.999528
vn -0.006059 0.030131 0.999528
vn -0.005371 0.029840 0.999540
vn -0.005371 0.029840 0.999540
vn -0.005371 0.029840 0.999540
vn -0.005441 0.029935 0.999537
vn -0.005441 0.029935 0.999537
vn -0.005441 0.029935 0.999537
vn -0.004971 0.029757 0.999545
vn -0.004971 0.029757 0.999545
vn -0.004971 0.029757 0.999545
vn -0.005043 0.029839 0.999542
vn -0.005043 0.029839 0.999542
vn -0.005043 0.029839 0.999542
vn 0.339382 -0.093623 0.935978
vn 0.339382 -0.093623 0.935978
vn 0.339382 -0.093623 0.935978
vn 0.339674 -0.096565 0.935573
vn 0.339674 -0.096565 0.935573
vn 0.339674 -0.096565 0.935573
vn 0.130219 -0.029454 0.991048
vn 0.130219 -0.029454 0.991048
vn 0.130219 -0.029454 0.991048
vn 0.130114 -0.028932 0.991077
vn 0.130114 -0.028932 0.991077
vn 0.130114 -0.028932 0.991077
vn 0.014773 0.023604 0.999612
vn 0.014773 0.023604 0.999612
vn 0.014773 0.023604 0.999612
vn 0.014532 0.023782 0.999612
vn 0.014532 0.023782 0.999612
vn 0.014532 0.023782 0.999612
vn 0.033910 0.002010 0.999423
vn 0.033910 0.002010 0.999423
vn 0.033910 0.002010 0.999423
vn 0.034399 -0.000711 0.999408
vn 0.034399 -0.000711 0.999408
vn 0.034399 -0.000711 0.999408
vn 0.014627 0.023224 0.999623
vn 0.014627 0.023224 0.999623
vn 0.014627 0.023224 0.999623
vn 0.015004 0.022939 0.999624
vn 0.015004 0.022939 0.999624
vn 0.015004 0.022939 0.999624
vn 0.027850 0.008374 0.999577
vn 0.027850 0.008374 0.999577
vn 0.027850 0.008374 0.999577
vn 0.028232 0.006309 0.999582
vn 0.028232 0.006309 0.999582
vn 0.028232 0.006309 0.999582
vn 0.015427 0.020474 0.999671
vn 0.015427 0.020474 0.999671
vn 0.015427 0.020474 0.999671
vn 0.019752 0.014560 0.999699
vn 0.019752 0.014560 0.999699
vn 0.019752 0.014560 0.999699
vn 0.019217 0.017579 0.999661
vn 0.019217 0.017579 0.999661
vn 0.019217 0.017579 0.999661
vn 0.333216 -0.098365 0.937705
vn 0.333216 -0.098365 0.937705
vn 0.333216 -0.098365 0.937705
vn 0.333124 -0.095986 0.937985
vn 0.333124 -0.095986 0.937985
vn 0.333124 -0.095986 0.937985
vn 0.287278 -0.096568 0.952967
vn 0.287278 -0.096568 0.952967
vn 0.287278 -0.096568 0.952967
vn 0.300602 -0.097519 0.948751
vn 0.300602 -0.097519 0.948751
vn 0.300602 -0.097519 0.948751
vn 0.324111 -0.099365 0.940786
vn 0.324111 -0.099365 0.940786
vn 0.324111 -0.099365 0.940786
vn 0.324101 -0.097647 0.940970
vn 0.324101 -0.097647 0.940970
vn 0.324101 -0.097647 0.940970
vn 0.300571 -0.098174 0.948693
vn 0.300571 -0.098174 0.948693
vn 0.300571 -0.098174 0.948693
vn 0.313048 -0.099083 0.944555
vn 0.313048 -0.099083 0.944555
vn 0.313048 -0.099083 0.944555
vn 0.313059 -0.098538 0.944608
vn 0.313059 -0.098538 0.944608
vn 0.313059 -0.098538 0.944608
vn -0.003063 0.029162 0.999570
vn -0.003063 0.029162 0.999570
vn -0.003063 0.029162 0.999570
vn -0.003132 0.029227 0.999568
vn -0.003132 0.029227 0.999568
vn -0.003132 0.029227 0.999568
vn -0.006045 0.030060 0.999530
vn -0.006045 0.030060 0.999530
vn -0.006045 0.030060 0.999530
vn -0.005033 0.029780 0.999544
vn -0.005033 0.029780 0.999544
vn -0.005033 0.029780 0.999544
vn -0.005101 0.029859 0.999541
vn -0.005101 0.029859 0.999541
vn -0.005101 0.029859 0.999541
vn -0.006103 0.030149 0.999527
vn -0.006103 0.030149 0.999527
vn -0.006103 0.030149 0.999527
vn -0.005428 0.029865 0.999539
vn -0.005428 0.029865 0.999539
vn -0.005428 0.029865 0.999539
vn -0.005494 0.029955 0.999536
vn -0.005494 0.029955 0.999536
vn -0.005494 0.029955 0.999536
vn 0.118466 -0.033416 0.992396
vn 0.118466 -0.033416 0.992396
vn 0.118466 -0.033416 0.992396
vn 0.118007 -0.029756 0.992567
vn 0.118007 -0.029756 0.992567
vn 0.118007 -0.029756 0.992567
vn 0.033399 -0.004679 0.999431
vn 0.033399 -0.004679 0.999431
vn 0.033399 -0.004679 0.999431
vn 0.032852 -0.001065 0.999460
vn 0.032852 -0.001065 0.999460
vn 0.032852 -0.001065 0.999460
vn -0.003057 0.028780 0.999581
vn -0.003057 0.028780 0.999581
vn -0.003057 0.028780 0.999581
vn -0.003045 0.028768 0.999581
vn -0.003045 0.028768 0.999581
vn -0.003045 0.028768 0.999581
vn 0.002217 0.008236 0.999964
vn 0.002217 0.008236 0.999964
vn 0.002217 0.008236 0.999964
vn 0.001248 0.014570 0.999893
vn 0.001248 0.014570 0.999893
vn 0.001248 0.014570 0.999893
vn -0.002198 0.025974 0.999660
vn -0.002198 0.025974 0.999660
vn -0.002198 0.025974 0.999660
vn -0.002644 0.026409 0.999648
vn -0.002644 0.026409 0.999648
vn -0.002644 0.026409 0.999648
vn 0.000420 0.015365 0.999882
vn 0.000420 0.015365 0.999882
vn 0.000420 0.015365 0.999882
vn -0.000477 0.020812 0.999783
vn -0.000477 0.020812 0.999783
vn -0.000477 0.020812 0.999783
vn -0.001491 0.021797 0.999761
vn -0.001491 0.021797 0.999761
vn -0.001491 0.021797 0.999761
vn 0.111198 -0.033524 0.993233
vn 0.111198 -0.033524 0.993233
vn 0.111198 -0.033524 0.993233
vn 0.111499 -0.037681 0.993050
vn 0.111499 -0.037681 0.993050
vn 0.111499 -0.037681 0.993050
vn 0.093189 -0.044026 0.994675
vn 0.093189 -0.044026 0.994675
vn 0.093189 -0.044026 0.994675
vn 0.098314 -0.043894 0.994187
vn 0.098314 -0.043894 0.994187
vn 0.098314 -0.043894 0.994187
vn 0.098330 -0.043186 0.994216
vn 0.098330 -0.043186 0.994216
vn 0.098330 -0.043186 0.994216
vn 0.103151 -0.043077 0.993733
vn 0.103151 -0.043077 0.993733
vn 0.103151 -0.043077 0.993733
vn 0.107292 -0.037749 0.993511
vn 0.107292 -0.037749 0.993511
vn 0.107292 -0.037749 0.993511
vn 0.107415 -0.041013 0.993368
vn 0.107415 -0.041013 0.993368
vn 0.107415 -0.041013 0.993368
vn 0.103137 -0.041096 0.993818
vn 0.103137 -0.041096 0.993818
vn 0.103137 -0.041096 0.993818
vn -0.005071 0.029468 0.999553
vn -0.005071 0.029468 0.999553
vn -0.005071 0.029468 0.999553
vn -0.005025 0.029413 0.999555
vn -0.005025 0.029413 0.999555
vn -0.005025 0.029413 0.999555
vn -0.006019 0.029732 0.999540
vn -0.006019 0.029732 0.999540
vn -0.006019 0.029732 0.999540
vn -0.005457 0.029577 0.999548
vn -0.005457 0.029577 0.999548
vn -0.005457 0.029577 0.999548
vn -0.005414 0.029516 0.999550
vn -0.005414 0.029516 0.999550
vn -0.005414 0.029516 0.999550
vn -0.006053 0.029785 0.999538
vn -0.006053 0.029785 0.999538
vn -0.006053 0.029785 0.999538
vn 0.029561 -0.009721 0.999516
vn 0.029561 -0.009721 0.999516
vn 0.029561 -0.009721 0.999516
vn 0.029095 -0.005530 0.999561
vn 0.029095 -0.005530 0.999561
vn 0.029095 -0.005530 0.999561
vn 0.002201 0.008229 0.999964
vn 0.002201 0.008229 0.999964
vn 0.002201 0.008229 0.999964
vn 0.002979 0.002334 0.999993
vn 0.002979 0.002334 0.999993
vn 0.002979 0.002334 0.999993
vn -0.004669 0.027134 0.999621
vn -0.004669 0.027134 0.999621
vn -0.004669 0.027134 0.999621
vn -0.004626 0.027082 0.999623
vn -0.004626 0.027082 0.999623
vn -0.004626 0.027082 0.999623
vn -0.002487 0.016320 0.999864
vn -0.002487 0.016320 0.999864
vn -0.002487 0.016320 0.999864
vn -0.001432 0.009398 0.999955
vn -0.001432 0.009398 0.999955
vn -0.001432 0.009398 0.999955
vn -0.003885 0.022744 0.999734
vn -0.003885 0.022744 0.999734
vn -0.003885 0.022744 0.999734
vn -0.002741 0.016624 0.999858
vn -0.002741 0.016624 0.999858
vn -0.002741 0.016624 0.999858
vn -0.003717 0.022543 0.999739
vn -0.003717 0.022543 0.999739
vn -0.003717 0.022543 0.999739
vn 0.027239 -0.014679 0.999521
vn 0.027239 -0.014679 0.999521
vn 0.027239 -0.014679 0.999521
vn 0.026906 -0.010206 0.999586
vn 0.026906 -0.010206 0.999586
vn 0.026906 -0.010206 0.999586
vn 0.021604 -0.024258 0.999472
vn 0.021604 -0.024258 0.999472
vn 0.021604 -0.024258 0.999472
vn 0.023255 -0.023952 0.999443
vn 0.023255 -0.023952 0.999443
vn 0.023255 -0.023952 0.999443
vn 0.023287 -0.022355 0.999479
vn 0.023287 -0.022355 0.999479
vn 0.023287 -0.022355 0.999479
vn 0.024815 -0.022076 0.999448
vn 0.024815 -0.022076 0.999448
vn 0.024815 -0.022076 0.999448
vn 0.024784 -0.019195 0.999509
vn 0.024784 -0.019195 0.999509
vn 0.024784 -0.019195 0.999509
vn 0.026101 -0.018958 0.999480
vn 0.026101 -0.018958 0.999480
vn 0.026101 -0.018958 0.999480
vn 0.025931 -0.014912 0.999552
vn 0.025931 -0.014912 0.999552
vn 0.025931 -0.014912 0.999552
vn -0.005043 0.027332 0.999614
vn -0.005043 0.027332 0.999614
vn -0.005043 0.027332 0.999614
vn -0.004987 0.027252 0.999616
vn -0.004987 0.027252 0.999616
vn -0.004987 0.027252 0.999616
vn -0.005622 0.027665 0.999601
vn -0.005622 0.027665 0.999601
vn -0.005622 0.027665 0.999601
vn -0.005543 0.027540 0.999605
vn -0.005543 0.027540 0.999605
vn -0.005543 0.027540 0.999605
vn 0.002592 0.002166 0.999994
vn 0.002592 0.002166 0.999994
vn 0.002592 0.002166 0.999994
vn 0.003142 -0.003103 0.999990
vn 0.003142 -0.003103 0.999990
vn 0.003142 -0.003103 0.999990
vn -0.000405 0.003116 0.999995
vn -0.000405 0.003116 0.999995
vn -0.000405 0.003116 0.999995
vn -0.001253 0.009539 0.999954
vn -0.001253 0.009539 0.999954
vn -0.001253 0.009539 0.999954
vn -0.004222 0.023073 0.999725
vn -0.004222 0.023073 0.999725
vn -0.004222 0.023073 0.999725
vn -0.004026 0.022796 0.999732
vn -0.004026 0.022796 0.999732
vn -0.004026 0.022796 0.999732
vn -0.002714 0.016614 0.999858
vn -0.002714 0.016614 0.999858
vn -0.002714 0.016614 0.999858
vn -0.001577 0.009652 0.999952
vn -0.001577 0.009652 0.999952
vn -0.001577 0.009652 0.999952
vn -0.003008 0.017029 0.999850
vn -0.003008 0.017029 0.999850
vn -0.003008 0.017029 0.999850
vn 0.001970 -0.018421 0.999828
vn 0.001970 -0.018421 0.999828
vn 0.001970 -0.018421 0.999828
vn 0.001317 -0.018681 0.999825
vn 0.001317 -0.018681 0.999825
vn 0.001317 -0.018681 0.999825
vn 0.003170 -0.008137 0.999962
vn 0.003170 -0.008137 0.999962
vn 0.003170 -0.008137 0.999962
vn 0.002808 -0.003241 0.999991
vn 0.002808 -0.003241 0.999991
vn 0.002808 -0.003241 0.999991
vn 0.002591 -0.016202 0.999865
vn 0.002591 -0.016202 0.999865
vn 0.002591 -0.016202 0.999865
vn 0.002009 -0.016434 0.999863
vn 0.002009 -0.016434 0.999863
vn 0.002009 -0.016434 0.999863
vn 0.002555 -0.012909 0.999913
vn 0.002555 -0.012909 0.999913
vn 0.002555 -0.012909 0.999913
vn 0.003021 -0.012723 0.999914
vn 0.003021 -0.012723 0.999914
vn 0.003021 -0.012723 0.999914
vn 0.002833 -0.008273 0.999962
vn 0.002833 -0.008273 0.999962
vn 0.002833 -0.008273 0.999962
vn -0.004502 0.023187 0.999721
vn -0.004502 0.023187 0.999721
vn -0.004502 0.023187 0.999721
vn -0.004744 0.023573 0.999711
vn -0.004744 0.023573 0.999711
vn -0.004744 0.023573 0.999711
vn 0.000310 -0.002457 0.999997
vn 0.000310 -0.002457 0.999997
vn 0.000310 -0.002457 0.999997
vn -0.000288 0.003203 0.999995
vn -0.000288 0.003203 0.999995
vn -0.000288 0.003203 0.999995
vn -0.000427 0.003250 0.999995
vn -0.000427 0.003250 0.999995
vn -0.000427 0.003250 0.999995
vn -0.001370 0.009902 0.999950
vn -0.001370 0.009902 0.999950
vn -0.001370 0.009902 0.999950
vn -0.001810 0.010070 0.999948
vn -0.001810 0.010070 0.999948
vn -0.001810 0.010070 0.999948
vn -0.003422 0.017625 0.999839
vn -0.003422 0.017625 0.999839
vn -0.003422 0.017625 0.999839
vn -0.003064 0.017051 0.999850
vn -0.003064 0.017051 0.999850
vn -0.003064 0.017051 0.999850
vn 0.000803 -0.018566 0.999827
vn 0.000803 -0.018566 0.999827
vn 0.000803 -0.018566 0.999827
vn 0.000849 -0.018535 0.999828
vn 0.000849 -0.018535 0.999828
vn 0.000849 -0.018535 0.999828
vn 0.008435 -0.018205 0.999799
vn 0.008435 -0.018205 0.999799
vn 0.008435 -0.018205 0.999799
vn 0.006182 -0.020353 0.999774
vn 0.006182 -0.020353 0.999774
vn 0.006182 -0.020353 0.999774
vn 0.019927 -0.012782 0.999720
vn 0.019927 -0.012782 0.999720
vn 0.019927 -0.012782 0.999720
vn 0.014117 -0.020263 0.999695
vn 0.014117 -0.020263 0.999695
vn 0.014117 -0.020263 0.999695
vn 0.000894 -0.016129 0.999870
vn 0.000894 -0.016129 0.999870
vn 0.000894 -0.016129 0.999870
vn 0.000938 -0.016100 0.999870
vn 0.000938 -0.016100 0.999870
vn 0.000938 -0.016100 0.999870
vn 0.000741 -0.007620 0.999971
vn 0.000741 -0.007620 0.999971
vn 0.000741 -0.007620 0.999971
vn 0.000350 -0.002428 0.999997
vn 0.000350 -0.002428 0.999997
vn 0.000350 -0.002428 0.999997
vn 0.000894 -0.012429 0.999922
vn 0.000894 -0.012429 0.999922
vn 0.000894 -0.012429 0.999922
vn 0.000931 -0.012403 0.999923
vn 0.000931 -0.012403 0.999923
vn 0.000931 -0.012403 0.999923
vn 0.000724 -0.007632 0.999971
vn 0.000724 -0.007632 0.999971
vn 0.000724 -0.007632 0.999971
vn 0.000559 -0.002498 0.999997
vn 0.000559 -0.002498 0.999997
vn 0.000559 -0.002498 0.999997
vn -0.000135 0.003583 0.999994
vn -0.000135 0.003583 0.999994
vn -0.000135 0.003583 0.999994
vn -0.000506 0.003721 0.999993
vn -0.000506 0.003721 0.999993
vn -0.000506 0.003721 0.999993
vn -0.001567 0.010499 0.999944
vn -0.001567 0.010499 0.999944
vn -0.001567 0.010499 0.999944
vn 0.006263 -0.015376 0.999862
vn 0.006263 -0.015376 0.999862
vn 0.006263 -0.015376 0.999862
vn 0.004328 -0.017270 0.999841
vn 0.004328 -0.017270 0.999841
vn 0.004328 -0.017270 0.999841
vn 0.014247 -0.009845 0.999850
vn 0.014247 -0.009845 0.999850
vn 0.014247 -0.009845 0.999850
vn 0.009307 -0.016479 0.999821
vn 0.009307 -0.016479 0.999821
vn 0.009307 -0.016479 0.999821
vn 0.002772 -0.013053 0.999911
vn 0.002772 -0.013053 0.999911
vn 0.002772 -0.013053 0.999911
vn 0.004237 -0.011578 0.999924
vn 0.004237 -0.011578 0.999924
vn 0.004237 -0.011578 0.999924
vn 0.001070 -0.001943 0.999998
vn 0.001070 -0.001943 0.999998
vn 0.001070 -0.001943 0.999998
vn 0.001562 -0.007911 0.999967
vn 0.001562 -0.007911 0.999967
vn 0.001562 -0.007911 0.999967
vn 0.002474 -0.006963 0.999973
vn 0.002474 -0.006963 0.999973
vn 0.002474 -0.006963 0.999973
vn 0.000840 -0.001859 0.999998
vn 0.000840 -0.001859 0.999998
vn 0.000840 -0.001859 0.999998
vn 0.000022 0.004600 0.999989
vn 0.000022 0.004600 0.999989
vn 0.000022 0.004600 0.999989
vn 0.009095 -0.006804 0.999935
vn 0.009095 -0.006804 0.999935
vn 0.009095 -0.006804 0.999935
vn 0.005398 -0.011999 0.999913
vn 0.005398 -0.011999 0.999913
vn 0.005398 -0.011999 0.999913
vn 0.004924 -0.003697 0.999981
vn 0.004924 -0.003697 0.999981
vn 0.004924 -0.003697 0.999981
vn 0.002666 -0.007033 0.999972
vn 0.002666 -0.007033 0.999972
vn 0.002666 -0.007033 0.999972
vn 0.002015 -0.000020 0.999998
vn 0.002015 -0.000020 0.999998
vn 0.002015 -0.000020 0.999998
vn 0.033591 0.004681 -0.999425
vn 0.033591 0.004681 -0.999425
vn 0.033591 0.004681 -0.999425
vn 0.033591 0.004681 -0.999425
vn 0.042145 -0.021978 -0.998870
vn 0.042145 -0.021978 -0.998870
vn 0.042145 -0.021978 -0.998870
vn 0.019891 -0.013021 -0.999717
vn 0.019891 -0.013021 -0.999717
vn 0.019891 -0.013021 -0.999717
vn 0.019891 -0.013021 -0.999717
vn 0.024947 -0.025183 -0.999372
vn 0.024947 -0.025183 -0.999372
vn 0.024947 -0.025183 -0.999372
vn 0.008383 -0.019200 -0.999781
vn 0.008383 -0.019200 -0.999781
vn 0.008383 -0.019200 -0.999781
vn 0.008383 -0.019200 -0.999781
vn 0.010418 -0.022993 -0.999681
vn 0.010418 -0.022993 -0.999681
vn 0.010418 -0.022993 -0.999681
vn 0.000743 -0.019779 -0.999804
vn 0.000743 -0.019779 -0.999804
vn 0.000743 -0.019779 -0.999804
vn 0.000743 -0.019779 -0.999804
vn 0.000703 -0.019721 -0.999805
vn 0.000703 -0.019721 -0.999805
vn 0.000703 -0.019721 -0.999805
vn 0.001257 -0.019894 -0.999801
vn 0.001257 -0.019894 -0.999801
vn 0.001257 -0.019894 -0.999801
vn 0.001257 -0.019894 -0.999801
vn 0.000635 -0.019226 -0.999815
vn 0.000635 -0.019226 -0.999815
vn 0.000635 -0.019226 -0.999815
vn 0.021545 -0.025442 -0.999444
vn 0.021545 -0.025442 -0.999444
vn 0.021545 -0.025442 -0.999444
vn 0.021545 -0.025442 -0.999444
vn 0.019956 -0.024166 -0.999509
vn 0.019956 -0.024166 -0.999509
vn 0.019956 -0.024166 -0.999509
vn 0.019956 -0.024166 -0.999509
vn 0.093129 -0.045166 -0.994629
vn 0.093129 -0.045166 -0.994629
vn 0.093129 -0.045166 -0.994629
vn 0.093129 -0.045166 -0.994629
vn 0.088139 -0.042129 -0.995217
vn 0.088139 -0.042129 -0.995217
vn 0.088139 -0.042129 -0.995217
vn 0.088139 -0.042129 -0.995217
vn 0.287196 -0.097587 -0.952888
vn 0.287196 -0.097587 -0.952888
vn 0.287196 -0.097587 -0.952888
vn 0.287196 -0.097587 -0.952888
vn 0.274041 -0.091175 -0.957386
vn 0.274041 -0.091175 -0.957386
vn 0.274041 -0.091175 -0.957386
vn 0.274041 -0.091175 -0.957386
vn 0.602816 -0.180035 -0.777303
vn 0.602816 -0.180035 -0.777303
vn 0.602816 -0.180035 -0.777303
vn 0.621881 -0.181613 -0.761761
vn 0.621881 -0.181613 -0.761761
vn 0.621881 -0.181613 -0.761761
vn 0.621881 -0.181613 -0.761761
vn 0.621881 -0.181613 -0.761761
vn 0.007396 0.004663 0.999962
vn 0.007396 0.004663 0.999962
vn 0.007396 0.004663 0.999962
vn 0.008134 -0.006414 0.999946
vn 0.008134 -0.006414 0.999946
vn 0.008134 -0.006414 0.999946
vn 0.008134 -0.006414 0.999946
vn 0.003628 -0.003171 0.999988
vn 0.003628 -0.003171 0.999988
vn 0.003628 -0.003171 0.999988
vn 0.003628 -0.003171 0.999988
vn 0.014451 0.005750 0.999879
vn 0.014451 0.005750 0.999879
vn 0.014451 0.005750 0.999879
vn 0.002807 0.004660 0.999985
vn 0.002807 0.004660 0.999985
vn 0.002807 0.004660 0.999985
vn 0.014909 -0.010113 0.999838
vn 0.014909 -0.010113 0.999838
vn 0.014909 -0.010113 0.999838
vn 0.014909 -0.010113 0.999838
vn 0.000931 0.000425 0.999999
vn 0.000931 0.000425 0.999999
vn 0.000931 0.000425 0.999999
vn 0.000931 0.000425 0.999999
vn 0.023499 0.005324 0.999710
vn 0.023499 0.005324 0.999710
vn 0.023499 0.005324 0.999710
vn 0.000032 0.006774 0.999977
vn 0.000032 0.006774 0.999977
vn 0.000032 0.006774 0.999977
vn 0.023345 -0.014169 0.999627
vn 0.023345 -0.014169 0.999627
vn 0.023345 -0.014169 0.999627
vn 0.023345 -0.014169 0.999627
vn -0.000728 0.004913 0.999988
vn -0.000728 0.004913 0.999988
vn -0.000728 0.004913 0.999988
vn -0.000728 0.004913 0.999988
vn 0.033593 0.003129 0.999431
vn 0.033593 0.003129 0.999431
vn 0.033593 0.003129 0.999431
vn -0.001864 0.011455 0.999933
vn -0.001864 0.011455 0.999933
vn -0.001864 0.011455 0.999933
vn 0.032655 -0.018263 0.999300
vn 0.032655 -0.018263 0.999300
vn 0.032655 -0.018263 0.999300
vn 0.032655 -0.018263 0.999300
vn 0.032655 -0.018263 0.999300
vn -0.002136 0.010744 0.999940
vn -0.002136 0.010744 0.999940
vn -0.002136 0.010744 0.999940
vn -0.002136 0.010744 0.999940
vn -0.003512 0.017665 0.999838
vn -0.003512 0.017665 0.999838
vn -0.003512 0.017665 0.999838
vn -0.003512 0.017665 0.999838
vn -0.003964 0.018465 0.999822
vn -0.003964 0.018465 0.999822
vn -0.003964 0.018465 0.999822
vn 0.043846 -0.000417 0.999038
vn 0.043846 -0.000417 0.999038
vn 0.043846 -0.000417 0.999038
vn -0.005094 0.023734 0.999705
vn -0.005094 0.023734 0.999705
vn -0.005094 0.023734 0.999705
vn -0.005094 0.023734 0.999705
vn -0.005404 0.024271 0.999691
vn -0.005404 0.024271 0.999691
vn -0.005404 0.024271 0.999691
vn 0.025717 -0.015448 0.999550
vn 0.025717 -0.015448 0.999550
vn 0.025717 -0.015448 0.999550
vn -0.006223 0.027946 0.999590
vn -0.006223 0.027946 0.999590
vn -0.006223 0.027946 0.999590
vn -0.006223 0.027946 0.999590
vn 0.019445 -0.023213 0.999541
vn 0.019445 -0.023213 0.999541
vn 0.019445 -0.023213 0.999541
vn 0.019445 -0.023213 0.999541
vn -0.006337 0.028142 0.999584
vn -0.006337 0.028142 0.999584
vn -0.006337 0.028142 0.999584
vn 0.010652 -0.020029 0.999743
vn 0.010652 -0.020029 0.999743
vn 0.010652 -0.020029 0.999743
vn -0.006776 0.030090 0.999524
vn -0.006776 0.030090 0.999524
vn -0.006776 0.030090 0.999524
vn -0.006776 0.030090 0.999524
vn 0.008241 -0.022270 0.999718
vn 0.008241 -0.022270 0.999718
vn 0.008241 -0.022270 0.999718
vn 0.008241 -0.022270 0.999718
vn -0.006757 0.030058 0.999525
vn -0.006757 0.030058 0.999525
vn -0.006757 0.030058 0.999525
vn 0.000699 -0.019764 0.999804
vn 0.000699 -0.019764 0.999804
vn 0.000699 -0.019764 0.999804
vn -0.006842 0.030438 0.999513
vn -0.006842 0.030438 0.999513
vn -0.006842 0.030438 0.999513
vn -0.006842 0.030438 0.999513
vn 0.000745 -0.019734 0.999805
vn 0.000745 -0.019734 0.999805
vn 0.000745 -0.019734 0.999805
vn 0.000745 -0.019734 0.999805
vn -0.006797 0.030362 0.999516
vn -0.006797 0.030362 0.999516
vn -0.006797 0.030362 0.999516
vn 0.000599 -0.019689 0.999806
vn 0.000599 -0.019689 0.999806
vn 0.000599 -0.019689 0.999806
vn -0.006810 0.030422 0.999514
vn -0.006810 0.030422 0.999514
vn -0.006810 0.030422 0.999514
vn -0.006810 0.030422 0.999514
vn 0.001281 -0.019418 0.999811
vn 0.001281 -0.019418 0.999811
vn 0.001281 -0.019418 0.999811
vn 0.001281 -0.019418 0.999811
vn -0.006761 0.030343 0.999517
vn -0.006761 0.030343 0.999517
vn -0.006761 0.030343 0.999517
vn -0.006775 0.030406 0.999515
vn -0.006775 0.030406 0.999515
vn -0.006775 0.030406 0.999515
vn -0.006775 0.030406 0.999515
vn 0.019893 -0.024951 0.999491
vn 0.019893 -0.024951 0.999491
vn 0.019893 -0.024951 0.999491
vn 0.019893 -0.024951 0.999491
vn -0.006723 0.030323 0.999518
vn -0.006723 0.030323 0.999518
vn -0.006723 0.030323 0.999518
vn 0.021585 -0.024634 0.999463
vn 0.021585 -0.024634 0.999463
vn 0.021585 -0.024634 0.999463
vn 0.021585 -0.024634 0.999463
vn -0.006738 0.030388 0.999515
vn -0.006738 0.030388 0.999515
vn -0.006738 0.030388 0.999515
vn -0.006738 0.030388 0.999515
vn 0.088011 -0.043700 0.995160
vn 0.088011 -0.043700 0.995160
vn 0.088011 -0.043700 0.995160
vn 0.088011 -0.043700 0.995160
vn -0.006682 0.030301 0.999518
vn -0.006682 0.030301 0.999518
vn -0.006682 0.030301 0.999518
vn 0.093214 -0.043552 0.994693
vn 0.093214 -0.043552 0.994693
vn 0.093214 -0.043552 0.994693
vn 0.093214 -0.043552 0.994693
vn -0.006697 0.030367 0.999516
vn -0.006697 0.030367 0.999516
vn -0.006697 0.030367 0.999516
vn -0.006697 0.030367 0.999516
vn 0.273775 -0.093874 0.957202
vn 0.273775 -0.093874 0.957202
vn 0.273775 -0.093874 0.957202
vn -0.006638 0.030276 0.999520
vn -0.006638 0.030276 0.999520
vn -0.006638 0.030276 0.999520
vn 0.287405 -0.094833 0.953103
vn 0.287405 -0.094833 0.953103
vn 0.287405 -0.094833 0.953103
vn 0.287405 -0.094833 0.953103
vn -0.006652 0.030338 0.999518
vn -0.006652 0.030338 0.999518
vn -0.006652 0.030338 0.999518
vn -0.006652 0.030338 0.999518
vn 0.602816 -0.180034 0.777304
vn 0.602816 -0.180034 0.777304
vn 0.602816 -0.180034 0.777304
vn -0.006594 0.030250 0.999521
vn -0.006594 0.030250 0.999521
vn -0.006594 0.030250 0.999521
vn 0.621896 -0.181614 0.761749
vn 0.621896 -0.181614 0.761749
vn 0.621896 -0.181614 0.761749
vn 0.621896 -0.181614 0.761749
vn 0.621896 -0.181614 0.761749
vn -0.006605 0.030299 0.999519
vn -0.006605 0.030299 0.999519
vn -0.006605 0.030299 0.999519
vn -0.006605 0.030299 0.999519
vn -0.006556 0.030222 0.999522
vn -0.006556 0.030222 0.999522
vn -0.006556 0.030222 0.999522
vn -0.006561 0.030245 0.999521
vn -0.006561 0.030245 0.999521
vn -0.006561 0.030245 0.999521
vn -0.006561 0.030245 0.999521
vn -0.006531 0.030195 0.999523
vn -0.006531 0.030195 0.999523
vn -0.006531 0.030195 0.999523
vn -0.006525 0.030167 0.999524
vn -0.006525 0.030167 0.999524
vn -0.006525 0.030167 0.999524
vn -0.006525 0.030167 0.999524
vn -0.006525 0.030166 0.999524
vn -0.006525 0.030166 0.999524
vn -0.006525 0.030166 0.999524
vn -0.006501 0.030054 0.999527
vn -0.006501 0.030054 0.999527
vn -0.006501 0.030054 0.999527
vn -0.006501 0.030054 0.999527
vn -0.006545 0.030143 0.999524
vn -0.006545 0.030143 0.999524
vn -0.006545 0.030143 0.999524
vn -0.006494 0.029907 0.999532
vn -0.006494 0.029907 0.999532
vn -0.006494 0.029907 0.999532
vn -0.006494 0.029907 0.999532
vn -0.006601 0.030133 0.999524
vn -0.006601 0.030133 0.999524
vn -0.006601 0.030133 0.999524
vn -0.006517 0.029750 0.999536
vn -0.006517 0.029750 0.999536
vn -0.006517 0.029750 0.999536
vn -0.006517 0.029750 0.999536
vn -0.006701 0.030152 0.999523
vn -0.006701 0.030152 0.999523
vn -0.006701 0.030152 0.999523
vn -0.006586 0.029633 0.999539
vn -0.006586 0.029633 0.999539
vn -0.006586 0.029633 0.999539
vn -0.006586 0.029633 0.999539
vn -0.006850 0.030210 0.999520
vn -0.006850 0.030210 0.999520
vn -0.006850 0.030210 0.999520
vn -0.006702 0.029555 0.999541
vn -0.006702 0.029555 0.999541
vn -0.006702 0.029555 0.999541
vn -0.006702 0.029555 0.999541
vn -0.007026 0.030271 0.999517
vn -0.007026 0.030271 0.999517
vn -0.007026 0.030271 0.999517
vn -0.006843 0.029483 0.999542
vn -0.006843 0.029483 0.999542
vn -0.006843 0.029483 0.999542
vn -0.006843 0.029483 0.999542
vn -0.007205 0.030306 0.999515
vn -0.007205 0.030306 0.999515
vn -0.007205 0.030306 0.999515
vn -0.006981 0.029364 0.999544
vn -0.006981 0.029364 0.999544
vn -0.006981 0.029364 0.999544
vn -0.006981 0.029364 0.999544
vn -0.007359 0.030272 0.999515
vn -0.007359 0.030272 0.999515
vn -0.007359 0.030272 0.999515
vn -0.008000 0.032908 0.999426
vn -0.008000 0.032908 0.999426
vn -0.008000 0.032908 0.999426
vn -0.008000 0.032908 0.999426
vn -0.008425 0.034018 0.999386
vn -0.008425 0.034018 0.999386
vn -0.008425 0.034018 0.999386
vn -0.016144 0.065182 0.997743
vn -0.016144 0.065182 0.997743
vn -0.016144 0.065182 0.997743
vn -0.016144 0.065182 0.997743
vn -0.016985 0.067570 0.997570
vn -0.016985 0.067570 0.997570
vn -0.016985 0.067570 0.997570
vn -0.042538 0.169224 0.984659
vn -0.042538 0.169224 0.984659
vn -0.042538 0.169224 0.984659
vn -0.042538 0.169224 0.984659
vn -0.044671 0.175742 0.983422
vn -0.044671 0.175742 0.983422
vn -0.044671 0.175742 0.983422
vn -0.105164 0.413732 0.904304
vn -0.105164 0.413732 0.904304
vn -0.105164 0.413732 0.904304
vn -0.105164 0.413732 0.904304
vn -0.109472 0.427458 0.897382
vn -0.109472 0.427458 0.897382
vn -0.109472 0.427458 0.897382
vn -0.194286 0.755527 0.625645
vn -0.194286 0.755527 0.625645
vn -0.194286 0.755527 0.625645
vn -0.236222 0.918606 0.316801
vn -0.236222 0.918606 0.316801
vn -0.236222 0.918606 0.316801
vn -0.236222 0.918606 0.316801
vn -0.237137 0.920794 0.309683
vn -0.237137 0.920794 0.309683
vn -0.237137 0.920794 0.309683
vn -0.247911 0.962629 0.109020
vn -0.247911 0.962629 0.109020
vn -0.247911 0.962629 0.109020
vn -0.247911 0.962629 0.109020
vn -0.247816 0.962512 0.110262
vn -0.247816 0.962512 0.110262
vn -0.247816 0.962512 0.110262
vn -0.249295 0.968260 0.018034
vn -0.249295 0.968260 0.018034
vn -0.249295 0.968260 0.018034
vn -0.249295 0.968260 0.018034
vn -0.249008 0.968226 0.023094
vn -0.249008 0.968226 0.023094
vn -0.249008 0.968226 0.023094
vn -0.249073 0.968477 0.003966
vn -0.249073 0.968477 0.003966
vn -0.249073 0.968477 0.003966
vn -0.249073 0.968477 0.003966
vn -0.248769 0.968515 0.009608
vn -0.248769 0.968515 0.009608
vn -0.248769 0.968515 0.009608
vn -0.248779 0.968552 0.004003
vn -0.248779 0.968552 0.004003
vn -0.248779 0.968552 0.004003
vn -0.248779 0.968552 0.004003
vn -0.248472 0.968590 0.009701
vn -0.248472 0.968590 0.009701
vn -0.248472 0.968590 0.009701
vn -0.248482 0.968627 0.004188
vn -0.248482 0.968627 0.004188
vn -0.248482 0.968627 0.004188
vn -0.248482 0.968627 0.004188
vn -0.248180 0.968664 0.009797
vn -0.248180 0.968664 0.009797
vn -0.248180 0.968664 0.009797
vn -0.248190 0.968702 0.004291
vn -0.248190 0.968702 0.004291
vn -0.248190 0.968702 0.004291
vn -0.248190 0.968702 0.004291
vn -0.247886 0.968738 0.009956
vn -0.247886 0.968738 0.009956
vn -0.247886 0.968738 0.009956
vn -0.247886 0.968740 -0.009807
vn -0.247886 0.968740 -0.009807
vn -0.247886 0.968740 -0.009807
vn -0.247886 0.968740 -0.009807
vn -0.247582 0.968860 -0.003691
vn -0.247582 0.968860 -0.003691
vn -0.247582 0.968860 -0.003691
vn -0.246316 0.963905 -0.101077
vn -0.246316 0.963905 -0.101077
vn -0.246316 0.963905 -0.101077
vn -0.246316 0.963905 -0.101077
vn -0.246071 0.964945 -0.091276
vn -0.246071 0.964945 -0.091276
vn -0.246071 0.964945 -0.091276
vn -0.234899 0.921135 -0.310376
vn -0.234899 0.921135 -0.310376
vn -0.234899 0.921135 -0.310376
vn -0.234899 0.921135 -0.310376
vn -0.235420 0.926440 -0.293746
vn -0.235420 0.926440 -0.293746
vn -0.235420 0.926440 -0.293746
vn 0.963924 -0.265364 0.020802
vn 0.963924 -0.265364 0.020802
vn 0.963924 -0.265364 0.020802
vn 0.953602 -0.263096 0.146365
vn 0.953602 -0.263096 0.146365
vn 0.953602 -0.263096 0.146365
vn 0.953602 -0.263096 0.146365
vn 0.952245 -0.263792 0.153764
vn 0.952245 -0.263792 0.153764
vn 0.952245 -0.263792 0.153764
vn 0.873578 -0.244472 0.420826
vn 0.873578 -0.244472 0.420826
vn 0.873578 -0.244472 0.420826
vn 0.873578 -0.244472 0.420826
vn 0.873578 -0.244472 0.420826
vn 0.864876 -0.244773 0.438265
vn 0.864876 -0.244773 0.438265
vn 0.864876 -0.244773 0.438265
usemtl Paint_-_Enamel_Glossy_(White)_(1)
f 1/1/1 2/2/2 3/3/3
f 4/4/4 5/5/5 3/6/6
f 2/7/7 6/8/8 3/9/9
f 3/9/9 6/8/8 4/10/10
f 7/11/11 8/12/12 5/13/13
f 4/14/14 7/15/15 5/16/16
f 9/17/17 10/18/18 8/19/19
f 7/20/20 9/21/21 8/22/22
f 11/23/23 12/24/24 10/25/25
f 9/26/26 11/27/27 10/28/28
f 13/29/29 14/30/30 12/31/31
f 11/32/32 13/33/33 12/34/34
f 15/35/35 16/36/36 14/37/37
f 13/38/38 15/39/39 14/40/40
f 17/41/41 18/42/42 16/43/43
f 15/44/44 17/45/45 16/46/46
f 17/47/47 19/48/48 18/49/49
f 19/50/50 20/51/51 18/52/52
f 20/53/53 16/54/54 18/55/55
f 20/56/56 21/57/57 16/58/58
f 21/59/59 14/60/60 16/61/61
f 21/62/62 22/63/63 14/64/64
f 22/65/65 12/66/66 14/67/67
f 22/68/68 23/69/69 12/70/70
f 23/71/71 10/72/72 12/73/73
f 23/74/74 24/75/75 10/76/76
f 24/77/77 8/78/78 10/79/79
f 24/80/80 25/81/81 8/82/82
f 25/83/83 5/84/84 8/85/85
f 26/86/86 1/87/87 27/88/88
f 27/88/88 1/87/87 3/89/89
f 28/90/90 26/91/91 27/92/92
f 25/93/93 29/94/94 5/95/95
f 29/96/96 3/97/97 5/98/98
f 29/99/99 27/100/100 3/101/101
f 30/102/102 31/103/103 32/104/104
f 30/105/105 33/106/106 31/107/107
f 33/108/108 34/109/109 31/110/110
f 33/111/111 35/112/112 34/113/113
f 35/114/114 36/115/115 34/116/116
f 35/117/117 37/118/118 36/119/119
f 37/120/120 38/121/121 36/122/122
f 37/123/123 39/124/124 38/125/125
f 39/126/126 40/127/127 38/128/128
f 41/129/129 42/130/130 43/131/131
f 39/132/132 44/133/133 40/134/134
f 41/135/135 45/136/136 42/137/137
f 45/138/138 46/139/139 42/140/140
f 47/141/141 48/142/142 49/143/143
f 48/144/144 28/145/145 49/146/146
f 49/146/146 28/145/145 27/147/147
f 45/148/148 50/149/149 46/150/150
f 19/151/151 51/152/152 20/153/153
f 50/154/154 52/155/155 46/156/156
f 51/157/157 53/158/158 20/159/159
f 53/160/160 21/161/161 20/162/162
f 53/163/163 54/164/164 21/165/165
f 54/166/166 22/167/167 21/168/168
f 54/169/169 55/170/170 22/171/171
f 55/172/172 23/173/173 22/174/174
f 56/175/175 24/176/176 23/177/177
f 55/178/178 56/179/179 23/180/180
f 57/181/181 25/182/182 24/183/183
f 56/184/184 57/185/185 24/186/186
f 58/187/187 29/188/188 25/189/189
f 57/190/190 58/191/191 25/192/192
f 59/193/193 49/194/194 27/195/195
f 59/196/196 27/197/197 29/198/198
f 58/199/199 59/200/200 29/201/201
f 60/202/202 33/203/203 30/204/204
f 60/205/205 61/206/206 33/207/207
f 61/208/208 35/209/209 33/210/210
f 61/211/211 62/212/212 35/213/213
f 62/214/214 37/215/215 35/216/216
f 62/217/217 63/218/218 37/219/219
f 63/220/220 39/221/221 37/222/222
f 63/223/223 64/224/224 39/225/225
f 64/226/226 44/227/227 39/228/228
f 65/229/229 45/230/230 41/231/231
f 64/232/232 66/233/233 44/234/234
f 65/235/235 67/236/236 45/237/237
f 67/238/238 50/239/239 45/240/240
f 68/241/241 47/242/242 69/243/243
f 69/243/243 47/242/242 49/244/244
f 70/245/245 68/246/246 69/247/247
f 71/248/248 49/249/249 59/250/250
f 71/251/251 69/252/252 49/253/253
f 67/254/254 72/255/255 50/256/256
f 50/257/257 73/258/258 52/259/259
f 72/260/260 73/261/261 50/262/262
f 74/263/263 75/264/264 76/265/265
f 51/266/266 77/267/267 53/268/268
f 77/269/269 78/270/270 53/271/271
f 78/272/272 54/273/273 53/274/274
f 78/275/275 79/276/276 54/277/277
f 79/278/278 55/279/279 54/280/280
f 79/281/281 80/282/282 55/283/283
f 80/284/284 56/285/285 55/286/286
f 80/287/287 81/288/288 56/289/289
f 81/290/290 57/291/291 56/292/292
f 81/293/293 82/294/294 57/295/295
f 82/296/296 58/297/297 57/298/298
f 82/299/299 83/300/300 58/301/301
f 83/302/302 59/303/303 58/304/304
f 83/305/305 71/306/306 59/307/307
f 84/308/308 61/309/309 60/310/310
f 84/311/311 85/312/312 61/313/313
f 85/314/314 62/315/315 61/316/316
f 85/317/317 86/318/318 62/319/319
f 86/320/320 63/321/321 62/322/322
f 86/323/323 87/324/324 63/325/325
f 87/326/326 64/327/327 63/328/328
f 87/329/329 88/330/330 64/331/331
f 88/332/332 66/333/333 64/334/334
f 89/335/335 67/336/336 65/337/337
f 88/338/338 90/339/339 66/340/340
f 89/341/341 91/342/342 67/343/343
f 91/344/344 72/345/345 67/346/346
f 92/347/347 70/348/348 93/349/349
f 93/349/349 70/348/348 69/350/350
f 94/351/351 92/352/352 93/353/353
f 95/354/354 69/355/355 71/356/356
f 95/357/357 93/358/358 69/359/359
f 96/360/360 71/361/361 83/362/362
f 96/363/363 95/364/364 71/365/365
f 91/366/366 97/367/367 72/368/368
f 72/369/369 98/370/370 73/371/371
f 97/372/372 98/373/373 72/374/374
f 99/375/375 100/376/376 74/377/377
f 74/378/378 100/379/379 75/380/380
f 100/381/381 101/382/382 75/383/383
f 77/384/384 102/385/385 78/386/386
f 102/387/387 103/388/388 78/389/389
f 103/390/390 79/391/391 78/392/392
f 103/393/393 104/394/394 79/395/395
f 104/396/396 80/397/397 79/398/398
f 104/399/399 105/400/400 80/401/401
f 105/402/402 81/403/403 80/404/404
f 105/405/405 106/406/406 81/407/407
f 106/408/408 82/409/409 81/410/410
f 106/411/411 107/412/412 82/413/413
f 107/414/414 83/415/415 82/416/416
f 107/417/417 96/418/418 83/419/419
f 108/420/420 85/421/421 84/422/422
f 108/423/423 109/424/424 85/425/425
f 109/426/426 86/427/427 85/428/428
f 109/429/429 110/430/430 86/431/431
f 110/430/432 87/432/433 86/433/434
f 110/434/435 111/435/436 87/436/437
f 111/435/438 88/437/439 87/438/440
f 111/439/441 112/440/442 88/441/443
f 112/442/444 90/443/445 88/444/446
f 113/445/447 91/446/448 89/447/449
f 112/448/450 114/449/451 90/450/452
f 113/451/453 115/452/454 91/453/455
f 115/454/456 97/455/457 91/456/458
f 116/457/459 94/458/460 117/459/461
f 117/459/461 94/458/460 93/460/462
f 118/461/463 116/462/464 117/463/465
f 119/464/466 93/465/467 95/466/468
f 119/467/469 117/468/470 93/469/471
f 120/470/472 95/471/473 96/472/474
f 120/473/475 119/474/476 95/475/477
f 121/476/478 96/477/479 107/478/480
f 121/479/481 120/480/482 96/481/483
f 115/482/484 122/483/485 97/484/486
f 97/485/487 123/486/488 98/487/489
f 122/488/490 123/489/491 97/490/492
f 124/491/493 125/492/494 99/493/495
f 99/494/496 125/495/497 100/496/498
f 125/497/499 126/498/500 100/499/501
f 100/500/502 126/501/503 101/502/504
f 126/503/505 127/504/506 101/505/507
f 102/506/508 128/507/509 103/508/510
f 128/509/511 129/510/512 103/511/513
f 129/512/514 104/513/515 103/514/516
f 129/515/517 130/516/518 104/517/519
f 130/518/520 105/519/521 104/520/522
f 130/521/523 131/522/524 105/523/525
f 131/524/526 106/525/527 105/526/528
f 131/527/529 132/528/530 106/529/531
f 132/530/532 107/531/533 106/532/534
f 132/533/535 121/534/536 107/535/537
f 133/536/538 109/537/539 108/538/540
f 133/539/541 134/540/542 109/541/543
f 134/542/544 110/543/545 109/544/546
f 134/545/547 135/546/548 110/547/549
f 135/546/550 111/548/551 110/549/552
f 135/550/553 136/551/554 111/552/555
f 136/551/556 112/553/557 111/554/558
f 136/555/559 137/556/560 112/557/561
f 137/558/562 114/559/563 112/560/564
f 137/561/565 138/562/566 114/563/567
f 139/564/568 115/565/569 113/566/570
f 139/567/571 140/568/572 115/569/573
f 140/570/574 122/571/575 115/572/576
f 141/573/577 118/574/578 142/575/579
f 142/575/579 118/574/578 117/576/580
f 143/577/581 141/578/582 142/579/583
f 144/580/584 117/581/585 119/582/586
f 144/583/587 142/584/588 117/585/589
f 140/586/590 145/587/591 122/588/592
f 146/589/593 119/590/594 120/591/595
f 146/592/596 144/593/597 119/594/598
f 147/595/599 120/596/600 121/597/601
f 147/598/602 146/599/603 120/600/604
f 148/601/605 121/602/606 132/603/607
f 148/604/608 147/605/609 121/606/610
f 122/607/611 149/608/612 123/609/613
f 145/610/614 149/611/615 122/612/616
f 150/613/617 151/614/618 124/615/619
f 124/616/620 151/617/621 125/618/622
f 151/619/623 152/620/624 125/621/625
f 125/622/626 152/623/627 126/624/628
f 152/625/629 153/626/630 126/627/631
f 126/628/632 153/629/633 127/630/634
f 153/631/635 154/632/636 127/633/637
f 128/634/638 155/635/639 129/636/640
f 156/637/641 130/638/642 129/639/643
f 155/640/644 156/641/645 129/642/646
f 156/643/647 157/644/648 130/645/649
f 157/646/650 131/647/651 130/648/652
f 157/649/653 158/650/654 131/651/655
f 158/652/656 132/653/657 131/654/658
f 158/655/659 148/656/660 132/657/661
f 159/658/662 134/659/663 133/660/664
f 159/661/665 160/662/666 134/663/667
f 160/664/668 135/665/669 134/666/670
f 160/667/671 161/668/672 135/669/673
f 161/668/674 136/670/675 135/671/676
f 161/672/677 162/673/678 136/674/679
f 162/673/680 137/675/681 136/676/682
f 163/677/683 138/678/684 137/679/685
f 162/680/686 163/681/687 137/682/688
f 163/683/689 164/684/690 138/685/691
f 165/686/692 140/687/693 139/688/694
f 165/689/695 166/690/696 140/691/697
f 166/692/698 145/693/699 140/694/700
f 167/695/701 168/696/702 169/697/703
f 168/698/704 143/699/705 169/700/706
f 169/700/706 143/699/705 142/701/707
f 170/702/708 142/703/709 144/704/710
f 170/705/711 169/706/712 142/707/713
f 166/708/714 171/709/715 145/710/716
f 172/711/717 144/712/718 146/713/719
f 172/714/720 170/715/721 144/716/722
f 145/717/723 173/718/724 149/719/725
f 171/720/726 173/721/727 145/722/728
f 174/723/729 146/724/730 147/725/731
f 174/726/732 172/727/733 146/728/734
f 175/729/735 147/730/736 148/731/737
f 175/732/738 174/733/739 147/734/740
f 176/735/741 148/736/742 158/737/743
f 176/738/744 175/739/745 148/740/746
f 177/741/747 178/742/748 150/743/749
f 150/744/750 178/745/751 151/746/752
f 178/747/753 179/748/754 151/749/755
f 151/750/756 179/751/757 152/752/758
f 179/753/759 180/754/760 152/755/761
f 152/756/762 180/757/763 153/758/764
f 180/759/765 181/760/766 153/761/767
f 153/762/768 181/763/769 154/764/770
f 181/765/771 182/766/772 154/767/773
f 155/768/774 183/769/775 156/770/776
f 182/771/777 184/772/778 185/773/779
f 186/774/780 157/775/781 156/776/782
f 186/777/783 187/778/784 157/779/785
f 187/780/786 158/781/787 157/782/788
f 187/783/789 176/784/790 158/785/791
f 188/786/792 160/787/793 159/788/794
f 189/789/795 167/790/796 190/791/797
f 190/791/797 167/790/796 169/792/798
f 191/793/799 189/794/800 190/795/801
f 188/796/802 192/797/803 160/798/804
f 192/799/805 161/800/806 160/801/807
f 192/802/808 193/803/809 161/804/810
f 193/803/811 162/805/812 161/806/813
f 193/807/814 194/808/815 162/809/816
f 194/808/817 163/810/818 162/811/819
f 194/812/820 195/813/821 163/814/822
f 195/815/823 164/816/824 163/817/825
f 196/818/826 166/819/827 165/820/828
f 195/821/829 197/822/830 164/823/831
f 196/824/832 198/825/833 166/826/834
f 198/827/835 171/828/836 166/829/837
f 199/830/838 169/831/839 170/832/840
f 199/833/841 190/834/842 169/835/843
f 200/836/844 170/837/845 172/838/846
f 200/839/847 199/840/848 170/841/849
f 198/842/850 201/843/851 171/844/852
f 171/845/853 202/846/854 173/847/855
f 201/848/856 202/849/857 171/850/858
f 203/851/859 172/852/860 174/853/861
f 203/854/862 200/855/863 172/856/864
f 204/857/865 205/858/866 177/859/867
f 177/860/868 205/861/869 178/862/870
f 206/863/871 174/864/872 175/865/873
f 206/866/874 203/867/875 174/868/876
f 207/869/877 175/870/878 176/871/879
f 207/872/880 206/873/881 175/874/882
f 208/875/883 176/876/884 187/877/885
f 208/878/886 207/879/887 176/880/888
f 205/881/889 209/882/890 178/883/891
f 178/884/892 209/885/893 179/886/894
f 209/887/895 210/888/896 179/889/897
f 179/890/898 210/891/899 180/892/900
f 210/893/901 211/894/902 180/895/903
f 180/896/904 211/897/905 181/898/906
f 211/899/907 212/900/908 181/901/909
f 181/902/910 212/903/911 182/904/912
f 182/905/913 213/906/914 184/907/915
f 212/908/916 213/909/917 182/910/918
f 213/911/919 214/912/920 184/913/921
f 215/914/922 187/915/923 186/916/924
f 215/917/925 208/918/926 187/919/927
f 216/920/928 191/921/929 217/922/930
f 217/922/930 191/921/929 190/923/931
f 218/924/932 216/925/933 217/926/934
f 219/927/935 192/928/936 188/929/937
f 220/930/938 190/931/939 199/932/940
f 220/933/941 217/934/942 190/935/943
f 221/936/944 193/937/945 192/938/946
f 219/939/947 221/940/948 192/941/949
f 221/942/950 222/943/951 193/944/952
f 222/945/953 194/946/954 193/947/955
f 222/948/956 223/949/957 194/950/958
f 223/951/959 195/952/960 194/953/961
f 223/954/962 224/955/963 195/956/964
f 224/957/965 197/958/966 195/959/967
f 225/960/968 198/961/969 196/962/970
f 224/963/971 226/964/972 197/965/973
f 225/966/974 227/967/975 198/968/976
f 227/969/977 201/970/978 198/971/979
f 228/972/980 220/973/981 199/974/982
f 228/975/983 199/976/984 200/977/985
f 229/978/986 200/979/987 203/980/988
f 229/981/989 228/982/990 200/983/991
f 227/984/992 230/985/993 201/986/994
f 201/987/995 231/988/996 202/989/997
f 230/990/998 231/991/999 201/992/1000
f 232/993/1001 233/994/1002 204/995/1003
f 204/996/1004 233/997/1005 205/998/1006
f 234/999/1007 203/1000/1008 206/1001/1009
f 234/1002/1010 229/1003/1011 203/1004/1012
f 233/1005/1013 235/1006/1014 205/1007/1015
f 205/1008/1016 235/1009/1017 209/1010/1018
f 236/1011/1019 206/1012/1020 207/1013/1021
f 236/1014/1022 234/1015/1023 206/1016/1024
f 237/1017/1025 207/1018/1026 208/1019/1027
f 237/1020/1028 236/1021/1029 207/1022/1030
f 238/1023/1031 208/1024/1032 215/1025/1033
f 238/1026/1034 237/1027/1035 208/1028/1036
f 235/1029/1037 239/1030/1038 209/1031/1039
f 209/1032/1040 239/1033/1041 210/1034/1042
f 239/1035/1043 240/1036/1044 210/1037/1045
f 210/1038/1046 240/1039/1047 211/1040/1048
f 240/1041/1049 241/1042/1050 211/1043/1051
f 211/1044/1052 241/1045/1053 212/1046/1054
f 241/1047/1055 242/1048/1056 212/1049/1057
f 212/1050/1058 242/1051/1059 213/1052/1060
f 242/1053/1061 243/1054/1062 213/1055/1063
f 213/1056/1064 243/1057/1065 214/1058/1066
f 243/1059/1067 244/1060/1068 214/1061/1069
f 245/1062/1070 218/1063/1071 246/1064/1072
f 246/1064/1072 218/1063/1071 217/1065/1073
f 247/1066/1074 245/1067/1075 246/1068/1076
f 248/1069/1077 247/1070/1078 249/1071/1079
f 249/1071/1079 247/1070/1078 246/1072/1080
f 250/1073/1081 248/1074/1082 249/1075/1083
f 251/1076/1084 217/1077/1085 220/1078/1086
f 251/1079/1087 246/1080/1088 217/1081/1089
f 252/1082/1090 221/1083/1091 219/1084/1092
f 253/1085/1093 251/1086/1094 220/1087/1095
f 253/1088/1096 220/1089/1097 228/1090/1098
f 252/1091/1099 254/1092/1100 221/1093/1101
f 254/1094/1102 222/1095/1103 221/1096/1104
f 254/1097/1105 255/1098/1106 222/1099/1107
f 255/1100/1108 223/1101/1109 222/1102/1110
f 256/1103/1111 224/1104/1112 223/1105/1113
f 255/1106/1114 256/1107/1115 223/1108/1116
f 257/1109/1117 226/1110/1118 224/1111/1119
f 256/1112/1120 257/1113/1121 224/1114/1122
f 258/1115/1123 259/1116/1124 226/1117/1125
f 257/1118/1126 258/1119/1127 226/1120/1128
f 260/1121/1129 230/1122/1130 227/1123/1131
f 258/1124/1132 261/1125/1133 259/1126/1134
f 262/1127/1135 228/1128/1136 229/1129/1137
f 262/1130/1138 253/1131/1139 228/1132/1140
f 260/1133/1141 263/1134/1142 230/1135/1143
f 264/1136/1144 229/1137/1145 234/1138/1146
f 264/1139/1147 262/1140/1148 229/1141/1149
f 230/1142/1150 265/1143/1151 231/1144/1152
f 263/1145/1153 265/1146/1154 230/1147/1155
f 266/1148/1156 267/1149/1157 232/1150/1158
f 232/1151/1159 267/1152/1160 233/1153/1161
f 267/1154/1162 268/1155/1163 233/1156/1164
f 233/1157/1165 268/1158/1166 235/1159/1167
f 269/1160/1168 234/1161/1169 236/1162/1170
f 269/1163/1171 264/1164/1172 234/1165/1173
f 268/1166/1174 270/1167/1175 235/1168/1176
f 235/1169/1177 270/1170/1178 239/1171/1179
f 271/1172/1180 236/1173/1181 237/1174/1182
f 271/1175/1183 269/1176/1184 236/1177/1185
f 272/1178/1186 237/1179/1187 238/1180/1188
f 272/1181/1189 271/1182/1190 237/1183/1191
f 243/1184/1192 273/1185/1193 244/1186/1194
f 273/1187/1195 274/1188/1196 244/1189/1197
f 270/1190/1198 275/1191/1199 239/1192/1200
f 239/1193/1201 275/1194/1202 240/1195/1203
f 240/1196/1204 276/1197/1205 241/1198/1206
f 275/1199/1207 276/1200/1208 240/1201/1209
f 276/1202/1210 277/1203/1211 241/1204/1212
f 241/1205/1213 277/1206/1214 242/1207/1215
f 277/1208/1216 278/1209/1217 242/1210/1218
f 242/1211/1219 278/1212/1220 243/1213/1221
f 278/1214/1222 273/1215/1223 243/1216/1224
f 279/1217/1225 246/1218/1226 251/1219/1227
f 279/1220/1228 249/1221/1229 246/1222/1230
f 280/1223/1231 249/1224/1232 279/1225/1233
f 280/1226/1234 281/1227/1235 249/1228/1236
f 282/1229/1237 250/1230/1238 281/1231/1239
f 281/1231/1239 250/1230/1238 249/1232/1240
f 283/1233/1241 282/1234/1242 281/1235/1243
f 284/1236/1244 279/1237/1245 251/1238/1246
f 284/1239/1247 251/1240/1248 253/1241/1249
f 285/1242/1250 254/1243/1251 252/1244/1252
f 286/1245/1253 253/1246/1254 262/1247/1255
f 286/1248/1256 284/1249/1257 253/1250/1258
f 287/1251/1259 255/1252/1260 254/1253/1261
f 285/1254/1262 287/1255/1263 254/1256/1264
f 287/1257/1265 288/1258/1266 255/1259/1267
f 288/1260/1268 256/1261/1269 255/1262/1270
f 288/1263/1271 289/1264/1272 256/1265/1273
f 289/1266/1274 257/1267/1275 256/1268/1276
f 289/1269/1277 290/1270/1278 257/1271/1279
f 290/1272/1280 258/1273/1281 257/1274/1282
f 290/1275/1283 291/1276/1284 258/1277/1285
f 291/1278/1286 261/1279/1287 258/1280/1288
f 292/1281/1289 263/1282/1290 260/1283/1291
f 291/1284/1292 293/1285/1293 261/1286/1294
f 294/1287/1295 262/1288/1296 264/1289/1297
f 294/1290/1298 286/1291/1299 262/1292/1300
f 292/1293/1301 295/1294/1302 263/1295/1303
f 263/1296/1304 296/1297/1305 265/1298/1306
f 295/1299/1307 296/1300/1308 263/1301/1309
f 297/1302/1310 264/1303/1311 269/1304/1312
f 297/1305/1313 294/1306/1314 264/1307/1315
f 298/1308/1316 299/1309/1317 266/1310/1318
f 266/1311/1319 299/1312/1320 267/1313/1321
f 299/1314/1322 300/1315/1323 267/1316/1324
f 267/1317/1325 300/1318/1326 268/1319/1327
f 300/1320/1328 301/1321/1329 268/1322/1330
f 268/1323/1331 301/1324/1332 270/1325/1333
f 302/1326/1334 269/1327/1335 271/1328/1336
f 302/1329/1337 297/1330/1338 269/1331/1339
f 270/1332/1340 303/1333/1341 275/1334/1342
f 301/1335/1343 303/1336/1344 270/1337/1345
f 304/1338/1346 271/1339/1347 272/1340/1348
f 304/1341/1349 302/1342/1350 271/1343/1351
f 273/1344/1352 305/1345/1353 274/1346/1354
f 305/1347/1355 306/1348/1356 274/1349/1357
f 278/1350/1358 307/1351/1359 273/1352/1360
f 307/1353/1361 305/1354/1362 273/1355/1363
f 275/1356/1364 308/1357/1365 276/1358/1366
f 303/1359/1367 308/1360/1368 275/1361/1369
f 308/1362/1370 309/1363/1371 276/1364/1372
f 276/1365/1373 309/1366/1374 277/1367/1375
f 277/1368/1376 310/1369/1377 278/1370/1378
f 309/1371/1379 310/1372/1380 277/1373/1381
f 310/1374/1382 307/1375/1383 278/1376/1384
f 311/1377/1385 279/1378/1386 284/1379/1387
f 311/1380/1388 280/1381/1389 279/1382/1390
f 312/1383/1391 280/1384/1392 311/1385/1393
f 312/1386/1394 313/1387/1395 280/1388/1396
f 313/1389/1397 281/1390/1398 280/1391/1399
f 313/1392/1400 314/1393/1401 281/1394/1402
f 315/1395/1403 283/1396/1404 314/1397/1405
f 314/1397/1405 283/1396/1404 281/1398/1406
f 316/1399/1407 315/1400/1408 314/1401/1409
f 317/1402/1410 284/1403/1411 286/1404/1412
f 317/1405/1413 311/1406/1414 284/1407/1415
f 319/1408/1416 320/1409/1417 318/1410/1418
f 318/1410/1418 320/1409/1417 285/1411/1419
f 320/1412/1420 287/1413/1421 285/1414/1422
f 321/1415/1423 286/1416/1424 294/1417/1425
f 321/1418/1426 317/1419/1427 286/1420/1428
f 322/1421/1429 323/1422/1430 324/1423/1431
f 320/1424/1432 325/1425/1433 287/1426/1434
f 326/1427/1435 327/1428/1436 323/1429/1437
f 322/1430/1438 326/1431/1439 323/1432/1440
f 328/1433/1441 329/1434/1442 327/1435/1443
f 326/1436/1444 328/1437/1445 327/1438/1446
f 328/1439/1447 330/1440/1448 329/1441/1449
f 330/1442/1450 331/1443/1451 329/1444/1452
f 330/1445/1453 332/1446/1454 331/1447/1455
f 332/1448/1456 333/1449/1457 331/1450/1458
f 332/1451/1459 334/1452/1460 333/1453/1461
f 334/1454/1462 335/1455/1463 333/1456/1464
f 336/1457/1465 321/1458/1466 294/1459/1467
f 336/1460/1468 294/1461/1469 297/1462/1470
f 334/1463/1471 337/1464/1472 335/1465/1473
f 337/1466/1474 338/1467/1475 335/1468/1476
f 295/1469/1477 339/1470/1478 296/1471/1479
f 340/1472/1480 341/1473/1481 298/1474/1482
f 298/1475/1483 341/1476/1484 299/1477/1485
f 342/1478/1486 297/1479/1487 302/1480/1488
f 342/1481/1489 336/1482/1490 297/1483/1491
f 299/1484/1492 343/1485/1493 300/1486/1494
f 341/1487/1495 343/1488/1496 299/1489/1497
f 300/1490/1498 344/1491/1499 301/1492/1500
f 343/1493/1501 344/1494/1502 300/1495/1503
f 344/1496/1504 345/1497/1505 301/1498/1506
f 301/1499/1507 345/1500/1508 303/1501/1509
f 346/1502/1510 302/1503/1511 304/1504/1512
f 346/1505/1513 342/1506/1514 302/1507/1515
f 345/1508/1516 347/1509/1517 303/1510/1518
f 303/1511/1519 347/1512/1520 308/1513/1521
f 305/1514/1522 348/1515/1523 306/1516/1524
f 348/1517/1525 349/1518/1526 306/1519/1527
f 350/1520/1528 348/1521/1529 305/1522/1530
f 307/1523/1531 350/1524/1532 305/1525/1533
f 310/1526/1534 351/1527/1535 307/1528/1536
f 351/1529/1537 350/1530/1538 307/1531/1539
f 308/1532/1540 352/1533/1541 309/1534/1542
f 347/1535/1543 352/1536/1544 308/1537/1545
f 352/1538/1546 353/1539/1547 309/1540/1548
f 309/1541/1549 353/1542/1550 310/1543/1551
f 353/1544/1552 351/1545/1553 310/1546/1554
f 354/1547/1555 311/1548/1556 317/1549/1557
f 354/1550/1558 312/1551/1559 311/1552/1560
f 355/1553/1561 312/1554/1562 354/1555/1563
f 355/1556/1564 356/1557/1565 312/1558/1566
f 356/1559/1567 313/1560/1568 312/1561/1569
f 356/1562/1570 357/1563/1571 313/1564/1572
f 357/1565/1573 314/1566/1574 313/1567/1575
f 357/1568/1576 358/1569/1577 314/1570/1578
f 359/1571/1579 316/1572/1580 358/1573/1581
f 358/1573/1581 316/1572/1580 314/1574/1582
f 360/1575/1583 359/1576/1584 358/1577/1585
f 361/1578/1586 317/1579/1587 321/1580/1588
f 361/1581/1589 354/1582/1590 317/1583/1591
f 362/1584/1592 322/1585/1593 363/1586/1594
f 364/1587/1595 321/1588/1596 336/1589/1597
f 364/1590/1598 361/1591/1599 321/1592/1600
f 365/1593/1601 326/1594/1602 322/1595/1603
f 362/1596/1604 365/1597/1605 322/1598/1606
f 366/1599/1607 328/1600/1608 326/1601/1609
f 365/1602/1610 366/1603/1611 326/1604/1612
f 366/1605/1613 367/1606/1614 328/1607/1615
f 367/1608/1616 330/1609/1617 328/1610/1618
f 367/1611/1619 368/1612/1620 330/1613/1621
f 368/1614/1622 332/1615/1623 330/1616/1624
f 368/1617/1625 369/1618/1626 332/1619/1627
f 369/1620/1628 334/1621/1629 332/1622/1630
f 369/1623/1631 370/1624/1632 334/1625/1633
f 370/1626/1634 337/1627/1635 334/1628/1636
f 371/1629/1637 336/1630/1638 342/1631/1639
f 371/1632/1640 364/1633/1641 336/1634/1642
f 370/1635/1643 372/1636/1644 337/1637/1645
f 337/1638/1646 372/1639/1647 338/1640/1648
f 340/1641/1649 373/1642/1650 341/1643/1651
f 372/1644/1652 374/1645/1653 338/1646/1654
f 341/1647/1655 375/1648/1656 343/1649/1657
f 373/1650/1658 375/1651/1659 341/1652/1660
f 376/1653/1661 342/1654/1662 346/1655/1663
f 376/1656/1664 371/1657/1665 342/1658/1666
f 375/1659/1667 377/1660/1668 343/1661/1669
f 343/1662/1670 377/1663/1671 344/1664/1672
f 344/1665/1673 378/1666/1674 345/1667/1675
f 377/1668/1676 378/1669/1677 344/1670/1678
f 345/1671/1679 379/1672/1680 347/1673/1681
f 378/1674/1682 379/1675/1683 345/1676/1684
f 348/1677/1685 380/1678/1686 349/1679/1687
f 380/1680/1688 381/1681/1689 349/1682/1690
f 347/1683/1691 382/1684/1692 352/1685/1693
f 379/1686/1694 382/1687/1695 347/1688/1696
f 383/1689/1697 380/1690/1698 348/1691/1699
f 350/1692/1700 383/1693/1701 348/1694/1702
f 351/1695/1703 384/1696/1704 350/1697/1705
f 384/1698/1706 383/1699/1707 350/1700/1708
f 385/1701/1709 384/1702/1710 351/1703/1711
f 353/1704/1712 385/1705/1713 351/1706/1714
f 382/1707/1715 386/1708/1716 352/1709/1717
f 352/1710/1718 386/1711/1719 353/1712/1720
f 386/1713/1721 385/1714/1722 353/1715/1723
f 387/1716/1724 354/1717/1725 361/1718/1726
f 387/1719/1727 355/1720/1728 354/1721/1729
f 388/1722/1730 355/1723/1731 387/1724/1732
f 388/1725/1733 389/1726/1734 355/1727/1735
f 389/1728/1736 356/1729/1737 355/1730/1738
f 389/1731/1739 390/1732/1740 356/1733/1741
f 390/1734/1742 357/1735/1743 356/1736/1744
f 390/1737/1745 391/1738/1746 357/1739/1747
f 391/1740/1748 358/1741/1749 357/1742/1750
f 391/1743/1751 392/1744/1752 358/1745/1753
f 393/1746/1754 360/1747/1755 392/1748/1756
f 392/1748/1756 360/1747/1755 358/1749/1757
f 394/1750/1758 393/1751/1759 392/1752/1760
f 395/1753/1761 361/1754/1762 364/1755/1763
f 395/1756/1764 387/1757/1765 361/1758/1766
f 396/1759/1767 365/1760/1768 362/1761/1769
f 397/1762/1770 364/1763/1771 371/1764/1772
f 397/1765/1773 395/1766/1774 364/1767/1775
f 396/1768/1776 398/1769/1777 365/1770/1778
f 398/1771/1779 366/1772/1780 365/1773/1781
f 398/1774/1782 399/1775/1783 366/1776/1784
f 399/1777/1785 367/1778/1786 366/1779/1787
f 399/1780/1788 400/1781/1789 367/1782/1790
f 400/1783/1791 368/1784/1792 367/1785/1793
f 400/1786/1794 401/1787/1795 368/1788/1796
f 401/1789/1797 369/1790/1798 368/1791/1799
f 401/1792/1800 402/1793/1801 369/1794/1802
f 402/1795/1803 370/1796/1804 369/1797/1805
f 403/1798/1806 372/1799/1807 370/1800/1808
f 402/1801/1809 403/1802/1810 370/1803/1811
f 404/1804/1812 371/1805/1813 376/1806/1814
f 404/1807/1815 397/1808/1816 371/1809/1817
f 372/1810/1818 405/1811/1819 374/1812/1820
f 403/1813/1821 405/1814/1822 372/1815/1823
f 405/1816/1824 406/1817/1825 374/1818/1826
f 373/1819/1827 407/1820/1828 375/1821/1829
f 375/1822/1830 408/1823/1831 377/1824/1832
f 407/1825/1833 408/1826/1834 375/1827/1835
f 380/1828/1836 409/1829/1837 381/1830/1838
f 410/1831/1839 404/1832/1840 376/1833/1841
f 377/1834/1842 411/1835/1843 378/1836/1844
f 408/1837/1845 411/1838/1846 377/1839/1847
f 378/1840/1848 412/1841/1849 379/1842/1850
f 411/1843/1851 412/1844/1852 378/1845/1853
f 379/1846/1854 413/1847/1855 382/1848/1856
f 412/1849/1857 413/1850/1858 379/1851/1859
f 414/1852/1860 409/1853/1861 380/1854/1862
f 383/1855/1863 414/1856/1864 380/1857/1865
f 413/1858/1866 415/1859/1867 382/1860/1868
f 382/1861/1869 415/1862/1870 386/1863/1871
f 384/1864/1872 416/1865/1873 383/1866/1874
f 416/1867/1875 414/1868/1876 383/1869/1877
f 417/1870/1878 416/1871/1879 384/1872/1880
f 385/1873/1881 417/1874/1882 384/1875/1883
f 418/1876/1884 417/1877/1885 385/1878/1886
f 386/1879/1887 418/1880/1888 385/1881/1889
f 415/1882/1890 418/1883/1891 386/1884/1892
f 419/1885/1893 387/1886/1894 395/1887/1895
f 419/1888/1896 388/1889/1897 387/1890/1898
f 420/1891/1899 388/1892/1900 419/1893/1901
f 420/1894/1902 421/1895/1903 388/1896/1904
f 421/1897/1905 389/1898/1906 388/1899/1907
f 421/1900/1908 422/1901/1909 389/1902/1910
f 422/1903/1911 390/1904/1912 389/1905/1913
f 422/1906/1914 423/1907/1915 390/1908/1916
f 423/1909/1917 391/1910/1918 390/1911/1919
f 423/1912/1920 424/1913/1921 391/1914/1922
f 424/1915/1923 392/1916/1924 391/1917/1925
f 424/1918/1926 425/1919/1927 392/1920/1928
f 426/1921/1929 394/1922/1930 425/1923/1931
f 425/1923/1931 394/1922/1930 392/1924/1932
f 427/1925/1933 426/1926/1934 425/1927/1935
f 428/1928/1936 395/1929/1937 397/1930/1938
f 428/1931/1939 419/1932/1940 395/1933/1941
f 429/1934/1942 398/1935/1943 396/1936/1944
f 430/1937/1945 397/1938/1946 404/1939/1947
f 430/1940/1948 428/1941/1949 397/1942/1950
f 429/1943/1951 431/1944/1952 398/1945/1953
f 431/1946/1954 399/1947/1955 398/1948/1956
f 431/1949/1957 432/1950/1958 399/1951/1959
f 432/1952/1960 400/1953/1961 399/1954/1962
f 432/1955/1963 433/1956/1964 400/1957/1965
f 433/1958/1966 401/1959/1967 400/1960/1968
f 433/1961/1969 434/1962/1970 401/1963/1971
f 434/1964/1972 402/1965/1973 401/1966/1974
f 434/1967/1975 435/1968/1976 402/1969/1977
f 435/1970/1978 403/1971/1979 402/1972/1980
f 435/1973/1981 436/1974/1982 403/1975/1983
f 436/1976/1984 405/1977/1985 403/1978/1986
f 437/1979/1987 430/1980/1988 404/1981/1989
f 410/1982/1990 437/1983/1991 404/1984/1992
f 436/1985/1993 438/1986/1994 405/1987/1995
f 405/1988/1996 438/1989/1997 406/1990/1998
f 407/1991/1999 439/1992/2000 408/1993/2001
f 438/1994/2002 440/1995/2003 406/1996/2004
f 408/1997/2005 441/1998/2006 411/1999/2007
f 439/2000/2008 441/2001/2009 408/2002/2010
f 414/2003/2011 442/2004/2012 409/2005/2013
f 442/2006/2014 443/2007/2015 409/2008/2016
f 411/2009/2017 444/2010/2018 412/2011/2019
f 441/2012/2020 444/2013/2021 411/2014/2022
f 412/2015/2023 445/2016/2024 413/2017/2025
f 444/2018/2026 445/2019/2027 412/2020/2028
f 445/2021/2029 446/2022/2030 413/2023/2031
f 413/2024/2032 446/2025/2033 415/2026/2034
f 416/2027/2035 447/2028/2036 414/2029/2037
f 447/2030/2038 442/2031/2039 414/2032/2040
f 415/2033/2041 448/2034/2042 418/2035/2043
f 446/2036/2044 448/2037/2042 415/2038/2041
f 449/2039/2045 447/2040/2046 416/2041/2047
f 417/2042/2048 449/2043/2049 416/2044/2050
f 450/2045/2051 449/2046/2052 417/2047/2053
f 418/2048/2054 450/2049/2055 417/2050/2056
f 448/2051/2057 450/2052/2058 418/2053/2059
f 451/2054/2060 419/2055/2061 428/2056/2062
f 451/2057/2063 420/2058/2064 419/2059/2065
f 452/2060/2066 427/2061/2067 453/2062/2068
f 453/2062/2068 427/2061/2067 425/2063/2069
f 454/2064/2070 452/2065/2071 453/2066/2072
f 455/2067/2073 454/2068/2074 456/2069/2075
f 456/2069/2075 454/2068/2074 453/2070/2076
f 457/2071/2077 455/2072/2078 456/2073/2079
f 458/2074/2080 457/2075/2081 459/2076/2082
f 459/2076/2082 457/2075/2081 456/2077/2083
f 460/2078/2084 458/2079/2085 459/2080/2086
f 461/2081/2087 462/2082/2088 463/2083/2089
f 464/2084/2090 461/2085/2091 465/2086/2092
f 465/2086/2092 461/2085/2091 463/2087/2093
f 466/2088/2094 460/2089/2095 467/2090/2096
f 467/2090/2096 460/2089/2095 459/2091/2097
f 468/2092/2098 466/2093/2099 467/2094/2100
f 469/2095/2101 470/2096/2102 471/2097/2103
f 470/2098/2104 468/2099/2105 471/2100/2106
f 471/2100/2106 468/2099/2105 467/2101/2107
f 472/2102/2108 469/2103/2109 473/2104/2110
f 473/2104/2110 469/2103/2109 471/2105/2111
f 474/2106/2112 472/2107/2113 473/2108/2114
f 462/2109/2115 474/2110/2116 463/2111/2117
f 463/2111/2117 474/2110/2116 473/2112/2118
f 475/2113/2119 420/2114/2120 451/2115/2121
f 475/2116/2122 476/2117/2123 420/2118/2124
f 476/2119/2125 421/2120/2126 420/2121/2127
f 476/2122/2128 477/2123/2129 421/2124/2130
f 477/2125/2131 422/2126/2132 421/2127/2133
f 477/2128/2134 478/2129/2135 422/2130/2136
f 478/2131/2137 423/2132/2138 422/2133/2139
f 478/2134/2140 479/2135/2141 423/2136/2142
f 479/2137/2143 424/2138/2144 423/2139/2145
f 479/2140/2146 480/2141/2147 424/2142/2148
f 480/2143/2149 425/2144/2150 424/2145/2151
f 480/2146/2152 453/2147/2153 425/2148/2154
f 481/2149/2155 482/2150/2156 483/2151/2157
f 482/2152/2158 484/2153/2159 483/2154/2160
f 483/2154/2160 484/2153/2159 465/2155/2161
f 485/2156/2162 486/2157/2163 487/2158/2164
f 486/2159/2165 481/2160/2166 487/2161/2167
f 487/2161/2167 481/2160/2166 483/2162/2168
f 488/2163/2169 489/2164/2170 491/2165/2171
f 491/2165/2171 489/2164/2170 490/2166/2172
f 489/2167/2173 492/2168/2174 490/2169/2175
f 492/2170/2176 493/2171/2177 490/2172/2178
f 490/2172/2178 493/2171/2177 494/2173/2179
f 493/2174/2180 495/2175/2181 494/2176/2182
f 496/2177/2183 497/2178/2184 498/2179/2185
f 497/2180/2186 485/2181/2187 498/2182/2188
f 498/2182/2188 485/2181/2187 487/2183/2189
f 495/2184/2190 499/2185/2191 494/2186/2192
f 494/2186/2192 499/2185/2191 500/2187/2193
f 499/2188/2194 501/2189/2195 500/2190/2196
f 501/2191/2197 496/2192/2198 500/2193/2199
f 500/2193/2199 496/2192/2198 498/2194/2200
f 502/2195/2201 428/2196/2202 430/2197/2203
f 502/2198/2204 451/2199/2205 428/2200/2206
f 503/2201/2207 431/2202/2208 429/2203/2209
f 504/2204/2210 502/2205/2211 430/2206/2212
f 437/2207/2213 504/2208/2214 430/2209/2215
f 503/2210/2216 505/2211/2217 431/2212/2218
f 505/2213/2219 432/2214/2220 431/2215/2221
f 505/2216/2222 506/2217/2223 432/2218/2224
f 506/2219/2225 433/2220/2226 432/2221/2227
f 506/2222/2228 507/2223/2229 433/2224/2230
f 507/2225/2231 434/2226/2232 433/2227/2233
f 508/2228/2234 435/2229/2235 434/2230/2236
f 507/2231/2237 508/2232/2238 434/2233/2239
f 509/2234/2240 436/2235/2241 435/2236/2242
f 508/2237/2243 509/2238/2244 435/2239/2245
f 510/2240/2246 438/2241/2247 436/2242/2248
f 509/2243/2249 510/2244/2250 436/2245/2251
f 442/2246/2252 511/2247/2253 443/2248/2254
f 511/2249/2255 512/2250/2256 443/2251/2257
f 438/2252/2258 513/2253/2259 440/2254/2260
f 510/2255/2261 513/2256/2262 438/2257/2263
f 439/2258/2264 514/2259/2265 441/2260/2266
f 513/2261/2267 515/2262/2268 440/2263/2269
f 441/2264/2270 516/2265/2271 444/2266/2272
f 514/2267/2273 516/2268/2274 441/2269/2275
f 447/2270/2276 517/2271/2277 442/2272/2278
f 517/2273/2279 511/2274/2280 442/2275/2281
f 444/2276/2282 518/2277/2283 445/2278/2284
f 516/2279/2285 518/2280/2286 444/2281/2287
f 445/2282/2288 519/2283/2289 446/2284/2290
f 518/2285/2291 519/2286/2292 445/2287/2293
f 519/2288/2294 520/2289/2295 446/2290/2296
f 446/2291/2297 520/2292/2298 448/2293/2299
f 449/2294/2300 521/2295/2301 447/2296/2302
f 521/2297/2303 517/2298/2304 447/2299/2305
f 448/2300/2306 522/2301/2307 450/2302/2308
f 520/2303/2309 522/2304/2310 448/2305/2311
f 523/2306/2312 521/2307/2313 449/2308/2314
f 450/2309/2315 523/2310/2316 449/2311/2317
f 522/2312/2318 523/2313/2319 450/2314/2320
f 524/2315/2321 451/2316/2322 502/2317/2323
f 524/2318/2324 475/2319/2325 451/2320/2326
f 525/2321/2327 464/2322/2328 465/2323/2329
f 484/2324/2330 525/2325/2331 465/2326/2332
f 526/2327/2333 465/2328/2334 463/2329/2335
f 483/2330/2336 465/2331/2337 526/2332/2338
f 527/2333/2339 456/2334/2340 453/2335/2341
f 527/2336/2342 453/2337/2343 480/2338/2344
f 528/2339/2345 456/2340/2346 527/2341/2347
f 528/2342/2348 459/2343/2349 456/2344/2350
f 529/2345/2351 467/2346/2352 459/2347/2353
f 529/2348/2354 459/2349/2355 528/2350/2356
f 530/2351/2357 463/2352/2358 473/2353/2359
f 526/2354/2360 463/2355/2361 530/2356/2362
f 531/2357/2363 467/2358/2364 529/2359/2365
f 531/2360/2366 471/2361/2367 467/2362/2368
f 532/2363/2369 471/2364/2370 531/2365/2371
f 532/2366/2372 473/2367/2373 471/2368/2374
f 530/2369/2375 473/2370/2376 532/2371/2377
f 533/2372/2378 475/2373/2379 524/2374/2380
f 533/2375/2381 534/2376/2382 475/2377/2383
f 534/2378/2384 476/2379/2385 475/2380/2386
f 534/2381/2387 535/2382/2388 476/2383/2389
f 535/2384/2390 477/2385/2391 476/2386/2392
f 535/2387/2393 536/2388/2394 477/2389/2395
f 536/2390/2396 478/2391/2397 477/2392/2398
f 536/2393/2399 537/2394/2400 478/2395/2401
f 537/2396/2402 479/2397/2403 478/2398/2404
f 537/2399/2405 538/2400/2406 479/2401/2407
f 538/2402/2408 480/2403/2409 479/2404/2410
f 538/2405/2411 527/2406/2412 480/2407/2413
f 487/2408/2414 483/2409/2415 539/2410/2416
f 483/2411/2417 526/2412/2418 539/2413/2419
f 498/2414/2420 487/2415/2421 540/2416/2422
f 487/2417/2423 539/2418/2424 540/2419/2425
f 491/2420/2426 541/2421/2427 542/2422/2428
f 491/2423/2429 490/2424/2430 541/2425/2431
f 490/2426/2432 543/2427/2433 541/2428/2434
f 490/2429/2435 494/2430/2436 543/2431/2437
f 494/2432/2438 544/2433/2439 543/2434/2440
f 494/2435/2441 500/2436/2442 544/2437/2443
f 498/2438/2444 540/2439/2445 545/2440/2446
f 500/2441/2447 498/2442/2448 545/2443/2449
f 500/2444/2450 545/2445/2451 544/2446/2452
f 546/2447/2453 524/2448/2454 502/2449/2455
f 504/2450/2456 546/2451/2457 502/2452/2458
f 547/2453/2459 505/2454/2460 503/2455/2461
f 511/2456/2462 548/2457/2463 512/2458/2464
f 548/2459/2465 549/2460/2466 512/2461/2467
f 547/2462/2468 550/2463/2469 505/2464/2470
f 550/2465/2471 506/2466/2472 505/2467/2473
f 550/2468/2474 551/2469/2475 506/2470/2476
f 551/2471/2477 507/2472/2478 506/2473/2479
f 552/2474/2480 508/2475/2481 507/2476/2482
f 551/2477/2483 552/2478/2484 507/2479/2485
f 553/2480/2486 509/2481/2487 508/2482/2488
f 552/2483/2489 553/2484/2490 508/2485/2491
f 554/2486/2492 510/2487/2493 509/2488/2494
f 553/2489/2495 554/2490/2496 509/2491/2497
f 555/2492/2498 513/2493/2499 510/2494/2500
f 554/2495/2501 555/2496/2502 510/2497/2503
f 556/2498/2504 548/2499/2505 511/2500/2506
f 517/2501/2507 556/2502/2508 511/2503/2509
f 513/2504/2510 557/2505/2511 515/2506/2512
f 555/2507/2513 557/2508/2514 513/2509/2515
f 557/2510/2516 558/2511/2517 515/2512/2518
f 514/2513/2519 559/2514/2520 516/2515/2521
f 559/2516/2522 560/2517/2523 516/2518/2524
f 516/2519/2525 560/2520/2526 518/2521/2527
f 521/2522/2528 561/2523/2529 517/2524/2530
f 561/2525/2531 556/2526/2532 517/2527/2533
f 518/2528/2534 562/2529/2535 519/2530/2536
f 560/2531/2537 562/2532/2538 518/2533/2539
f 562/2534/2540 563/2535/2541 519/2536/2542
f 519/2537/2543 563/2538/2544 520/2539/2545
f 563/2538/2546 564/2540/2547 520/2541/2548
f 520/2542/2548 564/2543/2547 522/2544/2549
f 523/2545/2312 565/2546/2550 521/2547/2313
f 565/2546/2551 561/2548/2552 521/2549/2553
f 564/2550/2554 566/2551/2555 522/2552/2556
f 522/2553/2557 566/2554/2558 523/2555/2559
f 566/2554/2560 565/2556/2561 523/2557/2562
f 567/2558/2563 533/2559/2564 524/2560/2565
f 546/2561/2566 567/2562/2567 524/2563/2568
f 567/2564/2569 568/2565/2570 533/2566/2571
f 569/2567/2572 526/2568/2573 530/2569/2574
f 539/2570/2575 526/2571/2576 569/2572/2577
f 570/2573/2578 527/2574/2579 538/2575/2580
f 570/2576/2581 528/2577/2582 527/2578/2583
f 571/2579/2584 529/2580/2585 528/2581/2586
f 571/2582/2587 528/2583/2588 570/2584/2589
f 572/2585/2590 529/2586/2591 571/2587/2592
f 572/2588/2593 531/2589/2594 529/2590/2595
f 573/2591/2596 530/2592/2597 532/2593/2598
f 569/2594/2599 530/2595/2600 573/2596/2601
f 574/2597/2602 531/2598/2603 572/2599/2604
f 574/2600/2605 532/2601/2606 531/2602/2607
f 573/2603/2608 532/2604/2609 574/2605/2610
f 568/2606/2611 575/2607/2612 533/2608/2613
f 575/2609/2614 534/2610/2615 533/2611/2616
f 575/2612/2617 576/2613/2618 534/2614/2619
f 576/2615/2620 535/2616/2621 534/2617/2622
f 576/2618/2623 577/2619/2624 535/2620/2625
f 577/2621/2626 536/2622/2627 535/2623/2628
f 577/2624/2629 578/2625/2630 536/2626/2631
f 578/2627/2632 537/2628/2633 536/2629/2634
f 578/2630/2635 579/2631/2636 537/2632/2637
f 579/2633/2638 538/2634/2639 537/2635/2640
f 579/2636/2641 570/2637/2642 538/2638/2643
f 568/2639/2644 580/2640/2645 575/2641/2646
f 540/2642/2647 539/2643/2648 581/2644/2649
f 539/2645/2650 569/2646/2651 581/2647/2652
f 545/2648/2653 540/2649/2654 582/2650/2655
f 540/2651/2656 581/2652/2657 582/2653/2658
f 542/2654/2659 583/2655/2660 584/2656/2661
f 542/2657/2662 541/2658/2663 583/2659/2664
f 541/2660/2665 585/2661/2666 583/2662/2667
f 541/2663/2668 543/2664/2669 585/2665/2670
f 543/2666/2671 586/2667/2672 585/2668/2673
f 543/2669/2674 544/2670/2675 586/2671/2676
f 544/2672/2677 587/2673/2678 586/2674/2679
f 544/2675/2680 545/2676/2681 587/2677/2682
f 545/2678/2683 582/2679/2684 587/2680/2685
f 588/2681/2686 589/2682/2687 549/2683/2688
f 548/2684/2689 588/2685/2690 549/2686/2691
f 590/2687/2692 550/2688/2693 547/2689/2694
f 591/2690/2695 588/2691/2696 548/2692/2697
f 556/2693/2698 591/2694/2699 548/2695/2700
f 590/2696/2701 592/2697/2702 550/2698/2703
f 592/2699/2704 551/2700/2705 550/2701/2706
f 592/2702/2707 593/2703/2708 551/2704/2709
f 593/2705/2710 552/2706/2711 551/2707/2712
f 593/2708/2713 594/2709/2714 552/2710/2715
f 594/2711/2716 553/2712/2717 552/2713/2718
f 594/2714/2719 595/2715/2720 553/2716/2721
f 595/2717/2722 554/2718/2723 553/2719/2724
f 595/2720/2725 596/2721/2726 554/2722/2727
f 596/2723/2728 555/2724/2729 554/2725/2730
f 596/2726/2731 597/2727/2732 555/2728/2733
f 597/2729/2734 557/2730/2735 555/2731/2736
f 561/2732/2737 598/2733/2738 556/2734/2739
f 598/2735/2740 591/2736/2741 556/2737/2742
f 557/2738/2743 599/2739/2744 558/2740/2745
f 597/2741/2746 599/2742/2747 557/2743/2748
f 600/2744/2749 601/2745/2750 559/2746/2751
f 559/2747/2752 601/2748/2753 560/2749/2754
f 560/2750/2755 602/2751/2756 562/2752/2757
f 601/2753/2758 602/2754/2759 560/2755/2760
f 603/2756/2761 598/2757/2762 561/2758/2763
f 565/2759/2551 603/2760/2764 561/2761/2552
f 602/2762/2765 604/2763/2766 562/2764/2767
f 562/2765/2768 604/2766/2769 563/2767/2770
f 604/2768/2771 605/2769/2772 563/2770/2773
f 563/2771/2774 605/2772/2775 564/2773/2776
f 564/2774/2777 606/2775/2778 566/2776/2779
f 605/2777/2780 606/2778/2781 564/2779/2782
f 566/2780/2783 607/2781/2784 565/2782/2785
f 607/2781/2786 603/2783/2764 565/2784/2551
f 606/2785/2787 607/2786/2788 566/2787/2789
f 608/2788/2790 609/2789/2791 589/2790/2792
f 588/2791/2793 608/2792/2794 589/2793/2795
f 608/2794/2796 610/2795/2797 609/2796/2798
f 610/2797/2799 611/2798/2800 609/2799/2801
f 610/2800/2802 612/2801/2803 611/2802/2804
f 613/2803/2805 569/2804/2806 573/2805/2807
f 581/2806/2808 569/2807/2809 613/2808/2810
f 614/2809/2811 571/2810/2812 570/2811/2813
f 614/2812/2814 570/2813/2815 579/2814/2816
f 615/2815/2817 571/2816/2818 614/2817/2819
f 615/2818/2820 572/2819/2821 571/2820/2822
f 616/2821/2823 572/2822/2824 615/2823/2825
f 616/2824/2826 574/2825/2827 572/2826/2828
f 617/2827/2829 573/2828/2830 574/2829/2831
f 613/2830/2832 573/2831/2833 617/2832/2834
f 617/2833/2835 574/2834/2836 616/2835/2837
f 580/2836/2838 618/2837/2839 575/2838/2840
f 618/2839/2841 576/2840/2842 575/2841/2843
f 618/2842/2844 619/2843/2845 576/2844/2846
f 619/2845/2847 577/2846/2848 576/2847/2849
f 619/2848/2850 620/2849/2851 577/2850/2852
f 620/2851/2853 578/2852/2854 577/2853/2855
f 620/2854/2856 621/2855/2857 578/2856/2858
f 621/2857/2859 579/2858/2860 578/2859/2861
f 621/2860/2862 614/2861/2863 579/2862/2864
f 612/2863/2865 622/2864/2866 611/2865/2867
f 580/2866/2868 623/2867/2869 618/2868/2870
f 581/2869/2871 613/2870/2872 624/2871/2873
f 582/2872/2874 581/2873/2875 624/2874/2876
f 587/2875/2877 582/2876/2878 625/2877/2879
f 582/2878/2880 624/2879/2881 625/2880/2882
f 584/2881/2883 626/2882/2884 627/2883/2885
f 584/2884/2886 583/2885/2887 626/2886/2888
f 583/2887/2889 628/2888/2890 626/2889/2891
f 583/2890/2892 585/2891/2893 628/2892/2894
f 585/2893/2895 629/2894/2896 628/2895/2897
f 585/2896/2898 586/2897/2899 629/2898/2900
f 586/2899/2901 630/2900/2902 629/2901/2903
f 586/2902/2904 587/2903/2905 630/2904/2906
f 587/2905/2907 625/2906/2908 630/2907/2909
f 591/2908/2910 631/2909/2911 588/2910/2912
f 631/2911/2913 608/2912/2914 588/2913/2915
f 632/2914/2916 592/2915/2917 590/2916/2918
f 598/2917/2919 633/2918/2920 591/2919/2921
f 633/2920/2922 631/2921/2923 591/2922/2924
f 634/2923/2925 593/2924/2926 592/2925/2927
f 632/2926/2928 634/2927/2929 592/2928/2930
f 635/2929/2931 594/2930/2932 593/2931/2933
f 634/2932/2934 635/2933/2935 593/2934/2936
f 636/2935/2937 595/2936/2938 594/2937/2939
f 635/2938/2940 636/2939/2941 594/2940/2942
f 637/2941/2943 596/2942/2944 595/2943/2945
f 636/2944/2946 637/2945/2947 595/2946/2948
f 638/2947/2949 597/2948/2950 596/2949/2951
f 637/2950/2952 638/2951/2953 596/2952/2954
f 639/2953/2955 599/2954/2956 597/2955/2957
f 638/2956/2958 639/2957/2959 597/2958/2960
f 640/2959/2961 633/2960/2962 598/2961/2963
f 603/2962/2964 640/2963/2965 598/2964/2966
f 600/2965/2967 641/2966/2968 601/2967/2969
f 639/2968/2970 642/2969/2971 599/2970/2972
f 601/2971/2973 643/2972/2974 602/2973/2975
f 641/2974/2976 643/2975/2977 601/2976/2978
f 643/2977/2979 644/2978/2980 602/2979/2981
f 602/2980/2982 644/2981/2983 604/2982/2984
f 607/2983/2786 645/2984/2985 603/2985/2764
f 645/2984/2986 640/2986/2987 603/2987/2988
f 604/2988/2989 646/2989/2990 605/2990/2991
f 644/2991/2992 646/2992/2993 604/2993/2994
f 605/2994/2995 647/2995/2996 606/2996/2997
f 646/2997/2998 647/2998/2999 605/2999/3000
f 606/3000/3001 648/3001/3002 607/3002/3003
f 647/3003/3004 648/3004/3005 606/3005/3006
f 648/3006/3007 645/3007/2985 607/3008/2786
f 649/3009/3008 610/3010/3009 608/3011/3010
f 631/3012/3011 649/3013/3012 608/3014/3013
f 650/3015/3014 612/3016/3015 610/3017/3016
f 649/3018/3017 650/3019/3018 610/3020/3019
f 650/3021/3020 651/3022/3021 612/3023/3022
f 612/3024/3023 652/3025/3024 622/3026/3025
f 651/3027/3026 652/3028/3027 612/3029/3028
f 651/3030/3029 653/3031/3030 652/3032/3031
f 654/3033/3032 613/3034/3033 617/3035/3034
f 624/3036/3035 613/3037/3036 654/3038/3037
f 655/3039/3038 614/3040/3039 621/3041/3040
f 655/3042/3041 615/3043/3042 614/3044/3043
f 656/3045/3044 615/3046/3045 655/3047/3046
f 656/3048/3047 616/3049/3048 615/3050/3049
f 657/3051/3050 616/3052/3051 656/3053/3052
f 654/3054/3053 617/3055/3054 657/3056/3055
f 657/3057/3056 617/3058/3057 616/3059/3058
f 623/3060/3059 658/3061/3060 618/3062/3061
f 658/3063/3062 619/3064/3063 618/3065/3064
f 658/3066/3065 659/3067/3066 619/3068/3067
f 659/3069/3068 620/3070/3069 619/3071/3070
f 659/3072/3071 660/3073/3072 620/3074/3073
f 660/3075/3074 621/3076/3075 620/3077/3076
f 660/3078/3077 655/3079/3078 621/3080/3079
f 652/3081/3080 661/3082/3081 622/3083/3082
f 623/3084/3083 662/3085/3084 658/3086/3085
f 625/3087/3086 624/3088/3087 663/3089/3088
f 624/3090/3089 654/3091/3090 663/3092/3091
f 630/3093/3092 625/3094/3093 664/3095/3094
f 625/3096/3095 663/3097/3096 664/3098/3097
f 627/3099/3098 665/3100/3099 666/3101/3100
f 627/3102/3101 626/3103/3102 665/3104/3103
f 626/3105/3104 667/3106/3105 665/3107/3106
f 626/3108/3107 628/3109/3108 667/3110/3109
f 628/3111/3110 668/3112/3111 667/3113/3112
f 628/3114/3113 629/3115/3114 668/3116/3115
f 629/3117/3116 669/3118/3117 668/3119/3118
f 629/3120/3119 630/3121/3120 669/3122/3121
f 630/3123/3122 664/3124/3123 669/3125/3124
f 633/3126/3125 670/3127/3126 631/3128/3127
f 670/3129/3128 649/3130/3129 631/3131/3130
f 671/3132/3131 634/3133/3132 632/3134/3133
f 640/3135/3134 672/3136/3135 633/3137/3136
f 672/3136/3137 670/3138/3138 633/3139/3139
f 671/3140/3140 673/3141/3141 634/3142/3142
f 673/3143/3143 635/3144/3144 634/3145/3145
f 673/3146/3146 674/3147/3147 635/3148/3148
f 674/3149/3149 636/3150/3150 635/3151/3151
f 674/3152/3152 675/3153/3153 636/3154/3154
f 675/3155/3155 637/3156/3156 636/3157/3157
f 675/3158/3158 676/3159/3159 637/3160/3160
f 676/3161/3161 638/3162/3162 637/3163/3163
f 676/3164/3164 677/3165/3165 638/3166/3166
f 677/3167/3167 639/3168/3168 638/3169/3169
f 677/3170/3170 678/3171/3171 639/3172/3172
f 678/3173/3173 642/3174/3174 639/3175/3175
f 645/3176/2986 679/3177/3176 640/3178/2987
f 679/3177/3177 672/3179/3135 640/3180/3134
f 678/3181/3178 680/3182/3179 642/3183/3180
f 641/3184/3181 681/3185/3182 643/3186/3183
f 681/3187/3184 682/3188/3185 643/3189/3186
f 643/3190/3187 682/3191/3188 644/3192/3189
f 644/3193/3190 683/3194/3191 646/3195/3192
f 682/3196/3193 683/3197/3194 644/3198/3195
f 684/3199/3196 679/3200/3176 645/3201/2986
f 648/3202/3007 684/3203/3197 645/3204/2985
f 646/3205/3198 685/3206/3199 647/3207/3200
f 683/3208/3201 685/3209/3202 646/3210/3203
f 685/3211/3204 686/3212/3205 647/3213/3206
f 647/3214/3207 686/3215/3208 648/3216/3209
f 686/3215/3210 684/3217/3197 648/3218/3007
f 670/3219/3211 687/3220/3212 649/3221/3213
f 687/3220/3214 650/3222/3215 649/3223/3216
f 687/3224/3217 688/3225/3218 650/3226/3219
f 688/3225/3220 651/3227/3221 650/3228/3222
f 688/3229/3223 689/3230/3224 651/3231/3225
f 689/3230/3226 653/3232/3227 651/3233/3228
f 689/3234/3229 690/3235/3230 653/3236/3231
f 653/3237/3232 691/3238/3233 652/3239/3234
f 652/3240/3235 691/3241/3236 661/3242/3237
f 653/3243/3238 692/3244/3239 691/3245/3240
f 690/3246/3241 692/3247/3242 653/3248/3243
f 693/3249/3244 654/3250/3245 657/3251/3246
f 663/3252/3247 654/3253/3248 693/3254/3249
f 694/3255/3250 655/3256/3251 660/3257/3252
f 694/3258/3253 656/3259/3254 655/3260/3255
f 695/3261/3256 656/3262/3257 694/3263/3258
f 695/3264/3259 657/3265/3260 656/3266/3261
f 693/3267/3262 657/3268/3263 695/3269/3264
f 662/3270/3265 696/3271/3266 658/3272/3267
f 696/3273/3268 659/3274/3269 658/3275/3270
f 696/3276/3271 697/3277/3272 659/3278/3273
f 697/3279/3274 660/3280/3275 659/3281/3276
f 697/3282/3277 694/3283/3278 660/3284/3279
f 691/3285/3280 698/3286/3281 661/3287/3282
f 662/3288/3283 699/3289/3284 696/3290/3285
f 664/3291/3286 663/3292/3287 700/3293/3288
f 663/3294/3289 693/3295/3290 700/3296/3291
f 669/3297/3292 664/3298/3293 701/3299/3294
f 664/3300/3295 700/3301/3296 701/3302/3297
f 666/3303/3298 702/3304/3299 703/3305/3300
f 666/3306/3301 665/3307/3302 702/3308/3303
f 665/3309/3304 704/3310/3305 702/3311/3306
f 665/3312/3307 667/3313/3308 704/3314/3309
f 667/3315/3310 668/3316/3311 705/3317/3312
f 667/3318/3313 705/3319/3314 704/3320/3315
f 668/3321/3316 706/3322/3317 705/3323/3318
f 668/3324/3319 669/3325/3320 706/3326/3321
f 669/3327/3322 701/3328/3323 706/3329/3324
f 707/3330/3325 687/3331/3326 670/3332/3327
f 672/3333/3137 707/3334/3328 670/3335/3138
f 708/3336/3329 673/3337/3330 671/3338/3331
f 679/3339/3177 709/3340/3332 672/3341/3135
f 709/3340/3333 707/3342/3328 672/3343/3137
f 710/3344/3334 674/3345/3335 673/3346/3336
f 708/3347/3337 710/3348/3338 673/3349/3339
f 711/3350/3340 675/3351/3341 674/3352/3342
f 710/3353/3343 711/3354/3344 674/3355/3345
f 712/3356/3346 676/3357/3347 675/3358/3348
f 711/3359/3349 712/3360/3350 675/3361/3351
f 713/3362/3352 677/3363/3353 676/3364/3354
f 712/3365/3355 713/3366/3356 676/3367/3357
f 714/3368/3358 678/3369/3359 677/3370/3360
f 713/3371/3361 714/3372/3362 677/3373/3363
f 715/3374/3364 680/3375/3365 678/3376/3366
f 714/3377/3367 715/3378/3368 678/3379/3369
f 684/3380/3370 716/3381/3371 679/3382/3372
f 716/3381/3373 709/3383/3374 679/3384/3375
f 681/3385/3376 717/3386/3377 682/3387/3378
f 715/3388/3379 718/3389/3380 680/3390/3381
f 682/3391/3382 719/3392/3383 683/3393/3384
f 717/3394/3385 719/3395/3386 682/3396/3387
f 683/3397/3388 720/3398/3389 685/3399/3390
f 719/3400/3391 720/3401/3392 683/3402/3393
f 686/3403/3210 721/3404/3394 684/3405/3197
f 721/3404/3395 716/3406/3396 684/3407/3397
f 720/3408/3398 722/3409/3399 685/3410/3400
f 685/3411/3401 722/3412/3402 686/3413/3403
f 722/3414/3404 721/3415/3405 686/3416/3406
f 690/3417/3407 723/3418/3408 692/3419/3409
f 724/3420/3410 688/3421/3411 687/3422/3412
f 707/3423/3325 724/3424/3413 687/3425/3326
f 725/3426/3414 689/3427/3415 688/3428/3416
f 724/3429/3410 725/3430/3417 688/3431/3411
f 725/3432/3414 726/3433/3418 689/3434/3415
f 726/3433/3419 690/3435/3420 689/3436/3421
f 726/3437/3419 727/3438/3422 690/3439/3420
f 727/3438/3423 723/3440/3424 690/3441/3425
f 727/3442/3423 728/3443/3426 723/3444/3424
f 692/3445/3427 729/3446/3428 691/3447/3429
f 691/3448/3430 729/3449/3431 698/3450/3432
f 723/3451/3433 730/3452/3434 692/3453/3435
f 692/3454/3436 730/3455/3437 729/3456/3438
f 731/3457/3439 693/3458/3440 695/3459/3441
f 700/3460/3442 693/3461/3443 731/3462/3444
f 732/3463/3445 694/3464/3446 697/3465/3447
f 732/3466/3448 695/3467/3449 694/3468/3450
f 731/3469/3451 695/3470/3452 732/3471/3453
f 699/3472/3454 733/3473/3455 696/3474/3456
f 733/3475/3457 697/3476/3458 696/3477/3459
f 733/3478/3460 732/3479/3461 697/3480/3462
f 699/3481/3463 734/3482/3464 733/3483/3465
f 729/3484/3466 735/3485/3467 698/3486/3468
f 701/3487/3469 700/3488/3470 736/3489/3471
f 700/3490/3472 731/3491/3473 736/3492/3474
f 706/3493/3475 701/3494/3476 737/3495/3477
f 701/3496/3478 736/3497/3479 737/3498/3480
f 703/3499/3481 738/3500/3482 739/3501/3483
f 703/3502/3484 702/3503/3485 738/3504/3486
f 702/3505/3487 740/3506/3488 738/3507/3489
f 702/3508/3490 704/3509/3491 740/3510/3492
f 704/3511/3493 741/3512/3494 740/3513/3495
f 704/3514/3496 705/3515/3497 741/3516/3498
f 705/3517/3499 742/3518/3500 741/3519/3501
f 705/3520/3502 706/3521/3503 742/3522/3504
f 706/3523/3505 737/3524/3506 742/3525/3507
f 709/3526/3333 743/3527/3508 707/3528/3328
f 743/3527/3509 724/3529/3413 707/3530/3325
f 744/3531/3510 710/3532/3511 708/3533/3512
f 745/3534/3513 743/3535/3508 709/3536/3333
f 716/3537/3514 745/3538/3515 709/3539/3516
f 744/3540/3517 746/3541/3518 710/3542/3519
f 746/3543/3520 711/3544/3521 710/3545/3522
f 746/3546/3523 747/3547/3524 711/3548/3525
f 747/3549/3526 712/3550/3527 711/3551/3528
f 747/3552/3529 748/3553/3530 712/3554/3531
f 748/3555/3532 713/3556/3533 712/3557/3534
f 748/3558/3535 749/3559/3536 713/3560/3537
f 749/3561/3538 714/3562/3539 713/3563/3540
f 749/3564/3541 750/3565/3542 714/3566/3543
f 750/3567/3544 715/3568/3545 714/3569/3546
f 750/3570/3547 751/3571/3548 715/3572/3549
f 751/3573/3550 718/3574/3551 715/3575/3552
f 721/3576/3395 752/3577/3553 716/3578/3396
f 752/3577/3554 745/3579/3515 716/3580/3514
f 717/3581/3555 753/3582/3556 719/3583/3557
f 751/3584/3558 754/3585/3559 718/3586/3560
f 719/3587/3561 755/3588/3562 720/3589/3563
f 753/3590/3564 755/3591/3565 719/3592/3566
f 720/3593/3567 756/3594/3568 722/3595/3569
f 755/3596/3570 756/3597/3571 720/3598/3572
f 757/3599/3573 752/3600/3574 721/3601/3575
f 722/3602/3576 757/3603/3577 721/3604/3578
f 756/3605/3579 757/3606/3580 722/3607/3581
f 723/3608/3582 758/3609/3583 730/3610/3584
f 728/3611/3585 758/3612/3586 723/3613/3587
f 728/3614/3585 759/3615/3588 758/3616/3586
f 743/3617/3589 760/3618/3590 724/3619/3591
f 760/3618/3592 725/3620/3593 724/3621/3594
f 760/3622/3595 761/3623/3596 725/3624/3597
f 761/3623/3598 726/3625/3418 725/3626/3414
f 762/3627/3599 727/3628/3422 726/3629/3419
f 761/3630/3598 762/3631/3600 726/3632/3418
f 763/3633/3601 728/3634/3426 727/3635/3423
f 762/3636/3599 763/3637/3602 727/3638/3422
f 764/3639/3603 759/3640/3588 728/3641/3585
f 763/3642/3601 764/3643/3604 728/3644/3426
f 764/3645/3603 765/3646/3605 759/3647/3588
f 758/3648/3606 766/3649/3607 730/3650/3608
f 730/3651/3609 766/3652/3610 767/3653/3611
f 729/3654/3612 767/3655/3613 735/3656/3614
f 730/3657/3615 767/3658/3616 729/3659/3617
f 767/3660/3618 768/3661/3619 735/3662/3620
f 736/3663/3621 731/3664/3622 769/3665/3623
f 769/3666/3624 731/3667/3625 732/3668/3626
f 769/3669/3627 732/3670/3628 733/3671/3629
f 734/3672/3630 769/3673/3631 733/3674/3632
f 734/3675/3633 770/3676/3634 769/3677/3635
f 737/3678/3636 736/3679/3637 771/3680/3638
f 736/3681/3639 769/3682/3640 771/3683/3641
f 739/3684/3642 772/3685/3643 773/3686/3644
f 739/3687/3645 738/3688/3646 772/3689/3647
f 742/3690/3648 737/3691/3649 774/3692/3650
f 737/3693/3651 771/3694/3652 774/3695/3653
f 738/3696/3654 775/3697/3655 772/3698/3656
f 738/3699/3657 740/3700/3658 775/3701/3659
f 740/3702/3660 776/3703/3661 775/3704/3662
f 740/3705/3663 741/3706/3664 776/3707/3665
f 741/3708/3666 777/3709/3667 776/3710/3668
f 741/3711/3669 742/3712/3670 777/3713/3671
f 742/3714/3672 774/3715/3673 777/3716/3674
f 778/3717/3675 760/3718/3676 743/3719/3677
f 745/3720/3513 778/3721/3678 743/3722/3508
f 779/3723/3679 746/3724/3680 744/3725/3681
f 752/3726/3554 780/3727/3682 745/3728/3515
f 780/3727/3683 778/3729/3678 745/3730/3513
f 781/3731/3684 747/3732/3685 746/3733/3686
f 779/3734/3687 781/3735/3688 746/3736/3689
f 782/3737/3690 748/3738/3691 747/3739/3692
f 781/3740/3693 782/3741/3694 747/3742/3695
f 783/3743/3696 749/3744/3697 748/3745/3698
f 782/3746/3699 783/3747/3700 748/3748/3701
f 784/3749/3702 750/3750/3703 749/3751/3704
f 783/3752/3705 784/3753/3706 749/3754/3707
f 784/3755/3708 785/3756/3709 750/3757/3710
f 785/3758/3711 751/3759/3712 750/3760/3713
f 785/3761/3714 786/3762/3715 751/3763/3716
f 786/3764/3717 754/3765/3718 751/3766/3719
f 787/3767/3720 780/3768/3721 752/3769/3722
f 757/3770/3723 787/3771/3724 752/3772/3725
f 753/3773/3726 788/3774/3727 755/3775/3728
f 786/3776/3729 789/3777/3730 754/3778/3731
f 755/3779/3732 790/3780/3733 756/3781/3734
f 788/3782/3735 790/3783/3736 755/3784/3737
f 790/3785/3738 791/3786/3739 756/3787/3740
f 756/3788/3741 791/3789/3742 757/3790/3743
f 791/3791/3744 787/3792/3745 757/3793/3746
f 758/3794/3747 792/3795/3748 766/3796/3749
f 759/3797/3750 792/3798/3751 758/3799/3752
f 759/3800/3750 793/3801/3753 792/3802/3751
f 765/3803/3754 793/3804/3753 759/3805/3750
f 778/3806/3755 794/3807/3756 760/3808/3757
f 794/3807/3758 761/3809/3759 760/3810/3760
f 765/3811/3754 795/3812/3761 793/3813/3753
f 794/3814/3762 796/3815/3763 761/3816/3764
f 796/3815/3765 762/3817/3600 761/3818/3598
f 796/3819/3765 797/3820/3766 762/3821/3600
f 797/3820/3767 763/3822/3602 762/3823/3599
f 797/3824/3768 798/3825/3769 763/3826/3770
f 798/3825/3771 764/3827/3772 763/3828/3773
f 798/3829/3774 799/3830/3775 764/3831/3776
f 799/3830/3777 765/3832/3605 764/3833/3603
f 799/3834/3777 800/3835/3778 765/3836/3605
f 800/3835/3779 795/3837/3761 765/3838/3754
f 800/3839/3779 801/3840/3780 795/3841/3761
f 792/3842/3781 802/3843/3782 766/3844/3783
f 766/3845/3784 802/3846/3785 803/3847/3786
f 766/3848/3787 803/3849/3788 767/3850/3789
f 803/3851/3790 804/3852/3791 767/3853/3792
f 767/3853/3792 804/3852/3791 768/3854/3793
f 806/3855/3794 807/3856/3795 805/3857/3796
f 805/3857/3796 807/3856/3795 808/3858/3797
f 808/3859/3798 807/3860/3799 809/3861/3800
f 809/3862/3801 807/3863/3802 810/3864/3803
f 809/3865/3804 810/3866/3805 811/3867/3806
f 772/3868/3807 812/3869/3808 773/3870/3809
f 772/3871/3810 813/3872/3811 812/3873/3812
f 775/3874/3813 813/3875/3814 772/3876/3815
f 811/3877/3816 810/3878/3817 814/3879/3818
f 811/3880/3819 814/3881/3820 815/3882/3821
f 775/3883/3822 816/3884/3823 813/3885/3824
f 776/3886/3825 816/3887/3826 775/3888/3827
f 776/3889/3828 817/3890/3829 816/3891/3830
f 815/3892/3831 818/3893/3832 819/3894/3833
f 815/3895/3834 814/3896/3835 818/3897/3836
f 780/3898/3683 820/3899/3837 778/3900/3678
f 820/3899/3838 794/3901/3839 778/3902/3840
f 821/3903/3841 781/3904/3842 779/3905/3843
f 787/3906/3844 822/3907/3845 780/3908/3846
f 822/3909/3847 820/3910/3848 780/3911/3849
f 821/3912/3850 823/3913/3851 781/3914/3852
f 823/3915/3853 782/3916/3854 781/3917/3855
f 823/3918/3856 824/3919/3857 782/3920/3858
f 824/3921/3859 783/3922/3860 782/3923/3861
f 824/3924/3862 825/3925/3863 783/3926/3864
f 825/3927/3865 784/3928/3866 783/3929/3867
f 825/3930/3868 826/3931/3869 784/3932/3870
f 826/3933/3871 785/3934/3872 784/3935/3873
f 826/3936/3874 827/3937/3875 785/3938/3876
f 827/3939/3877 786/3940/3878 785/3941/3879
f 827/3942/3880 828/3943/3881 786/3944/3882
f 828/3945/3883 789/3946/3884 786/3947/3885
f 791/3948/3886 829/3949/3887 787/3950/3888
f 829/3951/3889 822/3952/3890 787/3953/3891
f 788/3954/3892 830/3955/3893 790/3956/3894
f 828/3957/3895 831/3958/3896 789/3959/3897
f 830/3960/3898 832/3961/3899 790/3962/3900
f 790/3963/3901 832/3964/3902 791/3965/3903
f 832/3966/3904 829/3967/3905 791/3968/3906
f 793/3969/3753 833/3970/3907 792/3971/3751
f 833/3972/3907 834/3973/3908 792/3974/3751
f 792/3974/3751 834/3973/3908 802/3975/3909
f 795/3976/3761 835/3977/3910 793/3978/3753
f 835/3979/3910 836/3980/3911 793/3981/3753
f 793/3981/3753 836/3980/3911 833/3982/3907
f 837/3983/3912 796/3984/3763 794/3985/3762
f 820/3986/3838 837/3987/3913 794/3988/3839
f 795/3989/3761 838/3990/3914 835/3991/3910
f 801/3992/3780 838/3993/3914 795/3994/3761
f 801/3995/3780 839/3996/3915 838/3997/3914
f 840/3998/3916 797/3999/3766 796/4000/3765
f 837/4001/3912 840/4002/3917 796/4003/3763
f 841/4004/3918 798/4005/3919 797/4006/3920
f 840/4007/3916 841/4008/3921 797/4009/3766
f 842/4010/3922 799/4011/3923 798/4012/3924
f 841/4013/3925 842/4014/3926 798/4015/3927
f 843/4016/3928 800/4017/3778 799/4018/3777
f 842/4019/3929 843/4020/3930 799/4021/3931
f 844/4022/3932 801/4023/3780 800/4024/3779
f 843/4025/3928 844/4026/3933 800/4027/3778
f 845/4028/3934 839/4029/3915 801/4030/3780
f 844/4031/3932 845/4032/3934 801/4033/3780
f 806/4034/3935 846/4035/3936 807/4036/3937
f 806/4037/3938 847/4038/3939 846/4039/3940
f 846/4039/3940 847/4038/3939 848/4040/3941
f 846/4039/3940 848/4040/3941 849/4041/3942
f 807/4042/3943 850/4043/3944 810/4044/3945
f 807/4045/3946 846/4046/3947 850/4047/3948
f 810/4048/3949 851/4049/3950 814/4050/3951
f 810/4051/3952 850/4052/3953 851/4053/3954
f 852/4054/3955 853/4055/3956 854/4056/3957
f 855/4057/3958 856/4058/3959 854/4059/3960
f 852/4060/3961 854/4061/3962 857/4062/3963
f 857/4062/3963 854/4061/3962 858/4063/3964
f 858/4063/3964 854/4061/3962 856/4064/3965
f 859/4065/3966 860/4066/3967 855/4067/3968
f 855/4068/3969 860/4069/3970 856/4070/3971
f 814/4071/3972 861/4072/3973 818/4073/3974
f 814/4074/3975 851/4075/3976 861/4076/3977
f 859/4077/3978 862/4078/3979 860/4079/3980
f 818/4080/3981 862/4081/3982 859/4082/3983
f 818/4083/3984 861/4084/3985 862/4085/3986
f 822/4086/3987 863/4087/3988 820/4088/3989
f 863/4089/3990 837/4090/3991 820/4091/3992
f 864/4092/3993 823/4093/3994 821/4094/3995
f 865/4095/3996 863/4096/3997 822/4097/3998
f 829/4098/3999 865/4099/4000 822/4100/4001
f 866/4101/4002 824/4102/4003 823/4103/4004
f 864/4104/4005 866/4105/4006 823/4106/4007
f 867/4107/4008 825/4108/4009 824/4109/4010
f 866/4110/4011 867/4111/4012 824/4112/4013
f 867/4113/4014 868/4114/4015 825/4115/4016
f 868/4116/4017 826/4117/4018 825/4118/4019
f 868/4119/4020 869/4120/4021 826/4121/4022
f 869/4122/4023 827/4123/4024 826/4124/4025
f 869/4125/4026 870/4126/4027 827/4127/4028
f 870/4128/4029 828/4129/4030 827/4130/4031
f 870/4131/4032 871/4132/4033 828/4133/4034
f 871/4134/4035 831/4135/4036 828/4136/4037
f 832/4137/4038 872/4138/4039 829/4139/4040
f 872/4140/4041 865/4141/4042 829/4142/4043
f 871/4143/4044 873/4144/4045 831/4145/4046
f 830/4146/4047 874/4147/4048 832/4148/4049
f 873/4149/4050 875/4150/4051 876/4151/4052
f 849/4152/4053 877/4153/4054 846/4154/4055
f 849/4155/4056 878/4156/4057 877/4157/4058
f 877/4157/4058 878/4156/4057 879/4158/4059
f 879/4159/4060 880/4160/4061 882/4161/4062
f 882/4161/4062 880/4160/4061 881/4162/4063
f 879/4163/4064 882/4164/4065 877/4165/4066
f 863/4166/4067 883/4167/4068 837/4168/4069
f 883/4167/4070 840/4169/4071 837/4170/4072
f 881/4171/4063 884/4172/4073 882/4173/4062
f 882/4173/4062 884/4172/4073 885/4174/4074
f 886/4175/4075 887/4176/4076 845/4177/3934
f 845/4177/3934 887/4176/4076 839/4178/3915
f 883/4179/4077 888/4180/4078 840/4181/4079
f 888/4180/4080 841/4182/4081 840/4183/4082
f 888/4184/4083 889/4185/4084 841/4186/4085
f 889/4185/4086 842/4187/4087 841/4188/4088
f 889/4189/4089 890/4190/4090 842/4191/4091
f 890/4190/4092 843/4192/4093 842/4193/4094
f 890/4194/4095 891/4195/4096 843/4196/4097
f 891/4195/4098 844/4197/4099 843/4198/4100
f 892/4199/4101 886/4200/4102 845/4201/4103
f 891/4202/4104 893/4203/4105 844/4204/4106
f 893/4205/4107 845/4206/4108 844/4207/4109
f 893/4208/4110 892/4209/4111 845/4210/4112
f 846/4211/4113 894/4212/4114 850/4213/4115
f 846/4214/4116 877/4215/4117 894/4216/4118
f 850/4217/4119 895/4218/4120 851/4219/4121
f 850/4220/4122 894/4221/4123 895/4222/4124
f 851/4223/4125 896/4224/4126 861/4225/4127
f 851/4226/4128 895/4227/4129 896/4228/4130
f 897/4229/4131 858/4230/4132 856/4231/4133
f 860/4232/4134 898/4233/4135 856/4234/4136
f 899/4235/4137 897/4236/4138 898/4237/4139
f 898/4237/4139 897/4236/4138 856/4238/4140
f 860/4239/4141 900/4240/4142 898/4241/4143
f 862/4242/4144 900/4243/4145 860/4244/4146
f 861/4245/4147 901/4246/4148 862/4247/4149
f 861/4248/4150 896/4249/4151 901/4250/4152
f 862/4251/4153 901/4252/4154 900/4253/4155
f 902/4254/4156 883/4255/4157 863/4256/4158
f 865/4257/4159 902/4258/4160 863/4259/4161
f 903/4260/4162 866/4261/4163 864/4262/4164
f 872/4263/4165 904/4264/4166 865/4265/4167
f 904/4266/4168 902/4267/4169 865/4268/4170
f 903/4269/4171 905/4270/4172 866/4271/4173
f 905/4272/4174 867/4273/4175 866/4274/4176
f 905/4275/4177 906/4276/4178 867/4277/4179
f 906/4278/4180 868/4279/4181 867/4280/4182
f 906/4281/4183 907/4282/4184 868/4283/4185
f 907/4284/4186 869/4285/4187 868/4286/4188
f 907/4287/4189 908/4288/4190 869/4289/4191
f 908/4290/4192 870/4291/4193 869/4292/4194
f 909/4293/4195 871/4294/4196 870/4295/4197
f 908/4296/4198 909/4297/4199 870/4298/4200
f 910/4299/4201 873/4300/4202 871/4301/4203
f 909/4302/4204 910/4303/4205 871/4304/4206
f 911/4305/4207 912/4306/4208 875/4307/4209
f 873/4308/4210 911/4309/4211 875/4310/4212
f 910/4311/4213 911/4312/4214 873/4313/4215
f 877/4314/4216 882/4315/4217 913/4316/4218
f 877/4317/4219 913/4318/4220 894/4319/4221
f 913/4320/4222 882/4321/4223 914/4322/4224
f 882/4323/4225 885/4324/4226 914/4325/4227
f 915/4326/4228 888/4327/4229 883/4328/4230
f 902/4329/4231 915/4330/4232 883/4331/4233
f 885/4332/4234 916/4333/4235 914/4334/4236
f 914/4334/4236 916/4333/4235 917/4335/4237
f 918/4336/4238 919/4337/4239 892/4338/4240
f 892/4338/4240 919/4337/4239 886/4339/4241
f 920/4340/4242 889/4341/4243 888/4342/4244
f 915/4343/4245 920/4344/4246 888/4345/4247
f 921/4346/4248 890/4347/4249 889/4348/4250
f 920/4349/4251 921/4350/4252 889/4351/4253
f 922/4352/4254 891/4353/4255 890/4354/4256
f 921/4355/4257 922/4356/4258 890/4357/4259
f 923/4358/4260 924/4359/4261 918/4360/4262
f 923/4361/4263 918/4362/4264 892/4363/4265
f 925/4364/4266 893/4365/4267 891/4366/4268
f 922/4367/4269 925/4368/4270 891/4369/4271
f 926/4370/4272 923/4371/4273 892/4372/4274
f 926/4373/4275 892/4374/4276 893/4375/4277
f 925/4376/4278 926/4377/4279 893/4378/4280
f 894/4379/4281 913/4380/4282 927/4381/4283
f 894/4382/4284 927/4383/4285 895/4384/4286
f 895/4385/4287 928/4386/4288 896/4387/4289
f 895/4388/4290 927/4389/4291 928/4390/4292
f 896/4391/4293 929/4392/4294 901/4393/4295
f 896/4394/4296 928/4395/4297 929/4396/4298
f 930/4397/4299 899/4398/4300 898/4399/4301
f 931/4400/4302 930/4401/4303 932/4402/4304
f 932/4402/4304 930/4401/4303 898/4403/4305
f 900/4404/4306 932/4405/4307 898/4406/4308
f 901/4407/4309 929/4408/4310 933/4409/4311
f 900/4410/4312 933/4411/4313 932/4412/4314
f 901/4413/4315 933/4414/4316 900/4415/4317
f 904/4416/4318 934/4417/4319 902/4418/4320
f 934/4419/4321 915/4420/4322 902/4421/4323
f 935/4422/4324 905/4423/4325 903/4424/4326
f 911/4425/4327 936/4426/4328 912/4427/4329
f 936/4428/4330 937/4429/4331 912/4430/4332
f 935/4431/4333 938/4432/4334 905/4433/4335
f 938/4434/4336 906/4435/4337 905/4436/4338
f 938/4437/4339 939/4438/4340 906/4439/4341
f 939/4440/4342 907/4441/4343 906/4442/4344
f 939/4443/4345 940/4444/4346 907/4445/4347
f 940/4446/4348 908/4447/4349 907/4448/4350
f 940/4449/4351 941/4450/4352 908/4451/4353
f 941/4452/4354 909/4453/4355 908/4454/4356
f 941/4455/4357 942/4456/4358 909/4457/4359
f 942/4458/4360 910/4459/4361 909/4460/4362
f 942/4461/4363 943/4462/4364 910/4463/4365
f 943/4464/4366 911/4465/4367 910/4466/4368
f 943/4467/4369 936/4468/4370 911/4469/4371
f 927/4470/4372 913/4471/4373 944/4472/4374
f 913/4473/4375 914/4474/4376 944/4475/4377
f 914/4476/4378 917/4477/4379 945/4478/4380
f 944/4479/4381 914/4480/4382 945/4481/4383
f 934/4482/4384 946/4483/4385 915/4484/4386
f 946/4485/4387 920/4486/4388 915/4487/4389
f 917/4488/4390 947/4489/4391 945/4490/4392
f 945/4490/4392 947/4489/4391 948/4491/4393
f 945/4490/4392 948/4491/4393 949/4492/4394
f 946/4493/4395 950/4494/4396 920/4495/4397
f 950/4496/4398 921/4497/4399 920/4498/4400
f 950/4499/4401 951/4500/4402 921/4501/4403
f 951/4502/4404 922/4503/4405 921/4504/4406
f 952/4505/4407 924/4506/4408 923/4507/4409
f 953/4508/4410 954/4509/4411 952/4510/4412
f 952/4510/4412 954/4509/4411 924/4511/4413
f 951/4512/4414 955/4513/4415 922/4514/4416
f 955/4515/4417 925/4516/4418 922/4517/4419
f 956/4518/4420 923/4519/4421 926/4520/4422
f 956/4521/4423 952/4522/4424 923/4523/4425
f 955/4524/4426 957/4525/4427 925/4526/4428
f 957/4527/4429 926/4528/4430 925/4529/4431
f 957/4530/4432 956/4531/4433 926/4532/4434
f 928/4533/4435 927/4534/4436 958/4535/4437
f 927/4534/4438 944/4536/4439 958/4537/4440
f 929/4538/4441 928/4539/4442 959/4540/4443
f 928/4539/4444 958/4541/4445 959/4542/4446
f 933/4543/4447 929/4544/4448 960/4545/4449
f 929/4544/4450 959/4546/4451 960/4547/4452
f 931/4548/4453 932/4549/4454 961/4550/4455
f 961/4550/4455 932/4549/4454 962/4551/4456
f 932/4549/4457 963/4552/4458 962/4553/4459
f 932/4554/4460 933/4555/4461 963/4556/4462
f 933/4555/4463 960/4557/4464 963/4558/4465
f 936/4559/4466 964/4560/4467 937/4561/4468
f 964/4562/4469 965/4563/4470 937/4564/4471
f 966/4565/4472 938/4566/4473 935/4567/4474
f 967/4568/4475 936/4569/4476 943/4570/4477
f 967/4571/4478 964/4572/4479 936/4573/4480
f 966/4574/4481 968/4575/4482 938/4576/4483
f 968/4577/4484 939/4578/4485 938/4579/4486
f 968/4580/4487 969/4581/4488 939/4582/4489
f 969/4583/4490 940/4584/4491 939/4585/4492
f 969/4586/4493 970/4587/4494 940/4588/4495
f 970/4589/4496 941/4590/4497 940/4591/4498
f 970/4592/4499 971/4593/4500 941/4594/4501
f 971/4595/4502 942/4596/4503 941/4597/4504
f 971/4598/4505 972/4599/4506 942/4600/4507
f 972/4601/4508 943/4602/4509 942/4603/4510
f 972/4604/4511 967/4605/4512 943/4606/4513
f 944/4607/4514 945/4608/4515 973/4609/4516
f 958/4610/4517 944/4611/4518 973/4612/4519
f 973/4613/4520 945/4614/4521 974/4615/4522
f 945/4616/4523 949/4617/4524 974/4618/4525
f 964/4619/4526 975/4620/4527 965/4621/4528
f 975/4622/4529 976/4623/4530 965/4624/4531
f 949/4625/4532 977/4626/4533 974/4627/4534
f 974/4627/4534 977/4626/4533 978/4628/4535
f 979/4629/4536 980/4630/4537 976/4631/4538
f 975/4632/4539 979/4633/4540 976/4634/4541
f 981/4635/4542 982/4636/4543 983/4637/4544
f 981/4638/4545 984/4639/4546 982/4640/4547
f 985/4641/4548 986/4642/4549 980/4643/4550
f 979/4644/4551 985/4645/4552 980/4646/4553
f 987/4647/4554 983/4648/4555 988/4649/4556
f 987/4650/4557 981/4651/4558 983/4652/4559
f 989/4653/4560 990/4654/4561 986/4655/4562
f 985/4656/4563 989/4657/4564 986/4658/4565
f 991/4659/4566 988/4660/4567 990/4661/4568
f 991/4662/4569 987/4663/4570 988/4664/4571
f 989/4665/4572 991/4666/4573 990/4667/4574
f 958/4668/4575 973/4669/4576 992/4670/4577
f 959/4671/4578 958/4672/4579 992/4673/4580
f 959/4674/4581 992/4675/4582 993/4676/4583
f 960/4677/4584 959/4678/4585 993/4679/4586
f 963/4680/4587 960/4681/4588 994/4682/4589
f 960/4683/4590 993/4684/4591 994/4685/4592
f 962/4686/4593 995/4687/4594 996/4688/4595
f 962/4689/4596 963/4690/4597 995/4691/4598
f 963/4692/4599 994/4693/4600 995/4694/4601
f 997/4695/4602 964/4696/4603 967/4697/4604
f 997/4698/4605 975/4699/4606 964/4700/4607
f 998/4701/4608 968/4702/4609 966/4703/4610
f 999/4704/4611 967/4705/4612 972/4706/4613
f 999/4707/4614 997/4708/4615 967/4709/4616
f 998/4710/4617 1000/4711/4618 968/4712/4619
f 1000/4713/4620 969/4714/4621 968/4715/4622
f 1000/4716/4623 1001/4717/4624 969/4718/4625
f 1001/4719/4626 970/4720/4627 969/4721/4628
f 1001/4722/4629 1002/4723/4630 970/4724/4631
f 1002/4725/4632 971/4726/4633 970/4727/4634
f 1002/4728/4635 1003/4729/4636 971/4730/4637
f 1003/4731/4638 972/4732/4639 971/4733/4640
f 1003/4734/4641 999/4735/4642 972/4736/4643
f 992/4737/4644 973/4738/4645 1004/4739/4646
f 973/4740/4647 974/4741/4648 1004/4742/4649
f 1004/4743/4650 974/4744/4651 1005/4745/4652
f 974/4746/4653 978/4747/4654 1005/4748/4655
f 1006/4749/4656 975/4750/4657 997/4751/4658
f 1006/4752/4659 979/4753/4660 975/4754/4661
f 1007/4755/4662 984/4756/4663 981/4757/4664
f 1008/4758/4665 984/4759/4666 1007/4760/4667
f 1009/4761/4668 985/4762/4669 979/4763/4670
f 1009/4764/4671 979/4765/4672 1006/4766/4673
f 1010/4767/4674 981/4768/4675 987/4769/4676
f 1007/4770/4677 981/4771/4678 1010/4772/4679
f 1011/4773/4680 985/4774/4681 1009/4775/4682
f 1011/4776/4683 989/4777/4684 985/4778/4685
f 1012/4779/4686 987/4780/4687 991/4781/4688
f 1010/4782/4689 987/4783/4690 1012/4784/4691
f 1012/4785/4692 991/4786/4693 1013/4787/4694
f 1013/4788/4695 989/4789/4696 1011/4790/4697
f 1013/4791/4698 991/4792/4699 989/4793/4700
f 993/4794/4701 992/4795/4702 1014/4796/4703
f 992/4797/4704 1004/4798/4705 1014/4799/4706
f 994/4800/4707 993/4801/4708 1015/4802/4709
f 993/4803/4710 1014/4804/4711 1015/4805/4712
f 995/4806/4713 994/4807/4714 1016/4808/4715
f 994/4809/4716 1015/4810/4717 1016/4811/4718
f 996/4812/4719 1017/4813/4720 1018/4814/4721
f 996/4815/4722 995/4816/4723 1017/4817/4724
f 995/4818/4725 1016/4819/4726 1017/4820/4727
f 1019/4821/4728 1006/4822/4729 997/4823/4730
f 1019/4824/4731 997/4825/4732 999/4826/4733
f 1020/4827/4734 1000/4828/4735 998/4829/4736
f 1021/4830/4737 1019/4831/4738 999/4832/4739
f 1021/4833/4740 999/4834/4741 1003/4835/4742
f 1020/4836/4743 1022/4837/4744 1000/4838/4745
f 1022/4839/4746 1001/4840/4747 1000/4841/4748
f 1022/4842/4749 1023/4843/4750 1001/4844/4751
f 1023/4845/4752 1002/4846/4753 1001/4847/4754
f 1023/4848/4755 1024/4849/4756 1002/4850/4757
f 1024/4851/4758 1003/4852/4759 1002/4853/4760
f 1024/4854/4761 1021/4855/4762 1003/4856/4763
f 1014/4857/4764 1004/4858/4765 1025/4859/4766
f 1004/4860/4767 1005/4861/4768 1025/4862/4769
f 1008/4863/4770 1007/4864/4771 1026/4865/4772
f 1027/4866/4773 1008/4867/4774 1026/4868/4775
f 1028/4869/4776 1006/4870/4777 1019/4871/4778
f 1028/4872/4779 1009/4873/4780 1006/4874/4781
f 1026/4875/4782 1007/4876/4783 1029/4877/4784
f 1029/4878/4785 1007/4879/4786 1010/4880/4787
f 1030/4881/4788 1009/4882/4789 1028/4883/4790
f 1030/4884/4791 1011/4885/4792 1009/4886/4793
f 1029/4887/4794 1010/4888/4795 1031/4889/4796
f 1031/4890/4797 1010/4891/4798 1012/4892/4799
f 1032/4893/4800 1011/4894/4801 1030/4895/4802
f 1032/4896/4803 1013/4897/4804 1011/4898/4805
f 1033/4899/4806 1012/4900/4807 1013/4901/4808
f 1031/4902/4809 1012/4903/4810 1033/4904/4811
f 1033/4905/4812 1013/4906/4813 1032/4907/4814
f 1015/4908/4815 1014/4909/4816 1034/4910/4817
f 1014/4911/4818 1025/4912/4819 1034/4913/4820
f 1035/4914/4821 1036/4915/4822 1037/4916/4823
f 1015/4917/4824 1034/4918/4825 1038/4919/4826
f 1039/4920/4827 1040/4921/4828 1041/4922/4829
f 1039/4923/4830 1041/4924/4831 1042/4925/4832
f 1035/4926/4833 1037/4927/4834 1043/4928/4835
f 1040/4929/4836 1035/4930/4837 1043/4931/4838
f 1040/4932/4839 1043/4933/4840 1041/4934/4841
f 1044/4935/4842 1019/4936/4843 1021/4937/4844
f 1044/4938/4845 1028/4939/4846 1019/4940/4847
f 1045/4941/4848 1022/4942/4849 1020/4943/4850
f 1046/4944/4851 1021/4945/4852 1024/4946/4853
f 1046/4947/4854 1044/4948/4855 1021/4949/4856
f 1045/4950/4857 1047/4951/4858 1022/4952/4859
f 1047/4953/4860 1023/4954/4861 1022/4955/4862
f 1047/4956/4863 1048/4957/4864 1023/4958/4865
f 1048/4959/4866 1024/4960/4867 1023/4961/4868
f 1048/4962/4869 1046/4963/4870 1024/4964/4871
f 1027/4965/4872 1026/4966/4873 1049/4967/4874
f 1050/4968/4875 1027/4969/4876 1049/4970/4877
f 1049/4971/4878 1026/4972/4879 1051/4973/4880
f 1026/4974/4881 1029/4975/4882 1051/4976/4883
f 1052/4977/4884 1028/4978/4885 1044/4979/4886
f 1052/4980/4887 1030/4981/4888 1028/4982/4889
f 1053/4983/4890 1029/4984/4891 1031/4985/4892
f 1051/4986/4893 1029/4987/4894 1053/4988/4895
f 1054/4989/4896 1030/4990/4897 1052/4991/4898
f 1054/4992/4899 1032/4993/4900 1030/4994/4901
f 1055/4995/4902 1031/4996/4903 1033/4997/4904
f 1053/4998/4905 1031/4999/4906 1055/5000/4907
f 1056/5001/4908 1032/5002/4909 1054/5003/4910
f 1055/5004/4911 1033/5005/4912 1056/5006/4913
f 1056/5007/4914 1033/5008/4915 1032/5009/4916
f 1037/5010/4917 1050/5011/4918 1057/5012/4919
f 1050/5013/4920 1049/5014/4921 1057/5015/4922
f 1042/5016/4923 1058/5017/4924 1059/5018/4925
f 1042/5019/4926 1041/5020/4927 1058/5021/4928
f 1043/5022/4929 1037/5023/4930 1060/5024/4931
f 1037/5025/4932 1057/5026/4933 1060/5027/4934
f 1041/5028/4935 1061/5029/4936 1058/5030/4937
f 1041/5031/4938 1043/5032/4939 1061/5033/4940
f 1043/5034/4941 1060/5035/4942 1061/5036/4943
f 1062/5037/4944 1044/5038/4945 1046/5039/4946
f 1062/5040/4947 1052/5041/4948 1044/5042/4949
f 1063/5043/4950 1047/5044/4951 1045/5045/4952
f 1064/5046/4953 1046/5047/4954 1048/5048/4955
f 1064/5049/4956 1062/5050/4957 1046/5051/4958
f 1063/5052/4959 1065/5053/4960 1047/5054/4961
f 1065/5055/4962 1048/5056/4963 1047/5057/4964
f 1065/5058/4965 1064/5059/4966 1048/5060/4967
f 1057/5061/4968 1049/5062/4969 1066/5063/4970
f 1049/5064/4971 1051/5065/4972 1066/5066/4973
f 1066/5067/4974 1051/5068/4975 1067/5069/4976
f 1051/5070/4977 1053/5071/4978 1067/5072/4979
f 1068/5073/4980 1052/5074/4981 1062/5075/4982
f 1068/5076/4983 1054/5077/4984 1052/5078/4985
f 1067/5079/4986 1053/5080/4987 1069/5081/4988
f 1069/5082/4989 1053/5083/4990 1055/5084/4991
f 1070/5085/4992 1056/5086/4993 1054/5087/4994
f 1070/5088/4995 1054/5089/4996 1068/5090/4997
f 1069/5091/4998 1055/5092/4999 1071/5093/5000
f 1071/5094/5001 1055/5095/5002 1056/5096/5003
f 1071/5097/5004 1056/5098/5005 1070/5099/5006
f 1057/5100/5007 1066/5101/5008 1072/5102/5009
f 1060/5103/5010 1057/5104/5011 1072/5105/5012
f 1059/5106/5013 1073/5107/5014 1074/5108/5015
f 1059/5109/5016 1058/5110/5017 1073/5111/5018
f 1058/5112/5019 1075/5113/5020 1073/5114/5021
f 1058/5115/5022 1061/5116/5023 1075/5117/5024
f 1060/5118/5025 1072/5119/5026 1076/5120/5027
f 1061/5121/5028 1060/5122/5029 1076/5123/5030
f 1061/5124/5031 1076/5125/5032 1075/5126/5033
f 1077/5127/5034 1068/5128/5035 1062/5129/5036
f 1077/5130/5037 1062/5131/5038 1064/5132/5039
f 1078/5133/5040 1065/5134/5041 1063/5135/5042
f 1079/5136/5043 1077/5137/5044 1064/5138/5045
f 1079/5139/5046 1064/5140/5047 1065/5141/5048
f 1078/5142/5049 1079/5143/5050 1065/5144/5051
f 1072/5145/5052 1066/5146/5053 1080/5147/5054
f 1066/5148/5055 1067/5149/5056 1080/5150/5057
f 1067/5151/5058 1069/5152/5059 1081/5153/5060
f 1080/5154/5061 1067/5155/5062 1081/5156/5063
f 1082/5157/5064 1068/5158/5065 1077/5159/5066
f 1082/5160/5067 1070/5161/5068 1068/5162/5069
f 1083/5163/5070 1069/5164/5071 1071/5165/5072
f 1081/5166/5073 1069/5167/5074 1083/5168/5075
f 1084/5169/5076 1070/5170/5077 1082/5171/5078
f 1083/5172/5079 1071/5173/5080 1084/5174/5081
f 1084/5175/5082 1071/5176/5083 1070/5177/5084
f 1076/5178/5085 1072/5179/5086 1085/5180/5087
f 1072/5181/5088 1080/5182/5089 1085/5183/5090
f 1074/5184/5091 1086/5185/5092 1087/5186/5093
f 1074/5187/5094 1073/5188/5095 1086/5189/5096
f 1073/5190/5097 1088/5191/5098 1086/5192/5099
f 1073/5193/5100 1075/5194/5101 1088/5195/5102
f 1075/5196/5103 1089/5197/5104 1088/5198/5105
f 1075/5199/5106 1076/5200/5107 1089/5201/5108
f 1076/5202/5109 1085/5203/5110 1089/5204/5111
f 1090/5205/5112 1077/5206/5113 1079/5207/5114
f 1090/5208/5115 1082/5209/5116 1077/5210/5117
f 1091/5211/5118 1079/5212/5119 1078/5213/5120
f 1091/5214/5121 1090/5215/5122 1079/5216/5123
f 1080/5217/5124 1081/5218/5125 1092/5219/5126
f 1085/5220/5127 1080/5221/5128 1092/5222/5129
f 1092/5223/5130 1081/5224/5131 1093/5225/5132
f 1081/5226/5133 1083/5227/5134 1093/5228/5135
f 1094/5229/5136 1082/5230/5137 1090/5231/5138
f 1094/5232/5139 1084/5233/5140 1082/5234/5141
f 1095/5235/5142 1083/5236/5143 1084/5237/5144
f 1093/5238/5145 1083/5239/5146 1095/5240/5147
f 1095/5241/5148 1084/5242/5149 1094/5243/5150
f 1087/5244/5151 1086/5245/5152 1096/5246/5153
f 1087/5247/5154 1096/5248/5155 1097/5249/5156
f 1089/5250/5157 1085/5251/5158 1098/5252/5159
f 1085/5253/5160 1092/5254/5161 1098/5255/5162
f 1086/5256/5163 1088/5257/5164 1099/5258/5165
f 1086/5259/5166 1099/5260/5167 1096/5261/5168
f 1088/5262/5169 1100/5263/5170 1099/5264/5171
f 1088/5265/5172 1089/5266/5173 1100/5267/5174
f 1089/5268/5175 1098/5269/5176 1100/5270/5177
f 1101/5271/5178 1094/5272/5179 1090/5273/5180
f 1101/5274/5181 1090/5275/5182 1091/5276/5183
f 1098/5277/5184 1092/5278/5185 1102/5279/5186
f 1092/5280/5187 1093/5281/5188 1102/5282/5189
f 1102/5283/5190 1093/5284/5191 1103/5285/5192
f 1093/5286/5193 1095/5287/5194 1103/5288/5195
f 1103/5289/5196 1095/5290/5197 1104/5291/5198
f 1104/5292/5199 1094/5293/5200 1101/5294/5201
f 1104/5295/5202 1095/5296/5203 1094/5297/5204
f 1097/5298/5205 1105/5299/5206 1106/5300/5207
f 1097/5301/5208 1096/5302/5209 1105/5303/5210
f 1106/5304/5211 1107/5305/5212 1108/5306/5213
f 1106/5307/5214 1105/5308/5215 1107/5309/5216
f 1108/5310/5217 1109/5311/5218 1110/5312/5219
f 1108/5313/5220 1107/5314/5221 1109/5315/5222
f 1096/5316/5223 1111/5317/5224 1105/5318/5225
f 1096/5319/5226 1099/5320/5227 1111/5321/5228
f 1100/5322/5229 1098/5323/5230 1112/5324/5231
f 1098/5325/5232 1102/5326/5233 1112/5327/5234
f 1099/5328/5235 1113/5329/5236 1111/5330/5237
f 1099/5331/5238 1100/5332/5239 1113/5333/5240
f 1100/5334/5241 1112/5335/5242 1113/5336/5243
f 1112/5337/5244 1102/5338/5245 1114/5339/5246
f 1102/5340/5247 1103/5341/5248 1114/5342/5249
f 1114/5343/5250 1103/5344/5251 1115/5345/5252
f 1103/5346/5253 1104/5347/5254 1115/5348/5255
f 1105/5349/5256 1116/5350/5257 1107/5351/5258
f 1105/5352/5259 1111/5353/5260 1116/5354/5261
f 1107/5355/5262 1117/5356/5263 1109/5357/5264
f 1107/5358/5265 1116/5359/5266 1117/5360/5267
f 1111/5361/5268 1113/5362/5269 1118/5363/5270
f 1111/5364/5271 1118/5365/5272 1116/5366/5273
f 1112/5367/5274 1114/5368/5275 1119/5369/5276
f 1113/5370/5277 1112/5371/5278 1119/5372/5279
f 1113/5373/5280 1119/5374/5281 1118/5375/5282
f 1119/5376/5283 1114/5377/5284 1120/5378/5285
f 1114/5379/5286 1115/5380/5287 1120/5381/5288
f 1116/5382/5289 1121/5383/5290 1117/5384/5291
f 1116/5385/5292 1118/5386/5293 1121/5387/5294
f 1118/5388/5295 1122/5389/5296 1121/5390/5297
f 1118/5391/5298 1119/5392/5299 1122/5393/5300
f 1119/5394/5301 1120/5395/5302 1122/5396/5303
f 1123/5397/5304 1124/5398/5305 491/5399/5306
f 491/5399/5306 1124/5398/5305 488/5400/5307
f 1125/5401/5308 1123/5402/5309 491/5403/5310
f 1125/5404/5311 491/5405/5312 1126/5406/5313
f 1126/5406/5313 491/5405/5312 542/5407/5314
f 1127/5408/5315 1126/5409/5316 542/5410/5317
f 1127/5411/5318 542/5412/5319 1128/5413/5320
f 1128/5413/5320 542/5412/5319 584/5414/5321
f 1129/5415/5322 1128/5416/5323 584/5417/5324
f 1129/5418/5325 584/5419/5326 1130/5420/5327
f 1130/5420/5327 584/5419/5326 627/5421/5328
f 1131/5422/5329 1130/5423/5330 627/5424/5331
f 1131/5425/5332 627/5426/5333 1132/5427/5334
f 1132/5427/5334 627/5426/5333 666/5428/5335
f 1133/5429/5336 1132/5430/5337 666/5431/5338
f 1133/5432/5339 666/5433/5340 1134/5434/5341
f 1134/5434/5341 666/5433/5340 703/5435/5342
f 1135/5436/5343 1136/5437/5344 703/5438/5345
f 703/5438/5345 1136/5437/5344 1134/5439/5346
f 1135/5440/5347 703/5441/5348 1137/5442/5349
f 1137/5442/5349 703/5441/5348 739/5443/5350
f 1138/5444/5351 1139/5445/5352 739/5446/5353
f 739/5446/5353 1139/5445/5352 1137/5447/5354
f 1138/5448/5355 739/5449/5356 1140/5450/5357
f 1140/5450/5357 739/5449/5356 773/5451/5358
f 1141/5452/5359 1142/5453/5360 773/5454/5361
f 773/5454/5361 1142/5453/5360 1140/5455/5362
f 1143/5456/5363 1141/5457/5364 773/5458/5365
f 812/5459/5366 1144/5460/5367 773/5461/5368
f 773/5461/5368 1144/5460/5367 1145/5462/5369
f 773/5461/5368 1145/5462/5369 1143/5463/5370
f 1146/5464/5371 1147/5465/5372 1121/5466/5373
f 1147/5467/5374 1148/5468/5375 1121/5469/5376
f 1121/5469/5376 1148/5468/5375 1117/5470/5377
f 1149/5471/5378 1146/5472/5379 1122/5473/5380
f 1122/5473/5380 1146/5472/5379 1121/5474/5381
f 1148/5475/5382 1150/5476/5383 1117/5477/5384
f 1151/5478/5385 1149/5479/5386 1122/5480/5387
f 1150/5481/5388 1152/5482/5389 1117/5483/5390
f 1117/5483/5390 1152/5482/5389 1109/5484/5391
f 1151/5485/5392 1122/5486/5393 1153/5487/5394
f 1153/5487/5394 1122/5486/5393 1120/5488/5395
f 1152/5489/5396 1154/5490/5397 1109/5491/5398
f 1155/5492/5399 1153/5493/5400 1120/5494/5401
f 1154/5495/5402 1156/5496/5403 1109/5497/5404
f 1109/5497/5404 1156/5496/5403 1110/5498/5405
f 1155/5499/5406 1120/5500/5407 1157/5501/5408
f 1157/5501/5408 1120/5500/5407 1115/5502/5409
f 1156/5503/5410 1158/5504/5411 1110/5505/5412
f 1159/5506/5413 1157/5507/5414 1115/5508/5415
f 1158/5509/5416 1160/5510/5417 1110/5511/5418
f 1110/5511/5418 1160/5510/5417 1161/5512/5419
f 1110/5511/5418 1161/5512/5419 1162/5513/5420
f 1159/5514/5421 1115/5515/5422 1163/5516/5423
f 1163/5516/5423 1115/5515/5422 1104/5517/5424
f 1163/5518/5425 1104/5519/5426 1164/5520/5427
f 1164/5520/5427 1104/5519/5426 1101/5521/5428
f 1165/5522/5429 1164/5523/5430 1101/5524/5431
f 1160/5525/5432 1166/5526/5433 1161/5527/5434
f 1165/5528/5435 1101/5529/5436 1167/5530/5437
f 1167/5530/5437 1101/5529/5436 1091/5531/5438
f 1168/5532/5439 1167/5533/5440 1091/5534/5441
f 1162/5535/5442 1169/5536/5443 1110/5537/5444
f 1168/5538/5445 1091/5539/5446 1170/5540/5447
f 1170/5540/5447 1091/5539/5446 1078/5541/5448
f 1171/5542/5449 1108/5543/5450 1169/5544/5451
f 1169/5544/5451 1108/5543/5450 1110/5545/5452
f 1172/5546/5453 1170/5547/5454 1078/5548/5455
f 1171/5549/5456 1173/5550/5457 1108/5551/5458
f 1172/5552/5459 1078/5553/5460 1174/5554/5461
f 1174/5554/5461 1078/5553/5460 1063/5555/5462
f 1175/5556/5463 1106/5557/5464 1173/5558/5465
f 1173/5558/5465 1106/5557/5464 1108/5559/5466
f 1176/5560/5467 1174/5561/5468 1063/5562/5469
f 1175/5563/5470 1177/5564/5471 1106/5565/5472
f 1176/5566/5473 1063/5567/5474 1178/5568/5475
f 1178/5568/5475 1063/5567/5474 1045/5569/5476
f 1179/5570/5477 1097/5571/5478 1177/5572/5479
f 1177/5572/5479 1097/5571/5478 1106/5573/5480
f 1180/5574/5481 1178/5575/5482 1045/5576/5483
f 1179/5577/5484 1181/5578/5485 1097/5579/5486
f 1180/5580/5487 1045/5581/5488 1182/5582/5489
f 1182/5582/5489 1045/5581/5488 1020/5583/5490
f 1183/5584/5491 1087/5585/5492 1181/5586/5493
f 1181/5586/5493 1087/5585/5492 1097/5587/5494
f 1184/5588/5495 1182/5589/5496 1020/5590/5497
f 1184/5591/5498 1020/5592/5499 1185/5593/5500
f 1185/5593/5500 1020/5592/5499 998/5594/5501
f 1187/5595/5502 1087/5596/5503 1186/5597/5504
f 1186/5597/5504 1087/5596/5503 1183/5598/5505
f 1188/5599/5506 1185/5600/5507 998/5601/5508
f 1187/5602/5509 1189/5603/5510 1087/5604/5511
f 1087/5604/5511 1189/5603/5510 1074/5605/5512
f 1188/5606/5513 998/5607/5514 1190/5608/5515
f 1190/5608/5515 998/5607/5514 966/5609/5516
f 1189/5610/5517 1191/5611/5518 1074/5612/5519
f 1074/5612/5519 1191/5611/5518 1192/5613/5520
f 1193/5614/5521 1190/5615/5522 966/5616/5523
f 1192/5617/5524 1194/5618/5525 1074/5619/5526
f 1074/5619/5526 1194/5618/5525 1059/5620/5527
f 1193/5621/5528 966/5622/5529 1195/5623/5530
f 1195/5623/5530 966/5622/5529 935/5624/5531
f 1194/5625/5532 1196/5626/5533 1059/5627/5534
f 1197/5628/5535 1195/5629/5536 935/5630/5537
f 1196/5631/5538 1198/5632/5539 1059/5633/5540
f 1059/5633/5540 1198/5632/5539 1042/5634/5541
f 1197/5635/5542 935/5636/5543 1199/5637/5544
f 1199/5637/5544 935/5636/5543 903/5638/5545
f 1198/5639/5546 1200/5640/5547 1042/5641/5548
f 1201/5642/5549 1199/5643/5550 903/5644/5551
f 1200/5645/5552 1202/5646/5553 1042/5647/5554
f 1042/5647/5554 1202/5646/5553 1203/5648/5555
f 1042/5647/5554 1203/5648/5555 1039/5649/5556
f 1201/5650/5557 903/5651/5558 1204/5652/5559
f 1204/5652/5559 903/5651/5558 864/5653/5560
f 1205/5654/5561 1204/5655/5562 864/5656/5563
f 1205/5657/5564 864/5658/5565 1206/5659/5566
f 1206/5659/5566 864/5658/5565 821/5660/5567
f 1207/5661/5568 1206/5662/5569 821/5663/5570
f 1207/5664/5571 821/5665/5572 1208/5666/5573
f 1208/5666/5573 821/5665/5572 779/5667/5574
f 1209/5668/5575 1208/5669/5576 779/5670/5577
f 1209/5671/5578 779/5672/5579 1210/5673/5580
f 1210/5673/5580 779/5672/5579 744/5674/5581
f 1211/5675/5582 1210/5676/5583 744/5677/5584
f 1211/5678/5585 744/5679/5586 1212/5680/5587
f 1212/5680/5587 744/5679/5586 708/5681/5588
f 1213/5682/5589 1212/5683/5590 708/5684/5591
f 1213/5685/5592 708/5686/5593 1214/5687/5594
f 1214/5687/5594 708/5686/5593 671/5688/5595
f 1215/5689/5596 1214/5690/5597 671/5691/5598
f 1215/5692/5599 671/5693/5600 1216/5694/5601
f 1216/5694/5601 671/5693/5600 632/5695/5602
f 1217/5696/5603 1216/5697/5604 632/5698/5605
f 1217/5699/5606 632/5700/5607 1218/5701/5608
f 1218/5701/5608 632/5700/5607 590/5702/5609
f 1219/5703/5610 1218/5704/5611 590/5705/5612
f 1219/5706/5613 590/5707/5614 1220/5708/5615
f 1220/5708/5615 590/5707/5614 547/5709/5616
f 1221/5710/5617 1220/5711/5618 547/5712/5619
f 1221/5713/5620 547/5714/5621 1222/5715/5622
f 1222/5715/5622 547/5714/5621 503/5716/5623
f 1223/5717/5624 1222/5718/5625 503/5719/5626
f 1223/5720/5627 503/5721/5628 1224/5722/5629
f 1224/5722/5629 503/5721/5628 429/5723/5630
f 1225/5724/5631 1224/5725/5632 429/5726/5633
f 1225/5727/5634 429/5728/5635 1226/5729/5636
f 1226/5729/5636 429/5728/5635 396/5730/5637
f 1227/5731/5638 1226/5732/5639 396/5733/5640
f 1227/5734/5641 396/5735/5642 1228/5736/5643
f 1228/5736/5643 396/5735/5642 362/5737/5644
f 1229/5738/5645 1228/5739/5646 362/5740/5647
f 1229/5741/5648 362/5742/5649 1230/5743/5650
f 1230/5743/5650 362/5742/5649 363/5744/5651
f 1231/5745/5652 1230/5746/5653 363/5747/5654
f 1232/5748/5655 318/5749/5656 285/5750/5657
f 1232/5751/5658 285/5752/5659 1233/5753/5660
f 1233/5753/5660 285/5752/5659 252/5754/5661
f 1234/5755/5662 1233/5756/5663 252/5757/5664
f 1234/5758/5665 252/5759/5666 1235/5760/5667
f 1235/5760/5667 252/5759/5666 219/5761/5668
f 1236/5762/5669 1235/5763/5670 219/5764/5671
f 1236/5765/5672 219/5766/5673 1237/5767/5674
f 1237/5767/5674 219/5766/5673 188/5768/5675
f 1238/5769/5676 1237/5770/5677 188/5771/5678
f 1238/5772/5679 188/5773/5680 1239/5774/5681
f 1239/5774/5681 188/5773/5680 159/5775/5682
f 1240/5776/5683 1239/5777/5684 159/5778/5685
f 1240/5779/5686 159/5780/5687 1241/5781/5688
f 1241/5781/5688 159/5780/5687 133/5782/5689
f 1242/5783/5690 1241/5784/5691 133/5785/5692
f 1242/5786/5693 133/5787/5694 1243/5788/5695
f 1243/5788/5695 133/5787/5694 108/5789/5696
f 1244/5790/5697 1243/5791/5698 108/5792/5699
f 1244/5793/5700 108/5794/5701 1245/5795/5702
f 1245/5795/5702 108/5794/5701 84/5796/5703
f 1246/5797/5704 1245/5798/5705 84/5799/5706
f 1246/5800/5707 84/5801/5708 1247/5802/5709
f 1247/5802/5709 84/5801/5708 60/5803/5710
f 1248/5804/5711 1247/5805/5712 60/5806/5713
f 1249/5807/5714 1248/5808/5715 30/5809/5716
f 30/5809/5716 1248/5808/5715 60/5810/5717
f 1250/5811/5718 1249/5812/5719 30/5813/5720
f 1251/5814/5721 1250/5815/5722 32/5816/5723
f 32/5816/5723 1250/5815/5722 30/5817/5724
f 1252/5818/5725 1251/5819/5726 32/5820/5727
f 1253/5821/5728 961/5822/5729 962/5823/5730
f 1253/5824/5731 962/5825/5732 1254/5826/5733
f 1254/5826/5733 962/5825/5732 996/5827/5734
f 1255/5828/5735 1254/5829/5736 996/5830/5737
f 1256/5831/5738 1257/5832/5739 1018/5833/5740
f 1018/5833/5740 1257/5832/5739 1255/5834/5741
f 1018/5833/5740 1255/5834/5741 996/5835/5742
f 1258/5836/5743 1256/5837/5744 1018/5838/5745
# 1258 vertices
# 5838 texture params
# 5745 normals
# 2044 facets

# 1 groups
