# WaveFront *.obj file (generated by Autodesk ATF)

mtllib Rudder Screws.mtl

g Body53

v 21.512864 4.178298 -0.215900
v 21.466339 4.172293 -0.215900
v 21.422691 4.155101 -0.215900
v 21.384569 4.127763 -0.215900
v 21.354283 4.091938 -0.215900
v 21.333671 4.049798 -0.215900
v 21.323981 4.003898 -0.215900
v 21.325802 3.957022 -0.215900
v 21.339024 3.912013 -0.215900
v 21.362844 3.871599 -0.215900
v 21.317328 3.872583 -0.215900
v 21.272879 3.862739 -0.215900
v 21.232034 3.842629 -0.215900
v 21.197128 3.813402 -0.215900
v 21.170153 3.776728 -0.215900
v 21.152650 3.734700 -0.215900
v 21.145618 3.689720 -0.215900
v 21.149460 3.644356 -0.215900
v 21.163957 3.601199 -0.215900
v 21.188279 3.562714 -0.215900
v 21.221038 3.531099 -0.215900
v 21.260362 3.508159 -0.215900
v 21.304007 3.495206 -0.215900
v 21.349479 3.492977 -0.215900
v 21.394181 3.501602 -0.215900
v 21.435561 3.520587 -0.215900
v 21.471253 3.548848 -0.215900
v 21.499221 3.584771 -0.215900
v 21.517867 3.626304 -0.215900
v 21.526126 3.671075 -0.215900
v 21.523526 3.716528 -0.215900
v 21.510216 3.760065 -0.215900
v 21.486955 3.799201 -0.215900
v 21.532138 3.798185 -0.215900
v 21.576289 3.807841 -0.215900
v 21.616922 3.827625 -0.215900
v 21.651752 3.856425 -0.215900
v 21.678817 3.892618 -0.215900
v 21.696595 3.934169 -0.215900
v 21.704084 3.978738 -0.215900
v 21.700864 4.023818 -0.215900
v 21.687115 4.066870 -0.215900
v 21.663612 4.105472 -0.215900
v 21.709650 4.111352 -0.215900
v 21.752900 4.128190 -0.215900
v 21.790795 4.154987 -0.215900
v 21.821084 4.190153 -0.215900
v 21.841971 4.231600 -0.215900
v 21.852216 4.276867 -0.215900
v 21.851210 4.323269 -0.215900
v 21.839013 4.368050 -0.215900
v 21.816349 4.408552 -0.215900
v 21.784564 4.442372 -0.215900
v 21.745543 4.467502 -0.215900
v 21.701604 4.482450 -0.215900
v 21.655354 4.486329 -0.215900
v 21.609539 4.478908 -0.215900
v 21.566878 4.460629 -0.215900
v 21.529903 4.432576 -0.215900
v 21.500809 4.396415 -0.215900
v 21.481323 4.354291 -0.215900
v 21.472602 4.308706 -0.215900
v 21.475164 4.262364 -0.215900
v 21.488855 4.218017 -0.215900
v 21.555996 4.295969 -0.215900
v 21.559631 4.323580 -0.215900
v 21.570289 4.349309 -0.215900
v 21.587242 4.371403 -0.215900
v 21.609336 4.388357 -0.215900
v 21.635065 4.399014 -0.215900
v 21.662676 4.402649 -0.215900
v 21.690287 4.399014 -0.215900
v 21.716016 4.388357 -0.215900
v 21.738110 4.371403 -0.215900
v 21.755064 4.349309 -0.215900
v 21.765721 4.323580 -0.215900
v 21.769356 4.295969 -0.215900
v 21.765721 4.268358 -0.215900
v 21.755064 4.242629 -0.215900
v 21.738110 4.220535 -0.215900
v 21.716016 4.203582 -0.215900
v 21.690287 4.192924 -0.215900
v 21.662676 4.189289 -0.215900
v 21.635065 4.192924 -0.215900
v 21.609336 4.203582 -0.215900
v 21.587242 4.220535 -0.215900
v 21.570289 4.242629 -0.215900
v 21.559631 4.268358 -0.215900
v 21.403430 3.994558 -0.215900
v 21.407065 4.022169 -0.215900
v 21.417723 4.047898 -0.215900
v 21.434676 4.069993 -0.215900
v 21.456770 4.086946 -0.215900
v 21.482499 4.097603 -0.215900
v 21.510110 4.101238 -0.215900
v 21.537721 4.097603 -0.215900
v 21.563450 4.086946 -0.215900
v 21.585544 4.069993 -0.215900
v 21.602498 4.047898 -0.215900
v 21.613155 4.022169 -0.215900
v 21.616790 3.994558 -0.215900
v 21.613155 3.966948 -0.215900
v 21.602498 3.941218 -0.215900
v 21.585544 3.919124 -0.215900
v 21.563450 3.902171 -0.215900
v 21.537721 3.891514 -0.215900
v 21.510110 3.887878 -0.215900
v 21.482499 3.891514 -0.215900
v 21.456770 3.902171 -0.215900
v 21.434676 3.919124 -0.215900
v 21.417723 3.941218 -0.215900
v 21.407065 3.966948 -0.215900
v 21.229321 3.683000 -0.215900
v 21.232956 3.710611 -0.215900
v 21.243613 3.736340 -0.215900
v 21.260567 3.758434 -0.215900
v 21.282661 3.775388 -0.215900
v 21.308390 3.786045 -0.215900
v 21.336001 3.789680 -0.215900
v 21.363611 3.786045 -0.215900
v 21.389341 3.775388 -0.215900
v 21.411435 3.758434 -0.215900
v 21.428388 3.736340 -0.215900
v 21.439046 3.710611 -0.215900
v 21.442681 3.683000 -0.215900
v 21.439046 3.655389 -0.215900
v 21.428388 3.629660 -0.215900
v 21.411435 3.607566 -0.215900
v 21.389341 3.590613 -0.215900
v 21.363611 3.579955 -0.215900
v 21.336001 3.576320 -0.215900
v 21.308390 3.579955 -0.215900
v 21.282661 3.590613 -0.215900
v 21.260567 3.607566 -0.215900
v 21.243613 3.629660 -0.215900
v 21.232956 3.655389 -0.215900
v 21.362844 3.871599 -0.279400
v 21.317328 3.872583 -0.279400
v 21.272879 3.862739 -0.279400
v 21.232034 3.842629 -0.279400
v 21.197128 3.813402 -0.279400
v 21.170153 3.776728 -0.279400
v 21.152650 3.734700 -0.279400
v 21.145618 3.689720 -0.279400
v 21.149460 3.644356 -0.279400
v 21.163957 3.601199 -0.279400
v 21.188279 3.562714 -0.279400
v 21.221038 3.531099 -0.279400
v 21.260362 3.508159 -0.279400
v 21.304007 3.495206 -0.279400
v 21.349479 3.492977 -0.279400
v 21.394181 3.501602 -0.279400
v 21.435561 3.520587 -0.279400
v 21.471253 3.548848 -0.279400
v 21.499221 3.584771 -0.279400
v 21.517867 3.626304 -0.279400
v 21.526126 3.671075 -0.279400
v 21.523526 3.716528 -0.279400
v 21.510216 3.760065 -0.279400
v 21.486955 3.799201 -0.279400
v 21.532138 3.798185 -0.279400
v 21.576289 3.807841 -0.279400
v 21.616922 3.827625 -0.279400
v 21.651752 3.856425 -0.279400
v 21.678817 3.892618 -0.279400
v 21.696595 3.934169 -0.279400
v 21.704084 3.978738 -0.279400
v 21.700864 4.023818 -0.279400
v 21.687115 4.066870 -0.279400
v 21.663612 4.105472 -0.279400
v 21.709650 4.111352 -0.279400
v 21.752900 4.128190 -0.279400
v 21.790795 4.154987 -0.279400
v 21.821084 4.190153 -0.279400
v 21.841971 4.231600 -0.279400
v 21.852216 4.276867 -0.279400
v 21.851210 4.323269 -0.279400
v 21.839013 4.368050 -0.279400
v 21.816349 4.408552 -0.279400
v 21.784564 4.442372 -0.279400
v 21.745543 4.467502 -0.279400
v 21.701604 4.482450 -0.279400
v 21.655354 4.486329 -0.279400
v 21.609539 4.478908 -0.279400
v 21.566878 4.460629 -0.279400
v 21.529903 4.432576 -0.279400
v 21.500809 4.396415 -0.279400
v 21.481323 4.354291 -0.279400
v 21.472602 4.308706 -0.279400
v 21.475164 4.262364 -0.279400
v 21.488855 4.218017 -0.279400
v 21.512864 4.178298 -0.279400
v 21.466339 4.172293 -0.279400
v 21.422691 4.155101 -0.279400
v 21.384569 4.127763 -0.279400
v 21.354283 4.091938 -0.279400
v 21.333671 4.049798 -0.279400
v 21.323981 4.003898 -0.279400
v 21.325802 3.957022 -0.279400
v 21.339024 3.912013 -0.279400
v 21.229321 3.683000 0.508000
v 21.232956 3.710611 0.508000
v 21.243613 3.736340 0.508000
v 21.260567 3.758434 0.508000
v 21.282661 3.775388 0.508000
v 21.308390 3.786045 0.508000
v 21.336001 3.789680 0.508000
v 21.363611 3.786045 0.508000
v 21.389341 3.775388 0.508000
v 21.411435 3.758434 0.508000
v 21.428388 3.736340 0.508000
v 21.439046 3.710611 0.508000
v 21.442681 3.683000 0.508000
v 21.439046 3.655389 0.508000
v 21.428388 3.629660 0.508000
v 21.411435 3.607566 0.508000
v 21.389341 3.590613 0.508000
v 21.363611 3.579955 0.508000
v 21.336001 3.576320 0.508000
v 21.308390 3.579955 0.508000
v 21.282661 3.590613 0.508000
v 21.260567 3.607566 0.508000
v 21.243613 3.629660 0.508000
v 21.232956 3.655389 0.508000
v 21.229321 3.683000 0.146050
v 21.232956 3.655389 0.146050
v 21.243613 3.629660 0.146050
v 21.260567 3.607566 0.146050
v 21.282661 3.590613 0.146050
v 21.308390 3.579955 0.146050
v 21.336001 3.576320 0.146050
v 21.363611 3.579955 0.146050
v 21.389341 3.590613 0.146050
v 21.411435 3.607566 0.146050
v 21.428388 3.629660 0.146050
v 21.439046 3.655389 0.146050
v 21.442681 3.683000 0.146050
v 21.439046 3.710611 0.146050
v 21.428388 3.736340 0.146050
v 21.411435 3.758434 0.146050
v 21.389341 3.775388 0.146050
v 21.363611 3.786045 0.146050
v 21.336001 3.789680 0.146050
v 21.308390 3.786045 0.146050
v 21.282661 3.775388 0.146050
v 21.260567 3.758434 0.146050
v 21.243613 3.736340 0.146050
v 21.232956 3.710611 0.146050
v 21.403430 3.994558 0.508000
v 21.407065 4.022169 0.508000
v 21.417723 4.047898 0.508000
v 21.434676 4.069993 0.508000
v 21.456770 4.086946 0.508000
v 21.482499 4.097603 0.508000
v 21.510110 4.101238 0.508000
v 21.537721 4.097603 0.508000
v 21.563450 4.086946 0.508000
v 21.585544 4.069993 0.508000
v 21.602498 4.047898 0.508000
v 21.613155 4.022169 0.508000
v 21.616790 3.994558 0.508000
v 21.613155 3.966948 0.508000
v 21.602498 3.941218 0.508000
v 21.585544 3.919124 0.508000
v 21.563450 3.902171 0.508000
v 21.537721 3.891514 0.508000
v 21.510110 3.887878 0.508000
v 21.482499 3.891514 0.508000
v 21.456770 3.902171 0.508000
v 21.434676 3.919124 0.508000
v 21.417723 3.941218 0.508000
v 21.407065 3.966948 0.508000
v 21.403430 3.994558 0.146050
v 21.407065 3.966948 0.146050
v 21.417723 3.941218 0.146050
v 21.434676 3.919124 0.146050
v 21.456770 3.902171 0.146050
v 21.482499 3.891514 0.146050
v 21.510110 3.887878 0.146050
v 21.537721 3.891514 0.146050
v 21.563450 3.902171 0.146050
v 21.585544 3.919124 0.146050
v 21.602498 3.941218 0.146050
v 21.613155 3.966948 0.146050
v 21.616790 3.994558 0.146050
v 21.613155 4.022169 0.146050
v 21.602498 4.047898 0.146050
v 21.585544 4.069993 0.146050
v 21.563450 4.086946 0.146050
v 21.537721 4.097603 0.146050
v 21.510110 4.101238 0.146050
v 21.482499 4.097603 0.146050
v 21.456770 4.086946 0.146050
v 21.434676 4.069993 0.146050
v 21.417723 4.047898 0.146050
v 21.407065 4.022169 0.146050
v 21.555996 4.295969 0.508000
v 21.559631 4.323580 0.508000
v 21.570289 4.349309 0.508000
v 21.587242 4.371403 0.508000
v 21.609336 4.388357 0.508000
v 21.635065 4.399014 0.508000
v 21.662676 4.402649 0.508000
v 21.690287 4.399014 0.508000
v 21.716016 4.388357 0.508000
v 21.738110 4.371403 0.508000
v 21.755064 4.349309 0.508000
v 21.765721 4.323580 0.508000
v 21.769356 4.295969 0.508000
v 21.765721 4.268358 0.508000
v 21.755064 4.242629 0.508000
v 21.738110 4.220535 0.508000
v 21.716016 4.203582 0.508000
v 21.690287 4.192924 0.508000
v 21.662676 4.189289 0.508000
v 21.635065 4.192924 0.508000
v 21.609336 4.203582 0.508000
v 21.587242 4.220535 0.508000
v 21.570289 4.242629 0.508000
v 21.559631 4.268358 0.508000
v 21.555996 4.295969 0.146050
v 21.559631 4.268358 0.146050
v 21.570289 4.242629 0.146050
v 21.587242 4.220535 0.146050
v 21.609336 4.203582 0.146050
v 21.635065 4.192924 0.146050
v 21.662676 4.189289 0.146050
v 21.690287 4.192924 0.146050
v 21.716016 4.203582 0.146050
v 21.738110 4.220535 0.146050
v 21.755064 4.242629 0.146050
v 21.765721 4.268358 0.146050
v 21.769356 4.295969 0.146050
v 21.765721 4.323580 0.146050
v 21.755064 4.349309 0.146050
v 21.738110 4.371403 0.146050
v 21.716016 4.388357 0.146050
v 21.690287 4.399014 0.146050
v 21.662676 4.402649 0.146050
v 21.635065 4.399014 0.146050
v 21.609336 4.388357 0.146050
v 21.587242 4.371403 0.146050
v 21.570289 4.349309 0.146050
v 21.559631 4.323580 0.146050
v 21.486955 3.799201 0.571500
v 21.510216 3.760065 0.571500
v 21.523526 3.716528 0.571500
v 21.526126 3.671075 0.571500
v 21.517867 3.626304 0.571500
v 21.499221 3.584771 0.571500
v 21.471253 3.548848 0.571500
v 21.435561 3.520587 0.571500
v 21.394181 3.501602 0.571500
v 21.349479 3.492977 0.571500
v 21.304007 3.495206 0.571500
v 21.260362 3.508159 0.571500
v 21.221038 3.531099 0.571500
v 21.188279 3.562714 0.571500
v 21.163957 3.601199 0.571500
v 21.149460 3.644356 0.571500
v 21.145618 3.689720 0.571500
v 21.152650 3.734700 0.571500
v 21.170153 3.776728 0.571500
v 21.197128 3.813402 0.571500
v 21.232034 3.842629 0.571500
v 21.272879 3.862739 0.571500
v 21.317328 3.872583 0.571500
v 21.362844 3.871599 0.571500
v 21.362844 3.871599 0.508000
v 21.317328 3.872583 0.508000
v 21.272879 3.862739 0.508000
v 21.232034 3.842629 0.508000
v 21.197128 3.813402 0.508000
v 21.170153 3.776728 0.508000
v 21.152650 3.734700 0.508000
v 21.145618 3.689720 0.508000
v 21.149460 3.644356 0.508000
v 21.163957 3.601199 0.508000
v 21.188279 3.562714 0.508000
v 21.221038 3.531099 0.508000
v 21.260362 3.508159 0.508000
v 21.304007 3.495206 0.508000
v 21.349479 3.492977 0.508000
v 21.394181 3.501602 0.508000
v 21.435561 3.520587 0.508000
v 21.471253 3.548848 0.508000
v 21.499221 3.584771 0.508000
v 21.517867 3.626304 0.508000
v 21.526126 3.671075 0.508000
v 21.523526 3.716528 0.508000
v 21.510216 3.760065 0.508000
v 21.486955 3.799201 0.508000
v 21.663612 4.105472 0.571500
v 21.687115 4.066870 0.571500
v 21.700864 4.023818 0.571500
v 21.704084 3.978738 0.571500
v 21.696595 3.934169 0.571500
v 21.678817 3.892618 0.571500
v 21.651752 3.856425 0.571500
v 21.616922 3.827625 0.571500
v 21.576289 3.807841 0.571500
v 21.532138 3.798185 0.571500
v 21.532138 3.798185 0.508000
v 21.576289 3.807841 0.508000
v 21.616922 3.827625 0.508000
v 21.651752 3.856425 0.508000
v 21.678817 3.892618 0.508000
v 21.696595 3.934169 0.508000
v 21.704084 3.978738 0.508000
v 21.700864 4.023818 0.508000
v 21.687115 4.066870 0.508000
v 21.663612 4.105472 0.508000
v 21.512864 4.178298 0.571500
v 21.488855 4.218017 0.571500
v 21.475164 4.262364 0.571500
v 21.472602 4.308706 0.571500
v 21.481323 4.354291 0.571500
v 21.500809 4.396415 0.571500
v 21.529903 4.432576 0.571500
v 21.566878 4.460629 0.571500
v 21.609539 4.478908 0.571500
v 21.655354 4.486329 0.571500
v 21.701604 4.482450 0.571500
v 21.745543 4.467502 0.571500
v 21.784564 4.442372 0.571500
v 21.816349 4.408552 0.571500
v 21.839013 4.368050 0.571500
v 21.851210 4.323269 0.571500
v 21.852216 4.276867 0.571500
v 21.841971 4.231600 0.571500
v 21.821084 4.190153 0.571500
v 21.790795 4.154987 0.571500
v 21.752900 4.128190 0.571500
v 21.709650 4.111352 0.571500
v 21.709650 4.111352 0.508000
v 21.752900 4.128190 0.508000
v 21.790795 4.154987 0.508000
v 21.821084 4.190153 0.508000
v 21.841971 4.231600 0.508000
v 21.852216 4.276867 0.508000
v 21.851210 4.323269 0.508000
v 21.839013 4.368050 0.508000
v 21.816349 4.408552 0.508000
v 21.784564 4.442372 0.508000
v 21.745543 4.467502 0.508000
v 21.701604 4.482450 0.508000
v 21.655354 4.486329 0.508000
v 21.609539 4.478908 0.508000
v 21.566878 4.460629 0.508000
v 21.529903 4.432576 0.508000
v 21.500809 4.396415 0.508000
v 21.481323 4.354291 0.508000
v 21.472602 4.308706 0.508000
v 21.475164 4.262364 0.508000
v 21.488855 4.218017 0.508000
v 21.512864 4.178298 0.508000
v 21.339024 3.912013 0.571500
v 21.325802 3.957022 0.571500
v 21.323981 4.003898 0.571500
v 21.333671 4.049798 0.571500
v 21.354283 4.091938 0.571500
v 21.384569 4.127763 0.571500
v 21.422691 4.155101 0.571500
v 21.466339 4.172293 0.571500
v 21.466339 4.172293 0.508000
v 21.422691 4.155101 0.508000
v 21.384569 4.127763 0.508000
v 21.354283 4.091938 0.508000
v 21.333671 4.049798 0.508000
v 21.323981 4.003898 0.508000
v 21.325802 3.957022 0.508000
v 21.339024 3.912013 0.508000
vt -0.032999 0.182808 0.000000
vt -0.016839 0.108119 0.000000
vt 0.013526 0.188813 0.000000
vt 0.010772 0.111754 0.000000
vt 0.038383 0.108119 0.000000
vt -0.042568 0.097461 0.000000
vt -0.076646 0.165616 0.000000
vt -0.064662 0.080508 0.000000
vt -0.114769 0.138278 0.000000
vt -0.081615 0.058414 0.000000
vt -0.145055 0.102453 0.000000
vt -0.092273 0.032685 0.000000
vt -0.165667 0.060313 0.000000
vt -0.095908 0.005074 0.000000
vt -0.175357 0.014414 0.000000
vt -0.173536 -0.032462 0.000000
vt -0.092273 -0.022537 0.000000
vt -0.160314 -0.077472 0.000000
vt -0.081615 -0.048266 0.000000
vt -0.136494 -0.117886 0.000000
vt -0.064662 -0.070360 0.000000
vt -0.109997 -0.214097 0.000000
vt -0.042568 -0.087314 0.000000
vt -0.087903 -0.231050 0.000000
vt -0.012383 -0.190284 0.000000
vt -0.070950 -0.253145 0.000000
vt -0.060292 -0.278874 0.000000
vt -0.182010 -0.116902 0.000000
vt -0.163337 -0.199805 0.000000
vt -0.135726 -0.203440 0.000000
vt -0.190948 -0.203440 0.000000
vt -0.226459 -0.126746 0.000000
vt -0.216677 -0.214097 0.000000
vt -0.267304 -0.146856 0.000000
vt -0.238771 -0.231050 0.000000
vt -0.302210 -0.176082 0.000000
vt -0.255725 -0.253145 0.000000
vt -0.329185 -0.212757 0.000000
vt -0.266382 -0.278874 0.000000
vt -0.346688 -0.254784 0.000000
vt -0.270017 -0.306485 0.000000
vt -0.353720 -0.299764 0.000000
vt -0.349877 -0.345129 0.000000
vt -0.266382 -0.334095 0.000000
vt -0.335381 -0.388286 0.000000
vt -0.311059 -0.426771 0.000000
vt -0.255725 -0.359825 0.000000
vt -0.278300 -0.458386 0.000000
vt -0.238771 -0.381919 0.000000
vt -0.238975 -0.481325 0.000000
vt -0.216677 -0.398872 0.000000
vt -0.190948 -0.409529 0.000000
vt -0.195331 -0.494279 0.000000
vt -0.163337 -0.413165 0.000000
vt -0.149859 -0.496507 0.000000
vt -0.135726 -0.409529 0.000000
vt -0.105157 -0.487882 0.000000
vt -0.109997 -0.398872 0.000000
vt -0.063777 -0.468897 0.000000
vt -0.087903 -0.381919 0.000000
vt -0.028085 -0.440636 0.000000
vt -0.070950 -0.359825 0.000000
vt -0.000116 -0.404714 0.000000
vt -0.060292 -0.334095 0.000000
vt 0.018529 -0.363180 0.000000
vt -0.056657 -0.306485 0.000000
vt 0.026788 -0.318409 0.000000
vt 0.024188 -0.272957 0.000000
vt 0.010878 -0.229420 0.000000
vt 0.032800 -0.191300 0.000000
vt 0.010772 -0.101606 0.000000
vt -0.016839 -0.097971 0.000000
vt 0.038383 -0.097971 0.000000
vt 0.076951 -0.181644 0.000000
vt 0.064112 -0.087314 0.000000
vt 0.117584 -0.161860 0.000000
vt 0.086206 -0.070360 0.000000
vt 0.152414 -0.133060 0.000000
vt 0.103160 -0.048266 0.000000
vt 0.179479 -0.096866 0.000000
vt 0.113817 -0.022537 0.000000
vt 0.197257 -0.055316 0.000000
vt 0.117452 0.005074 0.000000
vt 0.204746 -0.010746 0.000000
vt 0.201526 0.034333 0.000000
vt 0.113817 0.032685 0.000000
vt 0.187777 0.077385 0.000000
vt 0.164274 0.115987 0.000000
vt 0.210312 0.121867 0.000000
vt 0.190949 0.203440 0.000000
vt 0.163338 0.199805 0.000000
vt 0.135727 0.203440 0.000000
vt 0.216678 0.214097 0.000000
vt 0.253562 0.138705 0.000000
vt 0.238772 0.231051 0.000000
vt 0.291457 0.165503 0.000000
vt 0.255726 0.253145 0.000000
vt 0.321746 0.200668 0.000000
vt 0.266383 0.278874 0.000000
vt 0.342634 0.242115 0.000000
vt 0.352878 0.287383 0.000000
vt 0.270018 0.306485 0.000000
vt 0.351872 0.333784 0.000000
vt 0.266383 0.334095 0.000000
vt 0.339675 0.378565 0.000000
vt 0.317011 0.419067 0.000000
vt 0.255726 0.359825 0.000000
vt 0.285226 0.452887 0.000000
vt 0.238772 0.381919 0.000000
vt 0.246205 0.478017 0.000000
vt 0.216678 0.398872 0.000000
vt 0.202266 0.492965 0.000000
vt 0.190949 0.409530 0.000000
vt 0.163338 0.413165 0.000000
vt 0.156016 0.496844 0.000000
vt 0.135727 0.409530 0.000000
vt 0.110201 0.489424 0.000000
vt 0.109998 0.398872 0.000000
vt 0.067540 0.471145 0.000000
vt 0.087904 0.381919 0.000000
vt 0.030565 0.443092 0.000000
vt 0.070951 0.359825 0.000000
vt 0.001471 0.406930 0.000000
vt 0.060293 0.334095 0.000000
vt -0.018014 0.364807 0.000000
vt 0.056658 0.306485 0.000000
vt -0.026736 0.319221 0.000000
vt -0.024174 0.272880 0.000000
vt 0.060293 0.278874 0.000000
vt -0.010483 0.228533 0.000000
vt 0.086206 0.080508 0.000000
vt 0.109998 0.214097 0.000000
vt 0.064112 0.097461 0.000000
vt 0.087904 0.231051 0.000000
vt 0.070951 0.253145 0.000000
vt 0.103160 0.058414 0.000000
vt -0.063500 0.473499 0.000000
vt -0.000000 0.473499 0.000000
vt -0.063500 0.519135 0.000000
vt -0.000000 0.519135 0.000000
vt -0.000000 0.564770 0.000000
vt -0.063500 0.564770 0.000000
vt -0.000000 0.610406 0.000000
vt -0.063500 0.610406 0.000000
vt -0.000000 0.656041 0.000000
vt -0.063500 0.656041 0.000000
vt -0.000000 0.701677 0.000000
vt -0.063500 0.701677 0.000000
vt -0.000000 0.747313 0.000000
vt -0.063500 0.747313 0.000000
vt -0.000000 0.792948 0.000000
vt -0.063500 0.792948 0.000000
vt -0.000000 0.838584 0.000000
vt -0.063500 0.838584 0.000000
vt -0.000000 0.884219 0.000000
vt -0.063500 0.884219 0.000000
vt 0.000000 0.929855 0.000000
vt -0.063500 0.929855 0.000000
vt -0.000000 0.975490 0.000000
vt -0.063500 0.975490 0.000000
vt -0.000000 1.021126 0.000000
vt -0.063500 1.021126 0.000000
vt 0.000000 1.066762 0.000000
vt -0.063500 1.066762 0.000000
vt 0.000000 1.112397 0.000000
vt -0.063500 1.112397 0.000000
vt -0.000000 1.158033 0.000000
vt -0.063500 1.158033 0.000000
vt -0.000000 1.203668 0.000000
vt -0.063500 1.203668 0.000000
vt -0.000000 1.249304 0.000000
vt -0.063500 1.249304 0.000000
vt -0.000000 1.294940 0.000000
vt -0.063500 1.294940 0.000000
vt -0.000000 1.340575 0.000000
vt -0.063500 1.340575 0.000000
vt -0.000000 1.386211 0.000000
vt -0.063500 1.386211 0.000000
vt -0.000000 1.431846 0.000000
vt -0.063500 1.431846 0.000000
vt -0.000000 1.477482 0.000000
vt -0.063500 1.477482 0.000000
vt -0.063500 1.523117 0.000000
vt -0.000000 1.523117 0.000000
vt -0.063500 0.471636 0.000000
vt -0.000000 0.471636 0.000000
vt -0.063500 0.516937 0.000000
vt -0.000000 0.516937 0.000000
vt -0.063500 0.562238 0.000000
vt -0.000000 0.562238 0.000000
vt -0.063500 0.607538 0.000000
vt -0.000000 0.607538 0.000000
vt -0.063500 0.652839 0.000000
vt -0.000000 0.652839 0.000000
vt -0.063500 0.698140 0.000000
vt -0.000000 0.698140 0.000000
vt -0.063500 0.743441 0.000000
vt -0.000000 0.743441 0.000000
vt -0.063500 0.788742 0.000000
vt -0.000000 0.788742 0.000000
vt -0.063500 0.834042 0.000000
vt -0.000000 0.834042 0.000000
vt -0.063500 0.879343 0.000000
vt -0.000000 0.879343 0.000000
vt -0.063500 0.924644 0.000000
vt -0.000000 0.924644 0.000000
vt -0.063500 -0.126837 0.000000
vt 0.000000 -0.126837 0.000000
vt -0.063500 -0.080310 0.000000
vt 0.000000 -0.080310 0.000000
vt -0.063500 -0.033782 0.000000
vt 0.000000 -0.033782 0.000000
vt -0.063500 0.012746 0.000000
vt -0.000000 0.012746 0.000000
vt -0.063500 0.059274 0.000000
vt -0.000000 0.059274 0.000000
vt -0.063500 0.105802 0.000000
vt -0.000000 0.105802 0.000000
vt -0.063500 0.152329 0.000000
vt -0.000000 0.152329 0.000000
vt -0.063500 0.198857 0.000000
vt -0.000000 0.198857 0.000000
vt -0.063500 0.245385 0.000000
vt -0.000000 0.245385 0.000000
vt -0.063500 0.291913 0.000000
vt -0.000000 0.291913 0.000000
vt -0.063500 0.338441 0.000000
vt -0.000000 0.338441 0.000000
vt -0.063500 0.384969 0.000000
vt -0.000000 0.384969 0.000000
vt -0.063500 0.431496 0.000000
vt -0.000000 0.431496 0.000000
vt -0.063500 0.478024 0.000000
vt -0.000000 0.478024 0.000000
vt -0.063500 0.524552 0.000000
vt -0.000000 0.524552 0.000000
vt -0.063500 0.571080 0.000000
vt -0.000000 0.571080 0.000000
vt -0.063500 0.617608 0.000000
vt -0.000000 0.617608 0.000000
vt -0.063500 0.664135 0.000000
vt -0.000000 0.664135 0.000000
vt -0.063500 0.710663 0.000000
vt -0.000000 0.710663 0.000000
vt -0.063500 0.757191 0.000000
vt -0.000000 0.757191 0.000000
vt -0.063500 0.803719 0.000000
vt -0.000000 0.803719 0.000000
vt -0.063500 0.850247 0.000000
vt -0.000000 0.850247 0.000000
vt -0.063500 0.896775 0.000000
vt -0.000000 0.896775 0.000000
vt -0.063500 -0.124974 0.000000
vt -0.000000 -0.124974 0.000000
vt -0.063500 -0.077944 0.000000
vt -0.000000 -0.077944 0.000000
vt -0.063500 -0.030913 0.000000
vt -0.000000 -0.030913 0.000000
vt -0.063500 0.016117 0.000000
vt -0.000000 0.016117 0.000000
vt -0.063500 0.063148 0.000000
vt -0.000000 0.063148 0.000000
vt -0.063500 0.110179 0.000000
vt -0.000000 0.110179 0.000000
vt -0.063500 0.157209 0.000000
vt -0.000000 0.157209 0.000000
vt -0.063500 0.204240 0.000000
vt -0.000000 0.204240 0.000000
vt -0.063500 0.251271 0.000000
vt -0.000000 0.251271 0.000000
vt -0.063500 0.298301 0.000000
vt -0.000000 0.298301 0.000000
vt 0.160314 -0.077472 0.000000
vt 0.145055 0.102453 0.000000
vt 0.136494 -0.117886 0.000000
vt 0.114769 0.138278 0.000000
vt 0.076646 0.165616 0.000000
vt 0.165667 0.060313 0.000000
vt 0.173536 -0.032462 0.000000
vt 0.175357 0.014414 0.000000
vt 0.012383 -0.190284 0.000000
vt 0.032999 0.182808 0.000000
vt -0.013526 0.188813 0.000000
vt 0.010483 0.228533 0.000000
vt -0.001471 0.406930 0.000000
vt -0.030565 0.443092 0.000000
vt -0.067540 0.471145 0.000000
vt 0.018014 0.364807 0.000000
vt 0.024174 0.272880 0.000000
vt 0.026736 0.319221 0.000000
vt -0.164274 0.115987 0.000000
vt -0.110201 0.489424 0.000000
vt -0.156016 0.496844 0.000000
vt -0.202266 0.492965 0.000000
vt -0.210312 0.121867 0.000000
vt -0.246205 0.478017 0.000000
vt -0.253562 0.138705 0.000000
vt -0.285226 0.452887 0.000000
vt -0.291457 0.165503 0.000000
vt -0.317011 0.419067 0.000000
vt -0.321746 0.200668 0.000000
vt -0.339675 0.378565 0.000000
vt -0.342634 0.242115 0.000000
vt -0.351872 0.333784 0.000000
vt -0.352878 0.287383 0.000000
vt -0.187777 0.077385 0.000000
vt -0.179479 -0.096866 0.000000
vt -0.152414 -0.133060 0.000000
vt -0.117584 -0.161860 0.000000
vt -0.197257 -0.055316 0.000000
vt -0.201526 0.034333 0.000000
vt -0.204746 -0.010746 0.000000
vt -0.076951 -0.181644 0.000000
vt -0.032800 -0.191300 0.000000
vt -0.010878 -0.229420 0.000000
vt 0.000116 -0.404714 0.000000
vt 0.028085 -0.440636 0.000000
vt 0.063777 -0.468897 0.000000
vt -0.018529 -0.363180 0.000000
vt -0.024188 -0.272957 0.000000
vt -0.026788 -0.318409 0.000000
vt 0.105157 -0.487882 0.000000
vt 0.238975 -0.481325 0.000000
vt 0.149859 -0.496507 0.000000
vt 0.195331 -0.494279 0.000000
vt 0.226459 -0.126746 0.000000
vt 0.278300 -0.458386 0.000000
vt 0.267304 -0.146856 0.000000
vt 0.302210 -0.176082 0.000000
vt 0.311059 -0.426771 0.000000
vt 0.329185 -0.212757 0.000000
vt 0.335381 -0.388286 0.000000
vt 0.346688 -0.254784 0.000000
vt 0.349877 -0.345129 0.000000
vt 0.353720 -0.299764 0.000000
vt 0.182010 -0.116902 0.000000
vt 0.215900 -0.307216 0.000000
vt -0.146050 -0.307216 0.000000
vt 0.215900 -0.335145 0.000000
vt -0.146050 -0.335145 0.000000
vt 0.215900 0.335145 0.000000
vt -0.146050 0.335145 0.000000
vt 0.215900 0.307216 0.000000
vt -0.146050 0.307216 0.000000
vt 0.215900 0.279288 0.000000
vt -0.146050 0.279288 0.000000
vt 0.215900 0.251359 0.000000
vt -0.146050 0.251359 0.000000
vt 0.215900 0.223430 0.000000
vt -0.146050 0.223430 0.000000
vt 0.215900 0.195501 0.000000
vt -0.146050 0.195501 0.000000
vt 0.215900 0.167573 0.000000
vt -0.146050 0.167573 0.000000
vt 0.215900 0.139644 0.000000
vt -0.146050 0.139644 0.000000
vt 0.215900 0.111715 0.000000
vt -0.146050 0.111715 0.000000
vt 0.215900 0.083786 0.000000
vt -0.146050 0.083786 0.000000
vt 0.215900 0.055858 0.000000
vt -0.146050 0.055858 0.000000
vt 0.215900 0.027929 0.000000
vt -0.146050 0.027929 0.000000
vt 0.215900 0.000000 0.000000
vt -0.146050 0.000000 0.000000
vt 0.215900 -0.027929 0.000000
vt -0.146050 -0.027929 0.000000
vt 0.215900 -0.055858 0.000000
vt -0.146050 -0.055858 0.000000
vt 0.215900 -0.083786 0.000000
vt -0.146050 -0.083786 0.000000
vt 0.215900 -0.111715 0.000000
vt -0.146050 -0.111715 0.000000
vt 0.215900 -0.139644 0.000000
vt -0.146050 -0.139644 0.000000
vt 0.215900 -0.167573 0.000000
vt -0.146050 -0.167573 0.000000
vt 0.215900 -0.195501 0.000000
vt -0.146050 -0.195501 0.000000
vt 0.215900 -0.223430 0.000000
vt -0.146050 -0.223430 0.000000
vt 0.215900 -0.251359 0.000000
vt -0.146050 -0.251359 0.000000
vt 0.215900 -0.279288 0.000000
vt -0.146050 -0.279288 0.000000
vt -0.508000 0.307216 0.000000
vt -0.508000 0.335145 0.000000
vt -0.508000 -0.335145 0.000000
vt -0.508000 -0.307216 0.000000
vt -0.508000 -0.279288 0.000000
vt -0.508000 -0.251359 0.000000
vt -0.508000 -0.223430 0.000000
vt -0.508000 -0.195501 0.000000
vt -0.508000 -0.167573 0.000000
vt -0.508000 -0.139644 0.000000
vt -0.508000 -0.111715 0.000000
vt -0.508000 -0.083786 0.000000
vt -0.508000 -0.055858 0.000000
vt -0.508000 -0.027929 0.000000
vt -0.508000 0.000000 0.000000
vt -0.508000 0.027929 0.000000
vt -0.508000 0.055858 0.000000
vt -0.508000 0.083786 0.000000
vt -0.508000 0.111715 0.000000
vt -0.508000 0.139644 0.000000
vt -0.508000 0.167573 0.000000
vt -0.508000 0.195501 0.000000
vt -0.508000 0.223430 0.000000
vt -0.508000 0.251359 0.000000
vt -0.508000 0.279288 0.000000
vt 0.215900 -0.307216 0.000000
vt -0.146050 -0.307216 0.000000
vt 0.215900 -0.335145 0.000000
vt -0.146050 -0.335145 0.000000
vt 0.215900 0.335145 0.000000
vt -0.146050 0.335145 0.000000
vt 0.215900 0.307216 0.000000
vt -0.146050 0.307216 0.000000
vt 0.215900 0.279288 0.000000
vt -0.146050 0.279288 0.000000
vt 0.215900 0.251359 0.000000
vt -0.146050 0.251359 0.000000
vt 0.215900 0.223430 0.000000
vt -0.146050 0.223430 0.000000
vt 0.215900 0.195501 0.000000
vt -0.146050 0.195501 0.000000
vt 0.215900 0.167573 0.000000
vt -0.146050 0.167573 0.000000
vt 0.215900 0.139644 0.000000
vt -0.146050 0.139644 0.000000
vt 0.215900 0.111715 0.000000
vt -0.146050 0.111715 0.000000
vt 0.215900 0.083786 0.000000
vt -0.146050 0.083786 0.000000
vt 0.215900 0.055858 0.000000
vt -0.146050 0.055858 0.000000
vt 0.215900 0.027929 0.000000
vt -0.146050 0.027929 0.000000
vt 0.215900 0.000000 0.000000
vt -0.146050 0.000000 0.000000
vt 0.215900 -0.027929 0.000000
vt -0.146050 -0.027929 0.000000
vt 0.215900 -0.055858 0.000000
vt -0.146050 -0.055858 0.000000
vt 0.215900 -0.083786 0.000000
vt -0.146050 -0.083786 0.000000
vt 0.215900 -0.111715 0.000000
vt -0.146050 -0.111715 0.000000
vt 0.215900 -0.139644 0.000000
vt -0.146050 -0.139644 0.000000
vt 0.215900 -0.167573 0.000000
vt -0.146050 -0.167573 0.000000
vt 0.215900 -0.195501 0.000000
vt -0.146050 -0.195501 0.000000
vt 0.215900 -0.223430 0.000000
vt -0.146050 -0.223430 0.000000
vt 0.215900 -0.251359 0.000000
vt -0.146050 -0.251359 0.000000
vt 0.215900 -0.279288 0.000000
vt -0.146050 -0.279288 0.000000
vt -0.508000 0.307216 0.000000
vt -0.508000 0.335145 0.000000
vt -0.508000 -0.335145 0.000000
vt -0.508000 -0.307216 0.000000
vt -0.508000 -0.279288 0.000000
vt -0.508000 -0.251359 0.000000
vt -0.508000 -0.223430 0.000000
vt -0.508000 -0.195501 0.000000
vt -0.508000 -0.167573 0.000000
vt -0.508000 -0.139644 0.000000
vt -0.508000 -0.111715 0.000000
vt -0.508000 -0.083786 0.000000
vt -0.508000 -0.055858 0.000000
vt -0.508000 -0.027929 0.000000
vt -0.508000 0.000000 0.000000
vt -0.508000 0.027929 0.000000
vt -0.508000 0.055858 0.000000
vt -0.508000 0.083786 0.000000
vt -0.508000 0.111715 0.000000
vt -0.508000 0.139644 0.000000
vt -0.508000 0.167573 0.000000
vt -0.508000 0.195501 0.000000
vt -0.508000 0.223430 0.000000
vt -0.508000 0.251359 0.000000
vt -0.508000 0.279288 0.000000
vt 0.215900 -0.307216 0.000000
vt -0.146050 -0.307216 0.000000
vt 0.215900 -0.335145 0.000000
vt -0.146050 -0.335145 0.000000
vt 0.215900 0.335145 0.000000
vt -0.146050 0.335145 0.000000
vt 0.215900 0.307216 0.000000
vt -0.146050 0.307216 0.000000
vt 0.215900 0.279288 0.000000
vt -0.146050 0.279288 0.000000
vt 0.215900 0.251359 0.000000
vt -0.146050 0.251359 0.000000
vt 0.215900 0.223430 0.000000
vt -0.146050 0.223430 0.000000
vt 0.215900 0.195501 0.000000
vt -0.146050 0.195501 0.000000
vt 0.215900 0.167573 0.000000
vt -0.146050 0.167573 0.000000
vt 0.215900 0.139644 0.000000
vt -0.146050 0.139644 0.000000
vt 0.215900 0.111715 0.000000
vt -0.146050 0.111715 0.000000
vt 0.215900 0.083786 0.000000
vt -0.146050 0.083786 0.000000
vt 0.215900 0.055858 0.000000
vt -0.146050 0.055858 0.000000
vt 0.215900 0.027929 0.000000
vt -0.146050 0.027929 0.000000
vt 0.215900 0.000000 0.000000
vt -0.146050 0.000000 0.000000
vt 0.215900 -0.027929 0.000000
vt -0.146050 -0.027929 0.000000
vt 0.215900 -0.055858 0.000000
vt -0.146050 -0.055858 0.000000
vt 0.215900 -0.083786 0.000000
vt -0.146050 -0.083786 0.000000
vt 0.215900 -0.111715 0.000000
vt -0.146050 -0.111715 0.000000
vt 0.215900 -0.139644 0.000000
vt -0.146050 -0.139644 0.000000
vt 0.215900 -0.167573 0.000000
vt -0.146050 -0.167573 0.000000
vt 0.215900 -0.195501 0.000000
vt -0.146050 -0.195501 0.000000
vt 0.215900 -0.223430 0.000000
vt -0.146050 -0.223430 0.000000
vt 0.215900 -0.251359 0.000000
vt -0.146050 -0.251359 0.000000
vt 0.215900 -0.279288 0.000000
vt -0.146050 -0.279288 0.000000
vt -0.508000 0.307216 0.000000
vt -0.508000 0.335145 0.000000
vt -0.508000 -0.335145 0.000000
vt -0.508000 -0.307216 0.000000
vt -0.508000 -0.279288 0.000000
vt -0.508000 -0.251359 0.000000
vt -0.508000 -0.223430 0.000000
vt -0.508000 -0.195501 0.000000
vt -0.508000 -0.167573 0.000000
vt -0.508000 -0.139644 0.000000
vt -0.508000 -0.111715 0.000000
vt -0.508000 -0.083786 0.000000
vt -0.508000 -0.055858 0.000000
vt -0.508000 -0.027929 0.000000
vt -0.508000 0.000000 0.000000
vt -0.508000 0.027929 0.000000
vt -0.508000 0.055858 0.000000
vt -0.508000 0.083786 0.000000
vt -0.508000 0.111715 0.000000
vt -0.508000 0.139644 0.000000
vt -0.508000 0.167573 0.000000
vt -0.508000 0.195501 0.000000
vt -0.508000 0.223430 0.000000
vt -0.508000 0.251359 0.000000
vt -0.508000 0.279288 0.000000
vt -0.063500 0.473499 0.000000
vt -0.000000 0.473499 0.000000
vt -0.063500 0.519135 0.000000
vt -0.000000 0.519135 0.000000
vt -0.000000 0.564770 0.000000
vt -0.063500 0.564770 0.000000
vt -0.000000 0.610406 0.000000
vt -0.063500 0.610406 0.000000
vt -0.000000 0.656041 0.000000
vt -0.063500 0.656041 0.000000
vt -0.000000 0.701677 0.000000
vt -0.063500 0.701677 0.000000
vt -0.000000 0.747313 0.000000
vt -0.063500 0.747313 0.000000
vt -0.000000 0.792948 0.000000
vt -0.063500 0.792948 0.000000
vt -0.000000 0.838584 0.000000
vt -0.063500 0.838584 0.000000
vt -0.000000 0.884219 0.000000
vt -0.063500 0.884219 0.000000
vt 0.000000 0.929855 0.000000
vt -0.063500 0.929855 0.000000
vt -0.000000 0.975490 0.000000
vt -0.063500 0.975490 0.000000
vt -0.000000 1.021126 0.000000
vt -0.063500 1.021126 0.000000
vt 0.000000 1.066762 0.000000
vt -0.063500 1.066762 0.000000
vt 0.000000 1.112397 0.000000
vt -0.063500 1.112397 0.000000
vt -0.000000 1.158033 0.000000
vt -0.063500 1.158033 0.000000
vt -0.000000 1.203668 0.000000
vt -0.063500 1.203668 0.000000
vt -0.000000 1.249304 0.000000
vt -0.063500 1.249304 0.000000
vt -0.000000 1.294940 0.000000
vt -0.063500 1.294940 0.000000
vt -0.000000 1.340575 0.000000
vt -0.063500 1.340575 0.000000
vt -0.000000 1.386211 0.000000
vt -0.063500 1.386211 0.000000
vt -0.000000 1.431846 0.000000
vt -0.063500 1.431846 0.000000
vt -0.000000 1.477482 0.000000
vt -0.063500 1.477482 0.000000
vt -0.063500 1.523117 0.000000
vt -0.000000 1.523117 0.000000
vt -0.063500 0.471636 0.000000
vt -0.000000 0.471636 0.000000
vt -0.063500 0.516937 0.000000
vt -0.000000 0.516937 0.000000
vt -0.063500 0.562238 0.000000
vt -0.000000 0.562238 0.000000
vt -0.063500 0.607538 0.000000
vt -0.000000 0.607538 0.000000
vt -0.063500 0.652839 0.000000
vt -0.000000 0.652839 0.000000
vt -0.063500 0.698140 0.000000
vt -0.000000 0.698140 0.000000
vt -0.063500 0.743441 0.000000
vt -0.000000 0.743441 0.000000
vt -0.063500 0.788742 0.000000
vt -0.000000 0.788742 0.000000
vt -0.063500 0.834042 0.000000
vt -0.000000 0.834042 0.000000
vt -0.063500 0.879343 0.000000
vt -0.000000 0.879343 0.000000
vt -0.063500 0.924644 0.000000
vt -0.000000 0.924644 0.000000
vt -0.063500 -0.126837 0.000000
vt 0.000000 -0.126837 0.000000
vt -0.063500 -0.080310 0.000000
vt 0.000000 -0.080310 0.000000
vt -0.063500 -0.033782 0.000000
vt 0.000000 -0.033782 0.000000
vt -0.063500 0.012746 0.000000
vt -0.000000 0.012746 0.000000
vt -0.063500 0.059274 0.000000
vt -0.000000 0.059274 0.000000
vt -0.063500 0.105802 0.000000
vt -0.000000 0.105802 0.000000
vt -0.063500 0.152329 0.000000
vt -0.000000 0.152329 0.000000
vt -0.063500 0.198857 0.000000
vt -0.000000 0.198857 0.000000
vt -0.063500 0.245385 0.000000
vt -0.000000 0.245385 0.000000
vt -0.063500 0.291913 0.000000
vt -0.000000 0.291913 0.000000
vt -0.063500 0.338441 0.000000
vt -0.000000 0.338441 0.000000
vt -0.063500 0.384969 0.000000
vt -0.000000 0.384969 0.000000
vt -0.063500 0.431496 0.000000
vt -0.000000 0.431496 0.000000
vt -0.063500 0.478024 0.000000
vt -0.000000 0.478024 0.000000
vt -0.063500 0.524552 0.000000
vt -0.000000 0.524552 0.000000
vt -0.063500 0.571080 0.000000
vt -0.000000 0.571080 0.000000
vt -0.063500 0.617608 0.000000
vt -0.000000 0.617608 0.000000
vt -0.063500 0.664135 0.000000
vt -0.000000 0.664135 0.000000
vt -0.063500 0.710663 0.000000
vt -0.000000 0.710663 0.000000
vt -0.063500 0.757191 0.000000
vt -0.000000 0.757191 0.000000
vt -0.063500 0.803719 0.000000
vt -0.000000 0.803719 0.000000
vt -0.063500 0.850247 0.000000
vt -0.000000 0.850247 0.000000
vt -0.063500 0.896775 0.000000
vt -0.000000 0.896775 0.000000
vt -0.063500 -0.124974 0.000000
vt -0.000000 -0.124974 0.000000
vt -0.063500 -0.077944 0.000000
vt -0.000000 -0.077944 0.000000
vt -0.063500 -0.030913 0.000000
vt -0.000000 -0.030913 0.000000
vt -0.063500 0.016117 0.000000
vt -0.000000 0.016117 0.000000
vt -0.063500 0.063148 0.000000
vt -0.000000 0.063148 0.000000
vt -0.063500 0.110179 0.000000
vt -0.000000 0.110179 0.000000
vt -0.063500 0.157209 0.000000
vt -0.000000 0.157209 0.000000
vt -0.063500 0.204240 0.000000
vt -0.000000 0.204240 0.000000
vt -0.063500 0.251271 0.000000
vt -0.000000 0.251271 0.000000
vt -0.063500 0.298301 0.000000
vt -0.000000 0.298301 0.000000
vt 0.266382 -0.334095 0.000000
vt 0.349877 -0.345129 0.000000
vt 0.270017 -0.306485 0.000000
vt 0.353720 -0.299764 0.000000
vt 0.346688 -0.254784 0.000000
vt 0.255725 -0.359825 0.000000
vt 0.311059 -0.426771 0.000000
vt 0.335381 -0.388286 0.000000
vt 0.278300 -0.458386 0.000000
vt 0.238771 -0.381919 0.000000
vt 0.238975 -0.481325 0.000000
vt 0.216677 -0.398872 0.000000
vt 0.190948 -0.409529 0.000000
vt 0.195331 -0.494279 0.000000
vt 0.163337 -0.413165 0.000000
vt 0.149859 -0.496507 0.000000
vt 0.135726 -0.409529 0.000000
vt 0.105157 -0.487882 0.000000
vt 0.109997 -0.398872 0.000000
vt 0.063777 -0.468897 0.000000
vt 0.087903 -0.381919 0.000000
vt 0.028085 -0.440636 0.000000
vt 0.070950 -0.359825 0.000000
vt 0.000116 -0.404714 0.000000
vt 0.060292 -0.334095 0.000000
vt -0.018529 -0.363180 0.000000
vt 0.056657 -0.306485 0.000000
vt -0.026788 -0.318409 0.000000
vt -0.024188 -0.272957 0.000000
vt 0.060292 -0.278874 0.000000
vt -0.010878 -0.229420 0.000000
vt 0.012383 -0.190284 0.000000
vt 0.070950 -0.253145 0.000000
vt 0.087903 -0.231050 0.000000
vt 0.042568 -0.087314 0.000000
vt 0.109997 -0.214097 0.000000
vt 0.064662 -0.070360 0.000000
vt 0.136494 -0.117886 0.000000
vt 0.081615 -0.048266 0.000000
vt 0.160314 -0.077472 0.000000
vt 0.092273 -0.022537 0.000000
vt 0.173536 -0.032462 0.000000
vt 0.095908 0.005074 0.000000
vt 0.175357 0.014414 0.000000
vt 0.165667 0.060313 0.000000
vt 0.135726 -0.203440 0.000000
vt 0.163337 -0.199805 0.000000
vt 0.182010 -0.116902 0.000000
vt 0.190948 -0.203440 0.000000
vt 0.226459 -0.126746 0.000000
vt 0.216677 -0.214097 0.000000
vt 0.267304 -0.146856 0.000000
vt 0.238771 -0.231050 0.000000
vt 0.302210 -0.176082 0.000000
vt 0.255725 -0.253145 0.000000
vt 0.329185 -0.212757 0.000000
vt 0.266382 -0.278874 0.000000
vt 0.016839 -0.097971 0.000000
vt -0.010772 -0.101606 0.000000
vt -0.032800 -0.191300 0.000000
vt -0.038383 -0.097971 0.000000
vt -0.076951 -0.181644 0.000000
vt -0.064112 -0.087314 0.000000
vt -0.117584 -0.161860 0.000000
vt -0.086206 -0.070360 0.000000
vt -0.152414 -0.133060 0.000000
vt -0.103160 -0.048266 0.000000
vt -0.179479 -0.096866 0.000000
vt -0.113817 -0.022537 0.000000
vt -0.197257 -0.055316 0.000000
vt -0.117452 0.005074 0.000000
vt -0.204746 -0.010746 0.000000
vt -0.201526 0.034333 0.000000
vt -0.113817 0.032685 0.000000
vt -0.187777 0.077385 0.000000
vt -0.164274 0.115987 0.000000
vt -0.103160 0.058414 0.000000
vt -0.086206 0.080508 0.000000
vt -0.064112 0.097461 0.000000
vt -0.109998 0.214097 0.000000
vt -0.135727 0.203440 0.000000
vt -0.163338 0.199805 0.000000
vt -0.190949 0.203440 0.000000
vt -0.087904 0.231051 0.000000
vt -0.038383 0.108119 0.000000
vt -0.013526 0.188813 0.000000
vt -0.010772 0.111754 0.000000
vt 0.016839 0.108119 0.000000
vt 0.032999 0.182808 0.000000
vt 0.042568 0.097461 0.000000
vt 0.076646 0.165616 0.000000
vt 0.064662 0.080508 0.000000
vt 0.114769 0.138278 0.000000
vt 0.081615 0.058414 0.000000
vt 0.145055 0.102453 0.000000
vt 0.092273 0.032685 0.000000
vt -0.060293 0.278874 0.000000
vt 0.024174 0.272880 0.000000
vt -0.056658 0.306485 0.000000
vt 0.026736 0.319221 0.000000
vt 0.018014 0.364807 0.000000
vt -0.070951 0.253145 0.000000
vt 0.010483 0.228533 0.000000
vt -0.210312 0.121867 0.000000
vt -0.216678 0.214097 0.000000
vt -0.253562 0.138705 0.000000
vt -0.238772 0.231051 0.000000
vt -0.291457 0.165503 0.000000
vt -0.255726 0.253145 0.000000
vt -0.321746 0.200668 0.000000
vt -0.266383 0.278874 0.000000
vt -0.342634 0.242115 0.000000
vt -0.352878 0.287383 0.000000
vt -0.270018 0.306485 0.000000
vt -0.351872 0.333784 0.000000
vt -0.266383 0.334095 0.000000
vt -0.339675 0.378565 0.000000
vt -0.317011 0.419067 0.000000
vt -0.255726 0.359825 0.000000
vt -0.285226 0.452887 0.000000
vt -0.238772 0.381919 0.000000
vt -0.246205 0.478017 0.000000
vt -0.216678 0.398872 0.000000
vt -0.202266 0.492965 0.000000
vt -0.190949 0.409530 0.000000
vt -0.163338 0.413165 0.000000
vt -0.156016 0.496844 0.000000
vt -0.135727 0.409530 0.000000
vt -0.110201 0.489424 0.000000
vt -0.109998 0.398872 0.000000
vt -0.067540 0.471145 0.000000
vt -0.087904 0.381919 0.000000
vt -0.030565 0.443092 0.000000
vt -0.070951 0.359825 0.000000
vt -0.001471 0.406930 0.000000
vt -0.060293 0.334095 0.000000
vt -0.032999 0.182808 0.000000
vt -0.012383 -0.190284 0.000000
vt 0.013526 0.188813 0.000000
vt 0.076951 -0.181644 0.000000
vt 0.117584 -0.161860 0.000000
vt -0.076646 0.165616 0.000000
vt -0.136494 -0.117886 0.000000
vt -0.063777 -0.468897 0.000000
vt -0.278300 -0.458386 0.000000
vt -0.238975 -0.481325 0.000000
vt -0.114769 0.138278 0.000000
vt -0.145055 0.102453 0.000000
vt -0.160314 -0.077472 0.000000
vt -0.165667 0.060313 0.000000
vt -0.173536 -0.032462 0.000000
vt -0.175357 0.014414 0.000000
vt -0.182010 -0.116902 0.000000
vt -0.226459 -0.126746 0.000000
vt -0.267304 -0.146856 0.000000
vt -0.302210 -0.176082 0.000000
vt -0.311059 -0.426771 0.000000
vt -0.329185 -0.212757 0.000000
vt -0.335381 -0.388286 0.000000
vt -0.346688 -0.254784 0.000000
vt -0.349877 -0.345129 0.000000
vt -0.353720 -0.299764 0.000000
vt -0.105157 -0.487882 0.000000
vt -0.195331 -0.494279 0.000000
vt -0.149859 -0.496507 0.000000
vt -0.028085 -0.440636 0.000000
vt -0.000116 -0.404714 0.000000
vt 0.010878 -0.229420 0.000000
vt 0.018529 -0.363180 0.000000
vt 0.024188 -0.272957 0.000000
vt 0.026788 -0.318409 0.000000
vt 0.032800 -0.191300 0.000000
vt 0.164274 0.115987 0.000000
vt 0.152414 -0.133060 0.000000
vt 0.179479 -0.096866 0.000000
vt 0.187777 0.077385 0.000000
vt 0.197257 -0.055316 0.000000
vt 0.201526 0.034333 0.000000
vt 0.204746 -0.010746 0.000000
vt 0.210312 0.121867 0.000000
vt 0.202266 0.492965 0.000000
vt 0.156016 0.496844 0.000000
vt 0.110201 0.489424 0.000000
vt 0.246205 0.478017 0.000000
vt 0.253562 0.138705 0.000000
vt 0.285226 0.452887 0.000000
vt 0.291457 0.165503 0.000000
vt 0.317011 0.419067 0.000000
vt 0.321746 0.200668 0.000000
vt 0.339675 0.378565 0.000000
vt 0.342634 0.242115 0.000000
vt 0.351872 0.333784 0.000000
vt 0.352878 0.287383 0.000000
vt 0.067540 0.471145 0.000000
vt 0.030565 0.443092 0.000000
vt 0.001471 0.406930 0.000000
vt -0.010483 0.228533 0.000000
vt -0.018014 0.364807 0.000000
vt -0.024174 0.272880 0.000000
vt -0.026736 0.319221 0.000000
vn -0.000000 -0.000000 1.000000
vn -0.000000 -0.000000 1.000000
vn -0.000000 -0.000000 1.000000
vn -0.000000 -0.000000 1.000000
vn -0.000000 -0.000000 1.000000
vn -0.000000 -0.000000 1.000000
vn -0.000000 -0.000000 1.000000
vn -0.000000 -0.000000 1.000000
vn -0.000000 -0.000000 1.000000
vn -0.000000 -0.000000 1.000000
vn -0.000000 -0.000000 1.000000
vn -0.000000 -0.000000 1.000000
vn -0.000000 -0.000000 1.000000
vn -0.000000 -0.000000 1.000000
vn -0.000000 -0.000000 1.000000
vn -0.000000 -0.000000 1.000000
vn -0.000000 -0.000000 1.000000
vn -0.000000 -0.000000 1.000000
vn -0.000000 -0.000000 1.000000
vn -0.000000 -0.000000 1.000000
vn -0.000000 -0.000000 1.000000
vn -0.000000 -0.000000 1.000000
vn -0.000000 -0.000000 1.000000
vn -0.000000 -0.000000 1.000000
vn -0.000000 -0.000000 1.000000
vn -0.000000 -0.000000 1.000000
vn -0.000000 -0.000000 1.000000
vn -0.000000 -0.000000 1.000000
vn -0.000000 -0.000000 1.000000
vn -0.000000 -0.000000 1.000000
vn -0.000000 -0.000000 1.000000
vn -0.000000 -0.000000 1.000000
vn -0.000000 -0.000000 1.000000
vn -0.000000 -0.000000 1.000000
vn -0.000000 -0.000000 1.000000
vn -0.000000 -0.000000 1.000000
vn -0.000000 -0.000000 1.000000
vn -0.000000 -0.000000 1.000000
vn -0.000000 -0.000000 1.000000
vn -0.000000 -0.000000 1.000000
vn -0.000000 -0.000000 1.000000
vn -0.000000 -0.000000 1.000000
vn -0.000000 -0.000000 1.000000
vn -0.000000 -0.000000 1.000000
vn -0.000000 -0.000000 1.000000
vn -0.000000 -0.000000 1.000000
vn -0.000000 -0.000000 1.000000
vn -0.000000 -0.000000 1.000000
vn -0.000000 -0.000000 1.000000
vn -0.000000 -0.000000 1.000000
vn -0.000000 -0.000000 1.000000
vn -0.000000 -0.000000 1.000000
vn -0.000000 -0.000000 1.000000
vn -0.000000 -0.000000 1.000000
vn -0.000000 -0.000000 1.000000
vn -0.000000 -0.000000 1.000000
vn -0.000000 -0.000000 1.000000
vn -0.000000 -0.000000 1.000000
vn -0.000000 -0.000000 1.000000
vn -0.000000 -0.000000 1.000000
vn -0.000000 -0.000000 1.000000
vn -0.000000 -0.000000 1.000000
vn -0.000000 -0.000000 1.000000
vn -0.000000 -0.000000 1.000000
vn -0.000000 -0.000000 1.000000
vn -0.000000 -0.000000 1.000000
vn -0.000000 -0.000000 1.000000
vn -0.000000 -0.000000 1.000000
vn -0.000000 -0.000000 1.000000
vn -0.000000 -0.000000 1.000000
vn -0.000000 -0.000000 1.000000
vn -0.000000 -0.000000 1.000000
vn -0.000000 -0.000000 1.000000
vn -0.000000 -0.000000 1.000000
vn -0.000000 -0.000000 1.000000
vn -0.000000 -0.000000 1.000000
vn -0.000000 -0.000000 1.000000
vn -0.000000 -0.000000 1.000000
vn -0.000000 -0.000000 1.000000
vn -0.000000 -0.000000 1.000000
vn -0.000000 -0.000000 1.000000
vn -0.000000 -0.000000 1.000000
vn -0.000000 -0.000000 1.000000
vn -0.000000 -0.000000 1.000000
vn -0.000000 -0.000000 1.000000
vn -0.000000 -0.000000 1.000000
vn -0.000000 -0.000000 1.000000
vn -0.000000 -0.000000 1.000000
vn -0.000000 -0.000000 1.000000
vn -0.000000 -0.000000 1.000000
vn -0.000000 -0.000000 1.000000
vn -0.000000 -0.000000 1.000000
vn -0.000000 -0.000000 1.000000
vn -0.000000 -0.000000 1.000000
vn -0.000000 -0.000000 1.000000
vn -0.000000 -0.000000 1.000000
vn -0.000000 -0.000000 1.000000
vn -0.000000 -0.000000 1.000000
vn -0.000000 -0.000000 1.000000
vn -0.000000 -0.000000 1.000000
vn -0.000000 -0.000000 1.000000
vn -0.000000 -0.000000 1.000000
vn -0.000000 -0.000000 1.000000
vn -0.000000 -0.000000 1.000000
vn -0.000000 -0.000000 1.000000
vn -0.000000 -0.000000 1.000000
vn -0.000000 -0.000000 1.000000
vn -0.000000 -0.000000 1.000000
vn -0.000000 -0.000000 1.000000
vn -0.000000 -0.000000 1.000000
vn -0.000000 -0.000000 1.000000
vn -0.000000 -0.000000 1.000000
vn -0.000000 -0.000000 1.000000
vn -0.000000 -0.000000 1.000000
vn -0.000000 -0.000000 1.000000
vn -0.000000 -0.000000 1.000000
vn -0.000000 -0.000000 1.000000
vn -0.000000 -0.000000 1.000000
vn -0.000000 -0.000000 1.000000
vn -0.000000 -0.000000 1.000000
vn -0.000000 -0.000000 1.000000
vn -0.000000 -0.000000 1.000000
vn -0.000000 -0.000000 1.000000
vn -0.000000 -0.000000 1.000000
vn -0.000000 -0.000000 1.000000
vn -0.000000 -0.000000 1.000000
vn -0.000000 -0.000000 1.000000
vn -0.000000 -0.000000 1.000000
vn -0.000000 -0.000000 1.000000
vn -0.000000 -0.000000 1.000000
vn -0.000000 -0.000000 1.000000
vn -0.000000 -0.000000 1.000000
vn -0.000000 -0.000000 1.000000
vn -0.000000 -0.000000 1.000000
vn -0.000000 -0.000000 1.000000
vn -0.000000 -0.000000 1.000000
vn 0.792418 0.609978 0.000000
vn 0.792418 0.609978 0.000000
vn 0.914520 0.404541 0.000000
vn 0.914520 0.404541 0.000000
vn 0.984391 0.175998 0.000000
vn 0.984391 0.175998 0.000000
vn 0.998039 -0.062596 -0.000000
vn 0.998039 -0.062596 -0.000000
vn 0.954686 -0.297616 -0.000000
vn 0.954686 -0.297616 -0.000000
vn 0.856807 -0.515637 -0.000000
vn 0.856807 -0.515637 -0.000000
vn 0.709993 -0.704209 -0.000000
vn 0.709993 -0.704209 -0.000000
vn 0.522629 -0.852560 -0.000000
vn 0.522629 -0.852560 -0.000000
vn 0.305415 -0.952219 -0.000000
vn 0.305415 -0.952219 -0.000000
vn 0.070759 -0.997493 -0.000000
vn 0.070759 -0.997493 -0.000000
vn -0.167940 -0.985797 -0.000000
vn -0.167940 -0.985797 -0.000000
vn -0.397046 -0.917799 -0.000000
vn -0.397046 -0.917799 -0.000000
vn -0.603476 -0.797381 -0.000000
vn -0.603476 -0.797381 -0.000000
vn -0.775439 -0.631423 -0.000000
vn -0.775439 -0.631423 -0.000000
vn -0.903114 -0.429401 -0.000000
vn -0.903114 -0.429401 -0.000000
vn -0.979209 -0.202855 -0.000000
vn -0.979209 -0.202855 -0.000000
vn -0.999378 0.035277 -0.000000
vn -0.999378 0.035277 -0.000000
vn -0.962468 0.271394 -0.000000
vn -0.962468 0.271394 -0.000000
vn -0.870589 0.492011 -0.000000
vn -0.870589 0.492011 -0.000000
vn -0.728988 0.684527 -0.000000
vn -0.728988 0.684527 -0.000000
vn -0.545751 0.837948 -0.000000
vn -0.545751 0.837948 -0.000000
vn -0.331344 0.943510 -0.000000
vn -0.331344 0.943510 -0.000000
vn -0.098013 0.995185 -0.000000
vn -0.098013 0.995185 -0.000000
vn 0.140915 0.990022 0.000000
vn 0.140915 0.990022 0.000000
vn 0.786415 0.617699 0.000000
vn 0.786415 0.617699 0.000000
vn 0.909792 0.415065 0.000000
vn 0.909792 0.415065 0.000000
vn 0.981964 0.189069 0.000000
vn 0.981964 0.189069 0.000000
vn 0.998868 -0.047567 -0.000000
vn 0.998868 -0.047567 -0.000000
vn 0.959553 -0.281527 -0.000000
vn 0.959553 -0.281527 -0.000000
vn 0.866233 -0.499641 -0.000000
vn 0.866233 -0.499641 -0.000000
vn 0.724158 -0.689634 -0.000000
vn 0.724158 -0.689634 -0.000000
vn 0.541326 -0.840813 -0.000000
vn 0.541326 -0.840813 -0.000000
vn 0.328026 -0.944669 -0.000000
vn 0.328026 -0.944669 -0.000000
vn 0.096264 -0.995356 -0.000000
vn 0.096264 -0.995356 -0.000000
vn -0.140915 -0.990022 -0.000000
vn -0.140915 -0.990022 -0.000000
vn -0.786415 -0.617699 -0.000000
vn -0.786415 -0.617699 -0.000000
vn -0.912446 -0.409196 -0.000000
vn -0.912446 -0.409196 -0.000000
vn -0.984318 -0.176404 -0.000000
vn -0.984318 -0.176404 -0.000000
vn -0.997762 0.066858 -0.000000
vn -0.997762 0.066858 -0.000000
vn -0.951983 0.306152 -0.000000
vn -0.951983 0.306152 -0.000000
vn -0.849695 0.527274 -0.000000
vn -0.849695 0.527274 -0.000000
vn -0.696972 0.717098 -0.000000
vn -0.696972 0.717098 -0.000000
vn -0.502879 0.864357 -0.000000
vn -0.502879 0.864357 -0.000000
vn -0.278936 0.960310 -0.000000
vn -0.278936 0.960310 -0.000000
vn -0.038436 0.999261 -0.000000
vn -0.038436 0.999261 -0.000000
vn 0.204346 0.978899 0.000000
vn 0.204346 0.978899 0.000000
vn 0.434998 0.900431 0.000000
vn 0.434998 0.900431 0.000000
vn 0.639830 0.768517 0.000000
vn 0.639830 0.768517 0.000000
vn 0.806683 0.590985 0.000000
vn 0.806683 0.590985 0.000000
vn 0.925653 0.378374 0.000000
vn 0.925653 0.378374 0.000000
vn 0.989679 0.143303 0.000000
vn 0.989679 0.143303 0.000000
vn 0.994960 -0.100273 -0.000000
vn 0.994960 -0.100273 -0.000000
vn 0.941183 -0.337898 -0.000000
vn 0.941183 -0.337898 -0.000000
vn 0.831539 -0.555466 -0.000000
vn 0.831539 -0.555466 -0.000000
vn 0.672538 -0.740063 -0.000000
vn 0.672538 -0.740063 -0.000000
vn 0.473616 -0.880731 -0.000000
vn 0.473616 -0.880731 -0.000000
vn 0.246582 -0.969122 -0.000000
vn 0.246582 -0.969122 -0.000000
vn 0.004911 -0.999988 -0.000000
vn 0.004911 -0.999988 -0.000000
vn -0.792418 -0.609978 -0.000000
vn -0.792418 -0.609978 -0.000000
vn -0.917458 -0.397833 -0.000000
vn -0.917458 -0.397833 -0.000000
vn -0.986863 -0.161562 -0.000000
vn -0.986863 -0.161562 -0.000000
vn -0.996423 0.084505 -0.000000
vn -0.996423 0.084505 -0.000000
vn -0.945560 0.325449 -0.000000
vn -0.945560 0.325449 -0.000000
vn -0.837357 0.546656 -0.000000
vn -0.837357 0.546656 -0.000000
vn -0.678376 0.734714 -0.000000
vn -0.678376 0.734714 -0.000000
vn -0.478259 0.878219 -0.000000
vn -0.478259 0.878219 -0.000000
vn -0.249139 0.968468 -0.000000
vn -0.249139 0.968468 -0.000000
vn -0.004911 0.999988 -0.000000
vn -0.004911 0.999988 -0.000000
vn 0.000000 0.000000 -1.000000
vn 0.000000 0.000000 -1.000000
vn 0.000000 0.000000 -1.000000
vn 0.000000 0.000000 -1.000000
vn 0.000000 0.000000 -1.000000
vn 0.000000 0.000000 -1.000000
vn 0.000000 0.000000 -1.000000
vn 0.000000 0.000000 -1.000000
vn 0.000000 0.000000 -1.000000
vn 0.000000 0.000000 -1.000000
vn 0.000000 0.000000 -1.000000
vn 0.000000 0.000000 -1.000000
vn 0.000000 0.000000 -1.000000
vn 0.000000 0.000000 -1.000000
vn 0.000000 0.000000 -1.000000
vn 0.000000 0.000000 -1.000000
vn 0.000000 0.000000 -1.000000
vn 0.000000 0.000000 -1.000000
vn 0.000000 0.000000 -1.000000
vn 0.000000 0.000000 -1.000000
vn 0.000000 0.000000 -1.000000
vn 0.000000 0.000000 -1.000000
vn 0.000000 0.000000 -1.000000
vn 0.000000 0.000000 -1.000000
vn 0.000000 0.000000 -1.000000
vn 0.000000 0.000000 -1.000000
vn 0.000000 0.000000 -1.000000
vn 0.000000 0.000000 -1.000000
vn 0.000000 0.000000 -1.000000
vn 0.000000 0.000000 -1.000000
vn 0.000000 0.000000 -1.000000
vn 0.000000 0.000000 -1.000000
vn 0.000000 0.000000 -1.000000
vn 0.000000 0.000000 -1.000000
vn 0.000000 0.000000 -1.000000
vn 0.000000 0.000000 -1.000000
vn 0.000000 0.000000 -1.000000
vn 0.000000 0.000000 -1.000000
vn 0.000000 0.000000 -1.000000
vn 0.000000 0.000000 -1.000000
vn 0.000000 0.000000 -1.000000
vn 0.000000 0.000000 -1.000000
vn 0.000000 0.000000 -1.000000
vn 0.000000 0.000000 -1.000000
vn 0.000000 0.000000 -1.000000
vn 0.000000 0.000000 -1.000000
vn 0.000000 0.000000 -1.000000
vn 0.000000 0.000000 -1.000000
vn 0.000000 0.000000 -1.000000
vn 0.000000 0.000000 -1.000000
vn 0.000000 0.000000 -1.000000
vn 0.000000 0.000000 -1.000000
vn 0.000000 0.000000 -1.000000
vn 0.000000 0.000000 -1.000000
vn 0.000000 0.000000 -1.000000
vn 0.000000 0.000000 -1.000000
vn 0.000000 0.000000 -1.000000
vn 0.000000 0.000000 -1.000000
vn 0.000000 0.000000 -1.000000
vn 0.000000 0.000000 -1.000000
vn 0.000000 0.000000 -1.000000
vn 0.000000 0.000000 -1.000000
vn 0.000000 0.000000 -1.000000
vn 0.000000 0.000000 -1.000000
vn -0.965926 -0.258819 0.000000
vn -0.965926 -0.258819 0.000000
vn -1.000000 -0.000000 0.000000
vn -1.000000 -0.000000 0.000000
vn -0.965926 0.258819 -0.000000
vn -0.965926 0.258819 -0.000000
vn -0.866025 0.500000 -0.000000
vn -0.866025 0.500000 -0.000000
vn -0.707107 0.707107 -0.000000
vn -0.707107 0.707107 -0.000000
vn -0.500000 0.866025 -0.000000
vn -0.500000 0.866025 -0.000000
vn -0.258819 0.965926 -0.000000
vn -0.258819 0.965926 -0.000000
vn 0.000000 1.000000 -0.000000
vn 0.000000 1.000000 -0.000000
vn 0.258819 0.965926 -0.000000
vn 0.258819 0.965926 -0.000000
vn 0.500000 0.866025 -0.000000
vn 0.500000 0.866025 -0.000000
vn 0.707107 0.707107 -0.000000
vn 0.707107 0.707107 -0.000000
vn 0.866025 0.500000 -0.000000
vn 0.866025 0.500000 -0.000000
vn 0.965926 0.258819 -0.000000
vn 0.965926 0.258819 -0.000000
vn 1.000000 -0.000000 -0.000000
vn 1.000000 -0.000000 -0.000000
vn 0.965926 -0.258819 -0.000000
vn 0.965926 -0.258819 -0.000000
vn 0.866025 -0.500000 -0.000000
vn 0.866025 -0.500000 -0.000000
vn 0.707107 -0.707107 -0.000000
vn 0.707107 -0.707107 -0.000000
vn 0.500000 -0.866025 -0.000000
vn 0.500000 -0.866025 -0.000000
vn 0.258819 -0.965926 -0.000000
vn 0.258819 -0.965926 -0.000000
vn 0.000000 -1.000000 -0.000000
vn 0.000000 -1.000000 -0.000000
vn -0.258819 -0.965926 0.000000
vn -0.258819 -0.965926 0.000000
vn -0.500000 -0.866025 0.000000
vn -0.500000 -0.866025 0.000000
vn -0.707107 -0.707107 0.000000
vn -0.707107 -0.707107 0.000000
vn -0.866025 -0.500000 0.000000
vn -0.866025 -0.500000 0.000000
vn -0.965926 0.258819 -0.000000
vn -1.000000 0.000000 -0.000000
vn -0.965926 -0.258819 0.000000
vn -0.866025 -0.500000 0.000000
vn -0.707107 -0.707107 0.000000
vn -0.500000 -0.866025 0.000000
vn -0.258819 -0.965926 0.000000
vn 0.000000 -1.000000 -0.000000
vn 0.258819 -0.965926 -0.000000
vn 0.500000 -0.866025 -0.000000
vn 0.707107 -0.707107 -0.000000
vn 0.866025 -0.500000 -0.000000
vn 0.965926 -0.258819 -0.000000
vn 1.000000 -0.000000 -0.000000
vn 0.965926 0.258819 -0.000000
vn 0.866025 0.500000 -0.000000
vn 0.707107 0.707107 -0.000000
vn 0.500000 0.866025 -0.000000
vn 0.258819 0.965926 -0.000000
vn 0.000000 1.000000 -0.000000
vn -0.258819 0.965926 -0.000000
vn -0.500000 0.866025 -0.000000
vn -0.707107 0.707107 -0.000000
vn -0.866025 0.500000 -0.000000
vn -0.965926 -0.258819 0.000000
vn -0.965926 -0.258819 0.000000
vn -1.000000 -0.000000 0.000000
vn -1.000000 -0.000000 0.000000
vn -0.965926 0.258819 -0.000000
vn -0.965926 0.258819 -0.000000
vn -0.866025 0.500000 -0.000000
vn -0.866025 0.500000 -0.000000
vn -0.707107 0.707107 -0.000000
vn -0.707107 0.707107 -0.000000
vn -0.500000 0.866025 -0.000000
vn -0.500000 0.866025 -0.000000
vn -0.258819 0.965926 -0.000000
vn -0.258819 0.965926 -0.000000
vn 0.000000 1.000000 -0.000000
vn 0.000000 1.000000 -0.000000
vn 0.258819 0.965926 -0.000000
vn 0.258819 0.965926 -0.000000
vn 0.500000 0.866025 -0.000000
vn 0.500000 0.866025 -0.000000
vn 0.707107 0.707107 -0.000000
vn 0.707107 0.707107 -0.000000
vn 0.866025 0.500000 -0.000000
vn 0.866025 0.500000 -0.000000
vn 0.965926 0.258819 -0.000000
vn 0.965926 0.258819 -0.000000
vn 1.000000 -0.000000 -0.000000
vn 1.000000 -0.000000 -0.000000
vn 0.965926 -0.258819 -0.000000
vn 0.965926 -0.258819 -0.000000
vn 0.866025 -0.500000 -0.000000
vn 0.866025 -0.500000 -0.000000
vn 0.707107 -0.707107 -0.000000
vn 0.707107 -0.707107 -0.000000
vn 0.500000 -0.866025 -0.000000
vn 0.500000 -0.866025 -0.000000
vn 0.258819 -0.965926 -0.000000
vn 0.258819 -0.965926 -0.000000
vn 0.000000 -1.000000 -0.000000
vn 0.000000 -1.000000 -0.000000
vn -0.258819 -0.965926 0.000000
vn -0.258819 -0.965926 0.000000
vn -0.500000 -0.866025 0.000000
vn -0.500000 -0.866025 0.000000
vn -0.707107 -0.707107 0.000000
vn -0.707107 -0.707107 0.000000
vn -0.866025 -0.500000 0.000000
vn -0.866025 -0.500000 0.000000
vn -0.965926 0.258819 -0.000000
vn -1.000000 0.000000 -0.000000
vn -0.965926 -0.258819 0.000000
vn -0.866025 -0.500000 0.000000
vn -0.707107 -0.707107 0.000000
vn -0.500000 -0.866025 0.000000
vn -0.258819 -0.965926 0.000000
vn 0.000000 -1.000000 -0.000000
vn 0.258819 -0.965926 -0.000000
vn 0.500000 -0.866025 -0.000000
vn 0.707107 -0.707107 -0.000000
vn 0.866025 -0.500000 -0.000000
vn 0.965926 -0.258819 -0.000000
vn 1.000000 -0.000000 -0.000000
vn 0.965926 0.258819 -0.000000
vn 0.866025 0.500000 -0.000000
vn 0.707107 0.707107 -0.000000
vn 0.500000 0.866025 -0.000000
vn 0.258819 0.965926 -0.000000
vn 0.000000 1.000000 -0.000000
vn -0.258819 0.965926 -0.000000
vn -0.500000 0.866025 -0.000000
vn -0.707107 0.707107 -0.000000
vn -0.866025 0.500000 -0.000000
vn -0.965926 -0.258819 0.000000
vn -0.965926 -0.258819 0.000000
vn -1.000000 -0.000000 0.000000
vn -1.000000 -0.000000 0.000000
vn -0.965926 0.258819 -0.000000
vn -0.965926 0.258819 -0.000000
vn -0.866025 0.500000 -0.000000
vn -0.866025 0.500000 -0.000000
vn -0.707107 0.707107 -0.000000
vn -0.707107 0.707107 -0.000000
vn -0.500000 0.866025 -0.000000
vn -0.500000 0.866025 -0.000000
vn -0.258819 0.965926 -0.000000
vn -0.258819 0.965926 -0.000000
vn 0.000000 1.000000 -0.000000
vn 0.000000 1.000000 -0.000000
vn 0.258819 0.965926 -0.000000
vn 0.258819 0.965926 -0.000000
vn 0.500000 0.866025 -0.000000
vn 0.500000 0.866025 -0.000000
vn 0.707107 0.707107 -0.000000
vn 0.707107 0.707107 -0.000000
vn 0.866025 0.500000 -0.000000
vn 0.866025 0.500000 -0.000000
vn 0.965926 0.258819 -0.000000
vn 0.965926 0.258819 -0.000000
vn 1.000000 -0.000000 -0.000000
vn 1.000000 -0.000000 -0.000000
vn 0.965926 -0.258819 -0.000000
vn 0.965926 -0.258819 -0.000000
vn 0.866025 -0.500000 -0.000000
vn 0.866025 -0.500000 -0.000000
vn 0.707107 -0.707107 -0.000000
vn 0.707107 -0.707107 -0.000000
vn 0.500000 -0.866025 -0.000000
vn 0.500000 -0.866025 -0.000000
vn 0.258819 -0.965926 -0.000000
vn 0.258819 -0.965926 -0.000000
vn 0.000000 -1.000000 -0.000000
vn 0.000000 -1.000000 -0.000000
vn -0.258819 -0.965926 0.000000
vn -0.258819 -0.965926 0.000000
vn -0.500000 -0.866025 0.000000
vn -0.500000 -0.866025 0.000000
vn -0.707107 -0.707107 0.000000
vn -0.707107 -0.707107 0.000000
vn -0.866025 -0.500000 0.000000
vn -0.866025 -0.500000 0.000000
vn -0.965926 0.258819 -0.000000
vn -1.000000 0.000000 -0.000000
vn -0.965926 -0.258819 0.000000
vn -0.866025 -0.500000 0.000000
vn -0.707107 -0.707107 0.000000
vn -0.500000 -0.866025 0.000000
vn -0.258819 -0.965926 0.000000
vn 0.000000 -1.000000 -0.000000
vn 0.258819 -0.965926 -0.000000
vn 0.500000 -0.866025 -0.000000
vn 0.707107 -0.707107 -0.000000
vn 0.866025 -0.500000 -0.000000
vn 0.965926 -0.258819 -0.000000
vn 1.000000 -0.000000 -0.000000
vn 0.965926 0.258819 -0.000000
vn 0.866025 0.500000 -0.000000
vn 0.707107 0.707107 -0.000000
vn 0.500000 0.866025 -0.000000
vn 0.258819 0.965926 -0.000000
vn 0.000000 1.000000 -0.000000
vn -0.258819 0.965926 -0.000000
vn -0.500000 0.866025 -0.000000
vn -0.707107 0.707107 -0.000000
vn -0.866025 0.500000 -0.000000
vn 0.792418 0.609978 0.000000
vn 0.792418 0.609978 0.000000
vn 0.914520 0.404541 0.000000
vn 0.914520 0.404541 0.000000
vn 0.984391 0.175998 0.000000
vn 0.984391 0.175998 0.000000
vn 0.998039 -0.062596 -0.000000
vn 0.998039 -0.062596 -0.000000
vn 0.954686 -0.297616 -0.000000
vn 0.954686 -0.297616 -0.000000
vn 0.856807 -0.515637 -0.000000
vn 0.856807 -0.515637 -0.000000
vn 0.709993 -0.704209 -0.000000
vn 0.709993 -0.704209 -0.000000
vn 0.522629 -0.852560 -0.000000
vn 0.522629 -0.852560 -0.000000
vn 0.305415 -0.952219 -0.000000
vn 0.305415 -0.952219 -0.000000
vn 0.070759 -0.997493 -0.000000
vn 0.070759 -0.997493 -0.000000
vn -0.167940 -0.985797 -0.000000
vn -0.167940 -0.985797 -0.000000
vn -0.397046 -0.917799 -0.000000
vn -0.397046 -0.917799 -0.000000
vn -0.603476 -0.797381 -0.000000
vn -0.603476 -0.797381 -0.000000
vn -0.775439 -0.631423 -0.000000
vn -0.775439 -0.631423 -0.000000
vn -0.903114 -0.429401 -0.000000
vn -0.903114 -0.429401 -0.000000
vn -0.979209 -0.202855 -0.000000
vn -0.979209 -0.202855 -0.000000
vn -0.999378 0.035277 -0.000000
vn -0.999378 0.035277 -0.000000
vn -0.962468 0.271394 -0.000000
vn -0.962468 0.271394 -0.000000
vn -0.870589 0.492011 -0.000000
vn -0.870589 0.492011 -0.000000
vn -0.728988 0.684527 -0.000000
vn -0.728988 0.684527 -0.000000
vn -0.545751 0.837948 -0.000000
vn -0.545751 0.837948 -0.000000
vn -0.331344 0.943510 -0.000000
vn -0.331344 0.943510 -0.000000
vn -0.098013 0.995185 -0.000000
vn -0.098013 0.995185 -0.000000
vn 0.140915 0.990022 0.000000
vn 0.140915 0.990022 0.000000
vn 0.786415 0.617699 0.000000
vn 0.786415 0.617699 0.000000
vn 0.909792 0.415065 0.000000
vn 0.909792 0.415065 0.000000
vn 0.981964 0.189069 0.000000
vn 0.981964 0.189069 0.000000
vn 0.998868 -0.047567 -0.000000
vn 0.998868 -0.047567 -0.000000
vn 0.959553 -0.281527 -0.000000
vn 0.959553 -0.281527 -0.000000
vn 0.866233 -0.499641 -0.000000
vn 0.866233 -0.499641 -0.000000
vn 0.724158 -0.689634 -0.000000
vn 0.724158 -0.689634 -0.000000
vn 0.541326 -0.840813 -0.000000
vn 0.541326 -0.840813 -0.000000
vn 0.328026 -0.944669 -0.000000
vn 0.328026 -0.944669 -0.000000
vn 0.096264 -0.995356 -0.000000
vn 0.096264 -0.995356 -0.000000
vn -0.140915 -0.990022 -0.000000
vn -0.140915 -0.990022 -0.000000
vn -0.786415 -0.617699 -0.000000
vn -0.786415 -0.617699 -0.000000
vn -0.912446 -0.409196 -0.000000
vn -0.912446 -0.409196 -0.000000
vn -0.984318 -0.176404 -0.000000
vn -0.984318 -0.176404 -0.000000
vn -0.997762 0.066858 -0.000000
vn -0.997762 0.066858 -0.000000
vn -0.951983 0.306152 -0.000000
vn -0.951983 0.306152 -0.000000
vn -0.849695 0.527274 -0.000000
vn -0.849695 0.527274 -0.000000
vn -0.696972 0.717098 -0.000000
vn -0.696972 0.717098 -0.000000
vn -0.502879 0.864357 -0.000000
vn -0.502879 0.864357 -0.000000
vn -0.278936 0.960310 -0.000000
vn -0.278936 0.960310 -0.000000
vn -0.038436 0.999261 -0.000000
vn -0.038436 0.999261 -0.000000
vn 0.204346 0.978899 0.000000
vn 0.204346 0.978899 0.000000
vn 0.434998 0.900431 0.000000
vn 0.434998 0.900431 0.000000
vn 0.639830 0.768517 0.000000
vn 0.639830 0.768517 0.000000
vn 0.806683 0.590985 0.000000
vn 0.806683 0.590985 0.000000
vn 0.925653 0.378374 0.000000
vn 0.925653 0.378374 0.000000
vn 0.989679 0.143303 0.000000
vn 0.989679 0.143303 0.000000
vn 0.994960 -0.100273 -0.000000
vn 0.994960 -0.100273 -0.000000
vn 0.941183 -0.337898 -0.000000
vn 0.941183 -0.337898 -0.000000
vn 0.831539 -0.555466 -0.000000
vn 0.831539 -0.555466 -0.000000
vn 0.672538 -0.740063 -0.000000
vn 0.672538 -0.740063 -0.000000
vn 0.473616 -0.880731 -0.000000
vn 0.473616 -0.880731 -0.000000
vn 0.246582 -0.969122 -0.000000
vn 0.246582 -0.969122 -0.000000
vn 0.004911 -0.999988 -0.000000
vn 0.004911 -0.999988 -0.000000
vn -0.792418 -0.609978 -0.000000
vn -0.792418 -0.609978 -0.000000
vn -0.917458 -0.397833 -0.000000
vn -0.917458 -0.397833 -0.000000
vn -0.986863 -0.161562 -0.000000
vn -0.986863 -0.161562 -0.000000
vn -0.996423 0.084505 -0.000000
vn -0.996423 0.084505 -0.000000
vn -0.945560 0.325449 -0.000000
vn -0.945560 0.325449 -0.000000
vn -0.837357 0.546656 -0.000000
vn -0.837357 0.546656 -0.000000
vn -0.678376 0.734714 -0.000000
vn -0.678376 0.734714 -0.000000
vn -0.478259 0.878219 -0.000000
vn -0.478259 0.878219 -0.000000
vn -0.249139 0.968468 -0.000000
vn -0.249139 0.968468 -0.000000
vn -0.004911 0.999988 -0.000000
vn -0.004911 0.999988 -0.000000
vn 0.000000 0.000000 -1.000000
vn 0.000000 0.000000 -1.000000
vn 0.000000 0.000000 -1.000000
vn 0.000000 0.000000 -1.000000
vn 0.000000 0.000000 -1.000000
vn 0.000000 0.000000 -1.000000
vn 0.000000 0.000000 -1.000000
vn 0.000000 0.000000 -1.000000
vn 0.000000 0.000000 -1.000000
vn 0.000000 0.000000 -1.000000
vn 0.000000 0.000000 -1.000000
vn 0.000000 0.000000 -1.000000
vn 0.000000 0.000000 -1.000000
vn 0.000000 0.000000 -1.000000
vn 0.000000 0.000000 -1.000000
vn 0.000000 0.000000 -1.000000
vn 0.000000 0.000000 -1.000000
vn 0.000000 0.000000 -1.000000
vn 0.000000 0.000000 -1.000000
vn 0.000000 0.000000 -1.000000
vn 0.000000 0.000000 -1.000000
vn 0.000000 0.000000 -1.000000
vn 0.000000 0.000000 -1.000000
vn 0.000000 0.000000 -1.000000
vn 0.000000 0.000000 -1.000000
vn 0.000000 0.000000 -1.000000
vn 0.000000 0.000000 -1.000000
vn 0.000000 0.000000 -1.000000
vn 0.000000 0.000000 -1.000000
vn 0.000000 0.000000 -1.000000
vn 0.000000 0.000000 -1.000000
vn 0.000000 0.000000 -1.000000
vn 0.000000 0.000000 -1.000000
vn 0.000000 0.000000 -1.000000
vn 0.000000 0.000000 -1.000000
vn 0.000000 0.000000 -1.000000
vn 0.000000 0.000000 -1.000000
vn 0.000000 0.000000 -1.000000
vn 0.000000 0.000000 -1.000000
vn 0.000000 0.000000 -1.000000
vn 0.000000 0.000000 -1.000000
vn 0.000000 0.000000 -1.000000
vn 0.000000 0.000000 -1.000000
vn 0.000000 0.000000 -1.000000
vn 0.000000 0.000000 -1.000000
vn 0.000000 0.000000 -1.000000
vn 0.000000 0.000000 -1.000000
vn 0.000000 0.000000 -1.000000
vn 0.000000 0.000000 -1.000000
vn 0.000000 0.000000 -1.000000
vn 0.000000 0.000000 -1.000000
vn 0.000000 0.000000 -1.000000
vn 0.000000 0.000000 -1.000000
vn 0.000000 0.000000 -1.000000
vn 0.000000 0.000000 -1.000000
vn 0.000000 0.000000 -1.000000
vn 0.000000 0.000000 -1.000000
vn 0.000000 0.000000 -1.000000
vn 0.000000 0.000000 -1.000000
vn 0.000000 0.000000 -1.000000
vn 0.000000 0.000000 -1.000000
vn 0.000000 0.000000 -1.000000
vn 0.000000 0.000000 -1.000000
vn 0.000000 0.000000 -1.000000
vn 0.000000 0.000000 -1.000000
vn 0.000000 0.000000 -1.000000
vn 0.000000 0.000000 -1.000000
vn 0.000000 0.000000 -1.000000
vn 0.000000 0.000000 -1.000000
vn 0.000000 0.000000 -1.000000
vn 0.000000 0.000000 -1.000000
vn 0.000000 0.000000 -1.000000
vn 0.000000 0.000000 -1.000000
vn 0.000000 0.000000 -1.000000
vn 0.000000 0.000000 -1.000000
vn 0.000000 0.000000 -1.000000
vn 0.000000 0.000000 -1.000000
vn 0.000000 0.000000 -1.000000
vn 0.000000 0.000000 -1.000000
vn 0.000000 0.000000 -1.000000
vn 0.000000 0.000000 -1.000000
vn 0.000000 0.000000 -1.000000
vn 0.000000 0.000000 -1.000000
vn 0.000000 0.000000 -1.000000
vn 0.000000 0.000000 -1.000000
vn 0.000000 0.000000 -1.000000
vn 0.000000 0.000000 -1.000000
vn 0.000000 0.000000 -1.000000
vn 0.000000 0.000000 -1.000000
vn 0.000000 0.000000 -1.000000
vn 0.000000 0.000000 -1.000000
vn 0.000000 0.000000 -1.000000
vn 0.000000 0.000000 -1.000000
vn 0.000000 0.000000 -1.000000
vn 0.000000 0.000000 -1.000000
vn 0.000000 0.000000 -1.000000
vn 0.000000 0.000000 -1.000000
vn 0.000000 0.000000 -1.000000
vn 0.000000 0.000000 -1.000000
vn 0.000000 0.000000 -1.000000
vn 0.000000 0.000000 -1.000000
vn 0.000000 0.000000 -1.000000
vn 0.000000 0.000000 -1.000000
vn 0.000000 0.000000 -1.000000
vn 0.000000 0.000000 -1.000000
vn 0.000000 0.000000 -1.000000
vn 0.000000 0.000000 -1.000000
vn 0.000000 0.000000 -1.000000
vn 0.000000 0.000000 -1.000000
vn 0.000000 0.000000 -1.000000
vn 0.000000 0.000000 -1.000000
vn 0.000000 0.000000 -1.000000
vn 0.000000 0.000000 -1.000000
vn 0.000000 0.000000 -1.000000
vn 0.000000 0.000000 -1.000000
vn 0.000000 0.000000 -1.000000
vn 0.000000 0.000000 -1.000000
vn 0.000000 0.000000 -1.000000
vn 0.000000 0.000000 -1.000000
vn 0.000000 0.000000 -1.000000
vn 0.000000 0.000000 -1.000000
vn 0.000000 0.000000 -1.000000
vn 0.000000 0.000000 -1.000000
vn 0.000000 0.000000 -1.000000
vn 0.000000 0.000000 -1.000000
vn 0.000000 0.000000 -1.000000
vn 0.000000 0.000000 -1.000000
vn 0.000000 0.000000 -1.000000
vn 0.000000 0.000000 -1.000000
vn 0.000000 0.000000 -1.000000
vn 0.000000 0.000000 -1.000000
vn 0.000000 0.000000 -1.000000
vn 0.000000 0.000000 -1.000000
vn 0.000000 0.000000 -1.000000
vn 0.000000 0.000000 -1.000000
vn 0.000000 0.000000 -1.000000
vn -0.000000 -0.000000 1.000000
vn -0.000000 -0.000000 1.000000
vn -0.000000 -0.000000 1.000000
vn -0.000000 -0.000000 1.000000
vn -0.000000 -0.000000 1.000000
vn -0.000000 -0.000000 1.000000
vn -0.000000 -0.000000 1.000000
vn -0.000000 -0.000000 1.000000
vn -0.000000 -0.000000 1.000000
vn -0.000000 -0.000000 1.000000
vn -0.000000 -0.000000 1.000000
vn -0.000000 -0.000000 1.000000
vn -0.000000 -0.000000 1.000000
vn -0.000000 -0.000000 1.000000
vn -0.000000 -0.000000 1.000000
vn -0.000000 -0.000000 1.000000
vn -0.000000 -0.000000 1.000000
vn -0.000000 -0.000000 1.000000
vn -0.000000 -0.000000 1.000000
vn -0.000000 -0.000000 1.000000
vn -0.000000 -0.000000 1.000000
vn -0.000000 -0.000000 1.000000
vn -0.000000 -0.000000 1.000000
vn -0.000000 -0.000000 1.000000
vn -0.000000 -0.000000 1.000000
vn -0.000000 -0.000000 1.000000
vn -0.000000 -0.000000 1.000000
vn -0.000000 -0.000000 1.000000
vn -0.000000 -0.000000 1.000000
vn -0.000000 -0.000000 1.000000
vn -0.000000 -0.000000 1.000000
vn -0.000000 -0.000000 1.000000
vn -0.000000 -0.000000 1.000000
vn -0.000000 -0.000000 1.000000
vn -0.000000 -0.000000 1.000000
vn -0.000000 -0.000000 1.000000
vn -0.000000 -0.000000 1.000000
vn -0.000000 -0.000000 1.000000
vn -0.000000 -0.000000 1.000000
vn -0.000000 -0.000000 1.000000
vn -0.000000 -0.000000 1.000000
vn -0.000000 -0.000000 1.000000
vn -0.000000 -0.000000 1.000000
vn -0.000000 -0.000000 1.000000
vn -0.000000 -0.000000 1.000000
vn -0.000000 -0.000000 1.000000
vn -0.000000 -0.000000 1.000000
vn -0.000000 -0.000000 1.000000
vn -0.000000 -0.000000 1.000000
vn -0.000000 -0.000000 1.000000
vn -0.000000 -0.000000 1.000000
vn -0.000000 -0.000000 1.000000
vn -0.000000 -0.000000 1.000000
vn -0.000000 -0.000000 1.000000
vn -0.000000 -0.000000 1.000000
vn -0.000000 -0.000000 1.000000
vn -0.000000 -0.000000 1.000000
vn -0.000000 -0.000000 1.000000
vn -0.000000 -0.000000 1.000000
vn -0.000000 -0.000000 1.000000
vn -0.000000 -0.000000 1.000000
vn -0.000000 -0.000000 1.000000
vn -0.000000 -0.000000 1.000000
vn -0.000000 -0.000000 1.000000
usemtl Iron_-_Polished
f 2/1/1 94/2/2 1/3/3
f 1/3/3 94/2/2 95/4/4
f 1/3/3 95/4/4 96/5/5
f 94/2/2 2/1/1 93/6/6
f 93/6/6 2/1/1 3/7/7
f 93/6/6 3/7/7 92/8/8
f 92/8/8 3/7/7 4/9/9
f 92/8/8 4/9/9 91/10/10
f 91/10/10 4/9/9 5/11/11
f 91/10/10 5/11/11 90/12/12
f 90/12/12 5/11/11 6/13/13
f 90/12/12 6/13/13 89/14/14
f 89/14/14 6/13/13 7/15/15
f 89/14/14 7/15/15 8/16/16
f 89/14/14 8/16/16 112/17/17
f 112/17/17 8/16/16 9/18/18
f 112/17/17 9/18/18 111/19/19
f 111/19/19 9/18/18 10/20/20
f 111/19/19 10/20/20 110/21/21
f 110/21/21 10/20/20 121/22/22
f 110/21/21 121/22/22 109/23/23
f 109/23/23 121/22/22 122/24/24
f 109/23/23 122/24/24 33/25/25
f 33/25/25 122/24/24 123/26/26
f 33/25/25 123/26/26 124/27/27
f 11/28/28 119/29/29 10/20/20
f 10/20/20 119/29/29 120/30/30
f 10/20/20 120/30/30 121/22/22
f 119/29/29 11/28/28 118/31/31
f 118/31/31 11/28/28 12/32/32
f 118/31/31 12/32/32 117/33/33
f 117/33/33 12/32/32 13/34/34
f 117/33/33 13/34/34 116/35/35
f 116/35/35 13/34/34 14/36/36
f 116/35/35 14/36/36 115/37/37
f 115/37/37 14/36/36 15/38/38
f 115/37/37 15/38/38 114/39/39
f 114/39/39 15/38/38 16/40/40
f 114/39/39 16/40/40 113/41/41
f 113/41/41 16/40/40 17/42/42
f 113/41/41 17/42/42 18/43/43
f 113/41/41 18/43/43 136/44/44
f 136/44/44 18/43/43 19/45/45
f 136/44/44 19/45/45 20/46/46
f 136/44/44 20/46/46 135/47/47
f 135/47/47 20/46/46 21/48/48
f 135/47/47 21/48/48 134/49/49
f 134/49/49 21/48/48 22/50/50
f 134/49/49 22/50/50 133/51/51
f 133/51/51 22/50/50 132/52/52
f 132/52/52 22/50/50 23/53/53
f 132/52/52 23/53/53 131/54/54
f 131/54/54 23/53/53 24/55/55
f 131/54/54 24/55/55 130/56/56
f 130/56/56 24/55/55 25/57/57
f 130/56/56 25/57/57 129/58/58
f 129/58/58 25/57/57 26/59/59
f 129/58/58 26/59/59 128/60/60
f 128/60/60 26/59/59 27/61/61
f 128/60/60 27/61/61 127/62/62
f 127/62/62 27/61/61 28/63/63
f 127/62/62 28/63/63 126/64/64
f 126/64/64 28/63/63 29/65/65
f 126/64/64 29/65/65 125/66/66
f 125/66/66 29/65/65 30/67/67
f 125/66/66 30/67/67 31/68/68
f 125/66/66 31/68/68 124/27/27
f 124/27/27 31/68/68 32/69/69
f 124/27/27 32/69/69 33/25/25
f 34/70/70 107/71/71 33/25/25
f 33/25/25 107/71/71 108/72/72
f 33/25/25 108/72/72 109/23/23
f 107/71/71 34/70/70 106/73/73
f 106/73/73 34/70/70 35/74/74
f 106/73/73 35/74/74 105/75/75
f 105/75/75 35/74/74 36/76/76
f 105/75/75 36/76/76 104/77/77
f 104/77/77 36/76/76 37/78/78
f 104/77/77 37/78/78 103/79/79
f 103/79/79 37/78/78 38/80/80
f 103/79/79 38/80/80 102/81/81
f 102/81/81 38/80/80 39/82/82
f 102/81/81 39/82/82 101/83/83
f 101/83/83 39/82/82 40/84/84
f 101/83/83 40/84/84 41/85/85
f 101/83/83 41/85/85 100/86/86
f 100/86/86 41/85/85 42/87/87
f 100/86/86 42/87/87 43/88/88
f 44/89/89 82/90/90 43/88/88
f 43/88/88 82/90/90 83/91/91
f 43/88/88 83/91/91 84/92/92
f 82/90/90 44/89/89 81/93/93
f 81/93/93 44/89/89 45/94/94
f 81/93/93 45/94/94 80/95/95
f 80/95/95 45/94/94 46/96/96
f 80/95/95 46/96/96 79/97/97
f 79/97/97 46/96/96 47/98/98
f 79/97/97 47/98/98 78/99/99
f 78/99/99 47/98/98 48/100/100
f 78/99/99 48/100/100 49/101/101
f 78/99/99 49/101/101 77/102/102
f 77/102/102 49/101/101 50/103/103
f 77/102/102 50/103/103 76/104/104
f 76/104/104 50/103/103 51/105/105
f 76/104/104 51/105/105 52/106/106
f 76/104/104 52/106/106 75/107/107
f 75/107/107 52/106/106 53/108/108
f 75/107/107 53/108/108 74/109/109
f 74/109/109 53/108/108 54/110/110
f 74/109/109 54/110/110 73/111/111
f 73/111/111 54/110/110 55/112/112
f 73/111/111 55/112/112 72/113/113
f 72/113/113 55/112/112 71/114/114
f 71/114/114 55/112/112 56/115/115
f 71/114/114 56/115/115 70/116/116
f 70/116/116 56/115/115 57/117/117
f 70/116/116 57/117/117 69/118/118
f 69/118/118 57/117/117 58/119/119
f 69/118/118 58/119/119 68/120/120
f 68/120/120 58/119/119 59/121/121
f 68/120/120 59/121/121 67/122/122
f 67/122/122 59/121/121 60/123/123
f 67/122/122 60/123/123 66/124/124
f 66/124/124 60/123/123 61/125/125
f 66/124/124 61/125/125 65/126/126
f 65/126/126 61/125/125 62/127/127
f 65/126/126 62/127/127 63/128/128
f 65/126/126 63/128/128 88/129/129
f 88/129/129 63/128/128 64/130/130
f 88/129/129 64/130/130 1/3/3
f 43/88/88 84/92/92 98/131/131
f 98/131/131 84/92/92 85/132/132
f 98/131/131 85/132/132 97/133/133
f 97/133/133 85/132/132 86/134/134
f 97/133/133 86/134/134 96/5/5
f 96/5/5 86/134/134 1/3/3
f 86/134/134 87/135/135 1/3/3
f 1/3/3 87/135/135 88/129/129
f 98/131/131 99/136/136 43/88/88
f 43/88/88 99/136/136 100/86/86
f 160/137/137 33/138/138 159/139/139
f 159/139/139 33/138/138 32/140/140
f 159/139/139 32/140/140 31/141/141
f 159/139/139 31/141/141 158/142/142
f 158/142/142 31/141/141 30/143/143
f 158/142/142 30/143/143 157/144/144
f 157/144/144 30/143/143 29/145/145
f 157/144/144 29/145/145 156/146/146
f 156/146/146 29/145/145 28/147/147
f 156/146/146 28/147/147 155/148/148
f 155/148/148 28/147/147 27/149/149
f 155/148/148 27/149/149 154/150/150
f 154/150/150 27/149/149 26/151/151
f 154/150/150 26/151/151 153/152/152
f 153/152/152 26/151/151 25/153/153
f 153/152/152 25/153/153 152/154/154
f 152/154/154 25/153/153 24/155/155
f 152/154/154 24/155/155 151/156/156
f 151/156/156 24/155/155 23/157/157
f 151/156/156 23/157/157 150/158/158
f 150/158/158 23/157/157 22/159/159
f 150/158/158 22/159/159 149/160/160
f 149/160/160 22/159/159 21/161/161
f 149/160/160 21/161/161 148/162/162
f 148/162/162 21/161/161 20/163/163
f 148/162/162 20/163/163 147/164/164
f 147/164/164 20/163/163 19/165/165
f 147/164/164 19/165/165 146/166/166
f 146/166/166 19/165/165 18/167/167
f 146/166/166 18/167/167 145/168/168
f 145/168/168 18/167/167 17/169/169
f 145/168/168 17/169/169 144/170/170
f 144/170/170 17/169/169 16/171/171
f 144/170/170 16/171/171 143/172/172
f 143/172/172 16/171/171 15/173/173
f 143/172/172 15/173/173 142/174/174
f 142/174/174 15/173/173 14/175/175
f 142/174/174 14/175/175 141/176/176
f 141/176/176 14/175/175 13/177/177
f 141/176/176 13/177/177 140/178/178
f 140/178/178 13/177/177 12/179/179
f 140/178/178 12/179/179 139/180/180
f 139/180/180 12/179/179 11/181/181
f 139/180/180 11/181/181 138/182/182
f 138/182/182 11/181/181 137/183/183
f 137/183/183 11/181/181 10/184/184
f 170/185/185 43/186/186 169/187/187
f 169/187/187 43/186/186 42/188/188
f 169/187/187 42/188/188 168/189/189
f 168/189/189 42/188/188 41/190/190
f 168/189/189 41/190/190 167/191/191
f 167/191/191 41/190/190 40/192/192
f 167/191/191 40/192/192 166/193/193
f 166/193/193 40/192/192 39/194/194
f 166/193/193 39/194/194 165/195/195
f 165/195/195 39/194/194 38/196/196
f 165/195/195 38/196/196 164/197/197
f 164/197/197 38/196/196 37/198/198
f 164/197/197 37/198/198 163/199/199
f 163/199/199 37/198/198 36/200/200
f 163/199/199 36/200/200 162/201/201
f 162/201/201 36/200/200 35/202/202
f 162/201/201 35/202/202 161/203/203
f 161/203/203 35/202/202 34/204/204
f 161/203/203 34/204/204 160/205/205
f 160/205/205 34/204/204 33/206/206
f 192/207/207 1/208/208 191/209/209
f 191/209/209 1/208/208 64/210/210
f 191/209/209 64/210/210 190/211/211
f 190/211/211 64/210/210 63/212/212
f 190/211/211 63/212/212 189/213/213
f 189/213/213 63/212/212 62/214/214
f 189/213/213 62/214/214 188/215/215
f 188/215/215 62/214/214 61/216/216
f 188/215/215 61/216/216 187/217/217
f 187/217/217 61/216/216 60/218/218
f 187/217/217 60/218/218 186/219/219
f 186/219/219 60/218/218 59/220/220
f 186/219/219 59/220/220 185/221/221
f 185/221/221 59/220/220 58/222/222
f 185/221/221 58/222/222 184/223/223
f 184/223/223 58/222/222 57/224/224
f 184/223/223 57/224/224 183/225/225
f 183/225/225 57/224/224 56/226/226
f 183/225/225 56/226/226 182/227/227
f 182/227/227 56/226/226 55/228/228
f 182/227/227 55/228/228 181/229/229
f 181/229/229 55/228/228 54/230/230
f 181/229/229 54/230/230 180/231/231
f 180/231/231 54/230/230 53/232/232
f 180/231/231 53/232/232 179/233/233
f 179/233/233 53/232/232 52/234/234
f 179/233/233 52/234/234 178/235/235
f 178/235/235 52/234/234 51/236/236
f 178/235/235 51/236/236 177/237/237
f 177/237/237 51/236/236 50/238/238
f 177/237/237 50/238/238 176/239/239
f 176/239/239 50/238/238 49/240/240
f 176/239/239 49/240/240 175/241/241
f 175/241/241 49/240/240 48/242/242
f 175/241/241 48/242/242 174/243/243
f 174/243/243 48/242/242 47/244/244
f 174/243/243 47/244/244 173/245/245
f 173/245/245 47/244/244 46/246/246
f 173/245/245 46/246/246 172/247/247
f 172/247/247 46/246/246 45/248/248
f 172/247/247 45/248/248 171/249/249
f 171/249/249 45/248/248 44/250/250
f 171/249/249 44/250/250 170/251/251
f 170/251/251 44/250/250 43/252/252
f 137/253/253 10/254/254 200/255/255
f 200/255/255 10/254/254 9/256/256
f 200/255/255 9/256/256 199/257/257
f 199/257/257 9/256/256 8/258/258
f 199/257/257 8/258/258 198/259/259
f 198/259/259 8/258/258 7/260/260
f 198/259/259 7/260/260 197/261/261
f 197/261/261 7/260/260 6/262/262
f 197/261/261 6/262/262 196/263/263
f 196/263/263 6/262/262 5/264/264
f 196/263/263 5/264/264 195/265/265
f 195/265/265 5/264/264 4/266/266
f 195/265/265 4/266/266 194/267/267
f 194/267/267 4/266/266 3/268/268
f 194/267/267 3/268/268 193/269/269
f 193/269/269 3/268/268 2/270/270
f 193/269/269 2/270/270 192/271/271
f 192/271/271 2/270/270 1/272/272
f 200/273/273 196/274/274 137/275/275
f 137/275/275 196/274/274 195/276/276
f 137/275/275 195/276/276 194/277/277
f 196/274/274 200/273/273 197/278/278
f 197/278/278 200/273/273 199/279/279
f 197/278/278 199/279/279 198/280/280
f 137/275/275 194/277/277 160/281/281
f 160/281/281 194/277/277 193/282/282
f 160/281/281 193/282/282 192/283/283
f 191/284/284 187/285/285 192/283/283
f 192/283/283 187/285/285 186/286/286
f 192/283/283 186/286/286 185/287/287
f 187/285/285 191/284/284 188/288/288
f 188/288/288 191/284/284 190/289/289
f 188/288/288 190/289/289 189/290/290
f 192/283/283 185/287/287 170/291/291
f 170/291/291 185/287/287 184/292/292
f 170/291/291 184/292/292 183/293/293
f 183/293/293 182/294/294 170/291/291
f 170/291/291 182/294/294 171/295/295
f 171/295/295 182/294/294 181/296/296
f 171/295/295 181/296/296 172/297/297
f 172/297/297 181/296/296 180/298/298
f 172/297/297 180/298/298 173/299/299
f 173/299/299 180/298/298 179/300/300
f 173/299/299 179/300/300 174/301/301
f 174/301/301 179/300/300 178/302/302
f 174/301/301 178/302/302 175/303/303
f 175/303/303 178/302/302 177/304/304
f 175/303/303 177/304/304 176/305/305
f 169/306/306 165/307/307 170/291/291
f 170/291/291 165/307/307 164/308/308
f 170/291/291 164/308/308 163/309/309
f 165/307/307 169/306/306 166/310/310
f 166/310/310 169/306/306 168/311/311
f 166/310/310 168/311/311 167/312/312
f 170/291/291 163/309/309 192/283/283
f 192/283/283 163/309/309 162/313/313
f 192/283/283 162/313/313 160/281/281
f 160/281/281 162/313/313 161/314/314
f 159/315/315 155/316/316 160/281/281
f 160/281/281 155/316/316 154/317/317
f 160/281/281 154/317/317 153/318/318
f 155/316/316 159/315/315 156/319/319
f 156/319/319 159/315/315 158/320/320
f 156/319/319 158/320/320 157/321/321
f 152/322/322 149/323/323 153/318/318
f 153/318/318 149/323/323 137/275/275
f 153/318/318 137/275/275 160/281/281
f 151/324/324 150/325/325 152/322/322
f 152/322/322 150/325/325 149/323/323
f 137/275/275 149/323/323 139/326/326
f 139/326/326 149/323/323 148/327/327
f 139/326/326 148/327/327 140/328/328
f 140/328/328 148/327/327 141/329/329
f 141/329/329 148/327/327 147/330/330
f 141/329/329 147/330/330 142/331/331
f 142/331/331 147/330/330 146/332/332
f 142/331/331 146/332/332 143/333/333
f 143/333/333 146/332/332 145/334/334
f 143/333/333 145/334/334 144/335/335
f 139/326/326 138/336/336 137/275/275
f 136/337/337 226/338/338 113/339/339
f 113/339/339 226/338/338 225/340/340
f 113/341/339 225/342/340 114/343/341
f 114/343/341 225/342/340 248/344/342
f 114/343/341 248/344/342 115/345/343
f 115/345/343 248/344/342 247/346/344
f 115/345/343 247/346/344 116/347/345
f 116/347/345 247/346/344 246/348/346
f 116/347/345 246/348/346 117/349/347
f 117/349/347 246/348/346 245/350/348
f 117/349/347 245/350/348 118/351/349
f 118/351/349 245/350/348 244/352/350
f 118/351/349 244/352/350 119/353/351
f 119/353/351 244/352/350 243/354/352
f 119/353/351 243/354/352 120/355/353
f 120/355/353 243/354/352 242/356/354
f 120/355/353 242/356/354 121/357/355
f 121/357/355 242/356/354 241/358/356
f 121/357/355 241/358/356 122/359/357
f 122/359/357 241/358/356 240/360/358
f 122/359/357 240/360/358 123/361/359
f 123/361/359 240/360/358 239/362/360
f 123/361/359 239/362/360 124/363/361
f 124/363/361 239/362/360 238/364/362
f 124/363/361 238/364/362 125/365/363
f 125/365/363 238/364/362 237/366/364
f 125/365/363 237/366/364 126/367/365
f 126/367/365 237/366/364 236/368/366
f 126/367/365 236/368/366 127/369/367
f 127/369/367 236/368/366 235/370/368
f 127/369/367 235/370/368 128/371/369
f 128/371/369 235/370/368 234/372/370
f 128/371/369 234/372/370 129/373/371
f 129/373/371 234/372/370 233/374/372
f 129/373/371 233/374/372 130/375/373
f 130/375/373 233/374/372 232/376/374
f 130/375/373 232/376/374 131/377/375
f 131/377/375 232/376/374 231/378/376
f 131/377/375 231/378/376 132/379/377
f 132/379/377 231/378/376 230/380/378
f 132/379/377 230/380/378 133/381/379
f 133/381/379 230/380/378 229/382/380
f 133/381/379 229/382/380 134/383/381
f 134/383/381 229/382/380 228/384/382
f 134/383/381 228/384/382 135/385/383
f 135/385/383 228/384/382 227/386/384
f 135/385/383 227/386/384 136/337/337
f 136/337/337 227/386/384 226/338/338
f 202/387/385 248/344/342 201/388/386
f 201/388/386 248/344/342 225/342/340
f 201/389/386 225/340/340 224/390/387
f 224/390/387 225/340/340 226/338/338
f 224/390/387 226/338/338 223/391/388
f 223/391/388 226/338/338 227/386/384
f 223/391/388 227/386/384 222/392/389
f 222/392/389 227/386/384 228/384/382
f 222/392/389 228/384/382 221/393/390
f 221/393/390 228/384/382 229/382/380
f 221/393/390 229/382/380 220/394/391
f 220/394/391 229/382/380 230/380/378
f 220/394/391 230/380/378 219/395/392
f 219/395/392 230/380/378 231/378/376
f 219/395/392 231/378/376 218/396/393
f 218/396/393 231/378/376 232/376/374
f 218/396/393 232/376/374 217/397/394
f 217/397/394 232/376/374 233/374/372
f 217/397/394 233/374/372 216/398/395
f 216/398/395 233/374/372 234/372/370
f 216/398/395 234/372/370 215/399/396
f 215/399/396 234/372/370 235/370/368
f 215/399/396 235/370/368 214/400/397
f 214/400/397 235/370/368 236/368/366
f 214/400/397 236/368/366 213/401/398
f 213/401/398 236/368/366 237/366/364
f 213/401/398 237/366/364 212/402/399
f 212/402/399 237/366/364 238/364/362
f 212/402/399 238/364/362 211/403/400
f 211/403/400 238/364/362 239/362/360
f 211/403/400 239/362/360 210/404/401
f 210/404/401 239/362/360 240/360/358
f 210/404/401 240/360/358 209/405/402
f 209/405/402 240/360/358 241/358/356
f 209/405/402 241/358/356 208/406/403
f 208/406/403 241/358/356 242/356/354
f 208/406/403 242/356/354 207/407/404
f 207/407/404 242/356/354 243/354/352
f 207/407/404 243/354/352 206/408/405
f 206/408/405 243/354/352 244/352/350
f 206/408/405 244/352/350 205/409/406
f 205/409/406 244/352/350 245/350/348
f 205/409/406 245/350/348 204/410/407
f 204/410/407 245/350/348 246/348/346
f 204/410/407 246/348/346 203/411/408
f 203/411/408 246/348/346 247/346/344
f 203/411/408 247/346/344 202/387/385
f 202/387/385 247/346/344 248/344/342
f 112/412/409 274/413/410 89/414/411
f 89/414/411 274/413/410 273/415/412
f 89/416/411 273/417/412 90/418/413
f 90/418/413 273/417/412 296/419/414
f 90/418/413 296/419/414 91/420/415
f 91/420/415 296/419/414 295/421/416
f 91/420/415 295/421/416 92/422/417
f 92/422/417 295/421/416 294/423/418
f 92/422/417 294/423/418 93/424/419
f 93/424/419 294/423/418 293/425/420
f 93/424/419 293/425/420 94/426/421
f 94/426/421 293/425/420 292/427/422
f 94/426/421 292/427/422 95/428/423
f 95/428/423 292/427/422 291/429/424
f 95/428/423 291/429/424 96/430/425
f 96/430/425 291/429/424 290/431/426
f 96/430/425 290/431/426 97/432/427
f 97/432/427 290/431/426 289/433/428
f 97/432/427 289/433/428 98/434/429
f 98/434/429 289/433/428 288/435/430
f 98/434/429 288/435/430 99/436/431
f 99/436/431 288/435/430 287/437/432
f 99/436/431 287/437/432 100/438/433
f 100/438/433 287/437/432 286/439/434
f 100/438/433 286/439/434 101/440/435
f 101/440/435 286/439/434 285/441/436
f 101/440/435 285/441/436 102/442/437
f 102/442/437 285/441/436 284/443/438
f 102/442/437 284/443/438 103/444/439
f 103/444/439 284/443/438 283/445/440
f 103/444/439 283/445/440 104/446/441
f 104/446/441 283/445/440 282/447/442
f 104/446/441 282/447/442 105/448/443
f 105/448/443 282/447/442 281/449/444
f 105/448/443 281/449/444 106/450/445
f 106/450/445 281/449/444 280/451/446
f 106/450/445 280/451/446 107/452/447
f 107/452/447 280/451/446 279/453/448
f 107/452/447 279/453/448 108/454/449
f 108/454/449 279/453/448 278/455/450
f 108/454/449 278/455/450 109/456/451
f 109/456/451 278/455/450 277/457/452
f 109/456/451 277/457/452 110/458/453
f 110/458/453 277/457/452 276/459/454
f 110/458/453 276/459/454 111/460/455
f 111/460/455 276/459/454 275/461/456
f 111/460/455 275/461/456 112/412/409
f 112/412/409 275/461/456 274/413/410
f 250/462/457 296/419/414 249/463/458
f 249/463/458 296/419/414 273/417/412
f 249/464/458 273/415/412 272/465/459
f 272/465/459 273/415/412 274/413/410
f 272/465/459 274/413/410 271/466/460
f 271/466/460 274/413/410 275/461/456
f 271/466/460 275/461/456 270/467/461
f 270/467/461 275/461/456 276/459/454
f 270/467/461 276/459/454 269/468/462
f 269/468/462 276/459/454 277/457/452
f 269/468/462 277/457/452 268/469/463
f 268/469/463 277/457/452 278/455/450
f 268/469/463 278/455/450 267/470/464
f 267/470/464 278/455/450 279/453/448
f 267/470/464 279/453/448 266/471/465
f 266/471/465 279/453/448 280/451/446
f 266/471/465 280/451/446 265/472/466
f 265/472/466 280/451/446 281/449/444
f 265/472/466 281/449/444 264/473/467
f 264/473/467 281/449/444 282/447/442
f 264/473/467 282/447/442 263/474/468
f 263/474/468 282/447/442 283/445/440
f 263/474/468 283/445/440 262/475/469
f 262/475/469 283/445/440 284/443/438
f 262/475/469 284/443/438 261/476/470
f 261/476/470 284/443/438 285/441/436
f 261/476/470 285/441/436 260/477/471
f 260/477/471 285/441/436 286/439/434
f 260/477/471 286/439/434 259/478/472
f 259/478/472 286/439/434 287/437/432
f 259/478/472 287/437/432 258/479/473
f 258/479/473 287/437/432 288/435/430
f 258/479/473 288/435/430 257/480/474
f 257/480/474 288/435/430 289/433/428
f 257/480/474 289/433/428 256/481/475
f 256/481/475 289/433/428 290/431/426
f 256/481/475 290/431/426 255/482/476
f 255/482/476 290/431/426 291/429/424
f 255/482/476 291/429/424 254/483/477
f 254/483/477 291/429/424 292/427/422
f 254/483/477 292/427/422 253/484/478
f 253/484/478 292/427/422 293/425/420
f 253/484/478 293/425/420 252/485/479
f 252/485/479 293/425/420 294/423/418
f 252/485/479 294/423/418 251/486/480
f 251/486/480 294/423/418 295/421/416
f 251/486/480 295/421/416 250/462/457
f 250/462/457 295/421/416 296/419/414
f 88/487/481 322/488/482 65/489/483
f 65/489/483 322/488/482 321/490/484
f 65/491/483 321/492/484 66/493/485
f 66/493/485 321/492/484 344/494/486
f 66/493/485 344/494/486 67/495/487
f 67/495/487 344/494/486 343/496/488
f 67/495/487 343/496/488 68/497/489
f 68/497/489 343/496/488 342/498/490
f 68/497/489 342/498/490 69/499/491
f 69/499/491 342/498/490 341/500/492
f 69/499/491 341/500/492 70/501/493
f 70/501/493 341/500/492 340/502/494
f 70/501/493 340/502/494 71/503/495
f 71/503/495 340/502/494 339/504/496
f 71/503/495 339/504/496 72/505/497
f 72/505/497 339/504/496 338/506/498
f 72/505/497 338/506/498 73/507/499
f 73/507/499 338/506/498 337/508/500
f 73/507/499 337/508/500 74/509/501
f 74/509/501 337/508/500 336/510/502
f 74/509/501 336/510/502 75/511/503
f 75/511/503 336/510/502 335/512/504
f 75/511/503 335/512/504 76/513/505
f 76/513/505 335/512/504 334/514/506
f 76/513/505 334/514/506 77/515/507
f 77/515/507 334/514/506 333/516/508
f 77/515/507 333/516/508 78/517/509
f 78/517/509 333/516/508 332/518/510
f 78/517/509 332/518/510 79/519/511
f 79/519/511 332/518/510 331/520/512
f 79/519/511 331/520/512 80/521/513
f 80/521/513 331/520/512 330/522/514
f 80/521/513 330/522/514 81/523/515
f 81/523/515 330/522/514 329/524/516
f 81/523/515 329/524/516 82/525/517
f 82/525/517 329/524/516 328/526/518
f 82/525/517 328/526/518 83/527/519
f 83/527/519 328/526/518 327/528/520
f 83/527/519 327/528/520 84/529/521
f 84/529/521 327/528/520 326/530/522
f 84/529/521 326/530/522 85/531/523
f 85/531/523 326/530/522 325/532/524
f 85/531/523 325/532/524 86/533/525
f 86/533/525 325/532/524 324/534/526
f 86/533/525 324/534/526 87/535/527
f 87/535/527 324/534/526 323/536/528
f 87/535/527 323/536/528 88/487/481
f 88/487/481 323/536/528 322/488/482
f 298/537/529 344/494/486 297/538/530
f 297/538/530 344/494/486 321/492/484
f 297/539/530 321/490/484 320/540/531
f 320/540/531 321/490/484 322/488/482
f 320/540/531 322/488/482 319/541/532
f 319/541/532 322/488/482 323/536/528
f 319/541/532 323/536/528 318/542/533
f 318/542/533 323/536/528 324/534/526
f 318/542/533 324/534/526 317/543/534
f 317/543/534 324/534/526 325/532/524
f 317/543/534 325/532/524 316/544/535
f 316/544/535 325/532/524 326/530/522
f 316/544/535 326/530/522 315/545/536
f 315/545/536 326/530/522 327/528/520
f 315/545/536 327/528/520 314/546/537
f 314/546/537 327/528/520 328/526/518
f 314/546/537 328/526/518 313/547/538
f 313/547/538 328/526/518 329/524/516
f 313/547/538 329/524/516 312/548/539
f 312/548/539 329/524/516 330/522/514
f 312/548/539 330/522/514 311/549/540
f 311/549/540 330/522/514 331/520/512
f 311/549/540 331/520/512 310/550/541
f 310/550/541 331/520/512 332/518/510
f 310/550/541 332/518/510 309/551/542
f 309/551/542 332/518/510 333/516/508
f 309/551/542 333/516/508 308/552/543
f 308/552/543 333/516/508 334/514/506
f 308/552/543 334/514/506 307/553/544
f 307/553/544 334/514/506 335/512/504
f 307/553/544 335/512/504 306/554/545
f 306/554/545 335/512/504 336/510/502
f 306/554/545 336/510/502 305/555/546
f 305/555/546 336/510/502 337/508/500
f 305/555/546 337/508/500 304/556/547
f 304/556/547 337/508/500 338/506/498
f 304/556/547 338/506/498 303/557/548
f 303/557/548 338/506/498 339/504/496
f 303/557/548 339/504/496 302/558/549
f 302/558/549 339/504/496 340/502/494
f 302/558/549 340/502/494 301/559/550
f 301/559/550 340/502/494 341/500/492
f 301/559/550 341/500/492 300/560/551
f 300/560/551 341/500/492 342/498/490
f 300/560/551 342/498/490 299/561/552
f 299/561/552 342/498/490 343/496/488
f 299/561/552 343/496/488 298/537/529
f 298/537/529 343/496/488 344/494/486
f 392/562/553 345/563/554 391/564/555
f 391/564/555 345/563/554 346/565/556
f 391/564/555 346/565/556 347/566/557
f 391/564/555 347/566/557 390/567/558
f 390/567/558 347/566/557 348/568/559
f 390/567/558 348/568/559 389/569/560
f 389/569/560 348/568/559 349/570/561
f 389/569/560 349/570/561 388/571/562
f 388/571/562 349/570/561 350/572/563
f 388/571/562 350/572/563 387/573/564
f 387/573/564 350/572/563 351/574/565
f 387/573/564 351/574/565 386/575/566
f 386/575/566 351/574/565 352/576/567
f 386/575/566 352/576/567 385/577/568
f 385/577/568 352/576/567 353/578/569
f 385/577/568 353/578/569 384/579/570
f 384/579/570 353/578/569 354/580/571
f 384/579/570 354/580/571 383/581/572
f 383/581/572 354/580/571 355/582/573
f 383/581/572 355/582/573 382/583/574
f 382/583/574 355/582/573 356/584/575
f 382/583/574 356/584/575 381/585/576
f 381/585/576 356/584/575 357/586/577
f 381/585/576 357/586/577 380/587/578
f 380/587/578 357/586/577 358/588/579
f 380/587/578 358/588/579 379/589/580
f 379/589/580 358/588/579 359/590/581
f 379/589/580 359/590/581 378/591/582
f 378/591/582 359/590/581 360/592/583
f 378/591/582 360/592/583 377/593/584
f 377/593/584 360/592/583 361/594/585
f 377/593/584 361/594/585 376/595/586
f 376/595/586 361/594/585 362/596/587
f 376/595/586 362/596/587 375/597/588
f 375/597/588 362/596/587 363/598/589
f 375/597/588 363/598/589 374/599/590
f 374/599/590 363/598/589 364/600/591
f 374/599/590 364/600/591 373/601/592
f 373/601/592 364/600/591 365/602/593
f 373/601/592 365/602/593 372/603/594
f 372/603/594 365/602/593 366/604/595
f 372/603/594 366/604/595 371/605/596
f 371/605/596 366/604/595 367/606/597
f 371/605/596 367/606/597 370/607/598
f 370/607/598 367/606/597 369/608/599
f 369/608/599 367/606/597 368/609/600
f 412/610/601 393/611/602 411/612/603
f 411/612/603 393/611/602 394/613/604
f 411/612/603 394/613/604 410/614/605
f 410/614/605 394/613/604 395/615/606
f 410/614/605 395/615/606 409/616/607
f 409/616/607 395/615/606 396/617/608
f 409/616/607 396/617/608 408/618/609
f 408/618/609 396/617/608 397/619/610
f 408/618/609 397/619/610 407/620/611
f 407/620/611 397/619/610 398/621/612
f 407/620/611 398/621/612 406/622/613
f 406/622/613 398/621/612 399/623/614
f 406/622/613 399/623/614 405/624/615
f 405/624/615 399/623/614 400/625/616
f 405/624/615 400/625/616 404/626/617
f 404/626/617 400/625/616 401/627/618
f 404/626/617 401/627/618 403/628/619
f 403/628/619 401/627/618 402/629/620
f 403/628/619 402/629/620 392/630/621
f 392/630/621 402/629/620 345/631/622
f 456/632/623 413/633/624 455/634/625
f 455/634/625 413/633/624 414/635/626
f 455/634/625 414/635/626 454/636/627
f 454/636/627 414/635/626 415/637/628
f 454/636/627 415/637/628 453/638/629
f 453/638/629 415/637/628 416/639/630
f 453/638/629 416/639/630 452/640/631
f 452/640/631 416/639/630 417/641/632
f 452/640/631 417/641/632 451/642/633
f 451/642/633 417/641/632 418/643/634
f 451/642/633 418/643/634 450/644/635
f 450/644/635 418/643/634 419/645/636
f 450/644/635 419/645/636 449/646/637
f 449/646/637 419/645/636 420/647/638
f 449/646/637 420/647/638 448/648/639
f 448/648/639 420/647/638 421/649/640
f 448/648/639 421/649/640 447/650/641
f 447/650/641 421/649/640 422/651/642
f 447/650/641 422/651/642 446/652/643
f 446/652/643 422/651/642 423/653/644
f 446/652/643 423/653/644 445/654/645
f 445/654/645 423/653/644 424/655/646
f 445/654/645 424/655/646 444/656/647
f 444/656/647 424/655/646 425/657/648
f 444/656/647 425/657/648 443/658/649
f 443/658/649 425/657/648 426/659/650
f 443/658/649 426/659/650 442/660/651
f 442/660/651 426/659/650 427/661/652
f 442/660/651 427/661/652 441/662/653
f 441/662/653 427/661/652 428/663/654
f 441/662/653 428/663/654 440/664/655
f 440/664/655 428/663/654 429/665/656
f 440/664/655 429/665/656 439/666/657
f 439/666/657 429/665/656 430/667/658
f 439/666/657 430/667/658 438/668/659
f 438/668/659 430/667/658 431/669/660
f 438/668/659 431/669/660 437/670/661
f 437/670/661 431/669/660 432/671/662
f 437/670/661 432/671/662 436/672/663
f 436/672/663 432/671/662 433/673/664
f 436/672/663 433/673/664 435/674/665
f 435/674/665 433/673/664 434/675/666
f 435/674/665 434/675/666 412/676/667
f 412/676/667 434/675/666 393/677/668
f 369/678/669 368/679/670 472/680/671
f 472/680/671 368/679/670 457/681/672
f 472/680/671 457/681/672 471/682/673
f 471/682/673 457/681/672 458/683/674
f 471/682/673 458/683/674 470/684/675
f 470/684/675 458/683/674 459/685/676
f 470/684/675 459/685/676 469/686/677
f 469/686/677 459/685/676 460/687/678
f 469/686/677 460/687/678 468/688/679
f 468/688/679 460/687/678 461/689/680
f 468/688/679 461/689/680 467/690/681
f 467/690/681 461/689/680 462/691/682
f 467/690/681 462/691/682 466/692/683
f 466/692/683 462/691/682 463/693/684
f 466/692/683 463/693/684 465/694/685
f 465/694/685 463/693/684 464/695/686
f 465/694/685 464/695/686 456/696/687
f 456/696/687 464/695/686 413/697/688
f 224/698/689 377/699/690 201/700/691
f 201/700/691 377/699/690 376/701/692
f 201/700/691 376/701/692 375/702/693
f 223/703/694 379/704/695 224/698/689
f 224/698/689 379/704/695 378/705/696
f 224/698/689 378/705/696 377/699/690
f 379/704/695 223/703/694 380/706/697
f 380/706/697 223/703/694 222/707/698
f 380/706/697 222/707/698 381/708/699
f 381/708/699 222/707/698 221/709/700
f 381/708/699 221/709/700 220/710/701
f 381/708/699 220/710/701 382/711/702
f 382/711/702 220/710/701 219/712/703
f 382/711/702 219/712/703 383/713/704
f 383/713/704 219/712/703 218/714/705
f 383/713/704 218/714/705 384/715/706
f 384/715/706 218/714/705 217/716/707
f 384/715/706 217/716/707 385/717/708
f 385/717/708 217/716/707 216/718/709
f 385/717/708 216/718/709 386/719/710
f 386/719/710 216/718/709 215/720/711
f 386/719/710 215/720/711 387/721/712
f 387/721/712 215/720/711 214/722/713
f 387/721/712 214/722/713 388/723/714
f 388/723/714 214/722/713 213/724/715
f 388/723/714 213/724/715 389/725/716
f 389/725/716 213/724/715 390/726/717
f 390/726/717 213/724/715 212/727/718
f 390/726/717 212/727/718 391/728/719
f 391/728/719 212/727/718 392/729/720
f 392/729/720 212/727/718 211/730/721
f 392/729/720 211/730/721 210/731/722
f 392/729/720 210/731/722 269/732/723
f 269/732/723 210/731/722 209/733/724
f 269/732/723 209/733/724 270/734/725
f 270/734/725 209/733/724 369/735/726
f 270/734/725 369/735/726 271/736/727
f 271/736/727 369/735/726 472/737/728
f 271/736/727 472/737/728 272/738/729
f 272/738/729 472/737/728 471/739/730
f 272/738/729 471/739/730 249/740/731
f 249/740/731 471/739/730 470/741/732
f 249/740/731 470/741/732 469/742/733
f 209/733/724 208/743/734 369/735/726
f 369/735/726 208/743/734 207/744/735
f 369/735/726 207/744/735 370/745/736
f 370/745/736 207/744/735 206/746/737
f 370/745/736 206/746/737 371/747/738
f 371/747/738 206/746/737 205/748/739
f 371/747/738 205/748/739 372/749/740
f 372/749/740 205/748/739 204/750/741
f 372/749/740 204/750/741 373/751/742
f 373/751/742 204/750/741 203/752/743
f 373/751/742 203/752/743 374/753/744
f 374/753/744 203/752/743 202/754/745
f 374/753/744 202/754/745 375/702/693
f 375/702/693 202/754/745 201/700/691
f 269/732/723 268/755/746 392/729/720
f 392/729/720 268/755/746 267/756/747
f 392/729/720 267/756/747 403/757/748
f 403/757/748 267/756/747 266/758/749
f 403/757/748 266/758/749 404/759/750
f 404/759/750 266/758/749 265/760/751
f 404/759/750 265/760/751 405/761/752
f 405/761/752 265/760/751 264/762/753
f 405/761/752 264/762/753 406/763/754
f 406/763/754 264/762/753 263/764/755
f 406/763/754 263/764/755 407/765/756
f 407/765/756 263/764/755 262/766/757
f 407/765/756 262/766/757 408/767/758
f 408/767/758 262/766/757 261/768/759
f 408/767/758 261/768/759 409/769/760
f 409/769/760 261/768/759 410/770/761
f 410/770/761 261/768/759 260/771/762
f 410/770/761 260/771/762 411/772/763
f 411/772/763 260/771/762 412/773/764
f 412/773/764 260/771/762 259/774/765
f 412/773/764 259/774/765 258/775/766
f 257/776/767 317/777/768 258/775/766
f 258/775/766 317/777/768 316/778/769
f 258/775/766 316/778/769 412/773/764
f 412/773/764 316/778/769 315/779/770
f 412/773/764 315/779/770 314/780/771
f 317/777/768 257/776/767 318/781/772
f 318/781/772 257/776/767 256/782/773
f 318/781/772 256/782/773 456/783/774
f 456/783/774 256/782/773 255/784/775
f 456/783/774 255/784/775 254/785/776
f 456/783/774 254/785/776 465/786/777
f 465/786/777 254/785/776 253/787/778
f 465/786/777 253/787/778 466/788/779
f 466/788/779 253/787/778 252/789/780
f 466/788/779 252/789/780 467/790/781
f 467/790/781 252/789/780 251/791/782
f 467/790/781 251/791/782 468/792/783
f 468/792/783 251/791/782 250/793/784
f 468/792/783 250/793/784 469/742/733
f 469/742/733 250/793/784 249/740/731
f 320/794/785 454/795/786 297/796/787
f 297/796/787 454/795/786 453/797/788
f 297/796/787 453/797/788 452/798/789
f 319/799/790 456/783/774 320/794/785
f 320/794/785 456/783/774 455/800/791
f 320/794/785 455/800/791 454/795/786
f 319/799/790 318/781/772 456/783/774
f 412/773/764 314/780/771 435/801/792
f 435/801/792 314/780/771 313/802/793
f 435/801/792 313/802/793 436/803/794
f 436/803/794 313/802/793 312/804/795
f 436/803/794 312/804/795 437/805/796
f 437/805/796 312/804/795 311/806/797
f 437/805/796 311/806/797 438/807/798
f 438/807/798 311/806/797 310/808/799
f 438/807/798 310/808/799 439/809/800
f 439/809/800 310/808/799 440/810/801
f 440/810/801 310/808/799 309/811/802
f 440/810/801 309/811/802 441/812/803
f 441/812/803 309/811/802 308/813/804
f 441/812/803 308/813/804 442/814/805
f 442/814/805 308/813/804 443/815/806
f 443/815/806 308/813/804 307/816/807
f 443/815/806 307/816/807 444/817/808
f 444/817/808 307/816/807 306/818/809
f 444/817/808 306/818/809 445/819/810
f 445/819/810 306/818/809 305/820/811
f 445/819/810 305/820/811 446/821/812
f 446/821/812 305/820/811 304/822/813
f 446/821/812 304/822/813 303/823/814
f 446/821/812 303/823/814 447/824/815
f 447/824/815 303/823/814 302/825/816
f 447/824/815 302/825/816 448/826/817
f 448/826/817 302/825/816 301/827/818
f 448/826/817 301/827/818 449/828/819
f 449/828/819 301/827/818 300/829/820
f 449/828/819 300/829/820 450/830/821
f 450/830/821 300/829/820 299/831/822
f 450/830/821 299/831/822 451/832/823
f 451/832/823 299/831/822 298/833/824
f 451/832/823 298/833/824 452/798/789
f 452/798/789 298/833/824 297/796/787
f 464/834/825 345/835/826 413/836/827
f 413/836/827 345/835/826 401/837/828
f 413/836/827 401/837/828 400/838/829
f 464/834/825 463/839/830 345/835/826
f 345/835/826 463/839/830 368/840/831
f 345/835/826 368/840/831 352/841/832
f 352/841/832 368/840/831 357/842/833
f 352/841/832 357/842/833 356/843/834
f 463/839/830 462/844/835 368/840/831
f 368/840/831 462/844/835 461/845/836
f 368/840/831 461/845/836 457/846/837
f 457/846/837 461/845/836 460/847/838
f 457/846/837 460/847/838 458/848/839
f 458/848/839 460/847/838 459/849/840
f 367/850/841 366/851/842 368/840/831
f 368/840/831 366/851/842 357/842/833
f 366/851/842 365/852/843 357/842/833
f 357/842/833 365/852/843 364/853/844
f 357/842/833 364/853/844 358/854/845
f 358/854/845 364/853/844 363/855/846
f 358/854/845 363/855/846 359/856/847
f 359/856/847 363/855/846 362/857/848
f 359/856/847 362/857/848 360/858/849
f 360/858/849 362/857/848 361/859/850
f 352/841/832 356/843/834 353/860/851
f 353/860/851 356/843/834 355/861/852
f 353/860/851 355/861/852 354/862/853
f 352/841/832 351/863/854 345/835/826
f 345/835/826 351/863/854 350/864/855
f 345/835/826 350/864/855 346/865/856
f 346/865/856 350/864/855 349/866/857
f 346/865/856 349/866/857 347/867/858
f 347/867/858 349/866/857 348/868/859
f 345/835/826 402/869/860 401/837/828
f 413/836/827 400/838/829 393/870/861
f 393/870/861 400/838/829 399/871/862
f 393/870/861 399/871/862 398/872/863
f 393/870/861 398/872/863 394/873/864
f 394/873/864 398/872/863 397/874/865
f 394/873/864 397/874/865 395/875/866
f 395/875/866 397/874/865 396/876/867
f 434/877/868 423/878/869 393/870/861
f 393/870/861 423/878/869 422/879/870
f 393/870/861 422/879/870 421/880/871
f 423/878/869 434/877/868 424/881/872
f 424/881/872 434/877/868 433/882/873
f 424/881/872 433/882/873 425/883/874
f 425/883/874 433/882/873 432/884/875
f 425/883/874 432/884/875 426/885/876
f 426/885/876 432/884/875 431/886/877
f 426/885/876 431/886/877 427/887/878
f 427/887/878 431/886/877 430/888/879
f 427/887/878 430/888/879 428/889/880
f 428/889/880 430/888/879 429/890/881
f 421/880/871 420/891/882 393/870/861
f 393/870/861 420/891/882 413/836/827
f 420/891/882 419/892/883 413/836/827
f 413/836/827 419/892/883 418/893/884
f 413/836/827 418/893/884 414/894/885
f 414/894/885 418/893/884 417/895/886
f 414/894/885 417/895/886 415/896/887
f 415/896/887 417/895/886 416/897/888
# 472 vertices
# 897 texture params
# 888 normals
# 948 facets

# 1 groups
